"","beta.1.1","beta.2.1","beta.3.1","beta.4.1","beta.5.1","beta.6.1","beta.7.1","beta.8.1","beta.1.2","beta.2.2","beta.3.2","beta.4.2","beta.5.2","beta.6.2","beta.7.2","beta.8.2","sigma.1","sigma.2","sigma.3","sigma.4","sigma.5","sigma.6","sigma.7","sigma.8","lp__"
"1",-0.218677982600534,-0.216911361386065,-0.272392140081244,-0.186043012864027,-0.107746797113978,-0.0635077670564311,-0.0360651883349051,0.00117326536257373,1.00793090522658,1.01333528936247,1.03215638388583,1.01090585676686,0.992288725581484,0.990911447136488,0.993406638587941,0.996752965239277,0.213469598097465,0.195122830164386,0.171160723294164,0.151447147938416,0.132030492682888,0.0901895090628208,0.0598738211991,0.0165776046332779,35496.128961541
"2",-0.253266710118144,-0.203245438860411,-0.263711534077976,-0.164455779794557,-0.0996575625437855,-0.0763059431925567,-0.043120035206105,0.00167448174500076,1.01793947469868,1.01099054558421,1.03047391745124,1.00386782327787,0.989176128687409,0.995747448968509,0.995998711672573,0.996505848735296,0.221702537532932,0.196862585854331,0.1684044886733,0.151876807681587,0.130896673004748,0.091195262139777,0.0591869787441723,0.0164124167226678,35490.7378802257
"3",-0.241800300394309,-0.219623838140277,-0.233305590615363,-0.187988402844713,-0.129834395166327,-0.0796031099114695,-0.0308617114098814,0.00370299592259479,1.0153779054736,1.01575932575798,1.01857390944222,1.01067249461964,0.998530911123909,0.996297355239473,0.991168314548195,0.995839109715647,0.219647154366316,0.195169974029034,0.173708503743427,0.15036986908285,0.13495860755186,0.0916051252237819,0.0602631528052913,0.0163345351624432,35499.0250936857
"4",-0.2442800312076,-0.200185159531739,-0.231863917007154,-0.176713567603138,-0.110236694679575,-0.0886143898214429,-0.0427580899422843,0.00195863513498084,1.01651017410634,1.00938521967571,1.02071237912622,1.00693903151121,0.991471740487043,0.998789511998445,0.995277574872398,0.996734621642928,0.219521843356597,0.197049798904965,0.172266188072648,0.149581474216706,0.132275914442948,0.0894823068021188,0.061040674008282,0.0165293259108066,35494.8007565115
"5",-0.227782010011737,-0.217234575119573,-0.260930759683114,-0.18752203064313,-0.0948202937207262,-0.073676738309848,-0.0283243121058021,0.00221397677839336,1.01426754607281,1.0123760813124,1.0277203281934,1.00935251226329,0.988729367912413,0.994512203938578,0.990636703633686,0.996642351356088,0.217445178175043,0.202822763074083,0.17672927930399,0.152304741137512,0.132581211259552,0.091758884326589,0.0602359981533899,0.016224440847932,35489.6663739642
"6",-0.236759962727149,-0.231894638840478,-0.231435573656672,-0.190804738930345,-0.123529416698425,-0.0853883611417391,-0.0273352227415269,0.00158712049587977,1.01229439889621,1.01899999016793,1.01785126990349,1.01189639561296,0.996778407630846,0.997547916598878,0.991013362588265,0.996923816229352,0.216060809400055,0.198839703214852,0.172921706857798,0.152970404316878,0.131982763460551,0.0920513548183249,0.0594680950169418,0.0163136854547307,35497.2098359995
"7",-0.245242629346621,-0.215327531508961,-0.244076422770149,-0.167540428396298,-0.132014131164824,-0.0859878681007143,-0.0370881551659899,0.00344505092091438,1.018475963467,1.01380076008441,1.02254024115472,1.00613220399759,1.0003271188325,0.998353812895475,0.993916211725299,0.996349271060944,0.216683277495271,0.190233679707508,0.171271326388194,0.154025065804266,0.13273368017101,0.0889273373002671,0.0597899183428989,0.0165386681738369,35493.6701637315
"8",-0.236949541328706,-0.232432585604861,-0.237616540048359,-0.190196072042331,-0.114471103790306,-0.0696394751495776,-0.0284362227900311,0.00452230502722908,1.01439378244881,1.01977914655587,1.02256595617748,1.01094061553014,0.993920456736328,0.993550702680183,0.990845298914216,0.995828729309822,0.217456533158014,0.197026644607892,0.170895201119523,0.151632354701482,0.13825914412818,0.0916373261859334,0.0598411250892625,0.0163793584111196,35496.3600564542
"9",-0.224586492810464,-0.234816189438686,-0.242569559660849,-0.198450688860557,-0.129740307037148,-0.0662009352049099,-0.0361213929657565,0.00459761667252022,1.01225691955588,1.02066180670096,1.02310539724454,1.01409375551164,0.999607219936698,0.991660180447215,0.993733341486214,0.99564170039993,0.22026125314098,0.194635857276057,0.174495324698604,0.149662991839005,0.131193509779735,0.0890793562136104,0.0609290559307942,0.0165046400409997,35494.6067793659
"10",-0.235329159197609,-0.233336530047426,-0.259812260549224,-0.197754035610723,-0.121659451795412,-0.0737983036243296,-0.0297723060923804,4.63450814654022e-05,1.01270452160902,1.01933344223864,1.02585038041259,1.01388516349533,0.994986845542239,0.992724298390164,0.991146386421719,0.997089906986953,0.212750616302317,0.194958975499443,0.172253488272045,0.146729313209374,0.133941492474932,0.0934071729983373,0.0592236170178992,0.0162609090417228,35488.0876465197
"11",-0.229051019892641,-0.194468447139927,-0.235541616758382,-0.179253254427732,-0.0921154071180608,-0.0811312784211772,-0.0267038878778498,0.0046251226693018,1.01123612734378,1.00685811569513,1.02129335951217,1.00772550155722,0.986333428956376,0.996772293597828,0.989769850090389,0.995764630793482,0.214636265354525,0.196779293411542,0.170464945450928,0.148751720889077,0.133960468155011,0.0918180832435229,0.0617795645462184,0.0165117029586652,35493.3907390482
"12",-0.245939198684855,-0.233670945070461,-0.254178254024996,-0.166765405396127,-0.0964191195512892,-0.0797543078927396,-0.0380667861685412,0.000365371340980375,1.01562580598655,1.02031263654617,1.0246812075526,1.00366024016854,0.989395124947293,0.996324025869902,0.994250912843275,0.997064056063776,0.212520156351027,0.196493185801828,0.171458452802357,0.151396025776353,0.134082623962293,0.0893961608321592,0.0590338718825488,0.0169244653163455,35490.7471030331
"13",-0.211804708618861,-0.197492845702028,-0.247939739641514,-0.173821684272726,-0.0990414159862921,-0.0942831774010832,-0.0359920999942792,0.00309681304468566,1.00499135843359,1.01035936535974,1.0258326988683,1.00608201758452,0.988833550556145,1.00046378307534,0.993186631045294,0.996181719419127,0.216341735881151,0.196641559352176,0.167559509156056,0.150492391189039,0.134941072054996,0.0905618885284778,0.0595808255620596,0.0164955542577285,35493.7003556249
"14",-0.23811939532952,-0.235485269305175,-0.256345693730064,-0.188599159272348,-0.114083149106995,-0.0928990981130341,-0.0313095715150748,0.000119547353844931,1.0158746646726,1.02116841388633,1.02614674315184,1.01010395255977,0.995169951939201,1.00150946659474,0.991537753926969,0.997106252447567,0.218766846021605,0.194730189794587,0.172631400916217,0.150605876050218,0.134841719501598,0.0920720782453299,0.0603188538821728,0.0164152174449977,35496.216509479
"15",-0.266303167618715,-0.194995825748305,-0.251948202743838,-0.167187076717916,-0.124731384203527,-0.0776783700803916,-0.0278440586571675,0.000796026840867375,1.02448530889837,1.00609225940779,1.02781625449009,1.00238840413878,0.997074779804586,0.994489303065557,0.991080540348885,0.996987651392073,0.215379259843969,0.195089746290985,0.17011661613328,0.147888926925302,0.13168993254173,0.093173554281597,0.0594084039091727,0.016743782006148,35491.8465417098
"16",-0.225538158431033,-0.234560888033729,-0.261364634709812,-0.173816983684584,-0.1263051317105,-0.0896892971211112,-0.0388517596139765,0.0014152518693214,1.00832390936561,1.02005209182144,1.02581073494198,1.00671270385748,0.996829103190612,0.999587314376187,0.994007692967684,0.996928198872794,0.215644315285999,0.196349847532893,0.175579292001812,0.151514010600205,0.130450964776395,0.0913831311253866,0.0600093728694627,0.0167096443658697,35491.100838097
"17",-0.248120888719488,-0.224238476496448,-0.250609996166441,-0.220753369543459,-0.120907258627546,-0.0895505529464307,-0.0372423178067208,0.00418295122005009,1.01722459181106,1.01623597250096,1.02595459976588,1.02272156096027,0.996506339786994,1.00036802102037,0.993299958897537,0.996235460496226,0.221475362588184,0.191507053864232,0.170065700185697,0.150242668936159,0.135526533628338,0.0912186841561854,0.0604037985621538,0.0162696093983141,35488.3456134744
"18",-0.275634960346185,-0.211896140203334,-0.259292509203134,-0.181774722300661,-0.128014251782499,-0.0925896825209178,-0.0368937415671036,0.00148787948215498,1.02766458670133,1.0137300697368,1.02714637860719,1.01038513322528,0.999413849292281,1.00077817665907,0.993864225520397,0.99677963821303,0.217814809605381,0.196747124910943,0.172119319269371,0.153455252565828,0.136263041075982,0.0907162973886854,0.0599734352129609,0.0162884522687975,35496.969407178
"19",-0.2276803329004,-0.215280526051562,-0.229971195606093,-0.187233583392241,-0.136858424453934,-0.0860613660929719,-0.0324473714108206,0.00357438218467865,1.01312497205354,1.01375627563902,1.01954373946485,1.01192013727225,1.00157477205419,0.99814743336432,0.991709522689197,0.996063972657868,0.219453729921325,0.196718485366733,0.170479143720675,0.149116985090387,0.131739087311314,0.0923363352523705,0.0585568912656477,0.0163309750514777,35497.0262319527
"20",-0.233389474136508,-0.218840230469223,-0.249319651577954,-0.189674240283985,-0.151949942886414,-0.0761759688417341,-0.0491135135792088,0.0013740427522245,1.0164201029866,1.01480312375155,1.02497005520549,1.01251110548524,1.00706583790998,0.994780650256124,0.998356426016185,0.9969250655834,0.218877292089916,0.192236821617052,0.168348643326953,0.149130481213609,0.129944817750204,0.0921063535593157,0.0593730882360928,0.0158860767695997,35485.0111547778
"21",-0.271768249026776,-0.255158504500762,-0.262901653631684,-0.212843033284488,-0.0965964324403434,-0.0885421763835466,-0.0285526652968684,0.00150893292056195,1.02440860962542,1.02730550566356,1.02886110792003,1.01997323246039,0.988288335891516,0.99858983006222,0.990697267451949,0.996837798078679,0.220797274676848,0.194401141759743,0.172659662851063,0.148043216315052,0.13239971097225,0.0925751411835479,0.0616340498224981,0.016144835777528,35490.2809825533
"22",-0.222622188666874,-0.22276298022235,-0.241456328469904,-0.182674566846939,-0.11890679887686,-0.065373391400043,-0.0260912472130337,0.00192387061421533,1.01002669646711,1.01853877823593,1.02293938665409,1.01142263757418,0.995143777368501,0.991409341651169,0.989261576539794,0.996637816507364,0.222933522272915,0.19476056208878,0.170922087326436,0.153658687463371,0.136671734845599,0.0896187015443844,0.0620351628453706,0.0159501892629407,35487.6397625992
"23",-0.234898516211281,-0.247527020609768,-0.257252224471575,-0.171120662170105,-0.115806480305574,-0.0744736897633396,-0.0352810617747409,0.00219085398040292,1.01349371552091,1.02627328992639,1.02679714005077,1.00517927273171,0.995209354411101,0.994577099823497,0.993319718633055,0.996640984709861,0.219541525381104,0.195077790952968,0.178546545738963,0.151379521005613,0.134314105134872,0.0916374567363816,0.0601668067583788,0.0167064020023923,35496.4893660174
"24",-0.210914999765856,-0.195494325447207,-0.250048571384634,-0.186911978940444,-0.14053960569019,-0.0850599243067143,-0.0311935591053438,0.00412616124963158,1.0040429974804,1.00745356930122,1.02632545168446,1.01028570457062,1.00463533395567,0.997663362198986,0.992370480162241,0.995936514219591,0.217075467076755,0.197237790590423,0.174522103125752,0.151753116034837,0.1337843192298,0.0908530653315799,0.0602187075013106,0.0163081278229485,35495.4499725284
"25",-0.288184047406513,-0.229351126828018,-0.25385393574939,-0.172236700580186,-0.118112952724,-0.0663499895252468,-0.0310617857077299,0.0011711431073641,1.03113834324685,1.01906753971048,1.02549691760478,1.00539627942318,0.996276228826824,0.99246302683362,0.991906157717942,0.997045594080415,0.218997346148026,0.189679270124351,0.167400002751145,0.153055129158401,0.135481322005467,0.092487001112841,0.0591162575558749,0.0164959706475288,35491.6792968001
"26",-0.21765265139894,-0.231641442719443,-0.242764653790945,-0.163943806604453,-0.126590670664759,-0.0832323270051679,-0.0297099502261833,0.00288289439284484,1.00826227045773,1.02157894580368,1.02231645701168,1.00259619100769,0.999066710942908,0.99659181873032,0.991576817778814,0.996422336525891,0.219000532070555,0.194541776511415,0.172722155042055,0.151367357672256,0.132000630292351,0.0914728303934311,0.0601554041852772,0.016686918784322,35498.2703298613
"27",-0.229445088861938,-0.19242439205794,-0.253028175010635,-0.170352198017203,-0.128573585245611,-0.0664444793181391,-0.029975055972044,0.00146066466729024,1.01329796690423,1.00829320267435,1.02584719632849,1.00647425217134,0.997470962945766,0.991493719518459,0.991677552575764,0.996869020587974,0.216246662494938,0.201415601569423,0.170574581240766,0.147574475331995,0.133776754581037,0.0924942720093776,0.0611327329118877,0.0165430928708947,35492.7656022083
"28",-0.275655068425657,-0.193318887306652,-0.243730391884265,-0.195506896818814,-0.128586360210502,-0.074761694515938,-0.0338437034065819,0.00343508361303969,1.02834027918071,1.00557607996546,1.0232234681828,1.01275554406428,1.00023819590511,0.993962708290761,0.992973723061465,0.996140134885681,0.220154027214056,0.196017900711055,0.172935589921185,0.148124225566553,0.132782355409258,0.0914488269460224,0.0600964132951101,0.0165223313591966,35497.2011357934
"29",-0.245379500936749,-0.202341036097932,-0.254545391912342,-0.192979686308907,-0.126042071412431,-0.0717243082425177,-0.0305683130080939,0.00356737181394046,1.01489632294841,1.00962741939714,1.0243302938572,1.01232966696595,0.997238406521917,0.993489673044303,0.991452758750841,0.996217995911176,0.21687998715233,0.19516202871417,0.170861837304343,0.151674140671707,0.132415320345947,0.0925341274694739,0.0604284445741105,0.0162157672803811,35496.7802499625
"30",-0.239594252734567,-0.205092722525563,-0.242552398838686,-0.189475064786041,-0.115649716486137,-0.0942469279298979,-0.0327528268105413,0.00312888576972989,1.01418172636217,1.01136231420977,1.02099039379339,1.01039931069969,0.995091616648387,1.00054871130606,0.991793856102014,0.996594033285651,0.220526223353711,0.192670545648082,0.174346887374983,0.151773102244685,0.135006940734165,0.091086741565954,0.0600414566880658,0.0163117670452099,35492.5951498027
"31",-0.245067764469922,-0.222081835395894,-0.259708877891539,-0.192603200772444,-0.11544355863546,-0.0879230847138997,-0.0354377633680281,0.00165190827327922,1.0159217843385,1.01694160634463,1.02938518573513,1.0114035687591,0.995185811001704,0.998167255903824,0.993522628822029,0.99666635651639,0.218741749395792,0.196467710174604,0.173477173817354,0.147922546732284,0.1358098174787,0.09192010761363,0.059748503594408,0.0163892706001516,35498.4559691586
"32",-0.232014091482147,-0.205130745678765,-0.262124128858677,-0.203167600331375,-0.135073922740271,-0.0713164920508121,-0.0327483482796664,0.000136023951694778,1.01464690793694,1.01275997178114,1.02855326064629,1.01703518386321,1.00062830534534,0.992487755160405,0.99237929613333,0.997348410692484,0.215499077688769,0.192856377892924,0.170553982170754,0.15209256845616,0.135943811017605,0.0907626737687808,0.0596973584215607,0.0163629853508852,35495.697027196
"33",-0.20074149783666,-0.206928198500005,-0.23335860108994,-0.175592045460048,-0.133557639641216,-0.075686712451582,-0.0353464971518392,0.00306339884446189,1.00236995975123,1.01008849383854,1.0185781104431,1.00639520478735,1.00108067198347,0.995693679950062,0.993228795208607,0.996186023065101,0.214942582115827,0.194724757709925,0.174319458587342,0.146072377594439,0.135501226107466,0.0935265911351881,0.0616133320730668,0.0164669289352769,35491.2204608266
"34",-0.22964152874393,-0.17168798192934,-0.264987250469855,-0.163966593220923,-0.123656374611335,-0.0826840034439643,-0.0309533992187994,0.00278021710041245,1.01028672496789,1.00000000608011,1.03027528315847,1.00315839474821,0.99760004579783,0.998081636326939,0.991881686977392,0.996359567147206,0.215679972689787,0.196484366282885,0.172177026518292,0.150052548978449,0.131301090803327,0.0925661965887268,0.0597910852707316,0.016247508215036,35495.7667013502
"35",-0.238577206629206,-0.206146558403454,-0.259473186928231,-0.187086962539443,-0.134491166564521,-0.0816799979636023,-0.0323753067060901,0.00340676050581517,1.01685231778058,1.01090357123177,1.02753986230834,1.01155855107364,1.00054106927286,0.997595276646323,0.992632092423049,0.996364133948672,0.220050609791846,0.195127546858121,0.171363008789609,0.152131492584586,0.131070666388343,0.0910980204364681,0.0604069877311062,0.0160637012937295,35495.8340163619
"36",-0.261330433459042,-0.245452367893566,-0.275114668828391,-0.153115669756577,-0.121374326664315,-0.0818066333957143,-0.0368866815125018,0.00157344967703365,1.01968447873835,1.02437933973427,1.03337456401406,0.999947807602314,0.996329485440446,0.997162467210626,0.99361623920752,0.996854656479413,0.216213454027028,0.194396339054162,0.176010081978983,0.150768369808091,0.134097167370533,0.0905286002848921,0.0598454192587114,0.0163454076219308,35495.2912354845
"37",-0.211912094856166,-0.210955677527923,-0.239355372299729,-0.184776137145274,-0.119791577459718,-0.0621397927383288,-0.0320285340158067,0.00315686493666104,1.00553438663331,1.01089573135542,1.02096410925766,1.00920323906252,0.996563011309271,0.989918792704094,0.991856657408247,0.99614917294967,0.216096985891194,0.193466343285008,0.172061863115784,0.150630019119502,0.134889414132266,0.0897597414722464,0.0595808632709953,0.0165745213416961,35497.5239697536
"38",-0.292277195336506,-0.226073276773023,-0.233946326824315,-0.166283648097378,-0.121873516189139,-0.0667168336505704,-0.030285157468013,-0.000250624784252326,1.03371563482791,1.01718295085528,1.01912718008451,1.00374133554079,0.995942368617923,0.990755895996759,0.991160762698466,0.997530480298848,0.218648544125118,0.189533250342908,0.168588036444408,0.150290203509215,0.135690070603161,0.0918605650870702,0.0588323487362147,0.0164771025251925,35490.4115028986
"39",-0.268123881534238,-0.215353989286462,-0.263196996542078,-0.195876327745909,-0.127315301567616,-0.0697874486656779,-0.0271935605239934,0.00198409081820543,1.02713425946187,1.01434491946905,1.02895855631319,1.01439727233259,0.997910881880355,0.992744991046633,0.99045849447976,0.996544078008226,0.217952190169055,0.193553300402801,0.18079813551428,0.15120286578072,0.134596614040829,0.0905553942416536,0.0607267096200389,0.0164248222588684,35492.6783618927
"40",-0.248984316132311,-0.244957984045381,-0.250215691981052,-0.186379627438327,-0.117491238748277,-0.0805026563272639,-0.0328982774764488,0.00478095046430453,1.01895714000113,1.02356163455006,1.02533353967104,1.01055020732137,0.995043892586841,0.995810864981279,0.992220153461292,0.995656931904269,0.217153484418533,0.193950192080653,0.171686596374675,0.148232756626021,0.131145863246375,0.0931719592959803,0.059524211590743,0.0162648325857362,35497.9959118781
"41",-0.195802758773404,-0.240087744022034,-0.222995802043344,-0.19163535628602,-0.141579109103687,-0.081847746878986,-0.0304694847796131,0.00222997324642705,1.0007108407577,1.0240623002004,1.01777774335896,1.01122221859253,1.00224682804419,0.995977109430775,0.991582465713116,0.996602846933094,0.21601071645739,0.196049079681085,0.174062430523731,0.150659051856273,0.133620619366748,0.0894440822192165,0.0612267100817653,0.0164764963706638,35492.940227769
"42",-0.250877573587146,-0.220780596520947,-0.253402027033816,-0.171338749005152,-0.114770148392977,-0.0727598404656482,-0.0287099112396614,0.00489636750520925,1.0190939411933,1.01626653880107,1.02384107957979,1.00440056189644,0.994742300012709,0.992581986671341,0.99094182953698,0.995596457653472,0.219370771647446,0.195584261521125,0.172987041086705,0.149735339901859,0.138467237740016,0.0917247292194195,0.0595173038270565,0.0163248758130214,35493.5544464308
"43",-0.241422967869109,-0.212301681451369,-0.261058461253182,-0.182619868982337,-0.115483372663593,-0.0898658216044653,-0.0318032185302146,0.00273204174836423,1.01351517900655,1.01254987212937,1.02772040988394,1.00991813740399,0.995474493044461,0.999745069892288,0.991379965951388,0.996455744560375,0.216052094043414,0.1950500634017,0.168075212558481,0.145626388693049,0.133231134644997,0.0922486100946445,0.0596331172683086,0.0161259498076996,35493.4247441267
"44",-0.25098894585367,-0.21130980454601,-0.232761331872469,-0.194773706577042,-0.112739317466874,-0.0747883634245175,-0.0405602528833705,0.00340552315611175,1.02052065382463,1.0131369320674,1.01938798601386,1.01300142431068,0.993257452374027,0.994241553361041,0.994870263539453,0.996006481204986,0.220227399154402,0.1927702066135,0.170052087158878,0.151845394648713,0.134986232395684,0.0899810617983928,0.0597316081502392,0.0165272598559203,35498.1241230476
"45",-0.263993409163511,-0.25020378484829,-0.278370482266032,-0.157517805642684,-0.134937588708419,-0.0852184928064234,-0.0300215500155929,0.00162709769275045,1.02067328963861,1.02446171200783,1.03443117500414,1.00169335537089,1.00060508003627,0.99791271229604,0.991187669696129,0.996794009596331,0.223529115130467,0.19472719493959,0.173800807475919,0.148215876975037,0.133043256736174,0.0906960067912624,0.0598357769989215,0.0162916224225372,35493.8125888736
"46",-0.196498486110721,-0.183325455193884,-0.261635312951194,-0.159221248766098,-0.121612098625854,-0.0885217656615204,-0.0361234120423916,0.00253647501896965,1.00381816672394,1.00444009712965,1.02801632371788,1.00283600224849,0.99618470478795,0.999397106144056,0.99325536128594,0.996465720311162,0.218423409535181,0.196148308222864,0.173131069477016,0.150983433596725,0.134014235298818,0.0923800378703387,0.0621123522912929,0.0160233010140222,35490.2498077796
"47",-0.232799406725116,-0.204860045402639,-0.242053725990543,-0.186295780337403,-0.133316564838925,-0.0758884216883502,-0.0348590059007485,0.00179622751252418,1.01306792561445,1.01143046232809,1.02469814855572,1.01022597519186,1.00020430680321,0.99404860520861,0.992850142588655,0.996757988325643,0.21490295661133,0.195026213028105,0.174758502464278,0.150451883664627,0.135309125615664,0.093347905617805,0.0616629876804182,0.0164981831112307,35495.8660107503
"48",-0.220950989224802,-0.224811131569604,-0.241587344140954,-0.191357530009748,-0.114546111688052,-0.0835824717532819,-0.0302097694565296,0.00124334786434363,1.01074908348765,1.01967697503212,1.02097289261501,1.0118472819771,0.994929960764004,0.997757022923905,0.991837012582429,0.996931771982977,0.218053593107501,0.194147684541602,0.17177260219931,0.153417490461802,0.130851645613128,0.0931997671091567,0.0609916093807558,0.0162786237177693,35495.1686372649
"49",-0.234273337041018,-0.203115994839031,-0.228277693798074,-0.173117274896693,-0.119422728367204,-0.0708705705574743,-0.0262499521755943,-0.0003456649323446,1.01726849015209,1.00732628555439,1.01746199080656,1.00524590062671,0.995697506107304,0.992529858479582,0.990116306682627,0.997530036134959,0.213456562748467,0.192390347777442,0.171635296848363,0.154548636711238,0.136078681440084,0.0911094274362707,0.059438095916061,0.0162926446638189,35490.3633061885
"50",-0.246793717414971,-0.221403722001068,-0.254754648690638,-0.172532474016613,-0.115734371645937,-0.0808083657509908,-0.0218146381423834,0.000275203014468782,1.01599455341408,1.01631908903826,1.02682885450414,1.005927583676,0.992959280622935,0.996775184234333,0.988937966779777,0.99730038378071,0.215665502441121,0.189988169008531,0.169175676562514,0.15162433380289,0.131573793535679,0.091523603466802,0.0596645204031032,0.0163855179343928,35494.9123098241
"51",-0.196188069250935,-0.201062616252566,-0.234750755931437,-0.191205262996468,-0.148987633491268,-0.0813716326838747,-0.0285438897993545,0.00219110386114635,0.999819658508055,1.00916597304606,1.01986528982655,1.01403015749311,1.00614613568844,0.996280086178961,0.991157529060291,0.996441007403389,0.223232106509576,0.189329256185202,0.173184653616841,0.153022624665947,0.134995623238878,0.0904895412726147,0.0611653858168011,0.0166259397925712,35490.0177412983
"52",-0.220329785989594,-0.212551243819006,-0.27795863298559,-0.178641180827311,-0.104367861914648,-0.0797112482679149,-0.0289983195735376,-0.000916771903284714,1.00970235355952,1.01366895228168,1.03380197154483,1.00886378755099,0.990440095138881,0.996802375568389,0.991092512521758,0.99785644996804,0.218826738207736,0.200366264911651,0.170129965756381,0.148972780130643,0.132724542863398,0.091789358655328,0.0606910263798596,0.0164622924739638,35493.4416217336
"53",-0.258653565720696,-0.246580713644581,-0.215798680778127,-0.159597983454991,-0.115249808273383,-0.0845586051743925,-0.0382555977050222,0.00253052519732631,1.0219087134245,1.02485015548068,1.01626378615379,1.00204841505527,0.995206915169106,0.996985744599116,0.993320588670939,0.996763285698361,0.220046064885592,0.200004024228967,0.17647085363827,0.153054819980179,0.13684225098548,0.0913604765928039,0.059249772171881,0.0166293383131152,35484.8841420708
"54",-0.233643016539389,-0.22968770495567,-0.249040222438852,-0.196790676406333,-0.128086863866175,-0.0728631913660997,-0.0287598082065303,0.00313302672726077,1.01320612040039,1.01619647774047,1.02477535190143,1.01313297421481,0.998590546854991,0.994592507154399,0.990581745946367,0.996103092971949,0.216519978379055,0.192493815933516,0.172635291091362,0.155945142798649,0.135367731995952,0.0937588855362293,0.0602793180805663,0.0165048835119131,35493.2809543058
"55",-0.222667141603425,-0.226070306899544,-0.259206851438726,-0.187365653618821,-0.111487158216177,-0.0728600789048808,-0.0293140700556766,0.0011775157112954,1.00885004622308,1.01790946602316,1.02884910142978,1.01159631366708,0.993512155221352,0.993895399734755,0.991509393286852,0.996819127977315,0.2175528970448,0.200423374017111,0.169139702352749,0.152992274873566,0.133595238693198,0.0903870728280896,0.0594345200374448,0.0166032944789756,35498.343013336
"56",-0.221517613025529,-0.226273062877599,-0.222675246554832,-0.197128040134735,-0.120430370018267,-0.0763783070821258,-0.0297368756539173,0.00138194809256817,1.00873789947081,1.01852734948946,1.01349112148796,1.012771889158,0.995983664818037,0.995706735676552,0.991206943380243,0.99700355269989,0.220490610644322,0.194574176043719,0.173520105182392,0.151635279210525,0.132424529113383,0.0898248124673229,0.0605412041207099,0.0160926777851449,35493.9280865663
"57",-0.217020270765982,-0.187658502849844,-0.248384259462566,-0.169814695790803,-0.156085997896738,-0.0738766172301883,-0.0408301347385256,0.00230455355664035,1.00671094542396,1.00333075058646,1.02474546176791,1.00339494353816,1.00831072785318,0.993284721169068,0.995138034178805,0.996553337840045,0.213380533318715,0.200008274331879,0.172098649668672,0.152719033663636,0.134697827666209,0.0920682288318936,0.060169827776491,0.01623577168398,35490.4670332459
"58",-0.274071848218821,-0.208711035710479,-0.227277789882375,-0.185721959298093,-0.10313348992466,-0.0728067208265134,-0.04096206942321,0.00180529043782257,1.02813015290244,1.01049975003279,1.01891438848804,1.01092974245603,0.990608983101019,0.994654665800688,0.995054056352533,0.997000223599043,0.217568854460338,0.197836957045189,0.173403430871858,0.153994071906537,0.134402079327317,0.0911680308972307,0.0596469061494071,0.0168622354627666,35490.0688130643
"59",-0.284437838068094,-0.239501836604187,-0.232604704899443,-0.190152462504867,-0.133112730057677,-0.0760714998838972,-0.0292493571823028,0.0041382616305085,1.02984475008693,1.02256331042897,1.01906172210579,1.01192559301215,0.99904114920191,0.995578876895641,0.991685535518641,0.995852081549105,0.217407077946067,0.190140725763578,0.170193264161877,0.148310745732009,0.131256584106079,0.0893651164056159,0.0605951897300063,0.0166241073090764,35491.104278395
"60",-0.229688372978634,-0.190037219987347,-0.287449694491282,-0.165355119856546,-0.140784963809167,-0.0748593115790069,-0.035269177851711,0.00177333388348903,1.01191551356311,1.00710003133974,1.03679521257981,1.00300278774791,1.00373555454373,0.994252843299067,0.99338417945446,0.996865250895359,0.218236561323192,0.195692160409607,0.171672880779736,0.148431068736065,0.13204975605123,0.0912755802048477,0.0614103366993449,0.0163516976950936,35493.7097121128
"61",-0.279847797323522,-0.223746378451495,-0.231561390316399,-0.179797534492618,-0.114961332726769,-0.0834811642199026,-0.0331093252994816,0.000986766534258566,1.02978950068601,1.01818768453153,1.01894473989374,1.00721683491783,0.994791596177172,0.997464290869771,0.993413643446451,0.9969228901179,0.219843551505501,0.198255240971065,0.174881137414837,0.150164887238979,0.132758018111998,0.090333604441101,0.0612107758735489,0.0165111484674821,35494.2719644727
"62",-0.233072123973337,-0.237299988220417,-0.245660204853976,-0.199799932549589,-0.117826848844659,-0.0871940542398778,-0.0267516015904405,0.00185702134277965,1.01211427573143,1.01939326846241,1.02517898056121,1.01462676948136,0.994982228810057,0.999021008022091,0.989539921012967,0.996794448546406,0.218613252428262,0.197228385353019,0.175692741278846,0.149447470192681,0.13416877887935,0.0906500624204596,0.0594900964969657,0.0169239379456588,35494.1256994171
"63",-0.221037447139029,-0.239065398270901,-0.251301152862616,-0.167356927685219,-0.138994383350514,-0.0870241371549373,-0.0361426504010573,0.00309827233153784,1.01075768192379,1.02114259085542,1.02622000271567,1.00556413987567,1.00266495592393,0.999137249982448,0.993258169268688,0.996271025687683,0.219456925906192,0.19844700302891,0.169365367696805,0.154950152161572,0.133655631215463,0.0925184442697111,0.0602359069945369,0.0165209417785627,35495.6285784209
"64",-0.22133325901167,-0.211729340445319,-0.248829811962304,-0.197252435795636,-0.13523148093214,-0.078896469116976,-0.0304159461290769,0.00178339617832843,1.00944940504899,1.01282613741232,1.02555577196953,1.0147798606436,1.00152710475507,0.995969330449776,0.991375199123605,0.996777294321709,0.221156070033259,0.194190846802007,0.170960974350526,0.152458719106393,0.135577523586108,0.0914889739815734,0.0586851162530171,0.0162369602496705,35499.8549654517
"65",-0.244610094121065,-0.200999507398327,-0.257969131257296,-0.183294340229621,-0.117708271368121,-0.0824899735658911,-0.0322470456788367,0.00268307587274692,1.01738398882732,1.00944340738677,1.02762751111333,1.00818938939794,0.995954686272013,0.99728793515873,0.992371084463947,0.996316639249175,0.218005719884039,0.193512585495945,0.16879073981216,0.1525223094819,0.132948334095346,0.0909420547042347,0.0597073052579963,0.0163872393089873,35500.7664818431
"66",-0.222629343096949,-0.218416598212452,-0.250822330155475,-0.182775426875881,-0.117934377451642,-0.0879328717389504,-0.0363539784917738,0.0021853585912574,1.00739615687111,1.01153795490571,1.02624487394808,1.00845682825188,0.996281727558837,0.999481948928401,0.99363344672896,0.99666191315991,0.215502746866702,0.198801462204672,0.172990631708546,0.149518682145301,0.136195910289099,0.0894977339906544,0.0580225596380385,0.0164112521989692,35491.2033086774
"67",-0.261074935666408,-0.199988619956832,-0.258895401359774,-0.171829650243281,-0.120801391262278,-0.0708471115130932,-0.0278275097756836,0.00337979358893239,1.0221532768365,1.00902016221852,1.0268746960496,1.00511120960715,0.99662328424129,0.993385626082517,0.990846754866008,0.996167157901707,0.218379992099909,0.197999136432609,0.171909041088245,0.15264513078808,0.133443868555017,0.0927379871827859,0.0601069042493322,0.0162899484980686,35499.4849921673
"68",-0.201066592604699,-0.24917740729217,-0.232270822181916,-0.186391911010548,-0.124713041643705,-0.0720682047775029,-0.0326011295817927,0.00116454389550993,1.00362394125434,1.02392586364723,1.01804982022665,1.01117401150137,0.997365519948804,0.993900321582075,0.992336706623562,0.996984700968834,0.215961319511102,0.194258149000789,0.169195662498938,0.153177400658978,0.134139226429098,0.0895031111879971,0.0593825054542077,0.0167065410883935,35495.6068460829
"69",-0.251267845523222,-0.212234218259489,-0.229729289773872,-0.173299420185677,-0.109982057784905,-0.0763328800036446,-0.0285699453094359,0.000329064563907159,1.02334604439644,1.01291502578899,1.01955213341299,1.00578719198854,0.992544330445843,0.993911448685675,0.991916091800526,0.997439609733021,0.219248536477457,0.1948040618346,0.171288511987689,0.150025049568324,0.132946629026043,0.0907207578547091,0.0602632704469545,0.0169449547699289,35488.9301812852
"70",-0.246866108567418,-0.236386357434728,-0.283473152340878,-0.186684435838671,-0.10015759041271,-0.085407828712648,-0.0304098697332147,0.00345830743949395,1.0168257340367,1.0225177648322,1.03626862214058,1.01050874959248,0.989189482010183,0.997734967024489,0.992766856594237,0.996172264466054,0.216949085080257,0.191527034483796,0.174101154669123,0.151028549268146,0.133792252968862,0.0905392188733666,0.0599308118657233,0.0167930251308791,35491.6234325954
"71",-0.245128748540015,-0.203163803929988,-0.248055544441253,-0.201582475962967,-0.133186760958205,-0.0808121468108923,-0.0353408467310756,0.00232899297400662,1.01778954676705,1.01083943347532,1.02426821532286,1.0156628708398,0.999585031377896,0.99724804386278,0.993327554110099,0.99660828582606,0.211003917064769,0.197368845577935,0.17312395214736,0.157122182993809,0.132875727168495,0.09266680333616,0.062544661388002,0.0159147267643121,35486.1227109585
"72",-0.254009347648913,-0.214957129076752,-0.254716277859427,-0.174123989870166,-0.130242329611535,-0.0790231582269777,-0.0338989477285053,-0.000102718151455094,1.02016893124805,1.01306959443724,1.02520856715175,1.00739776926786,0.999258923461841,0.995847242161303,0.99295139186235,0.997320703772053,0.216052495279798,0.196275974238911,0.173498070650361,0.149192866871242,0.131388269973387,0.0914597062650966,0.0612853077331903,0.0163859504746412,35498.0662918209
"73",-0.230317880618236,-0.215387040686182,-0.252537477514864,-0.1905137047076,-0.131073075549128,-0.0736716267036329,-0.0275379572305112,0.00153913465809325,1.0133436018538,1.01505301589783,1.02594121594571,1.01220886900426,0.999511299414634,0.994261847763265,0.990806528131999,0.996746069645969,0.220548907704586,0.191670034309619,0.173914850338009,0.155979715396404,0.132855569237488,0.0919625257814589,0.0589250214006913,0.0158622099987121,35494.5271493319
"74",-0.275438533417429,-0.220160458924474,-0.230096480188606,-0.212969841876528,-0.106960480166189,-0.0736508100654025,-0.0346979232357113,0.00266331276433741,1.02582513630301,1.01643443625715,1.01775153032952,1.01788233469709,0.991498404692133,0.994085329148154,0.993333348816434,0.996453063817103,0.219223196605236,0.197521714261467,0.175165404388088,0.15247655755865,0.134553891226034,0.0886539036294271,0.061401773439374,0.0160959643570465,35491.0791543889
"75",-0.250146790374477,-0.197674228532297,-0.270078509453511,-0.182766230525759,-0.122630308464581,-0.0820711255455305,-0.0194136464492827,0.00291470621415905,1.01980825604623,1.00954309085183,1.03143902348724,1.01056587813933,0.99673616267795,0.997302665417833,0.987920457360296,0.996296769295055,0.216390483310815,0.195920049037474,0.175093124184622,0.15097375198938,0.131503388173636,0.0933433388417659,0.0612985160430798,0.016482047453253,35494.496166977
"76",-0.312217923250992,-0.245650411662575,-0.262022965806109,-0.180451011253349,-0.149896009013233,-0.0771438344275284,-0.0416947544182459,0.00203320642137691,1.03736221345123,1.02370948028535,1.02916634948751,1.00813830260947,1.00516467144055,0.997020297387583,0.995414686477746,0.996482192985939,0.22248344871128,0.197282085920943,0.171744349859543,0.151518890383645,0.137918271059229,0.0923946642859749,0.060295847547397,0.0164759191462925,35483.8297633743
"77",-0.241112023549169,-0.235721946135276,-0.26502464168427,-0.191335324034574,-0.118453717010702,-0.0819001910321043,-0.0308065109319821,-0.000366297205996935,1.01556218570878,1.01956150059201,1.02941251488802,1.01137900986711,0.995036991798263,0.997117955341153,0.99176263238731,0.997323917236261,0.220525276995944,0.200279850807971,0.173222795938194,0.15071711979424,0.133521029496615,0.0919115275109214,0.0598463864479596,0.0160091550955651,35496.6108558845
"78",-0.196263734433278,-0.210364948427878,-0.266178193482219,-0.188759462579191,-0.098771612595388,-0.0888868841993882,-0.0240626007653161,0.00357522708382382,1.00235935844236,1.01235233812818,1.03183055495077,1.0102137777845,0.988128267954212,0.999311250945397,0.989169946071618,0.996102425039975,0.217945821939395,0.194993953343694,0.179637853612881,0.153841036637425,0.135553757374238,0.0908776018750775,0.0606582815013708,0.0164035312293636,35490.1251349134
"79",-0.218972410024461,-0.243019556802852,-0.275311998107694,-0.201089815802102,-0.108115648291626,-0.0730094509984433,-0.0433859368152941,0.00192664255703615,1.00889409235883,1.02438546365002,1.03271481264536,1.01558838049256,0.992253874692292,0.994227674527403,0.995724615313699,0.996777015721234,0.219481602694787,0.196429192562851,0.173976885855784,0.149494498590812,0.137247134756648,0.0914821011738424,0.0603978600673309,0.0164668046623433,35494.3066937896
"80",-0.259512360262982,-0.210079028776451,-0.232194811687984,-0.191721693154692,-0.106161543007156,-0.0775977916448095,-0.0384857284235704,0.00450554922192487,1.02195234615987,1.01225141912299,1.01729713958337,1.01250859545236,0.991588344131909,0.99490161928279,0.994322158373609,0.995708999187412,0.218623592931964,0.196686821541714,0.170827566538633,0.152640061472681,0.135765866185386,0.092281074188214,0.0599329782183992,0.0161760924514433,35496.4471593412
"81",-0.276231209179558,-0.239022086285914,-0.239181930504614,-0.180952197057783,-0.140468872558097,-0.0814384687736828,-0.0208320837936054,0.00421683523185877,1.03001044606781,1.02137935638951,1.02077849444073,1.00947470128765,1.00318121191508,0.997389906165749,0.987529660094411,0.996063697082313,0.220272330992462,0.198995551996528,0.173194712904169,0.147754841346109,0.133542627576505,0.0932301665364552,0.0591576711520759,0.0167044609970915,35487.7566444485
"82",-0.218148001727982,-0.232389092210871,-0.234280015962422,-0.200896258845084,-0.109513464358914,-0.0750647945770867,-0.0332026616362252,0.00389935044642866,1.0044127776153,1.01913976245357,1.0213765850828,1.01542850278971,0.992310517636285,0.993980897656725,0.993193629486226,0.995869152795125,0.217473027987579,0.19854065110005,0.171413879353127,0.151617371736107,0.133214425797809,0.0909616149442943,0.0605687120673414,0.0168983387459776,35491.669000567
"83",-0.259283416484181,-0.215221133212117,-0.271563904805195,-0.15731792066635,-0.0994892881977534,-0.0773316451688762,-0.029760461595929,0.00520122377700231,1.02146364888908,1.01402596563155,1.03381992855946,1.0010643917322,0.989523713941862,0.994549874134164,0.991306345878155,0.995327859479358,0.222736725773741,0.189901445596652,0.174429952593132,0.149351223402872,0.132235818604202,0.0916502059514874,0.0602717193858273,0.0165035767305013,35490.4881040349
"84",-0.240096320480038,-0.207858147622063,-0.243104206213209,-0.191069057247107,-0.112173586539154,-0.0915781703520147,-0.0289221059301072,0.000948196989725508,1.0144401699848,1.01289080071037,1.02254426592368,1.01186425996859,0.992426044641371,1.00131189759718,0.990909778390304,0.996874512696253,0.216787028376013,0.196357370932833,0.171534775311916,0.15356177518548,0.135076253895713,0.0907436060037268,0.0608869175543814,0.0166031303020356,35495.9806469623
"85",-0.246339478637855,-0.223229771526889,-0.249896935161311,-0.181227171212372,-0.109050496978726,-0.0857774565604492,-0.0323835983702557,0.00242194380039513,1.01648981968551,1.01463646267495,1.02563845932392,1.01050931956117,0.992694190058308,0.997406868598947,0.991779049619762,0.996680514713422,0.219208273436479,0.19646816108683,0.173632029920196,0.148833625378518,0.134027124844478,0.0883283303709167,0.0592872354765381,0.0169222260475586,35492.422671564
"86",-0.293412846913814,-0.217329226870993,-0.227186296582837,-0.1724806880399,-0.130050954084813,-0.0768384451091854,-0.0249045003196141,9.58972822998896e-05,1.03431025217709,1.01515307610233,1.01902013635885,1.00642164547458,0.999979831770503,0.994035684916481,0.989112650143967,0.997325268036378,0.216179236517649,0.196585551778794,0.172588999699976,0.152045614358122,0.131372504481995,0.090383739007058,0.0604035980227347,0.0163483854835139,35492.9291858182
"87",-0.262625409682007,-0.199548834353797,-0.288290465198045,-0.192339364687418,-0.115845507371209,-0.0815878772076075,-0.0276768731464536,0.0028588508753495,1.02173753378555,1.00892699878226,1.0376007728023,1.01372922820243,0.993786939585337,0.998085626600464,0.990511647540884,0.996197014789241,0.221258733562183,0.195963598165703,0.173171324825619,0.150325689714539,0.132644891112991,0.0898345415356414,0.0603920476018387,0.0167751281502081,35492.5117593584
"88",-0.226476169151457,-0.216330794100479,-0.247687116233386,-0.217913346456732,-0.139510127214406,-0.0756243562249693,-0.0258626988796372,0.000927993671823822,1.00986755448392,1.01460151538298,1.02482556085203,1.02271960819107,1.00190296274822,0.993905750614325,0.989478068342037,0.996879557806137,0.217643076335135,0.194812908796068,0.171265691457382,0.151129605488128,0.135347645580472,0.0912180309436679,0.0601859081387535,0.0163195201970396,35494.789376618
"89",-0.217842111541872,-0.227326120795466,-0.247631457782016,-0.173918587355676,-0.110244477837134,-0.0941935101361513,-0.0278694641700523,0.00166548210362653,1.00817732449681,1.01875809542954,1.02743938370173,1.00728812490443,0.992443516519131,1.00033195131095,0.990770220825209,0.996709713936455,0.223652039087593,0.192309400245031,0.173796312342903,0.150638874437063,0.133873165822118,0.0897404588988179,0.0584535837059322,0.0163376501546711,35492.5860116975
"90",-0.250338546756043,-0.233136297133038,-0.256693074132903,-0.196272324555989,-0.139930976698072,-0.0750694969142731,-0.0281048145002522,0.00164895293949088,1.01765461652091,1.02008913217289,1.027609220832,1.01250847272632,1.00207817828322,0.994338588316394,0.990670584188271,0.99676868214162,0.212329269051183,0.1970189882529,0.172805808392686,0.154276638996144,0.133349896483149,0.0900386794487563,0.0599509427862885,0.0164755706268224,35497.3242442704
"91",-0.20085903471716,-0.185650717466165,-0.270224638578092,-0.19337443398993,-0.121792483434494,-0.0779039468443058,-0.0307234038926126,0.00404119885566971,1.00344727957926,1.00426126753979,1.0315254353854,1.01290078379821,0.996187867526785,0.995890922720509,0.991616036071069,0.995850224477463,0.217568713550215,0.19054025863075,0.172888161850724,0.151645251988631,0.134436055206723,0.0920873299512536,0.0601922387732681,0.0165506394195081,35496.776507182
"92",-0.196254741899256,-0.215040700758022,-0.250475536210614,-0.145277324977987,-0.129415671287784,-0.0736949438228368,-0.0432710514094382,0.00282005324269994,0.999295829342474,1.01312690528657,1.02647349674958,0.997791691790323,0.999085846976524,0.992873983295266,0.996029019671904,0.996395655339515,0.222157607043106,0.190302013582442,0.172050548532823,0.15219284206567,0.133500687334994,0.0910644031293038,0.0597307875702533,0.0167430917323869,35489.4349595018
"93",-0.199439622988923,-0.244408147333524,-0.245771676657053,-0.174818772357019,-0.10342367208149,-0.0872086208797075,-0.0325527679094554,0.00214688349392876,1.00170900104718,1.0234317062815,1.02353504990126,1.00550848799503,0.992295194547642,0.998687225094319,0.992025310002787,0.996678178635126,0.220198482803639,0.197165255114503,0.169212056172263,0.148832337758727,0.134266172676956,0.0899987584991215,0.0600713873306071,0.0165574018411449,35495.3922903001
"94",-0.240504253727819,-0.212544307547363,-0.25164140445747,-0.155704163681263,-0.131416801156409,-0.087069975761851,-0.0378256748756954,0.00385844901163948,1.01505571979202,1.01295965393425,1.02574671786167,1.00102308320603,1.00021917041106,0.997720342867374,0.99306264829979,0.995990643982008,0.216113613605969,0.196315057440791,0.176322434326904,0.150705590310285,0.134674610405506,0.0935797721199505,0.0588912743447121,0.0165916120576863,35492.332565846
"95",-0.249047200993669,-0.18262130841064,-0.248363321524134,-0.177739019261055,-0.126869732512499,-0.0770076671135506,-0.0324086316300642,0.00301255313603946,1.02258335345189,1.00306754493564,1.02209358358094,1.00818938887109,0.997183386530686,0.9953079845053,0.992316704198654,0.996369824259731,0.216378811799594,0.195637440687078,0.176283574680622,0.148426745019196,0.136723366941784,0.0910648105660554,0.0596465162294439,0.0167793604525632,35490.1042951212
"96",-0.273925177684295,-0.22239553603878,-0.236580790652033,-0.19123414396486,-0.122099352625904,-0.0892255034008118,-0.0313589335595714,-0.000868666053880194,1.02672195134969,1.01665293106381,1.02212547307041,1.01092340879324,0.995561231111917,0.999036338630811,0.991879042932731,0.997588539984858,0.21868612653966,0.193886759855797,0.173357421006118,0.153621519858458,0.133359843353862,0.0921564261260701,0.0595910123106205,0.0161491943600045,35495.5459389888
"97",-0.196487427938659,-0.231040209701143,-0.247030118986319,-0.172500197896473,-0.130462394417951,-0.0749952183919981,-0.0209662662139925,0.000795970494432627,1.00390356702286,1.01839954966918,1.02592218329978,1.00646855565932,0.999345741343905,0.995142248942445,0.988485132966889,0.997012978135253,0.216074588900208,0.187594551322733,0.179231074310922,0.15159625563377,0.132747825232066,0.0931192832373963,0.0592758602178139,0.0159919052596802,35484.4829675743
"98",-0.231182822545131,-0.208159391874613,-0.252242030021399,-0.177283176561696,-0.0975824562850461,-0.0923660980648749,-0.0239257575369359,0.0041364397936858,1.01040042465583,1.01250289532601,1.02416168007161,1.00657573843141,0.989001455008028,0.999885019418258,0.989106862815998,0.995925410200387,0.21502598147632,0.197547210350278,0.163941884156086,0.149537182562633,0.135752122672549,0.0914372768187971,0.0618077357356137,0.0164700695845787,35486.0727947609
"99",-0.237732486545656,-0.21864670209308,-0.280691035563602,-0.192872837400042,-0.120986741110217,-0.0780687031186655,-0.0332702165449499,0.00373687129836256,1.01620407161791,1.01443634198085,1.03812496445347,1.01264180785098,0.996426927382743,0.99467041109259,0.992521729727782,0.995949010078287,0.216486708808138,0.199387301036356,0.173544816072295,0.149871103464213,0.135550455054771,0.0926721214555579,0.0590576644088906,0.0167342984553391,35493.4525956661
"100",-0.221481673767906,-0.221638243098717,-0.254466160259731,-0.195105755434205,-0.133597706625019,-0.0737700500617172,-0.0307289688354764,0.00455236895874848,1.01284207440653,1.01627432077252,1.02602658213726,1.01352884683452,1.00120862591713,0.994248373178814,0.991947891055841,0.995557018426732,0.218712834308343,0.193884647028374,0.170567820602251,0.152796159259254,0.135642563042322,0.0882818512001227,0.0590638030503851,0.0163170318902617,35492.7201421029
"101",-0.208021481828893,-0.220301663410103,-0.255963317398994,-0.197975887944898,-0.101624039970144,-0.0851952514230131,-0.0375853079910152,0.00178256158816288,1.00615225475499,1.01592292671742,1.02574089011145,1.01583306483054,0.990263967311981,0.997191233376662,0.994320689042811,0.996615071620571,0.212871063230751,0.197317651612202,0.171968536656176,0.148040385688593,0.133911526268375,0.088530815690596,0.0607990314856075,0.0167725405792474,35490.7529389858
"102",-0.235233953899578,-0.230870719299633,-0.239473881733332,-0.176533003289368,-0.134486674184779,-0.0802610692557521,-0.0316208932496793,0.00353526712711044,1.01408148074014,1.01765381703933,1.02092124802428,1.00831501344259,1.00004057278488,0.995664257359078,0.991969113597699,0.996162435802087,0.219522866510388,0.197596797633723,0.17032864821525,0.15256757557115,0.133244153302065,0.0903870335868823,0.0588962927523062,0.0166619760748915,35498.6101099203
"103",-0.242460461450262,-0.228847248293818,-0.241561754896365,-0.183488864793332,-0.131895467522515,-0.0739175765052349,-0.028520998224914,0.00391281876863469,1.01767146272303,1.01752247957934,1.02299450292787,1.00909799660411,0.999995869200166,0.993728374244761,0.990507644843629,0.995890641278981,0.214043045753119,0.197157195577254,0.174650040841059,0.148294922078177,0.14002158640414,0.0916306806189063,0.0608975342804004,0.0166217141609262,35492.7705648109
"104",-0.262315495436663,-0.216197442859291,-0.234371355041608,-0.19622396985009,-0.133055233470796,-0.0795447497436706,-0.0283410520419665,0.00531809101939501,1.0229547001812,1.01599400323057,1.02055509336105,1.01325882052847,1.00034086767683,0.996195799205743,0.991837618682953,0.995478678234472,0.218348658227875,0.196043786340906,0.172293500520853,0.154896965917928,0.133322302265691,0.0898321050697617,0.061788960243993,0.0164396647780049,35491.8479178141
"105",-0.232860300592455,-0.254958813945501,-0.238988897716583,-0.16145592623113,-0.106730212897237,-0.0724934188052592,-0.0275799647203311,0.00173419691700057,1.01093888137512,1.02557911218164,1.02175501253536,1.00070446823696,0.990920820006193,0.993258669928374,0.990934622340282,0.99665037205072,0.220474802453939,0.192403624133568,0.176802725558751,0.15211025982397,0.135180903946943,0.0898124971121081,0.0606626223860829,0.0166651501671952,35491.5644471877
"106",-0.267854076187924,-0.248368862924884,-0.253649439030723,-0.174065675346735,-0.132434122895551,-0.0778128298778336,-0.0307223771556225,0.000769502032278283,1.02445022336055,1.02547761217849,1.02566215683485,1.00647070770417,1.00026183540057,0.995837845996473,0.991265246869277,0.997108211083126,0.219394417431625,0.196503957881063,0.169728911096099,0.151992162798341,0.134068271238698,0.0921945706179893,0.060862086203736,0.0166483172336869,35498.4185365884
"107",-0.239158269612104,-0.210065043667657,-0.223936303398684,-0.186480255953502,-0.145075387528883,-0.0733758713627228,-0.0296951097074419,0.00283513643261874,1.01479041245041,1.01226106502446,1.01434919540614,1.01059470726782,1.00475322257346,0.993936122648467,0.991408385858755,0.996295471692204,0.218467732199623,0.194120186659323,0.171922381353402,0.150731945519863,0.134092174245694,0.0926885097567402,0.0595934108398327,0.0164197843618007,35498.2817200895
"108",-0.211917054491302,-0.215799083621902,-0.235396775082568,-0.192292620471325,-0.144474666400026,-0.0699177336269745,-0.0341404204390768,0.00259966934990591,1.00722598065329,1.01297811749541,1.01809673006047,1.01255434581692,1.00289840983518,0.993526102588576,0.993987125239658,0.996176449174376,0.217061895210292,0.192447167110212,0.174554250604717,0.147841917211424,0.136045831915745,0.0915453298568543,0.0599890228903518,0.0164352227389857,35487.4713917099
"109",-0.244479568880948,-0.225714429666558,-0.235897648699414,-0.157831716970629,-0.129167534225112,-0.0789126285641254,-0.0294305228055393,-8.51857600820989e-05,1.02003493961152,1.01920801266953,1.01876839904337,1.00149728304995,0.999432430599467,0.995635805826775,0.991683434273797,0.997251026347288,0.217865391637974,0.195305058942551,0.172807817701748,0.150826283524582,0.13506814766371,0.0910240669746187,0.0589536397772193,0.0166182633345468,35494.6116530979
"110",-0.215142310760296,-0.204201841658003,-0.255185858413489,-0.169268060728135,-0.0990000094802519,-0.0862384813221868,-0.032576572199893,-5.96068622415322e-05,1.00864160327568,1.01241999739247,1.02666013873062,1.00506768618154,0.990777320669965,0.99778944104966,0.992238789806831,0.997322955401676,0.215471960328308,0.195481411777396,0.170335676076894,0.151449279694362,0.133346386916676,0.0912735127002857,0.0582479812768386,0.0165468557836137,35493.9420800388
"111",-0.241261304406066,-0.215058845330356,-0.254675598141817,-0.186685361070516,-0.135614698027257,-0.0844656939673177,-0.0280638313233498,0.00369085423235621,1.01306516547047,1.01220405191836,1.02651364414377,1.01186512586119,1.00200034666049,0.997157326542715,0.990830664037357,0.996132561505303,0.220554214571789,0.195993569465721,0.169420564655609,0.149907825620077,0.137234760715206,0.0909965992061039,0.0606601757009691,0.0163440878937084,35495.6986308033
"112",-0.240399699480862,-0.230793108734546,-0.240143105347869,-0.209309204091478,-0.134895409701133,-0.078405699687826,-0.0337356391058167,0.00205013920127018,1.01532233286409,1.02095374669648,1.02319886619078,1.01769243271611,1.0027201334252,0.996074532441418,0.992242611115671,0.996662766508108,0.22769797322782,0.197257855774885,0.170959459857358,0.147226376239548,0.136515591774255,0.090058861168158,0.0593149389840521,0.0165984663297464,35489.6321197233
"113",-0.23590689672854,-0.227887067244892,-0.274317762545572,-0.180479468850267,-0.115724591858437,-0.0878950488080141,-0.0258072780325361,0.00230832836344599,1.01587535898291,1.01765471322101,1.03503480914194,1.00817283180452,0.996211263644668,0.999398013468437,0.990652536608933,0.996523378439047,0.218440489231481,0.193522672261555,0.175458961685061,0.154407968165668,0.132995873543844,0.0936463684133923,0.0598332843438016,0.0162689309884195,35492.6284124768
"114",-0.256723235031674,-0.209643479639591,-0.243160695638423,-0.192997595931907,-0.126578191782581,-0.0653922316883659,-0.0360302656924962,0.00231754970179743,1.02353016624071,1.01395743312678,1.02237488951602,1.01256708864147,0.998895222309938,0.991798260066331,0.993152845256897,0.996380382623578,0.220508570851751,0.195900480319412,0.169710340060539,0.151767457178867,0.134407246016747,0.0931848515914174,0.0600289565914899,0.0160897415130055,35494.7522717857
"115",-0.232648832116662,-0.220570391606373,-0.247179451344715,-0.173128998098622,-0.145077990846929,-0.0760700746526213,-0.0418945224475221,0.00235481121008316,1.01302506508781,1.01571360703066,1.02376594578372,1.00684944454507,1.00339841461966,0.994770945700041,0.995405018391125,0.996538182803385,0.215642293747232,0.196151305537723,0.173109951924648,0.150086875307791,0.133571076228763,0.0918692904725377,0.05961662210198,0.0166103589785416,35498.9108158754
"116",-0.258156334039316,-0.23848494003862,-0.2615123718677,-0.183087283766141,-0.145228940527853,-0.079654843559906,-0.0339771878381698,0.00506332176327342,1.02126949414742,1.02132734777659,1.02827525667324,1.01011376389282,1.00439530479551,0.996405756819551,0.992719579859883,0.995422998239624,0.219494954700574,0.200567017815274,0.174407610020921,0.153113453580565,0.135005749298697,0.0904611115059947,0.0593465253191969,0.0163602529690141,35494.9236192249
"117",-0.267842574197012,-0.219910649652329,-0.2616261206603,-0.160174465352757,-0.131371436019529,-0.0798211013375217,-0.0264710575285034,0.00337071966787503,1.02467979365675,1.01611731601391,1.03027209553952,1.00149272717936,1.00009190108814,0.996564243749316,0.990079347526941,0.995982520288337,0.219077900968718,0.191438501056148,0.171801355069685,0.152894189011613,0.136511097448301,0.0912447240384271,0.0612909233582374,0.0165726068118955,35494.90282698
"118",-0.263866176237469,-0.214434268954648,-0.22748146293998,-0.168621717893878,-0.122360936044618,-0.0889359573845387,-0.0333280580505898,0.0021162037631706,1.02266192949047,1.01352403474661,1.02045634955454,1.00561365830345,0.996140330905493,0.999338579227161,0.992882153786797,0.996748414526514,0.212939736208565,0.18990118576993,0.17506236878759,0.149294751512152,0.133690355500712,0.0898986835991255,0.0595734345262728,0.0163611355561666,35492.2953857721
"119",-0.227453237172749,-0.215371362377475,-0.272626909749522,-0.182039690853745,-0.132519894046618,-0.0778706640005775,-0.0332219884326102,0.000535898890876078,1.01003369151491,1.01335350332334,1.03167558495328,1.00761881812544,0.999578622304839,0.995557336225604,0.993024844256475,0.997241618967605,0.216778420140235,0.198424302571827,0.174616339878851,0.153238381877717,0.132658691885543,0.0911752703904229,0.0589800230931295,0.0162027246419068,35496.2596498276
"120",-0.223528335525337,-0.219369698723008,-0.259638246886015,-0.195296550559216,-0.125311844912478,-0.0698695092988519,-0.0290419833313297,0.0032186697041867,1.00845981304772,1.01429225982206,1.0291600496496,1.0139755113527,0.997716569371987,0.993046709018209,0.989954900889277,0.99630493954338,0.215616256217749,0.195630666595821,0.173986008086022,0.15122739979637,0.140540212173939,0.0912893973635412,0.060695232314695,0.0164986864366637,35490.4407073625
"121",-0.258601553263629,-0.251995142245429,-0.257789731032481,-0.180906368304056,-0.128138952713615,-0.0808291092459971,-0.0303879486865865,0.00247000386843789,1.02248932606284,1.02647529559087,1.02782190686763,1.00661498497673,0.999983917337802,0.995730422517224,0.991775008664412,0.996541480575721,0.225394765759347,0.195290532500986,0.168834852067592,0.150395779063197,0.135536413895929,0.0900011603321146,0.0579692391230971,0.0164286221619369,35491.3841573565
"122",-0.190454636552171,-0.257731616669915,-0.244295545152366,-0.181497779991519,-0.135090943075459,-0.0850247499577723,-0.0275380725565479,0.00257842622960617,0.999128881010916,1.02824135907853,1.02231492364289,1.01014602603273,1.00059821761816,0.99796340251864,0.990832219466131,0.996537216859355,0.219634485092119,0.197517740712528,0.169594247842782,0.150087206138831,0.131717097005975,0.0915577673045561,0.0584780408173233,0.0165545724295873,35494.268646496
"123",-0.235896894469014,-0.223389778016965,-0.260057367920574,-0.188903677687412,-0.132472721324119,-0.080054081137539,-0.0303071053903978,0.00353011031190453,1.01408539319672,1.0131321417537,1.02885380118074,1.01060439362635,0.999543980616562,0.996892232501366,0.991342623235927,0.996022792175387,0.219853376246625,0.198631761030751,0.173282251270155,0.149975112837045,0.132732901777016,0.0905968390172756,0.0589174463522799,0.016658972691915,35496.0809240135
"124",-0.283078185148397,-0.220490685718746,-0.265589623050556,-0.192056587261061,-0.154538630543817,-0.095268618037281,-0.0320422566467962,-0.000120530190667461,1.03111180247838,1.01505706753269,1.02993730612377,1.012654024191,1.00606275813181,1.00091333845768,0.991398577783164,0.997389979405525,0.214356705092258,0.197261947389602,0.173579932085513,0.151092099217325,0.135966936957397,0.0932632353919539,0.0608364215897486,0.0164386000939889,35488.4764099211
"125",-0.240466391692305,-0.1983558347991,-0.257776255752749,-0.166800723276374,-0.113556893192159,-0.0754933616725185,-0.0323376840700549,0.00305120657403377,1.01556795229987,1.00765452774676,1.02852993298796,1.0049892901084,0.994024013465,0.994620278803601,0.992494328818538,0.99614620395625,0.216501414859048,0.193196045043556,0.174360464773458,0.150988979522486,0.13221644218088,0.090438922456265,0.0598535928433288,0.0168216262007885,35498.3007109066
"126",-0.193512895655517,-0.199172014390294,-0.239783965482947,-0.184219736268326,-0.125007618872966,-0.0671927323691682,-0.0332959086004662,0.00357087550944324,0.999191346978946,1.0058941872076,1.02236000083193,1.01122379333818,0.997823920427014,0.991889621929366,0.992768506659654,0.996040135693924,0.220517782656011,0.195478742200593,0.172751779804338,0.155145955449433,0.13284574467846,0.0925201565895949,0.059941854790213,0.0163321515853925,35493.5852309597
"127",-0.216225415526094,-0.229603282238133,-0.246063461556607,-0.206799977900969,-0.117057916559425,-0.0833866244517777,-0.034450856493162,0.000136755213832395,1.00863177197733,1.01861407130769,1.02411043636767,1.01775968672342,0.994900113839294,0.997414142774433,0.992200012701372,0.997315861905503,0.213503240478756,0.196235881963348,0.174379431815036,0.153425091918137,0.134089045463014,0.0915703454136025,0.0600224875336204,0.0162957879241553,35497.1306497682
"128",-0.226174772889794,-0.22557611628903,-0.277277941895424,-0.206893256409003,-0.117379725768183,-0.0817734883411555,-0.028194359444776,0.00272374715353149,1.00910244628751,1.01673276797818,1.0347709594163,1.0172063982174,0.994388141866936,0.997108574378392,0.99107535426163,0.996378339604637,0.219916660618722,0.195865872383682,0.172466644000518,0.151570677785188,0.135380451881452,0.0900610388821271,0.0598575493386451,0.0164323820897545,35498.5880937554
"129",-0.218937441983907,-0.210812901818525,-0.266798603421754,-0.179485719657156,-0.129642621381232,-0.0702449523216738,-0.0225989136634611,0.000484598800278332,1.00603924613868,1.01417302266706,1.02945951941455,1.00861596107248,1.00030468810092,0.99336197248818,0.988504988930118,0.997205840530069,0.221822431778632,0.194029770683405,0.174827464288262,0.151200984628,0.134107840194909,0.0910824987403122,0.0605789674025182,0.0161174264301993,35493.8126309373
"130",-0.237685216250552,-0.220801035993028,-0.274337383288104,-0.162258691758062,-0.137611917028404,-0.0831704499978446,-0.0275075875545481,0.000364879182195066,1.01560724434721,1.01659129956939,1.03291111361614,1.00282308408986,1.00020021384702,0.996946161921697,0.991187202374018,0.997185875096717,0.217632360199577,0.192350343600291,0.172385808212843,0.152123071786897,0.13606901281125,0.0907525637513086,0.0588675365825665,0.0166033674475096,35494.8092057343
"131",-0.239633399104929,-0.213526915343595,-0.236791988814339,-0.188036254131429,-0.116730311426716,-0.0849252520915099,-0.025778393988481,0.00368524263386026,1.01449756007621,1.01305882785523,1.02143496386497,1.01228534639631,0.995747415913377,0.996660766493502,0.989959242536646,0.995804026013534,0.217022687194731,0.197648983850031,0.168743744521628,0.150541550277973,0.135173626779512,0.0950445440166036,0.0621460046850466,0.0168053849889212,35487.2818989331
"132",-0.237264038074862,-0.195532568591163,-0.218889341692932,-0.182965582471148,-0.115280355379696,-0.0748747803244496,-0.0319760506529673,0.00339309329493488,1.01313257353091,1.0073547075631,1.01660812755449,1.00999460360002,0.993229212601742,0.99516355695989,0.99140758817722,0.996122680376876,0.219262249629947,0.193701101387355,0.169589826774894,0.150462135254379,0.1322976155318,0.0902171008959498,0.0598634144939529,0.0167024699352373,35494.8262234618
"133",-0.272343930036014,-0.25176398253269,-0.2091622245576,-0.172919846494111,-0.120847930128894,-0.0828404789895306,-0.0303540818964098,0.000106388691172092,1.0271731173744,1.02644660366042,1.01417387414404,1.00595731547455,0.996604893400931,0.995988398442651,0.991750514168252,0.997226848917044,0.217936445633026,0.193810388221955,0.172078083128882,0.153511895239544,0.135241894200971,0.0929527743529448,0.0594658449123918,0.0166999698748569,35490.7330823751
"134",-0.224420206586361,-0.249332036481211,-0.266040617223288,-0.155492981718,-0.130940513819373,-0.0726828069608261,-0.0297816108898014,0.00256312780862601,1.01006690492223,1.02553609746165,1.03093527362065,1.00084902501581,0.999612346508485,0.993712047619098,0.990799516264737,0.996382386096083,0.216111780592203,0.194759094547471,0.17659116851681,0.151353620388088,0.135706260742622,0.0906934086598717,0.0590715215527892,0.0166006823247308,35495.8828242194
"135",-0.207411097319643,-0.219229277113586,-0.268244491314668,-0.184406560727648,-0.114552350556715,-0.0813078618300826,-0.0327963144966819,0.00347699320623168,1.0042063983242,1.01712258551704,1.0306125681218,1.00876552774544,0.993955606640671,0.996923027419147,0.991945194581139,0.996131247717957,0.219377413442071,0.195661602256673,0.173238507355674,0.150632277020897,0.130708806454843,0.0930144129839114,0.0602210597628382,0.0161856588318762,35496.8344882886
"136",-0.249612600920297,-0.179693983016905,-0.258491486006995,-0.17555788626834,-0.126662556769294,-0.0663929980104664,-0.0360012632304728,0.00355047913685621,1.02093742875188,1.0010404872264,1.02560438507138,1.00493824812184,0.997748056155796,0.99222075300005,0.99333810517132,0.996145507687108,0.216799071152505,0.194427831125442,0.173391243074842,0.149710772892308,0.134976615431535,0.0887985752749523,0.0596709768051138,0.0166597675322332,35490.3118971365
"137",-0.259159218351151,-0.193736561679824,-0.225812852817543,-0.195470307094543,-0.108227883316564,-0.0847082636627389,-0.0402803936257514,-0.000110235516154702,1.02072057574601,1.00712094562513,1.01788911267236,1.01220411874151,0.991478354115565,0.996815807095076,0.994707572712695,0.997315806400313,0.219210123315857,0.19164417448261,0.169533667456466,0.154260726824891,0.135361339911684,0.0933330607938115,0.0615723083895117,0.0166558329373419,35489.3204930514
"138",-0.225214703003357,-0.200023275370763,-0.249603616452677,-0.187335008635904,-0.129588133027614,-0.0796938025022454,-0.032206520968527,0.00338382213895863,1.01078751398177,1.00765756067038,1.02603366603671,1.01005638053561,0.998109801154049,0.996902716395011,0.992540019885171,0.996088905597899,0.219013648100017,0.193626308832354,0.169896414082268,0.153202575723165,0.130697377604708,0.0901608399991336,0.0597317119018593,0.0164134253186901,35496.9707757039
"139",-0.239242701249722,-0.23382610267841,-0.257182394244453,-0.176387134356663,-0.1155642619793,-0.0856208760154283,-0.0297900675904441,0.00113670686322707,1.015028568961,1.0203887132425,1.02764951743975,1.0064731193724,0.992967457858978,0.998118235614888,0.991466675017553,0.997076192874644,0.212797738740035,0.187361353073605,0.17313348346981,0.149860730672933,0.132379731223745,0.0912924649828136,0.0602379183444482,0.0164875421303739,35494.1068551395
"140",-0.235809751360189,-0.245212422620613,-0.271252761661896,-0.215461022931169,-0.131135062022292,-0.0816032900134721,-0.0329779940819837,0.00372948792366672,1.0127950587793,1.02340506383589,1.03208655592327,1.01955063412898,0.998967140223048,0.99586102801803,0.992074835414356,0.99610370120278,0.219498832090471,0.195792163601715,0.172201347912563,0.15400156427335,0.133405158547144,0.0926881691584324,0.0593587188595032,0.0165778548099889,35495.049613131
"141",-0.274222965397776,-0.230416869203435,-0.245469013523923,-0.202050751033433,-0.117453418143956,-0.0849581906150361,-0.0236839455504824,0.00369112815587329,1.02574627472087,1.01762819973964,1.0254973202493,1.01554751550295,0.995825903409689,0.997146290286715,0.989320499115337,0.996002158956434,0.219521772123445,0.196912706825412,0.164879491110167,0.15256506434236,0.134414308894691,0.0924647564650709,0.0599004910272864,0.0159412631302274,35489.8599505595
"142",-0.230628650431044,-0.239442736028246,-0.238420358730255,-0.217271659045999,-0.110210237859617,-0.0859821843878261,-0.0306146569430822,0.00260045608864686,1.01072434033183,1.02128462827933,1.0210592347082,1.02201758420109,0.993529531961786,0.99779964663975,0.991329482445231,0.996323298515585,0.223057428628131,0.188987545312852,0.174088034258794,0.149150967412518,0.130267093264638,0.0890847686982094,0.0600462061149646,0.0162299326909181,35489.0927039522
"143",-0.227462451496165,-0.233668060409007,-0.257757621422923,-0.191196383229652,-0.108903844990474,-0.0649147518365698,-0.0329860475367874,0.00304028293711621,1.00991465191748,1.02072526469735,1.02725327603273,1.01038710986138,0.9921502368103,0.991531509019386,0.991946859561122,0.996108571931078,0.217086031565433,0.191386869108458,0.16968836164604,0.153910307372238,0.131968198483375,0.0912635053044305,0.059676023230611,0.0163869269148405,35494.5119785688
"144",-0.284699468521658,-0.216802339340605,-0.250380139551997,-0.186946326708015,-0.127627927325894,-0.0917732782194413,-0.0321955363538479,0.00208122277385944,1.03009925007792,1.01439623711462,1.02562040709954,1.01024645483793,0.997833092049565,1.00057583506917,0.992406942640969,0.996455262822403,0.223149909750122,0.201762345878264,0.172823397190241,0.149125728656062,0.131493507023958,0.0914278829411085,0.0603720707202416,0.0164485762551446,35494.3892261179
"145",-0.246372796513272,-0.197942023403428,-0.239455688864998,-0.147964752109117,-0.139520035751191,-0.0829171573377321,-0.0326147303151075,0.00231480377415119,1.02035182548517,1.00862023199584,1.0190923066783,0.997011724159686,1.00204712955481,0.995586327502021,0.992384582894012,0.996442394027917,0.224336595092265,0.19499229228487,0.174189008650948,0.150764484551,0.135437152238653,0.0933744375048274,0.0605417671895735,0.0167113530442901,35486.7505129913
"146",-0.290319605342701,-0.251929862876131,-0.266246990619899,-0.202500933070335,-0.152859583169907,-0.0961267404487236,-0.0312483255622359,0.00201984543746726,1.03307305264782,1.02658446422758,1.02959842784734,1.01568186525484,1.00737562550331,1.00144904589005,0.992439548500176,0.996452723383496,0.215016487016202,0.196730901160396,0.172482118415726,0.151564411279172,0.136282087305416,0.0931566118658321,0.0608855590702218,0.016404055555646,35487.7056723964
"147",-0.224709320005689,-0.216672887982488,-0.26908748661392,-0.206471433165411,-0.131793806982973,-0.0887083946697891,-0.033012696529888,0.00288932468168615,1.00968446816193,1.01485152512443,1.03317077885684,1.01697614219,0.9988337753431,0.999448805770486,0.992261207806711,0.996380325963813,0.219354457717499,0.19235138222285,0.169890178175867,0.151703099938654,0.132085271917519,0.0900939736960799,0.0600378076963154,0.0166284939993516,35496.4756226196
"148",-0.236512392507151,-0.2092133967388,-0.245543139702105,-0.191476763603992,-0.119879234951917,-0.0932041492119167,-0.0321445224996281,0.001096942247372,1.01147578735146,1.01129231019758,1.02477696474621,1.01406521379019,0.996590698959568,1.0003599317279,0.992014466470127,0.996869605928274,0.219673996193383,0.198206931154627,0.175881229550053,0.15356777969255,0.132447434195815,0.0903490305512189,0.0591247380900286,0.016572415166338,35494.3950392612
"149",-0.256011165085407,-0.206827043990556,-0.252683189566391,-0.191061614058268,-0.107312541022253,-0.0697547478916651,-0.0397162016160375,0.00237353886116184,1.01886373337762,1.01013461989304,1.0259574387859,1.01008665760353,0.991740581267384,0.992839531399597,0.99478648737659,0.996624875928859,0.216159409224921,0.194115884847311,0.17552940590702,0.152772413915327,0.135138932260015,0.0904395507906068,0.0594201645175569,0.0162083161492567,35495.2879907056
"150",-0.22232027881239,-0.174869073788355,-0.222449808898297,-0.193724679020812,-0.145016011230256,-0.0762571128455495,-0.0313314512631187,0.00302307020517104,1.00878449782159,1.00175826965304,1.01304501661786,1.0154710105876,1.00630644256641,0.994847234861027,0.992365553563213,0.996179949041595,0.224442459445388,0.196504590792331,0.169023565519721,0.151559562032063,0.134177106751515,0.090707435994124,0.0582035775874608,0.0164703522684613,35482.5084369877
"151",-0.234361556376881,-0.209040338250056,-0.229536376880077,-0.170252567807592,-0.109025286055012,-0.0738727242161838,-0.0317961413816077,0.00027351017120539,1.01451180978297,1.01362863340131,1.01725606243326,1.00421614982951,0.992931771091283,0.994354247172688,0.991973041129425,0.9973651636599,0.215148044477744,0.200114413631919,0.175617236654512,0.151278580499097,0.134445696335604,0.0915522292039567,0.0603048267953248,0.0165890974129608,35495.7349943834
"152",-0.237142919608185,-0.21433226959595,-0.243629763337186,-0.181293236067682,-0.127257511992318,-0.0687506160014535,-0.0379151821265115,0.00227782382502877,1.01605911155457,1.0134452913045,1.02371570903901,1.00814130139455,0.998333505043678,0.992094977667653,0.993805448274888,0.996536898211414,0.214217713171406,0.196566449309611,0.176196294782537,0.153278122686617,0.13415516551423,0.0926816006136767,0.0588672383871294,0.0164219168739109,35497.5521580756
"153",-0.22698903677614,-0.227342764083815,-0.2559215536028,-0.172089946027045,-0.14380100171149,-0.0696672190465752,-0.0359103754435475,0.00365174141864423,1.01185734763313,1.01729256976392,1.02553588686202,1.00654598589408,1.00359635562737,0.992029207358009,0.992274655447023,0.99589484301748,0.215949219883085,0.192435656850257,0.171797085683488,0.148335759821789,0.136086009649393,0.0913741242408592,0.0597208269606148,0.0163764033260693,35492.1279150263
"154",-0.233036661697276,-0.229336814133175,-0.247018311627929,-0.191372876600235,-0.111760665245923,-0.0704325440579672,-0.0329868605109666,0.00268033904335233,1.00986008025802,1.01529797924695,1.02375712740325,1.0145005347199,0.99250182655673,0.992946992367604,0.993311471625689,0.996372360454845,0.221839665828053,0.194497366066033,0.172693440759714,0.155813681745174,0.135246573527044,0.0895005300262341,0.0601527403914198,0.01627819853458,35487.6200856313
"155",-0.244807616727438,-0.232933460380073,-0.220941468100715,-0.180475749409499,-0.109238959883673,-0.0671920910019859,-0.0358104141522005,0.00266507133625109,1.01877982073674,1.02237806516037,1.01618527949913,1.00651177989184,0.992467872282292,0.991320248909215,0.994290247107389,0.996637456924217,0.214795455110018,0.192423838364141,0.172645797776598,0.149245628361661,0.131685404688451,0.089830441744122,0.0611974167297122,0.0162507712651263,35487.2334751958
"156",-0.24420073548666,-0.228970170400908,-0.243340854460495,-0.179821916299265,-0.125012474018587,-0.0703625094793014,-0.0315205578893958,0.00356180380176285,1.01849528958436,1.0177211413233,1.02241019164198,1.00833061987691,0.997849419937893,0.992959074663205,0.991772187065043,0.995925485171263,0.216682547552625,0.199316357020219,0.172340845646234,0.151878450742908,0.133249288087736,0.0924915353575097,0.0598257136230788,0.0162849397116446,35499.4769035985
"157",-0.258632973570271,-0.172610849961524,-0.23807147270525,-0.189393048629109,-0.135440747417393,-0.0792244851947212,-0.0395628761208271,0.000327292073959103,1.02337268979626,1.00104222933188,1.02256802090656,1.01119948309048,1.00085791680894,0.996106832833598,0.994594964739373,0.997235626420179,0.223296925474057,0.198192455550233,0.16945085662,0.149750501747834,0.134572328399113,0.0919731774763216,0.0594992031976075,0.0161487987024589,35493.3662618103
"158",-0.22277234654105,-0.230212423933486,-0.255171756048226,-0.179729764227278,-0.120215463217935,-0.0825113462400226,-0.0406475986451024,0.00434285504380344,1.00987841583349,1.01835439877733,1.02634774264117,1.00813243974467,0.995258814698345,0.996044556148448,0.994900854054802,0.995810457578478,0.221306052617871,0.195164813549466,0.169617677164163,0.151108634818812,0.131692237599699,0.09189734989015,0.0591141696210465,0.0165855922357107,35497.2610812091
"159",-0.227784861647418,-0.24445707114511,-0.250876266409767,-0.16750303402739,-0.119206995224608,-0.086927200225681,-0.0251927621014077,0.00110073936832518,1.0137652563991,1.022079649008,1.02576460351183,1.00320060555493,0.994778234300479,0.998170302510413,0.989532710650001,0.99696607529491,0.215554356494622,0.191872513992357,0.168445388100281,0.150418983435563,0.13904397287682,0.0907689754543612,0.0602562033224432,0.0167329866318296,35491.5323911044
"160",-0.21835125925311,-0.207510464356071,-0.23613351627537,-0.191404818984838,-0.12351397632983,-0.0660738899233881,-0.0364606309059156,0.003404144854514,1.0069968332403,1.01190983300705,1.0181948177483,1.01356344065732,0.9979009065567,0.990792007932316,0.993125253679219,0.996025996192694,0.220311419609114,0.195302780617451,0.175059813323682,0.14686229915883,0.129701127549379,0.0899103702326352,0.0604233139769218,0.0166290847543554,35489.3174057619
"161",-0.284622442501465,-0.2084239694389,-0.257235696742227,-0.177099432864555,-0.118928453906478,-0.0666175842679189,-0.0266569382961415,0.0017087229152187,1.02880419873687,1.01167931904503,1.02607889574659,1.00631104175586,0.994830826016549,0.991635463042345,0.990176633855929,0.996786617764796,0.219716027823968,0.194080783950032,0.17191725826918,0.153787691605609,0.129126268465865,0.0918771031365746,0.0612349317774595,0.016795451297716,35491.0411930964
"162",-0.244223895883732,-0.215862370002514,-0.241842147014465,-0.172831967311266,-0.103474236626575,-0.0817770220641781,-0.0303910000361986,0.00176353191239041,1.01729303248305,1.01219833563366,1.02339294134204,1.00524844005685,0.99143306064685,0.996454724849761,0.991306810083637,0.996777045681529,0.222055985203734,0.194783249708092,0.172011007207099,0.151174356380406,0.135473217185785,0.0897530223084518,0.0603927524535094,0.0163069188932899,35498.6090115797
"163",-0.234373323997687,-0.197281189517006,-0.246697949376553,-0.205003215028234,-0.118296776147543,-0.0639944403567164,-0.0234128965103984,0.00410311798283243,1.01733219556887,1.00783589335119,1.02406321198846,1.01623470994529,0.996351854460707,0.99117176623427,0.989733574529756,0.995983077369943,0.21992348312773,0.1938157626346,0.169115684096887,0.149644931102856,0.135781839208751,0.0910132972011594,0.0597346375356383,0.0163715594198305,35492.5296294277
"164",-0.257729960344832,-0.239474202091779,-0.244513430764856,-0.187088256600346,-0.119755307385812,-0.0672340731304095,-0.0285196327838899,0.00119265658888607,1.02044824726655,1.01964632137848,1.0226847436907,1.00993415353741,0.995497745880925,0.992412046844102,0.990549445015896,0.996882042936488,0.223614276449468,0.198366958935782,0.171112934334794,0.14883852096044,0.133907429715268,0.0922349928050317,0.0587073037053666,0.0168372570006332,35493.7761262259
"165",-0.228805649971221,-0.193472303665884,-0.258459848115362,-0.175780492168682,-0.12002206578005,-0.0765294406139371,-0.0419747917817477,0.00178336891135477,1.01103261047548,1.00508999411838,1.02826512370837,1.00544746897412,0.998009725299814,0.995348794244498,0.996261791052419,0.996986225783766,0.219932658722882,0.192675355753457,0.17706388492193,0.154247543515916,0.136737193575805,0.090955585514228,0.0590226031862569,0.0165526891922793,35486.2945399979
"166",-0.238060202660499,-0.229466077214576,-0.24852601159757,-0.184216237552558,-0.117735562047363,-0.0829541421549921,-0.0393834434318811,0.00393481581726727,1.01211973155692,1.01588208995613,1.02433874406857,1.01205000580841,0.995780607460414,0.998051045051364,0.993897332927438,0.99597435395019,0.216532852842659,0.196092601416764,0.173058208737399,0.145783646491882,0.131515260382472,0.0914762750605947,0.0615032994916541,0.0164044621305714,35488.0072051585
"167",-0.252800700092597,-0.226480785228736,-0.24198570704044,-0.156906140402901,-0.131653095729248,-0.0814110348255926,-0.0305659048193038,0.000233759350705264,1.01851010995708,1.01820538817649,1.02294770536988,1.00090619497037,0.999781110267578,0.996423423090914,0.992003285510429,0.997280814248164,0.222908767917209,0.190759617297355,0.17195414516152,0.150246209819798,0.134749655655022,0.0908996497179497,0.0585164037428439,0.0164338819273834,35496.4502384703
"168",-0.214694963551528,-0.208665696415123,-0.24912944973614,-0.188379694962706,-0.122339922037841,-0.0676395186818134,-0.0395105477543642,0.00262728474903199,1.00490142158594,1.01219963595526,1.0261312754296,1.01249067039004,0.996008111814891,0.991355299926147,0.994060905323535,0.996463893759602,0.218727755500087,0.194587703197349,0.172326817991373,0.151000556916239,0.136321196353154,0.090025495475537,0.0602255619210122,0.0166681921537957,35495.1331557859
"169",-0.252285281065976,-0.189443320065765,-0.268350535594873,-0.187083760817533,-0.108448571770323,-0.0752810662289411,-0.0324790490388675,0.00399598538782727,1.01848606139622,1.0058378407325,1.03218892792789,1.01181342326285,0.99202362630842,0.995582686448233,0.992585382609817,0.996029309727254,0.218776613373533,0.194443109339166,0.169722713566207,0.151419155973671,0.133083857103656,0.0911430055430498,0.0593245743268436,0.0161244103022624,35496.2817408842
"170",-0.235596414981959,-0.199861975796421,-0.265784122744744,-0.186484890081903,-0.133600203570555,-0.0760254834821054,-0.0262278368229113,0.00108245349171343,1.01566087488763,1.00965778349124,1.0295501485958,1.01113265092256,1.0013116393957,0.993756485328482,0.990967816322575,0.996877916570145,0.215263519431843,0.193814976899851,0.174535959288661,0.148509458206651,0.132589802435828,0.0907584708577096,0.0596842857246087,0.0163813474586849,35495.3332552654
"171",-0.228414957534995,-0.207612338294423,-0.269370563951424,-0.187296830053945,-0.128759548764874,-0.0865999443608418,-0.0326355764397435,0.00344619268346953,1.01099196819009,1.01265795640415,1.03126722133481,1.01176492003175,0.998336652095152,0.998596501417021,0.992137726136037,0.996144701855868,0.21629162603239,0.196562885287456,0.172309087490597,0.153322962913737,0.13332545564625,0.0901287711233154,0.0600505603872537,0.0162265263022587,35499.7317922799
"172",-0.2504150605049,-0.212888896113875,-0.271082742491466,-0.168472604847664,-0.120688921840589,-0.082147792973673,-0.0367443340937874,0.00375972383441976,1.01645516349795,1.01319106982993,1.03230335465486,1.00448267491363,0.997702286321334,0.996893213305403,0.993829796469889,0.996048643231163,0.216323821767683,0.194842448240224,0.170104692385632,0.148911611095537,0.133998154375697,0.0902984606635289,0.0597966012774164,0.0162951383354146,35498.0394640559
"173",-0.239777538172534,-0.217008974332732,-0.250612497062308,-0.176209871380796,-0.123487345929854,-0.0743005966307122,-0.0414179444321829,0.00254345639963982,1.01802513392127,1.01623931533932,1.02599817868749,1.00597854367444,0.996802272420173,0.99426961119715,0.995979896887614,0.996480353074071,0.217632646602615,0.193861009417863,0.171689771647204,0.14906952803518,0.13601101305446,0.0904723574664941,0.05990236751127,0.0166571981607461,35495.9217425537
"174",-0.216078623536999,-0.189015494367934,-0.256148645066844,-0.183254976597667,-0.122855312775444,-0.0888198388164071,-0.0325008546039257,0.00183844305456402,1.00803155736906,1.00493879793717,1.02750349085577,1.00993445371098,0.997351231718521,0.998845900138571,0.992460207724869,0.996724547246064,0.216643404849573,0.197716897784523,0.175243785083385,0.151010581583192,0.133855698123891,0.0892384406071117,0.059808589220566,0.0164909677380019,35499.1498967409
"175",-0.296412238447354,-0.200025108187366,-0.240576677831155,-0.193133523441093,-0.113392535969039,-0.0841753944872199,-0.03867834639299,0.00362352340990207,1.03305993742708,1.00837903228305,1.022637035245,1.01235275308766,0.994179845310968,0.996846849349371,0.994566582473663,0.996001910211802,0.224543674624678,0.198321205609026,0.171873059881818,0.149681935029696,0.132867407730464,0.0909456012377471,0.0587988468356112,0.0160626650280057,35492.4205472374
"176",-0.238862333495469,-0.213882916716869,-0.239678458223394,-0.164460389556826,-0.119291596615268,-0.065610648250108,-0.0242338285217932,0.00383688767174472,1.01687635695606,1.01272803121411,1.02188327555616,1.00180848515556,0.995589467626838,0.989864008239961,0.98896354140674,0.995900721452649,0.21624344667346,0.196064619667307,0.172994826006362,0.15176621082898,0.134878242939432,0.0913417062998352,0.0602677433080274,0.016961446530902,35491.8256857652
"177",-0.238798235069451,-0.240417066245777,-0.251439460195111,-0.165337544437093,-0.135800607154389,-0.0811035534458951,-0.0300709705554521,-0.00105210334793308,1.01565396378437,1.02241313745345,1.02412951128989,1.00340437737556,1.00126528034613,0.996337641398266,0.991177792565608,0.997721061520377,0.221378580458192,0.193794043729637,0.170226061276994,0.147603552356666,0.135503655473125,0.0917955081944441,0.0589161210270151,0.0161947313507359,35495.2253746221
"178",-0.225427590832345,-0.184668205297683,-0.245297894256803,-0.174006933466702,-0.132593570264026,-0.0805525993052216,-0.03082463434959,0.00128123256406332,1.01489995695726,1.00364307982908,1.02407136171558,1.00607624246754,1.00059084773375,0.995880241636376,0.991726422699059,0.996867183520843,0.221680170588654,0.196064839014601,0.176609677452143,0.15375559366095,0.134702681727314,0.0908237119334858,0.0586170459894432,0.0165560050110929,35493.2294061621
"179",-0.225416508991122,-0.215141362419854,-0.251736961935978,-0.168779248770599,-0.148676866933428,-0.0757919920524477,-0.0243066897851738,0.00262943945780941,1.01110599714188,1.01396509353517,1.02581451801432,1.00543660326938,1.00685389459062,0.99437660493449,0.989520685791867,0.996442833016948,0.220286645087967,0.195335791362448,0.171128345933212,0.153121553668447,0.133140186634988,0.0915801341994349,0.0603731219063636,0.0162261987198037,35497.9916189807
"180",-0.258032277840592,-0.207522286577779,-0.271566586509059,-0.182566813178463,-0.137815396848577,-0.0710972987097486,-0.0328283759297761,0.00142442822393163,1.02052495570919,1.01148135093341,1.03116942186026,1.0083887623698,1.00251252662946,0.994222645598588,0.992318805974434,0.99694247347046,0.217934948379283,0.190987167763189,0.171954021437614,0.155273588416161,0.136947867198926,0.0932300303726455,0.0603204638074506,0.0164890465469179,35492.786114043
"181",-0.242475764077411,-0.230183921715423,-0.266637801542267,-0.161743802812957,-0.125278322139874,-0.0885446587663553,-0.035003928026549,0.00352916792416165,1.01815956627566,1.01756557509032,1.02965600698775,1.00322327778436,0.997801797696345,0.999380102003332,0.992581038328034,0.995973492893896,0.219633222428614,0.194355808728601,0.168752669585942,0.153505375801633,0.132287025884638,0.0913435261576612,0.0612924589960711,0.0164299847410553,35494.7452513772
"182",-0.279366641482241,-0.216553527741685,-0.241769144221174,-0.173363620963989,-0.137895594190252,-0.082071164743893,-0.0338691441308959,0.00320415789749491,1.02540993995995,1.01152048696279,1.02185518411807,1.00591117912722,1.00072317044383,0.996061022724856,0.992591325006329,0.996348729012002,0.228820317777338,0.197939752906429,0.172627715538945,0.14845341214815,0.137525196617661,0.090477720304339,0.0589435174139903,0.0161441082589305,35485.0481438891
"183",-0.22189975968191,-0.181141402030212,-0.23544186841313,-0.195299360377657,-0.115948315908079,-0.0870375090041595,-0.037382383752512,0.000949346045168817,1.00861008359011,1.00237198686982,1.01770790463688,1.01427679622759,0.994816400030586,0.998861504130911,0.993480017681811,0.996777788831545,0.220146929876972,0.192753738315504,0.176131739506785,0.152852954129509,0.136555331926966,0.0912792084839019,0.0602896076376572,0.0166121644155798,35490.5880917508
"184",-0.247449905509874,-0.205492532635252,-0.2408250660536,-0.1422631778879,-0.12952078121729,-0.0731868631617544,-0.0248951114495938,0.00333188107557625,1.0181767956321,1.00993407296615,1.0223005183882,0.996727825497099,0.999943285505389,0.992858561924414,0.989288284320952,0.996277302663451,0.222977476582329,0.19190687791868,0.172983480381634,0.153222387503511,0.136987440122209,0.0927475488324379,0.0586844132508191,0.0160596508631827,35489.1950700626
"185",-0.276360989361194,-0.244318273449015,-0.253435703285526,-0.189144478857903,-0.122426843310495,-0.0698194769287614,-0.0355137379777235,0.003472288085764,1.02789285714467,1.02234952796386,1.02574664996429,1.01036445744469,0.996582369895764,0.992380403103543,0.99402629175211,0.99627352451074,0.221782415019267,0.19444934293065,0.167312970038887,0.148048567590019,0.132672588522481,0.0914955215291327,0.0599221627872263,0.0163766912099803,35493.3956486973
"186",-0.266032698483507,-0.239821088887844,-0.24819870650998,-0.194496706574534,-0.136192527218248,-0.0747332866407794,-0.0371569452659837,0.000468095699119543,1.0237445209141,1.02360241850622,1.02445504852099,1.01391262128041,1.00038041464698,0.995631251528061,0.993493026006412,0.997207613365403,0.222002689913556,0.198414024371886,0.172708605139438,0.146373190414066,0.132650227073454,0.0934758565660102,0.0612135847955707,0.0166326487199974,35490.0703594638
"187",-0.206759553981037,-0.242361838716552,-0.293188164446139,-0.178202274154155,-0.103176014307412,-0.0886993308914155,-0.0307281116398099,0.00328906119081702,1.00410751100951,1.02143654161973,1.03828838364931,1.00893827596582,0.990800772380561,0.998806993076136,0.991729039214048,0.996259167164042,0.215136116280235,0.195739404001451,0.168460730267868,0.148103390173277,0.131313022943459,0.090417990406696,0.058811372692109,0.0160546200974682,35489.8406987241
"188",-0.225186675107152,-0.200681253731117,-0.273164902806488,-0.14542217092403,-0.0972645220443724,-0.064083301750334,-0.0358712913622588,0.00149159891263972,1.01266103262386,1.0086283830186,1.03113443593238,0.99643755120405,0.988952423574023,0.989911838801307,0.993422658079567,0.996833780827434,0.222650121875136,0.193835402057577,0.173257622123848,0.155787168041664,0.131849784890019,0.0902747845664872,0.0599056072540859,0.0165948459469277,35487.7768064051
"189",-0.205397706858862,-0.20590076021392,-0.259725678640115,-0.167393200016751,-0.105300628737755,-0.0651658521789333,-0.0352667008934066,-0.00121724775684066,1.00295086138703,1.0104750957446,1.02777386659837,1.00405630728761,0.990178695714739,0.990824167588131,0.992425661469052,0.997781283383188,0.213101726636304,0.193132214204492,0.173741761829092,0.153232453357893,0.133331246141749,0.0884239030565264,0.0598787572194389,0.0161916330850655,35488.5833704072
"190",-0.283365852791935,-0.192195301085088,-0.223817415585849,-0.168046800012679,-0.124529289917648,-0.0788766783179061,-0.0376461290203202,0.00146735178509945,1.03106577104044,1.00449151456273,1.01543521671018,1.00514740755734,0.997621847766262,0.995206195285093,0.993816298885547,0.996917130528453,0.223339035747537,0.192097172570667,0.169324599981677,0.15024477046465,0.132502723954171,0.0908202318275231,0.0588138105958112,0.0166837167267558,35491.6878448492
"191",-0.230150929640598,-0.222290275328901,-0.242406313999964,-0.192133290149375,-0.111555017419646,-0.0866056130463027,-0.0373686801073586,0.0011558375382108,1.01331165158279,1.01598966273164,1.02178856611994,1.01193216524702,0.993298376313724,0.998115432361199,0.993537544046721,0.997020578707216,0.216899075588719,0.198280326419155,0.173649097896033,0.145694993896184,0.127967318145347,0.0916190456366526,0.0593236271966617,0.0161333332156337,35491.3586395723
"192",-0.258948747033262,-0.194794078488961,-0.257080600942351,-0.183359732658851,-0.129544461238894,-0.0818652649694533,-0.0206169824618316,0.00145748630637639,1.02134252015136,1.00521394129357,1.02978336400372,1.00784022633781,1.00049011370961,0.996958653041699,0.988306297956022,0.996710454070297,0.218743309410596,0.193604389318419,0.17197489160008,0.150352564993517,0.131317399869329,0.0926011711561784,0.0587641766970951,0.0165814468860683,35492.1205515207
"193",-0.217870587902032,-0.202389950150359,-0.259759749321853,-0.186224777994961,-0.110786102295916,-0.0769135496583789,-0.0270163420971605,0.00119397446900716,1.00935823838504,1.00982775122438,1.02627870534418,1.01084129813192,0.993334249157069,0.995996725848,0.990132017839785,0.997056450175229,0.216038927566761,0.193139700385249,0.170163858533183,0.154944629956149,0.132492017807686,0.090390320246186,0.0595072751460293,0.0166180836788187,35495.194420564
"194",-0.237565156107092,-0.22076970387502,-0.2493948885036,-0.196420845290692,-0.128007910765833,-0.0740287104720992,-0.0438797897156582,0.00308491489298668,1.01520995227785,1.01640369400462,1.02466740915226,1.01482347582867,0.998162583957276,0.994033713533861,0.99604802017082,0.996210361475109,0.22236978399764,0.190165187871108,0.174222719886914,0.154326500229044,0.134028319572508,0.0914236355026624,0.059590332783987,0.0168408248033093,35494.0274387697
"195",-0.282547432044538,-0.214236739464502,-0.244608486114061,-0.201526287523226,-0.096342176356765,-0.0815692163646126,-0.0412591200011826,-0.000552022631836969,1.03141151499016,1.01521451845581,1.02602867225233,1.01522904857401,0.987701255079555,0.99679751027389,0.995243456961171,0.997294161661003,0.221642565972847,0.196579776165941,0.169119429724975,0.150533191417314,0.131707682150178,0.0919844781489798,0.0590110947984759,0.0165199263542083,35487.1113501415
"196",-0.252632701407943,-0.207352421451333,-0.240800840743628,-0.17515923664783,-0.121859039173268,-0.0691725611753183,-0.025059071938202,-0.000298779165231431,1.02032953144886,1.00981881232901,1.02012836745016,1.00777876265998,0.996864316452349,0.992881609156386,0.989688880679968,0.997432303860455,0.219381842584544,0.196283465241007,0.170522963273448,0.149769524601195,0.139541296021401,0.0922514029004284,0.0594636997102537,0.0164827070253121,35492.9004636595
"197",-0.266014232553637,-0.23058315174827,-0.24583888648607,-0.185967866805442,-0.110045816416248,-0.0681566190122729,-0.0297189928727688,0.00141008792329335,1.02260111606363,1.0152521854594,1.02377992346227,1.01135699017686,0.992428381773089,0.992039453910338,0.991000220500854,0.996873320878903,0.215651210610087,0.194713884341737,0.172846799233416,0.151864352104761,0.136470762189063,0.0907362386221095,0.0584518220184712,0.0163915686104122,35493.8530491813
"198",-0.24078707956391,-0.22860663359028,-0.266889704754023,-0.189414353400235,-0.116586687719967,-0.0882591306212242,-0.0337298500192805,0.00345075861496414,1.01599631001992,1.01955041280618,1.03185930291571,1.01135227017414,0.994518135812302,0.999586049548652,0.992540117615162,0.99620401685779,0.216414198423962,0.193804222730425,0.174309679221203,0.14750627881532,0.133867554557157,0.0922736420682029,0.0596522460432632,0.0161582338389082,35498.0051063791
"199",-0.21523903194517,-0.238989533205502,-0.232102353362995,-0.196715728753249,-0.10934570465199,-0.0805527448340554,-0.0338220074174601,0.000419457107921421,1.00847251140531,1.02283107027591,1.01988349601932,1.01374858205746,0.992831204522289,0.995003199470793,0.99297418246991,0.997238469940646,0.21649474964605,0.195594810732545,0.172911490627743,0.151140598621762,0.13471431010577,0.090983955870189,0.0591944045450789,0.0164686713942477,35497.3658090189
"200",-0.21652859808363,-0.232977239383244,-0.28256672194708,-0.169109212895236,-0.145254654530245,-0.0737352584009906,-0.0448779707764697,0.00235914264937123,1.01055098597193,1.02199248903959,1.03632291397286,1.00549288214909,1.00483069645493,0.993941239604744,0.996346033486584,0.996443488515886,0.218880525601811,0.196287098281061,0.174883817121581,0.151842735471739,0.130554943926343,0.0923399601957584,0.0588305299884357,0.0159480460283719,35487.2381097723
"201",-0.208354879496583,-0.237908371179427,-0.235311031362234,-0.170635730782779,-0.12071066106118,-0.0812661790762622,-0.024856311057996,-0.000815243904326605,1.00387219999748,1.02393560343362,1.01881162069855,1.00408906684668,0.997162321380226,0.996591258747388,0.989906805841067,0.997601833172516,0.216924296125635,0.199131861610294,0.174626543676992,0.150832563204586,0.131676972033131,0.0935542721274846,0.0604042400867957,0.0164809171721893,35491.301413332
"202",-0.256230288188237,-0.197391331861577,-0.250833501945336,-0.201679163616861,-0.109632515607104,-0.0820148856188225,-0.0269363188308122,-0.000171203618990099,1.02266439536638,1.00820558643812,1.02703293540173,1.01377711710831,0.991300447716169,0.997692319497644,0.990603670216254,0.99744421820757,0.221784791187138,0.197385326023171,0.1737261481891,0.152864530090752,0.134186594676839,0.0926842778863788,0.0603852123953236,0.0160523624290803,35491.6351524428
"203",-0.210347502648988,-0.220001124416827,-0.280490898191177,-0.19563501698386,-0.159363323729942,-0.0753315641798613,-0.037045480308006,0.00311646686944028,1.00442233680809,1.01475964349452,1.03773664323109,1.01286210040346,1.01015915592404,0.993222480957991,0.993958259462782,0.996381745826096,0.215304655995694,0.195635231107039,0.171814538572687,0.151544695089464,0.132968615995665,0.0914407921227096,0.0607099006156015,0.0160690760526549,35487.2124691917
"204",-0.231855121912343,-0.227177790857649,-0.258842177804305,-0.180191331840183,-0.104602565294575,-0.0827588649082567,-0.0312286584572614,0.00547144236746916,1.01221231180828,1.01641954222935,1.02655073050927,1.00806406301097,0.99179970388073,0.997206677564874,0.991554425032043,0.995342586921281,0.220602683359346,0.198074064311573,0.17072802472905,0.149831477369732,0.136096532170738,0.0902712890901276,0.0605775103886462,0.0160669384339845,35494.5607653724
"205",-0.227038616979657,-0.190537815590612,-0.250347112245933,-0.163345158576358,-0.112504524463424,-0.0898800464029959,-0.0295541297579913,0.00271068359879288,1.01156231178999,1.00781987089372,1.02577420909012,1.00222149225262,0.992937280542316,0.999594836430992,0.991108144912039,0.996253891346161,0.214341890655786,0.195707151220162,0.172607041844678,0.151589572852474,0.13321831522609,0.0912669397431164,0.0601279724216252,0.0164768983642481,35497.9963113639
"206",-0.222755009527523,-0.243748404723932,-0.253013498998486,-0.190695124627155,-0.143623912892829,-0.0751455782650648,-0.0338693041417011,0.00265265396636492,1.0103678227361,1.02370698050668,1.02655368290888,1.0117946453606,1.00344349469858,0.994245030808472,0.992379593486829,0.996416271883655,0.213370776966435,0.195729895003159,0.173004433847773,0.154314638913419,0.134907882363014,0.0913254867485848,0.0591156242908253,0.0163709772909055,35497.9941122769
"207",-0.256945931816096,-0.263805045706895,-0.237906512910973,-0.189169784949324,-0.13401895603971,-0.0771885573715461,-0.0372203055948529,0.00456493038421851,1.02018262667127,1.02890307899535,1.02118803920048,1.01039319395239,0.999907010453665,0.996408311838766,0.9942591010445,0.995762489633214,0.214785373171158,0.19511123572845,0.172632028572508,0.150178384766408,0.134116699457125,0.0924083796863838,0.0592846856235229,0.0164833560464364,35493.8126097282
"208",-0.256262347151871,-0.211796944468377,-0.253310859615833,-0.166409383939027,-0.11306138420369,-0.0763765017506082,-0.0334407404183258,0.00292444164220305,1.01831837676497,1.010652479452,1.02779364585853,1.0039121054263,0.993489155795071,0.994687467748032,0.991622677519335,0.996431691851017,0.220366548011507,0.197962009348849,0.171982463812251,0.149922356524318,0.133845067966721,0.0913077482521635,0.0605985035481915,0.0169692026150969,35492.5658842103
"209",-0.209891236340211,-0.250344899423044,-0.250592227687127,-0.163281338374215,-0.131177798433501,-0.0794124969266491,-0.031594682284332,0.00393338616952608,1.00646079096557,1.02372075761527,1.025321359246,1.00164701081961,1.00082202158458,0.996489774483778,0.992210359826869,0.996041693082881,0.214591221425384,0.198845851834107,0.167796851190014,0.148891526350566,0.135738754997696,0.0907657826258781,0.0597299298632523,0.0167924961950693,35492.2781182615
"210",-0.226338035860941,-0.230595024238649,-0.242379792004665,-0.171227221495398,-0.13374309921676,-0.0604523053709956,-0.0375265293555247,0.000216453456436837,1.0088799278215,1.01832889378691,1.02243246209476,1.00645280322362,1.00081974562659,0.990185033035953,0.994353657691661,0.997271052790224,0.219792676037215,0.196771888123353,0.170101045112296,0.152153579022826,0.131573449477977,0.0893946063435429,0.0605721187043292,0.0167472526863778,35492.8819383824
"211",-0.20810760856092,-0.237804841406858,-0.248136387638078,-0.172868795428788,-0.104546867767467,-0.0834840766008481,-0.0276129644654387,0.00270839945986344,1.00473866903454,1.02174546375347,1.02513087431225,1.00599875866469,0.990869330233871,0.997014379983327,0.990787183691811,0.996303758208909,0.221068455449791,0.19848953368353,0.171233031822165,0.146380142255851,0.134691740282252,0.0893292411994378,0.0589638310292893,0.0162936411169385,35495.8057150083
"212",-0.267293490736778,-0.203058698126036,-0.238414078200858,-0.180207608534388,-0.114987201548147,-0.0734051032231996,-0.024484005723508,0.00137475655559419,1.02241212809746,1.01172240534404,1.02251769896365,1.00789906250255,0.994177194075909,0.993957443896308,0.99008521262464,0.996957397571393,0.213078636033521,0.194231968199207,0.17481906211719,0.151321225849921,0.134869342301024,0.0916698290556446,0.0608423184459359,0.0162689801269439,35495.08501889
"213",-0.218888488823943,-0.237748557406161,-0.26172003975923,-0.17153716537269,-0.12528157642824,-0.0775486681087026,-0.0306363298921119,0.000555093857366565,1.00778283536826,1.01996470855086,1.03099153129754,1.005498838633,0.998130805553623,0.994407707998636,0.991910195126193,0.997203841459573,0.217517112843756,0.193370450755941,0.17226474877884,0.148185371134718,0.136277575919873,0.0897204869014734,0.0601260346998574,0.0167986950285197,35494.9378253482
"214",-0.236566281172588,-0.219646018182213,-0.264383269315646,-0.192074467569684,-0.121239396509654,-0.0752670533971817,-0.0284992862396147,0.00320161798510797,1.01353192046754,1.01541395971925,1.03012699435124,1.01426470716525,0.997733192498181,0.994403974855702,0.990640764194883,0.996333336384326,0.222421223679345,0.198360700103826,0.170298637270138,0.150130871030691,0.132179797770891,0.0902273469231921,0.0590106844823732,0.0163249049755798,35497.0125747376
"215",-0.255627777352284,-0.249414273727549,-0.250143219296614,-0.173104531365387,-0.137488724947453,-0.08613795571033,-0.0324602364626514,-0.00143488352109145,1.02262143617182,1.02532161628883,1.02375163741725,1.00802997967249,1.00099693356691,0.999061408501142,0.991967880580329,0.997535139794476,0.213620096851017,0.195646223996362,0.170294255286007,0.154053224343137,0.132195231017251,0.0910384973795399,0.0599649839562235,0.016661094440481,35487.3706032225
"216",-0.255435684326808,-0.217814912128645,-0.244559579220319,-0.157873742158624,-0.134814225228071,-0.0791879100368838,-0.0335238171744247,0.00257265499771032,1.01763389187746,1.0166278348456,1.02353290550152,1.00186510954557,1.00276131219134,0.996164383189218,0.992615214928503,0.996546177775691,0.227227731947069,0.199822360316674,0.173573142069669,0.151919330218243,0.137692435675378,0.0900009352817692,0.0593324059225294,0.0162219652550078,35488.3894654631
"217",-0.244347858580835,-0.194192146234737,-0.244854799581849,-0.17828680169613,-0.12295733788074,-0.0736449834554872,-0.0361936212130008,0.00218339298894619,1.01549759708746,1.00656579882313,1.02295097737289,1.00769599068006,0.995389961636415,0.994217445414039,0.994093775109817,0.996427188712795,0.215484133344466,0.199443158964432,0.17501718975235,0.151411911490602,0.133423351125506,0.0905165360053399,0.0606228661311257,0.0167396098321072,35495.2640394211
"218",-0.224084233931423,-0.237598596897579,-0.272425330992362,-0.193926318242844,-0.113112850789973,-0.0877599893305824,-0.0419034047682577,0.00101906302206895,1.01275927302714,1.01962309647307,1.03118912921998,1.01267177993654,0.994005505429355,0.997706642760187,0.996396829882481,0.997129014317524,0.216228574422313,0.19515404067145,0.173424505394629,0.150685176580268,0.133254005519732,0.0892096982619871,0.0602592772779578,0.0165076024255424,35490.1636341306
"219",-0.195840129848336,-0.219364432076332,-0.231769675599485,-0.182558630709081,-0.122939291604863,-0.081443280363844,-0.0238467180382696,0.00246596783467697,1.00135827052416,1.01358123781098,1.01885399020388,1.00750332603382,0.997549715216617,0.997659393456678,0.989645540669754,0.996464031001207,0.215513454086343,0.194966253187598,0.175900143665709,0.15814704045058,0.136108087688762,0.0915374744447673,0.0586492828044362,0.0164218117568421,35488.5208824188
"220",-0.246499778674109,-0.218959309653451,-0.235105760689564,-0.173559497304929,-0.116247834193985,-0.0789094281564394,-0.0282574530250828,-0.000458883187965885,1.01669208522447,1.01512619188073,1.02148496503389,1.00553115814288,0.994913137412571,0.996010396312771,0.990698208844297,0.997576308727045,0.215181904989035,0.194577228793316,0.167139423273983,0.145412227189385,0.131876376415817,0.0911108820778095,0.0597224968356458,0.0163395911663864,35494.2613412808
"221",-0.259645221191219,-0.1989849998827,-0.263861921747586,-0.167390153664856,-0.103751972559432,-0.0795196070470995,-0.0323734833101841,0.00296087863742013,1.02207656044324,1.01029506122207,1.02822337431939,1.00520953076348,0.990306087067669,0.995185861983342,0.992190882218988,0.996282102826411,0.219912423021535,0.194700270674642,0.173049648924113,0.151168933015656,0.134367957795838,0.0932486612822151,0.0587149328461666,0.0164209311454392,35496.0897129233
"222",-0.224077165335741,-0.212854959450334,-0.250717174371799,-0.180511932789936,-0.122165306374188,-0.0836302742335046,-0.0376604561894771,-0.000189439971126202,1.01268844065626,1.01144408576111,1.02554065565601,1.00780957052751,0.998250895914931,0.998147131280188,0.993580828810244,0.997347772395763,0.2150296139533,0.196282841158491,0.169326076744836,0.151653735404583,0.131185316298753,0.0913609072063755,0.0594260591938926,0.0166832111955702,35494.273447653
"223",-0.214560629678256,-0.203374294105918,-0.211791744239016,-0.187716693567995,-0.130150210281599,-0.0741924193183724,-0.0380917893930163,0.000534375441805481,1.00782276294091,1.01043489464213,1.01300916741241,1.01059591229752,0.998672827489364,0.995617186736703,0.994409348115255,0.997190287085186,0.215845671620731,0.196232634290698,0.172747587892866,0.148527276920554,0.135153833329738,0.0929629983785272,0.0596677256243869,0.0161239014861268,35493.2677093666
"224",-0.227389982121067,-0.245581798435799,-0.250554968116198,-0.191512763726977,-0.123788922022498,-0.0738358562374301,-0.0412489431182666,0.00224112247748812,1.00949717163695,1.02573894367957,1.02560796621626,1.01225462819838,0.99790645263289,0.993349361820121,0.99588013422444,0.996411083817431,0.219200975221188,0.19003364020003,0.169916454708399,0.152859331085822,0.136835896505042,0.0903192545438184,0.0602385790102838,0.016683602888116,35491.660753614
"225",-0.293716739447695,-0.225269059737569,-0.242750924063879,-0.201659556943961,-0.106835249097576,-0.0758853947856776,-0.025508343364409,0.000820345170150285,1.03217065091054,1.01597410209049,1.02341953751866,1.01648241579844,0.991197596534107,0.994380811457969,0.990023570704464,0.996901975355826,0.218950067744683,0.197874162237834,0.173717159095233,0.150129000708278,0.137190683256098,0.0918939345811401,0.0594488882539827,0.0164982529097206,35493.9494984163
"226",-0.265885267507472,-0.212720019649985,-0.250855310740429,-0.168130347374785,-0.103827586101319,-0.0864930023260272,-0.0354980982686767,0.00104785743011569,1.02461429543438,1.01247197687662,1.02292412418562,1.00415381255544,0.990223091226177,0.997807294056271,0.993526306688311,0.996918915037108,0.214884559160175,0.197824653809044,0.170229731910632,0.150455444944649,0.135917884374804,0.0916397886273174,0.060602929962669,0.0165671861303485,35495.4295043961
"227",-0.230209628260266,-0.251898502786518,-0.234870209817193,-0.205667800280622,-0.115820964767829,-0.0754361879234283,-0.0312471224080518,0.00197481098814461,1.00866268613938,1.0254130027231,1.02021026000323,1.01770089434905,0.994180405746761,0.99446838115942,0.992401731012674,0.996762654385078,0.214497516479877,0.191642365641023,0.170032755852032,0.150598820433197,0.135113054258445,0.0927358851036536,0.0586520426400823,0.0164590726140351,35492.075304307
"228",-0.231778863570894,-0.274271686982989,-0.250946022821228,-0.182089430197315,-0.140723153246107,-0.0768161203445161,-0.0406034633295426,0.00219792459438164,1.01408238866693,1.03361071988279,1.02558524127366,1.00904412973359,1.00453662213362,0.995406270798995,0.995615327296849,0.996611287866559,0.226452293038512,0.196294092054318,0.170290918519863,0.151783619588686,0.135641171512675,0.089416088596848,0.0597881606427136,0.0166642134644166,35489.0316501736
"229",-0.294021715321513,-0.242798767029251,-0.25293861774769,-0.177583168225499,-0.102261214817042,-0.0784365232282075,-0.0368743024760265,0.00289997664776474,1.03440176499514,1.02092394724804,1.02796927206374,1.00794123786353,0.989773757417665,0.994464904217995,0.993500323980103,0.9963506836509,0.219260732486803,0.195771166525801,0.171162186799878,0.152877069891594,0.133758128837846,0.0889621305078104,0.0598915139344629,0.0162739948036927,35491.627283698
"230",-0.262644994980148,-0.2472396863161,-0.266646800093267,-0.203362571996517,-0.109233442902613,-0.0709649839835375,-0.0297138183357735,0.000191070617598652,1.0218180645591,1.02255754175921,1.03126155310806,1.01519002774127,0.992931764084783,0.992994512120921,0.990784730213568,0.997135191290829,0.221244370417407,0.19666956124699,0.172705264882236,0.153868167760038,0.133884642976252,0.0905864382818355,0.0591296360824961,0.0163034778669423,35494.0981397931
"231",-0.241182333204297,-0.224919483832089,-0.253699069540978,-0.19830696292557,-0.124980511972783,-0.0679867117974704,-0.0278182315711622,0.00219695920623071,1.01774015967436,1.01511140982706,1.02627395616181,1.01489936621726,0.996358829531288,0.991809213413541,0.990595006900686,0.996461599828898,0.224545323658266,0.193580430710324,0.171742846402934,0.151350487539199,0.132127536750446,0.0935832300751563,0.0602325149377649,0.0160908295058619,35493.7615051546
"232",-0.250628177544267,-0.211450068957266,-0.219583226922314,-0.172980758376933,-0.139078840341009,-0.0733768392400122,-0.0351104111710997,0.00156786605685222,1.01987402323836,1.01261454513919,1.01394429263931,1.00603605316956,1.00241808294184,0.99439979903239,0.993390415675763,0.996891231128419,0.217743351866719,0.195023423256485,0.173322013849374,0.154361260756376,0.132889271885702,0.0932414967463918,0.0608337834339706,0.0165088599343127,35496.1154740544
"233",-0.20643608851075,-0.241301250232449,-0.211136610429452,-0.193153690853082,-0.14414868866814,-0.0744668318585233,-0.0353489874570103,0.00291927778707578,1.0051824470531,1.02112361303084,1.01250831362237,1.013167218026,1.00475476014308,0.994121167920375,0.992482610604879,0.996271042064958,0.216634435560521,0.192079610366077,0.173587375989373,0.15300294561596,0.133215675809129,0.0920899354738966,0.0616368220475347,0.0163833936066984,35491.7891012612
"234",-0.249878437675145,-0.189074082682803,-0.267202231890829,-0.151640734766907,-0.106323075939579,-0.0780230090832665,-0.0310492811424482,0.00188392543828155,1.01618855585858,1.00481317059167,1.02851618027071,0.998251538550429,0.991424188912057,0.995976162309006,0.992436895856575,0.996762629256262,0.214484984004818,0.195700383461249,0.169505467241359,0.148343206739586,0.135734870084013,0.09182775791978,0.059742060626117,0.0163775866073368,35491.1480770163
"235",-0.225494386816755,-0.216889804058669,-0.251451751358641,-0.174145258628578,-0.115458455966848,-0.0725553824808933,-0.0382396824370151,-0.000380592189504124,1.00965660573902,1.01512739493665,1.02525289531884,1.00660461012554,0.993544292830379,0.995078281079828,0.994002097714233,0.997562721078681,0.219748027532157,0.195239526734479,0.173072693293776,0.14759219430678,0.1337487179405,0.0911658828338486,0.0590201525921439,0.0167229463253976,35494.5683691021
"236",-0.258360258284035,-0.208456458593876,-0.258214547219171,-0.176436916346843,-0.126532224897736,-0.0687931274506271,-0.0327618841153527,-0.00105992345928944,1.02160804469637,1.01186585060043,1.02869660537128,1.00645072376813,0.997219142546988,0.992000451116577,0.992606380555603,0.997671356798819,0.217662218736813,0.196660985118802,0.169916468952334,0.148277455258885,0.132579503584299,0.0935858477704211,0.0601808558092377,0.0163927147505514,35495.811651258
"237",-0.233535296452037,-0.182289491101566,-0.243882855199097,-0.182492093191821,-0.122662048180202,-0.0704221992987894,-0.0368832901011409,0.00381908683874994,1.01120312036763,1.00332264937419,1.02193955945166,1.00731457679695,0.997543815814899,0.992158404595425,0.993200331102002,0.99589920286661,0.217981520897122,0.19051009341824,0.174278366563239,0.150823904138792,0.135581862513553,0.0897284295443148,0.0596197129470302,0.0166703417663109,35491.4462469215
"238",-0.250666760231978,-0.248012767227046,-0.258942738150502,-0.149960986851368,-0.121894258892553,-0.0813464073044609,-0.037359071663834,0.00153154851239203,1.02133522779784,1.02447320077023,1.02746351833033,0.997729067094917,0.996657053606793,0.996882517785654,0.993500206329839,0.996735866028658,0.216315981158629,0.194747969632114,0.176416982272448,0.14919653337825,0.134108762560867,0.0904241176020459,0.0597824084048491,0.0163300408153242,35495.2468181795
"239",-0.201258934306126,-0.236705993552425,-0.257497571984608,-0.168775406862809,-0.129699552633745,-0.0711628565299487,-0.0332249428912011,0.000818085060205972,1.00321998897907,1.02326670219817,1.0269379634893,1.00463093597671,0.999899403562636,0.992692236421947,0.992426330101916,0.99701363208123,0.219035193791201,0.194656499583838,0.17256175461555,0.15007262726734,0.133725864347274,0.0911586007051194,0.0597941015509297,0.016357014677219,35498.6740198026
"240",-0.246241011612034,-0.215966482838611,-0.259308275257438,-0.144966376288961,-0.106538179434753,-0.102706111971729,-0.0340628823464476,0.000609422044741136,1.01683112269377,1.01348384092233,1.02795372834316,0.99570944270284,0.992558981486148,1.00444185918981,0.9922300023039,0.997295393657774,0.219428901009486,0.195967866868159,0.171283898258703,0.152687857944133,0.132841634382636,0.0926704757504467,0.0602912077755003,0.016305290281606,35490.406713572
"241",-0.252966463587206,-0.206748106798381,-0.240157658653943,-0.192571604361679,-0.111729677419633,-0.0606385808968263,-0.0290374044842613,-2.58297968638425e-06,1.02167780954238,1.00860550486395,1.021514750448,1.01259626701718,0.992564421088194,0.990099708994548,0.990527821278839,0.99740115658721,0.219225194100087,0.196861455834076,0.168167130203908,0.153232733626167,0.134782315872606,0.0896707155256524,0.0588825818792664,0.0164482404780972,35491.5894255567
"242",-0.271718559471312,-0.243962868140502,-0.246586033833483,-0.153075925923838,-0.127543676476169,-0.0708229030538745,-0.0341633551888955,0.00599755688072697,1.02342958971012,1.02342662050458,1.02377363105911,0.999327250368855,0.999120488657,0.992445101851741,0.992646853939654,0.995329982658427,0.224795345619705,0.202534537724809,0.172412318472883,0.150545312672135,0.130844730136876,0.0919163831758089,0.0601117961005283,0.0164303435641386,35487.3579421922
"243",-0.25953194106051,-0.206691915828193,-0.238633412569253,-0.194069670445652,-0.121830050536654,-0.0968786766295022,-0.0323320605591453,0.00397614196712279,1.02268138194717,1.01272631758687,1.02039709298606,1.01414105367693,0.99681370168377,1.00175514766573,0.992719341437763,0.995955096342165,0.219405720251091,0.193637173236116,0.171938301900878,0.15015807697665,0.132566979391398,0.0932762411477097,0.0602461487839948,0.0163156912904851,35495.8765063823
"244",-0.23317880982388,-0.195990821643784,-0.229713119368258,-0.204130204975007,-0.117696495361525,-0.0832449243915754,-0.0330120711909194,0.00368019172915917,1.01369835924121,1.00822873896824,1.01770755086732,1.01528297246142,0.994685379518196,0.995912262202324,0.992207398412289,0.995995239623968,0.217206033715777,0.19285153322485,0.17633135479156,0.154693647466448,0.132840041680585,0.0907539703976329,0.0598301993990638,0.0163485872353548,35494.0789217909
"245",-0.223512232176588,-0.215729778108326,-0.232007764366733,-0.209808118663274,-0.1388016035538,-0.0743459588619252,-0.0316197758007511,0.00426517855281252,1.01117988444582,1.01444517557191,1.02116747003288,1.01760178930992,1.00226497678998,0.994579040721044,0.992035856701361,0.995710025278559,0.214460315807979,0.188427818476053,0.171059073725833,0.150633985074268,0.1340021315509,0.0901407482860095,0.0591693045518843,0.0163523902247341,35492.5783592612
"246",-0.291190366425164,-0.230069409491192,-0.256720130361575,-0.165925796396449,-0.10449228630153,-0.0755841786969182,-0.0350154856931619,0.00296578485712201,1.03115371554594,1.01795693172105,1.02811961917818,1.00358271287749,0.990900719413451,0.994919146298115,0.993739926414202,0.996300353577532,0.219381550287978,0.193996358301463,0.171189680779329,0.15472123640481,0.134244962961798,0.0927477634306484,0.0586450875941189,0.0164645373397348,35493.9343893515
"247",-0.225826767298202,-0.229841244020949,-0.253805500758212,-0.180727681830878,-0.121952782292898,-0.081912582648352,-0.0301608415753256,0.0033234969633538,1.00779032023271,1.0190066803262,1.02634556382987,1.00703360905725,0.995057723111195,0.996888569397547,0.991220483042864,0.996096762008639,0.219423607997248,0.200109141322955,0.17468836071988,0.151778147195076,0.134217989812592,0.0899797034969341,0.0590542009494768,0.0165157627675511,35495.1546294198
"248",-0.262127772550122,-0.205300789927141,-0.267322484665217,-0.18869990607837,-0.124540581605149,-0.0823317224382519,-0.0308970711005646,0.00127339582708208,1.02252847017779,1.01283582251414,1.03002851956448,1.01031432581701,0.996852817817795,0.996059706594855,0.992366382398126,0.996864905967547,0.219769193771276,0.190760894023212,0.174309618774601,0.151389859585725,0.132954344771103,0.0905117024698781,0.0579673828246141,0.0167255058897261,35492.34295354
"249",-0.232028697500695,-0.208552983465329,-0.249917636122044,-0.189369956819404,-0.125831934730063,-0.0865731431641573,-0.0225090240760793,-0.0019814993038206,1.01317377224138,1.01249150486653,1.02331422689204,1.01135075401089,0.997127994120437,0.997959758433276,0.988942928430879,0.997913577491519,0.218862251871747,0.192706705944153,0.171905949380256,0.150577295952804,0.135851800443998,0.090631817200949,0.0604833333469706,0.0162214283376418,35494.1906035229
"250",-0.244019955220915,-0.215442708949606,-0.253633886975926,-0.169919623945281,-0.127994323189456,-0.0784143775677156,-0.0395287743150803,-0.00124503474852282,1.01816833345193,1.01486092772045,1.02432431480372,1.00441660700037,0.997705867911971,0.995260219317139,0.993823706917809,0.997707267856624,0.219882534068925,0.192849519628043,0.173379823993876,0.147550197683777,0.136455516315313,0.0929081212125169,0.0592804197609247,0.0158090797187808,35487.1749728867
"251",-0.288472528128555,-0.196375116964533,-0.244565779794057,-0.176834000377629,-0.141085180133284,-0.0830945755796609,-0.02577738776002,0.00205580041551707,1.03104755299057,1.00679039514502,1.02157130369956,1.00763712615842,1.002596107177,0.996028741942508,0.990252601681608,0.996509561719863,0.220623450229264,0.197621079824786,0.168208668442725,0.14719205598838,0.133615814690624,0.0936927497424061,0.0594283207843321,0.0166645729803698,35489.6006019375
"252",-0.215072205228461,-0.218664964255263,-0.256217164164582,-0.192392426633796,-0.110281608450833,-0.0727469332960934,-0.0286558465224787,0.00474174817412525,1.00602518680923,1.01532068324338,1.02725021229919,1.01118156470235,0.993754077867815,0.994051998567475,0.990890937002112,0.995600101048089,0.215183097036936,0.195739735210007,0.170044798297359,0.152960697710738,0.133450664274402,0.0908599192762299,0.0591497863230877,0.0162139820300554,35497.1217819833
"253",-0.217350607608404,-0.20093473004886,-0.211808896742844,-0.161679429483681,-0.117982443495991,-0.0937222244006201,-0.0200553769429954,0.00154682825225267,1.00895683457747,1.01172256575812,1.01331332784781,1.00125167445285,0.995884355372063,1.00228646170229,0.987914397926939,0.996877200333559,0.217853207013768,0.190220638957804,0.177255327338242,0.150995473128137,0.13215019730019,0.0901025411721697,0.0608743713440086,0.0159947063732291,35483.3550117387
"254",-0.23986648263653,-0.210073269938883,-0.261890490426145,-0.205966393464232,-0.122576327846083,-0.0880268882039311,-0.0299198620440749,0.00313635472353473,1.01466708530239,1.01213731032022,1.02859900914023,1.01790761015722,0.996427020412967,0.999839262261041,0.991171855028554,0.996229741068786,0.215993430777787,0.19087414450775,0.178362391104793,0.151638500607886,0.132730713764285,0.0930517181820596,0.0602355451450437,0.0163855969451769,35493.9886200478
"255",-0.231907921563365,-0.234488829532754,-0.259462835255209,-0.21764178948089,-0.0955857040607587,-0.0694126508604913,-0.0347678471541961,0.00260247314354252,1.01391079524833,1.02028759968487,1.0315529564791,1.02160926926909,0.987177207209374,0.991085261992724,0.99292351611998,0.996341574895995,0.224534732377734,0.193654182142602,0.171391006745604,0.151084388546816,0.132403221671911,0.0898041717365262,0.0593683492582075,0.016532242094626,35486.4993326633
"256",-0.227884251585998,-0.222206491517595,-0.27489309597405,-0.208247409501229,-0.111643871688249,-0.072681292579624,-0.0377377261192829,-0.000372271334502453,1.01275169467693,1.01814614050915,1.03161712501353,1.01754102963281,0.993289224136964,0.994351282063144,0.99493422218861,0.997651752421769,0.221603344186391,0.196798762917219,0.173430729194386,0.15153645755199,0.132677858639544,0.0908387636750562,0.0606159081799313,0.0162874681336695,35490.5748801143
"257",-0.256075235765073,-0.1468403439549,-0.246849988778886,-0.188568782823912,-0.120378243196007,-0.0676176764419144,-0.031764038389783,0.00343938559833745,1.01858566121602,0.992909886964357,1.02593794583498,1.00992560727417,0.99664320552049,0.99276575702153,0.992004146981772,0.9961882229584,0.219374564977012,0.195969396864137,0.172902900048229,0.148971126752215,0.130297970887947,0.0918395512625943,0.0604485844089653,0.0162008327703961,35488.1885281767
"258",-0.235402188192335,-0.241971095477398,-0.241677815937317,-0.181825351220875,-0.116092590393959,-0.0808676282852893,-0.0374424304713896,0.00316193579252567,1.0130874677528,1.02190690040566,1.02281421941134,1.00938231884918,0.994815870592212,0.995844835861471,0.994292913843066,0.996329403327392,0.217215178712093,0.194241210171847,0.171304844175729,0.151205902137865,0.13408983341376,0.0913708206495699,0.0598736090915437,0.0162893244720328,35500.951510568
"259",-0.244420990756518,-0.23034322001845,-0.235324180481268,-0.199162202225985,-0.138841817958035,-0.0826725541934198,-0.0207321680886845,0.00283459456817929,1.01743401361692,1.02030283076498,1.01929583366736,1.0163649847683,1.00063805914376,0.997314029036936,0.98818076786397,0.996332776875063,0.216570197252914,0.195786823131085,0.173645578819925,0.152012565678214,0.131027024032693,0.0924927879881347,0.0589571788690236,0.0165507029368799,35493.4057519313
"260",-0.226766679371838,-0.210419946281565,-0.263711621063368,-0.189252257923751,-0.114862752839339,-0.072544294838269,-0.0401507245365782,0.0024467979162247,1.01067811864904,1.01404635502736,1.03101563610718,1.00970316105363,0.994005504329344,0.992612236269553,0.99520358052876,0.996467301386907,0.222829247858263,0.193599008953398,0.172763519936845,0.156394650379337,0.13325519942866,0.0919552867014429,0.0609534567662996,0.0164804100864581,35492.018146801
"261",-0.233442001026696,-0.22336423849861,-0.260694302562566,-0.172069433897643,-0.140448413247871,-0.0703228759845791,-0.0338466506152614,-0.000312642082112953,1.01300906193953,1.01759772035486,1.02745816490987,1.00523664320652,1.0034355883526,0.993160533293729,0.992236511629633,0.997300477105076,0.216943687370811,0.192116693027354,0.173185331652753,0.149573278154784,0.134978381440957,0.0900607512406404,0.0584560831124449,0.0167640229095806,35494.0770939766
"262",-0.246566698161884,-0.22479027262563,-0.230611141903554,-0.159565314226107,-0.112291940321543,-0.0752286419417897,-0.0317171297229836,0.00170544408878551,1.01857561492602,1.01470011988504,1.0195512873283,1.00242631581815,0.99293940467157,0.994359213927833,0.992728888706373,0.996670228760079,0.216528583255394,0.200766660946406,0.169512871901139,0.151558567089689,0.131788470891512,0.0924201242189916,0.0599060255440258,0.0165583002654249,35494.4136821298
"263",-0.241660486622393,-0.183331622052172,-0.234980758794314,-0.185375005775938,-0.125376182230966,-0.071490292462893,-0.0287887250013647,0.00264093740290683,1.01585939845832,1.00364426946532,1.02027421198244,1.00921873334711,0.998183218888261,0.992785700655267,0.991409435477089,0.996307025394112,0.220719429927359,0.191838740757342,0.175796236138227,0.151199552965477,0.130705644544583,0.0916886160674921,0.0601504792079728,0.0163298174568176,35496.2225428669
"264",-0.272289698148147,-0.23652706695053,-0.259285322319258,-0.200532810577796,-0.126229662089101,-0.0719560750260361,-0.0339324547988297,0.00265806888497194,1.02937551010578,1.02013248307477,1.03028462375034,1.01530039808592,0.999006931731276,0.99447057842997,0.992621558043879,0.99630384282686,0.223801718603065,0.200287809971891,0.170880664809414,0.150298414840731,0.130858364766093,0.0917198532790606,0.0598421797638278,0.0164771305735196,35490.5792873047
"265",-0.195474130821842,-0.220929047461134,-0.230424698393601,-0.189020449905572,-0.141458997102193,-0.0860377259292345,-0.0230590910143321,0.00112579383439601,1.00058466071221,1.01551265304466,1.01951240450048,1.01230591569176,1.00312012054896,0.99717225770147,0.988772486828388,0.996926446904387,0.220733591651896,0.198206124386228,0.174239428063562,0.153866121842267,0.133540524178259,0.0945934644464858,0.0595061585658638,0.0167456202006237,35490.5458620889
"266",-0.26105787020358,-0.231592036078132,-0.26260339987482,-0.187763700416063,-0.109258242336136,-0.0832078373129072,-0.0294773680535849,0.00156101756300141,1.01926539311531,1.0179181733612,1.03062594837635,1.01002452684063,0.992226672413453,0.997418469783231,0.991124974304456,0.996620020956855,0.213219766353859,0.195268808499663,0.17060081165057,0.148367188145247,0.135451757365869,0.0897717780448615,0.0597728373421131,0.0161839070362917,35494.0491675414
"267",-0.22357624938946,-0.241047604889225,-0.250746404826514,-0.175789181770911,-0.1293320225761,-0.093458667795995,-0.0357735995488286,0.00292343330260603,1.01110835510323,1.02245302484888,1.02606400686737,1.00849690994301,0.998982423725901,1.00023985592138,0.993249696591527,0.996344238200699,0.22580925757759,0.200831482607389,0.16954348015351,0.154717144453908,0.134387695373664,0.0950200255563003,0.0593687825859355,0.016507736886747,35488.9577964739
"268",-0.226927856833118,-0.234641259542847,-0.229589168717875,-0.174397343966526,-0.105923903616682,-0.0767404388249363,-0.0324890414883386,0.00237837186849308,1.01311917029961,1.02124939997171,1.01770853754802,1.00573533323794,0.992001426993032,0.994821333604509,0.992721938108417,0.99640848038373,0.212764305286623,0.19281186077958,0.173420945902456,0.15314873727274,0.137535170649095,0.0908107250944435,0.0587244597923892,0.0165194615998053,35494.0254155849
"269",-0.214914949057266,-0.205687746357118,-0.245408462573888,-0.180948285393098,-0.133631830708033,-0.0816838642516441,-0.0303122360887609,0.0026724239009904,1.00588249392934,1.01231351514581,1.02343308571706,1.00938476700589,1.00111716618248,0.99660288950645,0.991680754945297,0.996323632414032,0.218053622385586,0.197656588120093,0.169673865082069,0.150039822852728,0.133476663173246,0.090359390299449,0.0593483582938533,0.0159723402666495,35498.3200193311
"270",-0.253728336639752,-0.223406195235734,-0.257471784281153,-0.207308853858778,-0.130269743339206,-0.084130411025988,-0.0349664095656265,0.00235342183270517,1.01966595308924,1.01842235982405,1.0283110952596,1.01701969946905,1.0006195697969,0.996853352779115,0.993560477365822,0.996407364808374,0.211058963467545,0.196043416444244,0.170206087263091,0.14917658578942,0.132987115430233,0.0928449339511961,0.0624273942512459,0.0158847482712007,35487.5008690477
"271",-0.215791342929296,-0.238989439045927,-0.247150907223597,-0.228814402523531,-0.126396717768027,-0.07450792043868,-0.0390301987414206,0.00238415899782366,1.00901430754697,1.02369382836882,1.02442978695659,1.02568379611413,0.996626733428093,0.99428169872609,0.994421933765221,0.996527388291015,0.222924823359131,0.20003897262875,0.170289858712235,0.151800132759327,0.130062184931747,0.0918680814458821,0.0600569324627393,0.0165198805159227,35488.6720649087
"272",-0.250793757870001,-0.197251802815187,-0.244545519429625,-0.189607980451477,-0.116938575648594,-0.0901651984918425,-0.0314378546749445,0.00116459182491151,1.02075709737435,1.00921988363875,1.0239962579686,1.01314788236178,0.995531986585233,0.998879621561616,0.991943394484183,0.996931008547426,0.220375168403101,0.191452234166497,0.170233078589374,0.154965176874331,0.135319357548861,0.0929366533764442,0.0593415201020463,0.0167392773232237,35493.8833899541
"273",-0.234897368094222,-0.234584940340046,-0.248774216764556,-0.210719654985062,-0.120283022395826,-0.0770264253823864,-0.0426308404433486,0.00182135760974517,1.01521719303615,1.02022999975083,1.02352987792727,1.01926573558821,0.996911225642046,0.994918799702425,0.996117682169886,0.996646910321435,0.21768504336352,0.193930863942215,0.172840486186449,0.152341782968104,0.134814399565009,0.0924762479882948,0.0584320301226626,0.0165048174150804,35495.3238669923
"274",-0.25058267592921,-0.220046079997581,-0.261527596858932,-0.169683993024738,-0.13289640105737,-0.0765431403500945,-0.0289128969619288,0.00109049268643649,1.01790830435195,1.0164083065522,1.02960911353664,1.00569755932295,1.00121136804901,0.995463246870176,0.990642228856681,0.996751829728336,0.221969444148149,0.190659810771659,0.173757049339641,0.15136443909675,0.135041703520227,0.090691407225726,0.0601814150606634,0.0164103838617147,35496.6720285488
"275",-0.243767325273334,-0.209452360391189,-0.244636430535978,-0.192415815852171,-0.121575348155701,-0.0781051973971103,-0.0370247655717077,0.00315959751767057,1.01576736452689,1.01150467564869,1.0237207156917,1.01303202743401,0.997371397707575,0.996312772792195,0.993967134621036,0.996182288622902,0.220333671896843,0.193519294854802,0.175631058922097,0.149935145792851,0.13530874951342,0.0895080557509999,0.0605865917802878,0.0166201570055322,35498.0506351043
"276",-0.294865220636245,-0.23017014340387,-0.252514890281022,-0.154504035570385,-0.120259876625407,-0.0743804884589302,-0.0245487412095715,-0.000449444928844112,1.03236291189104,1.01725655385655,1.02482931980409,0.999877870069806,0.996545435612087,0.994314027775426,0.989460537357702,0.997601064993135,0.214961169924677,0.196008462278445,0.168715282719887,0.149781272923138,0.134890765051185,0.0923999100901001,0.0610098750257146,0.0162899835001393,35491.3682555057
"277",-0.237469351505096,-0.221751397384009,-0.236526832016292,-0.194136348745808,-0.145131608901683,-0.0698722313770555,-0.0297135595652776,0.00415793063275533,1.01330842451912,1.01705605699928,1.01984238656583,1.01301829571911,1.00429190221838,0.992983301185537,0.991083636641844,0.995981916073203,0.221779709228304,0.198288159602529,0.17696467920043,0.153219515705984,0.132986976359109,0.0909062846623904,0.0618459067443375,0.016245662238151,35492.4775688041
"278",-0.241007057492989,-0.219927337316219,-0.241682058818345,-0.189025637756313,-0.113588615950376,-0.0809709226929931,-0.0376134004522883,0.00345801241722027,1.01650267857359,1.01366436165582,1.02354349784195,1.0122360882078,0.993378301101604,0.99628692294319,0.9941418203054,0.996036505961137,0.212963522174433,0.19682030172716,0.171559672460622,0.149078354197368,0.132359801227377,0.0921056019470723,0.0614553075606184,0.0163621900678442,35496.7273745122
"279",-0.268787635347635,-0.228071452818965,-0.285087037587547,-0.203867462223234,-0.119988554945321,-0.0801998233328153,-0.0365142615520051,0.000829519953037394,1.02566316235798,1.01626207559413,1.03566166509311,1.01545526524925,0.996286384229437,0.996244723028828,0.99317169085732,0.997059699185758,0.216486939181234,0.192180888927964,0.176219673329649,0.14775084292297,0.131690106789508,0.0918508183100833,0.0597513022008473,0.0162191355622689,35492.6336287402
"280",-0.232323297553654,-0.193298857677077,-0.239350035352673,-0.182614974058228,-0.105440881153964,-0.0931031661020554,-0.0288466154897998,0.0019122896989155,1.01458774602757,1.00705181273569,1.02373025534068,1.00917643996701,0.991369790245354,1.00071638562408,0.991314524355785,0.996515854564086,0.213347946614149,0.194024440334867,0.167786896758735,0.152257744716523,0.136351423297958,0.0919068349930287,0.0608438104131028,0.0162012488367051,35492.8290197135
"281",-0.292466094445073,-0.238589825185145,-0.250093408994005,-0.170429670944472,-0.124405431150517,-0.0882853060555825,-0.0282230136517071,0.00206813444282054,1.03292382428068,1.02053646164952,1.02469217663375,1.00702275532565,0.99834504423645,0.999696060948388,0.990655907062508,0.996704815043589,0.217487096071028,0.193575856255915,0.173675419250988,0.148747619987876,0.132563107826544,0.0900854890890793,0.0607708449492843,0.016593752470591,35494.1417639153
"282",-0.222084081356344,-0.200109725806237,-0.235905837318051,-0.161583111658215,-0.120996720370322,-0.0882487128579694,-0.0270497247618241,0.00401066844240748,1.01010830791816,1.01029125562309,1.01853274495987,1.0039966698748,0.996542891887226,0.998303780727263,0.990406288899893,0.995667559633853,0.214650898435973,0.194323555898551,0.17622665939798,0.150284542658695,0.129870376753606,0.0892141614342334,0.0594538847751183,0.0166213187788116,35488.0761648803
"283",-0.260717296872125,-0.244497882621773,-0.249969435807075,-0.185050368418777,-0.119266639766613,-0.0832919594940121,-0.0309010792681037,0.00286278052796678,1.02061060887615,1.02381650688581,1.02517718115189,1.00932873400286,0.995263334804425,0.995438784854204,0.99189287880888,0.996407956200927,0.212301371046324,0.193982695451249,0.171243476137353,0.150797756159443,0.134013413755327,0.0924769002406827,0.0610185958982511,0.0162513682833443,35493.8832758495
"284",-0.28385171058206,-0.223687166854734,-0.255467982200105,-0.207606261787197,-0.108520196966325,-0.0989969173723779,-0.0212788322920673,0.00243055265939796,1.02866214666485,1.01666278791919,1.02781520386336,1.017225970016,0.991812000208552,1.00278012169292,0.988316374667918,0.996426677351304,0.217450725075762,0.191348872164501,0.169189260662267,0.149197123450235,0.135940505077152,0.0902663427668046,0.0587037359135565,0.0163384353308049,35490.8384631473
"285",-0.243341817796483,-0.211321996519511,-0.263746145612569,-0.175141270434925,-0.116048196093156,-0.0880416145475378,-0.0327469465069334,0.00390012530844048,1.01577012767826,1.01308990653849,1.02896368643548,1.00771297602125,0.995038725613456,0.997725894851914,0.992511875698731,0.995787808168785,0.223224940063625,0.198914315260979,0.172051034509694,0.152093797262119,0.132759919892698,0.0881553073296239,0.0600217840345459,0.0166672889642557,35492.6629364966
"286",-0.247882283301629,-0.231609268989856,-0.250613950712653,-0.19898742687174,-0.110866668828653,-0.0770945305397859,-0.0277789429277923,0.00137376668291268,1.01633369950745,1.01773419056986,1.02501345757943,1.0146068919677,0.993498962289188,0.995106560049573,0.990456574831786,0.996929769288012,0.222456480133298,0.190677194047437,0.173686791916304,0.150477161171489,0.131689893751068,0.0920137634855538,0.0613268274295697,0.0164140868147912,35496.1716287145
"287",-0.248849191213456,-0.212236522975122,-0.249114656156102,-0.18699558447566,-0.119783972619007,-0.070006506843813,-0.0275152872662455,0.00139056061562975,1.0160373161796,1.01370472320057,1.02538375995372,1.00987005093618,0.996363946237837,0.993187115118287,0.990516277791487,0.996946557192876,0.217608178302964,0.19679651773634,0.173783105899696,0.148765463484757,0.131768795270239,0.0906817355886552,0.059442994987688,0.0166421006340946,35498.7735307429
"288",-0.241926106551902,-0.211024096252435,-0.270711462770105,-0.168567427409555,-0.114822209425259,-0.0771930879936591,-0.0360715412765679,0.00063977953663359,1.01558236882245,1.01274288641773,1.03280956662445,1.00377145353676,0.995268329924121,0.994950446872218,0.99358950734738,0.997120176863392,0.21955049522076,0.196389675676042,0.171915806719946,0.146929018868355,0.135260016246721,0.0904005667153736,0.0602074978643994,0.01618031486099,35497.9066665784
"289",-0.224504544336582,-0.220893425870775,-0.243771779360003,-0.178680064343073,-0.155014773007626,-0.0741322865561993,-0.0282813786670313,0.00155726864179004,1.01128889569274,1.01489515802301,1.02404594092522,1.00839354260052,1.00697905368765,0.993972546493122,0.990981907503882,0.996589115911863,0.222755571224747,0.196465604491025,0.171170472305505,0.154814253411775,0.134028682481417,0.0910880632421934,0.0600071508872177,0.0168455635779298,35493.488411495
"290",-0.19828647010707,-0.208648245430349,-0.257456134689962,-0.176383448892498,-0.10686356156277,-0.0868884276621458,-0.0287865417342831,0.000662402016539674,0.998800103009112,1.01169363920301,1.02907717374718,1.0088436883942,0.990922602424079,0.998938320261731,0.991285737041665,0.997090716327249,0.218153041395463,0.193470994820498,0.175700877640924,0.148118118050835,0.134034922834278,0.09333581397392,0.0619918491707179,0.0164012995028278,35489.3493272488
"291",-0.239752964748474,-0.196683636769438,-0.25576151800287,-0.185568727439333,-0.120857715763966,-0.0759080740221395,-0.0289596280193342,0.00245716896754036,1.01562798979263,1.00709981066094,1.02662630404563,1.01227280887731,0.995068877214286,0.99479154854521,0.99122925647096,0.996563711505773,0.22221862789934,0.19760997433144,0.169096078777816,0.148757418401351,0.13114828157291,0.0909921694019618,0.059158403566963,0.0163457198411986,35496.3291902211
"292",-0.246132220749424,-0.217336305493379,-0.228361680683444,-0.16909338668018,-0.125449130029528,-0.087458500830945,-0.037113454862227,0.00178851696669027,1.01860490817183,1.01254710860626,1.01817680474467,1.0055753346915,0.997331712931757,0.998679730977767,0.993979325068838,0.996822233198638,0.220673706160959,0.190691902173809,0.174686854682601,0.149474311301743,0.133682021412319,0.0897028806938684,0.0596387898432627,0.0163125421259483,35496.3635293871
"293",-0.249043870590655,-0.232905004043709,-0.24247742114253,-0.184866539149977,-0.11688252175884,-0.0818339682225553,-0.0319982950625571,0.00462082849094615,1.01879375020139,1.02136373070341,1.02468373912425,1.00991407370006,0.995365419080213,0.99691012708778,0.992417843782417,0.995673062024367,0.217966429130116,0.19303688234172,0.172080154569787,0.148657179890939,0.131008135206153,0.0935018910420753,0.0594836879297672,0.0162776197802033,35496.015371372
"294",-0.259296789459367,-0.206369292595714,-0.273743232922784,-0.161649791501148,-0.133250309812353,-0.0949303436653584,-0.0242897638521838,0.000773517764464244,1.02126135528671,1.01213243925432,1.03176993761094,1.00282813135963,1.00088179093446,1.00155061017386,0.989363889830881,0.997199469926452,0.214980987771049,0.195568226195638,0.172443427282857,0.149671067213999,0.135609653957835,0.0918421342751982,0.0598635763327775,0.0163861758422258,35495.2089639745
"295",-0.271617646489263,-0.234452251609223,-0.254309649152034,-0.217407436947991,-0.100530974023523,-0.0787587144589784,-0.0370781231760612,0.000936087968980626,1.02516528752901,1.02026571963183,1.02515872943633,1.02129500411227,0.989841472594565,0.996895385588264,0.993585997100958,0.997138242634044,0.218141258066105,0.196574016019456,0.175504665155279,0.152125952398696,0.134167130593793,0.0888137762677398,0.059997195804935,0.0162782447258515,35491.2348900504
"296",-0.223766078555307,-0.233777539598962,-0.272943779955049,-0.183551368314568,-0.13766217262023,-0.0766516802806717,-0.0390822939888989,0.0030893224350268,1.01108298564539,1.02039311312257,1.03125961968286,1.01004925475004,1.00173120749159,0.997024441521775,0.994338915466919,0.99644139041477,0.221466137282388,0.190831486079317,0.170494645528711,0.147001822911378,0.138310905914391,0.0948534799597838,0.0605388795128226,0.016384089738573,35483.3391658636
"297",-0.239551652138527,-0.214595604714621,-0.239580157321236,-0.166064840156161,-0.0955710259521802,-0.0787019140737639,-0.039948351186928,0.00323098168713788,1.01693921458491,1.01495269204568,1.02142102216167,1.00522318288913,0.988623672217825,0.995693662871868,0.994944778566529,0.996511277254169,0.215688627536506,0.197361458328143,0.170869829288901,0.149104123975692,0.134996280619575,0.0913024134400708,0.0597268685546028,0.0165320949835602,35493.2956213139
"298",-0.181211249259894,-0.195654292506154,-0.257052806281566,-0.197582812885988,-0.124813541014753,-0.0713565139714544,-0.0273853565303779,0.0045867395270873,0.99751222929838,1.00776725402968,1.02711079035045,1.01435947478108,0.996925197073343,0.992369974688467,0.991167456216566,0.995566580127294,0.221364168815598,0.192342609928372,0.170547978177025,0.150423279676746,0.134274358579615,0.0914786070759324,0.0595985577665467,0.0164359616451892,35492.4741663234
"299",-0.244308933019893,-0.179643579774192,-0.230669291879806,-0.157782742394061,-0.119480349316425,-0.081698944037003,-0.0316767183622747,0.00384634741856641,1.01681443611319,1.0025552388071,1.01940076622789,1.00030525937088,0.99508075472141,0.996966770840097,0.991708735279225,0.996099379080719,0.218692020057665,0.194830324677796,0.166841510149571,0.147405182912259,0.13401706942025,0.0928781283356061,0.0611839685631128,0.0160520526699556,35491.170562687
"300",-0.193788791193173,-0.211739256154174,-0.266419742717905,-0.188566088833942,-0.106648275700895,-0.0792705923791856,-0.0194754890163505,0.00330806426816771,1.00034447233636,1.01405457304089,1.03013846292222,1.01247071247873,0.992258961921536,0.995255380760615,0.989075383282113,0.996132211466688,0.213798712810502,0.197079287634026,0.174652913270877,0.1494316537745,0.132023083038248,0.0893331692992393,0.0608186447313003,0.0164461437463024,35488.2796071591
"301",-0.223129345668479,-0.250362925997423,-0.240266774296368,-0.195665532215467,-0.143631239453656,-0.0816403319710383,-0.0304921241313809,0.00465825116454953,1.01047174110717,1.02679920326028,1.02352463294953,1.01513002489789,1.00373073875535,0.996548366250975,0.991752647622444,0.995660621899418,0.214568382847891,0.194361713876743,0.171551318238967,0.153634962969237,0.132139422893635,0.0920528454978983,0.0597672192717525,0.0165771729588803,35494.4057275913
"302",-0.226598504604959,-0.222655187701467,-0.248779638788076,-0.212902104995785,-0.113266039186707,-0.0655561070661119,-0.0282614279990083,0.00291581469879595,1.01131841385644,1.01819846176882,1.02388329376744,1.01950972395685,0.993219652241939,0.991839434306886,0.990250710312936,0.996341754498202,0.213863564420198,0.196306316439358,0.171829353033838,0.150739116305509,0.134038511740501,0.0919266679966184,0.0609455991866801,0.0162241651809941,35495.4104749145
"303",-0.210086329994047,-0.243282054263483,-0.245577871831156,-0.186453129472587,-0.126207856064154,-0.0694135196321614,-0.0268539825456591,0.00299889625121131,1.00805931252222,1.02070624116571,1.02303862506648,1.01137263658497,0.998517284455004,0.992531201443184,0.990725665142556,0.996477387802231,0.221186627734555,0.193800510114262,0.170151327184075,0.15110927902616,0.13168252487047,0.0921402785372179,0.0612490025855438,0.0162844343102643,35493.3683691839
"304",-0.241087711351907,-0.185395657988614,-0.25921637979565,-0.202737257986834,-0.126793908434915,-0.0751780490276302,-0.0282338054922767,0.00221400454317542,1.01568820829634,1.00489970380988,1.02844650638666,1.01691217819411,0.99826345279081,0.994669307156603,0.99144273034763,0.996624127756211,0.215691340608978,0.19649901610096,0.167993703990741,0.151098223323679,0.134921133702656,0.0912878093531607,0.0590044816623266,0.0163392461143826,35497.2232544696
"305",-0.234091413438211,-0.211332584966631,-0.265665098319131,-0.183972280418864,-0.143580511253398,-0.0819644346732266,-0.0315942377691598,0.00250865150804946,1.0137715532073,1.01162709062497,1.02983998718493,1.0096723489364,1.00435559440085,0.996781414777266,0.992739470633725,0.996498591987676,0.219546656439666,0.191671406570192,0.170176274131167,0.152240758539111,0.134736247787029,0.0921795976270362,0.0597214364609825,0.0160839320737472,35497.2022233584
"306",-0.189853000866203,-0.245294617508658,-0.247470925014652,-0.176369098849495,-0.118125404284796,-0.0711531160595675,-0.033449096104268,0.000488163311043595,0.999288166047117,1.02370828830514,1.0244979949495,1.00672152565444,0.994631738031237,0.993841656254767,0.992814347051374,0.997099174206593,0.216541820922524,0.195135167389322,0.172103438311107,0.148788214261536,0.133495199204485,0.0925157038282445,0.0589508001390423,0.0163207991550246,35496.8246638961
"307",-0.233991800985835,-0.196081483180197,-0.244761312602685,-0.209579316987398,-0.104338615101371,-0.0773191754806262,-0.0233551848082139,0.000752241362832199,1.01252310722643,1.00640340325116,1.02352087371813,1.01862694576764,0.991720315396248,0.995202436311558,0.988745242150339,0.997233235872547,0.219605617487465,0.194827230281785,0.170534869534858,0.151376379791779,0.137745515288661,0.0911886148564012,0.059551056771571,0.0161788373001481,35494.0441962633
"308",-0.22072283056591,-0.218477593199966,-0.257519075448881,-0.18349207562806,-0.123399653712617,-0.077152020348648,-0.0453191111821555,0.000368856021339812,1.00727541107509,1.01612597624628,1.02986255351453,1.00870981400855,0.998585071826391,0.995270108002147,0.996232640194534,0.997065208953555,0.215465119808095,0.196596537534503,0.170160126141008,0.150187410269708,0.133343544826903,0.091070257874665,0.0583204675660933,0.0164823586169783,35491.8719038673
"309",-0.21765348301246,-0.225454037587837,-0.255128523745817,-0.203241236496849,-0.129621287396814,-0.0680133874777129,-0.0265598385474084,-0.000571606710106336,1.01000065649883,1.01626011931342,1.02691278868096,1.0159894286292,0.999743191141512,0.992187734036752,0.99076160000916,0.997652396771062,0.213613183609827,0.199658725146284,0.171805942612193,0.150693986793102,0.133736473533103,0.0908186154544215,0.0595307429286362,0.0165261733647151,35494.9819864834
"310",-0.226710484831221,-0.254413314722579,-0.275760127690604,-0.202035537716954,-0.109989018823867,-0.0744834217205008,-0.0314352996510946,0.00230418350121824,1.01414896362722,1.02664816803963,1.03124512005942,1.01534306996716,0.992757661452349,0.993760575348751,0.992549769865451,0.99644061940224,0.218191863238852,0.191081266951024,0.175472908506528,0.149406549555314,0.132245535357106,0.0917006386386137,0.0603377809573237,0.0161806787351899,35490.5873455022
"311",-0.224744209063159,-0.196551620610976,-0.253525923737371,-0.200976514400155,-0.117771546998444,-0.0839663185206134,-0.0239850313373856,0.00425415501506249,1.01113160725855,1.00813121342035,1.0259822738398,1.01438557655844,0.995351445549971,0.997022598326745,0.989084172386393,0.995887482876175,0.217775118829748,0.199274199164614,0.170088094718193,0.152985290251057,0.134966218780694,0.0947229453637529,0.061938745193082,0.0167862665912646,35490.3593126115
"312",-0.21747080378164,-0.214052875293452,-0.263005313201797,-0.167238872581483,-0.136188779834116,-0.0898119443257449,-0.0383327193675019,0.0033415965181745,1.00795427044079,1.0143083805302,1.03054157535366,1.00362249169888,1.00123902613121,0.999472149839828,0.99415904929539,0.995902752504116,0.219590150896971,0.195907513864108,0.176713113529496,0.15181744359563,0.133843521598561,0.0928074219562156,0.0600669209314162,0.0161088762036618,35493.5312974994
"313",-0.237557196757848,-0.231387020928433,-0.261562191919615,-0.150723639635496,-0.116197682231723,-0.092471360873812,-0.028356195395153,0.00169838114721212,1.01581697720893,1.01872253239536,1.03058890228148,0.998225790696932,0.995953524458026,1.00004083383332,0.990618275759967,0.996652392214105,0.223290076686386,0.193936446895198,0.172431275002812,0.149344919505843,0.132218832602988,0.0910571755424938,0.0603957614670649,0.0166770320438862,35494.535984311
"314",-0.275494651515106,-0.22680494382268,-0.22874176390427,-0.193017674727783,-0.0829087341371035,-0.0779273495372337,-0.0272425966055365,0.00124025747123861,1.02829615467511,1.01825297669062,1.01701247955012,1.01260444367071,0.983852308068298,0.996371863675397,0.990670441929321,0.997095696590645,0.219393377013347,0.197637229382576,0.168557396784882,0.148887933958333,0.134799213429145,0.0916107999452073,0.0591952423484587,0.0167828921196592,35489.9366259857
"315",-0.219303009765846,-0.236771898629315,-0.251896062999155,-0.164979994068442,-0.146772370483897,-0.0684371522032308,-0.0380434277584011,0.000785882697605972,1.00802395666965,1.02177721805551,1.02404024320823,1.00371147249845,1.00549930060272,0.992061728842648,0.993821173005729,0.997097223426674,0.221050888833714,0.19524491072009,0.180241364772272,0.153118091120929,0.133219087927542,0.090973068642951,0.0579358138328584,0.0163250737612886,35488.0783873562
"316",-0.242515212739583,-0.173868404444057,-0.221101507499837,-0.161125597382212,-0.110139278199742,-0.0751153107550574,-0.0383177482947587,0.00391664135684104,1.01582023103303,0.999431015437399,1.01416552026649,1.00193452119712,0.990832721127475,0.994073954249066,0.993730853231303,0.996148956922272,0.216409208793105,0.192896619169362,0.171169075905861,0.150350215252869,0.131892883899051,0.0916720333245767,0.0608261859443179,0.0162178343505715,35489.2489589561
"317",-0.233250999864696,-0.242378008121447,-0.261342763056371,-0.186347558214178,-0.114472141671086,-0.0678008798154638,-0.0276603366737857,0.00214698787218528,1.01146903850405,1.02325878047466,1.03031118970723,1.009744118003,0.993585064016939,0.992208767706774,0.990666147377669,0.996530460550622,0.221284784790741,0.198211640254106,0.174603016347415,0.148449062455199,0.134175738825938,0.0935817546493024,0.0594841327987566,0.0164183265613438,35496.1534444354
"318",-0.21146729876623,-0.208430048478339,-0.271327683497446,-0.193783256547858,-0.112587645454823,-0.0725401912069401,-0.0372632047884092,0.00185800620683029,1.00553542555661,1.01165294809647,1.03207660435305,1.01130225982338,0.993894020031411,0.993267280269039,0.994047265459084,0.996727176050777,0.214046545388373,0.200058946245817,0.170822261584065,0.153641618369497,0.133910812626149,0.0924883464851616,0.0597683303973488,0.0163416492143222,35496.0650802915
"319",-0.224402223516626,-0.240365764070379,-0.257351995016628,-0.178613802093506,-0.127791488192503,-0.0905030006203254,-0.0394755608517063,0.00246715286286139,1.00845719304789,1.02107386686804,1.02711546062269,1.00774346657856,0.999624730593164,0.99965240400628,0.995167129311698,0.996601427817412,0.213686513787902,0.195526853714445,0.172990087851625,0.151488962919722,0.130458350158756,0.0919683469886814,0.0597641598975529,0.0166803809450768,35494.5245561726
"320",-0.252403167249191,-0.218166769324027,-0.240603944808254,-0.190542785156927,-0.115847549033969,-0.0784273325433648,-0.0336463241691059,0.000469296070078501,1.01927473023976,1.01522541319364,1.02313103471929,1.01122724925564,0.993727510501712,0.99593373713382,0.992662012163122,0.99708276876206,0.21533776604451,0.196500199570896,0.167828127156521,0.151229681221671,0.131265272503797,0.0914823852424028,0.0590167882216266,0.0166829966771746,35497.646843516
"321",-0.267455645813166,-0.210277571161735,-0.239916578293997,-0.177435797025528,-0.14787292183695,-0.0835195101641633,-0.0438447505490879,0.00174191851237972,1.0242570906262,1.01212645510869,1.0202483721544,1.00641391516611,1.00652022408503,0.995487308132924,0.995673827074704,0.996884501121391,0.220452900579399,0.197375406390557,0.17154761264327,0.15143208306134,0.138031215208939,0.0928868121879746,0.0604548460867616,0.0164400178764047,35486.6621279777
"322",-0.219047655979123,-0.243572335556786,-0.233975971788935,-0.187341635607517,-0.1320238497688,-0.0731518563792087,-0.035298303575292,0.00156184891094906,1.00833189847763,1.02331346878786,1.02039398388451,1.00960337073737,1.0013571719595,0.993438343281061,0.993489104633738,0.996770730249752,0.216350349277824,0.196907314077321,0.174347872814784,0.149909062680432,0.130863575749108,0.0890476357903948,0.0590664655811641,0.0164989066771523,35495.6735817014
"323",-0.252737044343747,-0.182551123278686,-0.252933278443219,-0.162185416933752,-0.114456240426107,-0.0762397288409242,-0.0307942119450161,-0.000210952557803906,1.01880229698989,1.00558875127843,1.02544343162925,1.00230745970435,0.99360686909347,0.994342983405875,0.991734179415416,0.997468285670241,0.21726816642139,0.199537892606912,0.167816400788443,0.152203438000673,0.131778479169459,0.0916565429590686,0.0600842193353586,0.0160636666701248,35492.7618862234
"324",-0.217336518693953,-0.278071813646816,-0.241278772374919,-0.181120141106399,-0.117916902765326,-0.0667874770261961,-0.0273856131291372,0.0017871010499538,1.00948437743764,1.03302203729254,1.02340031071529,1.0076095099198,0.994862135811087,0.991713416152998,0.991037046466222,0.996690136433026,0.219113750287621,0.198009449231157,0.171962026222915,0.152683440824703,0.133211813379008,0.0903805029683798,0.0595305042661201,0.0162888704111957,35493.7935480644
"325",-0.219080720465792,-0.234732561114906,-0.245200527936009,-0.177994687565998,-0.114835891525934,-0.0757148246459572,-0.0313562094861423,0.00104676950147493,1.01011584253979,1.02197162237177,1.02401482078643,1.00953856677112,0.993882811284813,0.994954597646257,0.991608125884665,0.996900854909257,0.218376995701716,0.194220818641666,0.172158566500657,0.151841304487414,0.133678440899282,0.0927595897740256,0.0596568273422776,0.0167400696375867,35498.1369999161
"326",-0.215234024173103,-0.159249024265754,-0.249599341819972,-0.161868468697909,-0.137464391857634,-0.0865945946001709,-0.0407847618291834,0.00245245985779594,1.00813471109398,0.995620167455479,1.02519141080269,1.00181031862607,1.00325493842893,0.998716163357924,0.995471543634237,0.996431126649965,0.21337237032271,0.197869767927251,0.173745167828335,0.149725009713226,0.132155148832149,0.0915057687406801,0.0590847049925968,0.0165219364010974,35490.5510953704
"327",-0.238425577849436,-0.247329601708949,-0.242711631325236,-0.155326085492579,-0.125557316439709,-0.0808047471200099,-0.0236684459534979,0.00240735341524339,1.01603874783296,1.02508721744652,1.0246650799148,1.00038099986092,0.99829352238285,0.995848960275448,0.989312778166285,0.996532350921799,0.216616805851494,0.193022449107969,0.172633605011933,0.150615435406931,0.135839836440894,0.0905641647110867,0.0603430778894505,0.016151044393483,35496.5718587408
"328",-0.273303834884813,-0.20450099317032,-0.245213091632272,-0.168144510259545,-0.140832620285398,-0.0859475522013122,-0.0388807424070172,0.00184125629034501,1.02719010697637,1.01044955220995,1.02298124168389,1.00332300401272,1.0044241310514,0.998620596793061,0.993739649879243,0.996717641657327,0.216603244998436,0.191798784541344,0.171377193155386,0.149915540203956,0.133487370733181,0.0910256541205082,0.0598869882015163,0.0161021316149251,35494.3354743919
"329",-0.22784010819351,-0.193604037887312,-0.219019187882892,-0.155120211087518,-0.125729889628234,-0.0738284724769361,-0.0219687072321663,0.00208908957954467,1.0125169008203,1.00613565661239,1.01333006008347,1.0000870330019,0.99746333118748,0.994492135242955,0.987827006650455,0.9965142878616,0.219159473832406,0.19515052607109,0.171769114655691,0.151857425721672,0.133296060940578,0.0930087023107031,0.0588520713350623,0.0164130099005756,35492.2750656394
"330",-0.258585112697409,-0.22750800210401,-0.224169474286841,-0.171931680288124,-0.108218285235436,-0.0674003070154494,-0.0361202959792939,0.00219943082208652,1.02118636132717,1.01876077282837,1.01655685873935,1.00679679374368,0.991338443434394,0.991580184550123,0.993426686267412,0.996510753407783,0.21796689016578,0.198748175319701,0.171447164914375,0.151614940888306,0.133888324778193,0.0928322004975734,0.0595466591596903,0.0163702572281125,35497.8256431653
"331",-0.245333969086533,-0.235052362896327,-0.262091274364489,-0.166776760492641,-0.106786408892108,-0.0788799957516487,-0.0363543609762625,0.00360971429359549,1.01613388229245,1.02132975678501,1.03120035048798,1.00438215734264,0.990242894594776,0.995822888118639,0.992355341245075,0.996054020644527,0.221457013093517,0.194217314692268,0.17179193791739,0.150755759046387,0.134889894782828,0.0899049650176955,0.0599090399330926,0.0163468977487341,35492.9237991544
"332",-0.216609035971092,-0.169006682349184,-0.266431430896891,-0.18884190164512,-0.137617639489123,-0.0837792520481333,-0.0422050752841134,0.00110051299884551,1.0090135357234,1.00010585175876,1.03037473364627,1.01131672282778,1.00350201318576,0.997650751672861,0.994985374245529,0.996925585292442,0.22556671011628,0.195517952240144,0.17074750173835,0.15148575953605,0.13490931730517,0.0901419114725963,0.0601334180198432,0.0164896756260247,35490.5637245905
"333",-0.231871045000767,-0.25980571322279,-0.242140455645589,-0.182320205793612,-0.0986699365865933,-0.0764973279718975,-0.0353710981756292,0.00032533309901222,1.01330685967357,1.02866603951064,1.02186253227722,1.01073037711858,0.989573883450158,0.994829601713954,0.993080021715256,0.997124657933756,0.222102835831209,0.197528139679542,0.173530108639436,0.148089500855282,0.13606432677961,0.0907013401645836,0.0594628179507559,0.0162339301424938,35494.3611566907
"334",-0.270926394519163,-0.193223656223021,-0.240084424420941,-0.194278702849967,-0.117600603058054,-0.0889239297767839,-0.0259702690154663,0.00174869052054553,1.02682597448365,1.00767329317438,1.02047424673196,1.01338952973467,0.995752244542062,0.999057108244904,0.990900993102922,0.996456993514032,0.223586463387948,0.197516094427828,0.173014436090788,0.150537710191154,0.135079101962068,0.0917600183388153,0.0598610691910472,0.0165469924581834,35492.4489892212
"335",-0.228593954242328,-0.238554119258791,-0.245100823643388,-0.183925772029492,-0.137238328993242,-0.0848200398960617,-0.0277645323252,0.00177595489872353,1.01225120629682,1.02097580225186,1.02349621010202,1.00840793730085,1.00242692332354,0.99802900650766,0.990975400898404,0.996890120320639,0.223403750998191,0.195216781973033,0.171398683899348,0.147005032640872,0.135535580683663,0.0924487799249039,0.0607156170579274,0.0161400850655803,35494.9814556911
"336",-0.254518768502956,-0.198223975014229,-0.224051271069064,-0.151785445041322,-0.109100560466106,-0.0816048255553953,-0.0348226481541036,0.00373300615074301,1.0210631009345,1.00896398855143,1.01785719152431,1.00016693478075,0.993308439342931,0.995693799054305,0.993056933537748,0.996013419504442,0.213019040744635,0.188981172023111,0.173021739487667,0.149339316480883,0.131685876168204,0.0918198733316326,0.0609142323919922,0.0161926408869137,35489.65277586
"337",-0.214773368651317,-0.240342816121914,-0.232243386878407,-0.191366558553774,-0.111707542762841,-0.0820117561273005,-0.0205012079110919,0.00156238288574083,1.00797234734,1.02112009709111,1.01962733869651,1.01167336336566,0.992808597811867,0.996739295492842,0.988275160835188,0.996832920778386,0.216198739088896,0.19286005975384,0.169146095888,0.151661093010718,0.132587042779329,0.0931215825164638,0.0613954223501826,0.0165730719341389,35495.3172337044
"338",-0.256858303464251,-0.231999963211768,-0.270928328879223,-0.162564601023166,-0.116624880690285,-0.084259069793191,-0.0352677443238017,0.000192327470402804,1.02342976336452,1.01823310203294,1.03147801835201,1.00153752711266,0.994464663543476,0.99631116418876,0.99331570741881,0.997117272654544,0.221022590301521,0.192647476371573,0.174218080589004,0.14806863903365,0.132088256640131,0.0912058578637204,0.0607476254641483,0.0163002557894201,35492.0889359523
"339",-0.26762023496756,-0.186856749126571,-0.227662253926924,-0.17799372248654,-0.12589628635136,-0.0836583531047276,-0.0268489620483512,0.000334947789429568,1.02315514851578,1.00299545919731,1.01885501403717,1.00842230656073,0.997977006638031,0.99778996032698,0.990209912343817,0.997178528865765,0.213251998979604,0.19285269174864,0.169436389367421,0.148780578409072,0.135038514676095,0.0901343356228103,0.0604724754401531,0.0165696522844741,35494.347261635
"340",-0.229972620880041,-0.218416425280209,-0.242513392143597,-0.173651137820527,-0.126107759763242,-0.085517859417299,-0.0296074649592652,0.000360941134154372,1.0127939434064,1.01535433954382,1.02398204190333,1.0053961206901,0.998061013395157,0.998164414908362,0.99038223314643,0.997404631995756,0.218954820897659,0.194497701339611,0.17119724543791,0.151567727644036,0.135257819703433,0.0917846000285126,0.0600863249192409,0.0162366484854386,35497.4434437278
"341",-0.229406273041837,-0.208072994865357,-0.235594582882971,-0.207834083257589,-0.117852275781623,-0.0834852396322586,-0.0242705016963072,0.0039083077950439,1.01109352708684,1.01119531004995,1.01969077374241,1.01825644839474,0.996046021277691,0.996891516720611,0.989326192338848,0.996044901396763,0.217518357114513,0.200007810312909,0.175772113039253,0.152306358902604,0.13517639690394,0.0947694792846965,0.0620880949943513,0.0168071111399618,35488.339258784
"342",-0.261969179372176,-0.245769305050747,-0.265830276582892,-0.182713340291763,-0.130337504300343,-0.0724763266869561,-0.0236989588152802,0.00326796818024149,1.02365837520788,1.02368067543694,1.029208646351,1.00877699591234,0.99987807354132,0.994659774353391,0.988524562013109,0.996107334812345,0.218061162223448,0.196897202678956,0.171155014333462,0.149579693379159,0.131764166855272,0.0903040361008885,0.0606741496704738,0.0164211492218338,35494.9096562577
"343",-0.246152630094561,-0.215315961218158,-0.262467674560367,-0.194624596593248,-0.129402780999152,-0.0764413745992817,-0.0328603352789888,0.00479562165090227,1.01781287528396,1.01293004724864,1.02763705109943,1.01329269024163,0.999108725964725,0.994928647405415,0.992714788172639,0.99554956988732,0.217561226359363,0.188691794197014,0.171245828144614,0.154141194978747,0.132989550465992,0.0919282325935466,0.0592262921229159,0.0166851897245102,35494.3425728561
"344",-0.229148588212661,-0.216669987289824,-0.243089347079402,-0.182256188328466,-0.136852303860184,-0.0701250344924595,-0.0307891482287775,0.00358967465921531,1.01344552273957,1.01401946291747,1.0243603697736,1.00844311151601,1.00059812293983,0.992336346606986,0.991472581190757,0.996032544938152,0.216486879218036,0.195807410404706,0.17047778753382,0.147950845354782,0.134615518115011,0.0914241380161,0.0608238724548698,0.0163895630491972,35498.0401956211
"345",-0.259356051551919,-0.200886665406769,-0.258857971119289,-0.154729594791328,-0.116052354467023,-0.0735219252741719,-0.0235404966052139,0.000247617886072472,1.0232330515568,1.01058953695484,1.02601301663005,1.00048633231079,0.995740439302805,0.992753044213735,0.989168478954916,0.997453890993939,0.213365275426671,0.192369595134631,0.17180742872205,0.149393237908762,0.133473649144192,0.0897253614485444,0.0597007215173541,0.0168160331391347,35488.4740799923
"346",-0.249592038523808,-0.214515638912381,-0.259225123151684,-0.167758869625638,-0.127463794339774,-0.0793584450677472,-0.0331533190548955,0.00252299278838644,1.01667130853151,1.01385289376426,1.02778217788715,1.00388363382985,0.998947241211789,0.996108124449054,0.992325339761807,0.99646767742401,0.2151087349103,0.194417351437945,0.170978437862287,0.147417597951832,0.134633875915555,0.0931686731466062,0.0603063330196834,0.0158793632940151,35496.2152503681
"347",-0.28083709842951,-0.214545357003605,-0.237641103967773,-0.16233323837971,-0.107418892332493,-0.076742988986823,-0.0344988903347746,0.00298828848223399,1.02852953305437,1.01335880620847,1.02178586625675,1.00174420613174,0.991616373682558,0.995468615533855,0.992737251368007,0.996273813273919,0.218164266023488,0.194832317917733,0.172909877321705,0.152934145276472,0.133700812956676,0.0926489159687201,0.0585435045630287,0.0164854985846393,35497.2344831248
"348",-0.236185931057935,-0.227460335997249,-0.245510202387362,-0.188021161609198,-0.126257638345752,-0.0764902288956605,-0.0344548254307363,0.00292984631636555,1.0126785470816,1.01732584329949,1.02453271064258,1.0119562431669,0.999953434727656,0.995418727702761,0.993363303514455,0.996162630893142,0.219346987274986,0.194122175505336,0.175200277492694,0.150740677951146,0.134447453857184,0.090775595939749,0.0590812131618013,0.0164438782897069,35497.5114272308
"349",-0.244967303611991,-0.195927175186176,-0.281409916260941,-0.180435248259256,-0.116378859483657,-0.0756252699795777,-0.0314490242620719,0.00366057279566862,1.01424320374053,1.00739288877648,1.03595287950938,1.0090637910756,0.993928702144032,0.994898796662658,0.99214866614853,0.995893617347144,0.216970213770354,0.192740778426328,0.174358631720227,0.153041505508165,0.132356702479717,0.0900458344983607,0.0597822687190487,0.0167266034765247,35494.3105992306
"350",-0.237397603884821,-0.220815267801465,-0.246380143472044,-0.188993321216487,-0.100169158899818,-0.0835871108453145,-0.0297178720250313,0.00247524391384099,1.01473841521503,1.01431505872445,1.02232880487044,1.01202995331512,0.989511775467135,0.995685094574663,0.991496960039275,0.996394601067049,0.220854817107085,0.194554333944423,0.172595164807412,0.148191956541443,0.133837752681892,0.0904720711150921,0.0605880715217315,0.0162598183077273,35495.1369351665
"351",-0.204560347643843,-0.219920743812078,-0.248947415165103,-0.176994599052091,-0.127842384106019,-0.0725996950289748,-0.0422408546340296,0.00206301848696488,1.00279076378715,1.01471810973681,1.02563214107347,1.00634153960384,0.999103506916307,0.99410667965213,0.995457308289031,0.996565774452479,0.223004158156608,0.190830594754386,0.176115277266705,0.151177306921876,0.133600487160001,0.0915606921516236,0.0595621302743504,0.0167706024769309,35494.1380057684
"352",-0.22141704688765,-0.230512000394723,-0.267455753828663,-0.144109686476683,-0.13786435136932,-0.0859558286982008,-0.0315911342504383,-0.000291090507385971,1.01132106744536,1.01980341121145,1.03266520991375,0.996580612733434,1.00226184918552,0.998947805555921,0.99215499923896,0.99762493665197,0.214844229476188,0.196859184998981,0.174100152130667,0.149794337099488,0.135063582070398,0.0931258440346093,0.061099950045825,0.0162744611344177,35489.4373134762
"353",-0.236164580894596,-0.233472997872186,-0.246991892202946,-0.160082688428055,-0.1179825458268,-0.0852779598817773,-0.0219938381004651,0.000728937683673286,1.01524590037957,1.01850153049224,1.02500830888396,1.00221731194951,0.996460672580135,0.999026946566935,0.987704146014549,0.997209670346519,0.21656484366799,0.19742330962096,0.172666958010646,0.149457762143736,0.13417470000863,0.0919815215583011,0.0598945212945472,0.0162059741430038,35492.9289752297
"354",-0.235534697964608,-0.222627341975996,-0.248193406167852,-0.190905466571422,-0.113004066004696,-0.0749954693937529,-0.0305268162141455,0.00292370141357373,1.01549910627782,1.01581383731292,1.02471517289337,1.01041593052663,0.992952410797912,0.994458844148833,0.991824941830501,0.996364082743157,0.22442048018193,0.196097118256625,0.170264482743548,0.147737213558185,0.132661901846238,0.0917308570982197,0.0602730402769987,0.0163403370517491,35497.8389623855
"355",-0.216791228434079,-0.204033691272541,-0.275807116981145,-0.164649320467439,-0.113455176266706,-0.077311653352547,-0.0335473451379963,0.00223307534916943,1.00731847639579,1.00923238384779,1.03502235336474,1.00370321690898,0.994202961231083,0.995468537414966,0.992404107345109,0.996539375907202,0.219660540511903,0.196432805308637,0.171566627828175,0.15048190856158,0.134439091825271,0.0897691601024818,0.0600639481946233,0.0160916632012996,35498.3275749078
"356",-0.268095283199555,-0.235193957914208,-0.26046783950295,-0.176177285168747,-0.126213243649381,-0.0793973716870071,-0.0371911247214641,0.000324144641163381,1.02283869837483,1.01952807480993,1.02823856604101,1.0069017336667,0.996486071387242,0.996066469044952,0.993957442920289,0.997278866857279,0.213356568960424,0.194881080510959,0.169198610774863,0.153289433146528,0.132282264792703,0.0902497364887969,0.0603593715732544,0.0163422733109461,35495.3557789532
"357",-0.220636660381148,-0.21642351275131,-0.238415814401728,-0.20299130565293,-0.0957506130369635,-0.0664203725216774,-0.0395104170091281,0.00409130346369238,1.0093416265877,1.01642589247121,1.02090829163937,1.01498257699177,0.989053319306539,0.990892891738192,0.995103839787576,0.99584597238073,0.221648285101522,0.194619469178633,0.173591595585717,0.152455844947765,0.131882824087,0.0897403295171723,0.0595805613504311,0.0164525700055863,35491.4559483965
"358",-0.220364064596371,-0.237185470608255,-0.251801366213471,-0.173005231548423,-0.107926200881821,-0.0729595975709633,-0.0263730615758387,0.00280079618476086,1.01038467219165,1.02012448036767,1.0257227574071,1.00724872682731,0.992794623812212,0.994723638238281,0.989984181635668,0.996557797399044,0.217187827031899,0.200793605820214,0.176170350670201,0.150481890509031,0.134693449045626,0.0913689246182315,0.0615295071954425,0.0164997840259322,35492.820430267
"359",-0.272659807206026,-0.233551385389855,-0.254686024306173,-0.194242957069845,-0.0999654614539591,-0.0782230944417112,-0.026294018200659,0.00140924876757758,1.02476185351932,1.0226527612636,1.02514643753603,1.01190981646177,0.990151585869479,0.99578620821811,0.99007247125716,0.996739202568739,0.218965885498427,0.198285153103446,0.169789410869316,0.15316347171994,0.137282610426354,0.0918418461371459,0.0590755623858369,0.0167519066303171,35491.1587373489
"360",-0.236934395609523,-0.212079614799939,-0.255415631900163,-0.189085733284996,-0.118000494375291,-0.0785509730641427,-0.0259967207161161,0.00519974884777762,1.01357701671475,1.01515896481904,1.02588089271683,1.01262584717452,0.995399786955669,0.995685618603541,0.990740940131655,0.995774277106008,0.220011030439839,0.195397478851873,0.173939024057642,0.150813455024152,0.133289989051866,0.0918399036513418,0.0591176595180898,0.0161237490455458,35493.2154745397
"361",-0.263558203083765,-0.220683246872546,-0.246394022847744,-0.17115912023918,-0.127325911656065,-0.0710938193002641,-0.0255668275764626,0.00150975388183144,1.02333277814047,1.01744389150211,1.02603154389411,1.00518905193194,0.99875231382836,0.99350925368658,0.990178215101548,0.996717944254107,0.220805312043761,0.192691685258509,0.170891970913219,0.146858192946753,0.135336509492813,0.0941181718079763,0.0597191347479674,0.0164937660058771,35493.7206826346
"362",-0.272626467378386,-0.238740085111222,-0.220344265372397,-0.180870608742683,-0.137072452920709,-0.0829436453781783,-0.0362953580605157,0.00244267696075355,1.02499878185121,1.02239330853743,1.01503308038124,1.00660367668599,1.00190806527179,0.996447463730345,0.994204134230649,0.996509404203059,0.221870362238603,0.189605774311843,0.172659348568625,0.153430208640389,0.133312330754225,0.0911923632875483,0.059107052348108,0.0166453574823042,35491.0427764227
"363",-0.225918651765087,-0.241922680396059,-0.247832901254734,-0.166368657621097,-0.0985382935145633,-0.0692008505683551,-0.0321353530603044,0.00392594881697846,1.01151164967544,1.01909969125057,1.02550805010773,1.00430762387981,0.989217929129675,0.992121111031355,0.991570942502598,0.995926701204944,0.219175720868658,0.19385985067467,0.168880096477117,0.150633807935027,0.135941464666036,0.0898058081010735,0.0581715007430132,0.0164998091222263,35490.0933837241
"364",-0.254898460353616,-0.203386317075305,-0.25003511357595,-0.195022658941405,-0.11911707089412,-0.0706024614014121,-0.0321899558310531,0.00300288776846687,1.02154578814665,1.01213786081163,1.02501063260402,1.01240925823141,0.99607482933671,0.992779312258146,0.99109127739594,0.996042918062806,0.219109010645727,0.194743818179748,0.168180913102958,0.151536736274591,0.131292754820298,0.0907278479795424,0.061098200756832,0.0162277003913859,35491.7902981399
"365",-0.209764725508168,-0.232122284759031,-0.250848470603038,-0.196065347828824,-0.119618246242451,-0.0776418006616224,-0.0303973098747123,0.00548524920607334,1.00471680137089,1.01890921611527,1.02679838854539,1.01575522735474,0.995756720535743,0.995127582838995,0.991835299787804,0.995720713101764,0.215198703675693,0.192528400760978,0.171339989820806,0.154065304401759,0.133108172051936,0.092579249215449,0.0597854212034143,0.0167377526943505,35490.59352834
"366",-0.243708303133225,-0.220250496063138,-0.239084734448704,-0.181952753581584,-0.125088664950093,-0.0678336622351922,-0.0388830870592,0.00145085480038257,1.01596970112027,1.01708245184135,1.02297018371695,1.01006306597056,0.99787887288686,0.991934155874332,0.994595553662757,0.996720718207044,0.222434562473699,0.194840436813867,0.17759348306498,0.151079413140511,0.132824013947227,0.0913219420864849,0.060110969225014,0.0166695963942274,35495.8190317424
"367",-0.256105573147465,-0.220897185959874,-0.24485880990022,-0.185950499162093,-0.132618749603294,-0.0747511776934698,-0.0369798167063768,0.00331249849819184,1.01891002564661,1.01650761212337,1.02555680761946,1.01038503065497,1.00070580997004,0.993665722196219,0.993660388741527,0.996266634906018,0.221857566580035,0.193582942141616,0.172404886140699,0.146627580155985,0.135103512397477,0.0920153289050882,0.0602090840457085,0.0161733058661278,35495.4683788437
"368",-0.237467711979961,-0.215086914467284,-0.24378777435557,-0.176652495222694,-0.0996138318206448,-0.0819049821639174,-0.0221159427464088,0.00171628607717739,1.01496141609167,1.01211829810742,1.02314658378221,1.00679522498159,0.989434863471007,0.996069684557642,0.988867737679478,0.996703325245581,0.219540055062617,0.196601757225013,0.172098918529528,0.153010002457985,0.13405986244573,0.0911294531295057,0.060236531284518,0.0161974332761393,35498.5733519604
"369",-0.22042065017062,-0.223511012596152,-0.253004997445736,-0.165416580369723,-0.102095818124638,-0.0803501101058383,-0.0253492928087925,0.00297021219601623,1.00961813665074,1.0157361583585,1.02630187538341,1.00326322401533,0.99085058613423,0.996020482997022,0.990082203620844,0.996403290020006,0.217089995686286,0.196703357506142,0.172145064512275,0.149415495215817,0.132858585878013,0.0918498366992416,0.0598145138190358,0.0160531353158797,35498.4709105002
"370",-0.250652793688097,-0.223445443044987,-0.238633297570796,-0.177620765091255,-0.117860897164248,-0.0787439028731417,-0.0313695721990589,0.00357748564298546,1.01734319896177,1.01471814455348,1.0228836494286,1.0058901213149,0.99551750081783,0.995714949757801,0.991626232951857,0.996098765441032,0.219187834833294,0.192702409455901,0.171393230984564,0.147842791701452,0.13248406179638,0.0936738969494106,0.0615553543107027,0.0164311645583182,35494.1282649315
"371",-0.240858045077405,-0.253752760951241,-0.238809591960649,-0.179440174210814,-0.11688046644215,-0.0751556460703617,-0.0211845646942315,0.000285050009465432,1.016102002799,1.02867729181319,1.02342182869369,1.00760354500146,0.995267131563843,0.994809015402402,0.988565718836644,0.997308376124291,0.215707633786534,0.197170612039614,0.17235047653788,0.153218910683352,0.133054857632716,0.0916546237461588,0.0595343297987677,0.0165391467346812,35495.5279566308
"372",-0.240547809488766,-0.200875113274319,-0.277057726693924,-0.207105217836337,-0.116483254163851,-0.0835735714101557,-0.039412332356773,0.000171805022519876,1.0163159647279,1.00785229084624,1.03462973953658,1.01878784705912,0.993877982630602,0.99797621488801,0.993850312296127,0.997112958042895,0.222831214455799,0.195260674959277,0.172819588865493,0.152243729732609,0.134113256400312,0.0887788579695044,0.0604611617858661,0.0164563706164859,35490.5356298082
"373",-0.285391242455546,-0.223374380529479,-0.24427774659656,-0.191171462415655,-0.118042178213163,-0.0874329132781881,-0.032651752981158,-8.41905529171729e-05,1.03081919478289,1.01470315374916,1.02135910484598,1.01231901585772,0.995728200437807,0.998919475136827,0.991936474417423,0.997474361229335,0.220796868560967,0.195644900290755,0.170889373903742,0.150342641734208,0.135070226614538,0.0904991980407371,0.0598618530763423,0.0164906532359476,35496.0003201232
"374",-0.247341105182976,-0.194871546059183,-0.229826820180933,-0.20277287489049,-0.130026168141834,-0.0875115577640514,-0.0351299417694372,0.00382746717189841,1.01721396000703,1.0073298915385,1.0193817565942,1.01589248362162,1.00046466944442,0.997705549838512,0.993748939472385,0.996094678192271,0.213809915790658,0.197378099338438,0.172425369930745,0.153422869957881,0.133992919729514,0.0888963427164322,0.0600524194304314,0.016430354304949,35493.3445485781
"375",-0.249924990232232,-0.249947327094334,-0.272131238747458,-0.188444560722308,-0.120689297267426,-0.0811286132506813,-0.0295186611313473,0.00172547678439421,1.02328763518156,1.02650390339159,1.03252193091214,1.01066549107002,0.997193910497472,0.996455889081438,0.991479160295181,0.996601047599822,0.22243207845116,0.196218663951791,0.173265987234163,0.148359787725106,0.133376623279509,0.0920130075273164,0.0596502780948268,0.0159423654967679,35491.5530718747
"376",-0.238336674392261,-0.262993344223622,-0.239333845854531,-0.197327720757197,-0.0999426296340037,-0.0786932832640174,-0.0310953682416909,0.000410266355553288,1.01379895400938,1.0301453774464,1.01873652347617,1.01627179797116,0.991169902630819,0.996236915979236,0.991340797286882,0.997371331903123,0.21414466100721,0.193337310880044,0.173048603489935,0.1483686757801,0.132022200407111,0.0915756051017937,0.0613176323152474,0.0163253716670523,35485.3129100441
"377",-0.243507958174759,-0.239401753899261,-0.26114139963187,-0.16632785515414,-0.134050040068982,-0.0775831147544974,-0.0360802108944348,0.000174215407440846,1.01660645140506,1.02151017534486,1.02714142470986,1.00577651502703,1.00099148748538,0.996312364777259,0.993507634178529,0.997267255802521,0.217464301929006,0.196540446367793,0.172664010142186,0.153190108742749,0.133250537876603,0.0916580601468638,0.0600189769965633,0.0165789864043534,35496.477218521
"378",-0.273349260629865,-0.210083093924349,-0.280842902380982,-0.186225622309972,-0.113039885555135,-0.0708205297943167,-0.0363498190664558,0.0020846048730272,1.02616213734694,1.01305806885806,1.03485222030872,1.01051363600669,0.993715491624959,0.993307091942021,0.992671490858766,0.996337376382884,0.21339577426366,0.197175529168863,0.169123792236661,0.150270875890074,0.133555507985604,0.0905831965408537,0.0602191946999612,0.0166673708564871,35492.1966652246
"379",-0.274903356526153,-0.193027374601707,-0.261216681876069,-0.183950683437364,-0.145510026894392,-0.0799825313371144,-0.0281231400014143,0.00157701847996906,1.02649698748053,1.00870530408348,1.02787602848673,1.01106751664836,1.00479788642926,0.99701923923415,0.990661885931561,0.996721006387953,0.222606972450624,0.198727364768968,0.173067281879163,0.14763401697028,0.136636625098422,0.0885499398159089,0.0605268546181039,0.016384193415608,35489.9881318352
"380",-0.269802062008026,-0.209614307342083,-0.249753991549664,-0.180659026056374,-0.131132034542772,-0.0839439758075323,-0.0264395303554195,0.00331625347540973,1.02391584491416,1.01434619221282,1.02545086711654,1.0071926704832,1.00067135459053,0.997956207237612,0.990092046557634,0.996431052422233,0.213511530962759,0.198051222671727,0.171559769876933,0.154038045870118,0.133717461531776,0.093364767084924,0.0586476109016479,0.0165133286029376,35491.215492987
"381",-0.257394601188553,-0.203831576144205,-0.266586051829577,-0.184110953605713,-0.120010441658825,-0.0819818101751791,-0.0303701242831904,0.00308788548794803,1.01988938189564,1.00787140602158,1.03037632650725,1.01101157197683,0.997217161180411,0.997934056383974,0.991173269293169,0.996308289220144,0.221264525511021,0.189194921214258,0.170594043285515,0.15298819465456,0.13301218456622,0.0901531791269253,0.0581998253759754,0.0167154405726097,35490.4143195186
"382",-0.231762013067658,-0.221523089711378,-0.234124732169033,-0.18926528844509,-0.117288344799352,-0.0764012739906896,-0.0296628740877382,0.00200422360011367,1.01455505913214,1.01608636481908,1.01979078849406,1.01198361896159,0.995298833287527,0.995147894177501,0.990954791706304,0.996671309686874,0.221578199602384,0.19062859801435,0.173332709166069,0.150646046183349,0.137524122121884,0.0914863972195129,0.0603362820806275,0.0162168031198699,35498.1058901168
"383",-0.26986448317337,-0.23846183394512,-0.226451829285859,-0.182415730376881,-0.119819049115409,-0.0820150721832706,-0.0277092950966493,0.00241090803100389,1.02857292159395,1.02121179165595,1.01594162754243,1.00833824762047,0.995116056411865,0.99716937122251,0.990840779603906,0.996343455909099,0.214306860502458,0.190570422371662,0.171141974247782,0.150509511370595,0.134673491546267,0.0914957758050478,0.0590143506911917,0.0167161217995522,35492.4811885416
"384",-0.242608737840072,-0.246106654287653,-0.241906912059915,-0.172280207930708,-0.119878929123472,-0.0725285003898443,-0.0393267168830227,0.000360852683722242,1.0188200324899,1.02441485724958,1.02015015421515,1.00645194240295,0.996084121541137,0.993850701100961,0.995025711286753,0.997133410850738,0.220851708231364,0.19474226868197,0.169424866549002,0.152472170200938,0.135360230695903,0.090460909490683,0.0617921827038768,0.0163774377055611,35492.4648311624
"385",-0.226770134359482,-0.251851962453844,-0.227887170746874,-0.213592766082104,-0.117924333741965,-0.0780529012560606,-0.0299578977611824,0.000515844181560332,1.01129342225391,1.02609315211499,1.01735051576748,1.01757146882195,0.994264568721805,0.996048618868845,0.991364557873283,0.997168320600346,0.220742649651509,0.200106556876673,0.178224941498257,0.150363821186204,0.132511864622718,0.0919798809630727,0.060734438572204,0.0161261056259852,35489.9003519317
"386",-0.233348222505996,-0.225095954922836,-0.25400286639927,-0.197345825447328,-0.127862916001695,-0.0939038631377289,-0.0320296160861343,0.00108182164278007,1.01212932549689,1.01795016405453,1.02636416538895,1.01326789237672,0.997671710314975,1.00138047073148,0.992363123505749,0.997134951124898,0.218913327146587,0.194854466281997,0.171715907692032,0.153124882461839,0.132206356419063,0.0908406043179755,0.0595092349941141,0.0162814072612341,35497.6278778181
"387",-0.203429418487289,-0.218398623226141,-0.273845207904483,-0.195693410791581,-0.113636704327953,-0.0856047586628422,-0.025594938140771,0.00208773541899857,1.00291712037356,1.01486869883173,1.03360394807222,1.01404319508654,0.993372617087438,0.997336615786947,0.989972127551687,0.99633058228494,0.219449581219783,0.195227149230053,0.177009731775308,0.150748995015402,0.133440130549296,0.0894317842836965,0.0597012452396153,0.0167646124606704,35492.8246875475
"388",-0.228194618684228,-0.225121321097414,-0.206978839066829,-0.20700612980548,-0.129660200151324,-0.0898665324444575,-0.0414959086624401,0.000305517548718156,1.01063133511973,1.0181744847912,1.01298137219965,1.01613314959632,0.998803355679421,0.998585256532272,0.995177300857863,0.99724582664945,0.219367294061742,0.200200676054441,0.174669606243105,0.151001751862791,0.136420764711473,0.0934452184327935,0.0594472579476385,0.0167952925233226,35487.2214096647
"389",-0.235985069129963,-0.249540889458801,-0.245987313609603,-0.186082209871512,-0.114734058465276,-0.0833153895839472,-0.0354824592197208,0.00500631804313954,1.0150432622252,1.02673422559645,1.02424817234055,1.00980169090276,0.993812703065371,0.997304052319172,0.993525251586866,0.995542312649714,0.22155880958315,0.194562151343969,0.175356598348674,0.151807684753641,0.134442668854378,0.0912312992980757,0.0597202114416225,0.0166834199233025,35496.9858860282
"390",-0.270480126381167,-0.229538641503858,-0.238449676756091,-0.200254514390871,-0.110690095586485,-0.0651588186965465,-0.0330855895057487,0.00600930098578024,1.02558302991023,1.01854795878995,1.02207870401529,1.01531612081412,0.993455484024765,0.991134312972183,0.992225536119212,0.995252378450949,0.216238921876912,0.195002170934132,0.173432694795071,0.152051689770241,0.134654324685425,0.0898771836218797,0.0608059140008291,0.0164624382478131,35494.8483900016
"391",-0.186045770192008,-0.210736093989857,-0.259058172751058,-0.162726957715549,-0.109206380168078,-0.0788583881132273,-0.0315046264083573,0.00237694852361773,0.998004932871741,1.01344648471783,1.02911144368337,1.00283762499372,0.992610466983664,0.995354454791989,0.991251541751039,0.996378237335328,0.218284908361909,0.197639847925896,0.174926095989828,0.15348953275792,0.136489579706235,0.0909156224578141,0.0590781114873933,0.0165217964931266,35494.2684681678
"392",-0.268559723435529,-0.224570384008255,-0.237665494499052,-0.18210243690724,-0.117561000800861,-0.0628177448199102,-0.0419202569056769,-6.96916591447767e-05,1.02423509450535,1.01820447070905,1.02223796290165,1.00898399211992,0.995928938318457,0.989661305631679,0.995603634605675,0.997301532420125,0.214509563301711,0.194189152562888,0.175426169339551,0.151142580881328,0.13408339942602,0.0912425776461541,0.0590564263915252,0.016645565222875,35493.686624491
"393",-0.256017266051958,-0.203120090054175,-0.231994754353925,-0.191800866839002,-0.131341965109025,-0.0755306955755078,-0.0318502372914048,0.00416849257400761,1.01819159534438,1.00774982483951,1.01706439445664,1.0123728677134,1.00003839139014,0.994651683845345,0.992172125411279,0.995962669588087,0.216567734481643,0.194777504681546,0.170273024491665,0.147644892339826,0.136082186676392,0.0901410651091876,0.0594172610393981,0.0164824076853842,35493.9763087358
"394",-0.230937738229177,-0.227556555893503,-0.261561515531006,-0.187722887168825,-0.14119403770436,-0.0854851864475006,-0.0307331328620582,0.00496147341211564,1.01235123350297,1.01740539747599,1.02720749315717,1.00961666628093,1.00249026741483,0.998584156042422,0.992407184604739,0.995456104871572,0.219405251009403,0.198179694970555,0.174247916984666,0.150922507348697,0.131452190216196,0.0883389482202738,0.0605132344992863,0.0167340101481093,35489.9646922182
"395",-0.248609880784715,-0.222233733057401,-0.267570290561597,-0.197886317373641,-0.136901333414136,-0.0840360220221576,-0.0311761373800135,-0.000485604021615312,1.01877621166211,1.01808488534086,1.02957223286314,1.01371873341709,1.00043645022512,0.997258802202989,0.99133835351082,0.997731692080757,0.216769955039012,0.194100163978758,0.173619727253813,0.150438354747736,0.129461573103811,0.0912909157496396,0.0595848989190589,0.0162883101045912,35491.8131257065
"396",-0.248672298387887,-0.22695819920619,-0.238468110186041,-0.202453930421375,-0.107702416539291,-0.0725731789642392,-0.0284635449920932,7.57868033936611e-05,1.01974724805745,1.01714657010236,1.0243726873956,1.01624608870813,0.993571773446462,0.99466977104019,0.991053796999416,0.997130901067775,0.225121369987774,0.19630750527155,0.171666152902205,0.155192824546724,0.135111256255116,0.091179093832615,0.0597726080767833,0.0165019231454438,35488.765428464
"397",-0.237166125754487,-0.195135162902335,-0.258923923257127,-0.186326436340717,-0.119646844039604,-0.0785260157961025,-0.0230624160141471,0.00414517712046862,1.01574272022869,1.00556551577016,1.02778528309264,1.01063364596089,0.997352349092517,0.995513825912642,0.98895089840851,0.995902493279038,0.217509433421888,0.193630589066201,0.173049611833796,0.153119501479571,0.133339915108064,0.0912141300983354,0.0603832345078869,0.0166084330694004,35497.6889273576
"398",-0.228986815877585,-0.256624910941507,-0.257314299954698,-0.186578994819235,-0.141886877067268,-0.0663979405496617,-0.0372961212197925,0.00240226747207016,1.01469690949321,1.02723834843839,1.02761018367116,1.01018915346095,1.00249164425671,0.992258676884361,0.993979075360311,0.996522328424928,0.222955228197138,0.196770149992508,0.176650236475843,0.153013697459448,0.132820724470402,0.0914055651557605,0.0601316146311237,0.0167414186944989,35491.9854292509
"399",-0.236189286829315,-0.24412004901047,-0.267045903130732,-0.189016137903353,-0.114383691169015,-0.0779004152657502,-0.0404151950597037,0.00343602542345699,1.01282775241534,1.02292328687527,1.02990174314596,1.01141360827957,0.993500231725234,0.996510969274983,0.995625525116598,0.996247427168402,0.216740384498855,0.195783593916873,0.169886423548855,0.150637706377693,0.134351866103416,0.0910584227961611,0.0606494453867656,0.01662181704757,35495.5164617892
"400",-0.187308111339267,-0.201393609825593,-0.25514934223036,-0.177955962358318,-0.134122023343911,-0.0934933780730154,-0.0269163783408425,-0.000227582582174278,0.999358502617713,1.0083216693137,1.02773017017716,1.00691659771706,1.0008383549234,1.00019516220932,0.989463337467157,0.997658303508087,0.217324053171688,0.196275822897247,0.172768428862888,0.152184256854938,0.135092984867491,0.0923261390852139,0.0589729311409234,0.0168655003006049,35488.577286868
"401",-0.244441003751529,-0.280125546900522,-0.238525918706454,-0.182763855218972,-0.0954717803444654,-0.0822448501516616,-0.0257037986358158,0.00361759187065448,1.01438270014326,1.0343317162075,1.02078511042124,1.00973832158193,0.987150285136449,0.997379515875787,0.989374053390833,0.996188114231034,0.216777028224001,0.195111282286741,0.170216417045905,0.152144261562473,0.132901235764018,0.0907015568807081,0.0602991182872571,0.0162920883794284,35491.0693728785
"402",-0.229449847804605,-0.23170901437596,-0.238222274555668,-0.180230869614186,-0.118846469440464,-0.0670961467469882,-0.035587719497902,0.00216977182977014,1.01340849591176,1.01895843499852,1.02378904306509,1.00926538391221,0.996059004721493,0.991692065401551,0.993734392382738,0.996668218616409,0.218361808216141,0.195463140919399,0.171867959551937,0.15223919672323,0.131905979253098,0.0911808594823064,0.060987360322227,0.0167752212808412,35496.178307614
"403",-0.274997282202124,-0.229117146917785,-0.260987230010161,-0.190815831041278,-0.110149153239086,-0.0705649997269872,-0.0360576168999795,0.00415947698817934,1.02361031258925,1.01608077149893,1.02656838679544,1.01343574886896,0.992082612518458,0.99345722986746,0.993393706744231,0.995736695275611,0.219280191691533,0.191013584183676,0.169831729738615,0.15363226161661,0.132287855323145,0.0931804840050627,0.0590129801315755,0.016470289479442,35487.2277054189
"404",-0.24981094607666,-0.204758045156916,-0.229787037296848,-0.174608767473198,-0.102455093440257,-0.087415546807009,-0.028498414569947,0.00410344852488812,1.01780659736844,1.01011036203442,1.02090984515797,1.00676439434982,0.992125762772019,0.99818780545282,0.990176978465262,0.995992273086174,0.21809797274125,0.19848420122377,0.169105262918126,0.151139286453283,0.133423639773992,0.0910939055953514,0.0596082615184419,0.0164715390862144,35492.896161041
"405",-0.203052888617992,-0.224524741421549,-0.221918425414818,-0.170406055909062,-0.115141418796814,-0.0723901312703743,-0.0369480177239532,0.0027577622665179,1.00453483557834,1.01570476316012,1.01657034255737,1.00613242744982,0.99535774114495,0.993752339294122,0.993786412801851,0.996336031769143,0.212223877722656,0.191833892510658,0.172348157455169,0.152237482094357,0.134687528329045,0.0926176742718031,0.0595844592017534,0.016590846319296,35494.918124964
"406",-0.23268550865364,-0.224686383690268,-0.246319461802752,-0.161664007205292,-0.108882176484595,-0.0665746037946034,-0.036500560593217,0.00295793468175953,1.01184622272875,1.01697696748968,1.02487129726386,1.00339766898667,0.991642685856226,0.990223076953518,0.993325013933954,0.996354005785935,0.218522824313735,0.196500253503232,0.171369127239318,0.147493392704187,0.131476742856918,0.0922503972767359,0.0605584758305796,0.0159241600961114,35491.7969394972
"407",-0.250061654973663,-0.202940320298332,-0.266147085226665,-0.19338154933872,-0.121041284912493,-0.0948678285669867,-0.0385099691286648,0.00218025019623138,1.01897614018613,1.00835166123971,1.03138165853098,1.01261372886416,0.997662791570547,1.00104574308042,0.994303043908777,0.996383730961952,0.214062777803014,0.191871136404233,0.178050566691993,0.147566728431393,0.135281755714096,0.0903060436811261,0.0592410273137423,0.0168050338465327,35489.4920198395
"408",-0.24554399126687,-0.213152358231668,-0.244792227479858,-0.184252936235439,-0.138374015113269,-0.0765446736373465,-0.032244079383345,0.00112296989724971,1.01847323283852,1.0124115517006,1.02318385759825,1.00997289627601,1.0021696886711,0.994892480559609,0.992140499836933,0.996781932084197,0.218882310350006,0.195897623589264,0.174742950049046,0.14903090125532,0.135853949355356,0.0885371238829374,0.0599758759097407,0.0161973484286342,35497.5925524702
"409",-0.239132151197927,-0.221735653487933,-0.224526209587285,-0.184137251111781,-0.131062248919131,-0.0814866721733704,-0.0444975431222029,0.0046947638674025,1.01359216676473,1.01374469505107,1.01667413728537,1.0099058558521,0.999397407298217,0.997623016462659,0.995907105476149,0.99587447754314,0.220485788953038,0.198195154524462,0.174955718920336,0.153707184127554,0.134414935167279,0.0921606967361233,0.0592898736891446,0.0167722117332531,35489.9988059883
"410",-0.246928478871861,-0.217448778101875,-0.265417825356018,-0.188004776160606,-0.153188756332751,-0.0896104867342334,-0.0290543636433493,0.00474025738859252,1.01760080038319,1.01207447444282,1.02939757261842,1.01065654247724,1.00715892132442,0.999348404504957,0.990663562659786,0.995438679747721,0.215207855189053,0.192476300338612,0.171296413745571,0.153194107869073,0.133342861616111,0.0915967463809987,0.0597200814854096,0.0164534437138033,35491.6916198368
"411",-0.264116166941873,-0.222987872530912,-0.253192029135738,-0.177025292581633,-0.121276290663933,-0.0707817166887054,-0.025418649669443,0.00107034286857475,1.02513745205268,1.01571753798937,1.02572512472408,1.00813025036511,0.996239425535325,0.993414459355208,0.990149344332456,0.997167376742578,0.220974581260473,0.199128471448298,0.173261158495913,0.151669790513681,0.13249227118253,0.0925841202872599,0.0605112241573147,0.0161502482936068,35496.0185807541
"412",-0.232869919160743,-0.208743029677462,-0.248761467471642,-0.19684883673965,-0.111490086558315,-0.0881372597295386,-0.0279145391947416,0.000309757121388443,1.01368321610167,1.01153873481358,1.02525385042898,1.01316228831917,0.992814685388699,0.998702577222659,0.990819212115133,0.997317301983496,0.215978633998764,0.195268076372519,0.171103490684741,0.152055868530651,0.133202318337981,0.0899894709395568,0.0605005159809104,0.0166699874590526,35499.4286401843
"413",-0.208189702842134,-0.214918042554516,-0.232534169822583,-0.193398133469056,-0.114228307779074,-0.0807878149168045,-0.0328898185577508,0.00393578016724546,1.00628440625853,1.01295241815569,1.0201084045774,1.01381484892502,0.992270714366219,0.995911647519069,0.992086293345758,0.996245607025701,0.21511402566397,0.193143383397247,0.172161559958489,0.148905273320404,0.133423729201557,0.0914141302809852,0.0612524809539266,0.0160976816983172,35491.5631097935
"414",-0.270533158955703,-0.199789687040243,-0.270036064948818,-0.208167168692003,-0.116504794614546,-0.0758992355825241,-0.0244891226557561,0.00186635649242694,1.02447342759877,1.00991166516607,1.03253064104794,1.01661001957906,0.992787289291059,0.995550288119735,0.990035094438543,0.996724327200248,0.221325988719372,0.194688575205917,0.170067323318521,0.152622931164737,0.133762909988067,0.0935390536105503,0.0601683893022248,0.0164224168628854,35491.5096752798
"415",-0.213258414049431,-0.202833869999062,-0.243621892406808,-0.177311389857461,-0.105960050625197,-0.0771185861540058,-0.0375055623948034,0.00265506655208709,1.0061185183827,1.01038155113356,1.02309006702531,1.00809905926758,0.992925863526017,0.99536907566988,0.994084361603988,0.996208120403914,0.221537269348375,0.192599667761129,0.172439030415511,0.150410278796754,0.13344736313882,0.0904701384438152,0.0605742638696685,0.0164400103799009,35497.1577449944
"416",-0.250165566978172,-0.216972057192427,-0.252835239281928,-0.176589953961815,-0.13736590791743,-0.0898428198651521,-0.0280124017639439,0.00565376422156829,1.01764943916975,1.01448689308838,1.02516574265869,1.0092722148286,1.00139267356089,0.999499109513047,0.990730597238452,0.995301967094432,0.218930574039919,0.194976653149518,0.166383770548996,0.15245946776458,0.134774577911398,0.0901696325250192,0.0603174484560353,0.0164388199240948,35493.2725663554
"417",-0.228994918366289,-0.192890573802661,-0.281154645623134,-0.200312701274984,-0.126118746627819,-0.0786079300174474,-0.0285103781554138,0.00225258124460108,1.01182060594698,1.00673739407336,1.03659672598949,1.01635784487711,0.998052013196752,0.994820552334558,0.990706118605675,0.996538476816432,0.22194578860569,0.198766186505812,0.171654618718797,0.153388257260608,0.131110046545842,0.0932692946188521,0.0590347082940971,0.01637840476104,35493.8401230539
"418",-0.226975119540976,-0.223313985655813,-0.241945884997746,-0.171415521266231,-0.126859557626572,-0.0797516239756938,-0.030260597588116,0.00141823088554064,1.0114589483242,1.01396598296205,1.0215760066942,1.00564619174829,0.997878200388572,0.995871819260487,0.990324398828536,0.996814624738723,0.219465399024937,0.198497132605911,0.171770658315424,0.153393897908113,0.133763276142126,0.0922804019455349,0.0605419713600776,0.0167806507136021,35494.3445031344
"419",-0.238135942470685,-0.1975899268038,-0.256602888879974,-0.191358113889199,-0.124172653463951,-0.0779628311735078,-0.0439395700907958,0.00188853983738114,1.015372398199,1.01084934532812,1.02752574995211,1.01221249337821,0.996570813659244,0.995079189065549,0.996637241523997,0.996919943613252,0.221191195334119,0.196709766600194,0.176264194479096,0.151960220342768,0.133774612252415,0.0908933488919799,0.0594770349685477,0.0164411534804326,35492.99971125
"420",-0.230124516121996,-0.238143397390505,-0.268200659106924,-0.170774515136084,-0.127151178648679,-0.0703821414763158,-0.0273566448887956,0.00233142423486402,1.0137484733018,1.02325763387673,1.03353951303185,1.00639335022932,0.998512887813101,0.993107265974057,0.99003868314939,0.996419050460239,0.218401205662212,0.19776296547586,0.172144662812152,0.151770740096166,0.134202866320011,0.0903095562990579,0.0585850718440648,0.0159640490831096,35493.2409025522
"421",-0.217996232556048,-0.222585922236261,-0.261010435097691,-0.204294575222057,-0.128370169304616,-0.0737260497241276,-0.0322424609058866,0.00228994211322134,1.00808344480568,1.01677258906979,1.03122657116587,1.01735170163082,0.999317982282107,0.994439969459239,0.991781270857443,0.996553829696256,0.212786616811496,0.194550214241502,0.171419742323917,0.153535986500705,0.133893287793124,0.0905374813324751,0.0590219141513469,0.0166357001826357,35495.7233389867
"422",-0.277207956512673,-0.236930166873288,-0.294115520965461,-0.191295685771895,-0.121518573700948,-0.0822943078845117,-0.0332517076754366,0.00139694919980303,1.02884897191518,1.02133357653613,1.03955968943401,1.01070060269212,0.996602713714966,0.996956731563319,0.992826093411366,0.996804892823534,0.218026437238381,0.199407430419635,0.173221883410512,0.152139578674332,0.132302411017068,0.0919180907793698,0.0586438208104345,0.0158438846441558,35491.0950424478
"423",-0.217330524685724,-0.230718121255924,-0.247741966122196,-0.160770570821664,-0.123105474377999,-0.0681947688812628,-0.0326484092732103,0.00158933445947596,1.00918168923338,1.01595935460426,1.02309803973135,1.00055477128742,0.995678924491896,0.991393117741318,0.992325036759173,0.996627555270382,0.226604754533048,0.198592647681533,0.16877946658809,0.149240589185155,0.133839274552566,0.0908796499845854,0.0592727201011796,0.0163575100356597,35488.7432876575
"424",-0.243079719045896,-0.210551712607159,-0.274320567654422,-0.201136261248459,-0.130673325210132,-0.0805926018798488,-0.0324928692796656,0.0014470533143178,1.017203259368,1.01147322499523,1.03479800750338,1.01476464507736,0.999879525079833,0.995436384127276,0.992466015932372,0.996909752508778,0.216504177264031,0.196463240547361,0.172575162881177,0.152272163421801,0.131321725929798,0.0916352884216496,0.0595019987002757,0.0165344154124717,35497.745558308
"425",-0.212214209726143,-0.239360915804922,-0.248813806827482,-0.178462964377432,-0.142262377071781,-0.0806846360335059,-0.025094193756097,0.0037852028004585,1.00717073482254,1.02064793149393,1.02587172022339,1.00713016539488,1.00413541219233,0.997054025360856,0.990532751329187,0.995969857424751,0.216741099786059,0.201873325345527,0.171168406486775,0.151892406997568,0.133879427478302,0.0917145651211701,0.0594281062018036,0.0164639610277103,35493.862383128
"426",-0.22792907911667,-0.228456403428242,-0.210976619373867,-0.180494374500462,-0.115928964472114,-0.0837730858829488,-0.0356233971877493,0.00129013220112616,1.0091852610272,1.01786810281248,1.00960913419509,1.00810952475552,0.993918999694913,0.998943272286592,0.993444356139065,0.996847189812423,0.22030290615712,0.196613299104744,0.173220336298841,0.151240109111112,0.131001649808434,0.0912792816075712,0.0602045136933893,0.0165978817870418,35491.3543702727
"427",-0.213315546613068,-0.196558721979563,-0.236847320612196,-0.183237352538573,-0.122803763711052,-0.081360336000874,-0.0301606121128119,0.00311511778993859,1.00565963320675,1.00692221293765,1.02085491453913,1.01030313460076,0.997098314335014,0.996192716345144,0.991289537623676,0.996126796210875,0.216731475803939,0.193499111509834,0.172956260277332,0.147800875125002,0.132377138923905,0.0890985838970129,0.0598097035035203,0.016198364940423,35497.5152657603
"428",-0.250568209201529,-0.23650325328903,-0.235005360210039,-0.193355118112175,-0.129047972527188,-0.0807729939643843,-0.0285188294965709,0.000213302638554857,1.01811256705773,1.02066270542217,1.01875487511853,1.01343731874762,0.998531394032713,0.994811353887056,0.99087908381626,0.997173206293316,0.223284531105347,0.195406338533008,0.170092685828442,0.150328944020569,0.136668597116092,0.0920216605853952,0.0597858369159966,0.0164080308353828,35494.4486027952
"429",-0.255517538526458,-0.223705238533041,-0.23342657771736,-0.169437222765433,-0.128643072427931,-0.0670952994902422,-0.0321307385066384,-0.000415264115233729,1.02223442327079,1.01653185670106,1.01940644739303,1.00573273758976,0.999537912543882,0.991823500504225,0.992773000703775,0.99750944793421,0.212290922918073,0.196160282192121,0.173645331474465,0.153773602327202,0.136083104532084,0.0891568888172117,0.0602469998738173,0.016522759122914,35493.0377852508
"430",-0.247404428129886,-0.191523446100655,-0.234954504178228,-0.188234406650614,-0.126540533347702,-0.0760083531809997,-0.034728521178893,4.2490335295452e-05,1.01734888038299,1.00494471917555,1.01811152956158,1.01208095395843,0.998854913381477,0.995899824559622,0.992912619493907,0.997320350303693,0.220353784790233,0.198195171398187,0.174089267152088,0.151603263303252,0.131184823406449,0.0905234932131294,0.0595449177802981,0.0165693806008642,35494.7797141601
"431",-0.198978354803392,-0.21292160396948,-0.280427561531938,-0.192995003907443,-0.109783508223553,-0.0762711644870629,-0.0386232096496613,0.000435331520460063,1.00239259836584,1.01272964534388,1.03324561820425,1.01269532796186,0.99219652662841,0.995383498487944,0.994182730581843,0.997113213099571,0.222215673026006,0.195044667772405,0.173875441906677,0.148508353281033,0.13460079763985,0.0916419801862047,0.0586099792149807,0.0159254342651278,35491.6471865777
"432",-0.264245452332204,-0.233681567193888,-0.228413520431436,-0.17263086262857,-0.118300073660137,-0.0679118982192326,-0.0385979821752402,0.00201408834308131,1.02425526720332,1.01841158410971,1.01843896884202,1.00629200887121,0.995240109344861,0.992897384538806,0.994973524384708,0.996786692915764,0.225957875949456,0.195554449857978,0.171754641701459,0.151175114048617,0.134438111517665,0.0921595012266016,0.0604588116572364,0.0162176126764232,35493.0622097466
"433",-0.257190751425951,-0.254496000265686,-0.259874203866266,-0.178498262681234,-0.119328933643416,-0.078082376290564,-0.0335258556535884,0.0038110003217954,1.02070122462739,1.0258231035934,1.02541596688371,1.00702369638443,0.995895949754134,0.99526458676295,0.992642120630346,0.995864787754016,0.220087957977069,0.19624145756741,0.17159423166117,0.149781356516051,0.131748191963399,0.0886679595689709,0.0591586977502732,0.0169935231855509,35490.3323702944
"434",-0.241410770652985,-0.226842402620718,-0.250164893984469,-0.176966400560821,-0.101330379917752,-0.0807653194992095,-0.0316682915076152,0.00173431946925124,1.01599167674445,1.01787840837071,1.02679100551979,1.00722603143969,0.989818140835525,0.995846892246829,0.99205714255904,0.996732931830914,0.214325356549085,0.194190547066015,0.172825375308899,0.152998651093786,0.1351046448145,0.0909897932997831,0.0607893242310915,0.016321063784718,35499.6662243723
"435",-0.209846794399919,-0.18646042760087,-0.25672685828484,-0.188575924583687,-0.128882686827682,-0.0726044031576996,-0.0350449844522595,0.00220211266888903,1.00527726238766,1.00335321354507,1.02656479457013,1.01151215333362,0.999478866849845,0.995205602303312,0.993109805534707,0.996663569644832,0.210581114800043,0.203125106543887,0.167374752438311,0.152103035190993,0.135106734979901,0.0898005456497568,0.0591632136362317,0.0163388074409172,35487.2829206119
"436",-0.206934848668154,-0.215287334061427,-0.246611008304153,-0.179199589779507,-0.118356858841925,-0.068253412072244,-0.0195139337890277,0.00265336623870034,1.00524197873722,1.01472753963233,1.02620158596348,1.0083612858552,0.995428283936014,0.991517385639421,0.987706946504647,0.996367707287505,0.222212125574335,0.195688587306511,0.172408965198146,0.150334521505292,0.132472794794922,0.0910694640797214,0.0577460225864247,0.0161709228429907,35492.6133637096
"437",-0.229624804900805,-0.240573518338957,-0.236326522528832,-0.185869935454916,-0.124374906446332,-0.0772305605576893,-0.0366423354731727,0.00410555172767836,1.0112478664535,1.0209737592728,1.02016113032752,1.00937275730246,0.996343548909229,0.994804659294186,0.993590735572378,0.996086542492932,0.221001722305288,0.19499280275861,0.169185201246461,0.148894347620348,0.134196307715535,0.0918938366616694,0.0601168362009315,0.0165650732467712,35496.8818931851
"438",-0.214139497683166,-0.18576211605865,-0.254376145189046,-0.194796117457533,-0.11917078186127,-0.0812511839352841,-0.0189305723929497,0.00432630898071199,1.00585630924617,1.00229982213175,1.02613378069232,1.01351015700365,0.995901382204117,0.997223724397097,0.987352277681476,0.995846609276657,0.214238601651276,0.194770374745468,0.172370358985332,0.148282664402083,0.131776905362252,0.0904128883564277,0.0599722836351736,0.0161999131596328,35493.1981003475
"439",-0.232865183099374,-0.242862052808288,-0.251321861011275,-0.186236878677165,-0.147835956169147,-0.065638950444807,-0.0312319155353407,0.00204234058567878,1.01174732945377,1.01963514127267,1.02695234027301,1.01045854404697,1.00651924821083,0.990370887492638,0.99215059725293,0.996614583150566,0.214554178291573,0.199762003589345,0.170522615533713,0.150138515539766,0.136481363560563,0.0910848764208718,0.0590818126266742,0.0165758155968176,35490.15951222
"440",-0.258770420657015,-0.218031894194995,-0.272429215556983,-0.171505925104361,-0.121901407175339,-0.0989737866947626,-0.0255268168382155,0.00383847073821932,1.02169131738546,1.0139121769051,1.03381607829687,1.00486663173439,0.998075882476747,1.00299262919432,0.989407965234401,0.996077612399588,0.217474232787646,0.193605899138117,0.16999268234157,0.150564187563522,0.133990782002797,0.089347710489324,0.0593654633148467,0.0168645537782415,35491.676399813
"441",-0.240812760148525,-0.182696721940407,-0.252472347695021,-0.197211368956908,-0.118598106725309,-0.0801641546980056,-0.0241188970475509,0.00328354646342677,1.01769991536498,1.00405755492565,1.02732738494743,1.01613070733677,0.995491659235363,0.995825514054815,0.989325419410834,0.996269704465636,0.219700778277817,0.200036914472834,0.173920702962189,0.151403139216699,0.133046229508315,0.0903124480748166,0.0603919260477637,0.0161068499328014,35494.0349051992
"442",-0.213735548887079,-0.185776693776041,-0.22664546078365,-0.20279272164641,-0.13246297494826,-0.0790186224855325,-0.0421655562300463,0.000251327640816992,1.00679122051151,1.00540896512712,1.01851987653377,1.01559543641016,1.00008548225586,0.995439613400969,0.995965565171989,0.997310543649993,0.224980137034416,0.197712343133522,0.170918894912146,0.150604504488733,0.13263506382926,0.0912627714349303,0.0590068880084507,0.0169563741470161,35489.9060260097
"443",-0.246442702326515,-0.271169276537967,-0.24682378343326,-0.166906145641758,-0.098571633206043,-0.0813763476557032,-0.0392051890836365,0.00378419743414797,1.0177139524156,1.03175734877145,1.02531386303009,1.00403413734952,0.989417513506676,0.996211986183169,0.994287439482845,0.996283124518208,0.21799911428855,0.198608734440687,0.175696694490738,0.150493684095009,0.135728847577502,0.0913806184083895,0.0587460823337738,0.0168780417419323,35488.5783228987
"444",-0.206587101908589,-0.204131079020739,-0.238301935124425,-0.176762771106717,-0.149021414999172,-0.0926926769188107,-0.0277947709014468,0.00186617269289452,1.00227924312061,1.01061502808525,1.02125271308908,1.00697786847474,1.00513249437604,0.999947431476001,0.991345394266608,0.996530596908316,0.217510858198776,0.196791748059026,0.174666831684245,0.150450963199991,0.133376064353466,0.0945163335346749,0.0591133965272045,0.0163263015621941,35490.8574118794
"445",-0.193717384459764,-0.234383049903592,-0.23233510730399,-0.183884829829864,-0.100374302457503,-0.0723752923531903,-0.0346327176616989,0.00137705158115707,1.00058704348861,1.02003097479246,1.01921045713145,1.00983108969971,0.988629123268945,0.991899084067782,0.992891496824841,0.99693635846907,0.217620842676278,0.197640792568513,0.171839767295101,0.152154100259314,0.134877992645272,0.0906625371085936,0.0601627830048061,0.0167655015434531,35493.337210191
"446",-0.228396031055825,-0.216811403719032,-0.262285691246648,-0.197044280469928,-0.110929905971343,-0.0708780940547048,-0.0301566359766099,0.00018743005088117,1.01043100436641,1.01618025580611,1.03047930630226,1.01406432313172,0.992224375482629,0.992619885198006,0.991817182918581,0.997338077075714,0.221903509852929,0.196409644442046,0.172802548565664,0.153492318647605,0.132527770373729,0.0911646681904644,0.061247150862806,0.0167625816549479,35494.79089561
"447",-0.243827302805186,-0.246662096505408,-0.29855291785011,-0.191738228928732,-0.106311952393351,-0.0765648911621629,-0.0284450543304745,0.00339267617536988,1.01619620652087,1.02310873904813,1.04266995741691,1.01233115242981,0.99147978214385,0.993860187657334,0.990826178884937,0.996349303986601,0.218927251920487,0.196536542261995,0.173403246784549,0.148844021794972,0.134650745190242,0.0891997823713772,0.060559921793364,0.0160989497732642,35490.088965819
"448",-0.218039572831052,-0.243750289728966,-0.245401049826872,-0.164987054494221,-0.121163041970182,-0.0690252347331706,-0.0254555618816859,0.00500275580495143,1.00835467023484,1.022874987996,1.02344225323202,1.00309643116198,0.99748932227674,0.992028821464736,0.989799516356273,0.995581876864874,0.213585008561498,0.193842187712991,0.175821197380358,0.153557319007067,0.132435715522936,0.0908458597388063,0.0604556685980496,0.0163718254197188,35494.6259655827
"449",-0.253265839971542,-0.209162153742784,-0.284167589549373,-0.169055564098979,-0.115528858471704,-0.0895291488909445,-0.0294363404230519,0.00174316186011378,1.02013498041622,1.0120010442763,1.03587314126116,1.00382908066673,0.9967651595506,0.998134303725385,0.991267520602117,0.996606839546114,0.221922357662776,0.197085064099515,0.172093122789179,0.155520782430787,0.135667256402038,0.0944631953776448,0.0596648322724708,0.0162931396212141,35488.2952703064
"450",-0.217770617465323,-0.232160098335456,-0.241277390031666,-0.190176326722108,-0.108971590333555,-0.0853049508647787,-0.0302937776464546,0.00401156588893197,1.0066530320279,1.02227396184195,1.02305782395497,1.01197785993616,0.991492467909775,0.997849501981153,0.991388146103667,0.995917549915172,0.213739990207399,0.195749783703156,0.172947166451875,0.147037261750115,0.13599199992498,0.0921503483372117,0.0607603841991397,0.0164404354528735,35494.3426549421
"451",-0.214488227768231,-0.262054257426561,-0.259457360380443,-0.176868709552924,-0.107697078765004,-0.0829378059972992,-0.0258929238457161,0.00316974887974276,1.00603607675657,1.02653643594765,1.02836361245096,1.00646209272642,0.99317016606579,0.998458991450526,0.99031098291325,0.996167174712928,0.218459572936935,0.194702270847258,0.176092710469875,0.153350393473105,0.133003876460961,0.0932015781668562,0.0594624439101808,0.0167388316569673,35489.2298379375
"452",-0.201127121844583,-0.233684468068409,-0.263998180680443,-0.175569569370583,-0.131191255285262,-0.0785941703250884,-0.0332967685302736,0.00250915320801339,1.0015723336097,1.01976728852251,1.03222176360636,1.00677898252033,1.00198005717411,0.996603689231131,0.992478219122284,0.996306043840407,0.218524425363382,0.190823824857336,0.175696166176575,0.150911353259435,0.134048112321206,0.0914076470759809,0.0595925191339131,0.0163211093279363,35491.9734292592
"453",-0.25934016647694,-0.256301566123995,-0.250173960694564,-0.176699703328386,-0.12231660592093,-0.0812593356786563,-0.0337022614063412,0.00132025066155314,1.02247401352636,1.02700223021429,1.02745988752216,1.00744929496568,0.996563263028603,0.996953455688188,0.992534257211877,0.996997664424533,0.220538444226339,0.197822588593215,0.175375707539672,0.150182713123597,0.132590574860792,0.091334086456387,0.058074853143326,0.0165445073826378,35495.0452054779
"454",-0.265422075102006,-0.257990082079754,-0.238604553734486,-0.174314616469542,-0.126411689452503,-0.0845599440030515,-0.0447573896863648,0.00251451819314774,1.02301606403576,1.0272719905577,1.0207567506215,1.00747276420974,0.997143272822046,0.998466329242706,0.995852220149959,0.996374159621398,0.219885012313332,0.197178201194727,0.171792456019999,0.151255526881517,0.135837890268058,0.0920725788924986,0.0606308526788335,0.0160887352418921,35492.5610730414
"455",-0.229926909434404,-0.202122262310695,-0.267944515378407,-0.199136083643493,-0.134293229342394,-0.0811326974380513,-0.0330069063400109,0.00151605033545648,1.01242151752116,1.01126111712779,1.0328996597557,1.01657418071594,1.00193266565194,0.995865031745213,0.992302732836016,0.996768959799042,0.22291424095661,0.195600096615611,0.16821308249055,0.149588251066519,0.132273646833952,0.0933492665187514,0.0595563912375649,0.0165722791432465,35492.6399110806
"456",-0.209906580629788,-0.230367154805036,-0.24459719864536,-0.179356682943634,-0.102715271875244,-0.076654792917214,-0.0314478734837086,0.000573139627859337,1.00337993988152,1.0175641895186,1.0238651259573,1.00979564516809,0.990498062660863,0.995192832800654,0.992479954750575,0.99689956152272,0.217564004562074,0.191016271151309,0.174831210242002,0.151380340902792,0.134605620939541,0.0925989298509402,0.0590505295852815,0.016314195006605,35492.5029735025
"457",-0.251148136849178,-0.242402155345947,-0.246514707500929,-0.200630759455804,-0.109693044180082,-0.0809705417619558,-0.0367331509379489,0.00167763676754725,1.01799008153142,1.02382956505996,1.02617452999242,1.01601336523044,0.992856625112193,0.996729648691102,0.993461152288872,0.996815823459694,0.220467156591771,0.195059309500111,0.170803667626093,0.151844876393885,0.136040199885502,0.0925244107109739,0.0605613337475605,0.0163414828597649,35497.0472521595
"458",-0.241337937568974,-0.246075459979644,-0.296717042930314,-0.198995880765004,-0.133713196935802,-0.0673621392585995,-0.0348835635169457,0.0045159769226879,1.01878565342302,1.02457203051996,1.03964578688737,1.01523405191805,1.00255856384796,0.991316322096867,0.992178992138465,0.995677216261479,0.220609515772867,0.19967856348321,0.173236687595692,0.151720139546069,0.134632030770678,0.0907252783525153,0.0606038661967876,0.0162126958380655,35486.1741335667
"459",-0.238324180600599,-0.212836984370964,-0.253454527911519,-0.147738852889052,-0.131513585297353,-0.0815710672399283,-0.0385864772197362,0.00363079228502213,1.01415363999254,1.01181570933755,1.02595931129712,0.997743494710201,1.00085562721358,0.997587876606621,0.994403574680473,0.996042750954713,0.223914543728104,0.206156382660014,0.17615203117283,0.151830663889307,0.132802585085174,0.0927977641625135,0.0596741769130005,0.0163356962418084,35486.7227599813
"460",-0.229654650464446,-0.201328513073864,-0.249534598405139,-0.185880381374245,-0.136432230516643,-0.0967528864017759,-0.0295856685790926,0.0019636367696414,1.01334284680276,1.00744149737665,1.02573959961443,1.01026515128967,1.0018309377764,1.00111980754778,0.991882233468129,0.996657082040883,0.22863108683233,0.194781096494294,0.171750291101753,0.151845163443737,0.133671313172423,0.0899705649320304,0.0602137153433088,0.0165514722694121,35491.8060595702
"461",-0.257950823745009,-0.214220514653862,-0.254562024631138,-0.187058746176853,-0.130213098613015,-0.0860886674222074,-0.0328974605159144,0.0011163696007518,1.02256386771378,1.01407489419082,1.02681116187433,1.00956626686101,0.998889332789802,0.99837486190887,0.993832048705711,0.997076801140046,0.220505560203961,0.195314525751772,0.169546768202368,0.148125532739354,0.136217738555026,0.0900232275921387,0.0607328796186144,0.0159612545283433,35490.1107789621
"462",-0.233953178846335,-0.211169349892574,-0.254555720453522,-0.180564872359131,-0.11691729328786,-0.099129173200904,-0.0227258850055181,0.00228213229397097,1.01301045863472,1.01409223348783,1.02820465453077,1.0092209971491,0.996740311330344,1.00303169881016,0.988098065288714,0.996493340463984,0.21562247628482,0.193960596142441,0.174063829081919,0.151391530601855,0.135829048081513,0.0899630492530636,0.0590573171553125,0.0165442617485858,35491.8665942583
"463",-0.20160037557485,-0.223499567298544,-0.247302541144691,-0.192330384594122,-0.103525059128562,-0.0794839346684311,-0.0229777457478465,-0.000868885441104595,1.00476483187219,1.01574805035172,1.0214334701677,1.01104999618793,0.992548731449775,0.996361645948778,0.989202993278786,0.997651308470433,0.220229742819829,0.195427813502919,0.176598279648576,0.151395665094046,0.131629577368413,0.0902002612746208,0.0599194102659116,0.0167037751260453,35487.5670955883
"464",-0.253551354917625,-0.229405340393543,-0.246188056970845,-0.182771498875253,-0.130600731378762,-0.0839439701726387,-0.0230710422608878,0.00242756942831374,1.0192045205739,1.01823440098431,1.02253990608497,1.00851961895959,0.999307576554465,0.997831378745492,0.989286051337825,0.996484801835988,0.218065420459906,0.20125825331301,0.167575776226248,0.151359486224893,0.134937280263444,0.0918270103806518,0.0597609314268311,0.0169663403291279,35494.2745245867
"465",-0.255527257548695,-0.22572125007524,-0.243537355160193,-0.189762748509115,-0.125918574077604,-0.086203838753431,-0.0301322919630668,-0.000159046390680171,1.0230291048763,1.01874096364674,1.02240005169969,1.01250748942739,0.997672401644636,0.997694039031797,0.991540683057099,0.997577219810507,0.218647095461339,0.199058275029718,0.174471331090279,0.153219019127868,0.135064319297361,0.0908766129198097,0.0600316723216731,0.0167266030226607,35495.1829858465
"466",-0.25089667485475,-0.201566717321001,-0.244458319710711,-0.183298575464461,-0.102627369366603,-0.0591029423478007,-0.0285060981082472,-0.000310233034092153,1.0192875238524,1.01062317666313,1.02292708028214,1.00957464313434,0.990357604595302,0.989323147427988,0.990889651566349,0.997647500501518,0.219990938156691,0.196569883502734,0.173351510834147,0.150805771007846,0.13255373550587,0.0925051223516444,0.0600298146315042,0.0163079964955253,35494.9794249348
"467",-0.249133553094696,-0.244550305029572,-0.294421648985095,-0.174354674517662,-0.147203805124426,-0.0766317815624463,-0.0320389857509491,0.00204550266956625,1.01793390106774,1.02440934259266,1.03746481642567,1.00580095418788,1.00497701468959,0.994227455148171,0.992388198718171,0.996904445777853,0.219091157417964,0.191082943239002,0.170427693940153,0.151741587252106,0.130364328837806,0.0918742093072877,0.060337650278745,0.0163676002678424,35487.5330572477
"468",-0.188272617966926,-0.243808408339988,-0.237873384785145,-0.196537922971754,-0.10229539740854,-0.0672056920845171,-0.0293099034393654,-0.000224817129045082,1.00016188454519,1.02268234798459,1.02090974864213,1.01586244305195,0.990277497112928,0.992115681501292,0.991489360841932,0.997228609717745,0.212631179067997,0.195761734411115,0.174088121925665,0.150079423791529,0.134346735145664,0.0916739720530621,0.0583627261789203,0.0167152388437629,35488.1867550993
"469",-0.272442675351185,-0.237166055384794,-0.219936436396332,-0.198900025444755,-0.115261767167507,-0.0782043487080476,-0.037703554399086,0.00280322270499333,1.0280953682522,1.0223403381536,1.01355397216042,1.0145284299356,0.995542153116539,0.994877059172187,0.994626612409262,0.996433311429791,0.220293675264904,0.194664984509261,0.170422448302088,0.148815485249787,0.132294118099212,0.0940736107381634,0.0617224363629611,0.0164958200426256,35489.0383896893
"470",-0.252645231903953,-0.232371007474804,-0.245227373560931,-0.17952502857469,-0.122419531523085,-0.0623633965676505,-0.0285231604035077,0.00425132133245459,1.02020899046107,1.01866659864056,1.02372085261657,1.00873772198961,0.9961432323677,0.99098554164359,0.990464026288395,0.995758576540949,0.224603985190514,0.196970702557195,0.17171278277459,0.153097513928056,0.133967765600839,0.0898892369727931,0.0593199594448871,0.0167324034733027,35493.9845805181
"471",-0.242208313911278,-0.252255189837895,-0.238824279576184,-0.182404217718922,-0.112558698060885,-0.0881560078282718,-0.0265303147630422,0.00137389012277256,1.01270062414008,1.02519080328344,1.02278941991781,1.00905516795321,0.993812011049231,0.998536834561173,0.990199006355814,0.996769677600158,0.217822389761403,0.19772003475998,0.172400199121843,0.148888369273572,0.135148825026034,0.09018942847358,0.0584477580667991,0.0164969581772711,35494.7184712535
"472",-0.247553874507178,-0.210771720081258,-0.248763312455284,-0.191607975438361,-0.136209013511915,-0.0815030211476146,-0.0312547555842515,0.00181425217242673,1.01763880911291,1.01384068529325,1.0233254652948,1.01234614913653,1.00066940177477,0.997016717020803,0.991800964646424,0.996672118643832,0.21456316686136,0.192944689782503,0.175015743722684,0.150385909025293,0.134101586099928,0.0899389230343138,0.05929226949437,0.0166950453242819,35498.4438297222
"473",-0.214468944699081,-0.241124745503371,-0.247727724483064,-0.172791767008692,-0.131047914585666,-0.0771773486450061,-0.034974451662918,0.00279317799379082,1.00722727212874,1.02218350575256,1.0253223552364,1.00642673479917,0.999894820165918,0.994632615433938,0.99252383204463,0.996219745943704,0.224871670943855,0.197621912829232,0.174691355505877,0.151453689113018,0.133267420553077,0.0918831277807033,0.0602155527716016,0.0164925828995619,35496.8256667588
"474",-0.218928751674686,-0.265284382646454,-0.281510569406001,-0.198763530153513,-0.100243682401213,-0.0810327940196607,-0.0337220141988074,0.00244224210034621,1.010457315057,1.02963609885991,1.03414334050557,1.0137667993055,0.98918072954918,0.996309770026586,0.992919204027705,0.996519219221124,0.218880536601325,0.194471192206482,0.170918840691428,0.152516293157092,0.136258820540552,0.0910178420242568,0.0604543390609684,0.0164217219154372,35493.7299235016
"475",-0.196511180503604,-0.22840814574063,-0.260014465955426,-0.177320150489868,-0.1280918481121,-0.0635897258302083,-0.0313921527098302,0.00394942601682219,1.0016033340927,1.01589499050297,1.02862609969366,1.00766821037281,1.00019189022328,0.989951129256354,0.992419872278291,0.996013633956148,0.210259565274757,0.195036534606718,0.17026094617625,0.151200981161575,0.131581016786347,0.0920190733196864,0.0597513463840981,0.0164480824947168,35490.7335812674
"476",-0.219082245080642,-0.192843583154985,-0.26372387917239,-0.163866228352482,-0.127569076416112,-0.0758782740444577,-0.0215492882948404,0.00398695388295955,1.0089188152928,1.00690382043615,1.02803410733407,1.00438230912975,0.998664815377815,0.994294395374047,0.988381857457711,0.99564589181837,0.226610284627536,0.193211143291917,0.169938181839275,0.152659236251538,0.134012392391579,0.0917835173899902,0.0592530785028099,0.0163213776585961,35488.9781577101
"477",-0.225185509206748,-0.234593619103193,-0.237572067460491,-0.181864549164636,-0.125319944547547,-0.0750085014643467,-0.0318285028778195,0.00193068408347302,1.01087335812817,1.02161502033767,1.02062710302475,1.00752919397499,0.998315451426574,0.99476050156956,0.991531761058577,0.996663124094409,0.215835127684841,0.194107656188195,0.171634575492454,0.151662958912999,0.13657753730581,0.0897726577441581,0.0600422922255543,0.0162798591586903,35498.8696888553
"478",-0.222165807634441,-0.193727312984681,-0.217811897786092,-0.181008712010127,-0.138726370409342,-0.0675037923707267,-0.0408379540598339,0.00239343599616699,1.00764204823019,1.00873504943639,1.01421283767945,1.00899282797396,1.00221960517458,0.992664946008993,0.994592551047925,0.996511136665987,0.221133947473988,0.196837092120194,0.17568715694013,0.152797727276061,0.130957228148882,0.0905462233329217,0.0596616949917103,0.01691806589748,35489.4252570502
"479",-0.244054569116514,-0.252431380183561,-0.25462901410251,-0.183996279533682,-0.106856593349503,-0.0788095436794602,-0.0331694175775457,0.00435030226670116,1.01573525041403,1.02592547678689,1.02628979777594,1.00935488206303,0.992768831865865,0.994642129653023,0.992180343683509,0.995694814357973,0.217492693871247,0.196971736297649,0.175585248340565,0.1531960826368,0.1355219087493,0.0907921537563046,0.0598852883762735,0.0166935056675284,35494.8081678523
"480",-0.256671575462296,-0.195445851017896,-0.254576837628394,-0.212068637186155,-0.132683986398619,-0.0776975227479032,-0.0290516251179627,0.00336624939196517,1.02185089859791,1.00622697040272,1.02869805863866,1.01840823068707,1.00121690257357,0.994862128695077,0.991006689043323,0.996173443067697,0.222981804653559,0.196721866711948,0.171617323594113,0.152624155918414,0.132472883504652,0.0904467043546434,0.0604587697374015,0.0160666772910142,35494.1709765561
"481",-0.247553168662837,-0.181846228724367,-0.246053922296151,-0.198529510956306,-0.0983505220169757,-0.0809012432497857,-0.0318819686935449,0.00291977807226962,1.02053989361804,1.00460886749188,1.02585995947983,1.01371634835547,0.990329700005668,0.996776197642355,0.992586648297955,0.99641398354613,0.214961360199114,0.195953508639974,0.174232140685669,0.153622282119203,0.134207889662585,0.0914381333697281,0.0585855569549026,0.0162328246574922,35490.5113909743
"482",-0.204515334641565,-0.248418695692014,-0.208808775986245,-0.205759999841103,-0.122373384563884,-0.0706707212696563,-0.0404741533957501,0.00271491164239477,1.0044919951765,1.02349554221655,1.0131831496353,1.0175806847408,0.99571318725143,0.992073562028337,0.995521763493888,0.996318191197166,0.220764240548639,0.199139139935117,0.173232714338166,0.151180861388639,0.135661825638096,0.0912502342722731,0.0589758198554462,0.0164757485703539,35489.3527310377
"483",-0.233663435261929,-0.223367468270974,-0.241920558038782,-0.196756131544363,-0.147128147948744,-0.0831554217940347,-0.0290919554874072,0.00245803595399694,1.01429854546855,1.0161252552443,1.02146174706755,1.0144808763012,1.00378434471321,0.996516692262411,0.991500951322745,0.9964964052191,0.213820312340741,0.197757575668717,0.174560702615124,0.151249703851428,0.133449615234156,0.0919233076951401,0.0595904648938244,0.0161909039844756,35496.5107206742
"484",-0.247577526548448,-0.197041493616764,-0.24468630166924,-0.155607361121728,-0.139109722737177,-0.0806395985044977,-0.0287024406702536,0.00110484580204248,1.02015641878775,1.00786596130738,1.02274045029413,1.00031526736618,1.00303112993767,0.997499220596237,0.990293164658642,0.997149793706026,0.219561832771982,0.19367177927217,0.176223892683492,0.152454240819518,0.132432431517542,0.0895594576648234,0.0611813705950906,0.0164225595274052,35490.6372787262
"485",-0.266519749887558,-0.220606985484076,-0.22854482893248,-0.192518386084899,-0.107914500182689,-0.0903049578337265,-0.0278634977131788,0.00260225194151881,1.02138014295859,1.01429454369539,1.01764530076504,1.01240582251654,0.992350228460807,0.99799067306798,0.991576254261323,0.996481779997214,0.220975992447065,0.19304191846517,0.169560558825154,0.153419903031153,0.13195943936674,0.0916810085574457,0.0601378607514311,0.0161484705004119,35489.7389054742
"486",-0.239610650265579,-0.234440295014524,-0.208870346024536,-0.180781032174882,-0.121972950584661,-0.0919197902003661,-0.0271382181374217,0.00250044725860788,1.01635739153552,1.0214217739516,1.01293366690078,1.01043824865272,0.998387455158995,0.99972830279266,0.991478403862532,0.99646276430642,0.216392705651974,0.198043540551343,0.170668770015321,0.146752012027937,0.131985950615856,0.0903282483704383,0.0609773355446424,0.0165833213304405,35487.9803193085
"487",-0.247341025721059,-0.225401637745905,-0.238444984326404,-0.211195908560516,-0.15057426882694,-0.0775937666096693,-0.0256313675947895,0.00210641264810397,1.01741115042797,1.01707805818678,1.02245055518227,1.01867392512699,1.0068734943955,0.99550119564217,0.989931097588402,0.99644739338726,0.219966090072928,0.19824218482519,0.170401413111522,0.150564315221726,0.131562809778041,0.0905387765986682,0.0611237511657613,0.0163270201760898,35494.7918137805
"488",-0.230361446284644,-0.227603305569216,-0.283230419312628,-0.166207694438688,-0.135457195873052,-0.0791092189037106,-0.0270301039529596,0.00260252080517199,1.01267471458878,1.01787522549016,1.03662353510236,1.00286244890704,1.00230863785843,0.996634460755425,0.990196155351501,0.996290881219494,0.218766827440011,0.200193287365895,0.170337222717453,0.151827478615169,0.134017594469692,0.0911149156405088,0.0586442515251906,0.015788169178676,35491.1026767463
"489",-0.221824515947954,-0.215172808078285,-0.253873249614579,-0.185303184148282,-0.11523269159477,-0.0734518758894929,-0.0231348297127764,0.00183969583046027,1.01115722160956,1.01466892581121,1.02915600713553,1.01039568083901,0.993971066096719,0.993627112269607,0.989279254477396,0.996652750502091,0.217918232358201,0.196119484946548,0.172238372448082,0.149458973944815,0.133032697388786,0.0911111095345933,0.0588903112935077,0.0160773878532161,35496.8558047703
"490",-0.161314600067702,-0.245835922305054,-0.24694848352741,-0.202973582602413,-0.103911639960845,-0.0895471541801477,-0.0284057084483944,-8.72762258500443e-05,0.988250345916826,1.02335737642773,1.02421471017491,1.01404951530984,0.990374330459814,0.999731631030025,0.990819732521269,0.997331716156231,0.214112144498298,0.193806798922408,0.174281156138949,0.150785541136921,0.134977377761189,0.0922001085812114,0.0587484106342794,0.0164781464314784,35487.7858481264
"491",-0.220519289512388,-0.214437898447366,-0.254192312017848,-0.189881137792976,-0.126025553694873,-0.0706830613090741,-0.0421682087496571,0.000883895119219423,1.01040794966396,1.01412457819657,1.02700544577175,1.01098797506883,0.999931010739349,0.992446993409196,0.995544392671605,0.997073291943066,0.220521830845135,0.196155326785439,0.172025478955145,0.15312853310579,0.132990582386147,0.0900502204524855,0.0610282831437165,0.0163806644022483,35495.7864980231
"492",-0.248853583702489,-0.234094820000761,-0.245082321272405,-0.188906297377484,-0.122133604937173,-0.0897550544729046,-0.0280225715433612,0.000292254184590916,1.02268076945364,1.01903689280265,1.02464769600346,1.01054034136048,0.996193953704838,0.999684651920792,0.991117132174022,0.99728122225016,0.225503713124714,0.197181454107463,0.170914226773845,0.154439534679989,0.13014673592641,0.0926835012722269,0.0592946764347169,0.0162551946149268,35489.2569366324
"493",-0.213036354729862,-0.247574266193697,-0.216929089828028,-0.178918746353558,-0.104366239049591,-0.07236696736538,-0.0249365618385056,0.00355709525349986,1.00717900763755,1.02275081830163,1.01453085508479,1.00607732253292,0.99281824010423,0.993125427068673,0.990696196235692,0.996122797537412,0.216493003101393,0.199454115882248,0.171439129974524,0.146907170350307,0.133746016331086,0.0902566370104988,0.0613282837913796,0.0165130603177331,35485.8526835214
"494",-0.233062169452381,-0.210510228164632,-0.264334487668882,-0.196618545830336,-0.1054062224956,-0.0837142783298258,-0.0335481240095011,0.000937228978811422,1.01460176111735,1.01027640894847,1.0284482966229,1.01324005202762,0.990627601972273,0.997761726576575,0.992636568165574,0.99721692563121,0.22278182716263,0.196363067698491,0.174392676690191,0.1530719235337,0.131523044922613,0.0913803449341611,0.0608608905587758,0.0168388060407284,35492.5107771525
"495",-0.231146771408234,-0.225836780437255,-0.253197377702097,-0.167295853182042,-0.1215406029399,-0.0826493272800406,-0.0330447725525261,0.00257795838570448,1.01314469599689,1.01735822521648,1.02617355922433,1.00365602728022,0.994992418605584,0.996062915479819,0.992689470345334,0.996230413638029,0.219969935107349,0.19664777874802,0.169674283422513,0.152491050668007,0.134454581975303,0.0910923487752277,0.0600680782007381,0.0163931366010101,35498.0061748151
"496",-0.225366354320161,-0.229440678988331,-0.291064736835489,-0.199011199207996,-0.122188385881346,-0.073963297480404,-0.0297344032969458,3.68762695278253e-05,1.01163558129636,1.01831289684211,1.03702910540023,1.01439490655467,0.995958776887032,0.994560835013967,0.991444154504091,0.997370948295575,0.216995386692317,0.196402693396441,0.168511389897739,0.149271632371977,0.136751070014807,0.0909199388682865,0.0611579841546634,0.0164180713489509,35493.4776640362
"497",-0.24245585478881,-0.214769465067751,-0.250762140130041,-0.214733485713521,-0.0960070046744601,-0.0846070688227581,-0.0269852432581118,0.00243974758528553,1.01894783930129,1.01484869081852,1.02623439291425,1.02045394426595,0.985720568549712,0.997107426285449,0.990036437435941,0.996600485737042,0.211655860934866,0.194142589807034,0.17206382502169,0.152430378225066,0.134265670521633,0.0923812578912648,0.0599942275114168,0.0167386652576159,35488.4465867893
"498",-0.236383301856938,-0.225238679718956,-0.247478790344137,-0.196426921149233,-0.145033873655528,-0.0723947009450048,-0.0334387388412156,0.00186676557520477,1.01143098007123,1.01673438762156,1.02427851699747,1.01304702627984,1.00522772284181,0.993902223990574,0.992361618731777,0.996621894279902,0.21972160232189,0.19434730212615,0.173948613330534,0.149183168395862,0.132450452991811,0.0905762088123522,0.0603825020814324,0.0163890827474314,35497.5688214174
"499",-0.281749169618526,-0.209049651512655,-0.239450709205927,-0.156085097477112,-0.106587538750498,-0.0782253318484386,-0.0264391496228088,0.00515820670107286,1.02911450032672,1.00967100179152,1.02154897195011,0.999663107958644,0.991684206783378,0.995878070617616,0.989675080465737,0.995316122959124,0.220342295169585,0.197189584584425,0.16988922427039,0.148190446045038,0.132797233210128,0.0914353607338908,0.0582196207107289,0.0162115784403636,35488.479017813
"500",-0.216687791127385,-0.246671399587756,-0.244366239127206,-0.20581828966836,-0.122006833251917,-0.0819488598184352,-0.0357525973084606,0.00401847783675329,1.00791414413714,1.02273028822069,1.02330060902683,1.01819973171957,0.995650820823749,0.997455451113243,0.993411160489885,0.995977855190461,0.213752499689198,0.196590682741401,0.174350553195237,0.150144246907457,0.134045343353406,0.0925058800410318,0.0592676800642995,0.0161987042266221,35495.1604283052
"501",-0.21069802971857,-0.189468112783876,-0.229172353453494,-0.196385341645414,-0.113857725406366,-0.0774835685677339,-0.0364556649604159,0.00143815025133419,1.00729744928121,1.00414925910618,1.01898186428517,1.0153959685901,0.995833034153127,0.995360851302748,0.992990413572101,0.99671158154583,0.216044238787775,0.193255239382158,0.173601357148374,0.149695871218089,0.13609303405389,0.0901860690492217,0.0601094656736088,0.0159652609883354,35491.1923290337
"502",-0.216426989067965,-0.25201232593702,-0.255089856507614,-0.182198605455606,-0.104946302006996,-0.0984375413927816,-0.0250178735790398,0.0016424217284113,1.0079733410852,1.02660637870672,1.02622802499987,1.01074323447733,0.990677227224785,1.00180582478077,0.989215630356524,0.996862905765745,0.217729627209478,0.193906171292989,0.17400711167558,0.155218893411682,0.133457293753552,0.090542167513465,0.0616947720063241,0.0163405567200257,35490.5937820782
"503",-0.227629339325585,-0.243758288374884,-0.259921061168453,-0.191040230189971,-0.146066591718804,-0.0701553185549089,-0.027292087529921,0.0019602058914577,1.01288240163159,1.022003528741,1.02542221091972,1.01190190070273,1.00561432743023,0.993130981271367,0.991451907780406,0.996540911582248,0.212815796571469,0.196885232624718,0.176505319032968,0.152642991223924,0.133387241139621,0.0917913683463837,0.0593706770113841,0.0168969920646385,35486.7166121962
"504",-0.244534598295114,-0.240193212171056,-0.24802467052903,-0.191018617447193,-0.123788378068756,-0.0693579228061132,-0.0264931331324481,0.000371709352381495,1.01705203911316,1.02032172427525,1.02360273822775,1.0122643275217,0.997952896209868,0.992686927329134,0.98987651246932,0.997029358858176,0.219318049791621,0.199038214372294,0.172379170069739,0.150110668843831,0.131838825871506,0.0925341808152457,0.0591082573081014,0.0163319334482289,35496.5688354813
"505",-0.271129417475758,-0.19072332540866,-0.276776978941785,-0.191403198837634,-0.119738857498392,-0.0881079253075278,-0.0384536979056664,0.00277626073215288,1.02841217893889,1.0080820922926,1.03525895243284,1.01251718021199,0.995031642976049,0.997754643188189,0.993626214816597,0.996381811961362,0.21671674437832,0.193804809024065,0.17146904507918,0.153777037694752,0.131492690623624,0.0910160204421375,0.0586107615537015,0.0165406635470974,35489.0002524523
"506",-0.216239191429922,-0.18198999421811,-0.25301780124312,-0.185628166579295,-0.13651910771274,-0.0821534790926468,-0.0345883546642953,0.00234833019233739,1.00820754338247,1.00273665227629,1.02480582265983,1.01018510833066,1.00323759669573,0.998466013005003,0.993199024754464,0.996432676215302,0.212031840288401,0.20255402866072,0.169195298829403,0.1518135442509,0.135012421469888,0.0908556684120308,0.0588799821889131,0.0162534116735388,35488.2385736942
"507",-0.268351495991674,-0.242581680321781,-0.2424891974964,-0.167964706658494,-0.114513904112601,-0.0836290948798416,-0.0360548677122063,0.00257571944327447,1.02203406851905,1.0231397004037,1.02161871054976,1.00655868303364,0.994414175490086,0.996834785856486,0.993158389481475,0.996525525847715,0.223532912033854,0.194738853206275,0.169980548062659,0.1453951889128,0.134615200108931,0.0905608279532217,0.0599409304730951,0.0163268547745635,35490.9523989527
"508",-0.258404263644257,-0.209199642594706,-0.239665232099271,-0.179922987400967,-0.106891536438914,-0.0891717873791306,-0.0239014167016204,0.0027245487881222,1.02449316578637,1.01044101453856,1.02065534571696,1.00772237500462,0.990851098903675,1.00038777072374,0.989095807149545,0.996307619401211,0.213307678880342,0.194419743498196,0.167471246658847,0.148265871007793,0.135883005481119,0.0918928562035236,0.0604085388382105,0.0163205320292219,35490.6808527284
"509",-0.221120127219809,-0.222978309967718,-0.251664271517759,-0.181610387306876,-0.133098923112093,-0.0774961284263481,-0.0426962086412695,0.00175323640537529,1.00558605075219,1.01805395736481,1.02633993484216,1.01017307862935,1.00006291074056,0.995105768395757,0.995062241618128,0.996834818582551,0.215574597303223,0.195325618239935,0.170458453660706,0.152087775747787,0.133777895789419,0.0915626259885375,0.0599494664067741,0.0161114546987601,35493.5959440555
"510",-0.260073602896575,-0.246305987870091,-0.258515055000192,-0.205378749680109,-0.118249991267479,-0.0758026365863985,-0.0379084422231963,0.00330120252605882,1.01882845325202,1.02589315495196,1.02766284819098,1.01716421408413,0.995977276267086,0.995492434484688,0.99406711323657,0.99610228070644,0.219611515432342,0.195315370702155,0.16724486291298,0.146625724263639,0.135465109709338,0.0913864542037583,0.0583463132031961,0.0165269903790179,35489.8070201149
"511",-0.232951014427713,-0.217336985724537,-0.266375254794369,-0.178145454254857,-0.101267844783807,-0.0834145997277533,-0.0334800112785088,0.00111748137958333,1.01334591137551,1.01380457392258,1.02976529683199,1.00738275988994,0.990356420591165,0.997436833666324,0.992916932546266,0.996979771265184,0.221196884715367,0.192724288045827,0.169705247627216,0.149612463680251,0.134617689915692,0.09076510055715,0.0594549494083851,0.0166669148469101,35498.8999717541
"512",-0.22846591118879,-0.226733967989955,-0.251745109106085,-0.192530962388569,-0.12300323353512,-0.0815211052726295,-0.0283601127285957,0.00228464374358474,1.00762043230403,1.01948742712892,1.02499356909437,1.01114547618636,0.995602601643638,0.996614921325324,0.991310772017179,0.996539159781034,0.216166565997476,0.195656197577361,0.172447736890188,0.153488620051389,0.134798054146296,0.0901060984830094,0.0602144938226076,0.0165479407856796,35494.4332092815
"513",-0.228721576221581,-0.205995768551313,-0.282509474800501,-0.169195405259024,-0.112816626427675,-0.0771332481259685,-0.0234302262731163,0.00286636590382688,1.01357197595851,1.01170446232906,1.03437353927712,1.00410285868375,0.995451217020131,0.995298710427243,0.989731284769658,0.996442751260322,0.219637050877222,0.192564808243192,0.17070276840073,0.147623286651662,0.137810514261254,0.0932265031643464,0.0604217097715269,0.0164876926476043,35489.963827458
"514",-0.256870263754845,-0.243036630369228,-0.252359464984222,-0.186648807228801,-0.128842777358379,-0.0822068324207966,-0.0231078660581294,0.00203060832265843,1.02239804737125,1.02508568918379,1.02437105341018,1.0094341589764,1.00104527087391,0.996443803660663,0.98829196025293,0.9965667233963,0.21761003625706,0.193529540803938,0.172559758673236,0.153853140351804,0.132397296547826,0.0911147582072001,0.0602359821145504,0.0165279973411798,35492.4325454123
"515",-0.195434596852658,-0.215221456597923,-0.237115434563052,-0.173331632887079,-0.0964175912593062,-0.0847997154630399,-0.0252092704905272,0.00215196739888347,1.00178985433205,1.01491451249493,1.02102876781283,1.00589845931011,0.988562467677852,0.998277733060003,0.990345386897368,0.99651825630107,0.211602545530692,0.198268845425047,0.173174842222382,0.155597900298147,0.13499252824805,0.092636698858651,0.0595617898267399,0.016389661396408,35491.4986615853
"516",-0.302468916525693,-0.211595876725303,-0.230615817988623,-0.178513872269819,-0.108143569053249,-0.0752880222269656,-0.0359637138766451,0.00375246077073493,1.03508047544403,1.01357291283456,1.02061374671194,1.00738582797626,0.992560068763846,0.995503244955021,0.993335655855472,0.995894947334251,0.214696841692256,0.196109435377908,0.1696436808726,0.151128069556707,0.132711932203569,0.0923254980022807,0.0590954204925994,0.0162343688834192,35491.9791541845
"517",-0.191611468982737,-0.178043620664551,-0.234058539619486,-0.199951741570321,-0.114643556321268,-0.0789091209298367,-0.0317701065056984,0.00244316263991199,0.999485968178396,1.00115700443271,1.02109572400621,1.01624276273148,0.994682378226469,0.99629367889398,0.992282613985908,0.996304228839036,0.217314360271048,0.195270537217451,0.168811380097333,0.149651784628627,0.132819678917465,0.0929987423177547,0.0616620877188119,0.0171855119271581,35486.3058531942
"518",-0.223689936280812,-0.239825643938098,-0.252534602219687,-0.180406604274094,-0.134831412403232,-0.0757452933364315,-0.0353518485483427,0.00311241902840645,1.01099141061046,1.02288097904174,1.02684372072388,1.0098947076503,1.00222200644521,0.995077489917874,0.992985290203591,0.996343182781047,0.220218613039006,0.196539823989965,0.171880715131221,0.150894114691186,0.134195356105917,0.0924576318240549,0.0594972261967983,0.0165119413159789,35498.8294242391
"519",-0.208025606111757,-0.204935953881935,-0.230029397855038,-0.205769969453857,-0.106348975748703,-0.086514094139157,-0.0351591882224669,0.00228364699650582,1.00538249188205,1.0099720759696,1.02084427175406,1.01750656983163,0.991001364149825,0.998596469064659,0.993268140192041,0.996350225626959,0.220110995385451,0.192740978191704,0.17340056747085,0.149681536649672,0.134876432529155,0.0912798731338084,0.0606980779064143,0.0163556812422511,35495.0174345776
"520",-0.218113473843235,-0.222158816153501,-0.255006051889281,-0.192855052076861,-0.135649978692179,-0.0923257560286879,-0.0308176980584949,0.00362282244769798,1.00536198028273,1.01504036579595,1.02910472649222,1.0121170931643,1.00120677493166,1.00089215737044,0.992594292023805,0.9960718337137,0.217763668714407,0.19196530456787,0.174639151663927,0.148598922333564,0.13567310405429,0.0907632106263863,0.0596524363665127,0.0166974224280683,35490.9989499141
"521",-0.249153215068167,-0.212913493722649,-0.238327476610252,-0.195326136080207,-0.127065279076573,-0.0789191937474831,-0.0276221747621299,-0.00149431116909747,1.01904503536518,1.01232469572081,1.02103890877179,1.0125238412448,0.997427797627257,0.996598306719908,0.990148490647103,0.997855149144255,0.221591085843231,0.198295809319152,0.169654325084234,0.15218201754186,0.134006188951489,0.0907237404010334,0.0613252341598775,0.0168127534992439,35493.1663934882
"522",-0.230306747764892,-0.212249473977728,-0.274821395532166,-0.173664648483979,-0.141614028334456,-0.0678304601587412,-0.0313034994250927,0.00398252077300811,1.01396159205781,1.01352999899402,1.03446230010354,1.00575336761053,1.00316059651104,0.992081697777635,0.991635674122409,0.995960588415145,0.225285108339252,0.18973798399712,0.175730121981846,0.148082167176186,0.136134000116156,0.0921289964719233,0.0603060974505718,0.0164783476547248,35491.0982263605
"523",-0.216130672104808,-0.194577695335647,-0.227560587927793,-0.190795361789055,-0.148418200254581,-0.0715826994083588,-0.0289879510556657,0.00300551416393134,1.0045340363539,1.00553143385465,1.01686263505396,1.01109415418094,1.00449238909128,0.993645017883723,0.99079257587344,0.996456333192363,0.22131790572963,0.20004946306198,0.167150701006669,0.149367589465706,0.134280968882807,0.0910379543314255,0.0600105506478254,0.0163072197465378,35489.414942758
"524",-0.279877088608586,-0.207206109482299,-0.266217742739482,-0.184806070523099,-0.117645196439069,-0.0868274549854209,-0.0327475308588934,0.000985322182730699,1.02791971257885,1.012377216405,1.0304799027228,1.00859744911926,0.993063062332083,0.99878836507943,0.992076554022105,0.996858439628026,0.221818138766309,0.197712399420747,0.16978284316376,0.148279790579029,0.134420046893498,0.0920534907838623,0.058584833955457,0.0171238592945693,35488.0403103049
"525",-0.237557872797997,-0.194486541989869,-0.240587337816299,-0.168576652824819,-0.138150542915658,-0.0789755235843356,-0.0267678024440654,0.00439495282288426,1.01480533606739,1.00625152979528,1.02196190988911,1.00521827791094,1.00159379242883,0.99627072852501,0.990332697191367,0.995870625265028,0.217259676893171,0.192684027317397,0.167732737793573,0.151142607841124,0.132768873012418,0.0887811831867405,0.0597229536898361,0.0162120385718392,35495.3698387225
"526",-0.211637876521424,-0.24756302748992,-0.242462125845266,-0.206106126097529,-0.126564371359663,-0.0860014886964431,-0.0356673184889593,0.00367413938139969,1.0080782561222,1.02484355368066,1.02275424958368,1.0184886707069,0.995618266110722,0.99813761651853,0.994119742982702,0.996251515119391,0.213527891662001,0.196614896484216,0.174193257503625,0.150044196890868,0.134233092784584,0.0923538214639323,0.0592684496123449,0.0161799822403235,35487.9828087094
"527",-0.25181622902871,-0.221191952481148,-0.227555184703981,-0.170834901247816,-0.149423823269501,-0.0779198172313959,-0.0358676145159537,0.0019358076207108,1.01926896841332,1.01855590383365,1.01743881180176,1.00559041309162,1.00673225534202,0.995707604374335,0.992823004134158,0.996475016047491,0.214155685085418,0.199456017962865,0.172068409615951,0.150979299258039,0.134668199253981,0.0928742320467953,0.0605358287994536,0.0165469897840978,35492.6721105485
"528",-0.296540131566716,-0.261023182218318,-0.235554121958244,-0.167688983605244,-0.104810012312279,-0.0819747863869992,-0.0411081506311331,0.00309019478193889,1.03553544353493,1.02808755632964,1.02176307335207,1.00420634929452,0.990356620542111,0.996809005971984,0.995103629794287,0.996388605258393,0.220577503453928,0.203286578810855,0.171632295278568,0.151745402607762,0.132571846633681,0.0915019977556623,0.0592602485181742,0.0168369924897336,35486.8988355084
"529",-0.257548404419424,-0.198496124013157,-0.251372443750309,-0.191111334873113,-0.116132741909548,-0.091267959807161,-0.033097831253403,0.00439533547424524,1.02115773611862,1.00735844105791,1.0252174739189,1.01299626604888,0.995474459104808,0.999706874929843,0.992745697854544,0.995805030278313,0.21459064548818,0.199935027449532,0.165755282519848,0.14801000458328,0.137098888807902,0.0899290185383766,0.060246680428029,0.0163861334184105,35491.4003977055
"530",-0.288600535782896,-0.216547458685209,-0.243358170182831,-0.176113340429326,-0.121908257331529,-0.0862237130911226,-0.0188566375030896,0.00349324236621957,1.03034728838951,1.01399633961749,1.02532620514125,1.00604968593773,0.998649421921843,0.998414175172459,0.98759486333856,0.995974859357858,0.216014459227632,0.19625665436083,0.176748332366895,0.148494700371307,0.134984431369983,0.0911235995090625,0.0609581497455615,0.0163383105897714,35489.0377881128
"531",-0.252589456195626,-0.215805221265033,-0.256534541841339,-0.164146276365394,-0.123896882277609,-0.0899827522020532,-0.030055656896712,0.00318609807607631,1.01741251490134,1.01451082038941,1.02800158679949,1.0022864278529,0.996879497116965,0.998873681262449,0.99138803365895,0.996092173191066,0.218345152742789,0.195869337284045,0.174730882824256,0.151014927166303,0.131684938921783,0.0939020982084428,0.0613796764645131,0.0163063749068952,35494.4580467679
"532",-0.278394594632394,-0.239049836040086,-0.266450312606868,-0.196223361969641,-0.139327184331636,-0.0829876630060299,-0.0219807207343415,0.00183102293210297,1.029061955765,1.02245530811188,1.03097113845236,1.01376373922037,1.00248507185215,0.997449056021502,0.988520122613553,0.99674223423252,0.216430579171966,0.196106076332708,0.17051138985697,0.149395184247324,0.133777529608535,0.0916145903578965,0.0605541221825907,0.0163441776511161,35497.3694486005
"533",-0.281894551556902,-0.220807483249759,-0.228069758368762,-0.183600495098819,-0.114338648456375,-0.0781838102474349,-0.0350481488266865,0.00123481287036396,1.02889716697375,1.01650755747444,1.01878473429072,1.00869566942924,0.994044586369528,0.996631337119767,0.993511665802048,0.99671100664216,0.216400236599028,0.198034853476639,0.170605879160931,0.149501404026056,0.134682651780766,0.0916950913215277,0.0590360054151097,0.0164102116755918,35495.5684544765
"534",-0.279728986458439,-0.216697045005762,-0.267144979725275,-0.18534090942528,-0.130399025782726,-0.0712557691975279,-0.037811717895749,0.00120329534044649,1.03134583010386,1.01384108778848,1.02902006907716,1.0087845966109,0.998465119093347,0.992683888283569,0.994152653312666,0.996901432067182,0.218434060436764,0.193155244770335,0.171113379762519,0.151168745112342,0.135436694206209,0.0910976850169011,0.059204480507104,0.0169774833076368,35491.578218718
"535",-0.259634323899378,-0.183975497623394,-0.206168270969031,-0.193867584214516,-0.121525868446515,-0.074863529175008,-0.0286059301945708,0.00149290427489051,1.02151521574612,1.00342445225089,1.01032842854239,1.01417938692063,0.99685797523315,0.993139263995872,0.990833864187922,0.997003064020517,0.215565831780537,0.191938876983936,0.171977357749415,0.149650494837464,0.136761974530368,0.0942001839824961,0.0597002392263149,0.0163711868959511,35489.2660336207
"536",-0.218965166706372,-0.240589225149839,-0.26940418734882,-0.203280742055926,-0.111833306079901,-0.0774093090390748,-0.0265520973376193,0.00249422690711977,1.00763590663108,1.02148867033591,1.03179668077676,1.01682495354128,0.993061777633297,0.995458920989005,0.990027648705283,0.996475518282739,0.219615123181313,0.194810943509093,0.171055009540823,0.151202682768133,0.134451885032415,0.0909008554462662,0.0600344610740021,0.0161556576669822,35499.4362902649
"537",-0.190988125828459,-0.258271272182548,-0.245562955074877,-0.155393530966227,-0.112463642672043,-0.0656201280363977,-0.0289224351622404,0.000737001366221039,0.998649797462862,1.02740854873773,1.0235189912672,1.00166636891619,0.994513952841467,0.991567313918001,0.991858035655069,0.997046433456655,0.219548963259679,0.193942767951518,0.173530478552558,0.151784650891988,0.133593110262597,0.0904445337548776,0.0597288151452721,0.0167271721863283,35491.0296844925
"538",-0.220384000445748,-0.206103026650876,-0.2244810748673,-0.169993520388253,-0.124335323199553,-0.0831758502235158,-0.0335907745332588,-0.00411125276680861,1.00962151772833,1.00914671604397,1.01488081974445,1.00486595035774,0.998320279976085,0.997300252983248,0.992817919030956,0.998838809207279,0.217749287327759,0.189967644552971,0.1730197521553,0.152354180724159,0.132275362044961,0.0908368266960987,0.0600923640863887,0.0169723163454963,35484.8712979331
"539",-0.26351732674295,-0.184514397068718,-0.254134192545458,-0.198642732887627,-0.141379127013972,-0.0807286064643195,-0.0368175335222514,0.00272745681221456,1.02618353833277,1.00683651204938,1.02778440125111,1.01530692143661,1.00382576803316,0.996407915382711,0.99351311087384,0.996442419081847,0.219708426086447,0.195931226592409,0.171582758094294,0.14901242477331,0.134503112473112,0.0935897493615963,0.0603652605332336,0.0161364630254063,35490.9963814709
"540",-0.239514186970042,-0.201644946145883,-0.26923721769053,-0.171356319929959,-0.141688575849444,-0.073396269609738,-0.0307022232164677,0.00408785714170685,1.01611148026684,1.01026379862066,1.03224587577502,1.004972760383,1.00233408351949,0.994069766362161,0.992452785192069,0.99556354251538,0.215471148634621,0.195276672211777,0.167369469548753,0.151643887423221,0.133285279370733,0.0907120819812603,0.0600860229354821,0.0164366649627057,35490.7557138857
"541",-0.238575679307063,-0.201303703228675,-0.281826885640402,-0.163509122964753,-0.125589514745184,-0.0760960455454815,-0.0268770398650771,0.00214995525473046,1.0154705702873,1.00974369532874,1.03344513910943,1.00442946215585,0.996976625157209,0.995458038619589,0.989986955936398,0.996494640598351,0.215137287754895,0.196307477697434,0.171069482034718,0.148240347759508,0.133304575751952,0.0932028846846488,0.0603978470869371,0.0164454953494256,35493.7438860137
"542",-0.253015701911814,-0.216784872458255,-0.245179249857444,-0.165112381726756,-0.112588081701669,-0.0792815672125667,-0.0322626051112242,0.00266105224754869,1.01769097649207,1.0139080098675,1.02264889956087,1.00263898368722,0.992675113782835,0.995352896659756,0.991995096257165,0.996616021970639,0.220390124325159,0.195897251925481,0.173505871447124,0.151705452596211,0.135519425380465,0.0893544017183949,0.0600130017359929,0.0161759207573031,35496.3703690908
"543",-0.206160736146957,-0.186495434595967,-0.251893230331131,-0.168918701298214,-0.11021557301422,-0.0568083837316183,-0.0268515962755526,0.00505311609847421,1.00437006075785,1.00590536312081,1.02534821977111,1.00440241995411,0.992637987427716,0.98853711504373,0.990252821305418,0.995716252415108,0.219684856385597,0.199000500565498,0.171752918802221,0.148456369373149,0.131340968387943,0.092379297422421,0.0595925458716634,0.0161905900313778,35490.43903945
"544",-0.218577241662433,-0.216160700997931,-0.259419553121358,-0.163006042324198,-0.121511323783155,-0.0778486666064146,-0.0318467411039331,0.000655603460863326,1.0090919021594,1.01236772011112,1.02765017787034,1.00325989331221,0.995281292494746,0.995354626136881,0.992152692327536,0.997310393847143,0.219075713352542,0.196281970310902,0.172462880885177,0.149330032024173,0.131564197879556,0.0913374762549728,0.059747094120316,0.0164136116762813,35497.5641883704
"545",-0.211138544418168,-0.20588832487726,-0.245403973564927,-0.171029897936784,-0.128700234215666,-0.0797418372582763,-0.0268584891156013,0.00256039384085309,1.00644458041233,1.01175233431158,1.02418841174737,1.00718980595755,0.999339771783419,0.995009248536184,0.989977491254877,0.996441170032075,0.213531252341,0.196401335979312,0.174090378577607,0.153627115421775,0.13296912703305,0.0919817284919831,0.0595715101536627,0.0165279326419667,35496.5013564498
"546",-0.215565190505385,-0.227341715545904,-0.24753657123481,-0.206733735708503,-0.125879660033597,-0.0742734043906904,-0.0179928196930676,0.00207046265607831,1.00857630391549,1.02176586027931,1.0230599411099,1.01709025855359,0.99744697388546,0.993076699983079,0.987396199961541,0.996767275435257,0.216473826318886,0.191529370470814,0.167027102560399,0.150106105369703,0.133580732360124,0.0915895226722605,0.0607337252782695,0.0163086486898342,35487.3848069824
"547",-0.232677002469513,-0.214045960261745,-0.245537060587137,-0.172670942788843,-0.131962732023358,-0.0858518369264603,-0.0495687472627266,0.00222096044052079,1.01271462562975,1.01555740001021,1.02274295194818,1.00661293343422,0.999666386596798,0.998500365080426,0.998126080539168,0.996694657199551,0.213723534348184,0.194223677509922,0.174078021360546,0.154266718267242,0.136337411553044,0.0922641231002503,0.0589893169047996,0.0161334582691589,35490.2738559007
"548",-0.21295758967042,-0.213173461966261,-0.265708391600361,-0.176076155924912,-0.15058539424132,-0.0738255022259808,-0.036047216794939,0.00574066886143302,1.00641420053675,1.01450152575588,1.03051123257515,1.00743563942132,1.00527423309027,0.993098056666584,0.9930963227759,0.99531975957473,0.218848581234954,0.197975367846024,0.16910211014978,0.150027697887378,0.128872565679061,0.089934587873028,0.0611130244071644,0.0165088469515867,35487.9065368902
"549",-0.236543481928295,-0.198722059168449,-0.253389398469053,-0.192371298084164,-0.133703293267858,-0.0773936746853078,-0.032866327477772,0.00186442713448929,1.01482431335637,1.00796375765589,1.02684389401265,1.01342916299344,1.00104758067398,0.995830916561821,0.991848413051586,0.996721902748576,0.219364251002294,0.197788188166891,0.167462972727249,0.148805694005365,0.134567876230379,0.0927564426384198,0.0598451309522596,0.0165539216544177,35497.7346142848
"550",-0.218353660399358,-0.248880936025223,-0.236740599089758,-0.178136990620149,-0.106393997568144,-0.0846976743025069,-0.0411030293615675,0.00173189857870476,1.00962949743658,1.02618212176818,1.02124995781317,1.00738894909397,0.992576860504645,0.998186260270572,0.99536618251831,0.99673185904707,0.216448081568723,0.203249668663785,0.172330678724999,0.148989021708724,0.131713482768413,0.091451623920903,0.0580232377075747,0.0166606881124207,35490.4221788344
"551",-0.241565830575858,-0.21388389797183,-0.254325372703009,-0.200623946726098,-0.123489303456878,-0.0818163840031645,-0.0284579954486795,0.000733115722746967,1.01864976481754,1.01073468821749,1.02777165342524,1.01661033593038,0.996258872860073,0.996682529248775,0.99030542796994,0.996872786512329,0.215375127387398,0.197528129096211,0.171166526008695,0.149286389566877,0.136391634824281,0.092214283432749,0.0600478227216503,0.0166208302995044,35492.2804945869
"552",-0.239652796025562,-0.207869656611566,-0.254822025865624,-0.175536875723989,-0.125898365188747,-0.0739019790183988,-0.029280102233414,0.000456713310451483,1.01567628567437,1.01117041565157,1.02613287630622,1.00665588603335,0.997935599090736,0.992789098093934,0.992207580977518,0.997112262184938,0.213862043215343,0.199576784768841,0.170176613461086,0.151920348759623,0.136184120850673,0.0907097309257599,0.0585684493665128,0.0162128304154855,35492.5974854231
"553",-0.270426420840515,-0.204914940822892,-0.246304963865166,-0.194087515592704,-0.125757189760415,-0.075452376865046,-0.022478762901238,0.00555256505721814,1.02403510617445,1.01104235281047,1.02260589886676,1.01353505217715,0.998609386071838,0.994608141777849,0.989792161016414,0.995383975447695,0.213880503190766,0.196670363057175,0.173150180808698,0.145672454000219,0.134888499355844,0.0906231636076072,0.0600366674517458,0.0162545061860431,35489.9231010176
"554",-0.265101176602379,-0.210983350800612,-0.253189130080656,-0.134591971634474,-0.117362393316927,-0.0897786959112844,-0.0353676478318057,0.000582806946273589,1.02464631609138,1.0098987215826,1.02687198154957,0.993173936201589,0.995707548305061,1.00080419879678,0.992500547740935,0.996920292462699,0.219907060323343,0.19714250563291,0.173327785561617,0.150201176849385,0.131106205521524,0.0919043522034264,0.0600397409307558,0.0160361425965575,35485.4939710884
"555",-0.243387114385018,-0.1995265064198,-0.272714504830705,-0.188948194428447,-0.109014061289567,-0.0792089190668276,-0.0343361368875269,0.00125133477987827,1.01729079160591,1.0111385419322,1.03175369360811,1.01153017216014,0.992599717664396,0.995739425640891,0.992604890478095,0.996829941398215,0.215798502190403,0.197673967159912,0.177884139194432,0.148994343933241,0.134746300400869,0.0904861825199743,0.0587377556944086,0.0167839243028923,35493.8298996805
"556",-0.198071611909701,-0.196055403924589,-0.27890862990842,-0.159682998901062,-0.134508216258479,-0.0777002791501827,-0.0196501137924191,0.000203600086702121,1.0010297147139,1.00786964278765,1.03451231361457,1.00098156362205,1.00320472495725,0.995268048879001,0.987874750913336,0.997145031452519,0.218299936091477,0.196673861635197,0.176050545856286,0.155812894074319,0.129811895219217,0.0894623797484417,0.0609126253516691,0.0163469200138685,35483.5798959885
"557",-0.27319262052549,-0.194000210496099,-0.228092721214424,-0.178042389418092,-0.128145661863566,-0.08814148451276,-0.0324321074290266,-0.000420455307418868,1.02577659923599,1.00619718477038,1.01745142613332,1.00713405676352,0.998949233788435,0.997764375659604,0.992422455736603,0.997334153764151,0.220598478928291,0.193152950986184,0.169670618930632,0.146885579272044,0.133746789865045,0.0916107157867613,0.0590848448721926,0.0161282194297171,35492.2267520742
"558",-0.248260223660247,-0.20311342058857,-0.253493926634508,-0.183441533909891,-0.12912319544159,-0.070911813970473,-0.0386700279430211,0.00364880778530341,1.01948851804274,1.0123539445831,1.02617802071048,1.00937102649092,0.997907990049062,0.99267491345365,0.995103143864038,0.996202773581829,0.221363002737772,0.191729165042161,0.173261754599264,0.155823176699164,0.133528592569969,0.0913074625610246,0.0599314187891669,0.0169164841994122,35490.1384918353
"559",-0.231420682821314,-0.196884739521606,-0.232154971513269,-0.173750154759879,-0.126302117007839,-0.0706457221114984,-0.0260552878057755,0.00172380479646572,1.01513601198374,1.00855553527342,1.01723919798679,1.00798589981378,0.997781514053605,0.992364402622362,0.989959925977959,0.996674811930355,0.217894330547641,0.198413911137385,0.169800321866475,0.150599805345867,0.133080536134783,0.0911185098430888,0.0604070174261413,0.0160409376172313,35494.4202651921
"560",-0.216269249776778,-0.197469770944377,-0.259748986876056,-0.183640077867878,-0.131419040530169,-0.0749458348514222,-0.0353832632788901,0.00291046380651925,1.00778197448994,1.00853724561115,1.02909226788602,1.00953562482679,1.00058476085778,0.99477097788578,0.993316848654521,0.996346408110225,0.216003096478131,0.192120154322258,0.174290023379943,0.147411769188625,0.132849294441989,0.0924262447180983,0.0596722799871376,0.0165578160342754,35498.3373283926
"561",-0.221523268437254,-0.212516295419201,-0.256464319823931,-0.179133902498174,-0.147037276761798,-0.0851111803212043,-0.0239375924333744,0.00390959716063301,1.01163623754732,1.01290543682914,1.02844571933599,1.00776185238252,1.00586627802257,0.997693318980604,0.989581107312605,0.995841282829966,0.214481317304633,0.194005976456457,0.169564214205653,0.149514915438889,0.133616371259415,0.0932515508064772,0.060460353775952,0.0167218091086465,35493.6755967197
"562",-0.235147862974476,-0.207389168008073,-0.264396442603563,-0.180294881235628,-0.105407818372535,-0.0744337521791756,-0.0344140496234119,0.00383612943142699,1.01672182778446,1.0083956971176,1.02996756207262,1.00903018003352,0.989598628471213,0.994452620184741,0.992898535031195,0.996060320373132,0.215057719393935,0.197051638673935,0.174634512126448,0.154139220483581,0.13557867932207,0.0890649693765004,0.0604217148625519,0.0162856277139981,35491.3930912036
"563",-0.24842341429065,-0.255730000918721,-0.24513045071972,-0.176062121965886,-0.123117191309148,-0.080416228935938,-0.0320248673488327,0.000157344819843742,1.01683125190794,1.02523919327425,1.02197631033822,1.00788319830071,0.994930423123618,0.996720798465801,0.992122622326051,0.997165737351577,0.213814618155963,0.194547747373471,0.171180664723388,0.153194389436621,0.131668690012356,0.0925611777087937,0.0596028289142425,0.0162317386214354,35491.9112782395
"564",-0.212008209052267,-0.186522107798144,-0.219435638092983,-0.189289405754961,-0.118371637247728,-0.0841564875894596,-0.022230491109023,0.00151370511533962,1.00483234450539,1.00253869528211,1.01298481038478,1.01103356768151,0.995295744051099,0.996468381716152,0.989051464935913,0.99665098575916,0.215783047189835,0.200789595252581,0.170322336701836,0.148920020465998,0.134208967312348,0.0922068096809912,0.0617240729476292,0.0161042690183705,35486.9078609883
"565",-0.23912297418887,-0.224020606788581,-0.260208095739399,-0.188966790487103,-0.107205904092256,-0.0755757273318902,-0.0283598898951888,0.000851663364380394,1.0156906713733,1.01548147882801,1.02646708761341,1.01049415656751,0.992050528116434,0.995001548184873,0.990605696425909,0.996856828999665,0.218516435310153,0.19925694611536,0.172019266843721,0.151379073654813,0.13597462578692,0.0917555176720831,0.0590059457832037,0.0166486299692617,35496.3096193593
"566",-0.225466942477991,-0.228702036321873,-0.248398016812694,-0.208367199840008,-0.0916664171180573,-0.0768989062614495,-0.0212703288354037,0.00477772094563113,1.01120506708209,1.01914507945918,1.02469937172676,1.01585730658837,0.986618451559273,0.995572452012451,0.987847654796539,0.995703463711079,0.214380264234804,0.191820866227715,0.172681824312292,0.150778230118068,0.135044908484772,0.0917451136733748,0.0586232756607789,0.0168603821225987,35488.478160009
"567",-0.237137536859121,-0.235458514109649,-0.27233162065197,-0.183144098635463,-0.120484279541919,-0.0737876712444294,-0.0261209989061011,0.000436457322956271,1.01761547635199,1.0211306619034,1.03339999792878,1.00796935447411,0.994558306340362,0.992751281022276,0.989526050074688,0.997331090914494,0.216266598066132,0.193624197611952,0.170266259804276,0.148522099123746,0.136752859460301,0.0930347825234615,0.059417994258698,0.0163829484129153,35489.2430495403
"568",-0.240459257480761,-0.230531000990274,-0.231260539117366,-0.182452746271285,-0.15010201168338,-0.0905842180848791,-0.0345349002705649,0.00402593710540822,1.01653658449315,1.01772725975768,1.01835094594214,1.01066220682509,1.0060436367545,0.999560163300359,0.992912125971302,0.995920102391569,0.214089780110429,0.191597802177162,0.173623567280518,0.148627704423025,0.135064549657693,0.0894078099823026,0.0605156777895802,0.0163193780156679,35493.5865678715
"569",-0.211542492113314,-0.216631056975798,-0.238734798664804,-0.187323509978053,-0.111584964077861,-0.0761430165050101,-0.0324340082028531,0.00401688705206856,1.00691739774183,1.01505912852077,1.02000886308464,1.01145693772896,0.99364408948844,0.995161461575835,0.992129146975601,0.995953108810081,0.224990043198468,0.19580126631228,0.171403383441917,0.151547885186046,0.134985913010981,0.0899150235126043,0.0601777459685953,0.0163096173936554,35497.7784235249
"570",-0.207870895041426,-0.22479896982593,-0.243283949548474,-0.207525413288971,-0.115486866582454,-0.077484125824123,-0.0368608250033994,-0.000407444954662731,1.00500668846377,1.01525737795551,1.02192865393601,1.0174495827659,0.994794768808563,0.995397370897418,0.993036665884163,0.997673114130493,0.21188527363075,0.193054398319425,0.17392354540725,0.151628392068009,0.131471906572917,0.0897427888858242,0.0602162310384363,0.0161774444484816,35490.8258972071
"571",-0.218710816754133,-0.184741977622806,-0.228422421761275,-0.198643057433944,-0.137955234291264,-0.0774447071889596,-0.0430056224528872,0.00278274303519997,1.00982660611066,1.00413550182534,1.01765851599304,1.0144637497509,1.00247296796078,0.994067792544578,0.995608379866395,0.99625351588653,0.21994736101932,0.196842832015113,0.172916964506237,0.153353171224265,0.131166603521787,0.0922004113647445,0.0581666366879909,0.0160620922226188,35489.5349929239
"572",-0.194837264754554,-0.200011864036073,-0.228867493155246,-0.193560204276568,-0.120930783331932,-0.0758287980223919,-0.033902196426294,0.00227672337072134,1.00144007376323,1.00834018131937,1.01801785512006,1.01245487374878,0.996820617409349,0.994169281766442,0.99262876071578,0.996554893517208,0.224959150967552,0.195230843542265,0.171284166256568,0.15229037822264,0.134324166063052,0.0924735362284223,0.0601177092256996,0.0164053191170621,35497.2988940315
"573",-0.25110682037453,-0.24282536188223,-0.237333776027647,-0.170010231470572,-0.120892424674504,-0.0879588615623701,-0.0413187488840004,0.000695559584182095,1.02083852771484,1.02477173050969,1.02118956258995,1.0064390753689,0.997107644988757,0.998593872345527,0.99546358933877,0.997305969991485,0.209394837469839,0.198035251534837,0.174480438500299,0.15019799870113,0.135704075161406,0.091153324576264,0.0604358615438003,0.0165334454441148,35489.8469436037
"574",-0.266920212896654,-0.220106742753232,-0.251798517978573,-0.194877565854194,-0.11021281000497,-0.0928597348816181,-0.0348822649771946,0.00444534448751761,1.02791296166681,1.01789206252641,1.02885702566734,1.01176472919353,0.993393912990651,0.999584263367809,0.993277574942473,0.995670671341141,0.21910976492958,0.19054527781604,0.17045370939726,0.153801414255882,0.132104363017374,0.0891192228111854,0.0588434658463861,0.0163797328976931,35483.583012325
"575",-0.261061030269078,-0.214161832333639,-0.249079146360818,-0.177535516311132,-0.102050743286372,-0.0708889910716784,-0.0342200626551043,0.00303500288274431,1.02607404793462,1.013168942458,1.0235678065041,1.00804060927993,0.989345190143636,0.993640496082964,0.993029348805718,0.996225376424893,0.217447117384398,0.188613133244542,0.174539377812154,0.151701580372068,0.131642874648074,0.0928143759063164,0.0602167759283756,0.0160064666848167,35490.0808649407
"576",-0.23529271323744,-0.235876927674795,-0.258177032521106,-0.177569962363662,-0.123858440109399,-0.0719108186728698,-0.0343367107740032,0.00110343965365377,1.0149499596615,1.01991177225561,1.02812662783673,1.00722965934512,0.998918519557854,0.992887748777882,0.993556543320055,0.99690785552469,0.209571399416986,0.19907712199422,0.174368070456286,0.153636210419968,0.136024894024857,0.0902997734084619,0.0602284460292608,0.0166355589519647,35492.0365086199
"577",-0.228574538444137,-0.231374006968099,-0.224917664086531,-0.167958274507949,-0.153647119055246,-0.0771801596348929,-0.0310292380417878,0.00308709158839541,1.01227672444316,1.01951763703691,1.01687589259574,1.00638701992291,1.00675045144749,0.994519855251423,0.991557083195771,0.996295854133937,0.219781263025834,0.202959404047887,0.168942626415431,0.14954750774453,0.132728306378228,0.0943052298974934,0.0603814622302735,0.0161224406295692,35488.1718100983
"578",-0.222690395698694,-0.205843756644604,-0.232784294251266,-0.190856008115444,-0.0932037421585802,-0.0859880921167526,-0.0167172578171341,0.0029977814664732,1.00899606655202,1.01085119203828,1.02110643424643,1.01134159505109,0.987207575860361,0.998428652503751,0.986908610846784,0.996112924129788,0.217117577630136,0.195773920782627,0.168935206836073,0.151162199133776,0.132557666212528,0.0917115141370656,0.0598316821347349,0.0164805950942209,35493.2540508239
"579",-0.222647097163421,-0.224043903251011,-0.266060301421382,-0.198532477491067,-0.127799226305669,-0.0743249927319279,-0.0349965250521677,0.00233732062464741,1.01141428389048,1.01600198616403,1.03023728999122,1.01381737309187,0.999841014034481,0.994720107539458,0.992916575201801,0.996599118133298,0.219381834082209,0.19878659828583,0.174724548395803,0.149971111976024,0.132160971316543,0.0920859901267081,0.0603437967769387,0.0163071856286162,35498.0419754444
"580",-0.204621516215064,-0.212446525603774,-0.23658322296017,-0.198865400532801,-0.129177709804483,-0.0748856493189306,-0.024334810507865,0.00268146204484101,1.00319322865308,1.0127658808703,1.02253955850591,1.01446220573405,1.0001759430896,0.994637427437897,0.989762719390969,0.996374684238035,0.218190372606063,0.198122821889919,0.172946761062405,0.15099128097905,0.135290094858834,0.0927868347510714,0.0593671049603498,0.0165084877923193,35497.3377530862
"581",-0.244980335884351,-0.248772637884716,-0.253954090356159,-0.190463273908329,-0.128155663286884,-0.0837106901103604,-0.0306464164136854,0.00291354517017218,1.01676422081639,1.02572608112469,1.02377805534289,1.01190797430246,0.998842318992732,0.997712338977529,0.991850518703693,0.996416736854273,0.213994881580272,0.198019738920475,0.168737964172039,0.147979831686958,0.134601273611199,0.0938566260236051,0.0599109527762355,0.016353171399169,35493.893576963
"582",-0.240701882676875,-0.204964730109306,-0.265735939918909,-0.165753147125324,-0.14246969945613,-0.0771503186249479,-0.0241766425293368,0.0012576855290411,1.01510077265667,1.01154512290323,1.02927926254849,1.00386174653608,1.00487844205025,0.995231643683704,0.989090265941621,0.996836068578965,0.21867252499595,0.194885671362839,0.172886482264512,0.152183615000116,0.133671824667238,0.0911907097946781,0.0607529362622714,0.0159891380820168,35495.9444983205
"583",-0.244814883513106,-0.203744434029093,-0.251443596662468,-0.150518909934447,-0.133713553042811,-0.0754400544895758,-0.0307210477339827,0.00138897952756856,1.01732843824218,1.01031630686613,1.02711356046121,0.996522183789144,1.00147074185092,0.994384932474858,0.991681841629212,0.996745774462187,0.224123572122387,0.204329322574336,0.175896932183475,0.150905643410777,0.132266527799747,0.0933157801072218,0.0596222378882951,0.0163380153380849,35487.68449094
"584",-0.247270239379885,-0.227768004001478,-0.254284205661835,-0.195192732614043,-0.131636952222846,-0.0718149195141985,-0.0264422291956556,0.000839608314115207,1.01729020708383,1.01687415123199,1.02697558883003,1.01364196216099,1.00030831267465,0.99243249846975,0.989575290643271,0.997116279145451,0.217921110377752,0.195128613006457,0.169872516313465,0.151300320706489,0.133636060264329,0.0914792335561008,0.0589927395695064,0.0167690356573934,35497.2907955907
"585",-0.213428448240186,-0.217683433772975,-0.232069856989135,-0.194647545263362,-0.118360900315457,-0.0774217284350539,-0.0330640041307119,0.00710781960213205,1.00807595486248,1.01824300769261,1.01856427527128,1.0143466063376,0.995824648567703,0.996337984082102,0.992464748913367,0.994788869137066,0.218923873314031,0.200012375378174,0.168786779540751,0.149235747330734,0.130953148707091,0.0883467929673343,0.0591511081928821,0.0161888641525465,35483.4691481361
"586",-0.246189379310198,-0.185792719956005,-0.241256568106503,-0.162487305336361,-0.111530784228432,-0.0587067426342724,-0.0320664755339696,0.00234465090876987,1.0158630375366,1.00437650507576,1.02437294042806,1.00298198353364,0.992690984331286,0.989269663624797,0.992557642581428,0.996607732438828,0.214093154057755,0.192474639688361,0.174552976262056,0.152194602839273,0.134495018796478,0.0915377848615852,0.0593858355249115,0.016517986891133,35492.6813285219
"587",-0.248871250443168,-0.2498336915165,-0.256281147123546,-0.198006506714755,-0.15303976394455,-0.0677713576556209,-0.0393332928479436,0.00202038062800477,1.02269289444435,1.02465561258712,1.02787472180802,1.01454627740629,1.00767106326792,0.991617412956472,0.994850625475163,0.996507178731417,0.21593714718548,0.195057787806268,0.173319237518313,0.149880790602178,0.135356372612699,0.0924418419389476,0.0608948421877124,0.0161833544173052,35489.4170375787
"588",-0.210561066620975,-0.199142196971641,-0.2492744410474,-0.181488371283369,-0.114334677110874,-0.0735987729792631,-0.0284349036182729,-9.22181723160137e-06,1.00476413210582,1.00803733298442,1.02132402813456,1.00909995388258,0.994321066701579,0.993929954024366,0.9912075350186,0.997506449284869,0.209962861586468,0.196421070021964,0.174178946330024,0.14800398931156,0.133534421588288,0.0908912119656846,0.0595667141827326,0.0163856636355942,35489.8412394772
"589",-0.265758957845915,-0.252873263519581,-0.258291687831823,-0.191794434909502,-0.126479933714983,-0.0892501153960462,-0.0324159930153632,0.00388471411829299,1.02288383132247,1.02483291468445,1.02610799987949,1.01281535960679,0.998014605182516,0.998984549847141,0.992178428000691,0.995806154463019,0.220431246884591,0.201186938468883,0.172268044893815,0.150487684375433,0.13108107899758,0.0923890876499043,0.0593478888973663,0.0160955236225242,35492.1382798703
"590",-0.185328244018178,-0.214507354156067,-0.255065300946379,-0.172281686205326,-0.131991073152827,-0.0764388491141393,-0.0326598434669204,0.00158278662848353,0.999756349767884,1.01492309224251,1.02334337992458,1.00556744256434,1.00231682762762,0.995866097491545,0.992482328940804,0.996721188082504,0.213297754588772,0.195488435938279,0.172865492827981,0.148812238832769,0.132132542147986,0.0922206086927768,0.0605928947627603,0.0163694932018503,35487.4591246901
"591",-0.239164699870395,-0.204462694179923,-0.250165050366282,-0.188846186936984,-0.117550249315283,-0.084304976498965,-0.02630076041091,0.00138436698975524,1.01487226612645,1.0097638276373,1.02406706045408,1.01016200977096,0.995460334271536,0.998452994575567,0.989830228597045,0.996828690898521,0.216346866917887,0.194492005195398,0.172294937079267,0.152658858055091,0.133009296261259,0.0901661076132255,0.0612383529212796,0.0163512749110558,35498.7229646915
"592",-0.232230698089121,-0.235743113656072,-0.268274233939969,-0.176486485172487,-0.126633805634281,-0.0839026968841341,-0.0311479300545106,0.00352663474151807,1.01355007998397,1.02224272906653,1.0315189043018,1.00875233033474,0.999064367731952,0.997859220041775,0.991168476873681,0.99608423362685,0.220894791658947,0.197699920965298,0.170813085857133,0.151896610630873,0.13201344850709,0.0900031649019497,0.0595832075161623,0.0168858471602027,35495.3752640925
"593",-0.245319954360001,-0.222626195546683,-0.251547091071722,-0.178102520337788,-0.118354009253735,-0.0841882467039331,-0.0413918132832038,0.00350047751663058,1.01650307599894,1.0177118918655,1.02591973521831,1.00617708362707,0.995146951164635,0.997117495145328,0.99480491578386,0.996305059804232,0.214647499279865,0.194205956982857,0.173965088421186,0.151317180358193,0.135429264501177,0.0916037586493683,0.0587235110481766,0.0165664948959919,35495.4903463721
"594",-0.240675376893119,-0.215186681497808,-0.258970081180082,-0.180878444786962,-0.117489115205467,-0.0791080706214154,-0.0246813810466932,0.00155232134863393,1.01724254494796,1.01561819011902,1.02883366102321,1.0087002143178,0.996309679715696,0.994994170945677,0.989562865634855,0.99685600101134,0.215211840086926,0.197006097733658,0.170959054912991,0.149971389325897,0.133658989168185,0.0899220287273937,0.0604801540771247,0.0163951704485526,35498.8158637283
"595",-0.230849675817375,-0.214981196284331,-0.241987964463817,-0.215978363874323,-0.115155952883652,-0.0894597319199702,-0.0321230576335845,0.00134410917336217,1.01291103341118,1.01265851658968,1.02131162584361,1.01936546974898,0.994260460600193,0.998572959532812,0.992349583983686,0.99715835516107,0.21806547254506,0.1998045247156,0.168469788241839,0.149627001643121,0.132557558391217,0.0910482936606763,0.0597308836080901,0.0163918978780255,35492.6171159326
"596",-0.212457582225422,-0.202158721321859,-0.272349570414299,-0.183580132001025,-0.133677965885747,-0.0817579101045137,-0.025142541896019,0.00280680838117859,1.0066891370308,1.00929077790965,1.03115532928585,1.00748494718191,1.00091534745003,0.996122931037503,0.98974455902917,0.996315179932936,0.215974503773191,0.197050015733238,0.173054146401569,0.154411035146195,0.132373643540073,0.0896767823086638,0.0591185021130357,0.016350898080494,35494.844337574
"597",-0.248889998177397,-0.225735140361732,-0.251809028289768,-0.179234510515476,-0.118383620651082,-0.0720633262337514,-0.0315903428062797,0.00400253541262471,1.01872084148344,1.01909158358037,1.02496529249242,1.00865638399919,0.996095936985347,0.9938589222683,0.992358850316497,0.996001154368815,0.224006362257795,0.196469609863994,0.172119057742685,0.153331347704443,0.134214904968893,0.0899250161616635,0.0592847096684143,0.0167032573117938,35497.0460118546
"598",-0.237635721930808,-0.204393329162171,-0.258008332172748,-0.184131611488014,-0.12619087682071,-0.0777191763634367,-0.029494165899357,0.00217152495347529,1.01475499326789,1.01069146687216,1.02721986343854,1.0105908299991,0.999127513125268,0.995739101076956,0.991425683163602,0.996770926446872,0.220508618119437,0.197824219131452,0.172927072598711,0.152809750491685,0.134614357062697,0.0907712854146829,0.0580038375502182,0.016441894251944,35497.6229715094
"599",-0.223284815556141,-0.22840696501327,-0.230288464530417,-0.181894909850794,-0.144372200492227,-0.0783308948735335,-0.0281246998149948,0.00356968075637047,1.00706963374134,1.01884002409727,1.01936840940252,1.00942011316489,1.00284275658057,0.994896493526137,0.990739938778913,0.996208817051374,0.218781777352803,0.200746221941509,0.171100155144772,0.151661158568485,0.136288288957953,0.0899783543874653,0.0597812134050826,0.0166513017020788,35493.3221103206
"600",-0.213078475040154,-0.238689446938855,-0.219161666048853,-0.16153029009217,-0.127655423884508,-0.074697989193243,-0.0281615009246188,0.00227110534121725,1.00893426685273,1.02076054688994,1.01302143535159,1.00262203952022,0.997646701301417,0.993529641703133,0.990380007570068,0.996602490289574,0.220611615331303,0.196038108882835,0.174022546229635,0.150358438845023,0.131431417234609,0.0909067894791206,0.060724945612591,0.0166407946522946,35493.0736209658
"601",-0.265777732218666,-0.202790199690975,-0.261154174459256,-0.163121711690464,-0.135129406321883,-0.0847214777937451,-0.0318673013200159,0.00507539757271475,1.02338487832878,1.01210237739231,1.02762186818044,1.00183835293632,1.00150978290027,0.998512301892639,0.991910658901563,0.995407731031349,0.220319643251407,0.197432089259325,0.172488584351964,0.15797552007097,0.131807608834301,0.0912821167363634,0.0601928721434486,0.0164681662112017,35488.9688122868
"602",-0.186095834626707,-0.21767270251846,-0.25947810735864,-0.182412074367036,-0.13282093626683,-0.0842383292952799,-0.0335952662117796,0.00428190669436396,0.998239872381669,1.01595583739372,1.02930745633696,1.0093301132522,1.00223169999541,0.998422205362769,0.992000296248311,0.995814194369534,0.217365179852963,0.198363135488484,0.16841526898599,0.148730673214151,0.128524897548725,0.0904298728778472,0.0603181202859654,0.0164529859210108,35487.9971540347
"603",-0.251081164066741,-0.220226585015433,-0.245115946597637,-0.174535687592024,-0.118766644257039,-0.0691566101535365,-0.0323531595514772,0.00292563336469874,1.0192573661023,1.0183793647922,1.02105015570527,1.00548935385828,0.995220498111208,0.992036262951652,0.992474803214717,0.996521760420662,0.21781483196902,0.198369349555351,0.169754899342375,0.153829212362331,0.136918270883445,0.0901909574144504,0.0605770208330264,0.0164106466220435,35491.971688385
"604",-0.209462934232328,-0.211287923216333,-0.245918771085529,-0.163741666729228,-0.0983678437474954,-0.0768373102108011,-0.0296986932975683,0.000871588307842321,1.00366525603283,1.01049101185347,1.02295576669965,1.00169384738744,0.988692632469247,0.994806111437502,0.991274625120442,0.996956065008897,0.222502798193553,0.194151940822677,0.171497466148217,0.148970842034408,0.13418996017353,0.092636845246018,0.0580136227393278,0.0164507886856979,35492.4288197193
"605",-0.227622328082159,-0.226801573023439,-0.230000586589303,-0.223677436980982,-0.112312745983595,-0.0698273847167336,-0.0305000252370455,0.00235299487661887,1.01315986116419,1.02207506016926,1.01740828882932,1.02178684610916,0.994185352894124,0.992224935854405,0.991625266772162,0.996622157744644,0.214186812181458,0.197805928485324,0.16972424990683,0.149043148377939,0.133842327773208,0.0910547775609001,0.0599311184985531,0.0164359500162091,35488.7950340435
"606",-0.283012677254443,-0.204141011834856,-0.236392393527623,-0.185714951048671,-0.133621031090987,-0.0853369295671908,-0.0420848009125222,0.00143441835827209,1.03205101899431,1.00915572849219,1.02168431194268,1.01066023733988,1.00078842141065,0.998332277423468,0.994853458424184,0.996801694367829,0.219570980764003,0.19397289860734,0.175220711993315,0.152688268427739,0.136399749242368,0.0911044385929062,0.0581490746847931,0.0162771577138267,35490.9884773325
"607",-0.250046056594337,-0.225130829987045,-0.250000046356862,-0.198944064330346,-0.108788744975404,-0.0815500317942486,-0.0267935417710431,0.00218263676000424,1.0195936487928,1.01730099515243,1.02311765987979,1.01458480927135,0.991855676889395,0.996034588545437,0.990926181607571,0.996665028186023,0.215296940651624,0.19543720191958,0.17052698739057,0.149355486409763,0.132835065617284,0.088540952714264,0.0593130324905596,0.0167316910939944,35494.7209596733
"608",-0.245986303535441,-0.197232199547205,-0.221854834858431,-0.198996068605318,-0.0868099038788163,-0.0853708787321426,-0.0293254523654138,0.00340785936840244,1.01799530852978,1.00786885042257,1.01700322884246,1.01521864060368,0.98536687045623,0.998183649247345,0.991267382891841,0.996244178974669,0.220139766832127,0.192803407168116,0.174815189197129,0.152156382792574,0.135793342150027,0.0894795821653043,0.0599867815977296,0.0165890477262903,35493.4396916446
"609",-0.27579091723065,-0.248064993747611,-0.263815009067725,-0.208993471996901,-0.123261688774569,-0.0658860463613154,-0.0317115153830117,0.000782946622691711,1.02609693472813,1.02431612666462,1.02918317718705,1.01739703887305,0.997739992036921,0.990568722213593,0.991733270477929,0.997193675859665,0.217133821251261,0.193530760167306,0.174123314392503,0.14760210123445,0.135351829116351,0.0923788603357346,0.0593308927730233,0.0166595075566216,35492.5114365381
"610",-0.232018638457205,-0.210833156717731,-0.256267578526899,-0.177907146791112,-0.0947021925632344,-0.0724526216338685,-0.0277307040201616,0.00279981074603264,1.01322616313873,1.0115712800405,1.02652235360604,1.00702013789799,0.987147540884503,0.993870921376986,0.989968677215007,0.9962211910975,0.217687078792777,0.194291214198206,0.169640430153455,0.15215608263217,0.132596471349585,0.0923438237302352,0.06091010161614,0.0163426439205534,35496.4088236152
"611",-0.212401538878857,-0.218982060608997,-0.256895134345743,-0.173189831310093,-0.126961345954738,-0.0906897395597336,-0.0281628097572341,0.00102350805432806,1.00681808482627,1.01551197695683,1.02883201581926,1.0058353897651,0.996732488235235,0.999301484572646,0.990615740165022,0.997260303730873,0.220508043282799,0.197128716861862,0.172792186936645,0.147986747071955,0.131503224308546,0.0911902264834126,0.0604688669201179,0.0161271510735484,35493.0285651423
"612",-0.296007746578334,-0.200682743389054,-0.234938685986052,-0.182892537315787,-0.120656898590871,-0.0702741244814301,-0.0422746093214321,0.00298808252200007,1.03384700800037,1.00988169026336,1.02117544911729,1.00974471221543,0.995875170822585,0.993641273552603,0.996609362463951,0.99627223903332,0.218663845212389,0.196876044483262,0.173786213520927,0.15287198374526,0.134442060072353,0.0918186317880546,0.0581021445214703,0.0162964704071592,35489.402974175
"613",-0.274181475802916,-0.193459418559461,-0.223253179088428,-0.184649317979651,-0.119484646794868,-0.0767530130668104,-0.028905746187027,0.00150763553938476,1.02967244452148,1.00636678427511,1.01405583992793,1.01234592510229,0.995692979716759,0.995646299220979,0.990951907995888,0.996650604551771,0.221781648935428,0.193486768432022,0.171892508818441,0.152803392347655,0.136125938207287,0.0940135038590175,0.0602667246185587,0.0162525340678993,35488.0230514399
"614",-0.255369118334318,-0.173454945278919,-0.250950326240215,-0.195362540214492,-0.117862007051865,-0.0719946639499468,-0.0296913971323081,0.00217066890826903,1.02207950864142,0.999586221693846,1.02788167790884,1.01318403842436,0.995842428123404,0.993126546101806,0.990682793350454,0.996549386298275,0.222297186681145,0.197705137628868,0.17446496733637,0.152235281921456,0.13324324108474,0.0902142447492939,0.0590002254506462,0.0161423030605028,35493.168020072
"615",-0.212890356413556,-0.203688289418202,-0.24159031837485,-0.193438906935379,-0.111737515038957,-0.0702888522690716,-0.0268954283572735,0.0037764610629009,1.0051785432927,1.01093953646745,1.0239494344829,1.01441445910422,0.991370312098968,0.992830718987941,0.990346075431654,0.99600447474114,0.216645734703034,0.193522578697451,0.175753349282884,0.153193366273625,0.134614361307393,0.0901411124906186,0.0585558199229383,0.0163936526731643,35492.6902578347
"616",-0.246038309630971,-0.216323237936888,-0.29521296979717,-0.184400096181401,-0.105547385560043,-0.081219527224497,-0.0305858795007967,0.00187529030511285,1.01732621788919,1.01530960155743,1.03819580754503,1.01089484941902,0.989438554233795,0.997411476038449,0.991730701816612,0.996650613738907,0.22018911289033,0.198719579384357,0.173501993262458,0.146823632816279,0.136797374035942,0.0895367766560517,0.0604434047665377,0.0163794117560791,35489.8258264956
"617",-0.270791739146635,-0.236292750294703,-0.254753567554078,-0.18975885637401,-0.117099472493786,-0.0781636816244959,-0.0336493529081303,0.00145350020919653,1.02415478578401,1.02324486378723,1.02760316330931,1.01227153400593,0.992925625732083,0.996084440280863,0.992409057224147,0.996793417932652,0.212943099555338,0.193670457141256,0.173739327315179,0.150197595584203,0.135760045631805,0.0921231405028663,0.0606731445003377,0.0162929107062007,35493.4064325205
"618",-0.249997560243618,-0.208158766000282,-0.252270535608109,-0.206715872936259,-0.120377631787921,-0.0844998443888662,-0.0289554246438771,0.00409818296575389,1.01913248777678,1.0101097308549,1.02557742093168,1.01820957490478,0.996834601880869,0.99769345655655,0.991181285047915,0.995752262251098,0.216373061464643,0.201233999107224,0.175481585412018,0.150636061023673,0.133140554136368,0.0906099655920735,0.0590855475025643,0.0161759115648393,35495.0234643589
"619",-0.25477050503265,-0.22124142578015,-0.240748320284196,-0.178912722520045,-0.128264367241546,-0.081793923125049,-0.0309734678356546,0.00247277051778225,1.02122138358515,1.01714193787886,1.02279352714274,1.00710790930947,0.999969120457025,0.996837136561282,0.99200909188817,0.996383167743236,0.215813220399357,0.193616360017767,0.17157017504673,0.151870054089355,0.136931080933734,0.0922862801925022,0.0600626094993153,0.0164673704195822,35499.240519609
"620",-0.240337389397092,-0.224562876877042,-0.250550229371716,-0.176645976826222,-0.131164787911885,-0.0995545996288429,-0.040756551129605,-0.00022929879507986,1.01761351193502,1.01676886806489,1.02418041820132,1.00662437800424,0.997665403299318,1.00374112257694,0.994748595604588,0.997260626947147,0.22070083030443,0.196627463025322,0.170153888016745,0.148910918468845,0.132369825974626,0.0925998122512044,0.0600677785561188,0.0163139712146305,35489.7217602502
"621",-0.247173721300473,-0.232566026646351,-0.257864771213398,-0.19520055715065,-0.121218589163769,-0.0850821301217738,-0.0316161544650102,-0.00323905542627265,1.01735397138439,1.02101711029758,1.02851825887679,1.0130731812894,0.996063945418318,0.996947675383267,0.992002938051488,0.998535689768615,0.214980875561912,0.196810445712081,0.171568390196117,0.153344746846972,0.136586292886661,0.0914066687778025,0.0600685388919868,0.0163924052349252,35491.9974674835
"622",-0.232729933814663,-0.278809265222291,-0.231203658138307,-0.186563604394338,-0.12800812370003,-0.0872208416963716,-0.0285485573139826,0.00257605957692388,1.01480652944306,1.03518152311488,1.02059787043865,1.00968783431599,0.998676547552311,0.999044100380994,0.990761190646503,0.996395842069016,0.219250920599479,0.198231308320512,0.169779442000986,0.153670142940702,0.133215064464584,0.0893522120387504,0.0597699828422208,0.0163854082199926,35493.3930309615
"623",-0.236096648838727,-0.244207548227098,-0.249469827373706,-0.162052955138298,-0.119831954533668,-0.0778616287165608,-0.0321354668410746,0.0014914137992403,1.01257889058621,1.02284781316693,1.02601710205466,1.00299877418559,0.996710623907431,0.996616500149349,0.99262029478148,0.996693862344875,0.22375131960035,0.193871253675086,0.176224165248038,0.149406827233835,0.131950775400014,0.0909000729688971,0.0606313117839105,0.0166718508702624,35493.2887514772
"624",-0.228883576261905,-0.223546507821473,-0.246045418081371,-0.16447947625107,-0.112499675420262,-0.0804784731621627,-0.0259892743454888,0.00373385010511378,1.01311617849415,1.01728083215741,1.02329396906256,1.00170528561321,0.99473823243164,0.996433296230697,0.990213144470839,0.995921217457167,0.217601618206578,0.197959486024511,0.171593385681693,0.14880845319098,0.134556333845005,0.0915751135349359,0.0594853002673872,0.0163829843844508,35498.0774381307
"625",-0.247574467116738,-0.187191648591514,-0.24238002211603,-0.165161602196847,-0.129792172250696,-0.0792244560996896,-0.0425946095472989,0.0025683244700135,1.01770514531599,1.00530060701167,1.01984277465089,1.0028382171748,0.999443710578589,0.99578624192182,0.995721679914816,0.996446136743163,0.213962544359394,0.197144354691107,0.17216875068337,0.150356996224277,0.135870568312553,0.0907112016855691,0.059582749437767,0.0165802382420965,35494.6167166826
"626",-0.229184701667719,-0.230707551373461,-0.242555953300867,-0.173349911716123,-0.131577562783962,-0.0736041205308871,-0.028286073256295,0.00653545766684803,1.01081096086728,1.01779206356012,1.02286175665721,1.00588036658313,1.000412903406,0.994514475280885,0.991855967872315,0.995068864873174,0.214403262894736,0.189940012008638,0.172264968179827,0.150561905932666,0.135689213866901,0.091102052440747,0.0594360046133504,0.0163433853471116,35490.9370205202
"627",-0.250043518517321,-0.222548242446594,-0.232464990362957,-0.188933764935276,-0.136344682229769,-0.0678341101128822,-0.0372887858004983,0.00461902818275629,1.01730925751128,1.01747427080665,1.01881366860426,1.01076388892174,1.0005249985897,0.99173620460283,0.993368253955482,0.995940455071048,0.217683152111421,0.19618820969137,0.171994375325245,0.151725560258586,0.129295502595311,0.0893256639915039,0.0612874835961244,0.0163247983793316,35490.3087069418
"628",-0.214372759354608,-0.220151147267685,-0.218391816093752,-0.18270428503787,-0.101634951194904,-0.0828253994256678,-0.0282616817510404,0.00214348056764167,1.00628970180747,1.018099257511,1.01621227294622,1.00989978251533,0.991439253898479,0.997846487269453,0.990551025421786,0.996591988894648,0.215061517475021,0.191419109123283,0.174141173567919,0.151121734478648,0.134297504019073,0.0931844371457565,0.0604190607169066,0.0161394409034142,35491.8710528897
"629",-0.231464232706691,-0.209185989807816,-0.24873858173631,-0.196436844498544,-0.131268917631749,-0.0741631438683409,-0.0367733320879355,0.00100610426392424,1.01417561237022,1.01201684791648,1.02540573243913,1.0127297950851,0.998929690754675,0.994298781101956,0.993966492391865,0.996919149620093,0.216737329423151,0.194805985160842,0.166507743649269,0.15141832393937,0.133220375794959,0.0915232634560145,0.0614492657486129,0.0168066809562201,35494.9279803421
"630",-0.273791940873393,-0.227643026956294,-0.243669349670411,-0.179316886300977,-0.122524898696292,-0.082691990705875,-0.0377006079513435,0.00267095144770762,1.02803369664268,1.01777235940026,1.02522194312253,1.00636880812107,0.997016926491511,0.996707816994254,0.994244579597814,0.996484982279421,0.214198467132013,0.195866179875912,0.174334957445405,0.152754509981705,0.136086003433404,0.093111324254135,0.0596950051256883,0.0165459549932229,35494.4953389615
"631",-0.230483482545193,-0.228158313836718,-0.221642025351373,-0.187111443899239,-0.116807015896238,-0.0685918408292676,-0.0214048633406387,0.000542932321288261,1.01162724237274,1.01818132746777,1.01461853539762,1.01144130456337,0.995138630709294,0.991604304986673,0.988562260952113,0.997425622098043,0.218633224370202,0.196330186095995,0.16952135852906,0.152189168698552,0.133966660947967,0.0906829442659418,0.0585593687427837,0.0163185481982935,35493.0406366671
"632",-0.222041209645114,-0.171678357440191,-0.248488209987977,-0.199006277524066,-0.107135167450437,-0.0824615312364936,-0.030051585054035,-2.29093965240193e-05,1.01078042812791,0.999186112902656,1.0246940876218,1.01541344487007,0.992816856952665,0.996791660771926,0.990935602856438,0.997261136881056,0.217865545214104,0.198850527500889,0.176167188375887,0.148935313820553,0.135484758891509,0.0905130328358255,0.0592891025335265,0.0162824881267949,35493.369544825
"633",-0.237233494918447,-0.209511220016487,-0.233612285533627,-0.176866229201875,-0.11016451566755,-0.0776213320886838,-0.0389436582857696,0.00329409606912789,1.01683922327606,1.01467955261555,1.0193534015334,1.00541092215807,0.992398225951311,0.996765950699308,0.994175155250778,0.995997264946689,0.218247173844826,0.198552655320894,0.170644388131904,0.147060591648517,0.132326949546855,0.091291734388154,0.0597226384854057,0.0165302377984866,35490.2113033178
"634",-0.256222320169335,-0.187024090357461,-0.254367583887782,-0.177502050407209,-0.107289905256701,-0.0716108411073431,-0.0304833241048943,0.00191805780033097,1.02010210321121,1.00503088341352,1.02438982243546,1.00829055921945,0.990222524244568,0.992878919676476,0.991363335881149,0.99638953170687,0.221866116702088,0.188006503346511,0.169410128700112,0.152502740734445,0.133061541089006,0.0919358417505593,0.0606248023982546,0.0167337891524203,35487.6152933432
"635",-0.228371905713249,-0.259215986230913,-0.255955740078724,-0.180531989091678,-0.126070569262477,-0.0683697536012225,-0.0331285836858719,0.00179642370081885,1.01081096294806,1.02897513602613,1.02359748846688,1.00880338896361,0.997959354537127,0.992191874524992,0.992896304503087,0.996520242378894,0.209540855375842,0.192241431590118,0.170528029368324,0.149512977061232,0.134444002703722,0.0894476631784979,0.0596417946672506,0.0165863534359433,35487.8445584687
"636",-0.283719996525607,-0.21799977019448,-0.258867320882502,-0.186650801167655,-0.126615111812466,-0.0534683468675858,-0.0363901693774244,0.00165274118298749,1.02733391876873,1.01556789448081,1.02870831800963,1.01184787302992,0.999426726886614,0.986577611375996,0.993604019649128,0.996516890055954,0.217394402688207,0.192572370238935,0.169947113151262,0.151157783436839,0.134950740397692,0.0908196702023189,0.0592109121417929,0.0168960160186803,35487.5168847219
"637",-0.251358921642283,-0.205409757829255,-0.272489503160705,-0.16279211275585,-0.124082065430257,-0.057817665340183,-0.0293780034139677,0.000815298196759031,1.01984963780588,1.01211191445071,1.03384876273865,1.00258696704107,0.996279748812971,0.98800541525022,0.991701772574802,0.996997532658413,0.21557835131617,0.195170900232027,0.171745260207975,0.150047562637732,0.135325762371352,0.0900388401224766,0.0589748286770941,0.0168020207315051,35491.8065557282
"638",-0.23188029394879,-0.251385991560583,-0.228331635169145,-0.173211800760303,-0.100135637477383,-0.0914127590500203,-0.030430780006343,0.00181192992655027,1.01165408365618,1.02653043516402,1.01744793568888,1.00681202356126,0.991193049818916,0.999558545724238,0.991442273457029,0.996606216471805,0.216919554378107,0.19540025047669,0.171898363177993,0.150909348796973,0.134760830012343,0.0914212508153801,0.0612837996432058,0.0162391455446443,35494.7945872567
"639",-0.232186352004938,-0.204427300101299,-0.267537484378402,-0.201056534570133,-0.139681513624685,-0.084527560234451,-0.0283898101805156,0.00343738992487958,1.01362442320807,1.01021269398271,1.03265920865444,1.01555611723106,1.00324790932286,0.995862625298305,0.991073101354681,0.996128854168026,0.21470525880238,0.196780419998331,0.171659949623601,0.150817894376649,0.13398827684286,0.09341818777286,0.0595858934632137,0.0160719973499912,35492.2892513053
"640",-0.226187898512013,-0.213785704195613,-0.238741042518854,-0.184714311107882,-0.130781695344926,-0.0897221279776021,-0.0287295082210931,0.0030923579973573,1.01164079913898,1.01251080042965,1.02113907827734,1.01047086129689,0.999613179895436,0.99900302643502,0.991022889469488,0.996325348534372,0.21460393008165,0.195886501088366,0.169860221488362,0.152264033083669,0.132931792540031,0.0907070376744084,0.0613274397690029,0.0167016211424392,35498.4896476935
"641",-0.253241550573218,-0.191260099367149,-0.231372277087068,-0.217441020214678,-0.123252542720749,-0.0650485041723307,-0.0361152822532816,0.00242973817814476,1.02137748638807,1.0060729773783,1.01884853932776,1.02082144129946,0.996593218815704,0.992327496526094,0.993352512611666,0.996355782192395,0.212256187162119,0.187663931497593,0.171897597879792,0.150757100703133,0.134442378208335,0.0932746271191578,0.0603245445840599,0.0163789645561843,35487.4047743284
"642",-0.250801032260164,-0.238303848918716,-0.228270397263124,-0.166276042600197,-0.118259532940708,-0.0854110909529819,-0.0240334728720115,0.00209731022768501,1.01540678088632,1.02092505470859,1.01831357952987,1.00464095232142,0.99415811459411,0.997708774358113,0.989438370210161,0.996479943537708,0.218332510476713,0.191924600193409,0.167917328199818,0.150242565464017,0.131910205521102,0.0916272191224856,0.0610322135480025,0.0161587519602318,35491.8968217856
"643",-0.234610072657876,-0.229874168411485,-0.253850925416109,-0.177017644161536,-0.108341320296194,-0.0774704393173827,-0.0316470221343452,0.00393553756015905,1.01237666705426,1.01865596872855,1.02480092754767,1.0074422290947,0.991849796216399,0.994865884528925,0.992128939907954,0.996102261868009,0.214214467187479,0.193510167692216,0.174122049600887,0.152919961677493,0.13513272193896,0.0927133290056191,0.0609172079899596,0.016204910670407,35496.5735287562
"644",-0.251862126726811,-0.243915442895286,-0.259995978009184,-0.199792627289722,-0.123623763433213,-0.0822485995457692,-0.0408906865339996,0.00159232710157183,1.0186683831142,1.02312450407384,1.02677034300152,1.01557578193542,0.997690542924601,0.99697274419966,0.994893013495603,0.996764959447566,0.211672943443899,0.195968437650908,0.175019497711941,0.154187326487358,0.134244536714635,0.091798898537776,0.0593023704710369,0.0166286588731394,35494.6936336933
"645",-0.224804185990802,-0.231040719322005,-0.269673883761883,-0.186604346686766,-0.119414585277175,-0.0865669561020886,-0.0276126810264663,0.00225247295728579,1.0113759314069,1.0178705263061,1.03075532878765,1.01242284305412,0.995791001037298,0.998991600708471,0.990252594699665,0.99645767345857,0.214824384243468,0.194835359433027,0.172795713289215,0.152472000350733,0.135220188737638,0.0909774470944985,0.0591565369965399,0.0166200837524162,35497.3694377474
"646",-0.231607857138225,-0.201677013146091,-0.265471505048475,-0.187683873666231,-0.104728799273461,-0.0689816800029611,-0.0285561883275362,0.000159180828731402,1.01133110600019,1.01101802490004,1.03094013011129,1.01031166952281,0.989044865649796,0.993331087067221,0.991143107822635,0.997251776042671,0.219816242575914,0.195635922661601,0.169420182297856,0.146963449343675,0.134512962166132,0.0910905871607781,0.0593944046383581,0.0168264283123327,35491.6952904542
"647",-0.258337455564367,-0.205762790464694,-0.276268258382745,-0.183584909816526,-0.0849967145806939,-0.0755904874428543,-0.0346170129030939,0.000976645043228373,1.02288608324235,1.00867428665923,1.03228066801662,1.00916917251598,0.98669118514724,0.994480180162158,0.992644182328962,0.997017345143033,0.21947284183286,0.197859738892564,0.175474740734118,0.153123882061074,0.132923453640694,0.0888543227990615,0.0601843959830812,0.0165883983224919,35487.717865233
"648",-0.23844008105005,-0.236188882653506,-0.258119020028765,-0.184173644581427,-0.143072679871691,-0.0858031768512301,-0.0312047239957689,0.00177174710986439,1.01355455385852,1.02192551058992,1.02769120801346,1.01003234618383,1.00558142775675,0.99867731914164,0.992251350296363,0.996639013550703,0.212309218846442,0.199933000327705,0.170935004735694,0.149408942093332,0.137750987857875,0.0907571422487049,0.0584655429337262,0.0165899790238372,35491.1477475778
"649",-0.21105309626915,-0.242436521329223,-0.248452226998976,-0.173402195728363,-0.133193186204066,-0.0787661506160313,-0.0343728745616288,0.00267763160213813,1.00669710628847,1.02091130204557,1.02555346791044,1.00625836835844,1.00029358921638,0.995293756166777,0.993512100218247,0.996250213666945,0.224748664088423,0.197875784606992,0.174612843238204,0.151775621792636,0.133064676950423,0.0896791218677524,0.0602904034107483,0.0164567785145952,35494.7113036141
"650",-0.213257012933771,-0.205879113203462,-0.240125817280566,-0.184027934924469,-0.13778422149701,-0.0866916011964138,-0.0356993763727519,0.00287858792970764,1.00924137077325,1.00768299595088,1.02171955893143,1.01152824441035,1.00166605536615,0.99845193936612,0.992795866764328,0.996170947748809,0.223337221590723,0.197556410022762,0.173873663364518,0.151837837248071,0.131143067761216,0.0881597322960922,0.0602416045659889,0.016509644770522,35488.3264731858
"651",-0.230518813293308,-0.230151983613432,-0.211851330025057,-0.198807455731193,-0.125842361494433,-0.0713932343169359,-0.0303162335270891,0.0016309256990771,1.01274691045789,1.0180331346996,1.01160375194061,1.01563938435594,0.997504330393905,0.99306193120057,0.991330369056783,0.996790475409757,0.218051042040893,0.201523566023472,0.174024816132088,0.149716071283562,0.135387327985889,0.0901567827562351,0.0588568668871856,0.0165119599332543,35495.1895407588
"652",-0.234736150428611,-0.191264978555342,-0.215243130322913,-0.167789427541036,-0.109475740087526,-0.0835740050214009,-0.0246371399790903,0.00129730474864998,1.01404179375283,1.00530341537379,1.01399664120436,1.00389531235908,0.992112407413133,0.997275339958766,0.989621772344246,0.996662301795,0.21464404633578,0.193733593929994,0.168474667275615,0.152840010011877,0.134373967309883,0.0888053993134878,0.0597367238910141,0.0162211709346709,35492.756359393
"653",-0.288850699509372,-0.20764706259792,-0.231064207206972,-0.179494314111262,-0.126695650668697,-0.081986865952938,-0.039924310632208,0.00256172374722413,1.03160781618819,1.01050144188189,1.01907741204761,1.00794123970369,0.997044999626804,0.997161537044026,0.995820959612217,0.996425159480849,0.217068067493275,0.196833747233484,0.173509074304128,0.152413197294064,0.136314628818181,0.0911546584374004,0.058018335544664,0.0162577436742602,35490.762968235
"654",-0.212139201631709,-0.24060960318825,-0.252636318830519,-0.175777508702565,-0.13131887596037,-0.0844204644683213,-0.0325675575375225,0.00284510487508918,1.00453787891783,1.02116351206482,1.02611187025585,1.00795326580646,0.998641728493888,0.998367564009784,0.992526126761043,0.996209905382335,0.214631251865262,0.188646727851188,0.171196967758439,0.150486988299538,0.134985877092389,0.0920222950222919,0.0589550815568845,0.0162044431979417,35493.3747247472
"655",-0.212164692775697,-0.211759782826128,-0.251379373713027,-0.165831076270001,-0.0997614169148174,-0.0735740443372279,-0.02912763850559,0.000862951306593371,1.00711461173435,1.01510015927588,1.02658807493867,1.00322465938583,0.988327119959798,0.994191528789664,0.991438976838446,0.997045521667913,0.223262522430599,0.195024027751734,0.172088787186832,0.148312205176488,0.135294926813085,0.0898513183210992,0.0578575449573246,0.0165419640682305,35491.9326360757
"656",-0.23772538588443,-0.262858511449086,-0.253550338049138,-0.176434595651623,-0.127279902871992,-0.0761563351337932,-0.0331162094302826,0.000704665410314207,1.01512506624738,1.03257570510115,1.02996769627567,1.00725427244983,0.999005446253568,0.99492915747165,0.99258355414784,0.99703844200917,0.224894131094367,0.194956499659595,0.168407813397358,0.149720080761407,0.134067618177407,0.0905297203891791,0.0601672078711265,0.0165069895188534,35489.4204658297
"657",-0.24492376055389,-0.21677099118806,-0.255948405239057,-0.199233413928279,-0.125131037083861,-0.0878619282313798,-0.0316915393002556,0.000210279614104156,1.01697952995324,1.01562575867088,1.02866781947291,1.01473746511437,0.999256983772543,0.999452557670383,0.990892085938858,0.997333702160088,0.218264408211625,0.19430629385343,0.168687766714178,0.148175653777477,0.136452140554202,0.0901997672609165,0.0608197627014037,0.0165420238418738,35491.9840384796
"658",-0.218837129427911,-0.196240560650675,-0.239912129271482,-0.199020950505428,-0.12072884567087,-0.0823231284100994,-0.0164917851234782,0.000887106802835359,1.00574742371197,1.00701764647896,1.02191956129568,1.01546440037792,0.994772739435191,0.996438557681016,0.98659594971018,0.997095530836721,0.218148752277491,0.198140687967501,0.173073813733612,0.152181004703976,0.13465068567901,0.0909743296888746,0.0588444393689965,0.0165335267154552,35492.4496026439
"659",-0.266233922139646,-0.213417303648087,-0.237679707231612,-0.152924677796554,-0.114600102023874,-0.0794321753101281,-0.0226409279205965,0.000648353052321272,1.02760173356108,1.01109514705201,1.02191365502743,0.9983669858498,0.994522866572395,0.9957915841831,0.989245221257518,0.997185405008148,0.219708649949441,0.197298437542565,0.171099348679076,0.148727288837749,0.134010710496366,0.0910423763084426,0.0584886699205578,0.0163374013204138,35491.42888555
"660",-0.19270926910185,-0.209126573616463,-0.279358210327377,-0.177055045862082,-0.127729172110852,-0.0684924974383706,-0.0359270524554994,0.00393852426586276,1.0007818321942,1.01152887602529,1.03579893251627,1.00692151078306,0.999612504605747,0.992090491763841,0.993139402150892,0.995820896909718,0.220180732289523,0.194658054574573,0.173366418176755,0.154331276249807,0.132123208057219,0.0911700703366167,0.0609329864595615,0.0164510042070496,35493.7360366385
"661",-0.26535536430994,-0.225434819695844,-0.229546628935654,-0.171853815344188,-0.102738063181759,-0.0799570715625371,-0.0388008056445057,0.00405504678291013,1.02483993639189,1.02051639731369,1.01892637512731,1.00618318942413,0.990069107520332,0.996840393077119,0.994980146897326,0.996073925003808,0.221158019527604,0.195801678797785,0.172715470591264,0.153207200253755,0.132654934384558,0.0911201520517744,0.0599915968609987,0.0163155084205977,35492.6432429458
"662",-0.224059486934274,-0.197967728318323,-0.267504141997532,-0.186112131412039,-0.116008678128849,-0.0844389607071074,-0.0334199301551176,0.00239985165011179,1.00912421679295,1.00788578402158,1.03288216851597,1.01000817235138,0.993226496650792,0.997653648033976,0.992877919801513,0.996445654544845,0.21637371246557,0.196332752743315,0.170695875318346,0.145727599539091,0.132820743888198,0.0921786307535339,0.0595227470736795,0.0165547053597032,35495.1323534431
"663",-0.232843054568057,-0.223972668260505,-0.240231356663264,-0.169912122145327,-0.105371739200089,-0.0899842967897458,-0.0388481478675879,0.00174551773622671,1.01208475386427,1.01378345538443,1.02234039877908,1.00615241909463,0.992172514820277,0.998242165712815,0.994946395544539,0.996768317708856,0.219980472183144,0.198787530603387,0.171011593727532,0.146760089289963,0.131704031496465,0.0911952286857185,0.0598500548546632,0.0164106516027419,35490.986955709
"664",-0.247455407836953,-0.22318358172813,-0.241088604155278,-0.177853820999994,-0.128550307809673,-0.0805926944771324,-0.0373919944165242,0.0015196838840109,1.01574138246266,1.01572922402978,1.02318506090668,1.00785676427756,0.999192231887751,0.99653656125511,0.994152863625074,0.996848276075479,0.218981929433915,0.195672491259114,0.170486598082269,0.15404282988979,0.135730358363745,0.0908644614058102,0.0599588950039067,0.0161443863829853,35499.1336856664
"665",-0.233547994236032,-0.205452484060631,-0.21999742721095,-0.200179602417892,-0.143378105642444,-0.0791436243296489,-0.0345443808678818,0.00185257228307177,1.01108397305313,1.01098024443128,1.01625517897144,1.01587087949618,1.00522529023744,0.99522207826432,0.99300359874318,0.996472249685453,0.210968486515129,0.198279328586778,0.170662269601331,0.151218147911935,0.132402883415,0.0899223688977928,0.0615430244562032,0.0161242838172944,35488.2315119849
"666",-0.264347943171029,-0.198722487493298,-0.234323309974427,-0.185649715881449,-0.125163905806496,-0.0891119602228025,-0.0357871186936465,0.00298287039256991,1.02145045340839,1.00979639851906,1.02018418214112,1.01079921664765,0.997884255586131,0.999491085402224,0.993043901715576,0.996388548721173,0.22386341831559,0.196143278895603,0.171074049415498,0.150537623758945,0.132708192655655,0.0912503207186344,0.0598381207769568,0.016159167626592,35497.222545064
"667",-0.246099568095775,-0.231009983297501,-0.246912571935345,-0.16619284981096,-0.105307694833503,-0.067673015041334,-0.0287647340621894,-0.0011190860424653,1.01623212528069,1.01848625582021,1.0260520611421,1.004250520008,0.990490251554125,0.992180600270027,0.991532850840875,0.997814184574839,0.221839976457248,0.197220345215018,0.170323886009139,0.151403483185273,0.130624335547096,0.0904278659672024,0.058808536724313,0.0166836551263879,35491.6024766064
"668",-0.24562028985144,-0.250944587448005,-0.253970687933471,-0.166271655169997,-0.118815540318837,-0.0818213587572567,-0.0379520152527727,0.00159875576460505,1.02017089240626,1.02793120457807,1.02621484322039,1.00436701978681,0.994933749577597,0.997100450165323,0.99327514676643,0.996823302552739,0.223382989091665,0.194706868663147,0.169429438079139,0.156467988629175,0.134130177508229,0.0916311829069101,0.0597806472232446,0.0166154508173636,35490.3034480404
"669",-0.243262978802314,-0.20918164479413,-0.2056433672143,-0.188725053711446,-0.127480993877549,-0.0681715950495497,-0.028738656691491,0.00215790838155973,1.01731424037269,1.01304747566872,1.01293276817577,1.01125886012037,0.998969388789918,0.992689435980818,0.991485526402556,0.996544763534215,0.214447241375627,0.199817385226209,0.172275346471151,0.14828411948761,0.13255995671844,0.091143131795939,0.0609019022027231,0.0166478880767287,35492.4638092406
"670",-0.219948499134909,-0.236585035289061,-0.246304092291712,-0.187081803926084,-0.137273938619394,-0.0730227175180064,-0.0317952732741723,0.00263285865393259,1.00684207065586,1.0195799315308,1.02454668528784,1.01194419713815,1.00289949719755,0.994101540520805,0.991847102076913,0.996300322763169,0.216974966670334,0.198284710835331,0.168668817687216,0.14818539985175,0.133019435564783,0.0933123910707376,0.0602373959257846,0.0160762854902616,35494.0445408972
"671",-0.229770400622486,-0.19619241079666,-0.257388717739503,-0.202413267306205,-0.157134020509378,-0.0873147326987069,-0.036128199004795,-0.000319465468836439,1.01130978495525,1.0091385409763,1.0267229831173,1.01518216062801,1.00822830466589,0.99832120344835,0.992212791669895,0.997271277602262,0.214528674325938,0.192318432656752,0.17080400148522,0.153375276337551,0.131501176594193,0.0916848817030478,0.0593778680213792,0.0164772112930234,35486.4681878054
"672",-0.27136226880898,-0.188473697941252,-0.254065299973104,-0.2088358251103,-0.121122010523879,-0.0746167939200871,-0.0250117252409543,0.00378076613734873,1.02685713882826,1.0067372391014,1.02674126416927,1.01673627595222,0.995447290399514,0.994438165923851,0.989886489903581,0.996268915084509,0.217282284035824,0.1992999710644,0.173382637661649,0.151692872756948,0.132940884402827,0.0919391122791649,0.0627343430262949,0.0168572843681634,35486.2951431094
"673",-0.245623824165987,-0.240938478118877,-0.237734962667163,-0.174679942400943,-0.122814883605212,-0.0888265200799371,-0.0192827504408029,0.00551234357492417,1.01781988463703,1.02028229313005,1.02067584380979,1.00660689659019,0.998563816711733,0.998935891519461,0.987850567926674,0.995460604769789,0.219302147419576,0.198184001793225,0.173012891435649,0.151165749230271,0.133253402144263,0.0938571533810887,0.0595184778078795,0.016896601413002,35490.076981054
"674",-0.220252395020311,-0.229819480907935,-0.223956954614153,-0.178410657976472,-0.114339502585409,-0.0698474079230509,-0.0281672823388428,0.000576045383292498,1.00859900953831,1.01623329895517,1.01516811793089,1.00877764801618,0.99356964529036,0.992028391129847,0.991084613218682,0.997124881999032,0.21428853956209,0.191595135108814,0.173647716641735,0.151194244178528,0.134729243809914,0.0892317857227189,0.0605854779783629,0.0161368136541454,35492.8253993462
"675",-0.218405795451724,-0.214391711209289,-0.228086996210918,-0.188282429772803,-0.146318178871159,-0.0717534652829172,-0.0298001880257296,0.00333191865413082,1.00822764716289,1.01226205649509,1.01858014998421,1.01227348444572,1.00486378384303,0.993613859796972,0.992060356616379,0.996416255146412,0.220522454237449,0.195435132157701,0.176619653532576,0.150007215149889,0.132568325088669,0.09143106895245,0.059381230652303,0.016247541730337,35492.9577789164
"676",-0.231401752949864,-0.220764722086162,-0.241276590643949,-0.206375303881703,-0.131661417247472,-0.0899713945643463,-0.0323668904164456,0.00326422846932359,1.01318905343918,1.01561020982379,1.02259229131185,1.01790889306698,0.999246412159399,0.999286278184505,0.992807666665376,0.996109110855461,0.21706566481768,0.197567879028968,0.173493817890789,0.149793528787261,0.135212779720985,0.0914883276918348,0.0597433289158719,0.0161714707638115,35498.213634082
"677",-0.236908482508711,-0.239737318340157,-0.231395422719428,-0.184351000752688,-0.112968427318934,-0.0670628385639265,-0.0252084112151272,0.00217714479082256,1.01276110659408,1.02471014020741,1.02099930076454,1.00863338953762,0.992850885750337,0.99075745465245,0.990121929226623,0.996729387702442,0.219483685856414,0.192601414098686,0.166161390693203,0.15365039788669,0.132581187616234,0.091495598979458,0.0597505946441184,0.0164047115739518,35488.7457436546
"678",-0.255056323118195,-0.228374005677513,-0.22760228409428,-0.194997419201663,-0.103415183659146,-0.0749557360467943,-0.0279306111413957,0.00129515423024379,1.01962938302828,1.01734279130352,1.01686722722891,1.01205767111565,0.990840913436558,0.994727123053616,0.990981568063125,0.996915282357031,0.21757250121171,0.197244840697839,0.170115747003023,0.148532895032768,0.135228795415649,0.0910528240087153,0.059289661109141,0.016687509102155,35497.290459252
"679",-0.221427705853112,-0.216178003846215,-0.259567664569639,-0.185644916889387,-0.116598473162983,-0.0938008966356402,-0.0316654180641976,0.000498553240891237,1.01022143850865,1.01418134623745,1.02697607606247,1.00944426893965,0.995602851076972,0.999349156149752,0.992233917799127,0.997191148696325,0.215947579061428,0.19696851878149,0.175491562994556,0.1533248731086,0.130982314562316,0.0907011250420302,0.0581276260778243,0.0161807953574053,35491.6162922274
"680",-0.219132998077712,-0.24616358015782,-0.25156907733211,-0.179486399219556,-0.110138302910324,-0.0768391660218675,-0.033417345274724,0.00311386464280333,1.00860987885565,1.02327282507004,1.02406469888682,1.00821927887928,0.991911013737424,0.994517913437199,0.992371656039961,0.996186353578624,0.212115230681953,0.199246534919359,0.172833911642632,0.146162774505869,0.135740624722154,0.0910846210873113,0.059426886761161,0.016479428175197,35494.1828283583
"681",-0.243950490631046,-0.217906605811468,-0.20818467159273,-0.17177917958904,-0.127580387362984,-0.079630960243806,-0.0337840506919528,0.00287057335625291,1.01683509188082,1.01429018962507,1.01333651974015,1.00589620693411,0.998219170553507,0.996225986670884,0.992343402181886,0.996396156820705,0.216739472877991,0.196361933632216,0.171115859987015,0.154009912209577,0.134394031451137,0.0910097272995342,0.0602607381572453,0.0161892883372944,35497.3779850915
"682",-0.231534823492115,-0.220416333465005,-0.221644963423596,-0.171214787516389,-0.112345148325873,-0.0751304604260335,-0.030386475432911,0.00268324951178093,1.01361109219911,1.0163235468999,1.01707768630322,1.00547649104057,0.99230368272218,0.99420766006828,0.991570842043678,0.996284018749646,0.218636900349749,0.191884216162067,0.173408224077191,0.151979230572145,0.13261920941243,0.0933875429988607,0.0603913740893341,0.0158373079471394,35493.9598078367
"683",-0.234085786781044,-0.235867098346169,-0.256256467224233,-0.195751655630937,-0.119204192422129,-0.0729621363774473,-0.0341644576399639,0.00219018103550402,1.01535018439486,1.02131667610881,1.02538092580704,1.01293282119239,0.996747749510283,0.992758176781801,0.99265292467023,0.996400206522117,0.221870443402413,0.195603650567398,0.172543585589465,0.151287555330187,0.133768258618342,0.0904668493407411,0.0599724325149789,0.0162569737420279,35496.8761554194
"684",-0.240225947366278,-0.226778800535162,-0.248764941700274,-0.193480873154968,-0.123253309047375,-0.0835896917614632,-0.0341038667841834,0.00165251482649774,1.01444002837288,1.0154544466301,1.02463056263833,1.01282357606072,0.995102373404672,0.997729185347232,0.992165212286907,0.996600109191474,0.219456455642386,0.200608322277191,0.169711055639299,0.152836869178402,0.13320305907384,0.090522076961143,0.0585104491707507,0.0165141546546695,35493.2481859461
"685",-0.237685892115429,-0.212882210762861,-0.249423835821637,-0.166529744596123,-0.118333558948152,-0.07376912062351,-0.0308811054230468,0.00197057300091409,1.01259600786334,1.01533986890849,1.02589531210313,1.00396953379691,0.995006615588624,0.994318093262722,0.991524024452563,0.996737521889938,0.221341627086902,0.195370052111608,0.173471516749224,0.152492041456086,0.135868676171854,0.0911744527849241,0.0603892116261625,0.0160903730491861,35497.674073283
"686",-0.227055102505157,-0.216841828927486,-0.246122212209809,-0.165101644692165,-0.117534206026068,-0.0860935529743884,-0.0295956374505744,0.00284205789250135,1.01157988239215,1.01604978962967,1.02553174297673,1.00231480876362,0.996301267509292,0.997624173153904,0.991346276187347,0.9962571418729,0.220073873071009,0.190347167943454,0.170461755734288,0.150308576783059,0.132324173441193,0.0915195290089191,0.0605048811162313,0.0166184502695412,35496.3025431454
"687",-0.207810062379,-0.218643553607554,-0.244578649996265,-0.186166657363376,-0.112257389793278,-0.0720131484968848,-0.0280120098341931,0.00323142337751533,1.00832022463224,1.01457082974804,1.02302828115762,1.01061792671685,0.99388304452043,0.993105481158734,0.991211263488851,0.996125316838127,0.220412821322482,0.198210958312772,0.171222455650183,0.152087827270782,0.133295698490398,0.0922526165138148,0.0593700318607783,0.0164834997601883,35497.3183520353
"688",-0.235804034593913,-0.237394069105691,-0.266963202581448,-0.167046861886564,-0.118208742849884,-0.0715252762782723,-0.0341567594041495,0.00285670232997447,1.01287009634392,1.01945587665013,1.03037273693229,1.00468411238352,0.995404317892147,0.992109984218119,0.992025650879372,0.996322892600984,0.219046744045708,0.196249930555161,0.174456659401877,0.150666867950761,0.133095867608677,0.0906224866437642,0.0601886229707315,0.0166685115757827,35495.9887167143
"689",-0.251625296703721,-0.193142237650441,-0.246486347915488,-0.172624341180315,-0.123979824503056,-0.0715950015819706,-0.0294981268433932,0.00187763355371356,1.01807048085927,1.00768286746633,1.02497937080639,1.00508595754792,0.997131275764504,0.994622838495659,0.990925966125056,0.996504496631313,0.22270547972249,0.194134942032799,0.173290619893093,0.144922981117995,0.134152011941686,0.0894469450609797,0.05841586165663,0.0161111807306403,35488.9345474292
"690",-0.260226520411912,-0.201917024081848,-0.244524107990602,-0.171949447337623,-0.115416543668302,-0.0785969081891836,-0.027152500573443,0.00437010666495213,1.02032176292481,1.00891135550894,1.02504810089297,1.0054423304831,0.993160471484627,0.996426961416747,0.990355172429205,0.996007255482382,0.217209958415002,0.190453151937258,0.16974588836133,0.150061425203655,0.134993696790138,0.0901685731247067,0.0615788353295122,0.0167727072307675,35490.8807460093
"691",-0.238757025749085,-0.26636900912026,-0.256690297664019,-0.187301812074621,-0.124305835712734,-0.0784327665531821,-0.029653683648495,0.000713260559519589,1.01837028269445,1.02868382216644,1.02651667497323,1.01145544048679,0.998046402083188,0.995678522660537,0.991486632419089,0.99722096266965,0.213819372225906,0.189682984292124,0.172843206975688,0.151301347032984,0.132699282094512,0.0914961160660756,0.0598150690703991,0.0162589765364693,35491.923747404
"692",-0.257368164713811,-0.238809145286721,-0.228533675534082,-0.151713878685147,-0.134223710784485,-0.0752788302239595,-0.0252292293577813,0.00358345049251897,1.01993355261761,1.02047871225076,1.01610831195918,0.998801922762016,1.00090029704413,0.993763594527312,0.990109896921494,0.996113532994652,0.2194267099642,0.195836945386286,0.173863738817285,0.150169944636951,0.135119768964387,0.0903095861450579,0.0596819353620824,0.0159773859170773,35492.7816833472
"693",-0.208373274315153,-0.233155274043986,-0.238603446641634,-0.176146315177746,-0.127882572598165,-0.06825393792639,-0.0220639682456498,0.00264120251378293,1.00256161056144,1.0182699506621,1.02122120152461,1.00689963127444,0.99841559313223,0.99236859149853,0.989346591808186,0.99634216261573,0.221549591164627,0.19492806619156,0.173698670338939,0.152780017614068,0.136578889091375,0.0916409766424856,0.0607391266053112,0.0164981515391315,35494.2443262117
"694",-0.245436889867508,-0.192072681266431,-0.230820262631273,-0.214542618520612,-0.118696401137352,-0.0983168560014034,-0.0326898434667565,0.00174302255872716,1.01707415993886,1.00565205930608,1.0183475955842,1.01981552177943,0.996150535162373,1.00105266372568,0.992440619513956,0.996636350017913,0.213301878821809,0.186056181180861,0.168878478384777,0.152183421307869,0.1346597175248,0.092956229052828,0.0598296372978731,0.0162402464975029,35485.5698644547
"695",-0.221609492284863,-0.203909654145093,-0.244526330626144,-0.175597668612179,-0.115671040136674,-0.0735059492699178,-0.046488978592394,-0.00131225899235688,1.01066578852971,1.01191444057276,1.02179865807002,1.00650657998621,0.995509240399532,0.993968667654271,0.997817498289687,0.997616012736353,0.223499734658706,0.193024868319751,0.171631362660542,0.152220511149393,0.132391228980263,0.0929265470085781,0.0605734056909846,0.0161624424395826,35487.0488961584
"696",-0.247588272912639,-0.253264733865466,-0.287895445175293,-0.193909541531704,-0.129126229900318,-0.0823251404497782,-0.034687896103267,0.00141226746927387,1.01903276782821,1.02624661257038,1.03994118206201,1.01348247593855,0.996806960532211,0.996624451130339,0.992814173173598,0.996933540562807,0.219661380207552,0.196795392071805,0.1733229799929,0.152773109519273,0.132607482579667,0.0907136790608659,0.0599682241018978,0.0162847300171863,35492.3352382223
"697",-0.188661326939067,-0.18069496304272,-0.225143798707091,-0.19098771386772,-0.136282409180442,-0.0901129110104409,-0.0305568954367279,0.000693014764058362,0.996767814494582,1.00324915302183,1.01700712461539,1.01138636861214,1.00007903241262,1.00021122387771,0.991505750857593,0.997290943867591,0.214004278819337,0.19437666362844,0.165966805257314,0.153613925995241,0.131013260815716,0.0901477667686016,0.0590848625137804,0.0168088429085212,35484.0224470009
"698",-0.230392024303199,-0.225779373051221,-0.277371126247061,-0.179058992388214,-0.115103907852116,-0.0816124616217079,-0.0254785972668744,-0.000243024469689515,1.01128062351513,1.01645442188986,1.03485799926331,1.00789938182448,0.994418558558651,0.99562357215965,0.989734612159853,0.997229428102079,0.216193737892273,0.192281575870135,0.169486612132773,0.148250810146217,0.132746968350227,0.0895672357376304,0.0603298772643548,0.0160860639064464,35493.0574811462
"699",-0.24746154846012,-0.227572467427215,-0.271489422333648,-0.185730620353588,-0.117515165399746,-0.0641353836165015,-0.020356725582102,0.00246162772435669,1.01866195276836,1.01885951013724,1.03418435803271,1.00985744359615,0.995345325228714,0.989591654185483,0.987439591640279,0.996549700431827,0.216575937710048,0.195707743713138,0.170640682769905,0.147700205344242,0.132358489846839,0.08987715911729,0.0587099282505044,0.0164446367459567,35490.9902179202
"700",-0.245851943718948,-0.235173885323332,-0.235480035658858,-0.175919944668567,-0.11184964579581,-0.0766183971548132,-0.0419784152204551,0.00137717487182878,1.01662330023085,1.02139508103624,1.02097399867309,1.00764788995657,0.993441164562485,0.995457868951649,0.994914194212727,0.996896561541278,0.220437555335055,0.195382491390547,0.174226731501352,0.151851520554702,0.135835679735794,0.090891574786294,0.0603315518764766,0.0162728248257095,35498.1325874992
"701",-0.20152487296276,-0.232638566681735,-0.223611321770313,-0.1830118153371,-0.110110960780371,-0.078453255215615,-0.0360650590953228,0.00290422579174293,1.00261024362245,1.01877556637084,1.01744449015793,1.00826492339629,0.994247727199401,0.995296285093994,0.993330071003393,0.996278738076862,0.21996643689215,0.197041555646874,0.172476328217126,0.151602022408377,0.133394377143154,0.0920996101763585,0.0606377482890066,0.0167868923973351,35496.0526820175
"702",-0.246362713781711,-0.252999558585199,-0.257994563673188,-0.196440257518244,-0.142175537871111,-0.0807556399407346,-0.0323380991527257,0.00384932497075568,1.01734730652825,1.02536411991897,1.02412714808274,1.0147845128464,1.00415569185046,0.99667325078933,0.992513448593917,0.996042948601978,0.221046193541792,0.196409924359431,0.170098053627322,0.152237333874461,0.131401848158964,0.0919039183164172,0.0600515042236672,0.0164405760591714,35491.7536700778
"703",-0.276191919235447,-0.213937219638007,-0.235752723099115,-0.186408414611156,-0.128037455206398,-0.079638946115584,-0.0237121695540711,0.00157832993938742,1.02757982026776,1.01322784088164,1.02041618292592,1.0096925992665,0.998912045978129,0.99653536419464,0.989734775263099,0.996739057405534,0.222050720360604,0.199583037846306,0.167037556191656,0.149236339566189,0.134820692403962,0.0927348368630201,0.0599964581459571,0.0164766768346105,35495.181645433
"704",-0.259296519799589,-0.206910564012442,-0.248875297247079,-0.1925877451928,-0.125139472301253,-0.0891841427817584,-0.0394829617667862,-5.17373302579476e-05,1.02185326430712,1.01120377903933,1.02433511845333,1.01216504044028,0.998148937402385,0.999187729387609,0.994616923689211,0.997354075163711,0.223016162835202,0.197722035909383,0.168482858790521,0.148715433105962,0.135353970737324,0.0910870053229414,0.0592117837820632,0.0164631437378493,35496.8838329948
"705",-0.191381651387165,-0.2349671959983,-0.259121761765285,-0.186840474766048,-0.11903828569529,-0.0584133780198039,-0.0419376467966869,0.00485855254550234,0.997950830250085,1.02024963147581,1.02646780792525,1.00992986746371,0.99622017700777,0.988690786369199,0.995079262293433,0.995646413108944,0.219573190127645,0.193163845366475,0.169056497317709,0.150349847570376,0.132770472508026,0.0924026713917855,0.059945998502286,0.0163807386620141,35490.7564074861
"706",-0.280900159992819,-0.208624461530755,-0.245753643807323,-0.171069428077952,-0.140442153775217,-0.0700874956416034,-0.0337606510484873,0.000618107206313791,1.02764041705754,1.01028116457221,1.02343492139792,1.00733632992042,1.00327720993571,0.992202562350674,0.991944392390212,0.997065798823509,0.221267833592038,0.195113291733606,0.171323925299514,0.152503871056096,0.133240444070579,0.0914614485585057,0.0600524664890386,0.0162921039285809,35494.1996580879
"707",-0.249263430545688,-0.228087292620134,-0.23398576316263,-0.194465716060799,-0.101087140583461,-0.082387240241104,-0.0297711039447439,0.0017837447595989,1.01961756052586,1.01830921715814,1.02075127594456,1.0141019683559,0.988937851304359,0.996911120071635,0.991530442770629,0.996624552438699,0.221540809399063,0.198571988951506,0.167774059857201,0.152249013251057,0.135965888952834,0.0924904880648383,0.0589207145404232,0.0163133730840933,35495.7301721738
"708",-0.266642909404945,-0.213106351652701,-0.23770545269532,-0.189183444285191,-0.136069545605325,-0.0763419033639766,-0.0284544635562017,0.00254575542640787,1.0264416415274,1.01611352626423,1.02334655136415,1.01209447933417,1.00211502588017,0.995272193718339,0.991570716620888,0.996280039286622,0.219913220353242,0.197806185262206,0.170249429729142,0.149724159337343,0.135773863244872,0.0893494351705556,0.0614249227213096,0.0162581099597677,35490.0006200913
"709",-0.267675608058529,-0.187276446728597,-0.201474280950377,-0.210128261327711,-0.125715932514568,-0.0825722199772444,-0.0313692952216293,-0.000422171323013158,1.02660876674497,1.00490254594791,1.00853366250372,1.01877809085063,0.997149051496669,0.997630221198332,0.992266949005874,0.997427613367347,0.225446568841256,0.190782527971543,0.172228996110609,0.148054368571538,0.132155175681551,0.0915224790240197,0.0595145422129406,0.0160962788448816,35485.8590194634
"710",-0.246569323078335,-0.2074562116934,-0.246710944873584,-0.179055346517186,-0.122023822016767,-0.0678686312885323,-0.0256755540270497,0.00203552995600349,1.01649147247951,1.0134198923356,1.02174742329696,1.00760430965984,0.996688968504424,0.992950809614978,0.990142088471693,0.996511260473466,0.218048473706588,0.19597700969439,0.173334579710635,0.148388055617925,0.133621120487582,0.0908362345088604,0.058725208462963,0.0165011409282023,35495.6793717306
"711",-0.231128626716597,-0.226648294879247,-0.233970156394412,-0.174575218025386,-0.128383632472367,-0.0675734437523235,-0.0374499533369139,0.00437504867762386,1.0130881065976,1.01549371600417,1.02009384605278,1.00732506557301,0.998504683659921,0.991909279750264,0.99426601575912,0.9959326223974,0.220211074451708,0.199598550477285,0.174345694154219,0.14658689141177,0.134942193519022,0.0903946886377868,0.0573691842703768,0.0163852947850266,35489.5943001692
"712",-0.199303704512959,-0.244096823117636,-0.233594980824238,-0.174642247333059,-0.112508902467341,-0.0742066621499924,-0.0250315155959072,-0.000549325882036542,1.0029007282696,1.02299361981539,1.02019591797797,1.0060736236451,0.993700325820357,0.9941543999403,0.989993074716101,0.997382229055991,0.223608966352621,0.198116167674741,0.169708072533173,0.152137975693323,0.133731746143362,0.0932245041103893,0.0607551944622477,0.0162244574172768,35493.0849809759
"713",-0.243617075688708,-0.231609192407934,-0.249290148104748,-0.174229373019893,-0.129184168302818,-0.0758477105398675,-0.0337537683853867,-0.0015064479227258,1.0170557968876,1.01852766509184,1.02587132201349,1.00579353375459,0.998635705001246,0.994783460148734,0.991973536721071,0.998038922320413,0.220796545242033,0.196596223366168,0.17263765452039,0.152912333480832,0.136383486477602,0.0927848790308699,0.0603528059837641,0.0162993663632575,35494.3011908986
"714",-0.230217105532568,-0.186368492134095,-0.262572250445679,-0.151392429972578,-0.131178779996958,-0.0858982058470706,-0.0358222204905413,0.00179089442930687,1.01460722273049,1.00336577101274,1.03186744044212,0.998758289432608,0.999168776971411,0.997480252958813,0.993142048817942,0.996952798397013,0.217484378373165,0.193281175923814,0.174268525023178,0.151999343042366,0.134895899106113,0.0889447749230397,0.0596086803851058,0.0165457716502453,35489.7028267048
"715",-0.242124854031171,-0.188559973716746,-0.248928949626297,-0.195994706254166,-0.128286817760361,-0.0807081656734322,-0.0375686332760038,0.000941144103667017,1.01264221968635,1.00241986219056,1.02679976419519,1.01414880231371,0.999427414104446,0.997490803876339,0.993990770972542,0.997125579637637,0.216235371089675,0.194591065509804,0.171668490628749,0.150608767260684,0.132461815679293,0.0921538756118339,0.0610051947748473,0.016331029665018,35491.1505548858
"716",-0.272236940074742,-0.205391438803927,-0.268445119245198,-0.172024161904331,-0.117444783472786,-0.0726969019110849,-0.0360038845515249,0.00425229846362273,1.02674479964687,1.01020538568704,1.0317029086396,1.00604258009385,0.994747022408005,0.994110186753581,0.993935817528164,0.995932059532609,0.221533532797423,0.197449910207824,0.173345483410602,0.155838028829563,0.13590530527138,0.0945862246698011,0.0595593542647339,0.0165274524139829,35491.3490698979
"717",-0.245513623400794,-0.217850159976257,-0.282434329103228,-0.172188043717777,-0.113727171410896,-0.0773629861767732,-0.0124291353805146,0.00370571141923777,1.01698339969709,1.01683714731458,1.03783180399582,1.00588811955445,0.993452310124036,0.994894852801297,0.985431572233457,0.99621562403759,0.225311746539754,0.198018096555207,0.170336962340271,0.150097588001088,0.131307590664258,0.0910819016773707,0.0606167663078124,0.0165031224281359,35487.0789714317
"718",-0.201192279919842,-0.238889720852547,-0.260832624812206,-0.198391778048247,-0.119912589083223,-0.0767572443136523,-0.0262643128432934,0.000260615454153266,1.00297500517473,1.02233660783577,1.0287872913184,1.01225012620256,0.996466634749118,0.995033343039821,0.98954422548767,0.997271204513422,0.215333849216335,0.193587530006472,0.175257958805685,0.151279180129023,0.134837950040583,0.0906069896126224,0.058548198481087,0.0166909874760724,35493.2169319886
"719",-0.235250505491756,-0.214165822770282,-0.242575216416227,-0.166212729157094,-0.127246908302051,-0.0783396399905417,-0.0274090345522585,0.000449188619390061,1.01109611995147,1.0164577722587,1.0236826980222,1.00442464630335,0.99939811779559,0.995281626700011,0.991375231486475,0.997232763995035,0.219056884376983,0.199383738166608,0.171743327407755,0.153903019980635,0.134008775233875,0.0903780690648763,0.0605804858472108,0.016864904820562,35491.1522768736
"720",-0.241989640886831,-0.181087273145162,-0.253706496480108,-0.161518840681702,-0.120396487989008,-0.0920338374727467,-0.0393250043405853,0.00125480488236101,1.01682945429338,1.00423033444151,1.02438849394622,1.00236447919161,0.996421069598259,1.00073488316924,0.993896796711133,0.996959987174279,0.215967017912256,0.198808205188403,0.17410645700849,0.148504033561717,0.134340730979821,0.089355959581509,0.0586818450300507,0.0168662072545929,35489.2678466022
"721",-0.21999090747688,-0.246432584812035,-0.2410857322635,-0.184459189057957,-0.106625810845332,-0.0785229318880127,-0.0195541662008834,0.000354561190159896,1.00882968618572,1.02257926076578,1.02506234887809,1.00949571193137,0.99169925190471,0.995377269433087,0.988112295741102,0.997202404083834,0.218909352433812,0.194706947164023,0.173728070395208,0.151004306125372,0.132685919932347,0.090983899834726,0.0610272801997034,0.0163670157902227,35494.3052342079
"722",-0.211694346627812,-0.220214010867527,-0.225170472863169,-0.184802739876749,-0.138774900224807,-0.0696661461378458,-0.0345562023897679,0.000802745118322591,1.00819655926765,1.01722110403754,1.01576347172947,1.01145487863921,1.00401249726811,0.992302507349422,0.992174105522917,0.997004762091644,0.21483748920135,0.193018311533778,0.176202176146998,0.146614186983643,0.135296139239611,0.0894663100325399,0.0607782292158171,0.0160716275045871,35486.473020304
"723",-0.228337029212632,-0.210226727591874,-0.257856511105784,-0.172405855326739,-0.119894031868995,-0.0825571043894841,-0.0279026436821828,0.00242361329243051,1.01005995359725,1.01567845037984,1.02983572034892,1.00476566710813,0.996445499160616,0.997325107592549,0.990373642915868,0.996433561949934,0.220866076220125,0.197834001066395,0.172016649135562,0.150868041536973,0.130683953543276,0.0932929397636593,0.0605697770342451,0.0161733225050841,35492.7829915189
"724",-0.239685794881945,-0.182318183129295,-0.244295983204906,-0.17181394678078,-0.143873041079886,-0.0775735952316832,-0.0325799882727,0.00267396343542862,1.01427660008061,1.00263011645686,1.02243394065707,1.0067412777017,1.00413954224869,0.997692673743663,0.991811020242287,0.996445777480586,0.219131201081102,0.196807849179295,0.16933169906667,0.149915391668009,0.134230195849576,0.0939422716735215,0.0605736562204551,0.0167719011377619,35487.7123636241
"725",-0.253668758299681,-0.206739479756474,-0.252710327119853,-0.176674833060561,-0.125911530123361,-0.0877485705453655,-0.0234330849713405,0.00141760427354482,1.01955145621068,1.01376965839147,1.02537537267844,1.00587798201387,0.998279313013669,0.998079562226621,0.988878377924706,0.996811699647862,0.218442624458424,0.196851566594941,0.175179489029186,0.149563214338669,0.134844239978327,0.0930826051250584,0.0590745854960949,0.0164600385550112,35495.4997891711
"726",-0.261652001876759,-0.229013944311086,-0.231387925994508,-0.194290244166706,-0.108053222451592,-0.0766165037487133,-0.0325524997130262,0.00129796175177511,1.0208224703731,1.01819937500825,1.01794597240517,1.01448391024548,0.992078274725332,0.994366535653977,0.99268042742664,0.996868746971338,0.215489651410292,0.19866566934989,0.168538365003128,0.153341014769291,0.131794947496409,0.0926602190572583,0.0598704993470043,0.0163415201793495,35495.2183266375
"727",-0.210795533080578,-0.191759957551433,-0.267517572673104,-0.178259485825591,-0.127194451643573,-0.0799375688822291,-0.0247008821324619,0.00154536778760105,1.00649606908378,1.00445556058636,1.03031189522533,1.0082842197369,0.997508680673999,0.996744824531502,0.990094442357245,0.996639935760467,0.211926213030432,0.195378952225326,0.17070474571561,0.149983754175037,0.133434499349008,0.0903739391620218,0.0605711654507459,0.0164626773692478,35494.7684390186
"728",-0.250173262316117,-0.197886583649107,-0.255444008860984,-0.177857865357805,-0.137661244567924,-0.0759678912578934,-0.0344569257552349,0.00150738440588841,1.01860610432397,1.00897226863533,1.02681301087839,1.00619146183585,1.00322698677213,0.994308533345671,0.99324241929609,0.996941698176585,0.220796577514027,0.191986492171559,0.169656271424565,0.149609847188205,0.134596759149649,0.0939084578503138,0.0585104932140653,0.0164756921035243,35493.7469709463
"729",-0.249498937844158,-0.230974188987892,-0.253904942145517,-0.171876919825041,-0.115968321741902,-0.0839036219334836,-0.020387956213067,0.00501930173452316,1.01938381903512,1.02097071102563,1.02483969947819,1.00611312625069,0.995564233973533,0.997475811094804,0.98841170493058,0.995693681152036,0.214912450222202,0.196428556427662,0.172959939507129,0.150087516379539,0.134777699269648,0.0894071270791166,0.0591236075536249,0.0165451939621743,35494.2033734784
"730",-0.250204669829609,-0.215362591587867,-0.263666953426922,-0.176614903763399,-0.137882255561434,-0.0736049034522849,-0.0410772799049709,0.001567168074602,1.01546940371318,1.0141375275173,1.03197348019994,1.00634335732465,1.001835923883,0.993761027651897,0.995067951463512,0.996852486898338,0.216688472373609,0.194354582300083,0.173957471185548,0.151888505017462,0.136264577617137,0.0920617294318927,0.0599117478821388,0.0162178311000659,35494.1725040688
"731",-0.274530155872368,-0.22072232244022,-0.203094104630477,-0.185033642502314,-0.0862459244181806,-0.0837053817807565,-0.0342071111199164,0.000726435008360583,1.02760429792128,1.017669060014,1.00732718729129,1.00906532605598,0.987386030112584,0.996665211359321,0.993518646179326,0.997134722027016,0.215444820144444,0.197774672113863,0.173344886644956,0.148077640951276,0.135157705617148,0.0922918817902419,0.0602164074044703,0.0164552989005409,35482.7123039464
"732",-0.204987381885522,-0.211217828729145,-0.246835383101597,-0.19004368060658,-0.134807612194322,-0.0619367137236259,-0.0380067156503032,0.00359292453009019,1.00262563609722,1.01498452236438,1.02287450940415,1.01181628635802,1.00093714184286,0.990264066026848,0.994626725029493,0.996019307166746,0.226477741438991,0.195458263555322,0.173417941469614,0.150911020461557,0.133001387668606,0.0927759247398136,0.0600485146812582,0.0164236023210533,35491.4522147167
"733",-0.255794040929426,-0.202506697784677,-0.251527873645768,-0.184191756234464,-0.104776836507657,-0.0898535337520919,-0.032407330402921,0.00127219263478006,1.02027542571557,1.01075149181873,1.02607509832941,1.00988178096522,0.99141812722011,0.999578790075074,0.992145091478367,0.997080895977895,0.218760593455148,0.19582441773671,0.174207579084075,0.150443017658838,0.132011554719129,0.0913063321248805,0.0602546716011722,0.0163574736277025,35499.2389623576
"734",-0.223186243249312,-0.23037209785427,-0.246978483148803,-0.193097652193941,-0.120797688756301,-0.0823780282553529,-0.0381610654932111,0.00295958624092854,1.00813495122604,1.01783932733211,1.02448150566324,1.01056676808237,0.995202569061426,0.996297165120992,0.993934359781235,0.996358222696186,0.222260266786421,0.191996526044091,0.169926252837234,0.153019428742381,0.133320970506525,0.0888774784685037,0.0591813983434139,0.016570878942842,35493.3171107423
"735",-0.234490361032094,-0.242183415464228,-0.24252280528161,-0.182769943171798,-0.134013147427175,-0.0610109413252991,-0.0301471390855192,0.00222370409529992,1.01226866546417,1.02242380770268,1.020755170519,1.00982960770199,0.999919790516573,0.989509487494795,0.991836008916802,0.996501376135514,0.222125580704319,0.193662414107358,0.17053858991182,0.151426013359417,0.133170361929935,0.0905790364532435,0.059477550583618,0.0163121515558091,35496.1871408886
"736",-0.213704816614215,-0.227062726479456,-0.237624869122007,-0.203499979621979,-0.116976481693755,-0.0843035527347056,-0.0299074824622094,0.000197739433333018,1.00862898270002,1.02027891398776,1.02018947971043,1.01673296477557,0.994793865856617,0.997525715195354,0.991783717537836,0.997046031391578,0.213604233690088,0.200577399273981,0.173246929024887,0.147968056964615,0.132152226496315,0.0931970915999312,0.0619786751097261,0.0169369599543466,35485.8705993842
"737",-0.270018927431689,-0.231671411175387,-0.23284857578037,-0.202679198103023,-0.101600011872785,-0.0671434932083282,-0.0195543794489238,0.00223788208733138,1.02301496237486,1.01682939871781,1.02002566801811,1.01767856552791,0.990005066050318,0.989915633389016,0.988571200498536,0.996701543963642,0.221534143030589,0.195123318921042,0.171701852681956,0.15068194439106,0.13373707334655,0.0934424612884536,0.0597516584551089,0.016132359189153,35483.4161881915
"738",-0.233346570599775,-0.19370570843524,-0.277354926742634,-0.197273942866269,-0.0880293517641563,-0.0860281112671235,-0.0350271408000034,0.0011433426672427,1.01481890513034,1.00704790426025,1.0347366205567,1.01417955579663,0.985916029477391,0.998409322765269,0.992956695338457,0.997021685970809,0.215253302803663,0.1950844681455,0.172010704583871,0.150335427833722,0.135455681251388,0.090338567212531,0.0604070196208517,0.0166663468497524,35494.7545956304
"739",-0.255000658212477,-0.178829977657505,-0.272073055587637,-0.16109055036445,-0.13119227502407,-0.0764165135369946,-0.0289868166468878,-0.00142991762097802,1.0200838180293,1.00414180020847,1.03253194505576,1.0027017378407,0.999585553796762,0.995388779034852,0.991176762958146,0.997794767800022,0.22032386957082,0.197603927679821,0.166726156587116,0.148717017898357,0.130944348349921,0.0921460773559862,0.0601689188556715,0.0160381816012402,35488.4431402876
"740",-0.238045530257815,-0.211659566982378,-0.225239378396165,-0.201437385646703,-0.129809619119962,-0.0763178363203698,-0.0288567810593249,0.00496037827261829,1.0165862560661,1.01049388175549,1.01973927874554,1.01419648997923,1.00013719015487,0.995399597146674,0.990568742790033,0.99559653000308,0.216257116900881,0.197843758985136,0.172979837324617,0.150044672749512,0.134932658540456,0.0914210427932886,0.060438805931464,0.0166833294088193,35492.0422137705
"741",-0.264982652618982,-0.21939025928232,-0.260308488193895,-0.193637044869425,-0.136759422349713,-0.0715406567494679,-0.0322387228274244,0.00320535656878035,1.02293167906766,1.01453872906479,1.02863565049366,1.0132735993461,1.00113387068849,0.992716087301344,0.992194029895829,0.996292849074612,0.215630878590305,0.195177232716066,0.171476594691082,0.149414471268518,0.13550753931722,0.0887561051832842,0.059752858237492,0.0162365761103322,35497.7240044159
"742",-0.223459843412484,-0.202153802750791,-0.240365278572377,-0.202725041708243,-0.120046557142884,-0.0765562041475324,-0.032434045285606,0.0010108384747366,1.00916827079628,1.01057529731121,1.02267697004084,1.01525861106689,0.995119014506618,0.994325489279792,0.992011459846619,0.996926248387285,0.219702497594143,0.194999149654719,0.170926986759974,0.151143710766925,0.133837714282286,0.0935133762592995,0.0585023614584324,0.0165213486329084,35497.2752381853
"743",-0.212838160033677,-0.200228320557663,-0.250859078134969,-0.154614739835047,-0.130782873318536,-0.0799887399470575,-0.0408345683401145,0.00149376573375212,1.00647512467289,1.00823528397978,1.02330890218222,1.00021559425394,1.00054119238928,0.995536328363704,0.995084594639771,0.996791113848951,0.217292732726117,0.197583678263319,0.170540534312776,0.150122191175703,0.135570667188995,0.0910937173456813,0.0607636722915508,0.0163946791866349,35495.4539924912
"744",-0.243790433323091,-0.203747940743379,-0.260576644113386,-0.156055300824297,-0.127542772127378,-0.0825140614145047,-0.0350252270306294,0.00120938789901818,1.02055527810238,1.00979112595785,1.02978471683165,0.998737797073081,0.996732959050393,0.997203771401844,0.992964512799673,0.996921871611101,0.216599403186462,0.194853785141827,0.173088267638544,0.150435892227147,0.132984940351577,0.0880437792195119,0.0600752892893917,0.0162690852150147,35490.4303536554
"745",-0.252562072383379,-0.197646957260128,-0.216427338294806,-0.19041266772377,-0.0978777119924411,-0.0861734185389085,-0.0356671858751226,0.00434811403247748,1.02162209205302,1.00782864298396,1.01478651292372,1.01106804764758,0.987884918409994,0.997715497204642,0.993511972441815,0.99567289398911,0.220216179732365,0.190957177669138,0.172423038816416,0.147584799934784,0.133285850462882,0.0909585558093057,0.0600517432747792,0.0163534432399208,35492.2877135359
"746",-0.250456357933179,-0.219004518763488,-0.255495697329267,-0.200029369358461,-0.127445907223689,-0.0868173391542005,-0.0214149706006114,-0.000771966755726891,1.02190283843824,1.01717133884699,1.02601582803143,1.01378187503056,0.997523704725287,0.998408877006833,0.988029010632004,0.997814437571744,0.215601521328605,0.199367179340729,0.172548155343581,0.149534495408845,0.135117531273532,0.0904077372634138,0.0599655707142937,0.0165623792513996,35490.1629527464
"747",-0.258113407501863,-0.21833879684808,-0.257194722357732,-0.17583991863659,-0.130151728232087,-0.0959679486535569,-0.0312290161802447,0.00326188013089252,1.0250957123424,1.01495592460706,1.02745681969485,1.00746213670114,1.0000419112033,1.00203342113093,0.99248983648518,0.996330066650879,0.218259630596082,0.193553014873252,0.170717730956043,0.147139178407748,0.134221867482211,0.0921051543069046,0.060636079155896,0.0160705089646119,35492.2269510969
"748",-0.232562038443146,-0.219091656371664,-0.23628380062685,-0.186982417250015,-0.0990998345639692,-0.0716430806350147,-0.031540645509668,0.00135922095259087,1.01273638730136,1.01644968783855,1.0201119336797,1.01129101483076,0.990830430904441,0.993305269278149,0.991135341811426,0.996866871825792,0.222050751559333,0.195487903162253,0.171993585181163,0.153232591515069,0.134537419476282,0.0921746608839183,0.0592176813661532,0.0167395163564696,35494.9102452869
"749",-0.26296174236126,-0.201476179230029,-0.269150831630204,-0.174501166756869,-0.102407710232463,-0.0832121932024948,-0.035393433113456,0.0038646369794607,1.02249912374574,1.00777987523856,1.03263969482274,1.00758263312345,0.989298494810113,0.997980441736658,0.993013252052397,0.996112509131295,0.218125917371166,0.188896382142216,0.172868300172531,0.15073265417408,0.133502353673261,0.0919704647331607,0.0599151755212176,0.016636007231475,35493.1355671526
"750",-0.238511430150557,-0.211332338715345,-0.261268299980351,-0.195055428669719,-0.130816620694269,-0.0772198807008275,-0.0331816391062169,0.0006332708990699,1.01501309258352,1.01121853482305,1.02871049091159,1.0131276895949,0.999310126543261,0.995779014817341,0.992442737766344,0.997152367132603,0.223259327276218,0.196224073570891,0.172158865873313,0.150466083871812,0.133467714033979,0.0897850865995859,0.0604319071231925,0.0164914719452382,35499.7046599228
"751",-0.219652632333993,-0.213180276233684,-0.25206433232715,-0.192452532046935,-0.112650674024262,-0.0847557329824663,-0.0466481086066071,0.00265223799732563,1.00846327169071,1.01310128249607,1.02600545270145,1.01222778281311,0.994377933102008,0.99714904558649,0.99663375951272,0.996368206911678,0.22127896321926,0.198383989717741,0.173520781987472,0.151705723751564,0.131233626794349,0.0928172182186108,0.0593953473588479,0.0165912601956575,35494.8075167514
"752",-0.251978245312349,-0.224463643401515,-0.228651217914576,-0.193025722003597,-0.119704335102643,-0.0814395399423929,-0.0362028836321553,0.00246975651559665,1.01996297246644,1.0163560742884,1.02041333377885,1.01409112430243,0.995673174847185,0.996252331416351,0.993884301639449,0.996539329962723,0.218318890715746,0.195787699689672,0.170244469551695,0.152287649076973,0.137550380660192,0.0911763534724007,0.0609394744924228,0.0163468825462927,35496.1781760006
"753",-0.264879681836653,-0.213798509740882,-0.194382687321631,-0.178755487941522,-0.104534192078065,-0.0792121565460889,-0.0332270352523375,0.00458184866099843,1.02365860887851,1.01567909784464,1.00600774268494,1.00802250172343,0.991902437290072,0.995687978209171,0.992151297317223,0.995718198162106,0.21435420628143,0.197354779105877,0.173902241412307,0.147573460300733,0.136139210357176,0.0929577040327083,0.0602078417021943,0.0163894221728514,35489.5208095041
"754",-0.237127543246112,-0.201045617077463,-0.235346325699918,-0.178664113183219,-0.12293125283852,-0.0787449059641345,-0.0343602183294112,0.0033127539210285,1.0156683295007,1.00596296098728,1.0218565618225,1.00682778342226,0.997200459896757,0.996811303797283,0.992530846432504,0.996195847023929,0.218639398082966,0.195818072361592,0.176805200572846,0.155396591482731,0.13374171078608,0.0925942583077573,0.0607331894049705,0.0162203990071862,35491.3652348081
"755",-0.25390572075362,-0.212250847686832,-0.238660227793777,-0.179889488598007,-0.127218178243473,-0.0891514343509265,-0.0384188963195928,0.00330107749688055,1.01927672522593,1.01288974033484,1.02354531680563,1.00865919086521,0.998756312343279,0.999150873759457,0.99471519584418,0.996068353258417,0.220523262288734,0.197842501268359,0.173925253102928,0.149951064835143,0.136995755921132,0.0909918660406722,0.0591570038545887,0.0163725711976629,35496.4979266043
"756",-0.211334696335041,-0.230941359115093,-0.225922010674146,-0.170404884532572,-0.134200627126173,-0.0804793248271991,-0.0315378429887786,0.00311507176389822,1.00587909198238,1.02039877622464,1.01787255017255,1.00717494797439,1.00106663954707,0.996511829927249,0.991994668428119,0.996318181380634,0.213202199824669,0.195478290482424,0.174898533296449,0.152236410344018,0.13371576864826,0.0908640701495441,0.0603556456112826,0.0162519160602127,35496.6099183396
"757",-0.236560484456481,-0.234315962322836,-0.235906697507363,-0.156372580307175,-0.0859080340702612,-0.0917082164744095,-0.0272178371235214,0.00139915321008326,1.01317648588514,1.01847729630176,1.02156398076317,0.999781738148073,0.985374702438711,0.999819017827357,0.991093109826,0.996950406782234,0.215429743993662,0.198755376893199,0.172942388643424,0.147856719089181,0.136900746943279,0.0923804108334135,0.0609098595201901,0.0164346302709806,35488.8465952564
"758",-0.244352878761202,-0.212723581779577,-0.246135649721512,-0.192220508154233,-0.119918887395134,-0.07333246498645,-0.0306995213043688,0.00272510905445737,1.01754541137842,1.0118291554995,1.02466494805208,1.01412283897222,0.996556963774604,0.994332058841205,0.991442717105131,0.996404742435693,0.216456645248026,0.195504273066041,0.172250429148357,0.151951332340952,0.133795196982377,0.0913315834266029,0.0611610607974392,0.0164615434075052,35500.0657203794
"759",-0.22448139574814,-0.242662138664782,-0.241309624552994,-0.169856980683242,-0.116807359945262,-0.0814214930541509,-0.0237823166025463,0.00309689083304952,1.01178086826792,1.02580913572952,1.02281959912543,1.00555832556266,0.99455188778421,0.996231148184858,0.98979119031392,0.996332776499179,0.218815442668307,0.19385815082448,0.171096112437885,0.14552359864598,0.133933824727114,0.0910883869332325,0.0596092210026069,0.0162140735148943,35493.7994966121
"760",-0.246485540424568,-0.221471656259974,-0.242906228916669,-0.186374105485263,-0.135621011156672,-0.0715921997195631,-0.0268039738350648,0.00379399423455085,1.01617021532028,1.01575538800355,1.02296844867548,1.00868672765588,1.00017126774312,0.992915937424251,0.990964820963534,0.995925780239662,0.216500301682854,0.191122012996122,0.166553074059763,0.154829425635922,0.137889794474628,0.0907484511978428,0.0591227146972445,0.0167910437481384,35488.5325039786
"761",-0.255635625985541,-0.201123858910353,-0.261662886008442,-0.183984325277496,-0.135138198941294,-0.0818464322606913,-0.0426820006865355,0.000492026025755869,1.02140117294464,1.00848842730329,1.03217343242207,1.01040344401759,1.00113639304638,0.996541250621876,0.995708657601817,0.99717256174326,0.218421884151921,0.193823648507777,0.171635450313869,0.150209763222293,0.134569043777958,0.095699665366392,0.0602526618075447,0.0167357378332643,35488.9230637412
"762",-0.267558509058357,-0.231542632509357,-0.263240847525701,-0.156187374183611,-0.127106175068823,-0.0879689576118469,-0.0262073828328887,0.00125457327870532,1.02470192009824,1.01576350967647,1.02866212537829,1.00119730062212,0.998884224200575,0.997671152901599,0.989887218160992,0.996891990051333,0.215758213230999,0.194809970213074,0.169481072272915,0.154086499078809,0.13345436724175,0.0934539593915175,0.0620837249101929,0.0166426754114015,35487.3414599051
"763",-0.189345714467386,-0.235590825770103,-0.231540699852313,-0.178248579993781,-0.0986298544403315,-0.0700928704879882,-0.035676651581303,0.000678795910570349,0.998351330980489,1.0201242654672,1.01882959495631,1.00856138143697,0.988667179232671,0.994498605147325,0.993252949385968,0.997005610701499,0.218196941371646,0.197830001173379,0.17263457149543,0.152004933237216,0.134839495016633,0.0925857350272285,0.0601898878968466,0.0167592451017459,35491.473359563
"764",-0.261359802940806,-0.217117095350781,-0.23083062835984,-0.171706281497145,-0.127674130975405,-0.0628165738829171,-0.0399570344091189,0.00251448824624167,1.02286678278276,1.0132325878158,1.01782855604226,1.00407559256473,0.999865759673689,0.989878850431235,0.994324274926736,0.996452697027168,0.219347191389566,0.198345404746784,0.171523595872001,0.149345920976404,0.132960432479581,0.0909742137616351,0.0602564117147772,0.0162511221165542,35494.5514885867
"765",-0.252350995270846,-0.217200147199023,-0.235767906596056,-0.186193924069315,-0.117591993050202,-0.0902577284073294,-0.0282620827928595,0.00314912607149961,1.02051989188412,1.01490019643373,1.02170416230439,1.01174378586041,0.995658052079401,0.999404426496143,0.991078931228859,0.996240569186349,0.218326645432498,0.193656319627273,0.17630302566051,0.151473019038305,0.133384629301784,0.0924743173545098,0.0603964653364787,0.0168300312202787,35497.048953364
"766",-0.232558260525666,-0.239611284397892,-0.250942927110871,-0.205261866721,-0.104713419826058,-0.0842574732101332,-0.0343656490912747,-0.000433109160983064,1.01590091706162,1.02141903475283,1.02383163314557,1.01804657537146,0.990502310167974,0.996483487279946,0.993241297704982,0.997583244826927,0.219674270155769,0.196295102334756,0.168011635242262,0.147900746736126,0.134847305394921,0.0919005502674103,0.0593382643453637,0.0166223715280696,35490.4222693411
"767",-0.258166055509392,-0.198034217986765,-0.275752479857527,-0.174041182657491,-0.133942092679397,-0.0540512386169827,-0.0296707650944999,0.00289821509201909,1.02202497118632,1.0094857223426,1.03365951444266,1.00659334491424,1.00203767372505,0.987028178130265,0.990797547432092,0.996270944836971,0.222077320309938,0.194895403195778,0.173793864075672,0.153393435042298,0.137882158877312,0.0910428941703481,0.0595721620372724,0.0165679224263314,35490.1667318181
"768",-0.228232847227288,-0.215317872775862,-0.25643601913788,-0.182465650252338,-0.0963229502531668,-0.0850898462102068,-0.0297957822684503,0.00196722733695711,1.00935039805195,1.01556659687511,1.02701282167548,1.01134571249059,0.988487416557563,0.99842403556743,0.991308314842994,0.996739037362068,0.216702472551533,0.194311423140939,0.174281868891541,0.150890493965656,0.132327019712499,0.0929025533179454,0.0589995219153595,0.0162202331714419,35494.6014893018
"769",-0.274818909168468,-0.241797846964555,-0.27739332230573,-0.188311117164037,-0.127449442227699,-0.0805255877485286,-0.0321021092437852,0.00262217067547394,1.02682469675665,1.02325928201751,1.03507861135405,1.01044639171352,0.998534945638742,0.99596617099299,0.992220841336644,0.996489861350211,0.216591060839658,0.198023169054509,0.171131449313686,0.151148556344247,0.135020336275704,0.0909995009127289,0.0605466916094539,0.0166831233535199,35498.1846314841
"770",-0.218144251827158,-0.259262989382675,-0.290371207358541,-0.170219129615055,-0.124412903494353,-0.0722735853825572,-0.0340025065656335,0.00321012379780138,1.00486911953832,1.02870420906079,1.03939941967898,1.00583387161415,0.997741613903498,0.994618677030048,0.993094047518974,0.996037185337606,0.21554009797895,0.200256453567005,0.172357054596162,0.149247452717018,0.130476210104138,0.0941789641936142,0.0600803994139567,0.016489776814386,35485.2990833997
"771",-0.195871302346999,-0.21052191099125,-0.261912711694091,-0.192469865852119,-0.149404215122481,-0.0781785798577844,-0.0369845700424407,0.00349534416462914,1.00300812650278,1.0140929214953,1.02851059879508,1.01448205753489,1.00646421729802,0.99575300710366,0.993507469390744,0.996138479022285,0.22310530341142,0.194364521479779,0.170201176952489,0.152470787958829,0.132049176954785,0.0902147600192138,0.0597748694627142,0.0162202065231533,35492.0047615458
"772",-0.24435653197208,-0.227128684419554,-0.270733418505121,-0.187740427221799,-0.140644620999119,-0.0878030284613231,-0.0326964940764316,0.00133239826503716,1.01479852715291,1.01790692981234,1.03136488488355,1.01052514101049,1.00123530649145,0.998952891050712,0.992499038875986,0.996896137174362,0.213098113667976,0.194033114100064,0.174633003708781,0.151299769409859,0.133673127397564,0.0903080131526774,0.0616130835027023,0.0162240308002082,35494.1383186671
"773",-0.237846360003127,-0.235539805795716,-0.272577109672577,-0.157395191257032,-0.141276274592514,-0.0832100386556534,-0.0367276043165186,0.00282251560850523,1.01317251576225,1.02249473311024,1.03146325247949,1.00125973272202,1.00247216701907,0.997891612621767,0.994221282355188,0.996259445435879,0.213699314678302,0.195881456430832,0.169979598063169,0.151556507955598,0.128769431740434,0.0904452311169948,0.0598405386698459,0.0164444637602382,35490.3273870279
"774",-0.216014809410497,-0.243118564256878,-0.263305969755893,-0.171668077754634,-0.102255239678929,-0.0759213229659148,-0.0293651461219062,0.00272285743319164,1.00454227046435,1.01991722230127,1.03133272673844,1.00502900625723,0.990784605976718,0.99549517829742,0.991008373093219,0.996493409169433,0.217795050801236,0.19534724917848,0.171814444919647,0.149594532427315,0.132928509849974,0.0909229344210511,0.0602617479361287,0.0167115184897716,35492.1665110072
"775",-0.207682767032922,-0.215578964475131,-0.274509794941889,-0.197830812625377,-0.127835637444309,-0.0735302004271796,-0.0241519548610749,0.00252915371853363,1.00176703216658,1.01691077153913,1.03045867495534,1.01479054181268,0.99782851775249,0.994148116016757,0.989015765318238,0.996334287679417,0.22371661394563,0.194575759543978,0.171353548348046,0.154074184082829,0.135207214208094,0.0880185840971878,0.0597316505566936,0.0168660472007323,35483.5097765541
"776",-0.24186272033143,-0.21534799832419,-0.232481315707989,-0.169760143677072,-0.110073535986269,-0.0904476062337602,-0.0282427796469957,0.00243328540793097,1.0151860402735,1.01222483793075,1.01956202171678,1.00607161266445,0.992962606535221,1.00064575688215,0.991040109782596,0.996409639882785,0.217133409609788,0.193469210097741,0.168747114490669,0.153725418955742,0.132844244256169,0.089996258954504,0.0595445342082825,0.0165047826957646,35496.2762957204
"777",-0.257100578642818,-0.210557376602178,-0.262209206406596,-0.210000366165079,-0.122452727277094,-0.0814440101059347,-0.0347623653832952,0.00155068235853959,1.01940317716391,1.01079468259196,1.02882387211004,1.02044843500671,0.996491308590107,0.996853151969459,0.993448615041594,0.996643911064958,0.21860468544284,0.199807987166806,0.172227182993128,0.153842656766958,0.134924438900727,0.0903319513769127,0.0605336981387272,0.0166922747789407,35493.3302140176
"778",-0.240184984632067,-0.177921173784795,-0.229704027291858,-0.193816368998257,-0.0919959478124048,-0.0765876146256966,-0.0357258547516635,-0.00106699499445442,1.01476458215632,1.00321955778396,1.01861004699648,1.01184385709152,0.984792588227119,0.995587842813367,0.994091992281833,0.997700479182683,0.216937737302329,0.192703372782844,0.170312692265071,0.150522534350926,0.135263389180131,0.0905148723256877,0.0604005461964131,0.0161402675690856,35487.7263056473
"779",-0.227895030366762,-0.22643483089111,-0.255905527931059,-0.174301367616954,-0.11297464774493,-0.0868317245962984,-0.0283538007490938,0.00262269642343702,1.01032676643176,1.01736776081279,1.02992016929288,1.00618394153244,0.993924962235809,0.998033647289623,0.990821355972013,0.996466998868272,0.215815144111848,0.194081920231781,0.170223038730624,0.152616177211631,0.131129769824578,0.0916872902049621,0.0604426554282298,0.0165790103417236,35497.1894168506
"780",-0.245697810506561,-0.213600916981959,-0.248047515739323,-0.177407156713103,-0.129602975848915,-0.0931795159016843,-0.0317255808790685,0.0010964470588832,1.01700119649135,1.01425300234866,1.02466867364568,1.0074888582883,1.00000871436002,1.0016224028928,0.992471295863773,0.996978688985526,0.225263615375187,0.195459925531048,0.171754548579648,0.152464124473633,0.135003679574678,0.0897901668452554,0.0597112739811081,0.0166866083577337,35495.6805749432
"781",-0.233558594163458,-0.204752360492046,-0.256635773548867,-0.220011468245639,-0.136936489277859,-0.0816694832707302,-0.0363192507489279,0.00193245380869753,1.01234159717032,1.01238470883357,1.02955595523979,1.02153475073186,1.00081018153367,0.99722115918668,0.993671837778062,0.996680117497421,0.218948613887666,0.195853828787353,0.173413287624187,0.152362458034642,0.134392241827579,0.0895735523076296,0.0607641783401854,0.0160410168628445,35492.9011703369
"782",-0.200148480849144,-0.188530548430204,-0.244351167434996,-0.206479338972832,-0.104845551008747,-0.0740246136076543,-0.0311455540979656,-0.00072937476260333,1.00237024291358,1.0073755763544,1.023477620392,1.01589533501851,0.991310447242129,0.993543709487491,0.992092406925891,0.997432402556773,0.214240549698543,0.196550881659704,0.170013953831656,0.150177510270518,0.132358330007616,0.0935203501503003,0.0619262470186761,0.0170454228900776,35484.5624732511
"783",-0.231153059933658,-0.259065439027012,-0.257834668633938,-0.16744568827247,-0.12717337931445,-0.073604983711726,-0.0329993110440677,0.0022907215973341,1.01175355067565,1.02648747633946,1.02734771592226,1.00382583304165,1.00011458382341,0.994947761172677,0.99207449268149,0.996455331080467,0.221327612150384,0.196439793074102,0.174255650115452,0.154902157830883,0.131576220624282,0.0906766402159004,0.0591984058412592,0.0164099601324593,35492.9278786298
"784",-0.212493076766955,-0.225705772660993,-0.261865172906294,-0.184195228354004,-0.136552378256306,-0.0691874782605728,-0.0311383120378563,0.000819410897575634,1.00639685487058,1.01770363632547,1.03006390077242,1.0102376610269,1.00223618663484,0.992363815720281,0.99156938094641,0.99723971912556,0.2128604612681,0.198625753601208,0.17068455909183,0.147326006919641,0.135575306296221,0.0915658390300012,0.0598511699894751,0.016296797765962,35495.2748252651
"785",-0.211014281469799,-0.2371753767452,-0.207610877299029,-0.173919919925041,-0.125181246023625,-0.0912953961775543,-0.0363019906934629,0.00296060949873594,1.00489767337177,1.02221658947316,1.01329414022937,1.00561770022541,0.99579211225233,0.999409414673325,0.993590540814542,0.996329134592014,0.217808026024734,0.197312118536052,0.172205312910911,0.151089199402728,0.133613423390999,0.090441177271718,0.0612737263024616,0.0164520185437531,35491.7456611363
"786",-0.232891065234808,-0.211674927202167,-0.258708417977359,-0.159747597083696,-0.134971418461956,-0.0773273527086934,-0.0336114154858349,0.0019878504763866,1.01185202513913,1.01351772296383,1.02734735330185,1.00199869387287,1.00119402431959,0.994914814681879,0.993031682642187,0.996669606111423,0.214089788657937,0.19505235615089,0.170941252169482,0.152718476818826,0.130814125197233,0.0919266595651608,0.0590331385118071,0.0162947810834376,35497.7451510428
"787",-0.231599375758094,-0.237146933591711,-0.261281469830558,-0.183998890494972,-0.128860467056518,-0.0788566465904078,-0.0268799822021432,0.0034566554054672,1.01314501974071,1.01984361095794,1.0292252527541,1.00968576922348,0.998789460204818,0.996634974806217,0.990403987817521,0.99605409512761,0.220154946761061,0.193722162188106,0.178216624742794,0.152364979860931,0.133237887734626,0.0913980146947107,0.0594931772585465,0.0163608525686265,35497.4406603803
"788",-0.253593954483214,-0.186485387484464,-0.249092166370329,-0.179038212950381,-0.110099971757669,-0.0813435294676177,-0.0341925673770259,0.00315148001638019,1.01935115307615,1.00549612279593,1.0247819981179,1.00796685180751,0.993985631234498,0.9973042073378,0.99394567346542,0.996195682918937,0.221413804021705,0.193992146105637,0.170469808568995,0.151643011330191,0.136052335518289,0.091711675748135,0.0603379254652145,0.0164111563632106,35494.8368618128
"789",-0.200546701891326,-0.238638052752781,-0.259342076274275,-0.163985426728776,-0.118577842262047,-0.0858148447683064,-0.0292520909577955,0.00109630986348385,1.00430221020257,1.02381320872665,1.02517722634404,1.00212751409525,0.996411188538928,0.998002302094779,0.99132645295642,0.997037381157881,0.222850557787976,0.198244729792006,0.168038953218833,0.151406542123031,0.131913391856136,0.0907049686213488,0.0589930881360259,0.0168929754659907,35487.9526926272
"790",-0.25662780407549,-0.182967913558633,-0.246674531251863,-0.175835066319769,-0.120130115965985,-0.084363567455249,-0.031740159541563,0.00187517269000598,1.02224780540672,1.00812240718061,1.0248198623486,1.00736929165104,0.994923579139254,0.998608490289745,0.991973336168998,0.996862871067583,0.215761551612965,0.194801937250854,0.174566196314142,0.15022018019116,0.13481785552059,0.0888708515599392,0.0596215212195763,0.0164912393922998,35488.7556890503
"791",-0.248113663088157,-0.260150421604356,-0.235919883089493,-0.185938045551603,-0.119626913165262,-0.0800720943106968,-0.0342768021915512,0.00126512016954115,1.01448045051168,1.02734476509908,1.01974819819895,1.01080008592477,0.996848122557181,0.996833542856143,0.992837155790652,0.996785447785393,0.218550481549753,0.196037506246929,0.169649507021741,0.149252166919491,0.135630828557926,0.0906653216383142,0.0586829278955368,0.0165427759476578,35493.8104272963
"792",-0.245539708036964,-0.225024905435262,-0.241024538162869,-0.206522216289354,-0.14602296227171,-0.0815680702650062,-0.0328919283661265,0.00260392597600423,1.01531568642216,1.01853233926134,1.02352695593713,1.01917694923044,1.00530457206976,0.997232319487912,0.992142383858552,0.996570257143113,0.218788041542322,0.201143918330173,0.169119307182068,0.153307866040132,0.135483862528081,0.0916762869290909,0.060223155200698,0.0166946221345701,35491.1546831045
"793",-0.244847190687884,-0.192878661163635,-0.24005462802137,-0.194686787938708,-0.12896059028159,-0.0849159677128875,-0.0258906872003123,0.00221325876719171,1.01667985180397,1.00723319993127,1.02247090103934,1.01428734756075,1.00006921481105,0.997813337019929,0.989189853778502,0.996611496272789,0.222719835000115,0.193288352317333,0.173899714267953,0.151009593425866,0.132394189581939,0.0904222246724958,0.0579425262264571,0.0165753255563826,35493.6872747489
"794",-0.248843319760712,-0.225159067759408,-0.246431860825974,-0.162131749349774,-0.127811068609459,-0.0851443341807384,-0.0203766578840775,0.00364614626400023,1.01977294568017,1.01801286177126,1.02443813841611,1.00149006957459,0.997913759823901,0.997468673538333,0.988229772603623,0.995969923882401,0.220315392041327,0.196725694803651,0.172221052818444,0.153717656353449,0.129084228680456,0.0900925697919492,0.0597980257811556,0.0163250763838665,35493.579680657
"795",-0.200646858021366,-0.228355647992053,-0.229043260507257,-0.172450714036787,-0.112180148745505,-0.0815675083082408,-0.0255941933858204,-0.000581536819675444,1.00283915180474,1.01691172373161,1.02001596216146,1.00357028191649,0.992794682648984,0.996803188898772,0.990164653067685,0.997578176911234,0.222937679401903,0.199314934203622,0.170775880124222,0.151095856404415,0.134342593992435,0.09332006814899,0.0606192159701169,0.0161805387539145,35490.3198039704
"796",-0.227592002750349,-0.222914414395797,-0.25149032548768,-0.187290721659178,-0.114903040238853,-0.0808557589297804,-0.0352105643452037,-1.25512201945915e-05,1.01016149117364,1.01286590018811,1.02579496358808,1.01058304755852,0.992223626760747,0.996112580319601,0.992557239293555,0.997194799051895,0.221532947664081,0.199988379671476,0.16927308393082,0.151690373564237,0.131442956969866,0.091483466162093,0.0587310913658245,0.0165845473964795,35489.4962361722
"797",-0.247742305422705,-0.229426408720035,-0.26731023660675,-0.192101382465294,-0.13155840656984,-0.0775062875987089,-0.0371484439316665,0.00128685740099582,1.01885517619591,1.02041576099909,1.02943252160901,1.01126540465611,0.999632445348943,0.996068110686604,0.994143865366836,0.996956441847291,0.21831822356082,0.194529668170394,0.167158497457175,0.14632523767783,0.133318495207139,0.0922887667759822,0.0590446530772025,0.0165969357318365,35493.1418655471
"798",-0.226737862646629,-0.233351367490249,-0.262030143786381,-0.206219988007368,-0.143088563642593,-0.0771522743124826,-0.0312467579348227,0.00563348823082211,1.01128795547531,1.02223529604872,1.03014542995127,1.01719550831175,1.00301619998644,0.994571898987183,0.991175133802584,0.995291428453619,0.221675386085829,0.194239688726336,0.172219357142573,0.15381239052576,0.134388461924551,0.0920304027773403,0.0604275198745792,0.016661006443889,35491.5522198141
"799",-0.219685487241819,-0.224058607867909,-0.236361669907288,-0.174163090490924,-0.119767793724571,-0.0748558782121917,-0.0375544792070988,0.00431293816188879,1.00868845091745,1.01736782647927,1.02293932128982,1.0058332494843,0.99532370199208,0.993679906670505,0.993655387597385,0.995575363475758,0.215223729497797,0.193696927712414,0.170810352600304,0.15052287978681,0.135353567653413,0.0923034439592867,0.0603075766765064,0.0166166264102648,35494.2257706147
"800",-0.231371986834445,-0.258191054627779,-0.258534049800361,-0.1786473704665,-0.120659720337373,-0.082594645631594,-0.0312498609481681,0.00076283178817478,1.01149252154065,1.02870708933187,1.0262717970614,1.00739590399239,0.995762382496448,0.996698450805406,0.992172888838481,0.996971307896594,0.217859697242554,0.2002001682181,0.172807860506095,0.151319618490479,0.1343750435801,0.0912058010345202,0.0598128159169247,0.016569820119033,35497.5052754212
