"","beta.1.1","beta.2.1","beta.3.1","beta.4.1","beta.5.1","beta.6.1","beta.7.1","beta.8.1","beta.1.2","beta.2.2","beta.3.2","beta.4.2","beta.5.2","beta.6.2","beta.7.2","beta.8.2","sigma.1","sigma.2","sigma.3","sigma.4","sigma.5","sigma.6","sigma.7","sigma.8","lp__"
"1",-0.210828919028348,-0.13596060464559,-0.171502094492449,-0.0521652486678884,-0.0343372492107738,-0.0117727294293265,0.0120958700175263,0.01145055633372,0.9733091396325,0.947610016426138,0.968416750627876,0.940206233011346,0.9555151806262,0.961995593632065,0.973634043637695,0.992154793246674,0.230734512758036,0.193467859130937,0.179232375408663,0.157114758498005,0.118726743238292,0.0870243367457329,0.0535866163202034,0.0155467190897047,36056.4141970999
"2",-0.172784189388979,-0.136704754299771,-0.134760255590645,-0.0432437119915179,-0.0229260468786418,-0.0160998073811936,0.0139308504161684,0.00443632661139396,0.959610527623365,0.946597544843879,0.955085225238098,0.937125151181655,0.953615915991057,0.964720536087831,0.973402535465199,0.994698703686827,0.228278713636668,0.198740717292259,0.174051340320848,0.158104219323933,0.120947859012339,0.0871489731782845,0.0541111108998409,0.0154668986314204,36062.0245026545
"3",-0.136615622314825,-0.122540611755677,-0.135176743576591,-0.0275137230718284,-0.0398223973324625,-0.0190400888256321,0.015138609946749,0.0067796711151923,0.947145384357939,0.943979905729671,0.958548439839916,0.932118049770369,0.958261696269915,0.965709970915258,0.972786693388533,0.993769009601404,0.222080772288382,0.198307117054559,0.176452799507815,0.153568466896333,0.116160348339918,0.0874988530376439,0.054281636805201,0.015175990584943,36058.3051712693
"4",-0.167555766825533,-0.151734737185007,-0.127766402184444,-0.0297347339262926,-0.0445199815146098,6.72602508113098e-05,0.0157361660857357,0.00654435449925456,0.959221039085096,0.954571964696984,0.955209920285548,0.931934184916953,0.959840251431994,0.959449815448607,0.97269415475448,0.994030931216863,0.222993842024386,0.192499283383248,0.174539651881881,0.153544543455151,0.121456097745628,0.0888974171278801,0.0528011305041682,0.0149497821703609,36059.9395805691
"5",-0.193752919753356,-0.113215625981637,-0.144928881983885,-0.0525779876784677,-0.0362989634572576,-0.0029905107025122,-2.49567297578973e-05,0.00667838969317234,0.963813221177053,0.942065385372457,0.96202327247361,0.943892099661596,0.956035057689614,0.959956536829719,0.977848675954398,0.994131314952493,0.224695683568296,0.196193632733046,0.174281044370642,0.155106938368958,0.123239208036876,0.0884324524075073,0.0531118909129212,0.0153122326718599,36053.210743842
"6",-0.149950116776056,-0.117027574183975,-0.139445502801967,-0.0828448741955669,-0.038614395966649,-0.0152355172793656,0.00735993532268494,0.0080831374269466,0.952984668168215,0.939992658142666,0.958837212611506,0.951065486291391,0.956690135164036,0.965068659694957,0.974919802825008,0.993675143433113,0.231451462649497,0.202286463704517,0.173933627712794,0.15500518513958,0.118892970306216,0.0879519354128263,0.0543461952803465,0.0152559062279849,36058.8514734499
"7",-0.175619664848708,-0.0927492175660719,-0.146262520482578,-0.0601191137274146,-0.0355863276784177,-0.0141777089765592,0.0121316805606372,0.00691941312165959,0.963326174214969,0.932782942375205,0.960136347339563,0.944048591377352,0.956858534111061,0.964708848523189,0.973355965108396,0.993971438498439,0.224904942258751,0.195732548109869,0.177034166535583,0.156418360474968,0.119838693251872,0.0865365891185402,0.0532556203417278,0.0152885453214131,36065.4999361409
"8",-0.196997997906238,-0.14991278346551,-0.132205117053806,-0.0153907088126057,-0.026902662297713,-0.0261212645029216,0.0157369772531633,0.00713704169726528,0.96966917327796,0.955560716603001,0.955686530226648,0.927047803816052,0.954040879366661,0.9691091134938,0.972033150820716,0.993835999472897,0.226423642341864,0.200200334990035,0.180124839532716,0.156546570936987,0.119245276679385,0.0876768528202427,0.0545392624865536,0.0156713020413813,36052.8512915762
"9",-0.133119431495117,-0.144241899960891,-0.168649310861618,-0.0474789026150008,-0.0359921813518129,-0.0115960995655205,0.0108845975087156,0.0078889735381718,0.943707980296463,0.949692261932661,0.96661858348841,0.936780975567305,0.959445034214863,0.963421110571032,0.97405742060083,0.993434541134163,0.225587418134756,0.19632664981185,0.176893786464235,0.157515096710613,0.119395655012127,0.087716888561168,0.0538191459914183,0.0151047229942784,36057.7183356927
"10",-0.178355143842473,-0.139141542348593,-0.160017832768287,-0.0738209890193308,-0.0554098630095598,0.00121573162890357,0.00594374313879804,0.00497465328120337,0.959584003362421,0.947932379123456,0.96707595799349,0.94784639853304,0.964406034999152,0.958376136580627,0.975740808069406,0.994787397443344,0.228611198151815,0.200713084948947,0.173064956962947,0.153130701834358,0.118768451378663,0.0849812269101187,0.0538541202608609,0.0151157382028444,36057.6724401586
"11",-0.187557419605078,-0.125681065559435,-0.162258313466386,-0.0503084057897876,-0.0282019055749234,-0.00187166268915914,0.00600579036543581,0.00699859288880861,0.964352981350171,0.942257323914152,0.966647504433064,0.939215201049419,0.954264726770336,0.960065148857747,0.975161346455363,0.993919343684028,0.226839214930088,0.196910055267203,0.175097575353995,0.150755741153507,0.121737758356713,0.0869059140524416,0.053682537184511,0.0155512563753381,36061.4572390728
"12",-0.18487001882051,-0.144859252575312,-0.166287844452806,-0.0543522570516663,-0.0199675184260868,-0.0140464592293724,-0.00198427605548082,0.00816109291141364,0.964391848157979,0.951516573629969,0.967344868990775,0.939905399464058,0.952754150837631,0.96351304305209,0.979099864615846,0.993570405757813,0.229692926987977,0.204037626381192,0.175229226897278,0.156408696744728,0.120768066487407,0.0857864047587658,0.0537347942788332,0.0149623969421956,36056.2793472955
"13",-0.162097721493717,-0.143638812265564,-0.122776794548367,-0.0664684770519156,-0.0328404270540393,-0.0076812082189459,0.0116550823018832,0.00783383892428264,0.958028083524722,0.951389495891879,0.951132007307367,0.946030299507409,0.954715307103254,0.961244985862242,0.973370743657385,0.993634581734355,0.225789318726639,0.19751772329049,0.176332412386245,0.15196034204687,0.121337410969217,0.0882984451998507,0.0539691369730262,0.0148886221460692,36060.904222607
"14",-0.169715055070493,-0.129137003080935,-0.160530521948241,-0.0420892498498399,-0.0504089504219193,-0.00638635458401349,0.00756136542039481,0.00689287115415972,0.95977836974874,0.946274994386608,0.967472644884049,0.938331791210686,0.963080376175403,0.961054271439223,0.975241173692769,0.994086451217763,0.224389401110304,0.196596350239606,0.171090576405938,0.154424830674794,0.123029514540473,0.0860345017907106,0.0543972157944945,0.0150819033785611,36061.5959606147
"15",-0.146647618341825,-0.129995847706388,-0.153945736600543,-0.0558379587539689,-0.0364518853632985,-0.0111270025654538,0.00253769215006426,0.00485506855588791,0.950809024462689,0.944347611059484,0.963719534148951,0.940975898698787,0.95730581827197,0.963880817142416,0.977450379012489,0.994863334639764,0.228227844774245,0.197283416405174,0.17669036206384,0.153305032690382,0.120845434468684,0.0871598930003415,0.0535894072408258,0.0150566758624056,36062.9731868829
"16",-0.14176198607805,-0.121911440066383,-0.141934712449156,-0.0570499363613075,-0.0436806573023075,0.00376030260408073,0.0187716214833965,0.00807695980924296,0.94964780410088,0.942382431713115,0.960273585023887,0.942156701764801,0.959716267847063,0.95713774811839,0.971762559704345,0.993474862970177,0.229573709317381,0.189925974837375,0.173652859284165,0.154248489996403,0.122334572413489,0.0861427082524941,0.0541442803049582,0.0154047329575165,36062.9883742855
"17",-0.186881159856777,-0.122557321258338,-0.161254213466532,-0.0760085414896324,-0.0240779743615351,-0.0182721852523133,0.0141943398106712,0.00788515230266293,0.966743535114126,0.94306748330532,0.965250534432749,0.950267071005276,0.95344286911198,0.965111334597704,0.97291167864147,0.993533291604853,0.227181023907898,0.195546012559721,0.178612548865488,0.155958494264993,0.120158392313218,0.0863921826197738,0.0545318289100148,0.0154779796134112,36065.1730429508
"18",-0.188332005366716,-0.152687697132692,-0.145590464479799,-0.064540583263279,-0.0362984209279698,-0.0212454801521163,0.0149228561123334,0.00846571636769576,0.965750766224602,0.954219941692011,0.959099104429735,0.945498630966324,0.958973640514606,0.96667541529108,0.972541960193116,0.993036798296357,0.223919217755434,0.198983256175424,0.174577148548349,0.159124309685931,0.1210031440216,0.0866884501425692,0.0538004943897188,0.0155115459044543,36058.600826485
"19",-0.18895012107899,-0.118842161186376,-0.167360863742983,-0.0763473984430588,-0.0326018528856043,-0.00860358833984859,0.0230765715850718,0.00900357710963421,0.965329938395142,0.942139462385969,0.968706922641471,0.948441235111112,0.956765822992691,0.96229814936645,0.969468757148829,0.993081459124729,0.227572964436814,0.197549915783571,0.174347327830965,0.152573228989615,0.118956017814669,0.0890054222230884,0.0534741206402803,0.0152979489025216,36063.1596632789
"20",-0.187474660254361,-0.138156987142922,-0.135438893624594,-0.0715951796218235,-0.0345320288259629,-0.0202860339673038,0.0137999738880446,0.00687075959411698,0.963530370765317,0.949676864866844,0.954820401869606,0.946970653665046,0.955437545984089,0.966319311636408,0.974177647753095,0.993856053068739,0.224006564294624,0.191893945520631,0.179371227819035,0.157535625576399,0.12181089695052,0.0859683400889206,0.0547790833595973,0.0150264640138488,36056.1750871703
"21",-0.160061921854063,-0.103587174792603,-0.162674104690362,-0.0418154492492235,-0.0627292245878975,-0.0105173736168877,0.0130417955039995,0.00579991846594658,0.953631375091919,0.937185852519504,0.967447152632022,0.936954719486582,0.968340347349549,0.962178222444605,0.973762751122277,0.994259068251403,0.228902124763119,0.19527527860881,0.180277547310785,0.154291420879036,0.12112017702564,0.0873300156314947,0.0531543066126813,0.0149719209302161,36059.5901334858
"22",-0.117902058016093,-0.13186637234156,-0.138501957262992,-0.061771184968705,-0.0446403147001559,0.00664616416749151,0.00815770420422725,0.00683538053347514,0.941157539194301,0.945272438339798,0.955911645736862,0.9439282791127,0.959843152702795,0.957246826428592,0.975247538626147,0.994014784350818,0.221376135347731,0.198023835858934,0.173139118699478,0.159653571467371,0.120035760993441,0.0882615297110096,0.0542348811677896,0.0154246197196669,36057.0011387878
"23",-0.196562747633298,-0.131148560804649,-0.139066513979796,-0.0716271746549268,-0.0400412569820597,-0.0131507336198157,0.022704936199061,0.00867338312092493,0.968239539214998,0.94752190004913,0.959667642443079,0.94716293071799,0.959164542446128,0.963354357179756,0.970024400091742,0.993246041723351,0.229748621283288,0.193172052219223,0.169840714373973,0.154403140686705,0.120801909190804,0.0873942935321212,0.0539592760294199,0.0154537178611458,36062.1356421521
"24",-0.15443566507722,-0.111556683435906,-0.160889134579453,-0.0844382164175433,-0.0460506870364886,-0.00794049893917832,0.0121514778479239,0.00458692648608308,0.951161440157771,0.938041944533185,0.966232161643498,0.953389882912576,0.962062701236236,0.961401980799353,0.974153607044572,0.994710411563071,0.232140535019526,0.197040163883331,0.175625792890041,0.157605318756823,0.120150192994955,0.0879396984105702,0.0544669730263788,0.0153186099707443,36060.2252147563
"25",-0.163110282856583,-0.148116220133547,-0.150228670899682,-0.0598873625304102,-0.0166874597234123,-0.00805090637793423,0.0246297320218121,0.00757407827792179,0.958688853165611,0.951584687269856,0.960443391486032,0.943395050344351,0.953001152929511,0.962864355734364,0.969763392294127,0.993532424804554,0.229977920194824,0.19573062929492,0.178890425129909,0.155830704162029,0.123216324571016,0.0883124392416453,0.0539172086702933,0.0153301560316008,36057.1008971971
"26",-0.116757381437238,-0.149899483621726,-0.14676294049386,-0.0712055096456574,-0.0179691758686333,-0.0113329370963517,0.0125908448009648,0.00698834684755555,0.939582994668321,0.950203788561864,0.961645704231675,0.946836344385955,0.951287391978535,0.963506121104394,0.973399234475517,0.993935347103619,0.228301060787852,0.1994926378829,0.175685471961351,0.151950646924399,0.120974028154812,0.0879644928740422,0.0537808502683437,0.0151841165641671,36063.0246824763
"27",-0.178179890888324,-0.114982454697865,-0.139141237318031,-0.0705081986366689,-0.0395438021112354,-0.0178113139161231,0.019499398835173,0.00573016514247114,0.962611630954158,0.942775772454145,0.957938116671564,0.947594951585994,0.959981759892534,0.964979998447207,0.971629123134807,0.994148606351374,0.231644292158604,0.192087166949079,0.175730781082365,0.15281904328654,0.120596343575123,0.0875401456710436,0.0539743827282674,0.0150828914424503,36060.7781763107
"28",-0.180649103687576,-0.124253834017975,-0.166876042053128,-0.0926399528531447,-0.0227642291070427,-0.013465293104806,0.00697439827919601,0.00743111283747268,0.963488467014268,0.94437165168111,0.96965733512114,0.954576514362291,0.951012010080872,0.963739247682038,0.97522302985488,0.993689393707811,0.231584731016692,0.194248642722009,0.178725547966294,0.156789007262902,0.121352693480631,0.0852458128991811,0.0536450333228938,0.0148368959834689,36058.8339393317
"29",-0.203934401028922,-0.156212159155639,-0.128600132728965,-0.0557373276555072,-0.0259204432591339,-0.00489434572790527,0.0170801532148449,0.00535748563837692,0.972033646720423,0.953948758717449,0.955392081954086,0.940975101834972,0.953781662316761,0.960773036876965,0.971706921431372,0.99444664363414,0.228970964129351,0.196073075601543,0.178216007317356,0.158555883473164,0.12114621794642,0.0873618955467884,0.0526510057513582,0.0153424262651598,36063.0155888272
"30",-0.185902924562461,-0.128695314452288,-0.158322407193405,-0.0541049984845092,-0.0457018897685812,-0.00927184733305157,0.0180342474609064,0.00795144832396469,0.964338660186717,0.945103818986784,0.962252469429426,0.940302369821193,0.962934383276265,0.962478502656679,0.971068638056792,0.993474334763346,0.229445774957324,0.194378464811459,0.175725394814425,0.15528235681062,0.122144923287672,0.0871536703829757,0.0538588426527616,0.0151522301218883,36061.2707952388
"31",-0.165569882804035,-0.10955973561838,-0.172251048778525,-0.069961638117269,-0.0283970186689361,-0.00675532686484819,0.0132676255873835,0.00629823183922358,0.959658929014036,0.936848810239401,0.968418962874793,0.947165077787705,0.954388989861595,0.960376642560933,0.973150634223978,0.994110644175637,0.230690162817694,0.199064151585571,0.178168598796046,0.152578866155252,0.120154024562822,0.0855178401074893,0.0545080005931732,0.0151299112364392,36061.9648776736
"32",-0.16042346557868,-0.116717855201601,-0.152899736340768,-0.0606841765165288,-0.030973977404883,-0.00290654003502626,0.0279829890550386,0.0056617417497393,0.95699846751394,0.941874439553411,0.962789076966643,0.944436781625074,0.956054148833505,0.959646209946784,0.9677631304373,0.99439205686413,0.225444071570343,0.188224867424957,0.175866380969544,0.153705493612881,0.121896066496549,0.0877017562351776,0.0539561717675171,0.0155467488857953,36058.8331268546
"33",-0.165612142825539,-0.14289768056222,-0.147433032439543,-0.0708688116326705,-0.0516059796798677,-0.000269110146672711,0.00435994610292057,0.00514104903839403,0.955368351788443,0.950282827801456,0.961774511582624,0.947403481500453,0.96159105736328,0.958728221309951,0.976317007099311,0.994343650932215,0.229683735929899,0.197422468577932,0.172222705629262,0.157089209980444,0.121428750921681,0.0876427359323948,0.0540335764792129,0.0152829513484885,36060.5563665925
"34",-0.199591392346642,-0.150709129228055,-0.151932916861567,-0.0549172010565364,-0.0289751368156956,-0.00755033398161171,0.00612606587053305,0.0063733630998585,0.968269675522287,0.951934798521841,0.962631155633986,0.941316152846948,0.954125152296528,0.962536635031413,0.974934328860367,0.994139686174879,0.226768938179085,0.197904483589507,0.176697028069122,0.155425869243923,0.121295089898846,0.0878517937390369,0.0531901067772573,0.0152343650389031,36062.6029239179
"35",-0.156858818485734,-0.136644322928222,-0.140906238767551,-0.0480611886102939,-0.0173785879645013,-0.00712619798378485,0.0192244225472716,0.00482706447620496,0.956099389620422,0.949237209839489,0.958365658029508,0.938085229758981,0.951390628392726,0.961582839327067,0.971476653312378,0.994525830103686,0.230702643324382,0.195414369833959,0.170856489429434,0.153342346235672,0.121853419547527,0.0859929914810931,0.0540106764894257,0.0150787267011063,36061.1283040286
"36",-0.159446222781775,-0.125523196458954,-0.18561757236736,-0.0638844873442871,-0.0230445926623413,-0.0195921216848653,0.0139057326351155,0.00530040369896691,0.956802571565107,0.945537762047841,0.972994799933819,0.945253997583329,0.952727356356721,0.965562606973392,0.973067904505126,0.994546513082184,0.229728521128906,0.200214333180585,0.177033678478821,0.157534871559859,0.123823981538628,0.087057097259069,0.0550960383150726,0.0155952740164741,36059.6998994841
"37",-0.206484076546717,-0.12929916013513,-0.170093836252893,-0.0486766189157088,-0.0344403555567092,-0.0120367404094749,0.0132621872146251,0.00679973657502687,0.971460460810761,0.94440759938734,0.969915480724998,0.940056521606038,0.957640868197936,0.964437652183097,0.973245845009862,0.993894674180258,0.228066705033078,0.192453785620105,0.17771573821956,0.156751157271837,0.119618023185002,0.0876801408513515,0.0535426000889495,0.0155300884281374,36063.6508629647
"38",-0.170529073793641,-0.11907881581416,-0.180705540069109,-0.0572262417508656,-0.0140514195081949,-0.00371900648482666,0.0161858761990945,0.00530959191625677,0.957623977228555,0.941506004048415,0.971655034056036,0.942206497830392,0.948333765997908,0.960221508762015,0.972298807113872,0.994435152271338,0.223218820916863,0.196064906290545,0.177286254662444,0.154574333981017,0.12004782243642,0.0851828130139791,0.0536286165761539,0.0154674877502971,36061.0394495263
"39",-0.184476997402245,-0.126915335037838,-0.1656881086846,-0.0472574462292535,-0.0361651137461791,-0.0103148105527185,0.0154209338369106,0.00895247471619549,0.966234347574598,0.945210151424155,0.9701629110641,0.9397878039049,0.959449267497447,0.961788835089288,0.972413800564409,0.993069517782806,0.23171178891721,0.196829356753884,0.175526253919849,0.151625942614833,0.121644238019164,0.0869745601844886,0.0541666437001766,0.0153334618086074,36059.8456672249
"40",-0.151607210703624,-0.111837853193859,-0.176464150520086,-0.0889136518805269,-0.0475903479400469,0.00532995162989407,0.00796477840239712,0.0059477511827638,0.954110707098038,0.936885469488032,0.97293579679534,0.952745697993397,0.96198070535127,0.957840317007715,0.974557127901597,0.994311500312019,0.230415691924972,0.192459242567197,0.172040178675294,0.152683738784471,0.122846137407642,0.0864838633836506,0.0532750893634771,0.0148150564685473,36053.3559655275
"41",-0.177926158563022,-0.139680975107618,-0.137256515324182,-0.0577093792520806,-0.0425045275482473,-0.0121438745485203,0.0201705885637627,0.00797975007617107,0.961742242522924,0.949717059275006,0.957885841440645,0.942697545904505,0.959073428975527,0.962167873715326,0.970474901490783,0.993503767622074,0.227264926510258,0.199192934033308,0.176779994395727,0.152790631269076,0.122374653405936,0.0869751259455623,0.0535273373545269,0.0152720117931933,36065.0686808348
"42",-0.109291522365889,-0.134725267981085,-0.143515610792018,-0.0371635009830153,-0.0639560621155899,-0.0052170024633903,0.0167010510550478,0.0073801304828521,0.939407297110856,0.947570157551601,0.962973850127471,0.935110745227463,0.967595331730509,0.960550827680878,0.972249305774871,0.993749488666062,0.218992172805477,0.198035465267912,0.174991509113441,0.161062432838582,0.120652451527826,0.0872616028310977,0.0542145821663435,0.0152110263211294,36053.4018618205
"43",-0.189262086994263,-0.133674733284419,-0.156699801152572,-0.0497741077102234,-0.0408748442291369,-0.00166762974833627,0.0117896113070039,0.00588754090802048,0.964103585755603,0.946942939290481,0.964092416979572,0.938441074608972,0.958263833818855,0.958536551580837,0.973475260995123,0.994407114177875,0.229234058423308,0.201461524492877,0.171680731775721,0.157814313903685,0.123235771618361,0.0882197544560323,0.0539102146292058,0.0150780771904033,36059.0344528861
"44",-0.190172270025525,-0.137194781029631,-0.196571617078391,-0.0821010440680437,-0.030249686550022,-0.0190426933747745,0.0073432027121527,0.00702611913963883,0.966270682839359,0.949530508549411,0.978393792626114,0.949733974290496,0.955320171310218,0.966574057485306,0.975671953284733,0.993974544024427,0.232258645051081,0.200810652824047,0.17693858842814,0.158351217224407,0.119580339567272,0.0862453500254682,0.0536498358176261,0.0154744927841045,36058.6295319202
"45",-0.174332695381471,-0.131947824744346,-0.148840453884911,-0.0501538941814398,-0.0458515053763425,-0.0114909397329658,0.00790284168784439,0.00829125992417835,0.960943983987724,0.94518272253145,0.962389976219532,0.940854389729583,0.959559651820931,0.963587708676455,0.975592124751064,0.99347231789302,0.230736779522187,0.196282046801778,0.175857848669215,0.155278962307465,0.122659560817201,0.0873261192354914,0.0541216744098485,0.0150407901068267,36065.9531568825
"46",-0.135119669838157,-0.214739087168262,-0.17266467839361,-0.0433291140786226,-0.0419353868039051,-0.0188784610141267,0.00795651017359785,0.00754411594324549,0.949179565470285,0.974432903135145,0.970352530981579,0.936390341216894,0.958561012528438,0.965322514559262,0.975044252330382,0.993766493706314,0.229225056543601,0.200771768598758,0.175072368596337,0.155211427141306,0.118128328685642,0.0858113462091228,0.0537098118829805,0.0152893784630403,36055.115963979
"47",-0.179472273510342,-0.0894030619190344,-0.158176528884015,-0.0923543315667121,-0.0435290936488829,-0.00891083560714757,0.0208146574872596,0.00784891154996822,0.962297224509044,0.934143886704291,0.965787814162525,0.955894649558982,0.960614465579156,0.962461616883985,0.970469275460021,0.993658993570204,0.227990815382531,0.203237946796235,0.177060569810179,0.151360696173388,0.120662450293666,0.0861285713222318,0.0539631327883912,0.0151479801370519,36058.1622067888
"48",-0.164080665521215,-0.189468837679499,-0.164825064736106,-0.0303269275499935,-0.021931529010218,-0.00105344765351539,0.0119187301007649,0.00954756492785691,0.957880078623509,0.964454588192666,0.965623116922246,0.932964222853613,0.953342263570837,0.960284021992203,0.973841559293858,0.992807578825578,0.233295799116649,0.202462145347739,0.175140790796285,0.151642033348487,0.120542797345109,0.0869884573289547,0.0538985974032261,0.0152922452925036,36054.6462218316
"49",-0.190218813603696,-0.116733566095785,-0.134297647379294,-0.0517026579027336,-0.0391308449943975,-0.0197935194974837,0.0199937482826403,0.00490279923592456,0.96704778321771,0.942800997744428,0.9564311485536,0.939552827630335,0.959049924150335,0.96611393950349,0.970561892199504,0.994697759906298,0.227289083238972,0.197957824800034,0.174376982301458,0.156634470923329,0.120566434312353,0.0867726690538683,0.0537415054669062,0.0155297721309142,36063.4434793876
"50",-0.210678213873342,-0.130149278359847,-0.132980320360576,-0.0293339747833001,-0.0396950174466648,0.0122348540760027,0.00667029105067276,0.00706454174272588,0.976666160279096,0.947113227473245,0.957607350253486,0.93495990964214,0.959205850736355,0.955791042840066,0.976028560270924,0.993534450052021,0.229350305346193,0.193252014086698,0.181533470921346,0.158131452591429,0.120103373191736,0.0874994935729261,0.0533767124921588,0.0156113769567724,36046.9584556377
"51",-0.151652402677855,-0.098631074832089,-0.155829795411294,-0.0524051440057921,-0.0504410399898406,-0.00968885264314517,0.00938397633610076,0.00640378449187697,0.954327994781102,0.934531029747996,0.964149783603975,0.942926123926794,0.963178194467999,0.962446821247047,0.97496390208103,0.994151035315586,0.228097550511509,0.193996290901639,0.179544701963388,0.151315145976876,0.12458638191293,0.0867480386002824,0.0551887168809585,0.0154262051530915,36058.913323713
"52",-0.18126769636163,-0.123405990592379,-0.158226785125237,-0.0449998021169798,-0.0210198593716301,-0.018150501175222,0.0143467943147742,0.00791246603373507,0.965940875649437,0.943622080710561,0.965658089471445,0.938050404030237,0.952141686976109,0.965755480431991,0.9725335411625,0.99337884075634,0.225907624641479,0.194829202978971,0.179467533471675,0.153072527969191,0.11957470277123,0.0865274654850766,0.0530993713225796,0.0152633643503849,36063.1510291915
"53",-0.195878608448945,-0.122191045377289,-0.157156405584167,-0.0438246224406537,-0.0414803581757361,-0.00279959518954961,0.0110756712500222,0.00526185452638569,0.971230923234262,0.941628200032762,0.964460394573277,0.937306654215286,0.96059028330861,0.960162088156285,0.973700137222762,0.994453017656961,0.227039613880054,0.201824866391159,0.174098988935681,0.154738248362035,0.118723400327044,0.08951133734244,0.0539897214563625,0.0153771388897877,36058.4326810219
"54",-0.133062713228437,-0.134502128964691,-0.135540392666679,-0.0586557763806527,-0.0240352493343502,-0.0122967308175115,0.016393897335758,0.00835329774298476,0.946178581859086,0.947338023784755,0.95488036712234,0.943122233652942,0.953028910298887,0.962591596112716,0.972272907035551,0.993304692353832,0.227378339606641,0.196901773288244,0.172689407321473,0.157287280832401,0.121528722235749,0.0862629741926039,0.0534780993041553,0.0152271789232692,36063.608330203
"55",-0.212554109606337,-0.127037530217841,-0.168577740898421,-0.0477063617163379,-0.0369466772553505,-0.00495938173530841,0.0176498309148904,0.00676920671810827,0.971535691138671,0.943960105472019,0.968091090857987,0.93982987664261,0.959387847759296,0.961081128447527,0.972524603776516,0.993980983934854,0.227902808715435,0.198030270411911,0.173063622184266,0.157656589375952,0.120538950276689,0.0865697604473162,0.0536784049560875,0.0151645025580002,36061.4483938318
"56",-0.17180827174679,-0.147175221998401,-0.151887883831891,-0.0736552600461511,-0.0146466099434989,-0.00452172159990025,0.00582413956238245,0.00755707498130238,0.95876142052955,0.953211717442946,0.963461982435101,0.949117277411076,0.952434124259428,0.961592912738044,0.976500872705204,0.993839750632832,0.227177898092777,0.19263240213855,0.178706747859556,0.152672806779469,0.121108007240392,0.0891299812489838,0.0535749711415934,0.0149860322821947,36055.291995678
"57",-0.200755346562405,-0.119484606380805,-0.167937545544931,-0.0526880458810012,-0.0344744565407555,-0.0182354538899973,0.0149462949177378,0.00691657214605337,0.972277540969492,0.939724767992264,0.970212537720286,0.940956333986722,0.958723778047455,0.965223958213461,0.972802044536382,0.993916328248632,0.231337911812945,0.195624079701923,0.178417363270826,0.154236972905707,0.120201932579072,0.0885479355867449,0.0541653057347219,0.0150380467718529,36060.0756461601
"58",-0.127341043269088,-0.109208933786928,-0.142112762183222,-0.0641844160245786,-0.00868627940279859,0.00608279239353789,0.0144410551091049,0.00643077708493353,0.948081706228401,0.939699204954194,0.959799867126087,0.944676974870352,0.948348098460538,0.956341362869825,0.972904504351473,0.994079567980639,0.222889834027396,0.199542568950407,0.180126865465768,0.156329981934889,0.117860391208647,0.0859159622824019,0.0540549555656147,0.0153430900616122,36056.6949139446
"59",-0.17244472965802,-0.112611852486035,-0.167368355068844,-0.0604685304588502,-0.031162605746649,-0.00246769403452882,0.00921602708375226,0.0101917961453749,0.957899348767025,0.94131508268265,0.969062057259138,0.943708316534142,0.955163158357321,0.960194946925318,0.975370119621708,0.992722806213733,0.231260407672091,0.199996756775333,0.17654259624284,0.155290418233901,0.118978908799098,0.0887188948789455,0.0551480780524043,0.0151356628886945,36060.1051580417
"60",-0.121146065225006,-0.0936076980774648,-0.160711730222403,-0.056355623585613,-0.0573646465624611,-0.00938550563908364,0.00808587923347075,0.00850426199102824,0.942774189992921,0.935694605924866,0.965390953277843,0.939801502480017,0.963675995391839,0.962734115993322,0.975321105028105,0.99325211583786,0.23384034264038,0.19566618454916,0.174145869689006,0.148958715998387,0.11985157179082,0.0879051644195722,0.0537298312836978,0.0154250551076233,36053.6277166798
"61",-0.187251338655393,-0.116892405477469,-0.159809997178305,-0.0784745012631041,-0.0332078523992469,-0.032556680498173,0.013666451423593,0.00825153716300195,0.963602495380989,0.941817575325221,0.964815498638489,0.949913691492282,0.956169656829104,0.971302771950123,0.973553586848478,0.993473183253135,0.229265834493392,0.196479910409349,0.178510438539688,0.153515929069967,0.122102080168355,0.0873833996926173,0.0527457495158929,0.0152514069208657,36062.0314931476
"62",-0.159098399860358,-0.117483738032534,-0.110514580667142,-0.0428249264764618,-0.0277390577367783,-0.00956189487236448,0.0145396052965307,0.00657272449627278,0.954430039777665,0.942107989235053,0.947087353565759,0.938247119588625,0.954720115812313,0.963262215831126,0.971674608126499,0.994152691803153,0.221420657494877,0.195345240516809,0.175821417914116,0.157466837229286,0.12055122428938,0.0880619940937686,0.054087815813574,0.0155825528708309,36055.3193857371
"63",-0.174966434232457,-0.110746483975118,-0.120078820126236,-0.063604177403303,-0.0428676881115934,-0.0198060190548992,0.0113230984092786,0.00978933118962745,0.958919023152166,0.938456171208556,0.953181147548146,0.94387522334726,0.959805835528891,0.966312976529118,0.974087395031595,0.993070346691551,0.227518624257519,0.194024220247262,0.174192998323015,0.152415697894078,0.120053388220826,0.0861994472345914,0.0530032542944361,0.0149911517489723,36060.1162239091
"64",-0.128306637237883,-0.141099266712856,-0.183272424125508,-0.0758038187085456,-0.0400247862575149,-0.00646809688156793,0.0106693399668809,0.0062707009519235,0.945558812377291,0.950587205294504,0.973569820035735,0.950171280998048,0.957484349727934,0.961052883755569,0.974228998415847,0.994150280787453,0.237133252831336,0.198158106948531,0.181038739932958,0.160452465649925,0.121175120778467,0.0873664650573202,0.0535613904783537,0.0150595993239339,36056.2716377551
"65",-0.136111019772377,-0.126120442628013,-0.143659701191769,-0.0944187875741004,-0.0368246708236496,-0.0139131329159859,0.00200675605025901,0.00657677621373334,0.946681158369788,0.943065725474649,0.962541063850073,0.954859393410895,0.957317820624081,0.963425387674257,0.977292410289562,0.994038341379853,0.226142887206956,0.191504776851567,0.173292715288667,0.156202143748611,0.121117208013961,0.0872386635647618,0.0535918992829036,0.0155754576850987,36059.0646299336
"66",-0.145575699411614,-0.125033378757875,-0.1284660327066,-0.0438949635210399,-0.0498913527141084,-0.00332146059718267,0.0153714661944638,0.00679504332225601,0.950345023009138,0.944054618178714,0.953171443294889,0.938292266048839,0.960619036710916,0.960116589684775,0.973046054039846,0.993854212158805,0.224399081319305,0.197574940666303,0.17357119509146,0.153234544156536,0.120967997472268,0.0889868639574395,0.0539660385287232,0.0154888392653116,36061.1131039724
"67",-0.128398307889427,-0.119841001267979,-0.144879497406172,-0.0741655962292424,-0.0370297290864354,-0.0240502530536768,0.00953481150682076,0.00695401396132307,0.943895348051659,0.939473603078708,0.96090013738196,0.94783087625193,0.957611384021139,0.967241753811757,0.974535976685033,0.993817241033659,0.228990349252903,0.19390356453328,0.177085306675235,0.154638905072549,0.122337138919509,0.086503088218822,0.0544485938680925,0.0151933766934923,36063.3412673073
"68",-0.197432748936282,-0.105429977157876,-0.141378333723989,-0.0484472389540386,-0.0317832533271434,0.00139832734997183,0.00895293768631294,0.00736339797844801,0.968111522071815,0.937520509810427,0.959175179362244,0.93944034048212,0.957876205010388,0.959949059295455,0.974990261621442,0.993835863370093,0.22617000437494,0.197270468607043,0.178872312416766,0.151934791638595,0.120470002268054,0.088345076700026,0.0550188908483387,0.0151283867586517,36059.0747330193
"69",-0.150336950589893,-0.150985131448294,-0.143637015986802,-0.0623864536153258,-0.00610929540270906,-0.00874879395767699,0.016325915270009,0.00824174856066824,0.956879375091951,0.953840118249266,0.960179910713868,0.944572828072051,0.947290321992545,0.962793399133578,0.972448912697327,0.993501314829589,0.228519850196311,0.1976966473132,0.171238171905767,0.155922951506213,0.120824397527443,0.0863666134134322,0.0542543506983481,0.0154512102835344,36059.7605928179
"70",-0.158276458160748,-0.1432705993625,-0.145204524168987,-0.0387523005567719,-0.0290265893961628,-0.0123258503306921,-0.00251502052854592,0.00964599669510386,0.953825028689043,0.950833253656664,0.961892160985372,0.936868249877146,0.954804702486901,0.963877862158252,0.979179551055991,0.992844775070681,0.228112750772389,0.195269119102628,0.172280066165771,0.152773483052544,0.122401553964788,0.0854792324735168,0.0537089880028981,0.0152636301049794,36059.3314952088
"71",-0.139092748134487,-0.132405697544139,-0.148219653151405,-0.0543683408458486,-0.0354608235437608,0.000158489394878451,0.0170015752935125,0.00932921563286896,0.947723583543314,0.94728109564667,0.962681275869834,0.941476915110355,0.957501143168347,0.958916649319415,0.971463251534992,0.993081314102079,0.226011298136944,0.195770773864771,0.173787264742342,0.160481268109947,0.121178602789553,0.087033156173333,0.0539017508443801,0.0156225169733008,36061.6901158255
"72",-0.155689081365992,-0.115293975002045,-0.152243946709593,-0.0737246029184738,-0.0415762465728587,0.00388889687513866,0.0134487847657379,0.00612198815015419,0.955034693770408,0.942256379370958,0.961506023756914,0.948750869524389,0.958661110713777,0.957172331411015,0.97335146581112,0.994172627568971,0.233426905392768,0.196998269865418,0.173372440740982,0.153727375143805,0.121708239365807,0.0884544547906353,0.0552496334596429,0.0148604340690401,36060.464305902
"73",-0.164996968060181,-0.0998844908175401,-0.160426781338993,-0.0875006539282729,-0.0176043540987099,-0.00249271041002395,0.0125575340832449,0.00923691820223394,0.959386438859828,0.936415377293603,0.965072849934718,0.951038543023813,0.950538804904297,0.959842873668507,0.973654194623626,0.992827991072401,0.2260899617205,0.190811975216525,0.172629506862134,0.156709030902651,0.120936849977592,0.0864833964261236,0.0529366464582352,0.0155942036740567,36056.6397422243
"74",-0.189875471323299,-0.124633203513657,-0.162193306487382,-0.0370062741535422,-0.0515337759069007,-0.0118344773773992,0.00323776964444513,0.00855422815053217,0.968541965041352,0.943977823836371,0.965750684252433,0.936463147628402,0.961358650786358,0.963228207977427,0.977522613561437,0.993393627483563,0.227816805872559,0.19247571723324,0.175017165032841,0.155283095938749,0.119579431381106,0.0862791541872738,0.0526507031852626,0.0153517384892737,36058.9289479883
"75",-0.14969874048439,-0.0962478334397189,-0.17097835303165,-0.0301238653342896,-0.0320677873573101,-0.00245571341882077,0.0133333944597781,0.00796458193022383,0.953576546128082,0.935149612047521,0.969744561759673,0.93254140615914,0.955870662177949,0.959939247217804,0.973980321678475,0.993510989946402,0.235848497880039,0.197743627180528,0.172277105539208,0.157023671156703,0.11983797847574,0.0878354542444087,0.0550063696101368,0.0157167648317102,36056.967974408
"76",-0.128393390950215,-0.12601323294421,-0.139605380405099,-0.0610364790974213,-0.0209807788618203,-0.0150237656546119,0.0242509209468142,0.00786710189344779,0.943248309336608,0.946020885848384,0.959740112639985,0.94414412063381,0.951720175640401,0.964483556564978,0.969493779475349,0.993411072475392,0.232328989643618,0.194901897205164,0.173400620662308,0.153225288937163,0.122619330207533,0.0874957002511134,0.0531487894256622,0.0151469442609709,36060.9213891119
"77",-0.20303455358942,-0.127595272403912,-0.149848441622936,-0.0464582654441231,-0.0314722031187694,-0.000404868957036639,0.0145261888568606,0.00972531822840149,0.972093030272809,0.945598248131647,0.963305880914374,0.941051707543247,0.955108825214852,0.960501436514754,0.972939055754288,0.992837211412388,0.228479282817394,0.194509739597269,0.17898168395525,0.154411794376929,0.11800585531084,0.0860269313786297,0.0552871204309429,0.015137163286538,36057.0489711224
"78",-0.138539261685328,-0.104364369270741,-0.147964169148985,-0.0748114780631856,-0.0391469465111297,0.00524587183125137,0.00916904276141933,0.00698951098058517,0.947841067510455,0.935968536467642,0.961333118592146,0.948197186363682,0.959308932963074,0.956431175606042,0.975130200769511,0.993735818334319,0.230865730226077,0.19666276632779,0.174121222938655,0.152995754090831,0.121942949245073,0.0888430220762636,0.0548947798052761,0.0150058883000382,36061.1807942363
"79",-0.173024017002962,-0.147250024850797,-0.130608502693357,-0.070168307955545,-0.0373269194180072,-0.0224276423429466,0.0229172968339757,0.00558877576774959,0.961751320050445,0.950768323319779,0.955589878660858,0.946822880076249,0.957436391714475,0.967846486774543,0.970286347917056,0.994436088043414,0.227872683665371,0.199040063163052,0.175304987274997,0.155129802270096,0.12118657302863,0.0856250842410304,0.0541103252853364,0.0152240600189634,36063.312407581
"80",-0.172301592023742,-0.12501251146113,-0.156163937079336,-0.0532907168301094,-0.025762560127036,-0.0225845590854902,0.0145200767151625,0.00969405792512829,0.957753372845927,0.945022613176616,0.964826367943848,0.941655257701014,0.955373840033627,0.96743059539754,0.972671158641437,0.992896779125557,0.228526063190438,0.197941592426058,0.179528695771774,0.15118069110268,0.121634655011738,0.0864193382512724,0.0540323660903004,0.0152026625536513,36061.3138895525
"81",-0.154095761737418,-0.129293554402708,-0.17980064827209,-0.0381197116963906,-0.0409457605604982,-0.00372594518231825,0.0144639811630855,0.0086406233081113,0.954360839403292,0.944308801728569,0.973748520194707,0.934672554443252,0.959505427360927,0.959787509772328,0.973036529820591,0.99312206962903,0.225165136647944,0.194584664622527,0.174663945067824,0.154776423382622,0.118733931456436,0.0854282228279586,0.0540071535759804,0.0152376515440656,36062.6862339863
"82",-0.203182626699317,-0.136266836981062,-0.158690449395231,-0.0354079371990386,-0.0381867974538517,-0.0137886374503664,0.0195006345490923,0.00690724268144743,0.970085833514888,0.947088508045221,0.964902952313871,0.936151714321104,0.958235557215554,0.964687746694307,0.971603080434946,0.993866826153967,0.226621308045594,0.197772531900804,0.17348683744709,0.154683215465505,0.119998499534205,0.0857833261634831,0.0537862466404636,0.0155710761192943,36063.0718224052
"83",-0.125374924285143,-0.10636034327051,-0.166092158190541,-0.0760117345411424,-0.0208745081408043,-0.0127686175399317,0.0204338248361797,0.00831847781874455,0.943951983316555,0.939683177822173,0.96698388346514,0.94944258609935,0.951712931787204,0.963767308969698,0.97114730886059,0.993412353165941,0.231942703870726,0.189268420245428,0.178165195392952,0.150556766284708,0.122855601000143,0.0853023992904776,0.0538176088284547,0.0152483626922136,36056.2870630375
"84",-0.113137233123281,-0.0932970958084216,-0.164011014445946,-0.0505307600420276,-0.0553330536487525,-0.010546693379377,0.00947068158595121,0.00834562327063113,0.939350807406363,0.932380129921955,0.967256955503824,0.941350226882124,0.964935060250868,0.962243247758456,0.974725306005277,0.993237919479324,0.233415971971431,0.195821284406268,0.173550363474324,0.148722680485587,0.119857057176021,0.0885171562829018,0.0540150251801978,0.0154062417925702,36055.2257702927
"85",-0.19021777234767,-0.126852618937476,-0.167273993056954,-0.0608486816853936,-0.0470308415904447,0.00391669707882784,0.009083751989747,0.00815030380998885,0.964984463246321,0.94560451148414,0.967077924570457,0.941681446020714,0.960700375641045,0.959493769900171,0.974825618786299,0.99335405935694,0.222480257969963,0.191520451577717,0.178547534736092,0.156020145937973,0.123245584975928,0.0852515573375082,0.0536872122039323,0.0150561904975659,36054.6727634376
"86",-0.176018048463866,-0.168426118479172,-0.140531830124742,-0.0611779896354345,-0.0332100798451704,-0.00643004082967652,0.0117551605878515,0.00537019095347795,0.959734717097343,0.958760552431353,0.959146636358657,0.944201175048508,0.956441598404568,0.96225255313171,0.973868318084413,0.9942359095032,0.232776005786027,0.201467022629468,0.17138599924152,0.156293805712324,0.120459381619488,0.0875892217929702,0.0538004193924528,0.0150252368649724,36059.695554195
"87",-0.163060358241188,-0.137639955283432,-0.178461125214688,-0.064725881473111,-0.0515965771966345,-0.00697428136753176,0.0109591362579202,0.00739873480049615,0.957104149021357,0.947399131773232,0.973975564886646,0.946052120567337,0.96259709453778,0.961478576038593,0.974175525596929,0.993601080906972,0.234976157367692,0.198045181075126,0.176412716249247,0.152354133555687,0.12131201501179,0.0861560447005754,0.0534460340526836,0.0148997185976563,36061.5569796251
"88",-0.202785792481546,-0.11264076927676,-0.133446018789071,-0.0578465025855088,-0.0230415411946761,-0.0153774329362489,0.0191681449602339,0.00567373349152163,0.9704960521991,0.93986829559178,0.957425943423417,0.942654139683576,0.951683359515005,0.96515037829231,0.971341751607444,0.994360034756681,0.227055040215487,0.196083485220355,0.171763202359308,0.15246018580318,0.11952693254543,0.0864562720885864,0.0545991921225378,0.0154176780237144,36062.3534932917
"89",-0.173602313386651,-0.151858166137112,-0.117681164821387,-0.0533207313792998,-0.0323550975043258,-0.00781540707288276,0.00639053825062664,0.0060650974084692,0.961845058342361,0.952319644655959,0.951700657140051,0.94015711814892,0.956408527726741,0.961982837751937,0.976135350164142,0.994148827757952,0.231450418836583,0.1973263243134,0.176915677327965,0.153140931142499,0.123892256374254,0.0886660755841831,0.0539336249004314,0.0150518979953971,36062.834218303
"90",-0.129314849444486,-0.128366371186066,-0.137665921879544,-0.0629510930579876,-0.0356739953655547,-0.00881833681285915,0.00274535487438472,0.00944018402384999,0.943630480082059,0.945255916024653,0.958225442148946,0.945457349738948,0.956882628406635,0.963581328276196,0.977579961885337,0.993032836325199,0.22970637183008,0.197114192665916,0.176666291140457,0.152999304989513,0.121643608333459,0.0876118023165495,0.0543177564648326,0.0150424082359194,36060.901492615
"91",-0.144689627401357,-0.139019146873419,-0.155945851933877,-0.0597915908444846,-0.0248338400702092,-0.00596873171068188,0.0214844264929419,0.00669813308868996,0.948504904719482,0.948663301700824,0.965497862190311,0.944691928144947,0.954614950421974,0.961366845583002,0.969384333464133,0.994020381809862,0.225414034622693,0.201082258282937,0.177240337805397,0.156680742631725,0.123481201698748,0.0874690376831734,0.0550827695095911,0.015062913772355,36057.675617713
"92",-0.137276179913825,-0.13360427196749,-0.155135725425737,-0.0725138209442632,-0.0451245765264511,0.00375401430578305,0.0168512611704958,0.00703792768812326,0.949077659616684,0.948565338116519,0.966151015638124,0.947667231386754,0.958962452108172,0.957600714655774,0.971778612512824,0.994038517123832,0.22785806189424,0.195972653180805,0.173165673471716,0.1542188849891,0.119641224891078,0.0861119762534471,0.0533366624121533,0.0154156771924882,36061.2663806904
"93",-0.183557379300697,-0.135037268056069,-0.136146188615868,-0.0581170170757652,-0.0327523267582347,-0.0221349858851329,0.0179347611672071,0.00914645857016371,0.966947519907793,0.946394991315563,0.959163442140251,0.944839531849357,0.955682254256723,0.968279915470957,0.971418007468243,0.993047082391771,0.232335612898845,0.200510818982838,0.172422130587834,0.155034124376806,0.123792239312048,0.0858198987209626,0.05415607736706,0.0150141582251259,36055.068900613
"94",-0.171689773308578,-0.121358688163065,-0.131682222037772,-0.0718012651275182,-0.0367352551529325,-0.0122664415206528,0.0111273137983457,0.00717906354286144,0.96066108768859,0.939650536093516,0.954496041556126,0.948983910969286,0.956816190036991,0.96391697567062,0.973736516566074,0.99377672270341,0.225116283641633,0.198761688265215,0.176374842544193,0.151812774254131,0.121917458584895,0.0861222608054063,0.0549011688064286,0.0153728628453195,36060.6572167561
"95",-0.168866542425867,-0.0999053343735825,-0.134463380114216,-0.0582197235114708,-0.026023064375451,-0.0180155891318483,0.0081457632805302,0.0068005053020493,0.959223825912819,0.93623999076781,0.957186720490886,0.942958924621875,0.953620253325934,0.966256535561867,0.975842522671386,0.993845750384659,0.228735811538453,0.196861192715879,0.172808978733826,0.150577584316915,0.121242434390631,0.0859335775303437,0.0532692181454028,0.0151085347297664,36062.2139255342
"96",-0.112705093514216,-0.134361805120412,-0.131101836144249,-0.0773252432434365,-0.0119047526116492,-0.0123738213510328,0.0125336543921654,0.00480424410486652,0.937687356179283,0.946310955726791,0.955902017813898,0.949963953388155,0.949356314532492,0.963850919484941,0.97349509794007,0.994645487568294,0.228541392289597,0.199174632581021,0.171655762988455,0.155636494463021,0.120664318564865,0.0850479205803498,0.0536794660567741,0.0153577539023441,36059.0832663274
"97",-0.195161258874569,-0.148730571471567,-0.164183802298144,-0.0627263828470027,-0.035087434393135,-0.00548969593895779,0.0158875977784103,0.00574254046608866,0.968776203055669,0.951260299978721,0.967154984636117,0.945410726154798,0.957106874028521,0.961167207791509,0.971332667030874,0.994425691550535,0.228404484890363,0.192488370053862,0.18007756438216,0.15746603951419,0.122505281776918,0.0873086616384623,0.0543976527484397,0.0149826357905834,36060.0239640834
"98",-0.147730245206052,-0.129672564524118,-0.151683082042183,-0.0596270071379745,-0.0398154628902233,-0.000929127427651562,0.00689253370336035,0.00555527460791541,0.955392276845065,0.944117735027087,0.963311549891423,0.942592787398272,0.959402914433479,0.959205253801368,0.975871646980121,0.994357101660439,0.226948872950829,0.192498944552318,0.173812015854244,0.15628831563187,0.124985856393096,0.0882500372402844,0.0548185502362558,0.0153990384045572,36059.7152757561
"99",-0.191822222742274,-0.149363389359296,-0.126028585018208,-0.0775644668461614,-0.0269411634993519,-0.0378337169769472,0.0155507696356399,0.00537825990754799,0.969122601244492,0.951876922281426,0.953581505943217,0.950158341137318,0.956198584884682,0.972084757741229,0.972527511187332,0.99418271571226,0.225287756386608,0.198948979786329,0.176110538839832,0.160314761663176,0.12378192529518,0.0869783252423044,0.0535963817102535,0.0156132650506336,36048.6119045047
"100",-0.180432889603445,-0.126924918732202,-0.150176064561115,-0.0747138174820718,-0.0249136500910827,0.00213427646626624,0.00933855385174965,0.00844829817589046,0.9619155984207,0.942971330080173,0.961118450849105,0.949988233135938,0.952081521063973,0.958263530075129,0.974892554139081,0.993326307204345,0.220873099518627,0.196368315220859,0.175954825016474,0.156988679831067,0.1197585264655,0.0873488589086079,0.055126822716534,0.0152643578954927,36060.2028641102
"101",-0.16385955938534,-0.112085521653294,-0.14595838053044,-0.0645238989294972,-0.0416203530212476,0.00618047902516161,0.0130226940670989,0.00642273721083044,0.960588673833509,0.941349949430074,0.961828921031046,0.946019890808601,0.959683825608514,0.957563175408385,0.973071789674305,0.994092279515085,0.228134236794633,0.192467258581699,0.177910204927702,0.155995207629762,0.122049845865951,0.0879509850311221,0.0533412889440999,0.0150892905683638,36062.0751514721
"102",-0.137526942523637,-0.116370614698498,-0.149249411150201,-0.0896299489346526,-0.0364242608766412,-0.0259891341407931,0.0178104673824296,0.00700829671384907,0.948171055066964,0.940698664489861,0.962052656650228,0.954036896391043,0.957584281149284,0.967692062669063,0.971668413585366,0.993821396006206,0.2284738014184,0.195391456582467,0.172637602941048,0.15757671628249,0.12206497037659,0.0860338238281636,0.0526101033072762,0.0153728576775591,36062.2779282897
"103",-0.202575151107568,-0.13025189382887,-0.156731949254096,-0.0599266448480019,-0.052818796090488,-0.00623231742679727,0.0130493076702157,0.00711184750141669,0.970933574979747,0.948238358875884,0.964136219212618,0.94364864722496,0.963884981423174,0.96092968744398,0.973703104182586,0.99391110580493,0.227462927515262,0.19328939352877,0.176153639932621,0.158474337365867,0.121008886060816,0.086297884335047,0.0538478652805897,0.0152820454257659,36064.2904849563
"104",-0.163386706102694,-0.123083033870491,-0.138532156326649,-0.0660457061096442,-0.0473583625709034,-0.00918598544765398,0.0146106850475524,0.00777859684936735,0.958395089080465,0.943854503652808,0.960636916679567,0.943776574033181,0.961531390795308,0.961110080709102,0.972975393620133,0.993424249503697,0.231176400139386,0.19751641362298,0.176572991818977,0.153709372838592,0.122088684945462,0.0884659256932704,0.0540739998204247,0.0153407342754913,36062.5430049821
"105",-0.202711567336832,-0.15269084640123,-0.166584128196423,-0.0514604227664821,-0.0332882425360825,0.00144713223313049,0.0197915687761097,0.0071601265626772,0.973504996393199,0.951503981333314,0.96888501346392,0.941332699398034,0.95632867206377,0.958785151655611,0.970735083502376,0.99406897841426,0.226814899311234,0.19024908545652,0.176631736770119,0.15543479105407,0.121018212506163,0.0877476258406263,0.0540087036335954,0.0153358581374768,36058.2891993817
"106",-0.140864191545719,-0.146515459754843,-0.125640942233686,-0.0777862118693038,-0.0358999632857387,-0.0013601961786186,0.0100741904034209,0.0063575160660117,0.948836076969336,0.948064878912872,0.955623205212348,0.949294910526825,0.955433200388291,0.959488856349241,0.974476320046267,0.994155156737367,0.224933998803382,0.196927773134771,0.173291343139321,0.155915326735069,0.123249476894148,0.0852218371000543,0.0530950623564993,0.0154136663696515,36058.1873587904
"107",-0.196009773350973,-0.143247455718329,-0.130855725506773,-0.0344176666006808,-0.042374082611953,-0.00959605280282001,0.0109706589065628,0.0081167307155553,0.966250205585032,0.951814618480555,0.955751097077776,0.936590405840002,0.960406515903334,0.962190553911489,0.974155406974281,0.993357429599082,0.229273623305182,0.193172305274798,0.175415088177262,0.15407449982052,0.123269455177568,0.0890282926751436,0.0541565266638722,0.015403819052349,36060.6668188306
"108",-0.158827888401383,-0.0939458419372672,-0.146927504554684,-0.056319195824649,-0.0368118142751953,-0.0224687541408655,0.0147260446412814,0.00782806282318328,0.959058284509323,0.933849201180825,0.96116101524201,0.942451838565226,0.95710080703896,0.96641091038133,0.97291232219986,0.993406780363875,0.223718857724976,0.192529435180709,0.180528624061551,0.153574460980847,0.12174864905637,0.0865060541497765,0.0539177922176594,0.0155144941393181,36059.7207440934
"109",-0.171927518826334,-0.132733972743542,-0.150034915534039,-0.0679246036174468,-0.0211933792894297,-0.0050867519419705,0.0108520220619845,0.00567555381154601,0.961362669515969,0.947806101091991,0.962339085550325,0.944234131538539,0.950965263672337,0.960590290023635,0.973181494717177,0.994344964787632,0.233918513283131,0.199893590286491,0.177542822951278,0.155508015906191,0.120956702084515,0.0849088715332605,0.053030313764005,0.0152732103468604,36057.468447665
"110",-0.15021072063678,-0.0974946554519964,-0.147113374257648,-0.0636178237413624,-0.0464661572764136,0.000310296815686912,0.014557999956432,0.00679748411228967,0.952528313804975,0.935704715196904,0.960913952561197,0.943635774425455,0.962415487000463,0.958665016053957,0.97286961954999,0.993996538068235,0.231133790061702,0.195516125105615,0.177529671264901,0.158246717397331,0.120054891415996,0.0873984830279485,0.0524663882064658,0.0153354468642212,36062.8779876934
"111",-0.186490151049058,-0.139595951860097,-0.170408390385345,-0.0620714468900523,-0.0278772495840639,-0.00776513933757695,0.00777684876661213,0.00876218320680301,0.967294256806137,0.949699311540007,0.96882760375224,0.943328992828833,0.953749742636392,0.96237896660699,0.974849171631935,0.993318108406234,0.221644945959812,0.196062955618641,0.175372783591977,0.154018311965346,0.120966871944392,0.0850566542887028,0.0533663674722025,0.0152415150257509,36061.5223902651
"112",-0.164138462338002,-0.144807429845491,-0.161048144578996,-0.059074756767113,-0.028498946829197,-0.0146071380497075,0.014010372988842,0.00588520239966133,0.95734146711774,0.951473974050139,0.967801893359173,0.942387843006638,0.955008469914746,0.964577191350854,0.972652550294919,0.994278032176255,0.224369243088899,0.198588652341524,0.172803287154357,0.152457416372866,0.122159060591594,0.0871557120275849,0.0543434590169692,0.0152543321310569,36065.1443443038
"113",-0.153257124249289,-0.127002881749979,-0.154124917930377,-0.0421597183590548,-0.0328986339537186,-0.0198310778070449,0.00872064408424372,0.00597997459775037,0.952682046217049,0.945611362901224,0.964131039440291,0.936817937072025,0.958179944518986,0.96642954906697,0.974846696074344,0.994316783112087,0.228919747781309,0.197453367183106,0.177225016383454,0.150996859990026,0.120821230430887,0.086489346252672,0.0539830884601694,0.0149001506460109,36062.0769193809
"114",-0.144673822996938,-0.172326919176199,-0.118960790777082,-0.0406639632209773,-0.0234499655784331,-0.0161638461771254,0.0128524430337996,0.00848825047592507,0.953439815118998,0.957774794663963,0.952035885193448,0.93642297568477,0.953081593507736,0.964064826579934,0.974385247254935,0.993328618157816,0.233376761743351,0.200137706984493,0.178788350089523,0.15685855978007,0.121050602386362,0.0872088457057034,0.0542691638420146,0.0151775426296823,36056.8116582273
"115",-0.178552176056008,-0.133826462196443,-0.155800560705628,-0.0658373963360141,-0.0503284024649888,0.00282447941461068,0.0199904745210282,0.00905619581595372,0.960476364475363,0.945936547963663,0.963684590131838,0.946175992403921,0.961597019398844,0.95740249863046,0.97132309383983,0.993223199626245,0.226799445404975,0.200464357421715,0.171988450942842,0.156745052522502,0.124067786163678,0.088088941003988,0.0540295359086021,0.0151448793048342,36059.5630058556
"116",-0.160965091437586,-0.102178820283813,-0.166477594774031,-0.0687538836202243,-0.0146847957271396,-0.0112306844244519,0.0180097297526826,0.00489315956717232,0.955882289271698,0.936686024360643,0.964727127532625,0.946030522401774,0.950388963713975,0.962237970272494,0.971067283078198,0.994699993208992,0.232270151944849,0.196398524250322,0.176289749861568,0.151504463094559,0.119487897729993,0.088355496029516,0.0544336326722414,0.0155525710268907,36056.5177071564
"117",-0.156035996694006,-0.165737364612559,-0.120191911650777,-0.065670002425143,-0.0516220440822069,-0.0210159215032128,0.00219881249881584,0.00658507718559648,0.955450309395777,0.956176132384263,0.952199711796027,0.946147578138805,0.962475078174045,0.96664876321515,0.977834265991011,0.993927881924736,0.232472179619013,0.194303098709582,0.176230964577128,0.1527259370351,0.122103053150921,0.0860940710224715,0.0545217744415404,0.0148912606805755,36058.2831961043
"118",-0.176884608449315,-0.155113188594808,-0.159444496248555,-0.0469303841274189,-0.0420369797448826,-0.00905084584914244,0.0121112187545099,0.00535462375057822,0.961504937951638,0.953390873235828,0.965043311254597,0.937448361100411,0.957492192256097,0.962875741472429,0.973071048039908,0.99442447365451,0.230812699566522,0.194393440303978,0.175477618891323,0.156378236162332,0.122232139456187,0.086924368385557,0.0547151120315893,0.015225637655183,36061.3369885835
"119",-0.1560380515697,-0.164107922911172,-0.169856414231893,-0.0491072972346407,-0.032132551809754,-0.00947421676152241,0.0136729806002418,0.00959500082167911,0.952119811581149,0.955432666862802,0.971330969130267,0.939440005801395,0.954006914760398,0.962101316342358,0.972566137605805,0.992997836198194,0.228962586814573,0.194862779280022,0.175202290378884,0.157527511914831,0.121953265105039,0.0887177666811261,0.0543460863579092,0.0150530539021281,36056.7778441433
"120",-0.189658926024732,-0.140263147443728,-0.155762632562773,-0.0479821057974976,-0.0260011529305825,-0.00262147653939754,0.0205230100425642,0.00903939889618836,0.97013885028215,0.947915170367491,0.966031063844481,0.938688306026843,0.955006836657959,0.960239199077143,0.970603084365509,0.993113476029661,0.226315535848542,0.197772451396178,0.175988790724998,0.157385442713153,0.122160261396838,0.085879972168932,0.0536862062356736,0.0151245283418137,36060.1065608983
"121",-0.162987569888656,-0.11355858775449,-0.15680788063974,-0.059953626249224,-0.0364434946206806,-0.00313606312681648,0.0172382258459139,0.00767865576181885,0.957275167606803,0.940594239291113,0.963337290507534,0.942750553365097,0.956795566171013,0.960551916908999,0.971896855599928,0.993749826743903,0.228973989577103,0.196594649303372,0.180039669737892,0.156187882234048,0.120021436420605,0.0862049091269184,0.0529602040066366,0.0152199306972383,36065.7558827542
"122",-0.124429475904431,-0.108098600991987,-0.169289417067289,-0.0615785110221949,-0.0387148011353248,0.000539937941542853,0.0168574762285345,0.00711255159469315,0.942163610154574,0.938310793817956,0.968819763845432,0.944292045488518,0.959764147921093,0.958959269105619,0.973035657246266,0.993758461831094,0.231627957950708,0.200541305336898,0.172740907006093,0.15188535488502,0.120469121797606,0.0881242151895827,0.0530476550907839,0.0154224435477,36057.7844784354
"123",-0.192985387376206,-0.145593085386473,-0.166616096748389,-0.071072174036432,-0.0441945012523901,0.000835151256251174,0.0138362234025988,0.0078059281191034,0.967873152015356,0.950473113812174,0.966779426344363,0.94637952053287,0.96030533885637,0.958803149153426,0.972250358160704,0.993629486332029,0.227175715243145,0.19523040688155,0.181031763545131,0.160585888684291,0.120645685922364,0.0883640307915557,0.0541825335345627,0.0153289628905896,36059.218488113
"124",-0.131329762620036,-0.107934988566436,-0.157019080237093,-0.0516359932122876,-0.0396780180149687,-0.00634786311984734,0.013565283007373,0.00915230399128909,0.946130991554394,0.941195416917886,0.966215872216248,0.939374074828156,0.9597650405036,0.961566070696041,0.972820105241631,0.993062027635654,0.227217053447394,0.196925589260895,0.174929797723771,0.15615396987606,0.12002133981765,0.0876016213253697,0.0521805600797639,0.015105831082252,36060.3211684053
"125",-0.20009175042263,-0.122955639527173,-0.138465610442945,-0.0329935948720879,-0.0482610902349019,-0.00827191682281064,0.0099163953697297,0.00729372887404281,0.970994824090419,0.942752375256858,0.959744142193337,0.934527920848546,0.96107445236847,0.961954548775383,0.974169994697834,0.993571191201772,0.226968661289738,0.195112919105627,0.17681864042965,0.156414296507608,0.121114954448542,0.0884874756166672,0.0549187511707173,0.0152551497439744,36062.4767614214
"126",-0.179000088771524,-0.183075395218331,-0.175656179688294,-0.0246583213840007,-0.045940760799182,-0.000308316398591252,0.00508504376547273,0.00938294066790582,0.960140198043204,0.966102695609986,0.971350752960949,0.930519903136642,0.960047162027826,0.958723324720195,0.976063311146747,0.993054825217763,0.226892119464849,0.195818767075849,0.174174706327123,0.156437836083651,0.119548061212379,0.0876075728254263,0.053681631641131,0.0152674594992894,36056.5421030305
"127",-0.123329051059587,-0.129531612899233,-0.155025193765492,-0.0700488533279828,-0.0397755482800213,0.00598427614220516,0.00774258385084327,0.0101664703786016,0.945234545266853,0.944253695235107,0.963109174313379,0.946786555701476,0.958831157193935,0.957457543537441,0.975301292908881,0.99283225594942,0.226394399261898,0.197663113608816,0.177053204022677,0.155938848910911,0.120829832567512,0.0879216794613848,0.0525799297835307,0.0154525388090022,36060.7959792447
"128",-0.171411490646716,-0.131377760193007,-0.158495297510714,-0.0854545727670261,-0.0511686466618979,-0.0113609896534649,0.0168906020028443,0.00508632012707762,0.960582457401936,0.945887906921212,0.966060812806006,0.954819442113412,0.962893302233447,0.962845431084077,0.971673817076124,0.994662365756342,0.222381681598794,0.195425839109019,0.176117587261505,0.156064881038575,0.122356056182081,0.0870570379650112,0.0535271242846647,0.0156071791438883,36060.4088738999
"129",-0.204563666745415,-0.139579419498078,-0.144457948712918,-0.0675389924033023,-0.0309810624999897,-0.0147197242991595,0.0155212185579086,0.00902603007645863,0.973517304646072,0.950601493630516,0.959652684461635,0.945262794237112,0.955762736165456,0.964123396971756,0.9728166678742,0.993155708548559,0.229093391208698,0.198382460031124,0.172779020125884,0.156206712939786,0.119616782917158,0.0875201812432583,0.0523521904856042,0.0151480504696946,36062.0746126044
"130",-0.182341802431246,-0.138700690372384,-0.141851568236991,-0.0671258344186421,-0.0285201288896193,-0.00845045432079512,0.0138859309426564,0.00609818116346529,0.964586091541258,0.950574143405233,0.958907810543911,0.945979632646318,0.955226740593955,0.962722224525289,0.97270741593368,0.994416307061517,0.226569662041571,0.195036287686803,0.175459689833599,0.152023828124346,0.122643506646402,0.0872989726423399,0.0531598728260631,0.0150674243045003,36063.4331513926
"131",-0.158198527578263,-0.151856571386074,-0.162492193634658,-0.0544354633309872,-0.0376918800138818,0.00436149448171099,0.0110034074774934,0.00814114638241594,0.956876617675202,0.953832136223695,0.966868635117481,0.941581660672001,0.957419473521305,0.957362601782347,0.974032754389967,0.993304042019754,0.232632894955935,0.199814099278297,0.172275254201191,0.156160845997175,0.11981361255027,0.0876767458203357,0.0534197142490811,0.0149443148203552,36062.594494196
"132",-0.16696428754903,-0.127129868005667,-0.142458008226101,-0.0670108749156275,-0.056608267125065,-0.00535702087927834,0.01035174603649,0.00818146804533006,0.959289802296934,0.945771858804315,0.958290719057139,0.946394320259275,0.964342693019981,0.96053159539794,0.975167876722171,0.993504813341287,0.235230119390516,0.196455114489009,0.172986272578156,0.15873101748125,0.122240376028222,0.0875836116866737,0.0544705294992651,0.0150773437792988,36060.000012636
"133",-0.186010246938843,-0.122762048490243,-0.143362329369344,-0.062424355155369,-0.0360447542806314,-0.00916986916951245,0.00884091678611553,0.00765238380245351,0.966208331784917,0.943386154058567,0.961806686731684,0.941774458628991,0.956649089315465,0.962082942669842,0.975704973673042,0.993669409810544,0.231430193984887,0.191906862078498,0.174815325884029,0.152769891152708,0.118461800527439,0.0856907602780164,0.0540570274378928,0.0153553302598883,36059.8729277032
"134",-0.165580129743719,-0.130061660120999,-0.169458740583548,-0.0983380863993331,-0.0229033661631625,-0.00641656097894108,0.0169566227876723,0.00765160680984958,0.956243160400332,0.946032212742397,0.967399776809694,0.957877236082129,0.954261757976834,0.960944355348962,0.97182589184639,0.993595857412016,0.231510030803758,0.200536645320516,0.180694092886171,0.152316799477928,0.12141683299447,0.0875845386274774,0.0523338014615721,0.0154595496468531,36056.3205471762
"135",-0.112978430659928,-0.13544352725765,-0.143074982376834,-0.0606396005473137,-0.042294659594337,-0.0225884970309123,0.0109438228399765,0.008479267638251,0.941334184533128,0.947192204676946,0.960670165273523,0.943016178283529,0.959214612874811,0.966579572343025,0.973511858179117,0.993135604310959,0.222169076350629,0.191980413879338,0.175008675989484,0.155933510694122,0.12210573613021,0.085612148745144,0.0538825929329357,0.015467336772658,36058.7579845462
"136",-0.162645730815047,-0.113807281924961,-0.146092855707716,-0.0744763273594743,-0.0491341167961243,-0.0124419846114066,0.0284101656371147,0.00853219121045236,0.954658351018668,0.939672574460513,0.962619466561224,0.950323113870161,0.961690668027887,0.961970084040818,0.968228361192217,0.993209264573947,0.228296582735638,0.194132716557775,0.173213460630369,0.156232299789614,0.122873366076929,0.0869984322857137,0.054021880374248,0.0151927299765785,36056.4202153088
"137",-0.181854033799227,-0.116930529797071,-0.163699959429479,-0.0747695436895645,-0.0472348746682794,-0.013131013389802,0.00580006316853575,0.00739430189125888,0.965149578208792,0.943055198946723,0.966207585918933,0.949800776383166,0.96016089852146,0.964039757140868,0.976250269019847,0.993819977760471,0.225136251635699,0.195499302614581,0.17690502906483,0.156938873766362,0.123728769882869,0.0873712129039254,0.0532450794826723,0.0150449329307063,36062.072113013
"138",-0.150930649489832,-0.109376078428859,-0.140598911311931,-0.0587577453427779,-0.0404495481796925,-0.0256211500803356,0.0185461439603544,0.00658746223460781,0.953765182268853,0.940971672785486,0.959001775001836,0.942945978119122,0.957657733732232,0.968147282805971,0.97156221408935,0.993859061834017,0.227318059846232,0.198227183859518,0.173857697162062,0.155566922854594,0.119378847431337,0.0865399060932004,0.0537750725910113,0.0149856205788957,36062.4949780683
"139",-0.190413037323666,-0.103943620029294,-0.118443812648531,-0.0554515782337662,-0.0355726494960732,-0.0202943406345891,0.0178564440084884,0.00792749714945964,0.967860473598976,0.937340746627425,0.951180597886028,0.944459205995103,0.957634963430011,0.965237723331858,0.97154109167435,0.993666558740298,0.230702311898072,0.195609095720802,0.17689403320192,0.155665126131522,0.12290742061936,0.0887940494962034,0.054358956877433,0.0149987349060312,36058.4329061989
"140",-0.166823271272673,-0.120581761311768,-0.132207771590177,-0.0808059615345901,-0.027568864279597,-0.00520798855021197,0.0177923905708867,0.00682937993733132,0.958656125021811,0.943553052772688,0.9585122217033,0.951188043256931,0.954249101227464,0.961661061311775,0.971845712698815,0.993912066605733,0.223507102743901,0.197259100139291,0.173966970743409,0.154282237831446,0.115213696702366,0.0868857927510332,0.0543732083081327,0.0151548892991209,36058.6731818962
"141",-0.184828671970501,-0.11449012701942,-0.144282388454043,-0.0530705769102324,-0.0301694694699466,0.00402054355897526,0.0128776064945341,0.00683161118503376,0.968080140807082,0.942576050576327,0.961107093214325,0.940177207468921,0.95764633224458,0.958725815456227,0.973874495158321,0.994103436111046,0.226888969011651,0.196410496331336,0.179641145870339,0.152116138911433,0.121244033661389,0.0878740876171078,0.0541493050135368,0.0150610823902962,36055.4974183738
"142",-0.15500033857638,-0.124749252679744,-0.132059704738555,-0.0449873188611194,-0.0291168134832045,-0.0057109072629872,0.0185553021951609,0.00814826520129536,0.953697948810986,0.943142047953134,0.956014783336557,0.938740038982841,0.954879966351597,0.961839813273468,0.971182675286041,0.993392020317292,0.227618127302015,0.195818912290802,0.180068203605715,0.157384730913031,0.118662630589162,0.0877789704399084,0.0540950596923344,0.0153836800908805,36064.6012884271
"143",-0.159581191202093,-0.145350576372832,-0.165272325298299,-0.0634291036528177,-0.0342875077520164,0.00326076404909249,0.0110816049385079,0.00536431234090715,0.953181690764843,0.949973636849657,0.96765520315547,0.944840429463809,0.956932350356641,0.958263447522861,0.974906427305238,0.994456315400519,0.227523899548216,0.191932297363751,0.175049828055725,0.158008031486794,0.120637487745429,0.0879780472313805,0.0531559725673385,0.0153349744378202,36062.3028145486
"144",-0.110325970817171,-0.120760958670886,-0.18267490961437,-0.0684622399302448,-0.0492630665811235,0.000331899165999672,0.0160234107367045,0.00546058307382724,0.939608082231457,0.941239222878568,0.974258973604219,0.946261935109388,0.962779559354948,0.958376702769033,0.97230648882615,0.994325163334853,0.228636784927422,0.19604603574898,0.17197930352,0.155452718460882,0.12244808230805,0.0878399124627924,0.055465434167216,0.0152097517449708,36058.9650931856
"145",-0.136671438583754,-0.114399012601206,-0.152681451491465,-0.0560951326835791,-0.0451220631966201,-0.0157177324014983,0.010779515292918,0.00785057517750121,0.943559781745083,0.940341598840592,0.96297477812553,0.941927208444263,0.961760710003755,0.964679312690622,0.974023371961612,0.993509329214516,0.229915659148341,0.193915877274951,0.175812303552868,0.152980365435588,0.119362729249173,0.0885381988012448,0.0538470057623284,0.0154944747251982,36061.0048700157
"146",-0.123436637727849,-0.0947626602571164,-0.128563471800205,-0.0786392752815871,-0.0436304292023869,-0.00733510243484478,0.0122253737878121,0.00436029098895073,0.945760540206632,0.933706793904039,0.956788528013372,0.949791400634112,0.960065793204367,0.962194824167248,0.973552380810478,0.995065330333743,0.2337636556748,0.198042543766077,0.175695436752493,0.15570646823128,0.121794450741927,0.089203280579468,0.0539371013374348,0.0149742360115448,36056.976432654
"147",-0.15320216010375,-0.0888839184298691,-0.15177430381056,-0.0748791325206827,-0.0231446114228728,-0.0147996253459002,0.0109829037498292,0.0049452012439345,0.953867776862495,0.933512880992886,0.963908931964476,0.948429272467308,0.952904527882243,0.963161263877323,0.973956566075149,0.994602112804147,0.22599080884422,0.200000216913529,0.173488512174446,0.157841047511245,0.12254497355885,0.0873513622076163,0.0548839548668569,0.015120832672413,36060.3316489064
"148",-0.186166630838682,-0.140025456349993,-0.128738245609878,-0.0622857243425926,-0.033039536788272,-0.0194790628099572,0.00711065586215924,0.00642845444032533,0.966526097358301,0.950725786125768,0.954835566095073,0.944350605724704,0.957540937851502,0.966369584135781,0.975217712965522,0.99399134162479,0.227048677310739,0.196253853299571,0.173647764213306,0.156191296973329,0.120206529471297,0.0864281000922857,0.0528896406314121,0.0151157355952016,36063.5486360544
"149",-0.197168343598097,-0.189104943795611,-0.148401314447504,-0.0469822670770795,-0.00217692150780887,-0.00546904562008366,0.00743557855997769,0.008029250810246,0.968904810112662,0.961027704560983,0.962923722482487,0.939217530804207,0.945123806992826,0.960017924943268,0.975321682056614,0.993516615089913,0.2314745639889,0.200076835699108,0.172636667460253,0.153838616770904,0.120873491333068,0.0881503529615229,0.0535878477687306,0.015083615971424,36051.2025993109
"150",-0.137584257180812,-0.152524084576528,-0.164170199623748,-0.0451994101736433,-0.026915824934069,-0.0056946438836656,0.017558463817658,0.00534527691912418,0.95030088260399,0.952293293630436,0.968594487428822,0.937611718344167,0.9535313913445,0.961232436946767,0.971858732865434,0.994526160961692,0.238468800588337,0.197605247609606,0.176378715423038,0.159858030242423,0.121259490726849,0.0886989163723278,0.0542468439158477,0.0151255662318527,36057.4180244511
"151",-0.159509059315241,-0.105799771749187,-0.158858562230263,-0.0531877700231833,-0.033988240488526,-0.0035448086820525,0.0172715156203314,0.00973680782713097,0.955873968984353,0.936528411688949,0.965668315410019,0.941852042525915,0.958186317985532,0.959565706436509,0.97126862912777,0.993006533512024,0.227607176745932,0.196216788203479,0.175454074766008,0.156411349094023,0.12033397891133,0.0849992174906054,0.0534194255040301,0.0153290117196349,36061.2661759463
"152",-0.153826572655079,-0.183746711175202,-0.180849450605507,-0.0585934248549672,-0.0503248967942525,0.00697029087655471,0.0154041404749349,0.00564557956221579,0.951316632694294,0.963764700407493,0.972566497173441,0.941190233101431,0.964666521162684,0.955308413492048,0.972384070981243,0.994616558771162,0.229933622800564,0.194309879856238,0.177487581416049,0.154074577006918,0.117653308384534,0.0862361496427952,0.0535719804085049,0.0149934236311,36048.5772679526
"153",-0.181426782229312,-0.124787591802547,-0.149036859441819,-0.0801201149250814,-0.0242316528265518,0.00386324327969357,0.00940886570528694,0.00731468468698116,0.966517974088776,0.946537982748522,0.964118627876459,0.949796661902241,0.954805174345772,0.957269075534747,0.97452069932311,0.99377156029545,0.220536310046362,0.19708650685948,0.174806167660634,0.15696335774676,0.1190701118988,0.0873278427476332,0.0549833244990657,0.0151377102480887,36055.5904570837
"154",-0.166697946581256,-0.132762406953447,-0.191850582132979,-0.0741753218025801,-0.0502276975096496,-0.00219277914594916,0.00491156662528252,0.00658156462584358,0.959026206838045,0.947660784706697,0.975623157550167,0.947780046840737,0.962167146213366,0.959809518849328,0.975877593425905,0.994180508007072,0.23362631728303,0.193806091459829,0.17349012717166,0.154850041599652,0.118096246330049,0.087495565522174,0.0540379519841809,0.0153578684027648,36059.4062045574
"155",-0.18455308847831,-0.150454179469037,-0.126438490767076,-0.0910965568261204,-0.0393731138110095,-0.00730244017114535,0.00707170298698731,0.00797994939978333,0.962223233666124,0.954219975538546,0.952900550186535,0.954719034363403,0.960474235865178,0.961104558904787,0.974825374635373,0.993557473912379,0.224097365078574,0.198130417745977,0.172420813982776,0.158248690577407,0.119757600334043,0.0859189542986766,0.0534491722873698,0.0154412473332427,36055.2282106165
"156",-0.151258485665271,-0.144228557810407,-0.16760980521867,-0.0266539391833458,-0.058620555703919,0.000188916260195737,0.0101916114175625,0.00604518091062712,0.952405208937179,0.950274580657033,0.969481246466748,0.930999800860912,0.966174270414033,0.958347482969336,0.974551230913797,0.994077243677852,0.232620598917306,0.195665074919956,0.180671718522997,0.15547519289149,0.120728524074165,0.0864346978917652,0.0547044672831593,0.0153028448124188,36058.9159160888
"157",-0.146409818472496,-0.136080149808385,-0.172827151154187,-0.0640695436485404,-0.0321388885959826,-0.00233506148292444,0.0195994075768645,0.00692808808618109,0.952343923780075,0.945673872114476,0.969678275582631,0.945358271703932,0.957172836890616,0.959833261417013,0.970257594502159,0.993949765891889,0.227996365561433,0.197445137307593,0.175964081999584,0.159337154639575,0.121633069838318,0.0866572482283512,0.0535781837493567,0.0155083797003561,36061.5494135583
"158",-0.139159780085739,-0.124995022966902,-0.175372248239511,-0.0706273981224525,-0.0630246872029639,-0.00394273422766619,0.0123520466063083,0.00881261427368487,0.949078928132818,0.943477004673493,0.970734224808592,0.94880081244257,0.96723175410807,0.960522603119817,0.973576680580679,0.992982314082471,0.228512557482902,0.200403541333086,0.176445931271015,0.15622122003214,0.120182821217487,0.086734040292796,0.0529645959407644,0.015392431634889,36060.4992041009
"159",-0.156310281114401,-0.108712877561716,-0.137435874688899,-0.0418961713578895,-0.0320250869707141,0.0032284437188974,0.014385779950211,0.00870943075746401,0.9566749688354,0.938519370319374,0.958192439019775,0.936689763378675,0.956101339955732,0.957801825464797,0.972671804634654,0.993081898977337,0.222143036281314,0.200808698174121,0.178782512018105,0.154146572844252,0.118790642179273,0.0893049704844196,0.0549067550577678,0.0155059022063611,36058.2550004102
"160",-0.190431152733337,-0.113818334728513,-0.147752462279095,-0.0789822124567799,-0.0408165414164736,-0.0179340951204291,0.0125137518078592,0.0072584563399633,0.966452931117859,0.943338179494663,0.963490546773143,0.949318720754467,0.959955431246002,0.96640082966519,0.974119363838668,0.99369731511276,0.226017232779345,0.202045792359414,0.173548940539509,0.149678468236715,0.120177048382803,0.0851059357733755,0.0531632232239642,0.015273035752901,36055.0445564
"161",-0.148959339866852,-0.103489153792204,-0.161615095179808,-0.0877883693370307,-0.0201970432612859,-0.00623024095442641,0.0130650247075403,0.00667606211084784,0.952811106389764,0.936696580265074,0.968155146990825,0.952950918845211,0.950654592531688,0.961251059020802,0.97358010595924,0.994011792284052,0.230373007168829,0.202701846302095,0.178746976907036,0.151226662224942,0.12136406895936,0.0875990106492799,0.0515949433802273,0.0151924058698855,36055.8730793413
"162",-0.122231076438569,-0.112085122263664,-0.157442631066496,-0.0655888177683134,-0.0245361863286654,-0.00569260935700351,0.0186207607575268,0.00518984355490799,0.943582782774104,0.940760944234935,0.961627006069194,0.945516658977086,0.953555909551491,0.960171888759946,0.971467342121643,0.994604868419566,0.228041497635353,0.198923975100907,0.171166640596845,0.158941960241206,0.122240643562409,0.0872399337980673,0.0541250189672215,0.0150686069456178,36057.4660202393
"163",-0.160517352687848,-0.0749033962342453,-0.191523855901206,-0.0651591946836153,-0.0549035596211736,-0.013921309686783,0.0112948151738641,0.0103072070088497,0.957000141812949,0.926287019739083,0.97700884332639,0.94527817998329,0.963989148442821,0.964021940319219,0.974664518982008,0.992678510287091,0.231391878977971,0.194851802160314,0.178705668887522,0.155071271347611,0.117712625549051,0.0867288327233856,0.0533964051717113,0.0151475337253425,36056.9330966867
"164",-0.215515000709148,-0.156245021313873,-0.132020597469155,-0.0615766384374882,-0.0255521099482844,-0.00937895698317512,0.0237755320919643,0.00585633848310546,0.97621968442687,0.954122935108351,0.955076494478715,0.945405411112307,0.954295277081813,0.961984379920095,0.969403751262877,0.994242389565256,0.230267771787288,0.197544621677027,0.17689245999322,0.15324233297784,0.117589838689965,0.0879512448742313,0.0539065388513281,0.0153867447508992,36059.4754935666
"165",-0.148516594203386,-0.12913266595348,-0.149447565512384,-0.0813373589987765,-0.0314137999356196,-0.0194924206104456,0.0190083369729182,0.0062126257692805,0.950669563921232,0.948270709937884,0.960148591806906,0.951780736967305,0.956908248193523,0.966434433978435,0.970561816576565,0.994105591565792,0.221286957649706,0.201941476795485,0.182018805009643,0.153099791525757,0.12134541394452,0.0892400141106175,0.0535414974065473,0.0156566333376751,36050.5841226295
"166",-0.14470291852051,-0.182878364145783,-0.180646370740027,-0.0516251529206824,-0.0532836690281548,0.00865438935464436,0.0128687716816746,0.00534577805188394,0.953034978478153,0.963671054107834,0.972692036590218,0.942070536812525,0.961205404727929,0.957277713118215,0.973563019745284,0.99421944807431,0.229694981509065,0.195000490504314,0.178418264636479,0.153958589512378,0.117690807407434,0.0868179624012283,0.0532563855412338,0.0149836029636798,36048.7417940801
"167",-0.156544569263947,-0.121496349935722,-0.17749019324204,-0.0709864106544625,-0.0165448718625668,-0.0136983857419954,0.0104187546515217,0.00627764546660465,0.954251441147646,0.9417999179902,0.971360989319147,0.946434372054881,0.950432645423671,0.963382940557415,0.974374770591607,0.994158218947329,0.222214665590926,0.19685813189283,0.171005837242398,0.15204023941091,0.121715224401939,0.0864581846294797,0.0532288553955419,0.0151757527295436,36062.0192629636
"168",-0.130880493458265,-0.109457044231506,-0.156978671714484,-0.0488177935152418,-0.0413033070925553,-0.00729430540931884,0.0152293414229414,0.00910140987250125,0.94808689612606,0.941389453315442,0.965604070223543,0.93941019808023,0.959029878209528,0.961093445541826,0.972344959013907,0.993069483372389,0.227347396946802,0.196396672704621,0.175211340556904,0.156241538730177,0.120280179655106,0.0875616651806887,0.052241438685088,0.0151480062672486,36062.2907462633
"169",-0.142106424783681,-0.147095051855873,-0.149950880323707,-0.0459804142773137,-0.0331491214463755,-0.0160219980131593,0.00542784190796019,0.00639634468611863,0.949410439004948,0.95325977746085,0.963586720607063,0.939623117873926,0.955914454831876,0.964549156329319,0.976829856571817,0.99418477906224,0.228379987461303,0.195926435428981,0.177111132994697,0.1594638612525,0.119765637550059,0.0863743877158488,0.0543106943918168,0.0152574579906,36062.4847359713
"170",-0.136364076182752,-0.156310831730422,-0.158975516943129,-0.0710836110685362,-0.043047470623786,-0.00617727886629243,0.0172220157734633,0.00851439889438227,0.945279833637594,0.953061921491676,0.966091100791992,0.947815837664878,0.961144845424187,0.961275260292443,0.972025555764334,0.993334025571633,0.230680292778451,0.198804724458313,0.180172900033634,0.163611119809991,0.120674860565844,0.0874456025941139,0.0524230063694582,0.015476884622517,36053.4408249891
"171",-0.165282656234084,-0.0932982294889863,-0.160434193517468,-0.0684426747453512,-0.0183015985525708,-0.00169337110784139,0.00394880479495483,0.00482981956237421,0.959662738862012,0.934804888125202,0.964870712530569,0.944419462079603,0.950724594736766,0.959161543036811,0.976771975761062,0.994531072441902,0.224546742536084,0.191441060048457,0.175546149672841,0.156108184269095,0.121479139342093,0.0869483537982505,0.0530184686861655,0.0154918200706004,36057.4904212726
"172",-0.193254705794765,-0.148311280291754,-0.11544598507876,-0.0381571467941369,-0.0436185720207397,-0.0162186517558657,0.0118330872659646,0.00580067916556746,0.966742476835558,0.952502331555455,0.950502244514682,0.937210499653196,0.959125955882535,0.964269187086129,0.974774215136377,0.994224541743571,0.219045753292943,0.194346609698213,0.172238505303755,0.14868957596285,0.12164875398105,0.0896355916646757,0.0541892165573874,0.0151901240728838,36049.8699637879
"173",-0.144293108028583,-0.173095380836316,-0.150029004892654,-0.0748845362809694,-0.0527694551426895,0.00501813864068735,0.0105201987763004,0.00368283503165559,0.951721472696398,0.961802571280145,0.961270251453434,0.947502388166045,0.961650681470334,0.956886181114874,0.974292285893877,0.995033755758466,0.224615496757713,0.198864765688664,0.174788494473172,0.154247565743181,0.121345498126146,0.0873769300281065,0.0538695763694422,0.0150648139729574,36057.9564951552
"174",-0.141415053668897,-0.140060658911026,-0.177725291623919,-0.101176191464856,-0.0337293891842907,-0.00111357174272486,0.0130203692107228,0.00642252294862828,0.951751616112877,0.948279800300382,0.972157406969576,0.958905744670969,0.955390025987782,0.959488093358432,0.972366620103067,0.994146581069276,0.229701622667078,0.198022336873341,0.178987614021583,0.156476772319472,0.119231947522776,0.0892038198702189,0.0548591494794971,0.0158252421031275,36051.8439788668
"175",-0.180480683284602,-0.0928214507420366,-0.180977170016406,-0.0625099754465168,-0.0228037915626708,-0.00237644737575454,0.0175428823747805,0.00660439341325565,0.963432329744215,0.93599189335516,0.972757814972025,0.943703607331388,0.952175348079056,0.960076004849619,0.971744031205279,0.993978541415154,0.223461096814958,0.200731560346681,0.175896720963816,0.157242540490196,0.121848563659617,0.0878374467306924,0.0530871127828681,0.0158679060994157,36056.991921165
"176",-0.14872227125342,-0.139108137984811,-0.147841276280503,-0.0439841925058659,-0.0323526319234906,-0.0136218916488603,0.0123882527903368,0.00820330281626836,0.953350864259109,0.94848390337585,0.962972474643641,0.937988288066672,0.955577697278037,0.962945816111105,0.972900619379274,0.993403183582728,0.230876256205548,0.196509295321421,0.177247677022622,0.157717850034578,0.11685817438446,0.087245624063735,0.0535748884344318,0.0153570438914777,36061.297329004
"177",-0.189599755498449,-0.0965371432210242,-0.154555424822341,-0.0543272111698346,-0.0172565324531199,-0.0242545089721219,0.0111296506911925,0.00525129670189566,0.965328847234693,0.93453369287813,0.963337567023231,0.9428163311218,0.952403877468351,0.96749470890061,0.974130533814888,0.994320529907894,0.230331694546922,0.192792201037595,0.178149450803866,0.156292085199445,0.12112346497819,0.0864360658741886,0.0544806809257669,0.0155239064654793,36059.0796067734
"178",-0.187115833371876,-0.111742102267089,-0.129374258746431,-0.08428950698771,-0.0168378444126756,-0.0199747134055915,0.00850347790912918,0.00557037075738335,0.963314706776997,0.941606654181198,0.956358773859288,0.955430270273422,0.949473154212636,0.96567542180493,0.975141920238373,0.99423695136962,0.224005090066653,0.199657346006923,0.170724573167558,0.154847637092715,0.122977487584949,0.0866000097977247,0.0535407240467106,0.0152173459161116,36051.3047123556
"179",-0.134094068063999,-0.116908482811113,-0.1800962095877,-0.0609046767875173,-0.0558581924762154,-0.0200126054339474,0.00881994251847283,0.00902524752479894,0.947272194080052,0.940988129642598,0.971703219878057,0.943562369339104,0.966155854236305,0.965162779566508,0.974390027960308,0.993120446404528,0.229713710314928,0.195256740382902,0.178035467516887,0.152612828585626,0.12193371432728,0.0874507462759449,0.0526725803381802,0.0153851585323459,36057.9027545327
"180",-0.186097440978903,-0.133709861312564,-0.140738101864897,-0.0485952182660871,-0.0216566759220017,0.000159474867628944,0.0124796824394294,0.00733505707671594,0.967314921377007,0.945813736829082,0.9602123622009,0.939136652995969,0.951963489989187,0.959593659200374,0.973666024029115,0.993534880633002,0.235569663302222,0.199053973647807,0.17404745604995,0.155413428852437,0.122551471844255,0.0869232685038774,0.0530629129551922,0.0152673293846655,36060.599268143
"181",-0.147128669160004,-0.131395186061304,-0.186598796907991,-0.0886482782818422,-0.0336391649240984,-0.00983072159425938,0.021260527645657,0.0085375682641606,0.953365920896485,0.945015953520512,0.975567141976856,0.952976126943919,0.956243397246355,0.962264682117627,0.97097541930688,0.993241134644751,0.223735164341483,0.194976583844027,0.174951599025943,0.156261815158086,0.118216614291369,0.0854437055036154,0.0536932042787348,0.0154573997240381,36059.9949298355
"182",-0.163215279479075,-0.115194357192078,-0.141890661918891,-0.0622573211398836,-0.0448788213237717,-0.00563853204304347,0.0122065425636204,0.00587568241771945,0.957898987614758,0.940331432164058,0.958105819215033,0.942838628510838,0.961224003124472,0.961017451038781,0.973151696211651,0.994278235271731,0.231342093392174,0.195391004793261,0.178900427945995,0.158906213260995,0.118397541429024,0.0871602487678207,0.0520979379206751,0.0153186108785658,36060.0915063373
"183",-0.190071786456919,-0.151193110724713,-0.136415440001276,-0.066120900606927,-0.0487473003758143,0.00208408668430024,0.0124367396761749,0.00555460718911809,0.968616222659735,0.956021854235924,0.958087978351563,0.946510716870975,0.961890575888903,0.957794351492757,0.97352527887743,0.994394567069469,0.226341756076063,0.198582905901609,0.175280237529886,0.152277844474638,0.122158428713256,0.0855402530267193,0.0553325300497994,0.0153737933620101,36058.4687779069
"184",-0.163504408820644,-0.111877100165511,-0.144351439930699,-0.0506380697512949,-0.00634822446032786,0.00270400320167626,0.00699517729580136,0.0081561940800355,0.956572556528037,0.938354736217716,0.958340191009241,0.939188180995183,0.94702664757882,0.95780796708928,0.975472726264927,0.993626954405499,0.225983947184931,0.193296626146984,0.181034802529786,0.158537397532835,0.121578834329373,0.0867614282548136,0.0520053327051484,0.0153162987758053,36054.8392583364
"185",-0.178377684363858,-0.141052279602465,-0.166171434955614,-0.0464090157957469,-0.0454891164323071,-0.0215949379462739,0.0126288527288595,0.00510128843052497,0.963504846449655,0.949377763377019,0.970886111887817,0.937664349237774,0.961602454606279,0.96655320625562,0.973942330371114,0.99474079259852,0.228508764437198,0.197149122934861,0.179131302489052,0.152525455244111,0.12438667505953,0.0883394075652844,0.0546264279677569,0.0155210935360919,36056.818838413
"186",-0.164190845549405,-0.111925041436983,-0.132372246986458,-0.0753449002404422,-0.0452393876228005,-0.0153116635939884,0.000656465803056843,0.00912203351917123,0.957278368511249,0.93943951679225,0.956281977012369,0.950162973989539,0.961423749079453,0.964971004287633,0.977279667786918,0.993068502025003,0.226817366785189,0.195657843286539,0.174140007401865,0.155188793421909,0.12121805979554,0.0850878035772145,0.0534534547352811,0.0153984131668952,36060.5750077242
"187",-0.17481509954694,-0.119279706658702,-0.13554449667231,-0.0593516713656666,-0.0364261587752509,0.0111547643699149,0.0223620406013868,0.00673755446054381,0.962501257034545,0.94185665561703,0.957075931357808,0.943578427238771,0.957388634368231,0.955459116654695,0.970241448431453,0.993891339007787,0.223690397986606,0.195346581180949,0.175231712732158,0.156478962228397,0.123479421136038,0.0840697010213685,0.0538576396461426,0.014859988882743,36057.9429652301
"188",-0.175291725621364,-0.112703747675193,-0.150869757180335,-0.048191056334294,-0.0352072046984172,-0.00893869245834106,0.00865303440194035,0.00576060454448395,0.963517907403392,0.937884361452766,0.963116936129909,0.939153423142104,0.956486869182448,0.962167321329169,0.975042393071568,0.994301550195148,0.226008815249749,0.193928977759953,0.171978760067775,0.149723552101816,0.121070403296831,0.0876083735144681,0.055309734566978,0.0150277012742511,36059.785013082
"189",-0.136895053375391,-0.126891027720724,-0.148814633995021,-0.0615532016303468,-0.0357751941941184,-0.0181665016620996,0.0183331805605685,0.00717017888635989,0.953216027961106,0.947137803141402,0.962886399482743,0.944712668098223,0.956470664379281,0.965931399812745,0.971386335770564,0.993717926239369,0.232355841029085,0.193942793775755,0.172681939214612,0.153976364081546,0.12126729837836,0.0883159378123553,0.0534928836263177,0.0150188021907255,36058.3549004008
"190",-0.179176309506675,-0.111835932867821,-0.12137149463862,-0.099324628542278,-0.041615653357848,-0.00522821074779536,0.0196059658154849,0.00623817542952254,0.964301483376696,0.939579613474521,0.952891205998989,0.956398716260068,0.959155112229411,0.961134560723346,0.971332144391025,0.994237232444001,0.225723253419756,0.195187387429382,0.173094593101704,0.156842575717987,0.1208004270248,0.0855626647852336,0.0540136808324466,0.0154178024011474,36061.7746831047
"191",-0.132176930339504,-0.145517272698422,-0.171293365393849,-0.078775327157711,-0.0369591958587564,-0.00584187548850631,0.00609294034403547,0.0056193860969565,0.94606350463313,0.954851255872685,0.970627932001727,0.949417324165694,0.959053024415533,0.960068732020223,0.975459087297829,0.994087182208244,0.229403966165945,0.198600584507481,0.176569704437765,0.151676434539179,0.120670330267265,0.0867681733467368,0.0549906654263382,0.0155538213499917,36052.2078920929
"192",-0.16632018509267,-0.122348010139969,-0.161502152409896,-0.0881533214490214,-0.0405040475906622,-0.00483216331019569,0.0166859751582413,0.00590435125650574,0.955619418695567,0.94171915226245,0.965520709102927,0.953681050408755,0.958367088608816,0.961135381756049,0.972489110826786,0.994239980257887,0.223918913106871,0.197724419205994,0.177774132456406,0.155288218335467,0.121130471389549,0.0855527447285073,0.0536122645886029,0.0151294354343207,36063.6614456291
"193",-0.185785204801364,-0.160480359992195,-0.147389343884166,-0.0434087414992333,-0.0589839625474986,9.45641301353697e-06,0.0199295707524205,0.00758853404360367,0.964267420057887,0.958046415698927,0.96207065466392,0.939435767233572,0.965904123089581,0.959526728770894,0.971742872943745,0.993747366748661,0.21966104238937,0.192049659135085,0.172623826881406,0.154034815367531,0.119630612878842,0.0877154851195686,0.0520343501537326,0.0149772202241249,36050.9576236066
"194",-0.144928372635113,-0.147503207467634,-0.151171064530882,-0.0682012107728209,-0.0381119666407824,-0.00796064777163972,0.00145047035520848,0.00719690129343132,0.950462551507291,0.952631686216534,0.961665484471692,0.944838979521089,0.957094462520459,0.961070455466938,0.977325824116822,0.993859950557457,0.224971246201644,0.195688002091147,0.174937024988399,0.155537396346918,0.120685112409719,0.0870574735766472,0.054059775244061,0.0149141818049679,36062.5555085304
"195",-0.20034120910243,-0.112432038828712,-0.112364603738776,-0.0511892425222125,-0.024360649489813,-0.0141240434795357,0.0159847614937103,0.00626133263779935,0.970234950755971,0.94204242072795,0.949157084181725,0.939313720925156,0.954204033231552,0.963553787532131,0.972801860708402,0.993939828603718,0.221483011639201,0.199493821384101,0.174924894303784,0.150174237409687,0.118695414676059,0.0863388130022612,0.0533994021794667,0.0151606116102815,36055.0212956367
"196",-0.142466985838983,-0.141264831171588,-0.158608854149218,-0.0428494433987221,-0.0386702195801646,0.000591347979171849,0.0077068839465219,0.0070683423141568,0.949055039807425,0.949626228683255,0.963405500028973,0.936221148152903,0.959492030507297,0.957904672989006,0.976115180097892,0.993784374142868,0.228526135687358,0.192310393839065,0.183436816392278,0.16139563852822,0.119948641645611,0.0880700068734618,0.0529594375864083,0.0150975967707388,36052.4058820796
"197",-0.158345031394992,-0.102863044928127,-0.145166852128563,-0.0850928555771942,-0.0310384039198586,-0.0120846402094976,0.00647746337658777,0.00732048511020619,0.952792942568769,0.936668420805667,0.960112527687254,0.951805486218372,0.956146308998665,0.962488880282312,0.975772995347856,0.993580887942173,0.229855331326352,0.20217035861557,0.174398053727916,0.156569663256956,0.120159759788255,0.0866690174738421,0.053537796960529,0.0151765988662678,36061.3945555376
"198",-0.12181058914882,-0.0981817323170149,-0.154471176674414,-0.0482149345397776,-0.0516495321006392,-0.00890545198691376,0.0117567836401533,0.00864779133439471,0.944270856161478,0.932412867106292,0.96466182743409,0.941763225584336,0.964061498133639,0.962247788642613,0.973786365792098,0.993233967976384,0.232628601191873,0.194891818401698,0.172687554038008,0.14930482169649,0.119850378516351,0.0876120499074019,0.0538358761299756,0.0153017718701068,36055.0459180858
"199",-0.157835118739439,-0.116044584538135,-0.168553871266821,-0.0507356247970133,-0.0328432976497901,-0.00715632753028206,0.00791054496614258,0.00558106718940481,0.95781039980358,0.939926951657224,0.968712946251676,0.941917113401098,0.955754068939107,0.962144742230718,0.975275425920219,0.994494236867113,0.228184984967291,0.192390492313231,0.176014550402442,0.154884532786212,0.119414030350622,0.0866709421674609,0.054446524698148,0.0151478105371546,36063.7377579514
"200",-0.203937464948202,-0.142646678307522,-0.152554465565688,-0.0458582759902928,-0.00700025024064105,-0.0157780689631333,0.0177284731265324,0.00836251772872527,0.970494758537329,0.950362239694744,0.962941850757621,0.938622253689658,0.947638255178123,0.965863707100841,0.972293311312097,0.993373039979188,0.226808523518533,0.197443303491454,0.176363996054222,0.157765053153004,0.120957028053228,0.086990419413958,0.0545505210102461,0.0153613277578424,36061.4544561569
"201",-0.135352654510183,-0.124786173998859,-0.156160342824029,-0.0687647586931329,-0.0238710180089755,0.0035070202864016,0.01103154580119,0.0069762655677977,0.947386266623663,0.943053794047979,0.963835230926759,0.948790073877033,0.951417232151163,0.957825343205367,0.974079215344327,0.993777004838409,0.221621061961687,0.195851463162186,0.177515487404995,0.158234322536309,0.121003034076063,0.0860199075633538,0.0535790043817961,0.0153302819984881,36059.8377122103
"202",-0.130009329001468,-0.109282696716443,-0.157685987484797,-0.0849523173497518,-0.0497156304611919,-0.0155838831280767,0.0196567391044372,0.00862501726084422,0.945262707039052,0.937433499851615,0.966194665601112,0.953700511518581,0.962004946576367,0.96434318472882,0.971167655816885,0.993510646056195,0.23244591045697,0.199583194145573,0.175126991175851,0.152866660146915,0.12088705155653,0.0873601993426079,0.0545718357518013,0.0151630870133703,36059.0669692251
"203",-0.178765501585954,-0.154701846058516,-0.168955301686664,-0.0392504699469165,-0.0159084399307999,-0.0108923737139116,0.0151096651031639,0.00670433042266138,0.959766196013454,0.954892168346704,0.968667840274847,0.936495918505576,0.951427758317308,0.963306498359684,0.972944321108654,0.994031034219085,0.228927130770014,0.19833779431853,0.174759667014821,0.15960907556921,0.119558206025749,0.0882705758909199,0.0535202893620768,0.0149357778251011,36060.6625960204
"204",-0.130877619793163,-0.158154691095356,-0.161076710408256,-0.0675085395747212,-0.0411307679173909,-0.00498692660455865,0.0160379769934631,0.00791194547892921,0.947862550562226,0.954392875809487,0.96463130477976,0.948432227960291,0.958526321804884,0.96169491802363,0.972273911797198,0.993456124482678,0.231915850815228,0.198845312219873,0.180519072920697,0.163677601468015,0.120677723463764,0.0875533443864021,0.0521549868912288,0.0154507401052087,36050.9145978611
"205",-0.188152932919442,-0.116477000324419,-0.147253413667482,-0.0462825019579935,-0.0347749869720326,-0.0107245428495668,0.0205587040494151,0.00691714745124137,0.966655367552103,0.938987295571662,0.960272600300037,0.938106641518178,0.955543872813329,0.963413925037309,0.971005229757805,0.993761820654195,0.230483699988874,0.197205221438274,0.178417606262401,0.154443552279515,0.121821694180761,0.0872918618702922,0.0535103152281368,0.015603244127348,36061.8823105389
"206",-0.142692650898406,-0.142295898119875,-0.127780532944566,-0.0486482844450298,-0.0270142620843826,-0.00631182099667941,0.0100705080794337,0.00511055369816156,0.948714280089433,0.950516457869685,0.957659858944323,0.939075496722865,0.952750514541289,0.960723215379256,0.975080353980566,0.99461746988291,0.223636961113433,0.197493346202216,0.176256456571662,0.155819137113629,0.120124179119609,0.0870785836669985,0.0540294124487056,0.0154667806689205,36060.3039216643
"207",-0.159133637718635,-0.0982437805001624,-0.182787883879392,-0.0803637275805939,-0.0418959387757269,-0.0117811882870953,0.0211248457713327,0.00581751239067648,0.957455750445091,0.934274384558723,0.974850030763009,0.95089887266982,0.95980335159086,0.963636607141643,0.971372053591892,0.994286820834778,0.230617133509139,0.194230904040831,0.175364179869792,0.154448152477549,0.12140898316723,0.0868435393793993,0.053821834370593,0.0151901219125117,36061.686579666
"208",-0.154486829299039,-0.144375957333815,-0.149885290478815,-0.042446179474759,-0.032318595182547,-0.0109910964021135,0.012322273130362,0.0060239036400181,0.953702622142351,0.951700494125879,0.961472611914148,0.937251985673125,0.956676191775434,0.963930736846546,0.974189171023128,0.994308664071456,0.229351778938239,0.194643415050476,0.176589081711859,0.157650367406366,0.116953262874315,0.086961342439844,0.0536460185204793,0.0153729001450061,36063.0249842387
"209",-0.154283461319103,-0.095603347225411,-0.167484477721635,-0.0899039169093165,-0.0490123806168179,-0.0156454538687576,0.0125157642817584,0.00795743914856814,0.953693925768716,0.932845739348635,0.968027263686392,0.953586861210182,0.963818721630879,0.963674452657831,0.973671240765789,0.993462345343072,0.231922584882442,0.200167414712547,0.174878877479457,0.15526793381031,0.11998889556692,0.087977075534093,0.0544156104719272,0.0151576442187564,36059.9398468613
"210",-0.150958212191775,-0.118082928807989,-0.142429257194427,-0.074089333933855,-0.0337181351592493,-0.00128298097690992,0.0119801992254964,0.00672530749647312,0.952663202841678,0.942993550579604,0.957434594716061,0.94794587144065,0.956054496714531,0.960200338929812,0.97382720354933,0.993971407512818,0.229248993620262,0.19877848330338,0.178466286364997,0.154794790414545,0.124741943376055,0.0864778710118203,0.0536815607803097,0.015234763396955,36063.3285514772
"211",-0.140299707712596,-0.119166571610746,-0.162477256984841,-0.042746428973915,-0.0306543071094914,-0.00678653136096561,0.0135054178983263,0.00849987533199261,0.948006418639654,0.944028049367057,0.967587228479345,0.937796671097536,0.955171354529719,0.960629339079355,0.973179557170848,0.993320367429137,0.224029559701388,0.199893822991275,0.183140048346098,0.155719418928705,0.120807931111477,0.0873114380097962,0.0539260903153403,0.0151195784162147,36060.850190708
"212",-0.126647118871973,-0.138191478342733,-0.128165378959036,-0.0803115656610948,-0.0347792559080123,-0.00606626552577914,0.0221093569007883,0.00897354059141743,0.946963801846373,0.949750914738182,0.95593175957669,0.949482233964143,0.956923526319501,0.960492230026448,0.970266054482346,0.992995061093047,0.227092419462718,0.194311142249942,0.177508912739547,0.155454499548261,0.120562149856434,0.0877284287022396,0.0547515165723985,0.0152434038300703,36061.4801040075
"213",-0.160295011898837,-0.103834835545298,-0.128734445672272,-0.0333703518460034,-0.030211878981701,-0.0258660266039006,0.0166129157401244,0.00836723857196651,0.956653381259107,0.939142172716142,0.955150141846093,0.934885414312699,0.955094923504324,0.968370532539596,0.972177042673806,0.993494297629128,0.228566497198339,0.202484441141749,0.181939076675243,0.150301684259646,0.121435239115378,0.0867125082384263,0.05333148133893,0.0152225643684864,36055.7991449575
"214",-0.170534097791095,-0.125379422914609,-0.140171655736507,-0.0511988330547199,-0.0443199353314255,-0.00609337864002821,0.0121174882022958,0.00615498673405155,0.959637884672352,0.943963314598987,0.958816611726472,0.940536712453125,0.96227684874842,0.960373236460876,0.974024043279425,0.993949552355756,0.223860719330716,0.196331211667937,0.174814827574182,0.1558610635825,0.120807975031719,0.0871059495512914,0.0528542061418332,0.0153416049701447,36062.5408728761
"215",-0.146464404822697,-0.138287676481185,-0.131136644645258,-0.0507988683930836,-0.0397003282034587,-0.0151477156350773,0.0135101593110609,0.0083429553667263,0.951597470256417,0.94946938298136,0.954804535967344,0.941810075979537,0.960364641594107,0.964684521581243,0.973371063347442,0.993354353430157,0.230103299264567,0.197277674143578,0.174099172526711,0.152270258359766,0.122760466528504,0.0887250649786077,0.054001956909193,0.0150375711782455,36062.4770669616
"216",-0.184061888359485,-0.112114495767351,-0.152658423350593,-0.0866625398830225,-0.0367938820148467,0.00255161167891558,0.0167923308573526,0.00756406685999863,0.965414472830915,0.93825625233375,0.962420527937922,0.950680918128174,0.959214891581309,0.957425777254151,0.972099025172413,0.993750510984493,0.228638721844394,0.196442094917289,0.176015252221673,0.152452187716653,0.12178037849601,0.0867303768257418,0.0531860718387323,0.0149606065938333,36060.4501077963
"217",-0.151632964371519,-0.115381113655699,-0.14230908041773,-0.0750890512997922,-0.0308989076002085,-0.00880434889990875,0.00740571027254195,0.00778796105161925,0.954909313554813,0.939027301589525,0.961426408115087,0.950217259868207,0.957876780336135,0.963141972568015,0.975501044633592,0.993503064285698,0.224622430082233,0.197299512667889,0.179328979848563,0.153724805531441,0.12058397973776,0.0870877660710863,0.0534272949333601,0.0154031265936696,36059.4310146814
"218",-0.219381987097344,-0.107121191583369,-0.146420772652584,-0.0695549850605345,-0.0303896657433327,-0.00733339248863537,0.00666579320987632,0.00518859664539565,0.977229455917143,0.939279058071135,0.961586803409713,0.948041082433659,0.955123519300527,0.9612885361585,0.975333283375022,0.994479137681978,0.230617751528816,0.193334230175384,0.173097601263835,0.153754015206418,0.120445673836382,0.0884040276589621,0.0549410496725702,0.0152719072971744,36060.6008557691
"219",-0.175350851768182,-0.120468065082635,-0.156269729515711,-0.0602017536402528,-0.0480599112167344,-0.0223942252631217,0.0161016871672459,0.00787611589498297,0.963596327876478,0.944056024770483,0.964902011881028,0.94420080661762,0.96273903875482,0.966928683072896,0.972290816320909,0.993823905886616,0.220988159087655,0.193372138152198,0.177886219376425,0.155593551002112,0.119450256055073,0.0876679897855205,0.0546715869986609,0.015226447129843,36058.6859588777
"220",-0.117926007315557,-0.103057309931071,-0.174260847434771,-0.0638212205668692,-0.012954335876349,-0.0115305895462122,0.0169590218371629,0.00718915198874902,0.944629278279712,0.936458679737757,0.970664543747445,0.944636455933298,0.949459191140431,0.963154910663259,0.971061203194691,0.993673549273868,0.229393185657097,0.200664160848031,0.173600213115486,0.154310146487796,0.122338239768008,0.0902969097035825,0.0534132180079275,0.0153157030610144,36055.2495089566
"221",-0.151627096726451,-0.138484822540611,-0.143204345249425,-0.0577972997499463,-0.0465424102504304,-0.000930035114255591,0.0141582085684823,0.00740601655069542,0.952572091847374,0.948056901992489,0.9601791184272,0.943763263958088,0.960199739134396,0.959030597354446,0.974178744858595,0.993640945118344,0.221828299338116,0.195533589777735,0.168757717902477,0.15253874590127,0.120090828989933,0.0882775531605248,0.0548638254863116,0.0149012803839348,36055.0337636565
"222",-0.129583827293634,-0.109677695707518,-0.169854829710824,-0.0502513645758689,-0.0191505950140921,-0.0224938773624346,0.0152068445354134,0.0046654518523659,0.947798430171571,0.941548496712849,0.969505548570384,0.939248058523893,0.951534233999656,0.967195036092345,0.972848629756713,0.994737724099571,0.22948730877693,0.192535111464341,0.174760722630144,0.157954984211945,0.119426751632424,0.0889971700308379,0.0528002177300116,0.0153284957202213,36057.8891656305
"223",-0.208978199272326,-0.125790522198123,-0.160900936585743,-0.0612004660572192,-0.0406216281361002,-0.0291554464465716,0.0145226281404492,0.00434863781097724,0.972905314439738,0.944747038773872,0.964891049414234,0.94335586731152,0.959502368083859,0.969213247110509,0.972990337138508,0.994891525533445,0.229860311240294,0.1947428639678,0.176279526625109,0.156201819317957,0.122140043557316,0.0876916061262773,0.0542354713634424,0.015511119823807,36062.318459964
"224",-0.158136587973903,-0.109704824212219,-0.141769376645521,-0.067443581563471,-0.0293879614302636,-0.0105882817665429,0.00800068970771623,0.00619855813588932,0.953704944263075,0.939002341305431,0.959109639964718,0.944388828851177,0.955657643903836,0.962541474792142,0.974658528896397,0.994265819654552,0.229457649980383,0.195677309616284,0.176316046801855,0.152990085148089,0.119624748982784,0.0860636338934969,0.0544678122480913,0.0151711312335029,36064.4009861376
"225",-0.154182355347936,-0.141087690988146,-0.1504271459346,-0.05024216813194,-0.0414445913883083,-0.0278275745783192,0.0109204291832144,0.00605707531982296,0.952152272716803,0.948175362252185,0.962233421913797,0.939233686452674,0.959331221462697,0.969041324107322,0.974041764212903,0.994373310900081,0.232148959602253,0.191182783983806,0.174239134242103,0.156754693234072,0.122836365223868,0.0859116322664805,0.053011003092121,0.0150477772301203,36060.290984962
"226",-0.1525928403167,-0.0995284830391017,-0.0927137041560993,-0.0437420083737128,-0.0583587541923373,-0.00784351555170997,0.0107742174152763,0.00754823089812649,0.95444922905477,0.936144606014241,0.942701812090234,0.94026046428999,0.967070487097993,0.962802503600441,0.974322412302951,0.993566660481713,0.227565576715303,0.202223355661934,0.180877389216897,0.159394467983242,0.118874132121523,0.0864599821931127,0.0533051265569853,0.0154392798635649,36048.8958948866
"227",-0.155491991785706,-0.118231304600949,-0.167919932671855,-0.0631788923853705,-0.00643486485236022,-0.00460523345626489,0.011657521586477,0.00498040255191688,0.95584013486017,0.940891495322005,0.968526874463845,0.944335517103337,0.94750748313206,0.9607771983407,0.974200077270595,0.994634323566011,0.227237971942916,0.195850114747736,0.17906570214716,0.157337179107949,0.121921552609714,0.0875512017603487,0.0538040755501821,0.0152576108465692,36064.1215072169
"228",-0.149968541047091,-0.128808427118799,-0.134735600799737,-0.0289733390721039,-0.0434519325735023,-0.00961602825926674,0.0169368237489092,0.00830802932954204,0.951916571005094,0.945736546715283,0.959143735857015,0.932973826766898,0.96001808084544,0.962368473506906,0.971837365712296,0.993288322322841,0.224530684733422,0.193854282966635,0.177472279190127,0.15431501786422,0.118797641542976,0.0882537176992301,0.055273654787797,0.0152900945718971,36061.9587000864
"229",-0.20726847856873,-0.113612381773224,-0.132217746419541,-0.0325757561137563,-0.0356915749322133,-0.00418466131643253,0.0163345761942642,0.0085956976948097,0.973382790940503,0.942037591674442,0.955252680793048,0.933537035805362,0.95696350314642,0.961095820570817,0.972303300317504,0.993443728169652,0.231229440783406,0.200844573524812,0.180350831459295,0.154224970139983,0.120433305703651,0.0859802395188586,0.0539738198698734,0.015245745294077,36059.5863800003
"230",-0.179273989369714,-0.110066354841936,-0.152862027646393,-0.0702305616549961,-0.0486384568837466,-0.0172473901750504,0.00230769353952631,0.00746286864117983,0.964330930307486,0.941188495937867,0.962152867196018,0.948238766762595,0.960651263063608,0.965384425458843,0.977350401585561,0.99376788031206,0.230320372830048,0.194360034150381,0.174415490266634,0.158427182915649,0.122900239885786,0.0882738865756307,0.0531757102528398,0.0150705816420366,36059.4791496973
"231",-0.171062251549896,-0.121892192086014,-0.186933498842008,-0.0701084715625836,-0.0367506338818713,-0.00394134091577598,0.0102915153380178,0.00763020481047925,0.959188802243387,0.942618510011021,0.975846913833776,0.948957987557255,0.95774964708497,0.960359514586207,0.975319788994943,0.993521980443214,0.237486442417977,0.198312630714318,0.179868426145454,0.162223438734833,0.120406728332545,0.0849105531275216,0.0534895481441695,0.015230350327753,36051.6306209806
"232",-0.195101193819474,-0.145942132659212,-0.145073459230336,-0.037706893143195,-0.0374452591595204,-0.00954456622265614,0.0196661225471746,0.00615472790954461,0.966558207209762,0.951178896562689,0.961240419341521,0.9351053383376,0.958067167368405,0.960917377074442,0.971091713896949,0.994034303645288,0.226258856215021,0.190314666411311,0.177384269042884,0.15527802276464,0.121752246481024,0.0876140118896464,0.0542182215329186,0.0151399579108317,36060.7697396612
"233",-0.160611043502756,-0.158777577555531,-0.150751682791195,-0.0913123508601066,-0.0188758475284794,-0.0259951272193777,0.0106595152805741,0.00908120310266384,0.956156107162851,0.954831929735819,0.962749829480367,0.955181539721575,0.95131070161159,0.969161391413517,0.974566451839015,0.993005533556275,0.228733501631039,0.193888831591483,0.178278306169884,0.156363826714147,0.122587960790403,0.0864823501743752,0.0540997846567061,0.0151731817384109,36061.1818937759
"234",-0.161877270942484,-0.136995757335641,-0.15231889024679,-0.0698417840558461,-0.0260376551676219,-0.0173033603412058,0.0163212096393738,0.00690188473497913,0.957980608060459,0.948604129487528,0.962988042243543,0.946998093471056,0.954802014963753,0.965325358123137,0.972294258681131,0.993789610953674,0.225170799674189,0.197714663920173,0.176828911365618,0.150935439433432,0.120128500691773,0.089629576535855,0.053702811817053,0.0157047280515163,36061.9077831265
"235",-0.170085439522745,-0.17922976864781,-0.154295147209803,-0.0554030574092933,-0.025565962482484,-0.00647687661601025,0.0111627803463669,0.00591829994904598,0.960089153318839,0.961295357596895,0.963750308148914,0.943701796692131,0.95263428400707,0.961301096092496,0.974183354724254,0.994420447549832,0.226289946234878,0.194434723409174,0.175353258599446,0.158810373898406,0.124733759030293,0.0881689216931385,0.0544753148814674,0.0149155356760664,36058.3189911963
"236",-0.174145214959053,-0.115090886664545,-0.171434016795541,-0.0838731097349869,-0.0227291725067188,-0.0167419525715115,0.0129153683521076,0.00466472883888462,0.961847900122449,0.939622057298335,0.968050287474187,0.951789803317235,0.954757850495206,0.965423120322324,0.973636063242733,0.994667375615425,0.232133882042957,0.197496673140195,0.181393345555589,0.156644843967229,0.118794590142684,0.0873684770616941,0.0527930774407244,0.015380606701912,36057.1264608183
"237",-0.202701360709843,-0.150771479005593,-0.12253866410877,-0.0434012661110008,-0.0407004389330212,-0.00690337158090391,0.0105163530505296,0.00559610618722017,0.967157286200992,0.954367005142771,0.952682197537253,0.939920861535324,0.95974950522198,0.96156536847166,0.974429129569764,0.994375538629072,0.226949781649999,0.195561228079757,0.176328469572024,0.154520836717923,0.123853603279579,0.0886905659533521,0.05561600539335,0.0152670957233931,36056.8903311671
"238",-0.170861741862541,-0.131844696391075,-0.149664610420853,-0.0772205437856276,-0.0452316301924855,-0.0133592602668611,0.0200469210648286,0.00706202512891786,0.959803532345696,0.945740468752571,0.960980418387031,0.94907783740888,0.959549506791192,0.964187103526521,0.971464271048987,0.993860700516624,0.230461064112511,0.194328761182052,0.173348832408789,0.157987268486712,0.124276578443833,0.0866461655562832,0.0551967587698768,0.0151825520191092,36061.5825164248
"239",-0.149899405435346,-0.141140140069239,-0.139376938579475,-0.0681736902321557,-0.0263401476261602,-0.0257525382804726,0.0155384633980468,0.0080031706326446,0.95262001929512,0.949368521673306,0.957654661751598,0.947377304473433,0.954313882226459,0.968024662401941,0.97324778337608,0.993524448360663,0.223188161140309,0.19600940865233,0.174723936336366,0.151782557343897,0.122009924188382,0.0861731878013796,0.0524416062406251,0.0149477414510251,36060.174153931
"240",-0.206784659283255,-0.134834836703061,-0.193544020720747,-0.0600665364379881,-0.0288001030757461,-0.0115925589667552,0.0150978731979334,0.0112049221533335,0.974344508701061,0.948327445238645,0.977829558197423,0.941860815499143,0.955735704768482,0.962502454035938,0.973135268885423,0.992392945578287,0.233675535741938,0.193217657397188,0.178597416633781,0.154226673790875,0.12039555677432,0.0853373129042428,0.0536605301895564,0.0155063138779598,36054.1410706303
"241",-0.132896718208926,-0.1432967109666,-0.157680798867625,-0.0552092483560692,-0.0279485610353929,-0.0293205608417063,0.0102047759771897,0.00512390784713425,0.946667930067109,0.948868449146423,0.963992138471684,0.941454941248571,0.955784023941271,0.969303041414273,0.974444351615936,0.994577956093136,0.224778437977227,0.191555676078145,0.17184402715038,0.154879741236364,0.122181061831388,0.0869223299705327,0.0540006681164121,0.0150909986249303,36060.4294302911
"242",-0.132954428205738,-0.13568583483317,-0.123234755036492,-0.0699098289321234,-0.0636982212640017,-0.00175613206819024,0.0144281012908567,0.00659027574607463,0.949513664419928,0.946559202273721,0.954147412509882,0.945122000233726,0.965155901213784,0.958879046394679,0.972929523537996,0.994033709477144,0.230284701397621,0.194800284783133,0.176269219378313,0.155712311707611,0.120796423010854,0.0853409689877408,0.054667707741309,0.0153927757208952,36057.3571396024
"243",-0.11625592612909,-0.12560266148836,-0.148776607927056,-0.017953624074537,-0.0475533087454656,-0.00795718752228793,0.00694011391530714,0.007762157524633,0.942584960625548,0.944710909879828,0.960801811235621,0.929134996825716,0.961420778548705,0.962146934009373,0.97619745904665,0.993728759998412,0.225591526067805,0.19391907404286,0.17827447745237,0.15078140986063,0.115527656179996,0.087274636120536,0.0524546274774711,0.0151951952053845,36051.6614564076
"244",-0.171371483037209,-0.106842387357276,-0.154197256237612,-0.0472367197621124,-0.00620699526898154,-0.0012706628882812,0.0185723635807952,0.00995632841863684,0.95738854862663,0.937306981576596,0.963724385946343,0.937531300836854,0.947225175028824,0.959183176607739,0.971906564525057,0.992618239150445,0.229369405514891,0.198733780704304,0.179630719151344,0.151868566823732,0.120009546242728,0.0887234932506689,0.0546965305371452,0.0151900326698855,36055.9448894773
"245",-0.183570185710658,-0.0547408851780497,-0.130508681723242,-0.072574752187872,-0.0270298635397111,-0.00167724689776598,0.0160382967111657,0.008202951621113,0.965865545434471,0.920051273267975,0.954118941359141,0.947967448286921,0.954564813446722,0.959135876697895,0.972285504126781,0.993516355141334,0.229194782548501,0.193724050281756,0.180344226664034,0.155369221311596,0.121802721239176,0.0880562966159719,0.0545923084787066,0.0152620025642952,36057.7841928098
"246",-0.156496159445652,-0.127189927252963,-0.154645345154539,-0.0573190362137755,-0.0456352192395562,-0.00345626911514635,0.0142082595710541,0.00671085588008105,0.954323182892509,0.94473471268683,0.963490113176873,0.941394294321442,0.960324683412266,0.96033254303696,0.974306868648504,0.994106162119911,0.222929840461923,0.195617442080565,0.169626805368539,0.15317447668382,0.119690230332623,0.089051452307684,0.0548534675845676,0.0146957872118932,36053.4341476834
"247",-0.168270655035954,-0.133996749907616,-0.183388194205766,-0.0807235652792276,-0.0502231889104476,-0.0031447471638634,0.0016327812820516,0.00761791797691858,0.959198920345667,0.949252845925042,0.974520847550092,0.951889212100955,0.962453778896077,0.95997937668181,0.977874221196822,0.993542598250907,0.232388313881411,0.193290249896774,0.174015754262585,0.155399041705037,0.118301302097127,0.0877259383420336,0.0539657916969222,0.0152743965157879,36059.2490184079
"248",-0.182295929141934,-0.142684692855962,-0.158252971370264,-0.0511239000567882,-0.0219072601956179,-0.00252265505920525,0.0135223294810463,0.00666165225356064,0.963020156994058,0.949404117324696,0.96368906829292,0.940621536498108,0.951570897363997,0.960315377071449,0.97217791879228,0.993955815509041,0.229254901398976,0.192695224666953,0.175551058691096,0.157809316683205,0.121323692272213,0.0888521297514398,0.0531504269028861,0.0150581172283629,36060.459323573
"249",-0.171451020184109,-0.103204220043711,-0.144192894191077,-0.0460141617080631,-0.0312974496998546,-0.013718422666173,0.011431939164456,0.00636404270583135,0.956788657367061,0.938346839325296,0.960523555917988,0.939571537017209,0.953567928056125,0.963239403837396,0.974137547631432,0.994167440067032,0.22668455133333,0.199633809886728,0.178005989278924,0.154345150012257,0.120655939608492,0.0886807637236512,0.0543565195365729,0.015289674508931,36060.1903375967
"250",-0.17089579132845,-0.109299836112861,-0.152228816184881,-0.0580549877046342,-0.00905012894841836,0.00199984891244148,0.0188558622485616,0.00856646125909692,0.96347560177204,0.937064796805145,0.96349154280414,0.941357320182312,0.948737192890969,0.957840173691955,0.971314275893262,0.99337062212786,0.231679805075359,0.198288865803242,0.180819358314371,0.152325788582156,0.119834167603953,0.0888587776728306,0.05447594357474,0.0149655638804546,36054.9672385879
"251",-0.131995674566532,-0.11665089849704,-0.141440576020875,-0.0474418670398617,-0.0225911119965337,-0.0143137838915823,0.0220596203667325,0.0053347830645576,0.943007605262109,0.939464704555948,0.95890232427816,0.939648709773397,0.953599949633247,0.964135807051972,0.969802654303061,0.994608690730676,0.228159063492928,0.19238940620319,0.1756209000734,0.152072549999224,0.119870151926925,0.0861034039501206,0.0520113319261804,0.0151865149307887,36055.7450734768
"252",-0.158951978545975,-0.132182286276912,-0.149750431935152,-0.0570426241521857,-0.0396064702755256,-0.0214599507823137,0.0205040811384369,0.00431238513535602,0.956045578046615,0.946406497870961,0.962271079031789,0.942625637881079,0.958943610959745,0.966639157622051,0.970739550431017,0.994784878266255,0.228564297886258,0.195703918140841,0.171996223187524,0.153619692825741,0.119997224001652,0.0856531956107241,0.0536079173825829,0.0150159165453056,36063.9893170038
"253",-0.189759049156931,-0.131039407136211,-0.168841911938417,-0.0916273545021797,-0.0263040344563958,-0.00775162241768345,0.0134643745764643,0.00610452935017108,0.966811580907557,0.945626148627179,0.968794587414998,0.953724293578385,0.953739016846216,0.961449783643798,0.973262693254209,0.994209474332212,0.231278725947257,0.199251065103254,0.17597373526078,0.156228710294583,0.123194312363563,0.0859416892695015,0.0524350545204405,0.015299766266183,36063.13549033
"254",-0.126574644842118,-0.138056703454398,-0.144703110035027,-0.0871291350426637,-0.0261717593002254,-0.010306531062672,-0.00147282878682326,0.00650290781298969,0.94850390239858,0.948545614603169,0.959846212546291,0.950846001758666,0.953803364823771,0.96353931551267,0.979092237207903,0.994002013732662,0.231600744963596,0.198577796992212,0.177756698971439,0.152994796125996,0.119965582873498,0.0865180653409751,0.0535557560160984,0.0153287765443253,36056.4450818534
"255",-0.216755757681929,-0.169422616212188,-0.15964984768881,-0.0434065934667249,-0.0345966963101583,0.00272431102743076,0.0148512159569311,0.00687743147440189,0.972905567883683,0.956148564039017,0.966366314342922,0.937961308871853,0.9563263885729,0.958768868032743,0.97261772095787,0.993955753042005,0.233414466838144,0.196579167577791,0.174582624724898,0.158305222481852,0.120717521689072,0.0874008566471391,0.0530030984782684,0.0151395015537424,36058.4588690072
"256",-0.161171014917725,-0.133897577935507,-0.156338218008089,-0.0576380741053151,-0.0648562155116833,-0.00129736680081755,0.000292461794166466,0.00435809777879434,0.956933800653123,0.949672908818319,0.9642878620246,0.943772393836127,0.967943197987158,0.959948760853325,0.978243127192163,0.994747999586945,0.230014349708125,0.197019215862792,0.174631421245727,0.151422997549793,0.123015616021606,0.0873194299160988,0.053470525818072,0.0152391748383527,36056.9388379137
"257",-0.13766331723345,-0.136211689436923,-0.152462665192375,-0.0485145719316086,-0.0388977429561873,-0.021761169032912,0.0102161861206457,0.00735350238176431,0.951571971823634,0.945476976754459,0.96121251961389,0.938799473989533,0.959717371925208,0.967367664676077,0.974603313177648,0.993909478340855,0.233375824755425,0.196521453699755,0.182360547727085,0.152202028051705,0.122109607285212,0.0871748432907446,0.0526795508637392,0.0152462320319368,36055.0184596547
"258",-0.153770678328951,-0.126752358333886,-0.157583199040227,-0.0470347747837358,-0.0285727054999556,-0.00356974768740577,0.0234351887200027,0.00643989819932275,0.955039559141689,0.941939694440008,0.965007353549888,0.939530342293477,0.953614666836619,0.959702375160881,0.969558132438935,0.994228867711351,0.229298387206553,0.195722229007304,0.176048251587672,0.156414367557476,0.121821799088158,0.0866739851405057,0.0544575037845949,0.0150829185109057,36062.4154142634
"259",-0.151630057411662,-0.112352393472834,-0.172641590019802,-0.0460847443774161,-0.0580856147829547,-0.0249101644069884,0.00710640438130609,0.00909704128226727,0.95439067900623,0.941850609916268,0.968951518142612,0.939745579125409,0.965215345198182,0.967889140552712,0.975809986390743,0.992992422078181,0.225074839874091,0.203318931131903,0.172868688751353,0.15638936648406,0.123354709900118,0.0859113334316969,0.0536929930841118,0.0151777149977116,36055.9707488429
"260",-0.210042099546708,-0.137559695731619,-0.149552405160019,-0.0757186186730936,-0.0404803179810938,-0.00514993651981544,0.0138554655121981,0.00721809533422887,0.975303370456872,0.948231807584715,0.963119026269235,0.948963425662447,0.959863326384302,0.960046322590605,0.973457398016675,0.993830808224407,0.223400685878062,0.195386202173189,0.174642449729125,0.157032986852219,0.122193020108782,0.0878400026462334,0.0536349665161027,0.0149251013111052,36062.4013535124
"261",-0.154484044627635,-0.101033226570434,-0.147966080957556,-0.0267268683111705,-0.0262728476832547,-0.0123060134040955,0.0152996601824505,0.0071911768329371,0.957628149645129,0.938724416678158,0.960772342309698,0.930928187196744,0.953293069103335,0.963442596952501,0.973411122665589,0.993902450342961,0.23289751808912,0.197135000250021,0.177196609441022,0.152991622640834,0.119745152259065,0.0863328052600995,0.0541305006233557,0.0155535722273664,36056.5792796108
"262",-0.100683504799902,-0.122417154906101,-0.139434934864273,-0.0339177196062159,-0.0668751508254697,-0.00939388327655968,0.00885066662120369,0.00826070787154293,0.937225772294931,0.943871843915388,0.961117183085005,0.934785341228319,0.968646096155475,0.962171170766867,0.974838644272603,0.993442249212591,0.222144403596257,0.197201989392963,0.175991629462882,0.161825256919225,0.122643535670348,0.0864339758334069,0.053690883004422,0.0150461553175516,36052.75109324
"263",-0.137113349353413,-0.134478507001968,-0.148654733879359,-0.0417025184357583,-0.0357144832296654,-0.0325049781327483,0.0164076342020709,0.00993556198050027,0.948661961119193,0.94932795556666,0.959475982242924,0.937260553626618,0.957337009108798,0.970974610045155,0.971777243213962,0.992742464791689,0.230626541174831,0.192866046586281,0.17350885745028,0.153725369915247,0.120455677271133,0.0863439166751232,0.0536964782768129,0.0151754532431671,36057.864088213
"264",-0.150115023693064,-0.12816022819558,-0.142042039650425,-0.0608846235307386,-0.0253606551813447,-0.00275269402277615,0.00316323028544496,0.00919163038391805,0.955298951344798,0.946669029211348,0.958697112438121,0.944659892873369,0.953044604288828,0.960270420165837,0.977077989176034,0.992941425135654,0.227105042931986,0.197586492243266,0.17232425849086,0.155650653701252,0.126290468233963,0.0875271340368171,0.0560766587536706,0.015135143786024,36053.8282710827
"265",-0.189551246098519,-0.146547750665837,-0.14217200749315,-0.0681956486637577,-0.028043134250846,-0.00112356392130991,0.0141489408051378,0.010095691124593,0.964569591862831,0.950642788389285,0.958031206398337,0.945129019107309,0.954402134073447,0.959788852598101,0.972825928384337,0.992856611270058,0.231350590113948,0.198278653904443,0.175221613036019,0.155811196815561,0.11958477086801,0.0888215345223878,0.0545026167708298,0.0150442700354157,36061.5389868742
"266",-0.156374062417529,-0.152084499062254,-0.139722261908327,-0.0429796841945178,-0.0366142640968171,0.00630090066389319,0.0147363071142556,0.00448051391783759,0.95721023499257,0.951803955877557,0.957647683724993,0.938135161544411,0.957658130640305,0.956555515036121,0.972539081835854,0.994753523178212,0.228576495864566,0.200285024651396,0.178339915645791,0.155386007648623,0.121703761641156,0.0880020010589762,0.0545565787750868,0.0155331535988032,36060.6060233511
"267",-0.173631957085025,-0.109413565904146,-0.166372301486226,-0.0371097366143817,-0.0399308037286272,-0.0103519800884019,0.000603789100731679,0.00419946310365255,0.962684919097729,0.937314543108422,0.966584729370092,0.934740948133442,0.959855497325516,0.963054398729719,0.977611148353377,0.994983179535952,0.231353631825203,0.2002114282462,0.176316305174329,0.152971117021634,0.121173205466529,0.0877470362720022,0.0545105625049978,0.0155179510792125,36057.152171075
"268",-0.169209525529351,-0.155052790809119,-0.178219736515877,-0.0702740183567606,-0.0410899593616937,-0.00434639909259702,0.00846466208949894,0.00650111539807275,0.959710561282303,0.955759027701551,0.971878513835543,0.945151550869483,0.960453189971771,0.960488718394128,0.975417404129475,0.994046504113729,0.229888069920458,0.196328888709586,0.175392210517279,0.158415707032316,0.121541657569182,0.088315174512951,0.0543063591562698,0.0155489187503675,36061.9847012254
"269",-0.15530683875145,-0.126015116949283,-0.120861165150607,-0.0114946376269632,-0.042799690310604,-0.014389969745847,0.00816881841160372,0.0075893560005323,0.953640543990787,0.946652430385088,0.953021492276651,0.92709258760712,0.960397646057811,0.963882242103379,0.974994596423263,0.993558260327462,0.23138425939438,0.192009410293439,0.175939211904799,0.152719934875681,0.120180286757006,0.0872257438333149,0.0544302085208684,0.0146577784723395,36054.9139963262
"270",-0.148883511276367,-0.126258833690085,-0.142827331992864,-0.0729700007471328,-0.0320453887877567,-0.00392618924648237,0.0166211077834898,0.00515203521327056,0.951815580708575,0.945686066682968,0.9601885089688,0.950172884636947,0.957172185099596,0.961276379924239,0.97222756939163,0.99444180769213,0.229282506714531,0.201233488736946,0.175168857179258,0.157816170450136,0.122682474753155,0.0897603501586923,0.053889161977386,0.0151728069735966,36059.2986712886
"271",-0.176043943942306,-0.121741415298122,-0.144020552718718,-0.0811381252777541,-0.0476015715927938,-0.000986314122353397,0.0130768806226949,0.0052759159802751,0.958864131653711,0.941727259956466,0.960015522688508,0.950132258346381,0.960945278630691,0.959381223264043,0.973998079562872,0.994348943823191,0.225872976254737,0.19222306535141,0.179145373295495,0.153586590136274,0.117488832678933,0.0870511626963783,0.0535054289833069,0.0157214465883525,36057.6761576385
"272",-0.123254898187468,-0.103451762767273,-0.142783480565413,-0.0506825563528933,-0.0265815807968811,-0.0118388888893053,0.0212414509942855,0.00377617803392101,0.945575352202677,0.936887235656063,0.959524244052419,0.939683971315144,0.953522675968542,0.96340160921978,0.970799531746267,0.994923088738589,0.229197964819767,0.191667903918544,0.174508910306644,0.152927860963573,0.11953912238051,0.0865017477750114,0.0526116966493533,0.0152487959739028,36058.8199567551
"273",-0.162184712753554,-0.144878268341944,-0.146830526424303,-0.0773857537084617,-0.0284032658777004,-0.0103135696269214,0.0173384275340716,0.00838445634702852,0.956272101195383,0.953358326077963,0.959117650310711,0.950480192352053,0.955978802100542,0.963317191776007,0.972343101687026,0.993465572613297,0.220055238771586,0.200846268499853,0.182009319326565,0.152477200904039,0.120259109928763,0.0884833724397546,0.0536588888941956,0.0154041674698506,36054.4498433751
"274",-0.151637357839771,-0.108932465864591,-0.17614863985849,-0.0841583001199845,-0.0273140486502635,-0.0181940580810885,0.0176255881766266,0.00625550440413796,0.952327519593867,0.937579671297641,0.969160141229064,0.953405530816118,0.954125053279,0.965163844326271,0.97150363264319,0.994112950837658,0.230322363958595,0.201173751415133,0.173915171289333,0.156938191214072,0.12016026393897,0.0858861232139167,0.0538396739455513,0.0156458816006832,36059.0096148176
"275",-0.162702369360712,-0.124685633604878,-0.129364829715024,-0.0662986609799681,-0.046037609821713,-0.00646410532055834,0.0130072245942235,0.0074719130315692,0.958785509111319,0.94319136180194,0.955871281840809,0.945824029145075,0.959852197192849,0.961225419003708,0.973916321229381,0.993859430086214,0.234611763054759,0.196109783891825,0.176340827743601,0.155903225283723,0.120847623472584,0.089371392604016,0.0542894723612483,0.0151658926943463,36062.7824788939
"276",-0.163676226763384,-0.171502441803185,-0.133488257518541,-0.0598296177959143,-0.037515330365671,0.00116715659962539,0.00645618245850052,0.00636829767423681,0.958579476100533,0.9612048049514,0.957408213610856,0.943941253862116,0.958466553861537,0.958697105928498,0.975992075058315,0.994175649424438,0.233068238295713,0.193312854022705,0.177143778197812,0.156930446340928,0.121691900595068,0.086632139969221,0.0559035642670267,0.015489342351789,36059.1086673252
"277",-0.178883010006637,-0.195812882432092,-0.165890065597721,-0.0284605293190651,-0.0104312784388131,-0.00121613219122545,0.0101615530333733,0.00626629767226277,0.96303929956492,0.971592598107556,0.967317553538011,0.931611273304375,0.948994459338516,0.960382123789657,0.974407314387412,0.99425666590368,0.229953777864596,0.203935639665074,0.172774019475207,0.153128761616291,0.120791968888423,0.0870828300504605,0.0537166999659706,0.0153066527731744,36050.8739112536
"278",-0.157079445552719,-0.154367726933313,-0.135939970026637,-0.0725250090799541,-0.0257593139662486,-0.0296454641952737,0.0156580564109055,0.00682345370646655,0.957519440224381,0.953120829159923,0.954933405922967,0.948396468963778,0.955063782190001,0.970629852273828,0.973061908121446,0.994062763445863,0.23021342327331,0.192290755267908,0.181955031354507,0.153242861073041,0.121638587427415,0.0885167358944862,0.0532586796132853,0.0148461572840659,36052.0099939711
"279",-0.174514786572788,-0.150711717917246,-0.141222503909901,-0.0585807072395397,-0.0391299614261301,-0.0102899749095157,0.0223917625146075,0.0102962994271244,0.96159316369567,0.953890561911409,0.959564891864815,0.944657026119592,0.957652714422862,0.963349191388576,0.969449166389939,0.992458832078942,0.227518043555578,0.200085155668834,0.175898867955584,0.156816222067224,0.122629340869134,0.0875386424403826,0.0534603790996729,0.0154726990994555,36058.8196312131
"280",-0.194084951854465,-0.13684509887811,-0.146841155082065,-0.0472500500994689,-0.046848106020086,-0.0237798944634347,0.00648671183400183,0.00733353952782361,0.96739142591452,0.948426371517412,0.960924586706045,0.94010345429666,0.961549873377387,0.967601918319911,0.97612811892239,0.993671942036565,0.232837713730056,0.197687812282835,0.175320568378979,0.152131464450727,0.120715908895486,0.0882077014200873,0.0527644054633405,0.0151488319397023,36062.6658427803
"281",-0.126017946531467,-0.145465456336715,-0.186503159705627,-0.0768241590860738,-0.0429239534879263,-0.00621951391471532,0.00936544745481286,0.00622948211052019,0.944009395671696,0.949934107647531,0.975300061826071,0.947790136468802,0.961071259032992,0.96110814410829,0.974796041853036,0.99434344811591,0.236702774765778,0.198017823623297,0.180177220863623,0.160033633713031,0.121177237149098,0.087570293178886,0.0542122512338193,0.0150002440928998,36054.7891632675
"282",-0.246189681348153,-0.128849912394512,-0.14197578634166,-0.0797345130554135,-0.0535129273213608,-0.0122251116417159,0.00872563805787611,0.00720123422923352,0.98429657688136,0.945273077226233,0.960013213090085,0.949091088396561,0.963767287602419,0.963651510565549,0.975357123028363,0.993844554796085,0.229018652290381,0.195127713195774,0.178020261756017,0.153474937829257,0.119260602579823,0.087503508761138,0.0546522975095797,0.015167411022666,36060.6651792156
"283",-0.156317347120198,-0.120483505389463,-0.133896190595875,-0.0637420086092795,-0.035799359716168,-0.00275978529145335,0.0289894360353343,0.00486441281026954,0.954843874945642,0.939934423981911,0.95667026265516,0.945554822940885,0.959021292400579,0.959596369850108,0.96758229962008,0.994767204223916,0.224546105045885,0.189493586098569,0.177141045124958,0.15474402926837,0.121605284743225,0.0878442471411749,0.0539251653133367,0.0155362382597382,36054.7802905092
"284",-0.188591517674933,-0.129952511895677,-0.158013956904811,-0.0585274409413422,-0.0522267967048711,-0.00614250865537266,0.00923936165792516,0.00861178973928197,0.966358830562993,0.945538573967761,0.96567984156301,0.943212294072475,0.964812218270016,0.961369099764218,0.975200732657532,0.993027900903542,0.230075075246082,0.198952180028743,0.173709011286775,0.162842660386504,0.121168883311444,0.0896183426091948,0.0533801761889648,0.0149873663922003,36053.6393379432
"285",-0.215477274276086,-0.160138340822349,-0.1738415817105,-0.0753879918429194,-0.0604206901781462,0.00454859073186809,0.0184062162831219,0.00906520788884535,0.976370463440435,0.954427257479479,0.972074164483823,0.949967072048435,0.965667603655009,0.957046266038164,0.971251172191793,0.993214866853982,0.227532348398546,0.194655618149185,0.17307633599485,0.151526719399187,0.118752684765424,0.0879167470024398,0.0531564742814159,0.0152013226001362,36054.9602582347
"286",-0.152150459118625,-0.101195662083091,-0.150918655084336,-0.0669623397130945,-0.0370298378109147,0.00303138442591778,0.0137283356810538,0.00570869288645833,0.956276451415639,0.9335816559371,0.961289267229086,0.946988227427338,0.956811308474647,0.957573318197259,0.973415654924826,0.994233555341658,0.230961601753638,0.193101404182325,0.177077848459062,0.151523241603265,0.1208623809805,0.0868105002052226,0.0538667329654,0.0150062106624747,36059.4636822624
"287",-0.150299341455261,-0.143305494540342,-0.152654645745922,-0.0735105601774797,-0.0266387285504249,-0.00732428830578709,0.019892795312356,0.00569712365230186,0.950665467728656,0.95106289536613,0.962173049035496,0.948958012428122,0.954242942591217,0.962200017063925,0.971037011271107,0.994312959484593,0.227606276094082,0.19536437655022,0.171399269742998,0.155757654656622,0.12089071857955,0.0868339422893682,0.053432605009594,0.0153444897566696,36064.7229665087
"288",-0.168684654880915,-0.132911278119761,-0.140574979512809,-0.0215305306948963,-0.0503341789601517,-0.00551989983692731,0.00921767826343388,0.00735470098866262,0.957395726895081,0.944603901532992,0.961756076957985,0.930512453391048,0.962744390455566,0.961443912337822,0.974553126283902,0.993760294079011,0.230942142689595,0.192649094962759,0.172751166385725,0.158672285758231,0.121988623817738,0.0868934641151989,0.05440247956682,0.0151501154505245,36058.6585133404
"289",-0.114790369070556,-0.130142763533303,-0.155506956220588,-0.0656157948385265,-0.0186025624503851,-0.0191722377753965,0.00970097193182294,0.00563417923568545,0.941889124780334,0.945469334864442,0.963353324061506,0.945240628397691,0.951296814546907,0.964967304302827,0.97485224605153,0.994489337012253,0.230425385892629,0.203371632060495,0.177556261652607,0.154970353980143,0.122470275903645,0.0880158046746395,0.0545381645034411,0.0151842481583694,36059.9503868141
"290",-0.158396156426623,-0.103531650027694,-0.157716216464042,-0.041787852649366,-0.043110298820011,0.00912067543767943,0.0102711851145737,0.00646212940262215,0.954271888794407,0.935996909813754,0.966124436087185,0.937285673893525,0.959859752582732,0.955283117616489,0.975220254636253,0.994065296971828,0.226870453100801,0.193997250504621,0.177878650449565,0.153570656542445,0.120008984144147,0.0874621418119507,0.0531304941273778,0.0155939918580752,36061.0693798203
"291",-0.159766930864703,-0.133466742887949,-0.134194682179227,-0.0604023802163547,-0.0286526080179259,0.00756282733205826,0.00742565771833296,0.0037681322850176,0.957385519936218,0.947927448856763,0.955684955525352,0.945131435783874,0.954781592461086,0.95622725908937,0.974946690546158,0.995026301284235,0.225129107149461,0.196477224635314,0.175161915822948,0.154722924368793,0.11935884044348,0.0886519652853206,0.0543043697205459,0.0149916179353457,36059.4817082447
"292",-0.198032385126867,-0.159723564130872,-0.156704093715866,-0.0448018518863132,-0.0302658405429149,-0.0162356910826387,0.0180572250540706,0.00525692403570165,0.965829415217528,0.954547004664519,0.966067925779207,0.937716284253533,0.953693503296944,0.964023889623605,0.972436224773396,0.994576944131627,0.234993560694037,0.19488555973222,0.18074299965138,0.154031329155625,0.12393261663592,0.0871820916875726,0.0549455030477993,0.0149761574110034,36052.2012936521
"293",-0.126483550311841,-0.126279362314776,-0.163528513622785,-0.0571881769647642,-0.0488612461207206,-0.0172276584720642,0.0150485258050956,0.00743239013280962,0.946230489462706,0.943541038469323,0.966036561682308,0.941535679717693,0.963999962730709,0.962923977285638,0.972624870121535,0.99380174880726,0.225728163550205,0.189708378356842,0.179923050865694,0.154750144354298,0.12246933938205,0.0890454941088945,0.0540551666963928,0.0154436642531239,36051.410836859
"294",-0.180225222145378,-0.161278040051731,-0.137396606300178,-0.0916869326756957,-0.0209553105089392,-0.00255799200084733,0.0156941028303362,0.00583434341952239,0.96161009423697,0.957160599234891,0.957163854893531,0.954474195263149,0.951195314515342,0.96048072827031,0.973628249510506,0.994260445274026,0.227604752306382,0.191011235612685,0.171435409684967,0.154746182478638,0.122473069480188,0.0887003106909311,0.0528393370927995,0.0152984902624775,36054.9156653261
"295",-0.187025244757556,-0.105373374165857,-0.170752468224296,-0.0782683645085881,-0.0312075711060812,-0.0177459629212095,0.0107491157978587,0.0081290378417674,0.963236687877767,0.937970235419675,0.971318147995071,0.94939373416931,0.9563073725148,0.964468367915864,0.974484177065833,0.993386797701969,0.224869006489229,0.197268873261828,0.175667131342618,0.155999625120047,0.120010003429041,0.0862127445201188,0.0520450386471609,0.0154730076558664,36060.2639385587
"296",-0.156624742285194,-0.105058541303461,-0.153911949215788,-0.0405956583634671,-0.0421222043498165,-0.0189193049768759,0.00928867783219979,0.00853894191052345,0.953924375573447,0.937035969003838,0.965826125607871,0.935677852212732,0.958028689922022,0.965708933154285,0.973986218245217,0.993204443283294,0.228555880596067,0.199384444925199,0.172937211224887,0.152569909927966,0.11851487732646,0.0860713195624036,0.0536525240697155,0.0155686221877793,36057.316272325
"297",-0.152508698770762,-0.177239605848097,-0.155704020188283,-0.0751138898352619,-0.0553868002043718,3.92607438730394e-05,0.00533965121268117,0.00476376410172794,0.952318022622569,0.960084287804811,0.965572986871445,0.949779118178606,0.965289587086904,0.95830327407571,0.97606906435831,0.994467932978214,0.223195227948834,0.198962155746169,0.174933654348593,0.154892254448348,0.120277102515607,0.0864124844840575,0.0538493085516533,0.0150244851568423,36055.9006562049
"298",-0.164995578158172,-0.126818342824424,-0.173532236094425,-0.0739744320945762,-0.0650570733868266,0.000601302528379556,0.0162206173526762,0.00852795636114206,0.958873829732739,0.944592426981146,0.970220182585069,0.948971440094044,0.968266229566516,0.959617419829805,0.972720133326471,0.993383746460959,0.229744825285504,0.197502270984778,0.175969769991022,0.152826822189499,0.122778529789619,0.0878426556970293,0.0537229087217845,0.0154032927321065,36061.7938517992
"299",-0.174826887794213,-0.167376297888609,-0.14857457436824,-0.0790139787897275,-0.0234631848028977,-0.00553464407373874,0.0127507430181309,0.00635200465395706,0.962500861241062,0.960683139442896,0.963068217987156,0.950681374813233,0.952960962595327,0.96093318383123,0.974419681295117,0.994043117258942,0.222701050755619,0.196623714390017,0.173690851545547,0.155969712970704,0.122416023239703,0.0871507078461403,0.0540416354898762,0.015370638612804,36060.9820605195
"300",-0.159423951631806,-0.124527182671122,-0.161255308776154,-0.0379632447023462,-0.0528124124994674,-0.0199601357727304,0.00821114568689508,0.00611547618883202,0.958927138216235,0.944233927159237,0.964286813880419,0.933740862089992,0.961075957368617,0.96539317853152,0.975170347605688,0.994285078604756,0.22421549057993,0.193422579126714,0.172831208924842,0.157476229396631,0.121386034881586,0.0868295220186224,0.0531492489159443,0.0154552391278543,36054.8387831161
"301",-0.12970222672701,-0.133584950873794,-0.143031512900478,-0.0747132457448272,-0.0291309913636315,-0.00464958152308867,0.0130007566058293,0.0076072475525976,0.944656013952781,0.948788366909451,0.959451206385857,0.949036826776608,0.955292049612739,0.961698081685806,0.973020541064756,0.993687832121589,0.230317379545208,0.196164512318124,0.178701080419844,0.155126171073695,0.120599727977828,0.0884897031208262,0.0529784531472868,0.0151638774248306,36063.9027087644
"302",-0.0915260672881133,-0.134743684800306,-0.142789652589369,-0.0510548548503866,-0.0362784848585107,-0.0126141462137822,0.0189650476876619,0.00856907353860705,0.932736858615479,0.946810115925102,0.96009625668076,0.939847012658798,0.956676689897687,0.963908921390301,0.971505627824503,0.993339920905541,0.228219210984776,0.194639231769052,0.175939071201918,0.152246524934329,0.119269177380356,0.0858874523335009,0.0536511752794204,0.0158220832008407,36059.2493170876
"303",-0.131808887083569,-0.120457661562608,-0.102837100508076,-0.0614481188960317,-0.0405763600445301,-0.00695602542089929,0.00887731658181676,0.00788072126198571,0.943280243348594,0.939236383883697,0.94671778071157,0.944077083297471,0.95980544673244,0.961764298046295,0.974879351651323,0.9936412411259,0.223154854186113,0.19945608252821,0.173252930779448,0.155381156519247,0.121179758304489,0.0890996354121245,0.0539328884895333,0.015133824515781,36056.4495649139
"304",-0.143317966474043,-0.111925301544964,-0.153007605038821,-0.070865465508383,-0.0268555007298268,-0.0100041008619972,0.0119471639600052,0.00962047461927257,0.948918182074464,0.939245094180475,0.964541097644004,0.945181389343692,0.953503079069363,0.963491769975455,0.973644423507489,0.992909800750779,0.227922209116548,0.194125703289478,0.175784696944645,0.154408986095442,0.120831491643001,0.0882826230682877,0.053423303550793,0.015519290403317,36062.9554627244
"305",-0.154852688150643,-0.133582666801232,-0.14288029018391,-0.0801169235897592,-0.0396781743213858,-0.00301161903076899,0.00586044070299258,0.00554623804996246,0.951882241741378,0.94556345063668,0.959326333674758,0.949062095120327,0.958610586079955,0.960270438108701,0.976057796380982,0.994464665884162,0.227326282795843,0.203502986041618,0.172889052896995,0.155729861167971,0.121634295736722,0.0887738503440636,0.0541872142400608,0.0152096533191229,36060.5743077927
"306",-0.203693053989505,-0.11926759766868,-0.163530934458339,-0.0576247815872301,-0.0425008459855452,-0.0165323177348386,0.0215264014194241,0.00753149007126431,0.972737298306867,0.940198373234395,0.968741076567082,0.942521332117747,0.959675095687343,0.965148070723362,0.970389907186731,0.993472200945106,0.231225673225453,0.195252187667903,0.179509988967371,0.153812403542667,0.118657487329031,0.0884568493224624,0.0537441050790972,0.0150216198695002,36059.6395688197
"307",-0.173895823373805,-0.162485535360391,-0.131438896408974,-0.0290712493501335,-0.0398300381892492,-0.0106493749007585,0.0112552291726521,0.00882436265195698,0.958865739131438,0.955944453986006,0.954501427823129,0.932308723953479,0.958312754930292,0.962725377970211,0.973886330947879,0.993126416947408,0.231364033991317,0.202159673146865,0.178595254789672,0.156400490390578,0.122172370132557,0.0906657833219126,0.0540726540080926,0.0154669424423447,36056.4029055954
"308",-0.156424545695249,-0.13945793564439,-0.153091696345424,-0.042355098389336,-0.0301586398884181,-0.0211741723216373,0.0117405567675098,0.00735321629456815,0.956770735734134,0.948220029388853,0.962828052318197,0.937469451107187,0.95531445392823,0.965718336980083,0.97431946807755,0.993736817915281,0.227882523599795,0.19652272683418,0.176777454990415,0.154517414282173,0.121299759389805,0.0885403980908089,0.0542350652563803,0.0153952357635352,36065.851787995
"309",-0.17069289857294,-0.101471551795714,-0.180454335432537,-0.0782233056084729,-0.0471370341006888,-0.00210670380234789,0.00948506724746186,0.00818394996571112,0.958188400871624,0.934385619104499,0.973119355758947,0.950135347333357,0.960875347065163,0.960540528145202,0.975267508762919,0.993297288594935,0.224133267715042,0.193726071879146,0.174679593043504,0.153277147615878,0.120984700272097,0.0864989751981266,0.0533956584434146,0.015569288563502,36060.6451411761
"310",-0.150580431374236,-0.146554016929655,-0.146687303560774,-0.0643846607268228,-0.0334940011033974,-0.0146721865938967,0.018609748823724,0.00779098786444006,0.953790077567927,0.953001191570697,0.961681499557032,0.944006662033925,0.957826942529089,0.964844290598089,0.971499844130527,0.993466121744719,0.226926898175441,0.195518543411085,0.17408503245671,0.154318666984161,0.121579527760513,0.0884871484483034,0.054587093151809,0.0153808553663122,36064.787256647
"311",-0.15649875809414,-0.143440170970796,-0.14367575794245,-0.0458208625476035,-0.0280601470684696,-0.0111605185022049,-0.00231835709873882,0.00968572487219774,0.955161132722638,0.950845874992958,0.96108953004532,0.938798123012884,0.954436263653847,0.962313498116513,0.978888049047907,0.992942392173748,0.228075917551978,0.195182672992891,0.172605663314564,0.152518699119502,0.121753764654907,0.0854199228184877,0.0537589300558663,0.0153381277518301,36060.443978473
"312",-0.0954314577682321,-0.0722023934361258,-0.154703348182526,-0.0591604520690812,-0.0298931845540993,-0.0101655328100751,0.00424246215810972,0.00782730499993287,0.933631832197426,0.923641105521394,0.96586869787995,0.942373568504214,0.955143275900839,0.962517334163413,0.977184433599171,0.993605768317055,0.233044683178413,0.20006052084039,0.175757481041334,0.154989448780149,0.121403647133187,0.0871910056223888,0.0536627303058213,0.0153831121381708,36055.8567116836
"313",-0.18263116337477,-0.103534201914928,-0.173582681814326,-0.0754871105166003,-0.0261434371550368,-0.0131215319473971,0.0125936830317205,0.00566034057318679,0.966037177422947,0.93674013069378,0.970601528536578,0.950185491585817,0.954931067511431,0.964023926792736,0.973643138623032,0.99429823389207,0.226686543918083,0.195945334123585,0.180583573471728,0.156825917109826,0.120399056161341,0.0874518971636756,0.0527928389341084,0.0150439071599991,36061.8828724409
"314",-0.168982523215365,-0.115388349012378,-0.138042738707944,-0.0571063769153149,-0.0438122245630036,-0.0239075380737803,0.003064179530045,0.00511079560240323,0.961394223175603,0.93989576370791,0.959173702313192,0.94315036057306,0.959646240393152,0.967145950108506,0.976355507040099,0.994583704354394,0.230628772922012,0.197465983163569,0.177224114145457,0.153181984627483,0.120622598182671,0.0858268770973782,0.0545902334198947,0.0151148638581851,36060.3939292861
"315",-0.173899131229042,-0.168767477795524,-0.132693047616988,-0.0296075527537503,-0.0227005169549356,-0.0106517112320932,0.0183340071503132,0.00682117251543163,0.962905898250167,0.959298970433655,0.956218662782038,0.933480003766007,0.953841826697173,0.963618117740261,0.971147022238587,0.993839261564168,0.223749748622754,0.195938490097347,0.177673877773808,0.154810747614257,0.121794209176716,0.0864135026520588,0.0533602531654468,0.0152625117152434,36061.1948444493
"316",-0.135716454440432,-0.101389316190426,-0.137810841255666,-0.0739513053968809,-0.0479618153914325,-0.01742914483982,0.0115986437413571,0.00782947252863105,0.947189786258987,0.932842942297583,0.958461102232257,0.948053686552985,0.961236244621292,0.964659184781669,0.974162175599687,0.993475489208863,0.221355543154187,0.195766525657481,0.178435187436195,0.153238654686428,0.121234896786516,0.086735846336787,0.0544948533666252,0.0153533931634508,36060.5581028566
"317",-0.171004462925776,-0.144515991991526,-0.165528971859929,-0.0642853893707076,-0.0619563259235606,-0.00411436482018097,0.0024165259234256,0.00482243988224017,0.959036324350083,0.948071233353071,0.968134717175352,0.943717344763867,0.966265537641843,0.960394047941103,0.977456972159325,0.994442315782171,0.229036835745377,0.196327433988132,0.174560959380096,0.151429131767785,0.122864894854673,0.0876157957990567,0.0534906310178005,0.0151695112551307,36057.5860808236
"318",-0.155629755307289,-0.126643652029665,-0.139579537789999,-0.0679047128498337,-0.03020748185543,-0.0103112079720569,0.0128333000966645,0.00508240844546332,0.955009396555766,0.944597547908138,0.958696166641851,0.94641026354478,0.954777114839412,0.9632609740037,0.973806168680747,0.994626711019546,0.231761345088362,0.190906974392648,0.17257360912068,0.15148555171701,0.118336208342778,0.0867058968972908,0.0529637063567152,0.0150779221111474,36061.8569643461
"319",-0.183329517533581,-0.123869328670032,-0.173278832460366,-0.06678387744708,-0.0306689569119508,-0.00733232530631315,0.011015648529869,0.00844460688666084,0.965122921617852,0.942529356187673,0.971350185315466,0.947566238163947,0.957141876297088,0.961356749049815,0.97379098032807,0.993285660820806,0.227604598342627,0.193782120528026,0.177119322946535,0.157663736593982,0.119521375957966,0.0858186333659057,0.0530264531813115,0.0156379081681535,36060.4587292049
"320",-0.113051989567971,-0.116229829359746,-0.164297566346185,-0.0747026979707364,-0.0320037438884793,-0.0181554149040437,0.0101650988035305,0.00572867556139402,0.943680497158231,0.94339877005375,0.966780911039153,0.948467327507509,0.95620239034819,0.965794429795689,0.974000602220498,0.994387385454147,0.224730622603624,0.192047112633608,0.1718154131853,0.15602570717718,0.121177737561606,0.0879243286813265,0.053647172033613,0.0152594027697828,36058.8621888719
"321",-0.145106613344378,-0.0870772084467607,-0.139732434763797,-0.0657644845466775,-0.0465012936252764,-0.00824615693347051,0.00833938808422586,0.00604324097172898,0.951758753813621,0.931852198306105,0.9609644627529,0.945159061232958,0.961134248854397,0.962269926578233,0.974958555342877,0.994183960004676,0.225259138291846,0.191091557628926,0.179092198765918,0.15399552672234,0.11813258146165,0.0881792777782587,0.0531731242303682,0.0154834903669841,36060.1511009512
"322",-0.192291380478925,-0.132239216846357,-0.147934656860574,-0.0598910503668783,-0.0272699926586963,-0.00156636046571861,0.0169931261819834,0.00666008276306857,0.962621684118619,0.946588662890549,0.961930332935661,0.943250250368606,0.95582633459769,0.959867597963852,0.971851233064214,0.993892213450144,0.226337148600546,0.198468706947223,0.176199283160937,0.156331411742877,0.122690757647391,0.0857128111977716,0.0539064125666563,0.0150225489522481,36061.6542865562
"323",-0.151689677147916,-0.125835319612409,-0.143170156165305,-0.0770219435551213,-0.0354710204591716,-0.00847706043664323,0.0070120820416016,0.0083283858006283,0.952229316633562,0.941784055198736,0.960724883475072,0.949851987391945,0.95814283171697,0.961667857699037,0.976225104138537,0.99319209679949,0.229016463906694,0.199392888907811,0.172625627345256,0.15558638438162,0.119346204174869,0.086647254017707,0.0539678595185376,0.0152783708493529,36061.9229106794
"324",-0.179136572040014,-0.120341892853693,-0.152425242808861,-0.0525184326711112,-0.0424240983180541,-0.00823112928401653,0.00498394653476987,0.00606512853477025,0.963391666719573,0.941149583311495,0.961947798837901,0.941682512232267,0.959909201732101,0.962678122751143,0.976352178897283,0.994163910987189,0.22806677810732,0.196211827124285,0.178098891944243,0.154266955615999,0.119332840610928,0.0873655626293729,0.0540213668161463,0.0152660211139386,36066.1239673221
"325",-0.171638259535669,-0.126578817265716,-0.142992922207245,-0.0786562652553287,-0.0296246178634185,-0.00534949836458534,0.0139178036341912,0.0104694775668584,0.962081650039534,0.943933046363186,0.960238674325107,0.951045969706241,0.954558576251095,0.960195888084346,0.9732534174686,0.992518200905686,0.229015398553003,0.195799934410863,0.174134974754472,0.155079025276588,0.121130455230907,0.0863103826843454,0.0535035102968323,0.0153965685783532,36063.9446332695
"326",-0.148278653899632,-0.11305864837568,-0.149849939849798,-0.0561417553313577,-0.0302792107588996,-0.0101991840864219,0.0242725770936764,0.00661036119331017,0.948288581782107,0.938628387228747,0.962421176260432,0.944316319389774,0.955165715579638,0.96365856406672,0.969094733323045,0.994041879306285,0.232982093317307,0.194124827472113,0.17256954072033,0.152489802219267,0.120890736509959,0.0875239006839591,0.0542060148719294,0.0152117779348086,36058.0220296801
"327",-0.209026654079776,-0.114266918165236,-0.155060082410982,-0.0473120321997536,-0.0228730579530685,-0.00636337196489674,0.0140349369589072,0.00721917916793017,0.971028639123857,0.942629895596645,0.964065018258074,0.938791576577264,0.951741287984091,0.960764025675502,0.973269847424635,0.993701702237506,0.224588238957808,0.199351673732152,0.179172123571731,0.155539853829405,0.12183359476842,0.0875113204471002,0.0546825917919387,0.0150227850417191,36061.7789533847
"328",-0.176500463752443,-0.125263292269364,-0.137210611870918,-0.0570931633816887,-0.0395654702252073,-0.00694971965519071,0.0168797632278767,0.00951614991851435,0.96183432296136,0.946434292523289,0.960402641258542,0.943393172578755,0.958713394317362,0.960884205451886,0.972063210506705,0.992983491511982,0.23064985218256,0.199978703238247,0.175345538646632,0.157350158654378,0.12411809917983,0.0855242183939462,0.0529249685749714,0.0151865747949942,36059.9167879426
"329",-0.180368194288043,-0.111399342384002,-0.133128052994346,-0.0969328086139492,-0.0419455239087645,-0.00613447932267831,0.0166851276802783,0.00467890708640738,0.961785857717431,0.939326860584745,0.956496858252167,0.956826028477988,0.959847778991187,0.96098721227573,0.972817671537762,0.994779747460743,0.225650894882396,0.194462127504452,0.172257650492359,0.156422341215818,0.120863290521926,0.0859289210602632,0.053939384848022,0.0154657062134468,36061.1200126355
"330",-0.146175079449724,-0.125902625667619,-0.164255972530573,-0.0630624928212717,-0.0257982510695791,-0.0101399098156696,0.00382675281111625,0.00823372895735922,0.950196527716941,0.943679978847312,0.96846457967532,0.944874107512499,0.954515904600397,0.961669077374598,0.97722520731137,0.993391934627364,0.228626703855859,0.193108363401039,0.175866736577198,0.157321635405114,0.120778057566469,0.0883571767261412,0.0537868670127618,0.0152204121324209,36063.7317553797
"331",-0.147925342496364,-0.118123759826121,-0.134494297114106,-0.0570656284206889,-0.0241171124201748,-0.0106933897872525,0.0045957960346152,0.00395493876744506,0.950530978664982,0.942117542959122,0.957207256119951,0.942929406287326,0.95221197777214,0.962466989238236,0.976698338834593,0.994990381973925,0.225921351285499,0.192805073304409,0.17596911123596,0.155372170774449,0.123318655816564,0.0851827918098859,0.0540465085981248,0.014991541441749,36060.7787835412
"332",-0.189329367859878,-0.11653755273837,-0.147010526365738,-0.0692612795719143,-0.0484791155500565,-0.00492825891176761,0.0150403318598538,0.0085532164623027,0.965831171794303,0.942436791622708,0.960604675526562,0.946156684839276,0.961427212412087,0.959751399889648,0.97314942002892,0.993212572653564,0.232551519808852,0.200428160643549,0.180170979618856,0.154458331449036,0.121199902902226,0.0866626317287334,0.0539759757827076,0.0152313066356933,36062.545801685
"333",-0.211397205914404,-0.111371555670566,-0.127712276628151,-0.0747712660981849,-0.0453896911941297,-0.0223098450439221,0.0118670857177469,0.0056883721174056,0.970242262906577,0.938082644566831,0.954403950593803,0.948173661368517,0.961200303311518,0.967506023494095,0.974138407874416,0.994493941305772,0.233199026777766,0.193763757904994,0.173616458901559,0.151995625661927,0.124568529639444,0.0886164456528981,0.0535522780174601,0.0151915654022808,36056.1914095292
"334",-0.127002618406069,-0.105087667397167,-0.179984801681981,-0.0754840089939385,-0.0278213652390692,-0.0165287290562669,0.0195791735434326,0.00879774854078634,0.94564721460059,0.939365705653975,0.970805094874689,0.949038312161289,0.954620627112144,0.965164479260073,0.97065133667014,0.993194964267963,0.230593143085944,0.188771319079129,0.177985888415795,0.152155733746143,0.123769173618788,0.0851852553153178,0.0540819400527474,0.0151451896041725,36054.8935439236
"335",-0.160548224672713,-0.143045840381751,-0.11765765856263,-0.0621560593472052,-0.0258297781919331,-0.0146129713930066,0.0137836767572667,0.00864528655093685,0.954818376987584,0.949620131122472,0.953498299498225,0.943297902519737,0.953503471474406,0.964974465325137,0.973606392406086,0.993407823994409,0.2229501272865,0.197660150027715,0.172508734729778,0.1568924379482,0.11870295902596,0.0865968288537852,0.0535626680749297,0.0153677597200625,36060.5048571699
"336",-0.159835926725316,-0.142286456828331,-0.154728738958608,-0.0697315262445685,-0.0444638122279894,-0.00418763225782906,0.0127084169794858,0.00516224078950801,0.955351487387589,0.948772700780203,0.963614462774905,0.948237520611472,0.960412155729648,0.960144521381665,0.97333354455226,0.994415469278608,0.230057717826544,0.196088237831316,0.181679815115784,0.156183137860957,0.120473342755975,0.086337515501542,0.0532589942029427,0.0150785388212078,36063.5154773284
"337",-0.197379610593995,-0.125477099232427,-0.158851585190669,-0.048612189250013,-0.0435665716889491,-0.0182380346341822,0.00997476948937542,0.00660711802588972,0.968238402779733,0.94323836674494,0.966113532060618,0.939666255046024,0.960395381889067,0.965123644834619,0.973989403489955,0.994018249091602,0.227556621669953,0.196682333315311,0.171895804045227,0.156149041961901,0.121951117263359,0.0869144985399044,0.0531268039005796,0.0153549747090754,36065.0058037168
"338",-0.179900056612782,-0.121823461940948,-0.127460986185277,-0.0553169678375053,-0.022473066002871,-0.0214388462636039,0.0133144241670293,0.0102290569190153,0.961877153668528,0.944863750668178,0.953239686530916,0.941593052436752,0.953116091522329,0.966339508277927,0.973031772195374,0.992922521335458,0.228430619453446,0.196670047144721,0.174583218596765,0.157865129430207,0.117658503145319,0.0866902747399338,0.0535386151950679,0.0153848121990384,36058.3746722093
"339",-0.139312176957753,-0.113580071697524,-0.145161419624766,-0.0507593023638774,-0.0296973905196203,-0.0170600286710525,0.00904756241601658,0.0062830276138862,0.950199749512137,0.939511533743238,0.959564156156711,0.940711681243488,0.955209477711655,0.966339359927291,0.974597385510519,0.99414458048326,0.221408306022854,0.193793533008535,0.177079033870518,0.153358859856627,0.120529047087485,0.0869007199934494,0.0526481952148136,0.0150115643380492,36061.5220573347
"340",-0.17875503354568,-0.114841378250873,-0.169310940640947,-0.0517995860976928,-0.0331072748109946,-0.0012157502814165,0.0131120697294938,0.0066829329660388,0.960111226682374,0.939224120832175,0.968830054134479,0.93923826330194,0.955877287651752,0.960454663469794,0.972771444283075,0.993803461376927,0.230412296622266,0.195223262496973,0.175813899709862,0.153462437357342,0.119923489047767,0.0863877474825243,0.0546672914184803,0.0150872055915091,36061.5601945314
"341",-0.192807038137119,-0.120208918816447,-0.157459494535626,-0.0771240522739416,-0.0392411922183687,0.0151493019905227,0.016962770102136,0.0090770773444144,0.967148368168638,0.945560707223042,0.963205056648214,0.950431232965769,0.957140199995994,0.95342585349423,0.971658386698855,0.993206156361324,0.230337208874781,0.20083186580612,0.180150021672143,0.156129761738232,0.119598789437508,0.0871793704758348,0.0536237309703259,0.0154166758137117,36054.5581204177
"342",-0.135034561654971,-0.137980015860853,-0.172813565793343,-0.0582264849260799,-0.0232295462103376,-0.00854359080892121,0.00759404598357548,0.00907412052042861,0.945691044659289,0.947370842761245,0.96924529093679,0.943495130065873,0.953110101083143,0.960920187151172,0.975479087870084,0.99313736487019,0.227110009361547,0.197314880681778,0.1777353719468,0.157363753568588,0.121758105614626,0.0860103709483119,0.0545143056591369,0.0154178111293535,36062.3367547075
"343",-0.149004187388386,-0.130708377321376,-0.17435450854981,-0.0574790708990917,-0.0323316887766545,-0.0118447074757554,0.0103022491848196,0.00680739833653353,0.953112935225382,0.943588434436236,0.968772553469117,0.94377457338187,0.956286295546181,0.96322066159562,0.974497018214847,0.993794703589671,0.225082260030793,0.192963116643004,0.177296234103415,0.152408915501469,0.117954996119684,0.0886793055052156,0.0548775700795166,0.0152201882004333,36060.4593255517
"344",-0.126625960979336,-0.142882338357874,-0.153689377799492,-0.0520644483299802,-0.0258377633337076,-0.0173863649960959,0.0165979216515359,0.00501612480783213,0.944942055268544,0.949459843268193,0.963569094337923,0.940138668821574,0.953801810412057,0.964518079297488,0.972574359029877,0.994432735044674,0.229479900339131,0.197548192157703,0.17022083690545,0.154210049457646,0.121758719809034,0.0870044640837755,0.0541926769476543,0.0158731980312653,36058.2051206136
"345",-0.141341535395671,-0.197364595644299,-0.171584001154722,-0.0239321784424619,-0.0362371593260137,-0.0195580109506551,0.0177794178548063,0.00676000972226923,0.949450613354591,0.96873196047107,0.969111658852893,0.932732504015423,0.959181653197844,0.966936571021134,0.971765258673579,0.994075130029091,0.230179064244708,0.202039871681525,0.176327110681198,0.154024087911802,0.12137451346605,0.0865487509810152,0.0548135501529964,0.0151921385153694,36053.706234379
"346",-0.175818168897976,-0.169568951411611,-0.142733967488065,-0.0471744621091156,-0.0509735799116287,-0.00237995708450994,0.0153728631793111,0.00584738040730077,0.962149017774815,0.958831472280211,0.960139259980595,0.938817754943024,0.963421894318672,0.960357946497487,0.972812728036636,0.994350152609052,0.22862376634869,0.194640671216785,0.178357761191697,0.155873915554297,0.120671356382091,0.0875188065648699,0.054010017707227,0.0155975177534547,36064.3067368587
"347",-0.214623702900679,-0.132820137924409,-0.138807057400025,-0.031284326761401,-0.038275069098191,0.010569094584081,0.00667597591030073,0.00644906618558684,0.976702052545074,0.946114138536715,0.956201740546546,0.934381140900659,0.959382260350902,0.955294161111136,0.975301524935739,0.994113469528908,0.228411858695074,0.19311298522456,0.181632013874284,0.158114704129537,0.119710689395495,0.0877285941232777,0.0534393636938909,0.0155778191740595,36053.0578636494
"348",-0.184816069012377,-0.130868846491186,-0.147504364070268,-0.0640164082352502,-0.0428136895819409,-0.00330366752527122,0.0182801337363737,0.00698985600589854,0.966869408436864,0.948581523160437,0.9622950230344,0.945877156856701,0.95926516230216,0.958927853901456,0.971299291331309,0.993628224432532,0.23174885038686,0.199063267101308,0.179570401366185,0.153652493113441,0.123363109882204,0.0867585887824018,0.0547962508506659,0.0152643797526315,36057.1161023708
"349",-0.162016294283423,-0.151145491221691,-0.135056077051922,-0.070274323814906,-0.0320297195531475,-0.00705791860981252,0.0153161790400866,0.00669147994378955,0.956550118537723,0.95406374432003,0.958270306047012,0.947842091969626,0.956208502870403,0.961160308385594,0.973473578010701,0.994018812825931,0.233967827792474,0.195158645263504,0.176733503665052,0.155585076414022,0.12295355373334,0.0878113337577545,0.052724260038003,0.0151152434807451,36062.6580999052
"350",-0.16346250866515,-0.144240699590377,-0.149139310286222,-0.0554964148477623,-0.0319121826677619,0.000966480217138962,0.015739190560696,0.00749226016218076,0.957943521946911,0.951551022214611,0.960503709702062,0.940587317097692,0.955602363013224,0.959085657641225,0.972060684057803,0.993842160605443,0.225235306228922,0.191801453840454,0.176950192150831,0.15594708788654,0.119152486036164,0.0878923330497428,0.0529969782930271,0.0152153873112967,36063.2821969617
"351",-0.175723710132832,-0.152903124435738,-0.152905607515333,-0.0592524234537563,-0.0156076745100898,-0.0175848701469927,0.0147723043985504,0.00437494248557526,0.960172773653746,0.955061737317455,0.962315259907561,0.943465429880718,0.950010969194537,0.96498486485718,0.973218524003666,0.995063134548395,0.223062984977952,0.194404797259585,0.175518038885831,0.154286650439135,0.123120585097307,0.0858923982245655,0.0549240424182076,0.0156892722414736,36057.3510276624
"352",-0.183024350993014,-0.131491519463912,-0.146160914100072,-0.0570096937226375,-0.0437783322234523,-0.0208813939000844,0.0121988642841721,0.00753661145334944,0.96314251373421,0.946069552345998,0.96105398065758,0.940275080410547,0.959757589975798,0.966738890181159,0.973334445499605,0.993690063538823,0.223225102055197,0.196820347012931,0.173966618851726,0.15472744750013,0.122321843393391,0.0868598187614953,0.0552280486176267,0.0150972009542287,36063.4301339805
"353",-0.13368162091153,-0.137864531087663,-0.171140122355532,-0.0823905820891049,-0.0232344528502409,-0.0104986732645461,0.0172959145364772,0.00569510403794263,0.94535261604965,0.946345227091459,0.969858098553664,0.949847938842846,0.952966989788176,0.962881568681047,0.971592508015283,0.994239290628227,0.228486551422608,0.198037809534906,0.174988279850193,0.153945953234094,0.12164611840364,0.0855837074812991,0.0526760486279675,0.0153151899564741,36061.7756441655
"354",-0.127151707214671,-0.133040597155835,-0.135476872733074,-0.059651407490762,-0.0438888046315789,-0.00347287500359756,0.0192444231279884,0.00675177469011935,0.944057252333009,0.946412922355472,0.957880609159359,0.942338907796184,0.959728078997376,0.960222518765837,0.970561316291552,0.993737814628855,0.227439519918578,0.198869562966278,0.179953800432535,0.154986614250137,0.1193126969807,0.0883822001355201,0.0543432801976262,0.0155622563640866,36060.5977930257
"355",-0.165128112471704,-0.101181312815333,-0.155851595293161,-0.0716537929760447,-0.0156866745129455,-0.0253867234841213,0.00490662518498224,0.00886772650494499,0.957461805826573,0.935152990720837,0.964537828160352,0.947860577373209,0.950123324492397,0.968866818592834,0.976883661417284,0.993020692511646,0.227683302194903,0.19952444471483,0.175801669519979,0.156804632820599,0.122759724342653,0.0846326067303302,0.0533942821453935,0.0151379251813028,36058.2528536452
"356",-0.214714001448462,-0.116722532247415,-0.13665749738826,-0.0675500568892414,-0.0396930115238602,-0.00432434213005027,0.0161189972772185,0.00968224195553519,0.975371826832785,0.943576341013272,0.958202311993316,0.947437518183221,0.958782801865826,0.961127139571959,0.971571859180208,0.992848958036222,0.230972648369944,0.193651511254608,0.169913048682819,0.153788594110913,0.121058820500058,0.0877515358166193,0.0549677508015821,0.0151138961156143,36056.5497382913
"357",-0.168066723916847,-0.101065956361304,-0.136121946214752,-0.0733591978243819,-0.0456709028401906,-0.0119910043868165,0.0108740715067384,0.00657709182078741,0.957784374215579,0.93547112763303,0.957159169864996,0.946642949981214,0.960783060643331,0.962880536018867,0.974294308593934,0.993964998343936,0.228842040138455,0.197802354607898,0.175983507646013,0.151404817682476,0.117593437355405,0.0864730112937808,0.0537818163479082,0.0157303060750086,36061.3563069845
"358",-0.179436038189718,-0.100572071195051,-0.147952960618909,-0.0615006223902511,-0.0350074030141048,-0.00724615136281444,0.014825331605484,0.0074699920880654,0.963150575136893,0.935363035588747,0.96223014819219,0.945091731540517,0.957104753551467,0.962130393938902,0.973396395426247,0.993692279526115,0.22966456993907,0.19474135495779,0.174950972355386,0.15212775973055,0.118783527749077,0.087942938217562,0.0532235782801985,0.0151095021618306,36065.2133182999
"359",-0.164401617006683,-0.123124553049516,-0.159225482459968,-0.0514361150095989,-0.0323597118973764,0.00380702842789408,0.0158993915420367,0.0063265032176515,0.959623418872847,0.943041405400431,0.964598859423799,0.9411494198888,0.957686750944523,0.957065202199164,0.973029739849809,0.994213328646541,0.227759572284127,0.196949708352676,0.175255504183165,0.157955026926299,0.118032994025109,0.0845703846052469,0.0534105115832838,0.0150663819067879,36059.0547317215
"360",-0.212534021371618,-0.144143087942535,-0.158620122643117,-0.0458916697403756,-0.0356482887230847,-0.00119821614538106,0.00852602435840734,0.00540673701932997,0.974673073200213,0.949899957902054,0.962849979774776,0.939568056184938,0.956840402207577,0.959038712934035,0.974857617700013,0.994385357345996,0.229612580277066,0.19747868078171,0.178564723848471,0.154702606480378,0.1219796771155,0.0883754562038537,0.053658243512874,0.0153462569706653,36062.1568186766
"361",-0.185201869928805,-0.140330100451543,-0.149213184137316,-0.0441536940532252,-0.0302908392424125,-0.0247170901360791,0.0143579301594097,0.00837694344761936,0.965470517494997,0.948097639550651,0.963610462142709,0.938711662615734,0.956252613781813,0.968516243860642,0.972771207128915,0.993228878413555,0.226459381608236,0.195751586690142,0.176894160038659,0.156736759124505,0.120741832832422,0.0851517498118557,0.052496772099785,0.0155780543503829,36060.4009546815
"362",-0.158634358891461,-0.13547967392894,-0.150280214740503,-0.0685888233430654,-0.0464801526907538,0.00338101057131341,0.00912197236224582,0.00732805437926184,0.956003138544092,0.948728852059123,0.960918008733014,0.946841054106347,0.960129745041521,0.958533235433187,0.975086699703673,0.993850148215736,0.229106486343794,0.197038884372002,0.17507151353354,0.153160326548094,0.121084382247093,0.0891779572802423,0.0550499977515852,0.0149675078765495,36062.3352281745
"363",-0.122140496676776,-0.134791566252564,-0.175473578143298,-0.0704832394498654,-0.0483149740646575,-0.00408762296185019,0.00896276763733919,0.00772478118213921,0.944944302801677,0.947172563190713,0.971032424297368,0.945564266831758,0.962252216817158,0.959756168191344,0.974621951304257,0.993435812140764,0.230089995572191,0.194778808062342,0.18078302592906,0.153159240380038,0.120879432055472,0.0882004652978601,0.0536719590330447,0.0147292551886255,36057.856466233
"364",-0.18161356868897,-0.154737244302114,-0.105110310921184,-0.0319250875450712,-0.0278189305965956,-0.0191114854573611,0.0129640804986039,0.00663548946783088,0.961455919658902,0.954647829973693,0.947260253000869,0.934934095637891,0.953717056890017,0.96594249241053,0.974123715365718,0.994026747461375,0.221042665953232,0.194494485221287,0.179260617331096,0.153218191449582,0.122604772265346,0.0859778718682982,0.0526475862681202,0.0149102397909632,36054.9138884769
"365",-0.173011765873783,-0.171493962237277,-0.17340572457276,-0.0831005085095041,-0.0516546411219143,-0.0235853260646615,0.0205884971358715,0.00615556763075525,0.959155418022899,0.960197352197444,0.968511256551847,0.950400685216105,0.962794443482362,0.967317458454943,0.970252758084852,0.994269255099298,0.229587122280727,0.199442084407227,0.171218700796315,0.151323757494552,0.120696355054649,0.0871851556743783,0.0557284472520128,0.0151404312080358,36054.0959574213
"366",-0.14053943621048,-0.12550533090993,-0.104214898944943,-0.0385985602611943,-0.0359582919043856,-0.00140833000917692,0.00789685936077904,0.00725938890547806,0.949953849511239,0.943823050110139,0.947359350818352,0.933990351877199,0.957143097963587,0.960044156516717,0.975113852518497,0.993723065324092,0.224529893566145,0.189612330773111,0.177510806326996,0.153023940735491,0.121139525851454,0.0882033229669801,0.0539298549943048,0.0149650590059584,36058.0207941428
"367",-0.153260333723232,-0.133169909197508,-0.166624317997843,-0.0600265009778528,-0.0396761610058296,-0.0149730222541166,0.00796539218379591,0.00948488288499126,0.954041885638725,0.945192929692801,0.968571147044992,0.944289759044477,0.959391328988586,0.964887866814282,0.974560295509902,0.993059018749385,0.231196337251309,0.200184025641222,0.171596844981792,0.151039224397033,0.118923128341968,0.087044556061356,0.0541652990715982,0.0152826576241767,36059.282532534
"368",-0.168399139834684,-0.148093741557153,-0.12740209229267,-0.0540589624267041,-0.0340918147838116,-0.00876869309317051,0.0216196756629907,0.00727608462174084,0.956178905289706,0.954731186139138,0.955428817425315,0.940369186900456,0.955844299503482,0.963533262961563,0.969802824385545,0.994076841278291,0.22605171416292,0.194530441342269,0.177449603901254,0.15375810124007,0.119696095557621,0.0868911661076547,0.0523139970981839,0.0152500257043484,36053.7597466608
"369",-0.135758255629361,-0.18663935985696,-0.132414211777263,-0.0545171826873538,-0.0532040889809485,-0.000416157461342117,0.0154973926028692,0.00806378097383777,0.948991241945413,0.96411775673292,0.954875523002584,0.943429471210402,0.962857155348594,0.9591811468815,0.9728484246122,0.993407428604352,0.233866180411441,0.191351757520296,0.177573763085639,0.158259391882302,0.120953301227382,0.0888543603811321,0.0542076356120116,0.0151196343768131,36055.8647554824
"370",-0.175414149823371,-0.1137208442314,-0.15080993005074,-0.0742825169537603,-0.0349670360715054,-0.00772852659715377,0.00341763767088384,0.00646967963751709,0.96194059464768,0.94146736378755,0.962716952586701,0.948918868945188,0.959081618046361,0.961408757506293,0.97747669201745,0.99389544376738,0.233633354973681,0.196156853091845,0.173916133160062,0.155443201804993,0.118822499439777,0.0874712305027775,0.0539142520197411,0.015181533035018,36060.1391566602
"371",-0.179574193937662,-0.125340124786181,-0.139020207991386,-0.0667491667924908,-0.0425419739551288,-0.0102888360263878,0.0127731624456609,0.00712668804763478,0.963335291787921,0.945144690844035,0.960916573837004,0.943814413876049,0.959949816287096,0.961495522152826,0.973453952995381,0.993677603784794,0.230847134195418,0.20134181423095,0.176848491337504,0.155179936452859,0.12250729650404,0.0882250520207054,0.0540279518550951,0.0152455743307636,36061.2737910536
"372",-0.128386950529756,-0.142157692600526,-0.157061679340065,-0.0721102825275841,-0.0407807600454412,-0.0193727887699624,0.00600952983928989,0.00759467160467925,0.943704249484516,0.949752755177684,0.96447362980048,0.947727042535754,0.956748682478486,0.967568694083247,0.975660311969478,0.993449078368971,0.2284053525775,0.196742827039278,0.171590636214684,0.158272520567523,0.120052511659033,0.0867039369978426,0.0528147642964877,0.0151852889141439,36054.6649011492
"373",-0.126767533836744,-0.123307553481256,-0.148502935307324,-0.0345171624976111,-0.0232923603612315,-0.0174802740139978,0.000957100327215979,0.00571686648490037,0.947927716929102,0.942144355936966,0.962331169437826,0.933610110298443,0.953505100365191,0.964769477528946,0.97835587272492,0.994376158739953,0.231602107618568,0.196572125566508,0.177944621454775,0.161866827864136,0.122559081530505,0.0877108084596249,0.0538595761365898,0.0149309186716326,36053.4655590393
"374",-0.160472784548628,-0.146500799870711,-0.145741620306478,-0.0696424537771626,-0.0170660088336655,-0.00788879341101973,0.0143372212294803,0.00845082565520196,0.957499745694362,0.9503496550107,0.961066010743879,0.94667764141562,0.948626899717956,0.961218216312583,0.972915487346388,0.993242737074215,0.22917133182679,0.196936143054889,0.16957316754693,0.152261327338763,0.122097950638123,0.0878929228529424,0.0545226261520322,0.0148774594482511,36057.7956062821
"375",-0.153354392658242,-0.134124942277713,-0.181660687327501,-0.0363816662682364,-0.0331500347233786,-0.018593225447643,0.0137274221005703,0.00667073943176621,0.95268324470055,0.945511005949487,0.973666474442435,0.93491334280943,0.957654834931103,0.965016040795184,0.974120508343584,0.993836941514604,0.223794677577643,0.193618856144019,0.177298927023958,0.15565278664359,0.12219962595165,0.086755638283354,0.0533969392090527,0.0152951137352767,36059.9200525924
"376",-0.169348332625625,-0.128483504663785,-0.157848673899856,-0.0627893905276966,-0.036716404576817,0.00194124150920159,0.00466430750422314,0.00545576477260699,0.957805538270574,0.945554556539171,0.963887560665819,0.942777874926484,0.956391621789567,0.958977937892913,0.976407221269236,0.994540622047669,0.224454618655228,0.194740037873639,0.179085601128164,0.154573952348716,0.120506663405214,0.0855731394478129,0.0529804248354552,0.0151887467500071,36061.4294134375
"377",-0.176866922728624,-0.113893525447615,-0.14523980245709,-0.053998749824046,-0.032656732493027,-0.0117596423542377,0.0165258861125196,0.00858483354840459,0.958424458520754,0.941205956801526,0.960111577389647,0.941930026155751,0.957337674630845,0.963438856619053,0.97244777568803,0.993217725482496,0.228706932014817,0.19136976643347,0.174807387030581,0.152470085303478,0.123393890007591,0.0877604235533653,0.0538589955451154,0.015308510132202,36062.5396278895
"378",-0.153297629238766,-0.0965998278762657,-0.125402734834536,-0.0907567765115815,-0.0390242630084049,0.00404679936207522,0.0140862456406909,0.00905505001569435,0.95046176296713,0.936053606465042,0.95274798722591,0.953725596589233,0.956758240442639,0.958385791161071,0.972480249534063,0.992966503246447,0.232504913546883,0.199875547610245,0.176425208677027,0.156412608196506,0.11932668180955,0.0881571391324986,0.0548463897647611,0.0151211159532305,36053.153508028
"379",-0.168596394599375,-0.126949819907054,-0.152831918465977,-0.0592338260593586,-0.0344478829235647,-0.00476053337016004,0.0069038664922572,0.00542684972303165,0.960554465829535,0.944278108576285,0.960781142289228,0.943010271500949,0.956363077079067,0.960065825847698,0.976243838559778,0.994342106135975,0.223779035565169,0.199804648147605,0.174235746501726,0.154414403379073,0.120197630274017,0.0855547471963786,0.0545914002939673,0.0152621445776825,36061.3381496242
"380",-0.182734211482842,-0.11691220430833,-0.143614316228655,-0.0582120473141161,-0.0365012923389127,-0.0115228348196983,0.0173919508159867,0.00765384283127402,0.964438380269992,0.93921136569261,0.96072749249194,0.94427633685892,0.956563232312067,0.962677767077268,0.971250619935183,0.99362323184275,0.230524683379586,0.197517711154916,0.175453058256364,0.153841304125019,0.119319220726953,0.0876080287811127,0.0540316539101261,0.0156635088485634,36062.7056320987
"381",-0.158726615171143,-0.109134538163254,-0.164634090723217,-0.0663937933915276,-0.0332289494805955,-0.00752946682340846,0.0107747384020155,0.00796460443936476,0.952243005020463,0.937995342100324,0.966998093358733,0.945459884006323,0.956726330425209,0.96204809170285,0.974301252529815,0.993384133538076,0.230064544600852,0.202056504119726,0.174776705588427,0.15443944800024,0.120737274721695,0.0867107257711967,0.0536589105050489,0.0154604205054221,36063.8519748413
"382",-0.132921700259692,-0.12271649011599,-0.115121288020173,-0.0619688955144042,-0.0234454971184186,-0.0127130616091659,0.019776815601632,0.0089631371972282,0.945011533182713,0.943149925314189,0.950082829593584,0.943797283683272,0.952195073708611,0.963794966472485,0.971125950581859,0.993094491132896,0.224668303708097,0.190662046750253,0.173190296716974,0.151459397477888,0.121810982556858,0.0850966185074481,0.0545650208695192,0.0154486122942489,36057.9191520448
"383",-0.199116107512422,-0.14435121021223,-0.194412671137175,-0.0625123283206881,-0.0318410933405646,-0.00376215219282324,0.00396538332818834,0.00795904861797904,0.969867908381295,0.95104251175152,0.97731042889223,0.944186625541487,0.956529049663018,0.959755680894094,0.976836391470924,0.993525780817064,0.229301440154222,0.194346134401043,0.18100982240608,0.15511049915362,0.12195215657272,0.087196883680376,0.0535188110963227,0.0151263139016509,36062.0639805775
"384",-0.145510510196242,-0.145829340437386,-0.149314275424803,-0.0626982294746156,-0.0368927563642896,-0.0018307583538296,0.00744390794321842,0.00513406155563861,0.954484916367951,0.950095299029706,0.962242564405221,0.944833561950455,0.957925079693495,0.95948931022286,0.975330874166293,0.994578235710363,0.227746088294944,0.190723410817132,0.175865778890076,0.156812609573799,0.125112424462274,0.0871098983961782,0.054611758830657,0.0153068249763987,36060.3335497971
"385",-0.197707534972435,-0.102342630227729,-0.151299615753582,-0.0520255072685072,-0.0285846150533496,-0.00459624239220491,0.0130500310320952,0.00629025703870014,0.968079477346292,0.937116547402781,0.9636156211245,0.940267504887503,0.952980469560314,0.959049604078918,0.973673344389567,0.994033767007209,0.226489251454137,0.198065111490058,0.177178410564154,0.158065895813432,0.120341354148621,0.0855156626393752,0.0527149118080889,0.0152943809092689,36058.7615079089
"386",-0.146791276046151,-0.13772375261423,-0.12930929768337,-0.0513270896166336,-0.0398147786575886,-0.00434127390661716,0.00833597571361031,0.00970877465334844,0.951426235374348,0.947882183981386,0.955748852062674,0.941429062978353,0.960086747113773,0.960836893719578,0.975694387375185,0.992920178906398,0.229119776909469,0.195672073081553,0.175782644157019,0.152375410264096,0.122786075534364,0.0884546669441757,0.0553027387457353,0.015296889227953,36061.3540968233
"387",-0.195177463580076,-0.129955268366603,-0.154199431437833,-0.0776029443853385,-0.0392655430362212,0.0159782393037866,0.01756482122769,0.00980843708065708,0.967969396162025,0.942486003094293,0.965733691142044,0.948633818621855,0.95899055037219,0.952941782338706,0.971554749455838,0.992955868335188,0.230292095969251,0.200102189175361,0.179358736361175,0.155417447203153,0.119503987406397,0.0874328602569898,0.0540579533916551,0.0153552645097561,36055.4013965886
"388",-0.208595105882552,-0.123382221152769,-0.180347132542215,-0.0520864303117556,-0.0492317511888145,-0.00702326516574117,0.0146410250138671,0.00510667362923561,0.969918855990119,0.944167506338923,0.970531993968838,0.940332935896856,0.962868751552407,0.96110919483056,0.973215391624144,0.994471090886724,0.228795600030151,0.190826285955935,0.178260575300745,0.151189313101472,0.118167156836973,0.0866244596431778,0.0531194163861281,0.0149909988463454,36055.7652299869
"389",-0.171931200790078,-0.143064752133641,-0.139440035634244,-0.0663627019048054,-0.0283451764435744,-0.0186067083136866,0.0152072442566082,0.0079848975072192,0.957570718056901,0.949400488481919,0.959147474810462,0.945099600664465,0.956377058420588,0.967098518175082,0.972272424307739,0.993376977748344,0.232189900967685,0.201442140345291,0.172793429776391,0.155314939316078,0.124054917369069,0.0860898632562019,0.0533963252716751,0.014758147385641,36054.6129925137
"390",-0.184675971036389,-0.111350963842665,-0.153785661690185,-0.0692534180267495,-0.0546550430289375,-0.0177068318899553,0.0173559941782425,0.00832847704931186,0.961820855167383,0.936029708820643,0.964354449720023,0.946317849263374,0.964292332616871,0.965262058094274,0.971444668001154,0.993461645713818,0.224733598764068,0.19312913132647,0.174529768214346,0.151688801254177,0.118658679318107,0.0874527644621346,0.0550206425374804,0.0150805613067293,36057.298583555
"391",-0.163484712369668,-0.129058409242419,-0.149290273509219,-0.0450232591463616,-0.0335906559740742,-0.0147486296105981,0.00759906891247053,0.00566882789098896,0.958813095661252,0.944659996557074,0.961512515554214,0.937972126999421,0.956419616792321,0.963757300347517,0.975049334091041,0.994480401642684,0.224815712905312,0.195890675010774,0.176424087215709,0.153343939066157,0.123409155600274,0.0875282663751945,0.0547633587943732,0.0152607250569932,36064.6582906656
"392",-0.148853750302167,-0.148789079926127,-0.16385150674685,-0.0924030603746942,-0.0376658628033715,0.000249551101339088,0.0108446468252074,0.00805621587512521,0.952286506781854,0.951045757854947,0.967250439710904,0.95306190264215,0.958011812115106,0.95918960846058,0.974299443124931,0.993297690811056,0.231042543223605,0.19267697947937,0.178787787337334,0.15977594715247,0.122734484411373,0.0878720558418988,0.054503534232066,0.0152432529186666,36059.89078807
"393",-0.144725991056254,-0.0964669760340284,-0.153834009370974,-0.0542759566420698,-0.0516981523048833,-0.00842869015935512,0.00832115283908314,0.00696062800183402,0.952434622192001,0.932628871456671,0.96461545091736,0.942498713932059,0.963226630306029,0.9621202004917,0.975380743174975,0.993907582264885,0.228725316081763,0.193864376006076,0.179558545145295,0.150636183347261,0.124257927007599,0.0866364635806822,0.0553652470125142,0.01545370587145,36058.2055020863
"394",-0.183156425615606,-0.137458475565465,-0.150490624861151,-0.0281595679542391,-0.0381395544884957,-0.0154723233055774,0.0145771332339797,0.00962272444386107,0.963754060480831,0.948788033299225,0.960772790001014,0.930981084559164,0.958237527728322,0.96561031596324,0.973398820648429,0.993000362238563,0.2258654513643,0.197040719963035,0.175675737473226,0.157250302578348,0.122031499382576,0.0871351997776284,0.0528412979616915,0.0151542566768145,36060.8025683832
"395",-0.155175915601199,-0.133060894874904,-0.109186493507261,-0.050198231681171,-0.0288118403324314,-0.0104999981421914,0.00938965338134562,0.00969468990384754,0.956085551135857,0.947212387269715,0.947662667819672,0.941464990779279,0.955857116788198,0.962755034530224,0.974658193755231,0.992895398642853,0.232488141784309,0.191499963463982,0.177850571943719,0.158727110753639,0.121560552757737,0.0844618960470571,0.0542724968838423,0.0148744195950079,36055.991813562
"396",-0.1914297271151,-0.116144509436131,-0.14219165395559,-0.0378537621647749,-0.035344382256243,-0.00965759676633333,0.0118378701723001,0.00543980539901558,0.965787251079968,0.941259963841903,0.962357879013316,0.937389363658178,0.958001929641511,0.963770229025466,0.973804820282963,0.994437048207944,0.227132059410686,0.194532507862594,0.174477670634258,0.158217473593825,0.120282055070335,0.0855232888956772,0.0535333203345466,0.0151464498669103,36060.3837139688
"397",-0.16408434494673,-0.131725916354323,-0.149367848030618,-0.110080950879712,-0.021215759306772,-0.00854383464547656,0.0179321591200918,0.00948344882707397,0.955229283006152,0.947529163409377,0.963303866020209,0.960551613508475,0.950626580614113,0.96218875254429,0.971364883760671,0.992837068426821,0.229027876578147,0.197389662326767,0.177578443382554,0.154763906212991,0.119450919197948,0.0889337366685364,0.0533899653471009,0.0153369672515219,36057.4740453665
"398",-0.18672045266748,-0.142239384436099,-0.167226288077151,-0.0595895442324131,-0.0384765228065852,-0.00645638505061872,0.0206982360371331,0.00554988347316281,0.966576961222037,0.949736651952008,0.967118654935361,0.943030994827188,0.959751594239017,0.961488398985267,0.97109168848163,0.994416156504055,0.228006118105531,0.192219905653824,0.178624804181005,0.157481625505423,0.123781647990003,0.0874106823482866,0.0541922106367474,0.0151106090455835,36061.8670638085
"399",-0.213831227804308,-0.148714256151142,-0.1625439532124,-0.0445199502824075,-0.0393512766078439,-0.0149566071115467,0.0101635922517278,0.00751417908498143,0.973271708148662,0.952660145948852,0.965284220300106,0.937611339733668,0.957909635734929,0.964782996158586,0.974686887039601,0.99366185144718,0.228606685356926,0.193821982977074,0.173177372865396,0.155551225125092,0.118720492132644,0.0885935131696943,0.052776691848533,0.0152236850680413,36062.8129677018
"400",-0.165902250770511,-0.122832099541468,-0.13763386351437,-0.0472334306207981,-0.0280501448393157,-0.0147291785372684,0.0140656857916302,0.00685613776664212,0.957347147377598,0.944049484940427,0.959921334679833,0.939048530784398,0.953916175059868,0.964955443176209,0.974170784505476,0.994033574972182,0.231834324793676,0.197768803045999,0.175851683655251,0.155402769948085,0.121828147675628,0.086690756257985,0.054125914220577,0.0151043851655658,36062.7438204842
"401",-0.141986965838353,-0.153762928007745,-0.182715557250925,-0.0526542237808521,-0.0437368136171391,-0.0315655889474554,0.0182780134624923,0.0077059779045807,0.95104624262097,0.954212707005577,0.974553837879635,0.942967464141395,0.959966989571142,0.970125956958416,0.972048417934116,0.993790282459809,0.231780384211353,0.200905946481403,0.171177147910515,0.15726234126196,0.119897276127025,0.0897534682626697,0.0551388350598674,0.0152765069154434,36052.0352110151
"402",-0.217590737631796,-0.115947289772102,-0.13201260802451,-0.0484917285534371,-0.0402312669579304,-0.00345431929014223,0.0110034604647764,0.00659516537947738,0.973272291849762,0.942918292740659,0.955627157908552,0.940560005023924,0.957909462303601,0.960985074813651,0.974402642282937,0.99408865656102,0.231531110217663,0.196141844386936,0.177710371822818,0.153526976718962,0.120813985475898,0.0879421716426992,0.0534456200335482,0.0152021739735898,36062.2570195775
"403",-0.170608614688567,-0.145074542439118,-0.164225191924169,-0.10244661310674,-0.0135837929321851,-0.00847174194945482,0.0156944583939304,0.00908036237088475,0.961722689209869,0.950394321793601,0.966687432201437,0.958098452687079,0.950266081105499,0.962098278122743,0.971682973371919,0.992947145143611,0.22582223064247,0.19605617776179,0.178201871530558,0.155950426613064,0.120386144234243,0.0888644613320513,0.0542463216128075,0.0151916712897542,36058.3960870016
"404",-0.154287539651348,-0.154962055718286,-0.152578963522468,-0.0919906683522927,-0.0382222520612659,-0.0173201919232131,0.0123145869930244,0.00779094037943539,0.952898533864843,0.955543114720862,0.963776637514098,0.955701778672002,0.958766957321917,0.965527858223188,0.973204908848539,0.99348529598141,0.229209909633527,0.194511870799131,0.179296952361294,0.155389708863438,0.119897291692324,0.0875089019974717,0.054768136494192,0.0153575249965384,36062.7066560043
"405",-0.206231271862908,-0.137609763485301,-0.138804942369042,-0.0680481070002019,-0.0403058725874956,-0.00170675089363084,0.0120342363344293,0.00466252654278546,0.971017650909876,0.949467176551611,0.958128362541058,0.947867185144526,0.958972314096602,0.960340292927077,0.97388614667644,0.994535780281808,0.226281335549991,0.198780148249865,0.176197636603356,0.155210111573838,0.121664641758628,0.0856539691238358,0.0546424872159415,0.0148026862818537,36059.6272640139
"406",-0.183967141396451,-0.137520963708448,-0.130496528707248,-0.0481260131469081,-0.0143276944000336,-0.00380190983020012,0.0170392490261541,0.00537935171285369,0.96444662462277,0.946579494474577,0.954945838293551,0.939659775899814,0.949404520318935,0.96055567308307,0.971856466318717,0.994500700902567,0.227079438866796,0.19767127951778,0.174512596923124,0.152494814662437,0.121022097079903,0.0865593346408976,0.053820461623215,0.015789172931837,36061.7693191429
"407",-0.172397711501155,-0.135876139994964,-0.143280534913008,-0.0661707566036169,-0.0500873741671116,-0.00908572780372287,0.0116787071711815,0.00955608500766711,0.959052401621112,0.947211574146081,0.959069931149718,0.944481272729371,0.962990656779996,0.961616154147144,0.974553087920559,0.993003367586333,0.230689129247323,0.19473462090192,0.176206394068624,0.153930888614878,0.119306480961799,0.0865463188328074,0.0538858118890033,0.0151623100311754,36064.1653610478
"408",-0.179367744439703,-0.148690576074522,-0.152502317873023,-0.0455293862214331,-0.0360021613724135,-0.0213094290520926,0.0147342076510552,0.00666096897849658,0.961586503143599,0.952411392475804,0.961825345571811,0.937702583984418,0.959002264013524,0.965819457306739,0.973201200784859,0.993998280525771,0.232793834197869,0.196494453121844,0.175308632762778,0.150593172017511,0.122733330660089,0.0878132342924806,0.0539355653083394,0.0150190728507378,36060.5713036514
"409",-0.193219791161412,-0.117587400570649,-0.133785580669349,-0.0542356204737908,-0.0463067356102544,-0.00285806845463831,0.00753478730442559,0.0087857728271239,0.964956121393408,0.941741615501998,0.955806938954658,0.942479985454573,0.960602478251503,0.960383746606689,0.975942231173464,0.99340723607306,0.225668184876623,0.198357975354491,0.175034222038988,0.154432766351202,0.122089396029836,0.0868934157213718,0.0548399123938325,0.015280853668626,36062.1173495323
"410",-0.195125539995776,-0.122749816229082,-0.205826958270464,-0.0413818208832991,-0.0189198858918328,-0.0198383293546608,0.0111359405532351,0.007380274702151,0.96633114062193,0.944638124244302,0.983275244179788,0.936801727201957,0.950783748533505,0.965278857193402,0.974811936044952,0.993749335687987,0.221670561338739,0.19338446865143,0.180734291194387,0.152229968902114,0.122207602425296,0.0872993208160475,0.0530553517761019,0.0147865299160597,36050.9588992931
"411",-0.222640147404605,-0.136374566359004,-0.148823888642198,-0.0640676045626012,-0.016990492815254,-0.0229801100819281,0.00749305646496045,0.00669958327362964,0.976921928132375,0.948400011914744,0.963531933517801,0.945120235790801,0.951254362467416,0.967267271106779,0.975969827216452,0.993960420562234,0.226332657256254,0.196829222367405,0.175661788579451,0.153646207507805,0.119865398808345,0.0868285800527359,0.0548117030623633,0.0150344931349791,36061.8681528653
"412",-0.163227092734126,-0.107509684888013,-0.176566846739749,-0.0375541674992692,-0.0404784861232086,-0.0133611798695515,0.0213004738090702,0.00732423950754264,0.95653610262865,0.938070037646531,0.970816947348972,0.93486724692796,0.961041689250316,0.963942254100903,0.970514004383903,0.993663261253436,0.226639403578271,0.195056525704397,0.178253690352483,0.152909186380053,0.124174219722388,0.0879660035029663,0.0534083595173546,0.0151197466352843,36060.3616810193
"413",-0.153877237065313,-0.140305509838879,-0.14094421787426,-0.054600460273015,-0.045233231482012,-0.016744230880612,0.0140467658296438,0.00714303264002468,0.952246681342353,0.950737904371171,0.957563935067067,0.942542123070196,0.961304558151072,0.964794125115314,0.972842917617099,0.993927740941176,0.232816882962727,0.196729585889914,0.173186126919456,0.155059869077669,0.122358877425516,0.0884256632937125,0.0556610999636227,0.0151298025305269,36060.7451003086
"414",-0.172128540645748,-0.14635196860934,-0.136777815691812,-0.05460730482124,-0.0381272157320283,-0.0198207076277649,0.0137582886496463,0.00787180179877931,0.959558616599264,0.95132078618614,0.959775474432419,0.943882535061874,0.956462762919897,0.965115315348414,0.972937400278844,0.99365799861862,0.229084147324145,0.197973893110323,0.172945312203712,0.155543658270904,0.123145831120021,0.086372229250286,0.0533433180489745,0.0153517377147038,36060.2047026959
"415",-0.164942548369179,-0.152595800589367,-0.131766532361892,-0.0258110193699062,-0.0428592880675317,-0.0172690003424074,0.0108139932135434,0.00866068806845258,0.958864003732162,0.954633301726963,0.953868427799208,0.932881752580731,0.960188304659837,0.964812226957529,0.973859221986751,0.993351329280982,0.229419673056269,0.19158076986216,0.177080233906837,0.156099355737167,0.12182225264398,0.0887723566867946,0.0532297952744008,0.0155417113667127,36058.2882031185
"416",-0.176395621679714,-0.0980203895382815,-0.163364659403801,-0.078825504358954,-0.0435933265499991,-0.0130868864794188,-0.000727429092537791,0.00879655109211217,0.962367406630519,0.933418785695838,0.967398318671717,0.949784639307906,0.959631934996205,0.964355414896587,0.978030646617644,0.99318403818144,0.229875262275861,0.191308362142958,0.172196254196999,0.151487747983393,0.120015929006056,0.0859918320705911,0.052911841801736,0.0157120214851104,36054.7398878341
"417",-0.172648313586067,-0.12118882435039,-0.129043799753561,-0.0375775239841518,-0.0411242534083612,-0.00757968721602051,0.0174290233483726,0.00666428067154441,0.958757547310651,0.942498834159449,0.954839796744691,0.935580066709123,0.958631697228901,0.960688919437613,0.972353795764041,0.993919364894268,0.231335063013298,0.191655660998562,0.173681660118734,0.156402379702117,0.12082918224903,0.0876370543474807,0.0543429095976165,0.0150656614721833,36062.6502796501
"418",-0.184164724008649,-0.116713804987144,-0.170197456655683,-0.0617578445604438,-0.0344728897325951,-0.0254562317234371,0.0170969685222072,0.00533637110048332,0.96175015543181,0.942879357704303,0.968398079779462,0.943962875124293,0.956222185054005,0.967635270143486,0.972327152781069,0.994683301951555,0.232936104526843,0.201634307236999,0.171174202643172,0.152707624636932,0.120551717629709,0.0886175729605612,0.0541603789124338,0.0152788160364919,36056.6525157962
"419",-0.174357156759109,-0.106131310155624,-0.143606872470171,-0.0587636510674762,-0.0342262674970556,-0.0254680232657329,0.00610023196405259,0.00863465510910831,0.959282050003634,0.937878725214805,0.960321098335792,0.944637141921747,0.957266812358988,0.967554975864552,0.976099839798769,0.993158628624473,0.230898381653223,0.192651219984914,0.178552235696557,0.154157460849677,0.120432040601699,0.0855960679350087,0.0548340622624519,0.0153569384523451,36060.9304204071
"420",-0.191331375960568,-0.104495628950528,-0.152128441458583,-0.0735482076926021,-0.043898988919398,-0.0181047425965573,0.0116550236137511,0.00584479480307402,0.968613860779902,0.93847566038914,0.961511094127885,0.947748088769681,0.959224081923919,0.964478797901339,0.974404077326145,0.994481115240477,0.228028270176348,0.197692662401179,0.177648166470758,0.156352381408752,0.120252665522561,0.0856705108511873,0.0551576546611453,0.015002351875087,36058.872423355
"421",-0.167254114188191,-0.144068651647026,-0.159362446606864,-0.075194621086706,-0.0411277259085618,-0.0065911358651702,0.0247580179872198,0.00766060394073058,0.957274020282743,0.952289784556434,0.963991087491832,0.948549402549965,0.959843076810584,0.962006444477768,0.968329369818152,0.993753256084511,0.228860491524181,0.197151970810844,0.177488730456046,0.159901621137551,0.120628322454933,0.0870853836483103,0.0519299628912533,0.0154262853045414,36055.3523085271
"422",-0.121243889386925,-0.140812601119201,-0.168754052333323,-0.0495385558036795,-0.034086607429968,-0.00778063316246649,0.00511315699506179,0.00702397918302462,0.942024734819834,0.949806291754761,0.969046758016005,0.938116942238824,0.956965511499273,0.962661077211565,0.976629926917824,0.993960780881651,0.229881199987557,0.198455600986556,0.176652089370154,0.156369857366463,0.12147117079357,0.0860872685458169,0.055381123756419,0.0150212661308863,36061.1210006865
"423",-0.145795784320784,-0.16052752049159,-0.157427285946741,-0.0487806856995604,-0.0239974863291327,-0.00142261401186871,0.012842654527772,0.00746922557593111,0.94835892143404,0.955955093778903,0.964752661897569,0.941495957287514,0.953668011427107,0.959375889347275,0.973026540941067,0.993580223473691,0.222665570696657,0.199864086633231,0.174861193992107,0.154080012314804,0.121200158835108,0.0873295782142548,0.0532222551065715,0.0154123013067324,36060.8851658568
"424",-0.169640462799069,-0.104028030696459,-0.159933634803352,-0.0911695991605109,-0.0117594821738976,-0.0201828428907288,0.015032553108631,0.00788853583424967,0.95788157970211,0.938857582907148,0.965805995272135,0.954459520000627,0.948739049597418,0.965693163746579,0.972664262766157,0.993541510151283,0.225353801742903,0.189982321207169,0.174709070031187,0.155018080822624,0.116759988717625,0.0875451373708802,0.0531240237567688,0.0155140158984822,36056.2346163076
"425",-0.178303288264119,-0.143242311550636,-0.138249102781167,-0.0875862314221385,-0.021063794872301,-0.011424601218368,0.0166737378626202,0.00850613826296831,0.961408433537865,0.947917182312869,0.958375174876436,0.952710378489905,0.952468174384624,0.963876497809627,0.97217140275473,0.99323659183531,0.2273043267594,0.20415383060705,0.182387130456885,0.157139672246876,0.119513183304391,0.085842929909222,0.0544013948855466,0.0155930557079551,36055.7246449464
"426",-0.157019231610521,-0.147044351819046,-0.135794417408885,-0.07351767185072,-0.0363539618428635,-0.00238341422422871,0.00602252277779838,0.00427930149444079,0.95495456614083,0.951587562765938,0.958604684726032,0.945005527298546,0.957924839657274,0.959680369657798,0.97609729449111,0.994690670904644,0.232361354587456,0.192814795603815,0.176327761000698,0.154627159233219,0.120114665965459,0.0873063190495664,0.0529812155821704,0.0153732832484479,36058.7077066602
"427",-0.163834044181795,-0.125184764058663,-0.152379312231348,-0.053144605113827,-0.0304032915209466,-0.00764139972860073,0.0175449045376033,0.00868219878694709,0.957988055010274,0.943674340708457,0.961226182483519,0.939850620781878,0.955473662639685,0.962634921873236,0.971828959678926,0.99324516706014,0.228332542404121,0.194106075272305,0.180146980791458,0.15430299710066,0.118067349040904,0.0890224574280806,0.052868854598905,0.0151572275043156,36062.0246599124
"428",-0.157526297863704,-0.137596686673969,-0.145059051539189,-0.0744268162781855,-0.0397097051628228,-0.0138279248289945,0.0170503237232629,0.00988228299041232,0.95421627371201,0.949302506550937,0.960291044358652,0.949873374341591,0.958614205200269,0.963980795039057,0.971652166816866,0.992839742084746,0.23062448510329,0.197020772590092,0.177603861428494,0.15436598518668,0.116787751174007,0.0861192494599394,0.0534190629186935,0.0150172024647783,36061.7647844307
"429",-0.128439427626368,-0.110850682632683,-0.1497253428565,-0.0701998076823959,-0.035902108429808,-0.0112991339997045,0.0107125966873345,0.00957108363385275,0.948121031082837,0.938934739782109,0.96180890200824,0.94718011452271,0.957492823343413,0.962296288503331,0.974489098633629,0.993070730988176,0.221206368425795,0.200067675815025,0.177384933729725,0.154620486548071,0.117924097028138,0.088086662170519,0.053044904602275,0.0153458976448404,36058.9402068085
"430",-0.162021208535672,-0.146647356336361,-0.175980194406918,-0.0849018301790437,-0.015785862374209,-0.00708957440545511,0.0156487583148338,0.00651943452329344,0.955903903505924,0.951385014128333,0.971490107421678,0.951232151811601,0.951237683091923,0.961241532570229,0.973329934724144,0.994019327910409,0.227200150533532,0.194489962336616,0.177351770833434,0.154708605579089,0.119768651923569,0.0869690518902412,0.0532747782920154,0.0151370893486665,36063.2579179455
"431",-0.181869894284226,-0.155718304063756,-0.161496740883584,-0.0229216243111312,-0.0348157139599964,-0.00759755839373475,0.0157366595684974,0.00983001396906858,0.963307389100298,0.955185824413744,0.967006856044027,0.930180529141424,0.957785894559324,0.962327247773782,0.972288579753873,0.992858674558236,0.227580296469585,0.195213835146303,0.172991567622541,0.15960722202746,0.123623293667794,0.0867110905760624,0.0524264818537877,0.0155445179788363,36057.6889320946
"432",-0.161644217343007,-0.148736770128593,-0.163450910962242,-0.0841479107913468,-0.0368605222701236,0.00156627624002077,0.0200221875491814,0.00754352324404143,0.959069359111677,0.951770745484251,0.96698891227272,0.951569182836507,0.95678779819449,0.95861072574346,0.970875422531104,0.993677940413431,0.231467965168161,0.198464118114046,0.181820346564625,0.1548064105206,0.121282011414244,0.0851966965431759,0.0539478513788912,0.0155819073943324,36060.1044649962
"433",-0.141079752523872,-0.166258050765473,-0.13634475525198,-0.0250914600385435,-0.0265258831318794,-0.00849926070220608,0.0134001727494711,0.00584044559734032,0.949362893613696,0.957570127064125,0.956654871239985,0.931713614892926,0.953618335811487,0.962013404885533,0.973689648151593,0.994271658204735,0.233690805800463,0.200608835740459,0.175032627543111,0.15357982475925,0.121332881142328,0.0882425337023832,0.0541552057751872,0.0152674897594749,36061.4232644194
"434",-0.190111252325352,-0.113435801738436,-0.147486958177264,-0.0789393855262411,-0.0248422857715694,0.00344908552183446,0.0112482316641602,0.00698294290117307,0.965935241972266,0.941047509539819,0.961309209081111,0.950729053518585,0.954224578687338,0.957136172714135,0.974267480712143,0.993800512186255,0.228138799364841,0.194088646385301,0.174476533591072,0.150928576991255,0.122646847249906,0.086089453303765,0.0544023489873345,0.0155109246757092,36062.2399841784
"435",-0.163667211610719,-0.136135455778274,-0.139533563854454,-0.0674892552010695,-0.0370345681112504,0.00119579238529209,0.0119820630430665,0.00844220436301168,0.95810452088998,0.947287652532931,0.958489247006552,0.946678223688111,0.957647409660123,0.958496453102471,0.974396701410987,0.993430195522193,0.230502627298169,0.197744194600381,0.17409231314641,0.156630670195509,0.119358341910448,0.0873846405397912,0.0534770778552974,0.0154437057043898,36066.0993908778
"436",-0.158359484340851,-0.135476569667502,-0.137242719569733,-0.039537709019889,-0.0485782680484383,-0.00745431929114981,0.010726426766605,0.00768257611896655,0.957835479193552,0.949295898521915,0.957510424330882,0.937306415157086,0.962626857327125,0.961652107697248,0.974023043000173,0.993705574291827,0.232517405333776,0.195515746214916,0.17795638430596,0.153068379397155,0.120744681470017,0.0876021868338531,0.0542801918086969,0.0149451675204308,36062.8462715572
"437",-0.164108996780842,-0.158702970824545,-0.15669266751156,-0.0616069263514015,-0.0533698549575106,-0.0104673643090885,0.00716272756360929,0.00818922729319783,0.958950888619428,0.956240999185582,0.966918505445054,0.943423912806934,0.963504120706314,0.962367335395775,0.975172790239654,0.993512725628516,0.235492542779504,0.200005826671946,0.173545865651572,0.154152092575174,0.120740364436202,0.0879965282130099,0.0526355747649951,0.0152637532672653,36059.2857217802
"438",-0.143065541329017,-0.145008328119464,-0.164900233755136,-0.0572604520724633,-0.0368855568878746,-0.0157413401856966,0.014359280230472,0.00682124184104937,0.948291174628004,0.950283955059125,0.966453841675832,0.941602316510428,0.957497176913469,0.964312736125664,0.973088962527416,0.993971724465623,0.228389407159457,0.187840292487814,0.173775166818909,0.154832820566196,0.120262418781676,0.0875153461566268,0.0547178411161241,0.0154578977230271,36061.6951626929
"439",-0.164677166040593,-0.124910873538777,-0.132949508189887,-0.0673085081244353,-0.0398704699746056,-0.00919353547854791,0.0175587719412903,0.00647890859311032,0.957840406483815,0.944671705704597,0.958214544514953,0.94712213567371,0.960349478186952,0.962146981006541,0.971210091643608,0.994071537752733,0.226546812288913,0.198066796194276,0.176742977912367,0.15699620273245,0.119539144293444,0.0908242197133268,0.0544150688426661,0.014969456778126,36059.0805695
"440",-0.167750296688171,-0.125008595753632,-0.104820051573237,-0.0610038477132464,-0.0476190611987445,-0.0303767956796351,0.0161885880398433,0.00783565908070861,0.957286518331966,0.941653503840517,0.948788730877146,0.944442822658181,0.962116256809905,0.969108421973727,0.972061127048774,0.993466810512237,0.221839701619871,0.19670426018651,0.176423487210344,0.158072130587174,0.119833786925113,0.0884371952453269,0.0539265577247198,0.0151017462220198,36056.1793030714
"441",-0.179644966291593,-0.120319233794003,-0.134904003982416,-0.0535983656025903,-0.0358688139260992,-0.0113955887070097,0.00932591576449925,0.00643084453147155,0.963655802984603,0.942833778142315,0.958187580329098,0.939787062705596,0.956702775509879,0.963104452928233,0.975275914080792,0.99415874498828,0.225363835622773,0.197803798402366,0.17261378575302,0.152935041640924,0.119843473301152,0.0892013086654326,0.0531484528255523,0.0157110672688861,36061.390177637
"442",-0.147410579531104,-0.129720625938455,-0.0962449928060342,-0.0556028811066457,-0.0413743527436667,-0.0226499096870292,0.0126419061699164,0.00692684048256093,0.952239335879159,0.945353274681264,0.944012676501241,0.942309032303949,0.958989195946633,0.96740596532056,0.974302296201928,0.993838213250988,0.233427081545298,0.196536104404909,0.178197352794447,0.154388025015075,0.121599398468032,0.0873330526791944,0.0546665402650772,0.0153311132209821,36061.0875180342
"443",-0.142702170320262,-0.108053586443811,-0.112387917203025,-0.0776659244436742,-0.0437656188925847,-0.001036210948363,0.0152554539784745,0.00558747141283239,0.948741770459376,0.938427867312709,0.950294515005424,0.947748678631793,0.960842826822968,0.95929434082915,0.972775829356836,0.994388504960957,0.23328383956485,0.198327812602696,0.172765171540279,0.155726433205771,0.120306958037697,0.0868653131440348,0.0526944360839272,0.0152002306332107,36060.3308553533
"444",-0.169900866513615,-0.154227817638496,-0.145192651063816,-0.0688061310748828,-0.0225274624877725,-0.00264729242757949,0.0146735758903081,0.00512864880180724,0.959261315786236,0.958498452841706,0.959556161451665,0.947031033024546,0.952685426433278,0.960195228082577,0.972717743888417,0.99457462700751,0.225700033191976,0.194936346684883,0.180264745602535,0.15327962222777,0.123121503277832,0.0885937044002943,0.0523156131783852,0.0151481444278082,36056.2176724861
"445",-0.138761811143955,-0.141825564288398,-0.168342639105371,-0.0342765694381789,-0.0279394039411687,-0.00742357065851099,0.0127679080971661,0.00485435773887796,0.949118047343794,0.951267490368375,0.968456070798568,0.935231914510925,0.955631948731023,0.961492728211592,0.973353178904096,0.99480103200048,0.236593974183627,0.194476669182178,0.17764826312686,0.153103822503748,0.117930384945167,0.0876475880656154,0.0538005556413522,0.0155499282586584,36057.9050145747
"446",-0.196859733931513,-0.120916844135806,-0.137305601887335,-0.0466116970975021,-0.0423938187973621,-0.0083010679513673,0.0173560465213466,0.00774236337748904,0.966485808953217,0.944126935288611,0.956532610032016,0.937985041584089,0.960142845078126,0.962646711266717,0.972501281393646,0.993713657891739,0.237113523742201,0.195980485747231,0.17622814623208,0.152355706584618,0.12403371334396,0.0875883609794204,0.0540629836611262,0.0151416412346104,36058.1087329904
"447",-0.163583176267831,-0.189160941143079,-0.128952292744914,-0.0632352952413797,-0.0150395825821111,0.00431989169033618,0.0120791300562253,0.00671287867886272,0.956171121967119,0.964273306276771,0.955052656211704,0.942619696809017,0.950434640291815,0.957933241535901,0.974200044524511,0.993936350790628,0.22575910645125,0.1973625303209,0.175670421304201,0.156250117615271,0.12092577130758,0.0853405994268542,0.0554113851879258,0.0152495274523011,36057.6227727098
"448",-0.159322751061006,-0.135182497342188,-0.147175542932338,-0.0725450185723443,-0.0242638959777809,-0.0042169964240656,0.0144030274449017,0.00837776767232431,0.955246825154147,0.944902134399957,0.961919680056015,0.947128868568738,0.954631615149777,0.960911004090128,0.972838522464499,0.993437048267386,0.225096120766604,0.196369454211407,0.176528055911091,0.157070782450891,0.118611881036176,0.0881678695034736,0.0537387724821188,0.0149503722414934,36063.1274558372
"449",-0.156114151911695,-0.105714571276818,-0.165280624311808,-0.0522124073692112,-0.0404566149245634,-0.0109772052404793,0.0107376835017029,0.00611928713851835,0.958044108363968,0.937688755726302,0.966613265757754,0.940269808518471,0.959345097491095,0.961944802992488,0.974034095406719,0.994252536803828,0.23081822385425,0.192039389046068,0.171727085576627,0.152447108079777,0.115915485111861,0.0877184078878769,0.0541726370028542,0.0151980145254107,36056.706848086
"450",-0.171043790037552,-0.114219730161505,-0.153757102838829,-0.0484816904352082,-0.0167260156871208,-0.00268963332895978,0.0165725985599545,0.00650804614473971,0.956119727728495,0.938101214325012,0.963855763164657,0.939159082959222,0.95099434932153,0.960187628419113,0.971483296013609,0.993926508743345,0.229612390397523,0.195561756145195,0.177192517452282,0.158998747546734,0.123053269639904,0.0850906996271238,0.0543254241190463,0.0149209451907869,36057.1263041325
"451",-0.18078109415191,-0.13241984676597,-0.168975277868968,-0.0723627918148603,-0.0381992394819649,-0.0101961186837223,0.0161116508848682,0.00624575583003343,0.964172433670721,0.945852753585897,0.970724900417984,0.944885686830545,0.958484457486626,0.962517526767087,0.972012528376875,0.994172162126017,0.231882352391833,0.195563864347988,0.179427528153,0.157582877540536,0.121609952588985,0.08856775690091,0.0545944366363491,0.0154172777599413,36060.7511566121
"452",-0.160127287527306,-0.112497850302814,-0.132659530705403,-0.0626276813202346,-0.0304051145332283,-0.00137987162702451,0.0050260194925024,0.00691578756832193,0.956448920409966,0.940304843979243,0.955616903100524,0.943748682201001,0.954704514774587,0.959259780483717,0.976228706343541,0.993822541132191,0.22458045158818,0.19642825676064,0.17651589833922,0.15564793098454,0.119013932952206,0.0869867200247977,0.0535606645378953,0.0152682922689503,36066.1402779568
"453",-0.147364795545892,-0.143744298489911,-0.116821164337638,-0.0550607820437525,-0.0390244489058244,-0.0101257734712097,0.0156230103827253,0.00859989835565034,0.951940191072963,0.950041377940189,0.951364367370779,0.941401817621024,0.958734038278356,0.962560683752252,0.972747971151071,0.993143982121732,0.230021399722808,0.193472563535932,0.173149313193414,0.153364569559622,0.119946864562898,0.0854835080668297,0.053046451336821,0.01502360108443,36063.7697576293
"454",-0.180114807061274,-0.11466977089224,-0.145876365721977,-0.0645027519351864,-0.0362606089789559,-0.0279611256486686,0.0153058135720838,0.00734949661703845,0.963554253226085,0.939797121373293,0.961085368301849,0.943785658997324,0.957396203269304,0.968686605956635,0.972294472238083,0.993850973906432,0.229868963651112,0.200445501300185,0.178014430230396,0.155574077770036,0.121532395272144,0.0868299165747938,0.0544580989605737,0.0153317900981368,36064.2736418827
"455",-0.163736187061317,-0.150114984602519,-0.156873554547125,-0.0255603303710106,-0.0336878307859094,-0.00471107002657818,0.00899454169227177,0.00997372074573834,0.957654808110448,0.953349490935475,0.9676256835096,0.9305059847953,0.957742436620267,0.960569237628287,0.974978303105175,0.992759131136478,0.227211207604332,0.196001688433056,0.172321948629626,0.151375148855833,0.120785890318118,0.0899203523350807,0.0552180605971362,0.0155255878015987,36053.9161964066
"456",-0.193217353366297,-0.135599256164904,-0.153256682211737,-0.0529815633055771,-0.0303073644391981,0.00814745820235136,0.0117914652783921,0.00484622452883869,0.965930383744472,0.948484505115658,0.963613593696437,0.941712153654651,0.956011902789725,0.955687428304837,0.97347570121343,0.994783814825504,0.231591341719026,0.196754437068497,0.175680102829328,0.155186187943071,0.119512184604986,0.0869579265142126,0.0536690583491935,0.0153443356626512,36063.4432929795
"457",-0.180702883686846,-0.157219009998132,-0.132973427412682,-0.0603406081957279,-0.020296739295997,0.0019649462644825,0.0167430812600038,0.0109112100648487,0.962415923958602,0.956814399044346,0.956387823298395,0.942924239661843,0.953910521802018,0.959281912507719,0.971974197892574,0.992631993561565,0.229187719488434,0.193938591199414,0.173348074535725,0.153842953721849,0.120937509375809,0.0874013440278397,0.0543606665881854,0.0146921505871362,36052.7825854867
"458",-0.154117488535909,-0.145908660547319,-0.149106853090249,-0.0618565382833773,-0.013917504581292,-0.0134502719168193,0.0153945197525123,0.00711795762076211,0.950484171034404,0.951497566846715,0.962129361707795,0.945501261229137,0.950951596091763,0.964920567115095,0.972287148264886,0.993922945951425,0.224490637812517,0.197245327942164,0.17866246209348,0.155139849609392,0.124352624237956,0.0855525949080286,0.0536438898170614,0.0152464349981017,36058.5298140779
"459",-0.10569033867233,-0.167936853015207,-0.161328742238091,-0.0629667691828332,-0.0271533019639937,-0.00676636889631424,0.0100506202026595,0.00853178006735683,0.936145028487219,0.956829552336571,0.966709358345133,0.943895703450857,0.954903095391844,0.961677748241978,0.974606050826123,0.993227907228898,0.23162414677746,0.195609969880842,0.175388189346876,0.154530825260521,0.122677772312648,0.0874564135066205,0.0533875981169106,0.0155208536540048,36061.8247639249
"460",-0.121815729358401,-0.187020476780177,-0.128424062291164,-0.0717012107320339,-0.0247288978261,-0.0130049304300271,0.00780459173259889,0.00665702502960838,0.945486226990969,0.966735240567234,0.954594122549675,0.947770461291587,0.954273324902425,0.963857800933906,0.975233630553426,0.994100074241494,0.222180441942069,0.200090920645543,0.178053090993511,0.153680559405137,0.122077876667054,0.0864334366680064,0.0539070328915995,0.0153754485241728,36058.0746451172
"461",-0.178931809449217,-0.154874425225294,-0.152612955672611,-0.0515142766673033,-0.0437751925254704,8.28764441687694e-05,0.0242744701949595,0.00827145152399259,0.962792809813768,0.95457561393289,0.965229356397964,0.942317028627073,0.958253508138288,0.959523738261095,0.969755617632523,0.993406663750129,0.229251214930377,0.194168856971306,0.174002138338165,0.157615719436184,0.120609972028882,0.0855051985456507,0.0548053314093059,0.0152951204766788,36058.3110982411
"462",-0.14343956187261,-0.135544912325829,-0.12613984945694,-0.055512562810819,-0.0360328680719004,-0.00819296701547426,0.011695194847208,0.00757846585909248,0.95219322918312,0.947742245761956,0.950755561758297,0.941840042738395,0.957327519176913,0.963432077708969,0.974038445818904,0.993671129605695,0.227858352310223,0.196247164198095,0.174624727630482,0.156853580075253,0.119987682360221,0.0863617421054055,0.0537304745685447,0.0147386915371534,36058.5619714433
"463",-0.196097416994342,-0.131344043381194,-0.161730174891538,-0.0619259882451055,-0.0315595177498924,-0.00828924196530276,0.00930614754822653,0.00763159096118795,0.970250526730306,0.947493063503007,0.96679964755378,0.943405177262678,0.956446413424846,0.960852038657276,0.974574403162411,0.993622391909493,0.228512940386268,0.194846771791088,0.181458885362831,0.158491501237778,0.125084151907536,0.0862128106033244,0.0534159331905596,0.0153969552431623,36059.0568873814
"464",-0.149542715876292,-0.144891753499847,-0.141295346738125,-0.0438995068832657,-0.0320360138666588,-0.00715853771913424,0.0150658741203411,0.00941814475074906,0.950547601655911,0.951584871308614,0.959523949664013,0.939415001267506,0.956355956012616,0.961043665045125,0.972730553743364,0.992913576296663,0.229993943035744,0.188579498829108,0.175496028275167,0.157122082227444,0.119883535183233,0.0858486300810682,0.0534882629971191,0.0152324278263337,36060.8324286531
"465",-0.148041533573472,-0.112956454011156,-0.156022206736965,-0.0721772977008448,-0.0375586004172657,-0.0183458547219105,0.0133803402908207,0.00719675788607534,0.953745717969336,0.94132887811546,0.963711847616894,0.947815560283032,0.957785127676757,0.965952682762439,0.97339916204938,0.994054333274651,0.222749081551103,0.194431695935788,0.176078506251597,0.154485646397675,0.123461657799699,0.0888474031150416,0.0545161132371986,0.0151439943927494,36061.7873044192
"466",-0.161737474060008,-0.114719512102339,-0.158600727547966,-0.0621587181257159,-0.0300976922123687,-0.00869149271557913,0.010513582146633,0.00526991809907337,0.955013079431343,0.9410114531892,0.964922432232405,0.942783102391044,0.953820087245456,0.961690275189752,0.974441802560937,0.99467351546683,0.222402087611889,0.194364520731152,0.176792566809168,0.155289296127724,0.118576982442689,0.0872928555073945,0.052912930090785,0.0152216672676212,36061.9552315178
"467",-0.161159782790717,-0.126071915402712,-0.137997756880012,-0.0633540562788746,-0.0256304073369252,-0.0199052480338344,0.00486045249966593,0.0072148992310832,0.954139634222287,0.94402349510594,0.95814751691714,0.945566857947324,0.954216675501746,0.965832125146836,0.976860748685657,0.993667550619528,0.231772850757543,0.195389337255149,0.176677157412675,0.156682084937994,0.121767277351423,0.0874604688947239,0.0538325384306986,0.0153466770347674,36064.4520280049
"468",-0.181608677353132,-0.101382403976257,-0.156910655998394,-0.0559818964646307,-0.0342314315316613,0.01082843949734,0.0179693687119045,0.00772370759636668,0.962770795559561,0.937485117439972,0.964075102276208,0.943284056872622,0.9552754710089,0.956139641864229,0.971574394325831,0.993695111760081,0.230322268324961,0.192717175132577,0.174802990962871,0.153432265611048,0.118608330956786,0.0875105541096587,0.0553004814694891,0.0152795121857849,36058.1409583495
"469",-0.137528765198079,-0.163115444980222,-0.160079342639959,-0.037666334172461,-0.0268593273039647,-0.00560278865131109,0.0130152048799839,0.00937953676698327,0.947749220996998,0.959233775977189,0.967131302120273,0.936358287457758,0.953437329736098,0.960649491283106,0.973815221765355,0.992965980532783,0.228170332724894,0.199635326644157,0.173377183060973,0.162519922535187,0.124596208119765,0.0868242612258993,0.0541399357898039,0.0153410387247139,36054.637162633
"470",-0.196610372709778,-0.154770300125012,-0.162249972740102,-0.0577529795910712,-0.026664680938334,-3.35533638492159e-05,0.00764448783158554,0.00802277784027477,0.968744242778766,0.956539480053939,0.96477529829983,0.944154872571289,0.953392300496092,0.959471868610162,0.974907719811724,0.993477455359394,0.229353631344552,0.198793476390535,0.173703834540421,0.151621085942075,0.121162428722047,0.0854211371816958,0.053605450831444,0.015310921241575,36059.708864311
"471",-0.125732398012794,-0.167289134068197,-0.124186725073754,-0.054885049167106,-0.0314160547013728,-0.00856134967983958,0.0064844540452332,0.00786802801807818,0.946696954847295,0.95904842767787,0.952290425844345,0.942832160695901,0.955685992035824,0.961342196890241,0.97575589274452,0.993540287333204,0.224164746420893,0.194009524608371,0.172110521136503,0.157184618438689,0.118429653623362,0.0864038399009231,0.054291026800684,0.0153425191259933,36059.2788550385
"472",-0.199483417139295,-0.153145301523117,-0.128105169827564,-0.020850435168724,-0.0631328239378363,-0.0105747432650746,0.00404836095254043,0.00894112826356729,0.968089135574546,0.953573434330703,0.95496985003895,0.930611164163879,0.966597467213728,0.962916967893628,0.976695445201029,0.993202726821646,0.229076391565483,0.197393732953349,0.169931958047697,0.154874974939609,0.124549537650679,0.08652530978244,0.0536449395456589,0.0151346322609551,36055.0830546529
"473",-0.151946157436402,-0.152709359798794,-0.158664051173795,-0.0878437458083722,-0.0257098765173771,-0.00260246210911313,0.00402960252256255,0.00775421690363591,0.953270460984731,0.95526252702911,0.964405816457767,0.952213054672234,0.955349400964882,0.96102301309529,0.976667909842094,0.993668476614297,0.237703923044041,0.193327428473877,0.174875754711837,0.154040569245641,0.118457254524786,0.0860873189712334,0.0529251627569757,0.0148699983190575,36053.3059964349
"474",-0.183729895106144,-0.137408269129856,-0.143323568236182,-0.0736784173761458,-0.0192485387036879,-0.00799298089507195,0.0149214841845328,0.00600105866836337,0.965501862400814,0.947975832622355,0.959978880867406,0.949876189168962,0.951790697859455,0.961485582308992,0.973037893968321,0.994352119605219,0.225454841396687,0.194078261061283,0.177289991767404,0.155491903321235,0.12101333005978,0.0873273855500211,0.05370956938906,0.0155307312659567,36064.9739038787
"475",-0.156501936721416,-0.126646177198123,-0.127863812800408,-0.0610819093664198,-0.0236741633051232,-0.0174561354267984,0.01291719859793,0.00717504532354839,0.955791062823431,0.943878954618953,0.956572083723021,0.944876266250299,0.953447529421414,0.965097646038704,0.97387987227242,0.993609995150562,0.22852113302641,0.198079189841965,0.176945034506724,0.155944505181887,0.122369132197935,0.0862375471567571,0.0551967199722309,0.0151105167796629,36063.1285232551
"476",-0.187081325411745,-0.13868759575299,-0.150365347827872,-0.0554541792440083,-0.0401060220992293,-0.0128393924215615,0.0213135030415836,0.00843156795864886,0.964742500740556,0.947210836182564,0.964417845135289,0.940227113537711,0.958626234341575,0.963912256410736,0.970393295726751,0.993303391288096,0.228144663906028,0.19460421123456,0.17489122698098,0.153118486940197,0.120569308930622,0.0869992466682631,0.055590237599006,0.0153032374593992,36062.6801594896
"477",-0.160202108895411,-0.0864188295559308,-0.138081057987663,-0.0683328462589008,-0.0275102990570194,-0.00819269719776289,0.0128316180701769,0.00800995868194713,0.956204460013187,0.926622173833072,0.957307186630934,0.946715415286586,0.954532264435358,0.960885591804242,0.973500865005656,0.993527922052344,0.228792893290062,0.196783190740702,0.178757565944752,0.152380187169041,0.123789987217253,0.088166769692771,0.0552573125799816,0.0152047709294346,36056.2981413153
"478",-0.173261835599098,-0.153942544200342,-0.180723761681587,-0.051742033617441,-0.0280932124463329,-0.0112014317728732,0.00299376431574966,0.00726176860026356,0.963012768584211,0.95376893875986,0.972973806380622,0.941571173372793,0.9536775720352,0.963434493086987,0.977222972627875,0.993732835061536,0.226797779543251,0.195493733714008,0.173514143677068,0.154085869165469,0.123242708974546,0.0876566766546793,0.0540364192312779,0.0150469110221949,36062.4438574924
"479",-0.118621649280159,-0.137962791531486,-0.145591974793579,-0.0466430952279495,-0.0289050709338794,-0.00407820285112608,0.0139300620117299,0.00915104847980651,0.942733137070411,0.949051600692763,0.960988134453198,0.939121271304218,0.955152441515343,0.961126432084465,0.973168430552414,0.993176969294688,0.225508095027083,0.197680882340633,0.176635994412208,0.156177481721849,0.120856202461175,0.0874968885286974,0.0535014184340493,0.0148783138272178,36064.5353948409
"480",-0.127572743256189,-0.12089453301273,-0.148115101799283,-0.043464080629038,-0.0442811336420689,-0.0263128964691058,0.0196059441241589,0.00962077156090902,0.945832608412159,0.943495337557798,0.960005706850218,0.937168443462443,0.960556746299324,0.96844989978541,0.970859640315811,0.992974917973141,0.231509802408051,0.195735559930827,0.174785816017361,0.156533321771639,0.119604257993223,0.0880263107870243,0.054162134846014,0.0150408385151969,36061.161574762
"481",-0.110634548209343,-0.141834832899106,-0.148848046430115,-0.102787725664363,-0.025593272900635,-0.0101753326037971,0.00996098031488495,0.00493849185308064,0.939476681825967,0.94958100830885,0.962335369972211,0.957896552526486,0.954236455106946,0.96295619656415,0.975231710941395,0.994654661803001,0.221508055293177,0.196447052966482,0.175363645429308,0.159295673736339,0.122498072799188,0.0858093847469736,0.0529377159282414,0.0153962515570108,36056.4798803432
"482",-0.164695585595073,-0.142662327064435,-0.14394433165485,-0.0569451849939087,-0.0331352566942952,0.0053708847558077,0.00907145143054063,0.00792444960030788,0.957021316340186,0.950141187680288,0.958763872709436,0.941817953873498,0.955489913228272,0.957043196310676,0.97519283635249,0.993540303518849,0.228394959583981,0.198079346622436,0.181316598826683,0.154311375701369,0.123269154974551,0.0878178580390325,0.0550288497796476,0.0152864440052721,36062.4449274608
"483",-0.143111479952237,-0.108591103420491,-0.137968269011123,-0.0688614245727629,-0.0363270258621764,-0.00638599310738807,0.0180759093291459,0.00840575761901065,0.948835231923351,0.938303151941955,0.958329127111627,0.948574998524332,0.958046241415503,0.961226790596224,0.972119193250186,0.993282621194346,0.234659749883856,0.198987713659151,0.176939612171563,0.153959361819083,0.12332034765002,0.086434810517715,0.0539636662448092,0.0151913800813135,36061.8565502875
"484",-0.16349247873233,-0.120191466284594,-0.159808045840789,-0.0382383117728791,-0.0341578577544406,-0.0127009135274334,0.00703268005260528,0.00681885024530795,0.957214750779117,0.941808019394742,0.966030424809634,0.935205379602572,0.956031326163286,0.963957146834811,0.976077478633059,0.993816768078452,0.228548065797677,0.194933698396236,0.177262369544735,0.153927199145884,0.123336311585339,0.0878195086651673,0.0520883048427028,0.0154655536988559,36062.4753233715
"485",-0.199186320775846,-0.137465751069798,-0.137073297966582,-0.0355784830951778,-0.0352614410941281,-0.006682918481754,0.0236765341139795,0.0065358905191838,0.96754452012863,0.948451381241895,0.95868141854355,0.934323469893736,0.956474078053866,0.962249762725712,0.969131474737064,0.994091165857999,0.228012883111624,0.197067438192881,0.175479681969544,0.154652562770462,0.117963410376874,0.0881585037485928,0.0543672295881051,0.0154936221034159,36060.9415870085
"486",-0.179612420756277,-0.128066670081761,-0.147483201017734,-0.0693095629546037,-0.0193912082368237,-0.0083716422695799,0.00799376712059105,0.00705141989171668,0.963800559875126,0.945477200193947,0.960086151166948,0.947212624235954,0.951368991574626,0.963929482241257,0.97577044719563,0.993746330249416,0.227238458595928,0.197393551269921,0.179136526475988,0.157554709878209,0.121570217080721,0.0899211523690188,0.0534273969072057,0.0150934259330092,36058.5305404419
"487",-0.199009443453034,-0.123527329166498,-0.166081680125121,-0.07032672676241,-0.0459995868893222,-0.00892206563313073,0.0200045598695775,0.00949488063414106,0.971269538124751,0.944423314605931,0.966801695593581,0.947181521665317,0.960985680028118,0.961698309556682,0.970768561550092,0.992816302415491,0.225412722592805,0.199692300381306,0.176992528923171,0.157459998084816,0.120558733679642,0.087827427822269,0.0544517689405408,0.0152641862565586,36062.1899345203
"488",-0.139748781426676,-0.147469520518591,-0.162437389243621,-0.0608225904148939,-0.0434009711432461,-0.00647009386471289,0.00728140077413219,0.00792760880699272,0.950224533006246,0.951365949835058,0.966391141328588,0.944565065995494,0.960484713062996,0.962259794112944,0.97597328494548,0.993278917994571,0.229750872468329,0.1934974646875,0.176328588695701,0.156155606654172,0.122016861407295,0.0849451812675103,0.0525549853140342,0.0152191020179397,36060.579816068
"489",-0.142684291289816,-0.115929290216848,-0.162848794025892,-0.0726742223659358,-0.0329840549436134,-0.00988284411811419,0.00807529480096969,0.00507681844091072,0.949483970327699,0.942485446400802,0.967022808837283,0.948513902264578,0.957375577344419,0.961921117675061,0.974919400024164,0.994628777973907,0.230024710343377,0.200214878500329,0.175110048796669,0.156631092989486,0.119851025680544,0.0872969408128326,0.0541480143051715,0.0149182930161271,36062.9487425106
"490",-0.119483879748708,-0.126265171176445,-0.138053951918629,-0.049436202239761,-0.0240155023771824,-0.0232497627433086,0.0130159721580759,0.00654322649770453,0.942935330363786,0.942683747848536,0.955625991870159,0.938669565954419,0.952454762370028,0.96629844493403,0.973762167345842,0.994025759594602,0.228112381599092,0.195232635381651,0.175709773849944,0.155751536689095,0.122811277219908,0.0853316346083893,0.0538623196076311,0.0153881737111976,36059.2968416888
"491",-0.171703648622809,-0.161471144267609,-0.150063769980882,-0.0549403468477431,-0.025249951333874,-0.00506653226006476,0.0105766425384513,0.00850846108679538,0.960183419632561,0.9551830983675,0.962214101958771,0.94250883653018,0.954498723065073,0.960715242837646,0.974016000095883,0.993396778052919,0.227084811460463,0.203054785340116,0.178255970489295,0.155915529207502,0.119655613510101,0.0875405213396675,0.0537518641188387,0.0154257341671732,36063.3461145403
"492",-0.162756571906927,-0.110667668086042,-0.131538055151337,-0.0574859715795866,-0.0465037073746185,-0.0167492465471566,0.00510027996096745,0.0076627356233647,0.958281813130834,0.939984707268239,0.956821566189252,0.941141024680323,0.960543337254645,0.964888778633866,0.976501794626741,0.99356932202883,0.227311279385017,0.199848385187225,0.177054799228766,0.159746897951617,0.121206122938708,0.0878676040310188,0.0545113618919731,0.0152660771240185,36062.7335717986
"493",-0.171518653390106,-0.118027122704034,-0.133829315230812,-0.0545488094643548,-0.0419750514217394,-0.014124594809098,0.0170074561568295,0.00718869748380936,0.961897728528044,0.941342582182077,0.955048322507985,0.941663606627417,0.95907942889864,0.963711387299235,0.972218561242912,0.993638591575543,0.22739469397404,0.193041147069313,0.175378347078351,0.154333788392904,0.120458116205673,0.0879393877674169,0.0526101420498279,0.0153845702382846,36064.1090278721
"494",-0.153912160871545,-0.141011309413898,-0.171738034617285,-0.0653031051227029,-0.0226724890559728,-0.0148101443775962,0.0123592088361687,0.00705222939082804,0.953430863828962,0.948112469331965,0.97212131513405,0.944831434444804,0.95062461196027,0.963470084960964,0.973687665448977,0.993772684645971,0.228353693929933,0.199081047967581,0.180607617192792,0.152962040396612,0.121644843319307,0.0856525926474208,0.055296217783192,0.0152481987368607,36057.7400887818
"495",-0.171540376651768,-0.152801513026569,-0.131759435031798,-0.0565093981925903,-0.0214840751803329,-0.0112667214292616,0.00490534681697328,0.00582134795243349,0.962273378708781,0.953484448495689,0.956432484656397,0.942525342855309,0.952826288871237,0.963019921594424,0.977025513722109,0.994286014642556,0.231518277295811,0.199328938644641,0.179817180894677,0.151724926179707,0.123232520242392,0.0876210321516551,0.05328537134368,0.0155941972162328,36059.2580051993
"496",-0.124931056767499,-0.148226659127642,-0.163748298696151,-0.0641080665886692,-0.0544606503330302,0.00323757937523381,0.00705799135275767,0.00934127741305036,0.943819721247927,0.951777053941742,0.966763479951264,0.945706828671554,0.962951745253736,0.958481261369781,0.97575235257239,0.992975588677514,0.233923447948876,0.199884978647187,0.172565328835232,0.15566328962933,0.11968684229272,0.0868866026520695,0.053539906649067,0.0149840762528388,36059.3684989819
"497",-0.132378204636692,-0.129755752616023,-0.142982961451735,-0.0537162978443839,-0.0343425405228741,-0.00676614150004886,0.00693704329345839,0.00874369756275499,0.945768129625018,0.945067192320513,0.961187897774552,0.940930982586828,0.957092500486821,0.96173040377229,0.975786899500346,0.993304696827335,0.22847680599852,0.196251041020079,0.178764845534505,0.156247983695635,0.120520942631151,0.0872947728880393,0.0543462232751167,0.0155263632230399,36065.921164922
"498",-0.124989129390957,-0.151068062501993,-0.160016820545085,-0.0243390719028344,-0.0214230163511274,-0.0107838550690444,0.0196840955295032,0.00832865644069867,0.945714075000227,0.953812026468882,0.965271512067766,0.929808946308313,0.952361864324549,0.962233499912447,0.970279616974397,0.993461949848353,0.225190471191767,0.192417705870838,0.177722805092364,0.15720508824899,0.120202879397557,0.0859432805546843,0.0538990824246501,0.0153204103266755,36058.2947075396
"499",-0.15267251055851,-0.147793540598592,-0.163616142335125,-0.0703904298934897,-0.0432199886048835,-0.0211247880299196,0.00858988170363372,0.00643999948404353,0.954887248837767,0.950977359312002,0.965852889984473,0.945684083082137,0.958621193365635,0.965408532391473,0.975602289838955,0.99406864299701,0.234331557854823,0.200788622991864,0.175650235694075,0.151833963625005,0.118906559120138,0.0895792226614122,0.0532949730703228,0.0155896562829071,36054.9489939889
"500",-0.15326132329449,-0.154147800634592,-0.132256398787991,-0.0555081228545552,-0.037505666998176,-0.0230188425220686,0.0177055437459199,0.00810145288813536,0.950020109679029,0.953031247678158,0.956081514208363,0.940836282835883,0.957938654889858,0.967345889084407,0.972353106701758,0.993445768743778,0.234721273760365,0.194338243167019,0.176489264750901,0.156270396761214,0.120874849305952,0.0892476000986979,0.0552625754436922,0.0150725653078462,36057.7492719931
"501",-0.177994744489938,-0.109771133194241,-0.120437843560409,-0.065432176233514,-0.0501488360059132,0.0124277112237236,0.0126488810840229,0.00572559644794537,0.961893982684335,0.939172102089354,0.95364199526144,0.945407128944415,0.963389775821935,0.954581774507594,0.973438771389128,0.994272677497128,0.228015840514959,0.194386325387039,0.172385286193674,0.151889611935739,0.120323032357261,0.0872289933932915,0.0546776909887844,0.0153618568774896,36060.0892699696
"502",-0.186432867326411,-0.161228844154267,-0.148420746229129,-0.0658580842505331,-0.0176074934111486,-0.00959719510671014,0.00966463140269848,0.00668544953739332,0.961874219009356,0.955959041976357,0.96331056239811,0.946034784450566,0.950543851150667,0.962847251946518,0.974621523837977,0.993881899400714,0.231081834079141,0.197086203440425,0.179006619753957,0.156848177393113,0.120560261107145,0.087988116897574,0.0531752050010131,0.0152633279865546,36062.9814450625
"503",-0.176246134614558,-0.135469725347099,-0.109393879429744,-0.0689200335444972,-0.00913883462636155,0.00562914112282761,0.0158583615939765,0.00707611872556676,0.960174600113144,0.950157218720929,0.948291071424901,0.946533480062537,0.949364638469606,0.956077910826373,0.972837038888596,0.993914475141532,0.222254949866375,0.197678778694989,0.176834928283501,0.154702825557112,0.121931885839155,0.0868232251869982,0.0541447214957973,0.015123268477098,36057.0637663611
"504",-0.192335342069628,-0.108955453575821,-0.138261760745868,-0.053166868887427,-0.0176778896490933,-0.00195418185690778,0.0139940773662171,0.00759635683784361,0.966060951913051,0.936718812709391,0.956287193642394,0.939645464516064,0.951013888776562,0.959626339895575,0.973383524470829,0.993642317113373,0.226236396990667,0.194278840661964,0.17337019204919,0.153481109701763,0.118719545378343,0.0864070202632165,0.052753063567227,0.0153279032804499,36061.2108037824
"505",-0.181870550538699,-0.126260239945425,-0.13384982878605,-0.0531474931517798,-0.04153001577174,0.00124072346386073,0.0157434466260715,0.00798341491090949,0.963341229027136,0.945669441120655,0.95507799441505,0.941596563259239,0.958400901290646,0.957851212926125,0.972486063815267,0.993554940639722,0.235826724020605,0.199511270108412,0.174699129012737,0.154043912946263,0.123156664487957,0.0854036567963727,0.0543272914522228,0.0156182338366805,36058.9067975026
"506",-0.191155609099089,-0.142440001787502,-0.135273166133855,-0.0338659969910139,-0.0361651324660051,0.00205287452692282,0.0120822857114452,0.004823934253448,0.96407070125145,0.947992532670203,0.957071268301789,0.935350601211393,0.956892868479241,0.957976162540062,0.973557236362107,0.994661638921959,0.234103627235564,0.193771645900448,0.173731965936604,0.157859084698423,0.122739650986907,0.0895677408903174,0.0537071619076148,0.015227180319437,36057.8432213034
"507",-0.145859353766593,-0.132861490505868,-0.135176100185011,-0.0791839923450726,-0.036554468799138,0.00417305163174587,0.0112259794498221,0.00673144254878159,0.951770200493662,0.94670845550158,0.955494801631337,0.948395049137482,0.959381186204627,0.957491886460902,0.97421900396025,0.99390750708565,0.227328546341591,0.19547302424878,0.177038240815188,0.153110349370981,0.119740290672266,0.0845705082770726,0.054040850116322,0.0151595034850374,36060.6147822807
"508",-0.154530121515431,-0.180125557368139,-0.138370766548995,-0.0562870210432579,-0.0475154333126166,-0.00449951471208688,0.0154103534244114,0.00527373453016875,0.952859509565143,0.962362878347345,0.958638307973506,0.940971416965974,0.960891858607986,0.961302535083834,0.972352297354153,0.99450105529663,0.22759899314589,0.198951360842457,0.17978637210554,0.155109999960579,0.122306585165961,0.0888708885244184,0.0552203774475382,0.0152303741190944,36060.4971253858
"509",-0.216677791458487,-0.118829432880733,-0.142748636325602,-0.0628139058525477,-0.0378908257008829,-0.0116011314378573,0.00712592320572119,0.00679329628199355,0.974265791651402,0.942068799958195,0.959413411017874,0.945585416218948,0.957653736152234,0.962886054737261,0.975789032783621,0.9938905517609,0.234500760302235,0.192541666073793,0.171177066817587,0.159341369253017,0.118381185025155,0.0860039764933351,0.0537819732203401,0.0153481646921563,36058.8985913549
"510",-0.176564863979387,-0.165940325630861,-0.143000284296359,-0.0611969696279274,-0.056683393814773,-0.00974731689650008,0.00831292070334019,0.00511980084941113,0.960616233537415,0.957756055538604,0.958041024008698,0.943374891738352,0.964665143690291,0.96249890232646,0.974953846460626,0.994574232599607,0.230087720275574,0.197558130680516,0.177718578350314,0.156232137043062,0.118817238653738,0.0876494696554946,0.0539567956705635,0.0154466090457879,36062.9775486529
"511",-0.168790792011628,-0.121441865471596,-0.135981973302244,-0.0827141036756425,-0.0388808271067482,-0.0256443256592985,0.0166679198476587,0.00635744187754801,0.957776012057573,0.94109104554395,0.960472853786014,0.950678641778841,0.95772433229393,0.968424867412677,0.97234738521361,0.99408171991497,0.228804561910138,0.197437797041063,0.176886861580673,0.155175324034294,0.11910345515106,0.0852231988563653,0.0539781403294334,0.0153703665482091,36061.176341676
"512",-0.181870109652987,-0.153559975319888,-0.161572483811454,-0.0467883264379448,-0.0453532735447477,-0.0125452605247497,0.00506374428716523,0.00862587150928895,0.961168920103292,0.951762857107832,0.967111488183739,0.939821011751168,0.961006590257224,0.964204381777709,0.976309742870386,0.993372780002711,0.232020075999513,0.196110840681666,0.178586938287519,0.151418873825412,0.120691971042855,0.0879001248691538,0.0529825872307197,0.0153419577985885,36060.6328579368
"513",-0.136244319462319,-0.169796052018334,-0.148785202787436,-0.0751319750261302,-0.0461367942115435,0.00672566153787745,0.0116196632458434,0.00556941726376919,0.946634427370667,0.957186936526203,0.959910649597026,0.950491902978704,0.961465417921925,0.95601604773142,0.974388978581855,0.994359552394308,0.225998413584255,0.202752932524133,0.174524820743557,0.158545778901944,0.121491895839692,0.0882378789824822,0.0547069007040451,0.0152972518495283,36054.9944052488
"514",-0.150321440179494,-0.11664718611099,-0.171197577986635,-0.0353838308187309,-0.0418489527015406,-0.00801506701944714,0.00770276551047895,0.00763873323928369,0.954407935060424,0.941925048804025,0.970639768303286,0.935067485339296,0.961688962987684,0.961303054472894,0.975484124111255,0.993516048521598,0.226712615861379,0.195161661564443,0.178115540840515,0.161750550955077,0.119417388461927,0.0864923568987031,0.0545793016036063,0.0153028963568006,36056.8530816924
"515",-0.161473038421623,-0.116593992116835,-0.201085057394097,-0.0579541560000304,-0.0442732769825568,0.0115994057321849,0.0132856208925474,0.00707313404456897,0.957574450710569,0.940598684577984,0.977704860025671,0.945012653423502,0.960189690066229,0.95522593142187,0.972747677601094,0.993777157246571,0.228896024393039,0.198506022758736,0.176601591998845,0.154881408451437,0.121269666630287,0.0864845514774537,0.0539365548529249,0.0151119492382358,36058.1441338668
"516",-0.152641811232635,-0.148723433378741,-0.150061289623211,-0.0692268876880342,-0.0540274316051918,-0.0172743493129115,0.0112935852986431,0.00810987888082961,0.956791047251493,0.952752395081299,0.961728467396503,0.947587612165301,0.963536961406608,0.9655103068427,0.973896144405834,0.9934020411063,0.231073318666419,0.196657407620737,0.175724482249037,0.156200391135744,0.121936823387381,0.0863532000475103,0.0548322340826084,0.0149992382831597,36063.176931424
"517",-0.146314767268152,-0.109942418389403,-0.136301026785323,-0.0779786571766477,-0.025937466863215,-0.0150970286501385,0.0198803669951026,0.00714231377723756,0.950819281745375,0.940374570109464,0.956028683212929,0.948690070587123,0.95414419244174,0.964309685973048,0.970200989262168,0.993970299768324,0.235691850409346,0.191091405021429,0.173190656971181,0.154654574416144,0.120886877456315,0.0867975370468215,0.0530875647934841,0.015386227546074,36057.4753448328
"518",-0.141943361612106,-0.137134614968287,-0.145798380655495,-0.0733488204173005,-0.0404874248128277,-0.00537342235549358,0.0177410811636654,0.00637203488849624,0.948798858837361,0.948979083863979,0.960687749470551,0.948101707115217,0.960057506449637,0.960168757707209,0.971529811676198,0.994155140357389,0.229777536637515,0.190814485017243,0.177410191416815,0.156136221625919,0.118853286558507,0.0855844736302807,0.0539411724642024,0.0149884833512705,36062.578523677
"519",-0.172203774311744,-0.142819069248546,-0.150625976869101,-0.0747958865671812,-0.048348935523213,-0.0124451167624682,0.00651888245591168,0.007669446450323,0.963160671861128,0.951581586734884,0.962545746585371,0.949788413869856,0.961238068846773,0.963013149960897,0.97610477785961,0.993613224639134,0.223281732883783,0.193930713856529,0.170375684940525,0.154895178029224,0.120190035523497,0.0849684596787639,0.0537279962487073,0.0150919162640231,36059.4777490589
"520",-0.180080032652166,-0.108507757612126,-0.161001494748433,-0.0964012070391085,-0.0342670889981598,-0.00338308287145279,0.0119730104484059,0.0096584940501257,0.96326836704215,0.939322648021609,0.965298421811071,0.956408475808779,0.956845916309602,0.960396982540838,0.973783904970143,0.992944025255393,0.227693275969992,0.195347107969212,0.172200726667555,0.154680552704688,0.121796496213553,0.0878624132688704,0.0539786330723756,0.0155707835343476,36062.9627254138
"521",-0.217545040176838,-0.110073859405964,-0.143217831652364,-0.0731838569694218,-0.0237099863341846,-0.00157150083567675,0.0180091322929798,0.00690433460720342,0.975607783727492,0.94077947336033,0.959474221001828,0.94650977817612,0.952158632960259,0.960130999162887,0.971592911982431,0.993760159388447,0.22818859079468,0.194193929684543,0.174435902334185,0.155339242103536,0.122736299914779,0.0849590933297665,0.0547930435903934,0.0153737177318874,36059.7556372126
"522",-0.15186180879215,-0.133230275579269,-0.143339263909618,-0.0334750337750914,-0.0415657375139372,-0.0206790612628518,0.00789444740188623,0.00719649393196279,0.953621871010877,0.94827413455799,0.961708489000691,0.933840370868481,0.959629742886522,0.966917575324432,0.975678671083356,0.993854691489165,0.224966755579964,0.194871402363227,0.177975486704553,0.154184360771626,0.120321410094831,0.0897338870048847,0.053423516431219,0.0149707834918011,36061.7127361786
"523",-0.152662867338896,-0.0960229992628693,-0.174394897165923,-0.0503739254823816,-0.0299678166851302,-0.0097096787467691,-0.000485715529892018,0.00586163750214665,0.954809965221994,0.936077664811543,0.970547444069878,0.939530289093102,0.954488579270374,0.962321850422813,0.978252776631052,0.994296642768372,0.229906362743104,0.193338585818463,0.178298086702297,0.150545264439727,0.118822735372087,0.0880744979938386,0.0540077722068311,0.0149258197840818,36057.5763402894
"524",-0.180943604275366,-0.169932875303585,-0.133575400225612,-0.0477642267778651,-0.020255202814045,-0.00183387003771465,0.0122473346878241,0.00796243896693144,0.96490504302082,0.958741816923685,0.958360433193293,0.940418338720578,0.952555578724888,0.959460361217002,0.973306416830446,0.993478957906537,0.226655798439658,0.194902016367563,0.177499603392851,0.153464516508793,0.118820967989428,0.086251774298732,0.0554163208643274,0.0155857210916015,36059.2370055553
"525",-0.155659076759837,-0.153421186116227,-0.108779116324138,-0.041877046181734,-0.0227161802604424,-0.0039710415089011,0.00930863854561391,0.00813371589837407,0.955310937618299,0.954210322055266,0.947476244582545,0.938477531387706,0.953373186214183,0.961028739111813,0.974361563948192,0.993391668403498,0.220348397915326,0.203183646034356,0.176555558776635,0.156467161408033,0.121962818430685,0.0861268452940053,0.0554190995394044,0.0155720319105709,36053.9418562913
"526",-0.179436913630175,-0.116986050707598,-0.157492695105617,-0.0570770071787684,-0.035051676362211,0.00535018407715179,0.0129325293618251,0.0063621761539726,0.960642394243234,0.939635885369003,0.963619988375418,0.942929235499569,0.957136787409067,0.957529324288054,0.973338346082121,0.994068410907034,0.226167319430719,0.194504733591363,0.179847150728184,0.15181415113707,0.11925145991595,0.0872902149911123,0.0535190728546125,0.0151373108328496,36063.4364594706
"527",-0.181118676937839,-0.114926126840561,-0.128861574545319,-0.0720759504404979,-0.0383050579833141,-0.028155639964518,0.0218368730533244,0.00442848307042146,0.963259071434194,0.939659856854031,0.957413654006037,0.94699700241326,0.960081919190266,0.968666266326116,0.970194033824855,0.994807104881083,0.226984759424167,0.194279596107366,0.174877220423875,0.152837376642555,0.120016508964187,0.086542929609878,0.0543807902320177,0.0158019106041008,36055.1545487796
"528",-0.178759739090595,-0.141701007600808,-0.138436599635414,-0.0520966147931986,-0.0467625107670845,-0.0065175688038494,0.0124616778595598,0.00673384570348134,0.963193430048029,0.950527000094246,0.957000299819329,0.941252510500983,0.960804405255362,0.961551036011874,0.973622590356988,0.994059114257934,0.226148513067801,0.192657189384492,0.176909553565021,0.153050529260968,0.121061072829183,0.0884589078540243,0.0549287502148128,0.0151775869470891,36065.3107974692
"529",-0.162456628775818,-0.150756998759924,-0.129240661064928,-0.062586574307862,-0.03790505666098,-0.00576180276834435,0.0209838570043804,0.00559855832567244,0.957417114445169,0.951537190501976,0.955854517709984,0.944098619374423,0.958101128740395,0.961454887409659,0.969502966030787,0.99424622295658,0.230741163909407,0.195940873117214,0.177240913628816,0.158248778186629,0.121467229232945,0.0851988496064894,0.0557879602614248,0.0155948719280916,36056.287848142
"530",-0.109082716495342,-0.146504422835973,-0.183099595675673,-0.0587821268991929,-0.0228022050455123,0.0124976413267735,0.0224687337434073,0.00468570083539674,0.940015624140765,0.951294227745432,0.97486953530044,0.943020627368588,0.952948534905992,0.953689857782443,0.970039679543004,0.994559427617512,0.226700449704759,0.192655380187947,0.175825104662496,0.155709053107511,0.121402559607659,0.0877967190112128,0.0526479087646838,0.0149777200284623,36054.157535466
"531",-0.14926671332798,-0.11515874986706,-0.173607438085395,-0.0764844663975496,-0.0303922331563663,-0.0110536958314147,0.0108193352758503,0.00599754337522538,0.951792063707373,0.939317741085689,0.969282726379484,0.949465180930026,0.955984892483798,0.962285965598153,0.974389393087954,0.994532910509238,0.229833745102906,0.193911051485904,0.177933556527164,0.153859947052967,0.11951062749956,0.0863594552117443,0.0548950785136728,0.0149489596793154,36060.2351215628
"532",-0.178568573173806,-0.115137191722228,-0.127074493634509,-0.0583690042669774,-0.0531425362112545,-0.017748524113604,0.0140862053265361,0.00699842851905004,0.96173072537724,0.940775577317057,0.95484685889847,0.943814843245608,0.963090884146408,0.965064270740905,0.973334676746438,0.993857904998625,0.230261239042158,0.198758737504607,0.177305029008903,0.154454278520708,0.120405811451092,0.0878250211006223,0.0523892385230731,0.0154807148708819,36064.2388965958
"533",-0.161191291168626,-0.11892822771333,-0.156899552872307,-0.0612888928862532,-0.0267504938737921,-0.0110639475530762,0.0135369066795616,0.00851497939327391,0.953520729325501,0.942423458709732,0.963410675694675,0.943357660306061,0.955171918502053,0.963864476360387,0.973163195084818,0.993241141388638,0.228497532865809,0.198087544027291,0.177510547447175,0.152200881633069,0.121312655080076,0.0870746342321508,0.0519618619835023,0.0151765603680674,36061.573898577
"534",-0.159835591195282,-0.123935234588721,-0.117613698407624,-0.0641282193733962,-0.0336925696917375,-0.00151271395122903,0.000254308130987638,0.00813619153655201,0.958099692293783,0.943676735914312,0.952680605507138,0.946258174145835,0.956783040901189,0.960353884761227,0.977964101647459,0.993449642188487,0.229115188008329,0.193787956372578,0.174036959355808,0.155383922351663,0.121892787295406,0.087814354323574,0.0538972392806388,0.0147783885151227,36059.4732202885
"535",-0.158342499824156,-0.106981504925459,-0.136777425460989,-0.0473471637812245,-0.0359327092257987,-0.0118736433917968,0.00181900455624691,0.00816351413865344,0.955725292115642,0.937566317415025,0.956224842659536,0.938852466180617,0.958742773332972,0.963246511723409,0.977829878378236,0.99335877991428,0.229172973154983,0.198913004348475,0.172239954589679,0.159206549492222,0.121994022500059,0.0874107391693938,0.0541250939698902,0.0150705326733557,36060.5233317827
"536",-0.145683771326541,-0.126422389558117,-0.148388444527293,-0.0667295370684745,-0.02776402740439,-0.00238951271772909,0.00841809396739682,0.00812670282200544,0.951740590510555,0.945309029434546,0.960017000169745,0.944624305089891,0.952820036235576,0.95990561840618,0.975061678624894,0.99341383238687,0.22630525904618,0.196305599729279,0.175759180209448,0.153194223807272,0.119804828107174,0.0906084996803881,0.053576410309748,0.0149857669905382,36060.3649949916
"537",-0.161262841053725,-0.125443210538935,-0.175103731053475,-0.0714375646181803,-0.0332925481298127,-0.000408952221160986,0.0178356368967126,0.00751194850451128,0.957029523360131,0.943895661191668,0.972232207020451,0.94728553498825,0.956484917369673,0.958663997065508,0.971331132239708,0.9936661068523,0.225587933197645,0.203795395862991,0.174378571616078,0.150297531198485,0.122355728159618,0.0877625295302792,0.0541436436490727,0.015202589390649,36060.5926763523
"538",-0.101068248748772,-0.14681440868788,-0.13206064745682,-0.0600625716948144,-0.0479041563312836,-0.0174275356561102,0.0135638725641683,0.00886432688707333,0.936018370812325,0.953410767432272,0.958095309552018,0.944056532732551,0.96079498609965,0.965811173154255,0.973387728594477,0.993405664934797,0.234055834055432,0.19638375942695,0.178722247262553,0.156163388791954,0.119307422839487,0.0852220626813877,0.0547967741235686,0.0152516010157194,36055.9413064796
"539",-0.145919639024726,-0.139035794103144,-0.163500041274085,-0.0888234268875148,-0.0379596981893263,-0.00716368493210192,0.0173041739631258,0.00711457887707404,0.951455156027563,0.948344402146638,0.967719545969585,0.954171584293034,0.958739226213315,0.961158858517404,0.971319965936428,0.993563818824407,0.23434614988923,0.20105002111857,0.178242825167168,0.156677070147582,0.121154087626035,0.0855961469258846,0.0545090802591878,0.0154735442944403,36058.2175684543
"540",-0.148720869631369,-0.137983918020632,-0.16264273946864,-0.0816797308882148,-0.0217775841177554,-0.0263527562949537,0.0105014327510223,0.00822153503205974,0.952542319425736,0.951044329723984,0.966547965594422,0.9502145252002,0.953234922685323,0.967968245616315,0.974895383644143,0.993463997461486,0.226109273822219,0.19588590900693,0.176368962851127,0.154578788040804,0.120300786520807,0.0867581197139948,0.0539694708976647,0.0147513686593279,36060.1558743395
"541",-0.164288193994802,-0.14403850715028,-0.13354374179818,-0.0554063191469153,-0.0415251352024774,-0.0171031878144869,0.0108378027803101,0.00873588487365657,0.958032085314117,0.952519211419889,0.957122549811913,0.941260948952066,0.961106868877287,0.96412563282034,0.974092855430128,0.993415437487723,0.22876447011585,0.198209275897175,0.174063906483151,0.156637411285784,0.120527295446863,0.0876343162892684,0.0523939273197232,0.0147504334690582,36057.4018459518
"542",-0.122279791021991,-0.149946302911299,-0.140321644394578,-0.0493033873847617,-0.0348415059843651,-0.0188582367179204,0.0211376011502654,0.00721498912237157,0.944725502316424,0.952182452134023,0.958234636044544,0.938492537902539,0.957462553489768,0.965523780638463,0.970841013394127,0.993751659224416,0.229621053784076,0.191738648317451,0.178083066618423,0.158093132823405,0.11871892161812,0.0882921655872948,0.0553189623701497,0.0152707774624333,36059.6012271217
"543",-0.15790858643235,-0.149320778001816,-0.158855468424288,-0.0535259608396801,-0.0576231140645228,-0.0113268375716542,0.0186450467083967,0.00474669315792184,0.954731230196007,0.952157945826471,0.9656210937536,0.940943794114121,0.966483157227588,0.963602856865495,0.970876155357776,0.994759218498138,0.234938458910467,0.193964726552061,0.172384898462916,0.154512139749551,0.122007907373626,0.0878017177442144,0.0537369458320845,0.0149652476559107,36058.9071434952
"544",-0.151527242719832,-0.123216316781121,-0.133810364761384,-0.0659108450536105,-0.0159395196655849,-0.0319351898539688,0.0140865210605955,0.00623865412683775,0.952177668189704,0.945071423300941,0.957529734024468,0.945788138081403,0.950270024245487,0.970894802252208,0.973114919637134,0.993904921278918,0.232390639625156,0.19748550300019,0.176439366292879,0.154021374658873,0.120340110679028,0.0865480590286894,0.0547744166763078,0.0153858792822562,36059.5773725351
"545",-0.153872694874079,-0.137816351863556,-0.158959433487741,-0.0184975050573482,-0.0499950440645135,-0.0155724052699568,0.0197961373446726,0.00825696904546802,0.953277010724448,0.950051508392715,0.967819805873812,0.92820027053768,0.963047023114285,0.964714076980298,0.971020201053497,0.993360100857196,0.226265081434641,0.201425875144342,0.174773255429046,0.160875140447208,0.12310499258707,0.0873411219942579,0.0537833871735072,0.0155357552311328,36055.1630820363
"546",-0.185056674269747,-0.0963652960420521,-0.149780350685469,-0.0561308003023657,-0.0453335787359346,-0.0190617446116269,0.0165825156150116,0.00703225306967954,0.963255750643382,0.935521126444709,0.962307568575855,0.942529763740808,0.96182516862283,0.966363997468496,0.972143814512152,0.993883312457501,0.226677122561408,0.196468731701814,0.178478851785372,0.149044374714843,0.123456612550476,0.0893836006540187,0.0531571947585355,0.0154699974164107,36058.3850852064
"547",-0.142294914971489,-0.126756467728786,-0.134120431791304,-0.0500235558805652,-0.0167583232378465,-0.00348467859800983,0.0113785681531978,0.00678884769730217,0.953178787069307,0.943921800788551,0.957015076588284,0.940696820755464,0.950266590469128,0.959912221249224,0.975068275520006,0.993918528447018,0.227004368738426,0.19587569417836,0.173607503414552,0.155814176799487,0.121309066440518,0.0888180664875013,0.0533505497340379,0.0151693266433656,36061.1859215573
"548",-0.166795734396586,-0.135587453181303,-0.147892393010553,-0.036912620435128,-0.0567006581653029,-0.0113280891822418,0.0118905623394377,0.00751374115548737,0.959233425247513,0.949935574996168,0.961676278764054,0.936300369777179,0.965793800620544,0.963531181114835,0.973970550497015,0.993837031078764,0.228819436861236,0.195448285433701,0.175724790356024,0.153982585329244,0.119573892132887,0.0873342942746206,0.0533380296121553,0.0152764770654637,36063.5677072943
"549",-0.164902677209019,-0.147038920302058,-0.122653337963328,-0.0872299938362048,-0.0251217260022584,-0.0196344272678948,0.0106589215931937,0.00554192611373879,0.958134147866025,0.952271734052404,0.954536646385377,0.952584715157626,0.952910120952412,0.965810819744985,0.973964621662452,0.994243263458414,0.220346320971811,0.195383811570672,0.174694765235344,0.152915380709937,0.122941709360645,0.0870465713966332,0.0546593027610118,0.0151486239850028,36059.1964874454
"550",-0.145204448695408,-0.151213235841465,-0.136156333847755,-0.0597582057265731,-0.0404579334762905,-0.0146877922612742,0.0113303910080593,0.00517475361842865,0.948596337304468,0.952326506942673,0.956884215347849,0.944040056445181,0.959056042966781,0.964382115848736,0.973681823170415,0.994636919958088,0.229447758008764,0.19211847368035,0.175976285990812,0.158777227169721,0.118927409890094,0.0874701680482505,0.054360384115427,0.0151997408652872,36062.7095669752
"551",-0.155712796260069,-0.139841484485779,-0.124890792788439,-0.0632638303378457,-0.0212325800810957,-0.00762555280243666,0.0102242426977305,0.00899312212471365,0.955817658989249,0.950573753949718,0.955150484650057,0.945274846442313,0.951789423662503,0.960760638449211,0.974461993657689,0.993037228548441,0.225725227119852,0.196623145777557,0.176075756398183,0.152078439120391,0.122379582201395,0.0880158994439566,0.0538735523823459,0.0154412265996354,36062.8304892971
"552",-0.187733897661476,-0.191144328469669,-0.134091385969918,-0.0596225675313112,-0.0519140659082885,-0.00828017376447596,0.0060736222106576,0.00540618872706818,0.966038050816807,0.965539131297056,0.957727216196526,0.944933309447315,0.962956654297506,0.962043784782977,0.976242354408995,0.994481142174823,0.229235451300718,0.198485931453588,0.174696159597607,0.155065432273988,0.121778281127118,0.087784137264167,0.0520384709300684,0.0146939499770012,36055.2237172615
"553",-0.137235560889428,-0.103801356358886,-0.121828500065791,-0.0481111096924542,-0.0375886707305222,-0.0139333724157171,0.0147687313583454,0.00796986027649064,0.946767297732909,0.938203744874032,0.951107867609312,0.938812697541125,0.957834390186644,0.963001192161011,0.972240705562178,0.993598046344235,0.229063120911139,0.195405233902771,0.175228732797221,0.155222075781915,0.120309915760605,0.0859300457620918,0.0551879546097342,0.0149271053683818,36059.8055590386
"554",-0.179603499754008,-0.0917580227970848,-0.148029262548535,-0.0571076099565661,-0.0424416692280105,-0.0167588519822708,0.0123793844524186,0.00809890335048292,0.964889751426346,0.931160997124827,0.960709384039044,0.942649228339108,0.959837368601715,0.965009181541784,0.973772627681508,0.993322814457637,0.22771650086656,0.192475070114496,0.175368257417005,0.153981607573931,0.118641328871426,0.0881528427082666,0.0547447078448853,0.0154237738581958,36062.2607052515
"555",-0.166915194366349,-0.123836169059473,-0.161522811329948,-0.0493970534480305,-0.022435896419939,-0.00218284850179618,0.0101638398837674,0.00719923894209944,0.959031560219198,0.944617590604442,0.967279510814446,0.939629375620846,0.951927147228858,0.959414522219817,0.975593005387346,0.993697124114535,0.227592459688185,0.203504759108104,0.17439298058045,0.159839015351432,0.122313097528418,0.0869896730538959,0.0541997189232482,0.0153346222816765,36058.1268438636
"556",-0.228895121263467,-0.135129171641804,-0.149008810080999,-0.0627617602424007,-0.0478128339331856,-0.0211490212240738,0.00748714783364796,0.00743584268575442,0.982476934647521,0.949623530703712,0.963030811404475,0.944667662971657,0.962855329647054,0.966288151520453,0.975215721179515,0.993615262222769,0.222827165840494,0.192687055192682,0.177806208346859,0.153757342245168,0.119821541859815,0.0875657069668448,0.0530746321172925,0.0152592319401717,36056.4508624436
"557",-0.178722501951691,-0.113807147892437,-0.169384282535521,-0.0774227195086527,-0.035935019601934,0.00769237001060246,0.010830811099867,0.00545215617891506,0.964801955445601,0.93943505166018,0.970373716691989,0.951523241525339,0.957390459870665,0.95567872305965,0.974107956115655,0.994507820695382,0.227228531613918,0.189637018495394,0.175735423018528,0.158424419499576,0.121234214183183,0.0855861119056709,0.0537705267779382,0.0150504745940183,36056.9970419285
"558",-0.132534896496653,-0.147726035139735,-0.157112746398709,-0.0669054221538693,-0.0368376338169075,-0.00851462203259459,0.00917738972372129,0.00779000076948529,0.945989267992072,0.949673928859053,0.965066312947587,0.944755653809173,0.956565093633834,0.962605854852177,0.974589576223312,0.993637040044582,0.230705024257847,0.195149723710748,0.17616483800279,0.153842260415708,0.119196174903243,0.0886090177337476,0.0545705089356167,0.0152722842934897,36064.0103941014
"559",-0.155962521156619,-0.119174078726289,-0.145368093298447,-0.0506168979653409,-0.034280264229588,-0.0119036254013271,0.0135876111549723,0.00921097982479008,0.954075410314211,0.941919015923915,0.960086790749051,0.938500136023949,0.956800302229047,0.962533571127834,0.973291008915454,0.993039473973018,0.230475185800376,0.192415088102592,0.178118181387373,0.152051536676871,0.118336544191105,0.0866090900923081,0.0534815310267294,0.0150364249810499,36063.0691663048
"560",-0.165964545948477,-0.1503215209147,-0.149140392712995,-0.0671731228177877,-0.0397278831901562,-0.00792524266303958,0.0141165058968095,0.00788799109896958,0.958359833115292,0.952346237861477,0.962429882723171,0.946253815180425,0.958879154413488,0.961633805803967,0.972992937870245,0.993522161553823,0.227904951741503,0.198838996108849,0.17897524678432,0.151860005406335,0.122283272736637,0.0858336216904582,0.0539519865988968,0.0151381556607191,36067.1492798522
"561",-0.140657779649705,-0.136764178999342,-0.149019836010894,-0.0569502179048672,-0.0201765766014855,-0.0191732751582627,0.0159958733625495,0.00700818442328231,0.951329752180083,0.9462596893784,0.961226048242647,0.939910005051757,0.952288481529295,0.966054699036283,0.972678787042068,0.993931953444077,0.224814821518044,0.196026903222582,0.177065319646639,0.158012354303291,0.124071172079758,0.0895506743888236,0.053458729703147,0.0152137146136115,36059.3633168973
"562",-0.142136536438683,-0.139874902510743,-0.13017060815413,-0.0846200665702925,-0.0193417683622077,-0.012506840333102,0.0216235057992228,0.00563557967758427,0.948727634347838,0.947180673361082,0.955343685466855,0.951082489079329,0.951058828604143,0.963907058995166,0.970524161549454,0.994349099607502,0.22455388325121,0.197832845450437,0.178530227384752,0.153561486426409,0.123619863409472,0.0887246559402128,0.0538988585044759,0.0155149867182946,36059.8933177039
"563",-0.176578625330892,-0.101850442023058,-0.139896409339627,-0.0564343922899911,-0.0522590178000071,-0.011576069679071,0.0162023331396779,0.00866035730633408,0.964508488385426,0.937009271080651,0.958665664039274,0.943153853608523,0.963845321007923,0.963573800856315,0.972360896181937,0.993270696523962,0.230881875307117,0.200878295910315,0.180479893319553,0.155288294977823,0.125251981765635,0.0874001659354709,0.0529548023464578,0.0153363697264405,36058.477024796
"564",-0.156689504347026,-0.124224583437829,-0.154706289597467,-0.0886393410620387,-0.0194765269765649,-0.0124236304025437,0.00933374204802872,0.00628344981838161,0.95549430176463,0.942980825381374,0.963687712791658,0.953934821599002,0.951909043659621,0.963756208192734,0.975603815739142,0.994183941525652,0.225490129873185,0.196608507098943,0.175738438952442,0.158005004990832,0.119001502280971,0.0866074793991878,0.0532498884118693,0.014986618261882,36062.75046061
"565",-0.138494884889965,-0.130325537435781,-0.173256441013783,-0.102051707908528,-0.0340852425271192,-0.013269692815143,0.0179879449522762,0.00725118695857828,0.947065953432,0.946620552606507,0.970576522701409,0.957196779774816,0.956893916560514,0.963920654020767,0.972406763085464,0.993702905175163,0.226788477425608,0.19547051942075,0.1777605710813,0.156841314910419,0.120864617818645,0.0857595844604986,0.0541678761055773,0.0150930038015511,36061.741295135
"566",-0.161665692833299,-0.111614097624303,-0.150094497632332,-0.058362752292742,-0.0398098047782996,-0.0208374549266019,0.0153399004557813,0.00584004516024009,0.958093187649084,0.939382283227761,0.961428598570946,0.942283302932893,0.958699680917028,0.967503627789118,0.9732143909269,0.994364985126094,0.220969736976229,0.193830915934688,0.177289379804414,0.154372368424475,0.119399005108304,0.0879552096270388,0.0526542466910962,0.0153362843849171,36061.1393608321
"567",-0.161168036071345,-0.122038434222535,-0.17270710780979,-0.0711889590194694,-0.0426593739826916,-0.00891148432330559,0.0167172909493045,0.00629575597927025,0.955037709877463,0.944006410562226,0.969889567227198,0.948116617895544,0.959130574895602,0.96231471048951,0.971574255520525,0.994132132764515,0.228348663366549,0.192134213789527,0.174515393456229,0.15843566767324,0.118227732561013,0.0869226226521688,0.0538833427063745,0.0156461458405585,36062.1471417173
"568",-0.158407075241605,-0.150974706619478,-0.131038359983182,-0.0584292716718706,-0.0292633451870942,-0.0152821440366652,0.0187649477247431,0.00799014279908565,0.95568540238819,0.953924756386465,0.956937745657469,0.941278123614189,0.955767336814768,0.96399024454215,0.971198884325125,0.993519708682085,0.226933531035132,0.194191516827409,0.176653003285134,0.150720867281512,0.119500045445192,0.0893500684780804,0.0544461687185607,0.0152184139053701,36061.8694887127
"569",-0.158614412889143,-0.0830510024010328,-0.135005896714447,-0.0867007881584077,-0.0501670312796625,0.00581632352269327,0.0174559816602751,0.00956825431320086,0.956698826035342,0.929809188377229,0.957018715855697,0.95322318402861,0.961483937082248,0.956849454771674,0.971203644339949,0.992897151815096,0.231269019451981,0.193585902462943,0.175315709273013,0.156074486964093,0.122845106434738,0.087095282405506,0.0539350343302308,0.0152245977813102,36059.1444897777
"570",-0.146584287685939,-0.110544080391556,-0.174282681528347,-0.0546539757996889,-0.0352200664772576,-0.0113004326588268,0.015432701789186,0.00822150938694353,0.952162647546165,0.93948841755358,0.97194244817506,0.940891251609358,0.957575072649479,0.963082262905318,0.9714463382742,0.993463087679993,0.234271448906383,0.202181723868051,0.173101089806741,0.150514974032684,0.123234408504757,0.0850621190022821,0.0544177529920105,0.0156104876679731,36053.1712908574
"571",-0.184787757382919,-0.13179629831488,-0.120398085382352,-0.0438085133078072,-0.0348581488763953,-0.00115256539750634,0.00959637724207633,0.00605421425365111,0.965911689569037,0.946981099842401,0.953385013797254,0.93720373372077,0.957073969754413,0.958461157053006,0.974963284497467,0.994177793058313,0.229643653424481,0.19618581298461,0.178165487025471,0.158962062173124,0.11767188391307,0.0865857417196383,0.0531850097879517,0.0153914282844624,36060.8691216611
"572",-0.168715263165302,-0.138429804543253,-0.165759482718276,-0.088518425399273,-0.0168889246891757,-0.00533153048013212,0.00420430935755863,0.00862999567486939,0.958933874071871,0.948450511569298,0.968108246612952,0.952985778931602,0.951800103860246,0.961455184620231,0.977442350786375,0.993255991208674,0.225801636012701,0.19601498992357,0.168932669604897,0.155561910111668,0.122502028979626,0.0863600272471469,0.0535744290941825,0.0149992312583256,36057.4783315023
"573",-0.139352011204614,-0.113887162569882,-0.135599380498955,-0.0335160268929152,-0.0355343465294992,-0.0144705363790315,0.00693746523816816,0.00588983519963537,0.951850732948515,0.940385086993872,0.956237016642184,0.933933303258248,0.957025277783632,0.96448134159482,0.975193809315331,0.994298984613767,0.228724294195813,0.194843957627507,0.175750897266922,0.153548118858344,0.117061261781443,0.087402639418868,0.0550877340744862,0.0151405807906282,36059.9850081562
"574",-0.190248744564662,-0.160692974948168,-0.132538790314994,-0.0618949214927012,-0.0393315500498862,0.00330564562096153,0.00961888716182085,0.00609256435813248,0.964265287876976,0.955527253748742,0.956280328068057,0.942115444836598,0.958451014758478,0.95961412648368,0.97512038069111,0.994346308260334,0.234718308195923,0.200523800167432,0.176664586506929,0.155239577927288,0.117999846168751,0.0862418518734081,0.0532598673775778,0.0154132350766803,36054.5846358489
"575",-0.166847450468179,-0.125818189664248,-0.121611990725862,-0.0592679050238818,-0.057996658528673,-0.000313127608337391,0.0188970028114285,0.00670594426961044,0.958822344791388,0.944554313431269,0.952669634730869,0.942523292201842,0.965747149295195,0.959418352341134,0.971765013326374,0.993898622987664,0.224962743844553,0.197880187173515,0.178691331775331,0.154726330342243,0.119046226988378,0.0879331450011907,0.0535556389902725,0.0151762453645131,36063.4707513692
"576",-0.155967238512968,-0.178703967859929,-0.139974191865859,-0.0752532716733369,-0.0544037059682567,0.00440535979618932,0.0211709522286919,0.00399006935500562,0.952813816764749,0.962873656827688,0.958763994672323,0.948887963155963,0.963070832673963,0.957647646671294,0.969982978055072,0.994819472530436,0.228230678772366,0.193588515191503,0.174945435144021,0.15611198192545,0.12267816721519,0.0867121271629914,0.0537466227046876,0.0153637152282123,36057.6898694193
"577",-0.197560566859056,-0.123066793261592,-0.162402822495041,-0.0682393525782999,-0.0346217984449081,-0.0168000797273599,0.0114816408046012,0.00786151471449678,0.971132682604346,0.944217777125411,0.968125052823416,0.946199782610441,0.956599189175422,0.96524524171249,0.973662086801899,0.993449843685767,0.233337879283474,0.191013942319729,0.171644307326979,0.156565256076827,0.121646048318477,0.0879172676364697,0.0535886851971213,0.0153102622288589,36061.1294026323
"578",-0.139832282812679,-0.110745396770048,-0.139308269607754,-0.0541770336190797,-0.040377819513432,-0.0123691008198806,0.00731912925416001,0.00645235638503772,0.949821845864096,0.938662229441851,0.956725161807099,0.942170639981192,0.958726210366377,0.962813014744736,0.975435284164513,0.994029752206208,0.228786902115841,0.195180709203733,0.179585454235448,0.151108592329352,0.122449823379527,0.0885812615791049,0.0525727437737388,0.0150588929728431,36061.2113882533
"579",-0.165394578368898,-0.113941452717106,-0.148377104814315,-0.0580309990373921,-0.0405926148489608,-0.0207745403293293,0.0101522600905114,0.00668204194021775,0.959348338865827,0.941454650735315,0.963678056619346,0.943062529286393,0.957875437620448,0.965571300061528,0.974045352204356,0.994143823777472,0.234218193560627,0.196056089890108,0.174961066646639,0.150762993701888,0.122682039750344,0.0878458060084982,0.0546534735548584,0.0150093043524166,36058.676068952
"580",-0.16519478290412,-0.106906983065219,-0.159903554588116,-0.0917561582844022,-0.0335959135286295,0.00348032330609457,0.0186492362161652,0.00918202192257776,0.959214240715448,0.937213298653806,0.963085885658827,0.95625464480726,0.957936506191398,0.957991755627435,0.970774947220074,0.993064325816782,0.227510054199894,0.197800407754804,0.172622848759523,0.158442431950028,0.121589873471677,0.0846451177405362,0.0526470843828742,0.015618137602696,36051.808099157
"581",-0.146417187532586,-0.107619339184836,-0.15052292251415,-0.0736920151133973,-0.0400254997748595,-0.000763461614220931,0.0159782947797775,0.00525928239596611,0.952351701633962,0.936590783196901,0.964329082354788,0.945934792476084,0.958923577110432,0.959045077927415,0.972576109067962,0.994518901306235,0.229569278087657,0.198588780913703,0.171791484595821,0.153067536791332,0.122393647303898,0.0857415390566285,0.0542024235731789,0.0153809305144194,36060.8022593358
"582",-0.194273814883064,-0.181927087426879,-0.152350221807283,-0.0705120452664417,-0.0440264382913901,-0.0120503340104551,0.00790156219791698,0.0053645755838885,0.965070052723324,0.967559237327341,0.963768949130897,0.947596620986818,0.958247200944282,0.963378442525034,0.975311811519426,0.994483737853139,0.23033399292172,0.197004648813031,0.176088170680152,0.159461301865563,0.120683305660106,0.0853014353734571,0.0535986012985509,0.0152602587040361,36053.6320106149
"583",-0.111944383968708,-0.161793268044357,-0.180405372770337,-0.079810286226651,-0.0367891099233161,-0.0183628711186854,0.00418074712343164,0.00765305898125252,0.94247606302416,0.954682654830463,0.972888909105261,0.950143117303388,0.957454911848059,0.966250010410562,0.976887024121748,0.993601493106237,0.229502887314144,0.198260653855381,0.175610237441456,0.155742269858457,0.120524411742457,0.0882548749978856,0.0540589450416708,0.0153875069064599,36060.1865196081
"584",-0.140493409879174,-0.123619555037159,-0.131637074915582,-0.0871181364460092,-0.0384698023212307,-0.00599263450368796,0.0234968906595775,0.00640928538854096,0.948473031570163,0.943385802810728,0.957418012573197,0.952885732144514,0.960174969871168,0.96120210011441,0.969099131164655,0.993981531471955,0.228583719238322,0.195945336193026,0.175183881047888,0.151111322697106,0.119407139651284,0.0874325315127857,0.0541754108851894,0.015157306494644,36059.4726067577
"585",-0.155844059761469,-0.136142372282504,-0.1577984736428,-0.072666274579454,-0.0390861050259891,0.00462208547156411,0.00774684158457081,0.00760098791948753,0.953941447665758,0.947027172275767,0.966880107334341,0.948201439019371,0.957235834650853,0.957699904309161,0.975924063148571,0.993648577512431,0.222142638661109,0.195067468871163,0.176242172061425,0.155788082361946,0.118851990179436,0.0858876826195515,0.053178982397251,0.0149127067264479,36060.7733080141
"586",-0.198087144420225,-0.116151799684115,-0.166702401555864,-0.0688920132505862,-0.0372730146719284,-0.00880805596295202,0.0155966421846871,0.00615191376205613,0.970390459358394,0.940951971638923,0.968194993205656,0.947557736812488,0.95728267274149,0.961708121071337,0.972434134506539,0.994257194993241,0.229442044525815,0.197266672202352,0.177225006967109,0.155323366144457,0.123653706424218,0.0889533459543089,0.0543506761356657,0.0152450612727843,36064.7253347528
"587",-0.0966403920905383,-0.153874451483505,-0.146560464922181,-0.0665588855822148,-0.0353463800057794,-0.00149122430757652,0.017784448777826,0.00530902002101296,0.933310546430822,0.955488092844947,0.962859399693529,0.945569065566515,0.957438995120886,0.959194880013349,0.97155585006878,0.994406880026523,0.222443897603871,0.196013745670883,0.175866744561814,0.156080450306559,0.12033774876264,0.086509366419244,0.0528604579652789,0.0154731575511997,36059.2919347567
"588",-0.156619051511314,-0.145104889670596,-0.145532745781419,-0.0685675526334774,-0.0192636852383078,-0.0115618982913982,0.0153097415414397,0.0085251735188596,0.956179844797869,0.948977877202413,0.961258850368146,0.947883730601283,0.95155857259313,0.962629842592071,0.972128892416954,0.993205029291629,0.233281201848059,0.196755818001788,0.173630157036744,0.155798693735976,0.12134735377147,0.0885752050688419,0.0535565954240485,0.0153017999029501,36062.8907642557
"589",-0.148066593591222,-0.155242838363554,-0.166004648410615,-0.0782654878581399,-0.0513685550132736,-0.0147394509921638,0.00899028455850713,0.00580036126559374,0.952141060747681,0.953327895184134,0.965955030455934,0.948728774295698,0.962128767369453,0.963967858246059,0.974909207361217,0.994214564628579,0.226669713939734,0.193168131828476,0.180755067107197,0.157688215192091,0.120048714146536,0.0873268648200036,0.0548732953932425,0.0151715404223864,36060.9839102671
"590",-0.13387527540004,-0.132099957949614,-0.187012027997403,-0.0491805792474616,-0.02963663630334,-0.0257991805878839,0.00583056448718234,0.00680584247452238,0.94828409865864,0.946262858617752,0.97513498090359,0.939681574843437,0.954269021527409,0.968121590490594,0.975395868881284,0.994056404456574,0.229836983844449,0.192914468329028,0.174248190433641,0.1571292577704,0.120753228048332,0.0865220029557046,0.054092014094642,0.015025273492444,36060.4935626142
"591",-0.134879910785267,-0.146602293227394,-0.133310822014975,-0.0314906148723907,-0.0195966670342808,-0.010309334664055,0.00767663777107784,0.00561913433832083,0.949126936668732,0.949993751954767,0.956428269713663,0.933911597163631,0.95147908840343,0.962642648556432,0.974912814505465,0.994406954988813,0.233635609386978,0.205531652624438,0.175187077975793,0.151975617713103,0.119286017833256,0.085884613186344,0.0541487934990709,0.0152760564344776,36055.621894104
"592",-0.17478621592489,-0.133271494758723,-0.176538895313541,-0.039755756086107,-0.0371855108287224,-0.0306515210420176,0.00998100582557223,0.009238008417549,0.960442374410483,0.946874900796678,0.970827280384073,0.937058274507478,0.958193923477909,0.970278048960052,0.975388286472373,0.993286716823301,0.229043567592791,0.19701795037486,0.178293982033576,0.155520743244632,0.119559711216759,0.0869604849208654,0.0536163623433784,0.015572595491643,36058.3264483058
"593",-0.126514642324217,-0.148698400167518,-0.105427634378585,-0.0470724897629465,-0.0361370339463055,0.00285434684936718,0.0113898016997227,0.00798177686970257,0.947430611748129,0.951078389964735,0.948450731323747,0.938791537239003,0.95736354773385,0.95748649206075,0.974729749481834,0.993387315928096,0.229488567830912,0.193339357189815,0.178354261725331,0.153559645819108,0.121870289290744,0.0861122907591134,0.0536075278782549,0.0152876825653314,36059.1329399836
"594",-0.118923477836474,-0.121967666182466,-0.172096067304032,-0.0598773486237158,-0.0334534276581895,-0.00367205343631882,0.0118833196579168,0.00784223617923599,0.939995883482837,0.940653950569934,0.968414066396905,0.942219330108033,0.955391408750028,0.961039343151106,0.973895137238817,0.993709160243323,0.230203621867337,0.193103741672756,0.178303003112385,0.155202124273,0.120653440675412,0.087407885835995,0.0532363726072794,0.0153499503471442,36060.6867550456
"595",-0.196332951039826,-0.121921048365334,-0.123762154664822,-0.062098247880501,-0.0393649097504467,-0.0113546626716428,0.0184593062181179,0.00707057486138861,0.96786377319019,0.941049312138261,0.953293529185337,0.945400364032975,0.959281410923112,0.963456884728207,0.97192887825051,0.993950702771344,0.230704539327773,0.198180863225686,0.176748970853527,0.152517599653407,0.120626683390931,0.0872328637621484,0.0541693837835875,0.0153046105908004,36064.1154470671
"596",-0.172710087894207,-0.131616871017639,-0.0985071991295039,-0.0631601055817653,-0.0158156615834321,-0.00160701866808103,0.0132414859151833,0.00662490600934075,0.958294704830557,0.945264591340754,0.944449873067648,0.944118023727984,0.949964807192834,0.959306476689008,0.97288803260078,0.993827142741833,0.231327373055114,0.198117565670778,0.178660509578284,0.15590062954381,0.121768150145585,0.0860858418628269,0.0529992335411894,0.0152807012833351,36059.6082285344
"597",-0.155698410233601,-0.146710302347023,-0.182656851266747,-0.0601203439107773,-0.0370468606809568,0.00334820587289491,0.00869940967252471,0.00664000044067257,0.957293676538054,0.950646877383644,0.970891642155922,0.944465572669279,0.958022310167711,0.957498994443924,0.975290718693967,0.994161320779978,0.22622304827755,0.19463569573388,0.173183953364708,0.156954971477106,0.120984424449341,0.0878309152565516,0.0534320923638773,0.0154353392113275,36060.3576023596
"598",-0.172829766418761,-0.156819555866913,-0.177842807021093,-0.0388639735482199,-0.0381988583945428,-0.0235215544485767,0.00986157668148466,0.0060931643143474,0.963183327064445,0.955370710806892,0.972700262508687,0.936326880301945,0.958953702127352,0.967274929584615,0.973927653725103,0.994219968743807,0.222422037461103,0.195272334074688,0.179814408811602,0.154079632977071,0.119763150058387,0.0880571929577536,0.0547814398894556,0.0155877964840181,36057.4496078485
"599",-0.162684695601088,-0.124336916449831,-0.14349181023358,-0.0624348970638712,-0.0360199787435795,0.000811272133470637,0.0170693344466116,0.0072842123821426,0.957471479274725,0.944277937378931,0.957886221001366,0.944060883547057,0.957408536240252,0.95926607898963,0.971779521716161,0.993841520269167,0.22190057205902,0.194700703003959,0.178462726985328,0.160434671442493,0.118387860719454,0.0872008237295808,0.0551872626891311,0.0152669739158647,36059.6700599539
"600",-0.129027481790608,-0.121257256822602,-0.104091109787616,-0.0769466176908083,-0.0351079727440957,-0.0130119779391048,0.0223939138012618,0.00704724267658668,0.94796692763931,0.942435258642164,0.945910681118588,0.948076059746321,0.956310319191408,0.963871175887557,0.970406523739027,0.993737426164563,0.229934978274392,0.200087364777192,0.179339630173589,0.157827527263221,0.1193412832973,0.0879195596633515,0.0544280441895771,0.0152744387376451,36058.081472332
"601",-0.152877783873298,-0.148548297000465,-0.148377772198591,-0.0602705581578721,-0.0579231648568694,-0.00864348713661245,0.01444076740448,0.00724218417180809,0.955972007693897,0.950873712656621,0.960411979586621,0.943575066699628,0.964824239407789,0.962325582912755,0.972660976425447,0.993807719136072,0.231453603955856,0.195435045393222,0.179747972088251,0.153001768871019,0.121595906576954,0.0891236467515016,0.05256627158055,0.0152744124754432,36061.6756210715
"602",-0.159903005897406,-0.156846822047792,-0.12820519808444,-0.0512651606480387,-0.0224645508357418,-0.0281714112725576,0.0116273015441452,0.00942644827504734,0.955948840518638,0.959197061675046,0.954347866007297,0.940916752456699,0.95325209689411,0.968746982467579,0.974277129856909,0.992966551386289,0.225411166757417,0.194953088101246,0.176444588424363,0.156959175610219,0.123012077419964,0.0886025923532976,0.0523133977845689,0.0153951857958981,36054.5953623825
"603",-0.162334866501688,-0.10967655244454,-0.158858149556423,-0.0585581828708317,-0.0308985979325931,-0.00545100492114865,0.0265391108541402,0.00762631134309738,0.957522923709957,0.938499511747409,0.965712981404597,0.942862306229243,0.954782746560779,0.961228224431592,0.968949663049814,0.993923854164383,0.228854922732719,0.195879404644186,0.178099724598306,0.158392707865433,0.11794790932424,0.0847223223387918,0.0523007255592935,0.0154271897267226,36055.3813085426
"604",-0.184581578614156,-0.117652828032169,-0.149888098339969,-0.0532829076121994,-0.0610994234074032,0.000109231472696014,0.0163422592510514,0.00723254569274862,0.963532923491841,0.940954254730656,0.96123047863344,0.940264954497495,0.965238215658744,0.959055600642159,0.972202268573428,0.993970696630912,0.228164792691282,0.196418859165182,0.176113944103969,0.155529403587905,0.11898287318835,0.0855256142023439,0.0537764744141634,0.0153592148697447,36063.0639475254
"605",-0.164700652800073,-0.0879028721178385,-0.158501672906175,-0.0439416233785233,-0.0635019144369275,-0.0143464067818525,0.010827541945763,0.00686506193169674,0.95765828057666,0.933058081328452,0.966403300237579,0.938345968676582,0.966028924471857,0.963447932248133,0.974120894261965,0.993847164447584,0.226825663773324,0.204329127035782,0.174182230088664,0.15608578795532,0.120519649738659,0.0877970760955791,0.0541129363018808,0.015209263031794,36058.6988427004
"606",-0.170471842133206,-0.162719977398736,-0.183838048915731,-0.0390688812517741,-0.0480464363667556,-0.0021387196471246,0.000811648581364253,0.00402447576389756,0.960120949151491,0.95787670990858,0.973377870538244,0.935869375385838,0.96215458663317,0.96074634757325,0.977874852505889,0.994990021017679,0.231503741514244,0.191482451353567,0.17272332393805,0.150227078153342,0.120463646190756,0.088455605032399,0.0553663175773406,0.0154334040692281,36051.5143625391
"607",-0.160236801451839,-0.112247438974665,-0.129287345072643,-0.0925891247854252,-0.0508448369200066,-0.00744767665725048,0.0160779711975467,0.00572709981060639,0.95563983459854,0.941006906171044,0.955420804337005,0.954229731524134,0.962644243674299,0.961840323442246,0.971879195051627,0.994508551804769,0.234189741100982,0.187484178943368,0.175940605646819,0.158650126735574,0.122318657936704,0.0885070587931232,0.0539756642528678,0.015303201941001,36055.0639326533
"608",-0.176966399422436,-0.153773345093319,-0.144048699106248,-0.0270584444125961,-0.0379017703149673,-0.0117581074263034,0.00632554225339418,0.00744602381749766,0.961011386930188,0.950892640719388,0.959532357499037,0.933482725042418,0.957903136917686,0.962415371944604,0.975940086125133,0.993749709703835,0.227581582991685,0.196487526045054,0.175565469442241,0.153953352989061,0.120677214992719,0.0873067802382627,0.0537072004696438,0.01545711043238,36062.4428092757
"609",-0.158219855606709,-0.154775721229845,-0.167629545965622,-0.0327544689488156,-0.0351279197146772,-0.00873522758825155,0.0156183197114279,0.00867778090057256,0.954264297373648,0.954852951879899,0.968378471644314,0.934124237719019,0.957103025995185,0.962192740269469,0.972743603995064,0.993292168862843,0.226493120482396,0.201487833290988,0.177525693726713,0.153481649876373,0.122058246843701,0.0843922329942758,0.0530473898698623,0.0151614366470634,36061.8681044118
"610",-0.125686122970541,-0.124548513868552,-0.163558616213216,-0.0482623726409392,-0.0306747190616761,-0.00294947532809298,0.0161693828796805,0.00462716903248066,0.942576755962805,0.944979747654234,0.968010651623857,0.938147142226581,0.954720470259771,0.95984658686679,0.97209444843426,0.994742421117657,0.232634098725446,0.198843495945711,0.176282247683659,0.158538061300497,0.122079238689687,0.0880383991476155,0.0537351344961311,0.0154844223529089,36060.9144942706
"611",-0.185755915778544,-0.148236469335813,-0.172458260034924,-0.0787248635551304,-0.025260101857309,0.00814597775795999,0.0087396432856701,0.00861887631813999,0.962478671457341,0.952708738501826,0.971864902848781,0.949321609721828,0.953667357651687,0.955701773960374,0.974882660523046,0.993393875070508,0.228969824329573,0.189635186353989,0.172460565544004,0.155911344651128,0.121388476236216,0.0881703002371276,0.0538362532770492,0.0150496100034359,36057.7967793702
"612",-0.175615408092916,-0.155686073928055,-0.178370871936483,-0.0391930318318547,-0.0470227843096676,0.00985788136260226,0.0107365845149026,0.00885343627234667,0.959699588571159,0.955881348977286,0.971102065882733,0.935573120189747,0.960356277651091,0.956340223636375,0.974150200374957,0.993385478468857,0.229542938741738,0.202282885760016,0.177575763549841,0.158295962117578,0.124148928311087,0.0874034602001204,0.0525332166419987,0.0150348094417428,36053.123309846
"613",-0.198199941674734,-0.0706038446620838,-0.133044142817925,-0.0528674374039628,-0.040472336501649,0.00639094942679979,0.0151677028696975,0.00852135138006997,0.969258275672189,0.922878220360767,0.95793807498528,0.939039410951327,0.959313617391863,0.95603960249955,0.972971287842988,0.993382349183888,0.225586417419306,0.198707892927119,0.175369163429513,0.152663091164794,0.120825986746553,0.0860599478767877,0.0545672861452168,0.0151976898561402,36056.1233412057
"614",-0.138162213683839,-0.120873325757851,-0.140919865520234,-0.0777036211334832,-0.0592220609698913,0.00307528353913484,0.0130546863561574,0.00503191108387325,0.947743360529139,0.943297772216263,0.960168252688765,0.948748773235681,0.964327919827421,0.959344050830316,0.973147993734691,0.994705081292885,0.223371426288783,0.19574382659536,0.176882380154891,0.155395580041268,0.120703983671691,0.0881779595392964,0.0531927572891112,0.0153307090879266,36059.3031855647
"615",-0.204226009819404,-0.117221671671643,-0.135478489696325,-0.0927556076222782,-0.0397263199361021,-0.0211509208606197,0.00950050939137694,0.00647484126394919,0.968035458854644,0.944044991374779,0.958893136288187,0.956005789532439,0.958857158475163,0.965846122463258,0.97507175734796,0.994186017867437,0.233875383319143,0.195791091868693,0.172984324582929,0.153104069703061,0.120210618622357,0.088725388119679,0.0537466528376218,0.0152033336493491,36056.1622981793
"616",-0.16261273588502,-0.126136529415642,-0.154739322581408,-0.0803046742007065,-0.0352299001195889,-0.0106059847609825,0.0105008378789989,0.0094262144621651,0.955199374481376,0.946039179815573,0.963639300717643,0.95155962439223,0.956113891265145,0.962155599434131,0.974638581224666,0.993129488999261,0.227607813400799,0.191354908865471,0.175714782051926,0.153732300948783,0.118825675194785,0.0860712632373414,0.0543136546638805,0.0154411071077598,36061.3487037891
"617",-0.233367337961957,-0.157166807420013,-0.165245447821851,-0.0689925537538964,-0.0272305319765714,-0.0283043367091751,0.00986263612856099,0.00592344607288586,0.982571289344039,0.953867913704656,0.96969029708714,0.947443452544735,0.953259890684535,0.970312218579645,0.974841089435129,0.994102388831379,0.230741928282557,0.189398423377341,0.174560877836206,0.156725747113417,0.12042028234772,0.0875808591522261,0.0544484004314278,0.0150948686843847,36051.935742625
"618",-0.167899995327062,-0.126007036215421,-0.152978176605945,-0.0727436430166596,-0.0210793471529157,-0.018015789705664,0.0157578191362903,0.00744381483895199,0.959445858656681,0.943361010207623,0.963025647718606,0.947270739532477,0.950637464658925,0.966549292790901,0.972123423660962,0.993655194897002,0.233135341008088,0.197898473620909,0.175299075441659,0.151834323243533,0.121220331714017,0.0882087266318781,0.0543778890458831,0.0150159715084629,36061.5780912252
"619",-0.184238733018526,-0.0813683606902301,-0.154834643889694,-0.0793872314068627,-0.0529453094182693,-0.00907681034130359,0.0146481877243559,0.00684246662740233,0.96226224921993,0.928473550828186,0.965348254831693,0.950423856769699,0.963264149169247,0.962328769188391,0.973652140705184,0.99399098000828,0.228977378887558,0.195475423150897,0.177397281658867,0.152212117590828,0.122378853255166,0.085099542498013,0.0535585555622868,0.015785090383949,36057.3047263661
"620",-0.178287071855954,-0.142664175483319,-0.166626525483751,-0.0375981536944338,-0.0578800297517332,-0.00139899150804844,0.0138384523689944,0.00653223296999652,0.96075764330497,0.950206072017229,0.966883734788551,0.935570801898368,0.964914812551485,0.95984672445144,0.973548220641016,0.994008888739082,0.226017828410819,0.194988763099298,0.174758231195011,0.15656864022449,0.122644272569117,0.089856075290714,0.0526357917177586,0.0155396290059222,36060.3109006684
"621",-0.191800727115052,-0.123813300904653,-0.154844003081151,-0.0343261991542202,-0.0417101435152999,-0.00705765548361899,0.0229614031450594,0.00757484854065031,0.965432867352203,0.943871150151427,0.963062064662319,0.93489316148758,0.958896753793225,0.963229772297605,0.970156009921879,0.993806161736743,0.227890700282415,0.192367508143365,0.175391984966029,0.152805949304904,0.124126118355634,0.0868549783596222,0.0559520593394207,0.0152765201103153,36055.1981281212
"622",-0.157975487984463,-0.110991658960281,-0.12897637079296,-0.0307742908700411,-0.0367599734785195,-0.00346832947869714,0.0076753177001908,0.0047019568741854,0.953665996264358,0.938844875873408,0.955733059794724,0.933709502313482,0.95761823779216,0.960702252072399,0.975372921345011,0.994912724361787,0.22707698366913,0.196418067014891,0.172367477328451,0.158489178571728,0.119503474885668,0.0850504397294706,0.053031198279191,0.0154465021823424,36058.9292872207
"623",-0.158988278217915,-0.115039305969622,-0.135480990400621,-0.047601596857919,-0.0350448426414949,-0.00985397523663297,0.021932454085237,0.00647549300620549,0.957137374672295,0.941304857702684,0.956901360346273,0.939054626230099,0.957688507904261,0.962154556822579,0.970826086600672,0.994017606287132,0.231748678170497,0.194033991916038,0.18009096064827,0.156847406091599,0.120004887600822,0.0876412945680826,0.0539022997709438,0.0155876544254948,36062.4986217119
"624",-0.162205922342916,-0.120743967061612,-0.164533117843213,-0.0414040424861601,-0.0413948673582316,-0.0181235712300709,0.0029395939045907,0.00543943262484237,0.955183336318607,0.939968170727608,0.968559148081341,0.935634574190102,0.959036826035332,0.965607033270853,0.97783906883863,0.994596716977341,0.227462529951349,0.200257742204746,0.177755765106356,0.156466316567781,0.11786871111075,0.0872635183467216,0.0541089308621222,0.0153164679541195,36057.4478564969
"625",-0.171491725395577,-0.141061658931623,-0.153600767663119,-0.0485821964791733,-0.0293805708193271,0.00288032377058281,0.0138786066946599,0.00860238348343542,0.959785786971654,0.948772330089885,0.965274481334366,0.941418600945846,0.953362847181025,0.958102450066521,0.972732958869743,0.993369222178008,0.227940214714332,0.196381890586144,0.171974147040206,0.158262657828739,0.122244578566041,0.0859979525455814,0.0530251017800485,0.0155919724802903,36058.9298638624
"626",-0.187785270023664,-0.114206633441662,-0.143299310640513,-0.0668048603429914,-0.038814645195542,0.0129996145212029,0.0140295984734199,0.00708446287890221,0.965990478304602,0.941836268350183,0.958295229964182,0.947131527277377,0.957965168227889,0.955497918246709,0.972599209154987,0.993838743078377,0.233237843741753,0.198269091905911,0.178273251461187,0.153147399947402,0.116949853128714,0.0858156534672438,0.0521772924912706,0.015374982242183,36053.526974677
"627",-0.149895114352848,-0.116785921158932,-0.135181607036878,-0.0733631571922488,-0.0231515848795122,0.00137093372709016,0.00712839497912171,0.00878760906906958,0.952417118757107,0.941190812817286,0.958916217531791,0.947739264407872,0.954028402068609,0.957929835188285,0.975570318820422,0.993118957010132,0.233694880196167,0.192667658048132,0.174174338961237,0.154410818033951,0.118941591532792,0.0876943701892054,0.0540706476660717,0.0155190629496049,36060.8123508706
"628",-0.144069331580973,-0.144832831783911,-0.160452190555472,-0.0586154683888349,-0.0274850835039207,-0.0165308449454254,0.0115439190795687,0.00734617472080065,0.950635538467662,0.951745820922985,0.967798036680524,0.943061715769559,0.952325549433458,0.965487263813734,0.973946714451132,0.993824794911641,0.230461751286711,0.198435575286337,0.171528599295982,0.155633967173642,0.124197560539162,0.0882991576428464,0.0537435569115405,0.0152417976941969,36060.5233296241
"629",-0.180921425715368,-0.113518211550927,-0.147190390815823,-0.082080499416841,-0.0517164242732386,0.000936543075007446,0.0119481995150808,0.007750936913512,0.963897510030082,0.938384659954607,0.961293013160587,0.949912255191312,0.963208101542944,0.959759545523286,0.974223570676649,0.993651491460191,0.22872216945047,0.197324237979787,0.177719747011612,0.151827481614865,0.11876294724293,0.0866679216635654,0.053890572500647,0.0148171387893623,36060.1432849025
"630",-0.116484280077317,-0.141335704030876,-0.152891823969982,-0.0507881939500956,-0.0318209180346137,-0.0204867925232353,0.00639513453916271,0.00563551704431053,0.940681089491903,0.949095795706971,0.961325106372954,0.940552376990299,0.956536503359033,0.966027490638413,0.976434220406641,0.994311799624178,0.221599730628416,0.193695393572597,0.175380397272554,0.153993822582345,0.121794287374499,0.0864497068286014,0.0542936353996699,0.0154504488329165,36060.2883348809
"631",-0.207848644956123,-0.105108585107639,-0.129905308118023,-0.0341815583927429,-0.0646266862599202,-0.00797549710814859,0.0108856229465935,0.00656391826095217,0.974232665004761,0.937557828201894,0.954299637199284,0.933345358511443,0.967061772711481,0.962079957456499,0.974080165585893,0.993865604915763,0.227646284110483,0.19463870305453,0.177108805487284,0.155651670632486,0.120630895791445,0.0875064297751486,0.0542077652024427,0.015637462768789,36058.5781215751
"632",-0.161187028127434,-0.155068675339411,-0.173170393845777,-0.0441077434619437,-0.0272259992122543,-0.00362557803392711,0.00430987593593669,0.00785988174354235,0.957973398285428,0.952733897110315,0.969612543675787,0.93807509127796,0.953536188473162,0.960688085269035,0.976927607504457,0.993494223828284,0.223739190711377,0.196033060437039,0.177167935496829,0.154022212541592,0.121556005931031,0.0876162006995234,0.0545628300882462,0.0154091451585417,36063.3415381745
"633",-0.183088743637691,-0.16081664188106,-0.150846355533299,-0.0519986011771789,-0.0339470327203057,-0.0227371089400429,0.00753926578324288,0.00776322824277744,0.966120040955412,0.956611275555023,0.963884633251583,0.941614600498969,0.956610028055368,0.967638128136576,0.974641101285779,0.993552504147274,0.237309833423795,0.197652938685727,0.178264877021152,0.154043852604885,0.121656188023397,0.0884001632299838,0.0550519046624683,0.0154172615949827,36056.9593961746
"634",-0.137194555249759,-0.110659372520516,-0.12226885750615,-0.0811115709981974,-0.0504697972997677,-0.0078141592297372,0.00571790677780916,0.00790732690225977,0.946517376315426,0.93972555750112,0.953721082614679,0.951997654378754,0.962936710366209,0.961741497202942,0.976171633334912,0.993502688860751,0.224415859379805,0.197283445442924,0.17265829208075,0.156534690430826,0.119612905524228,0.0881795451442131,0.0540618292293593,0.0153107023026219,36061.909351645
"635",-0.162851572950719,-0.112144909649106,-0.165610222052776,-0.0536992213625133,-0.0511811632082917,-0.00716726804341544,0.0216474533611241,0.00566711120796211,0.955611209767979,0.939000158932329,0.969737473130178,0.942494361340741,0.962931046983268,0.962435868264866,0.970917191946646,0.994199085180105,0.234704727929357,0.200334602675151,0.172353512176743,0.159170464947378,0.119177268606228,0.0866857403160506,0.0548212248208911,0.015142662377962,36054.9495742287
"636",-0.16261135896635,-0.126296149278523,-0.149266890410949,-0.091669160735446,-0.0502589311512191,-0.0156952114497793,0.00793424204485545,0.00678086409831534,0.95725667088048,0.946787752329863,0.964366539636299,0.953685164186543,0.9618460679008,0.965146782884051,0.975218393231706,0.994054440780332,0.23467985445254,0.199060029136187,0.171518390538228,0.152791959471225,0.123255499828512,0.0876245291973571,0.0530540966470143,0.0150283730203636,36056.8569739023
"637",-0.185886852540404,-0.139071089729066,-0.143885446776755,-0.0834713602871337,-0.0248055745840703,-0.0203165384716221,0.00901885490197571,0.00865856811750596,0.96431605092675,0.950094609375082,0.960568391569818,0.949952845279693,0.954263682737711,0.966238062260525,0.975031705616431,0.993310937169574,0.227138896178293,0.194980679641181,0.175890004145305,0.157954110220757,0.121569568639092,0.0862902003584987,0.0538282609256881,0.0154595198738836,36064.0141594029
"638",-0.128470972785359,-0.144067618428283,-0.148183168040362,-0.0816268189078181,-0.0269890300050183,-0.0221671431107038,0.00845681958694116,0.00699913067294645,0.947527239882003,0.950029891130352,0.962225320269665,0.950176458712718,0.954276337249783,0.96675628903472,0.97563296391845,0.99399675411424,0.226688019983969,0.196813198619287,0.177205022399053,0.155939639951829,0.118821404964689,0.0875328186437837,0.0536523039898274,0.0155204359738935,36062.8815920472
"639",-0.146404196035145,-0.113134294346782,-0.131406232771546,-0.0757709618829152,-0.0472699315204045,-0.0261956890492559,0.0101433640006511,0.00718589121461726,0.950072349904593,0.940865065746264,0.956248339907396,0.949359264466416,0.961976652114731,0.968150040900082,0.974284139990251,0.993706482996075,0.225794660568836,0.196352575937147,0.177873129041729,0.156136628083367,0.121077251160105,0.0876789956166526,0.0541733972001764,0.0153773685450139,36064.5936147554
"640",-0.203709143314816,-0.154317541210088,-0.172236707472198,-0.0781163377723357,-0.0450633095002414,-0.00529934566260836,0.00356781451332691,0.00685937570372175,0.969982208053045,0.953782355867273,0.969576343795708,0.949080103276438,0.961847789474456,0.961245758905858,0.977284350038847,0.99393134340933,0.229229993502833,0.19638381097727,0.174091393886451,0.155779394488723,0.11872763886364,0.0875241567963941,0.0526008843187776,0.0148361237983237,36059.4865855609
"641",-0.151374142322058,-0.153698456454638,-0.167720571615302,-0.0740945395786927,-0.0330669849447905,-0.0108981972714014,0.0147932922216331,0.00884822193162552,0.951813743282014,0.955154583198824,0.968268824806292,0.948244881604933,0.955803395309877,0.962351309506339,0.972851666940416,0.993242377411102,0.231168463502657,0.197038982371337,0.173818700832133,0.154884735263099,0.120223810840916,0.0863332106230085,0.0534753590674385,0.0155441827285461,36065.1717858913
"642",-0.16657064853948,-0.11637074688565,-0.179242038182246,-0.0459887295327259,-0.0292625434707705,0.0066742608050758,0.020095065746127,0.00622686099428587,0.956511010839952,0.94110403113762,0.973298020103634,0.936478445841552,0.954202139685616,0.956321538426306,0.970534692504618,0.994309397018505,0.226154656066746,0.200945943938486,0.173230654327828,0.156469825843172,0.121394785082819,0.0861653553090724,0.0527369721320143,0.0154430630997081,36057.4200547513
"643",-0.143791146029484,-0.143595027296736,-0.155990265371156,-0.0601096504645539,-0.0490602293897162,-0.0102347916703171,0.0102340233982576,0.00651458105937665,0.947900316533969,0.949806390637745,0.967043493469146,0.945239298247754,0.962140322177348,0.962636717925209,0.974193898312656,0.993981515012123,0.233153458069638,0.199060319405153,0.172127560215697,0.157418073827141,0.119027715437513,0.0876700653339857,0.0532726616948961,0.0155824840797223,36058.4642224932
"644",-0.14620759179084,-0.107255740683132,-0.165913005950715,-0.0693167479269073,-0.0358386948139044,-0.0191211374518123,0.00750820450032037,0.00863173122829894,0.950275298885226,0.938130543118484,0.965075426788584,0.947972507786218,0.956681996717414,0.965280371539725,0.975045098522858,0.993157921431539,0.229427898629796,0.192345583275838,0.175803845743731,0.153654023058701,0.121560469090239,0.0866060762829943,0.0545297267171918,0.0150861496200481,36060.8723600937
"645",-0.189472562248586,-0.129642455262857,-0.139037276519519,-0.0687377572888008,-0.0241384976921404,-0.0093763719383484,0.0193358982294775,0.00613343846651781,0.965528098512469,0.946109282070012,0.960083152604589,0.946989248462079,0.95242904378765,0.962196341522044,0.971582604564802,0.994238854248166,0.224853327230577,0.199269039765766,0.176716247953111,0.157877212378813,0.120646583678115,0.0867284435703589,0.0528822197094607,0.0150673565340581,36064.0975122132
"646",-0.163301344952096,-0.138938772257806,-0.130521704984338,-0.0370779377970026,-0.0252838637314161,-0.0175117287209283,0.01579458365852,0.00805969617601057,0.95718050067276,0.950338725957734,0.957175992488839,0.935046180426554,0.953358629445958,0.964874143437904,0.972573482739817,0.993431649758138,0.227454308943428,0.198196520279176,0.172916137653976,0.153130580151619,0.12281185591271,0.0863761565454215,0.0536187734238668,0.0154206033513431,36064.0824375136
"647",-0.145784546102514,-0.115649832758609,-0.175392537134154,-0.0857242411795242,-0.0250953419649168,-0.00806827784495033,0.0123973901243199,0.00608292488482995,0.951154791275832,0.942141905899032,0.969650704768943,0.953377408782479,0.95426224912456,0.962782018128775,0.973548249647105,0.993938845447233,0.229877068695862,0.194497872725075,0.17793688428088,0.149861311752251,0.120452158772015,0.0860082171193158,0.0547181701105452,0.0149493135112906,36056.5888668639
"648",-0.192166515966048,-0.123638166197026,-0.125021866247865,-0.0748181358074,-0.0418004167643362,0.000164840494015958,0.0131454326363066,0.00882939465139805,0.964903450662555,0.943289897156425,0.954995138928368,0.950040461339957,0.959339820569627,0.959906283649385,0.973932888256147,0.99323636623522,0.228586512888093,0.196214354215002,0.179663373019822,0.157208120494013,0.11704916886069,0.087349133894223,0.0544816437389849,0.0154781893835684,36058.85876157
"649",-0.21695192737678,-0.128906215916872,-0.130481458240274,-0.0622084608457748,-0.0242319116783311,-0.00754264155563078,0.0072094898387045,0.00637021970773708,0.973651681782324,0.945804654294522,0.954921135818103,0.945455818031448,0.952768785064538,0.961428440039729,0.975583501137788,0.994284228602001,0.22824925013363,0.195659171504267,0.17865972025639,0.154953869112566,0.122549401521924,0.0892543523432521,0.0532266296106516,0.015313689554671,36061.4820474034
"650",-0.149890552024664,-0.162231529249323,-0.132281705094465,-0.0707116575049142,-0.0297516018871792,-0.00137509584101013,0.00922690759881491,0.00769403597933696,0.95108811781026,0.956092436227182,0.957266858980087,0.948362872817102,0.954536969637786,0.95916906291956,0.975422484840229,0.993736075894091,0.231404591129338,0.200689213764911,0.179404176972194,0.15176700820577,0.123730494644087,0.0880013013543835,0.0526757425452835,0.0152522084742239,36058.3096644169
"651",-0.132571001790571,-0.103038107308438,-0.172547206864204,-0.0429602488448271,-0.0594514999814661,-0.0123245898451562,0.0118816270010895,0.00698596743603061,0.948195486359192,0.938331079161185,0.969121887489211,0.938601656661391,0.96603917343929,0.962725132024344,0.973764608305092,0.99388996511523,0.224804981066617,0.195578690717225,0.178462183658864,0.1522916062041,0.123101506334443,0.0870301276609332,0.0536689599210092,0.0153188893868676,36061.0127183171
"652",-0.171508246642734,-0.147815612783235,-0.182214333950275,-0.0425964664427336,-0.0417353855554282,-0.0101821560980308,0.0178482731652449,0.00617954182176804,0.957933107616777,0.952510934638824,0.972215860757079,0.937262086758001,0.959140640538873,0.961688705276178,0.97184768795309,0.994236672210423,0.230695051175912,0.198428243329597,0.179490414639084,0.155453365507568,0.119586951067331,0.086946097982772,0.0522425967495312,0.0150730164832615,36060.8308686964
"653",-0.172745939455134,-0.112422241471695,-0.128708544173657,-0.0473309198438902,-0.0208993433069705,-0.0136288554881917,0.0156243923639995,0.00489496299689543,0.957819831472076,0.94119570106015,0.955393368353378,0.938352717989289,0.951874358421955,0.96329757851341,0.972437335745846,0.994464176888741,0.229124109516806,0.203151276357245,0.176149402326035,0.154537592638692,0.121315349504268,0.0893511879527395,0.0541469121894726,0.0155539801399423,36058.2049408451
"654",-0.213565277897959,-0.149602528733657,-0.1418930518264,-0.0449054143780609,-0.0527368050135556,-0.0142216221650271,0.0167073860639506,0.00599550146268564,0.975902425985861,0.950911484748185,0.960276152280743,0.93649237422668,0.963459052149809,0.963994670545258,0.972465871518917,0.99435672930852,0.226206585602508,0.200081543844613,0.178308267768563,0.156467872475854,0.121003694207335,0.0868569058153396,0.0535929992828356,0.0154008273671331,36061.065107893
"655",-0.149627735155435,-0.0959996640142731,-0.16149372581347,-0.0706733407204826,-0.0166852762269905,-0.0103551568004071,0.0142203165619022,0.00740097475568229,0.953010058368226,0.934072943790839,0.966508215531659,0.946836548853629,0.951335399769068,0.963389753526991,0.972757302748433,0.993693230044335,0.225974668414952,0.198869749365632,0.174618965776607,0.162575472167389,0.124411513438607,0.0867151894243986,0.0536822769496728,0.0155394161044991,36058.0482309903
"656",-0.147727719730467,-0.137794623393006,-0.161107278680466,-0.0523569749414438,-0.0675684036409261,0.0017482191659598,0.0131189529918476,0.00606902374278084,0.948534146066137,0.947827063341429,0.968259382446204,0.939736755221394,0.967832939164614,0.958880895707962,0.974320482107311,0.994382094948761,0.228594551859579,0.194234122002094,0.170871866282186,0.155718419211696,0.121897298638259,0.0871117916636211,0.0526564318547987,0.0147934526154866,36051.4136689222
"657",-0.105585755449616,-0.135764846287087,-0.167568817026217,-0.0135546829338306,-0.0395603304626458,-0.0139678267133819,0.0159644321239622,0.00662090349389745,0.939623671229623,0.94663866934239,0.9681113731769,0.92754151183781,0.959093676749048,0.963741994228821,0.971630789129447,0.994153209307282,0.226682143144831,0.196821989326978,0.176689799430009,0.155542656491533,0.121064541935542,0.0888739187810668,0.0533866507391354,0.0152307437964467,36058.1627009599
"658",-0.180160682074832,-0.127529832477413,-0.144304093948111,-0.0597852219617822,-0.0283790566797469,0.00249319272662179,0.00848717137429522,0.00749697547291563,0.96326054474741,0.947560521601649,0.96037395678171,0.943862538036395,0.954028057741678,0.95911444068584,0.975218359510343,0.993721069018794,0.227516543177978,0.196330887452767,0.17566083899599,0.156512034055459,0.122689739877244,0.0876220862268589,0.0532187560611077,0.0154633335592792,36064.2507632691
"659",-0.161441362869189,-0.140285118201678,-0.166682459758784,-0.0329886077806486,-0.0267448220689864,-0.0112917919665422,0.0220506825532646,0.00649549889294541,0.956534064111187,0.948534201938184,0.968476225956995,0.93358279785607,0.953298735664535,0.962556075861077,0.969660507368968,0.99404489591679,0.219995501739093,0.19834605910445,0.178910829892164,0.15402675343496,0.122507909682572,0.0862694538248185,0.0535419636078156,0.0151762975055338,36060.4622121768
"660",-0.180853687054762,-0.0978629844936267,-0.131099411880298,-0.0457801300439792,-0.0393127870669054,-0.00750834331973946,0.00797646798501928,0.00831196276798732,0.961632309612803,0.936135906079504,0.955979971236001,0.939282247742597,0.958879604467433,0.96092390677247,0.974780290014201,0.993367613264171,0.229840888029706,0.197869799139497,0.178507158852371,0.153510823149832,0.118683516083019,0.0871502380069321,0.0525372232939001,0.0153226076816228,36061.7828507423
"661",-0.136900935267612,-0.14076516401971,-0.172291060662766,-0.0752473830557763,-0.0273114259636079,-0.0120317138712084,0.0162792226940421,0.00555889560439295,0.947993050849506,0.949321128726362,0.969020309388344,0.948144791133573,0.954500149060944,0.963221123085654,0.971893784632209,0.99445591145738,0.226286243689328,0.192901858847622,0.178555496296445,0.156376976699124,0.123887577709464,0.0851735008928063,0.0517956233268974,0.0153804477124706,36059.2560089058
"662",-0.13368935225926,-0.158339743005691,-0.13027784053671,-0.0536015355681698,-0.0550868410246007,-0.007814671970831,0.00879721064244562,0.00659372871044205,0.949739521670279,0.953286046174324,0.95502554803134,0.941017695119995,0.964373331655292,0.961323183322711,0.974497448756715,0.993909706928344,0.229264191258011,0.193563154234994,0.176571828593047,0.152874837063451,0.121007175976299,0.0862281734662071,0.0525842762926095,0.0153575283388262,36060.2189296659
"663",-0.194302396165902,-0.156236720235635,-0.156221939743277,-0.0725575998273226,-0.0371105108792756,0.0002535313858369,0.00689608799859748,0.00798210329162882,0.969369875327965,0.954842955289123,0.967227756489458,0.947322256312646,0.958051295847081,0.958930844426555,0.976465760080078,0.993461462063493,0.225843210391905,0.197111595868204,0.175562026007225,0.155938190791047,0.120918575821698,0.0858281809246267,0.0545174335718524,0.015582633940657,36060.3416196916
"664",-0.126486526946442,-0.100160831950564,-0.145667573754109,-0.0400225824222432,-0.0286407341309006,-0.0170561720603166,0.0237480877031284,0.00605197674289782,0.943261350850935,0.938116998503775,0.963223384311695,0.937957762071045,0.953969628539376,0.964755273314619,0.968904372673506,0.994177938860477,0.225230647464909,0.190736512395963,0.173507346007062,0.15540085392136,0.119986801667974,0.0874683010638095,0.0547449946173183,0.0151932490113441,36054.6590680855
"665",-0.137862928353088,-0.115669018654989,-0.130712881984905,-0.0665744994154305,-0.0464439660295165,-0.0177883075375292,0.00835320956129238,0.00778434010962091,0.946901915887879,0.942361651181172,0.956151691362699,0.946437157912009,0.959890920464046,0.965061224737479,0.97423848454193,0.993545983903642,0.229291714784925,0.193149142302567,0.175690127016106,0.153607020934124,0.121916597998058,0.0858857039720479,0.053808898991079,0.0149400285038418,36060.6726363882
"666",-0.153317533141762,-0.126599112427733,-0.17452430605994,-0.0347475184453865,-0.0313371888993852,-0.0075267839364828,0.0050755424971954,0.00590513648010305,0.950257912987318,0.942691678901513,0.97072571736212,0.933829606255708,0.956463964889077,0.961483142766441,0.97621336766919,0.994561314892979,0.229998591973019,0.200887466893001,0.177933651092143,0.150504150553795,0.120803597980522,0.0860609725268588,0.0540835271089586,0.0149255753896288,36054.0103471038
"667",-0.148440206592764,-0.181618163358464,-0.136799336963656,-0.0770959422226387,-0.0471139699286128,-0.0216949061786587,0.0125323639122427,0.0046238503832689,0.951987946015765,0.959086201354597,0.958041220879617,0.948299790648826,0.9597410722631,0.966236468035372,0.973897576131071,0.994680234596129,0.223591719851795,0.197358511183504,0.174399788642426,0.157084500619986,0.1187086509113,0.0854727756607353,0.0554293019408765,0.0152488498390427,36051.9615996162
"668",-0.174413945923441,-0.116771075763226,-0.139520217367219,-0.0645231237480881,-0.0373804451341003,-0.00927638051776531,0.00839592943477969,0.00840771662884088,0.961181131664869,0.941480056284539,0.95957221752347,0.945869952854767,0.95827481811473,0.96234079854231,0.97419814644439,0.993292792500634,0.233644779558904,0.201945567679274,0.176893303610882,0.156553009880995,0.12317612060622,0.0850513916403425,0.0544238487053474,0.0151894134737281,36060.021498398
"669",-0.214253334227006,-0.124293521286173,-0.121686184866182,-0.0546055962212532,-0.0268476539348722,-0.0146807613824775,0.00363317496748387,0.0061185116373424,0.975148088310253,0.942510165894803,0.953338315649707,0.940769811734823,0.954882450466886,0.964150657235303,0.977041427108838,0.994071011098876,0.229559468477067,0.193106469909976,0.17414672579146,0.154890298186419,0.121591405734255,0.0861454244507512,0.0531303946764345,0.0151185437629496,36061.7618132925
"670",-0.167739563757273,-0.114450707722809,-0.147580282072343,-0.0846181401264974,-0.0283393512808849,-0.00983779553735642,0.0133214595881015,0.00582551522101887,0.958903602114575,0.940662757454356,0.961911436126851,0.952738631603885,0.955697377436955,0.962421976639992,0.974183419746537,0.994349945661894,0.23472655610946,0.19927367362779,0.177581076782561,0.15752181458523,0.120542547031031,0.0869689959836468,0.0547180062540164,0.0148294753199945,36059.9776620793
"671",-0.196854608611286,-0.159968279491971,-0.159837850579057,-0.0563394230370051,-0.0437462155775337,-0.0131266869577429,0.0107983005023917,0.00815045303117344,0.969100724447847,0.95481010276748,0.964747004144919,0.942776490395716,0.960341662919647,0.964430493369809,0.974463711373686,0.993527817232358,0.229610515693174,0.199141618116742,0.171457569929154,0.15527848168572,0.119674708507897,0.0862496308937574,0.0542414473189289,0.0150343531350478,36063.4731908724
"672",-0.169804577903377,-0.112524644804334,-0.164553318117812,-0.0520004873016173,-0.053860633167545,-0.00309740202113169,0.0160365003837081,0.00648433372531887,0.956810018900092,0.939846587586047,0.966046660713238,0.940081461930974,0.964674918615869,0.960675422455119,0.972452085822524,0.994077184879694,0.230705041704893,0.196953854232431,0.173697456830958,0.151922710592219,0.121828018380717,0.0842173804238648,0.0534047586009841,0.0154262294010736,36060.3586009798
"673",-0.189185766640207,-0.124815784555813,-0.170485426412768,-0.0464027666183321,-0.0439189118774945,-0.0160339214070412,0.0156317002025134,0.00658701377446205,0.965897184949665,0.941757731805465,0.969751037010575,0.938078817535333,0.96203557073471,0.963970631546097,0.972512635620371,0.994102697430352,0.226838064898298,0.193553202781179,0.176224479569108,0.15455622071935,0.119952751031794,0.0868518743489676,0.0538664451204378,0.0153667495456879,36063.0664736265
"674",-0.155247872753323,-0.141618666035811,-0.164407408112503,-0.0733053802299921,-0.0285983336668785,-0.00489702406528827,0.0198690831894022,0.00845043216551352,0.956422208742331,0.948973624065349,0.968097704017821,0.947629938799099,0.955372256158994,0.960864705939568,0.971233369133517,0.993176011548461,0.229451688598239,0.198070293600451,0.179576384590897,0.156215934379261,0.119328501116927,0.0872840681241466,0.0555229093532596,0.015410853482502,36061.8724017122
"675",-0.154940080468755,-0.158749725625357,-0.152220406798059,-0.0928135789832574,-0.0336898532957997,-0.0166038139386011,0.0137590722505598,0.00792769662841931,0.954176213168084,0.95688914142232,0.963405427227218,0.955130355183091,0.956291970961314,0.964728066717231,0.973492287094389,0.993598068266867,0.229310428032438,0.195135750865396,0.179316373270414,0.156147472696807,0.119224756955243,0.0861809225253836,0.0548306473341716,0.0153613548494847,36063.691480239
"676",-0.156138769494294,-0.153090676412052,-0.172291485366171,-0.0692624939696937,-0.0519436016882763,-0.0248754286743003,0.0125559960525336,0.00745138254476956,0.956139117278072,0.952892512383854,0.967838760604166,0.949238751484783,0.963926564363075,0.968483951816024,0.973767327516147,0.993709522860114,0.231129473391822,0.198737927579121,0.172842760785273,0.155257234468528,0.121584938436441,0.0868500835257711,0.053821539834661,0.01518078494338,36059.4802969912
"677",-0.155232095966918,-0.141114646053117,-0.165173844908384,-0.0429566017273932,-0.0307260643188508,-0.00283448050261725,0.00045021855184845,0.0050687592496749,0.953926617078888,0.951608841494049,0.967949791443414,0.937188958248533,0.956039608617685,0.95976653901988,0.977769051625634,0.994460928434359,0.227465234455989,0.199278089789636,0.177636759827662,0.156221033492112,0.119126588233329,0.0877831535533648,0.0537783574450124,0.0153033628859721,36061.726198536
"678",-0.187815717206027,-0.14388323131893,-0.184834581935981,-0.0547595800857467,-0.0367603670422619,-0.024313260488424,0.0139619811675627,0.00395207918599634,0.968341642893931,0.949588872426101,0.973331464522939,0.941323287949657,0.957194978825726,0.967487326991573,0.973087423859678,0.994856267716056,0.223851896594678,0.197315902960094,0.178278606998342,0.155713274905614,0.123171094018889,0.0870665917839615,0.0530497014837203,0.0155186207445098,36058.4572766467
"679",-0.152997997694037,-0.157910236630349,-0.138192310147575,-0.0634623476196504,-0.0427425567598301,-0.0111692169283873,0.00977907054531906,0.00823661795624037,0.953506904164147,0.956965189921488,0.955997741560239,0.943907288974656,0.957963043669581,0.962219399203218,0.974761576358039,0.993567808351743,0.227908568350129,0.19355606357842,0.173311365188091,0.15418685586416,0.120944496962584,0.0880147906353196,0.0544716044735284,0.0153986453185508,36060.3692889168
"680",-0.153807667884549,-0.162000547268986,-0.152329366384961,-0.0935959026662057,-0.0395453226657495,-0.0224308720950019,0.0120242641718933,0.00780310931473396,0.952602334021452,0.956135381724384,0.964015650925583,0.954901403566166,0.958330117273637,0.966964397938744,0.973172312233753,0.99353014045644,0.229205445498162,0.195279993294587,0.179330243952607,0.155478580112001,0.120037942744815,0.0873517969756742,0.0548224585077468,0.0153574397182163,36062.4745063911
"681",-0.141210170700353,-0.142485751605261,-0.144470107115069,-0.0636637835548033,-0.0289335016792416,-0.00281984372129403,0.0116789095430718,0.00543112379510869,0.949553324458974,0.950410470487811,0.960863121795557,0.945563643569941,0.953932185103908,0.959826998876703,0.974119006210906,0.994412715866386,0.230672088500159,0.201940977635865,0.17707033114906,0.154164767744202,0.123175739295236,0.0893284957840276,0.0534449237377551,0.0149607896391211,36062.1364582156
"682",-0.136881344976585,-0.118994080274724,-0.146038827513412,-0.0538428665770272,-0.0221256142704036,0.00536985063270081,0.00812772580049971,0.00582700638892796,0.952436424485859,0.94008515997968,0.958971852212294,0.941771405335929,0.954314254475946,0.95890311807586,0.975614635729235,0.994389721598883,0.228966403310916,0.193671064705813,0.172970573417827,0.161031047349237,0.118666266620007,0.0870960532308592,0.0540613694320642,0.0153862373948018,36048.855007554
"683",-0.18373405023449,-0.111644533382286,-0.143660027720888,-0.059485634610152,-0.0132314983411197,-0.0127178175421604,0.00763160243274888,0.00771248714830046,0.961546082241065,0.941821423016957,0.957910690725118,0.942705123585586,0.949557869692162,0.96320700017487,0.975218686616561,0.993644300978654,0.227929378401918,0.193918585779064,0.175032786639698,0.152709677710402,0.122860677009038,0.0838887874393001,0.0543473478200297,0.0154681251470707,36057.2045253404
"684",-0.170583160285998,-0.105182299284244,-0.175582758196287,-0.0681901465233632,-0.0154149946087527,-0.0144118954852293,0.0185544616355357,0.0089386901004097,0.958380486579583,0.936413317773393,0.970751596917426,0.946677218142745,0.95152517534466,0.964730234552095,0.971354912385378,0.992969052620325,0.226375675042527,0.194149013801543,0.173912682670851,0.154556736275125,0.119187821232711,0.0858364052109297,0.0531089342611852,0.015197231968048,36060.9200105643
"685",-0.186702893683228,-0.0756132345771375,-0.122961382149622,-0.0537114968091713,-0.0399515794853022,-0.0018405420367055,0.0116532837209978,0.00788185673571596,0.96606397097724,0.925472000496555,0.952879776837919,0.939302595011509,0.957865079765668,0.959153628955504,0.97365909783122,0.993641748243923,0.223456330912908,0.198222444320954,0.173348306359048,0.158829533492868,0.120280897078026,0.0872737680304232,0.0528597351671468,0.0151535150022277,36057.405924147
"686",-0.151463339284916,-0.121806381229035,-0.128234864724605,-0.0601488623349684,-0.0426493953024979,0.00201195739352524,0.0163783934922907,0.00648139794432713,0.953353725297777,0.942762114695337,0.9564266502465,0.943033758564168,0.958661091378981,0.958919466488816,0.972560301373561,0.994286898717955,0.233946220430608,0.199323460109789,0.179222359657757,0.15289935567346,0.119175597733919,0.085911178909779,0.0526825475084093,0.0153621759464115,36059.0128346216
"687",-0.14873743835376,-0.153110685014289,-0.149406229814981,-0.0780190637552102,-0.0433731513482757,-0.00511541813640905,0.0157612939575538,0.00455495142374255,0.95028602328697,0.955667729854886,0.960186847500633,0.950646592574066,0.96111251918777,0.96018096237935,0.971624098040571,0.99472425302225,0.224954477905793,0.20154426776656,0.173660546628383,0.156584022949314,0.121333332500949,0.0868305730538755,0.052599326287543,0.0150614986021171,36055.3765432327
"688",-0.141440151093683,-0.148577636778227,-0.129091167812422,-0.0487659454853104,-0.032955563804746,-0.0122657283096344,0.0187752698118364,0.00657177276846933,0.948698779745132,0.953802953986607,0.95444783057968,0.938026072725049,0.956803350606676,0.96279284485028,0.971866341294834,0.993868986314193,0.229935109774008,0.195473326976121,0.173951385158934,0.15754318130073,0.121299002183733,0.0858146688241266,0.0543438132732596,0.0154319240549507,36061.7469211574
"689",-0.156795247976727,-0.135955487942437,-0.127399599864044,-0.0806859092020298,-0.0402450434040943,-0.0116636965007063,0.0117244313654287,0.00606227670399888,0.953985507291613,0.948110697358175,0.954615217058982,0.949384686664019,0.959913240567538,0.963281195243974,0.973339027693734,0.99416166840798,0.226346243780998,0.192125538232977,0.175088950135741,0.156656847712876,0.122111124066316,0.0872601614525403,0.054159308214101,0.0148392359047521,36062.7507231623
"690",-0.212535924034469,-0.126216750129467,-0.136602792566238,-0.0679671645437822,-0.032900036738748,-0.0195405341900847,0.0111578044671906,0.00848224261662897,0.975380096606032,0.947309223529683,0.958050907382164,0.945255700071432,0.955549293461543,0.965292841187405,0.974323230568607,0.993329891541154,0.227700685035933,0.198938480799058,0.176232190510243,0.154819545356717,0.122332516308824,0.0863428036697334,0.0545183851977561,0.0152055350234665,36062.0715749983
"691",-0.167926734588119,-0.159111167285477,-0.160873884283284,-0.0715655401026892,-0.0564168143816777,-0.0128558416696043,0.00972902207682157,0.00731911565236181,0.959441647883836,0.954261227362778,0.966158542817206,0.947258776201064,0.965205700162184,0.963270370380795,0.974117203147743,0.99375925267899,0.231052996952904,0.201628674360219,0.173266539815322,0.156818634409551,0.122679142526198,0.087366978474817,0.0529766268783872,0.0149378200568999,36060.9174270383
"692",-0.183196896167344,-0.13332038744896,-0.171017485614063,-0.0333948299032609,-0.0329731828026328,-0.00903133943018031,0.0147288295882496,0.0108343748295167,0.964897361076325,0.946296428886109,0.969568868381393,0.935268359532537,0.955495549969281,0.962012397251824,0.972635388272729,0.992531225587707,0.236131983862333,0.191090136846376,0.178417164772107,0.156414768098567,0.119382529829157,0.0871347695651108,0.0536512584518539,0.0154927501621923,36057.6740431715
"693",-0.174081820462907,-0.1473999388567,-0.155283314902332,-0.0293072540332296,-0.0577427624566885,-0.00536450907441228,0.0126773266362624,0.0086868440021098,0.964595764631353,0.951226426691706,0.963538050230625,0.934545821225023,0.96495597855559,0.960790762061057,0.973263704080582,0.993337648304295,0.229670637481052,0.194484663381463,0.179843532293674,0.158590379322654,0.119005550964888,0.0874660173135284,0.0538523853621035,0.0152425834675956,36058.2010252125
"694",-0.158699203915939,-0.195617893993371,-0.150275940781669,-0.0558529551251804,-0.0516860533320176,-0.0230934737307104,0.0117970996458361,0.00778157822297913,0.955991127424769,0.969898610415708,0.962008830088178,0.943520355151746,0.961319873589234,0.967065140151602,0.974090505081859,0.99354146499223,0.23262925150378,0.197610148562244,0.175148656014077,0.152424113367577,0.120463625444709,0.0861840877927649,0.0554056487898631,0.0152422391929241,36056.1382283553
"695",-0.158607073093298,-0.154627854539016,-0.150375478263119,-0.0507796483435415,-0.0379836651028172,-0.0182664533878896,0.0226756381691944,0.00633196898605106,0.95598636139843,0.954057282239751,0.961020042450165,0.94193368812634,0.95801831008536,0.965614736376939,0.969673756603865,0.994211818698204,0.229888321545858,0.192737602153576,0.170530927189676,0.154077368033622,0.117559403439942,0.0873807773669292,0.0540985532308109,0.0154066461850348,36059.5351407907
"696",-0.185302750634847,-0.105739060064559,-0.159443275215853,-0.0675584065783219,-0.0366047242753751,-0.0237449386221981,0.0137463092598684,0.00689136729644844,0.964306381949486,0.939750312169704,0.964198692716025,0.947987795293892,0.956468367530257,0.96776001729293,0.97334233400897,0.993884651639682,0.224982330625273,0.198486649560083,0.179889352884159,0.153061591358493,0.119621528777247,0.0877734001222068,0.0535775844039539,0.0149281489914906,36060.1875061878
"697",-0.158293855117989,-0.147388850893132,-0.167044425045942,-0.0777569992168785,-0.0351132871463601,0.0109027517293594,0.0085550174874719,0.00866668284782845,0.956065386218206,0.952467085098736,0.967712928020162,0.950924383494104,0.957694421326135,0.955448473635534,0.974462290187229,0.993119901148764,0.231350112634277,0.195064035833834,0.174206050481031,0.153202572942624,0.121414927438998,0.0868300984656937,0.0537642558503809,0.0152841058643785,36061.464009014
"698",-0.177815392305329,-0.166984260926753,-0.157136927253214,-0.077467876191616,-0.0149759407892475,-0.00743813257579106,0.0185549158400434,0.00428105486674532,0.961967032331761,0.95967016221881,0.964535317632008,0.948700223027432,0.948865427290176,0.962417784308936,0.971622266605755,0.994633359412795,0.226782533385529,0.194066498713758,0.174355148145344,0.155891075769529,0.119677494626758,0.0880707698866419,0.0542419287457344,0.0152420371035198,36059.0953105824
"699",-0.17990450750843,-0.108547755828571,-0.127188196524305,-0.049232993773747,-0.0354595689519753,0.00685769617714539,0.0202291749373003,0.00788652784394508,0.961593607397608,0.938433675478818,0.955081956858993,0.938914274336127,0.95651551181623,0.956536193232459,0.970318142841078,0.993622004075251,0.224290130392964,0.199649458466573,0.175365522798419,0.155343628786536,0.122593910822569,0.0872880123081982,0.0541053854054424,0.0152384959469592,36062.7115024405
"700",-0.142549836002642,-0.124085801057461,-0.162288232629994,-0.079198356631389,-0.0316484487813145,-0.00107423401780076,0.0211705799760378,0.00719937428646843,0.952809902489199,0.94230247801182,0.967494318727504,0.951763525685057,0.956965867133593,0.958965042071956,0.97080150120924,0.993648304758979,0.223969668726668,0.198556645844898,0.174719933100597,0.159127465839737,0.118825479817243,0.0843214614477921,0.0544165422035944,0.015588264416836,36054.8074242316
"701",-0.151775227143115,-0.138248491278981,-0.144623118214569,-0.0728500021656537,-0.0448009160466412,-0.00648894178944589,0.0126692121901132,0.00816422166514697,0.954972848968517,0.947829191978264,0.960926901283176,0.945537558898627,0.959633664381831,0.96165026163289,0.973713618888816,0.993501896036236,0.224996044881987,0.196515984879022,0.177120838337524,0.154995793018654,0.117141376021708,0.0852967930965686,0.0538349376829559,0.0152509597989135,36062.1998265186
"702",-0.138451331980776,-0.189431747606426,-0.16141676932481,-0.0586387463094726,-0.0107536251626048,-0.0178849459950275,0.00751604972795704,0.00864137797412662,0.951408979395577,0.966062038048662,0.966178575895021,0.94386327416106,0.948440761452855,0.966282598373218,0.975432475777204,0.993269909976791,0.229498071231967,0.192824984698999,0.175220450336223,0.156216644992953,0.121273743298773,0.0844920744869149,0.053499755138542,0.0151147675104917,36056.8933948292
"703",-0.177157615788358,-0.0695232108134158,-0.161271344135436,-0.0715426684645749,-0.0374944125819211,-0.0192404419608873,0.00998460397974126,0.00760688923026354,0.963197083088857,0.924609060579612,0.966871654810947,0.947545659511018,0.957200242872896,0.966078714533118,0.974316183233771,0.993621749048221,0.224591218454631,0.199963054646676,0.176926936259479,0.154968435061729,0.118974846076152,0.085845708693867,0.0538053986264755,0.0155263502250987,36061.4077879521
"704",-0.129452687447198,-0.139857332420621,-0.153379663997552,-0.06509020215939,-0.0372807520409473,-0.00936278255030901,0.0116537792125574,0.00757088306563987,0.945805939955691,0.951041993576033,0.963278221584464,0.944518148513988,0.957860933724281,0.961879536222494,0.974103349826673,0.9937603696458,0.230383749324238,0.19250373022928,0.177814203313842,0.154087790258403,0.121113091454674,0.0869951923942644,0.0539870327801196,0.0150770766976993,36066.0999026314
"705",-0.150139228496344,-0.110347885115456,-0.153876471993057,-0.0358160031988514,-0.0596768545948686,-0.00716984631887439,0.0102633725132425,0.00511120583011281,0.954199278715866,0.938718413586453,0.9623538698303,0.934412674564903,0.966176469566472,0.961808586520544,0.974667437713033,0.994614356180974,0.225124471665181,0.197856379671791,0.176181971122121,0.15767191867425,0.119207513289527,0.0861963664663218,0.0542500076761379,0.014971717585732,36061.4859871472
"706",-0.216036507498653,-0.121591737192384,-0.137787072051006,-0.101533179081505,-0.0319744773803501,-0.00458307974147289,0.00753524194789697,0.0048560628322512,0.973714091286186,0.944868072787981,0.958214267954214,0.957529328054755,0.956356686499422,0.960479267961792,0.9751624014128,0.994680178919869,0.234524944906914,0.198627687600075,0.173417926079419,0.150293257262532,0.119227217528092,0.0884027814535976,0.0525873478848339,0.0152166236714655,36054.0687729035
"707",-0.206079807316856,-0.132451317267422,-0.192391014833969,-0.0589923615350163,-0.0279279735203711,-0.0144974427824145,0.0117881703645858,0.00634991932568864,0.972427258063764,0.9482629378636,0.978014376767573,0.942829503358997,0.954612568444674,0.963447553696684,0.973694599584726,0.99425058712024,0.229020000584177,0.196128724502242,0.179509379118676,0.154132468968294,0.119390854182591,0.086836666500191,0.0536308785677967,0.0152701033643917,36062.2601931243
"708",-0.166455379751425,-0.128910454530489,-0.148009557606215,-0.0565658881988502,-0.0174874700501378,-0.0153009568054238,0.0234003940879557,0.00739717338530024,0.961734879948448,0.945562541831189,0.962314966733242,0.942912789748877,0.951222215941127,0.963772929555772,0.969667957342785,0.993786793019111,0.230551749357476,0.195305142480345,0.177381633808265,0.153084213323858,0.120098396808878,0.0868388393077877,0.0534107021703235,0.0151407621168003,36062.9260977546
"709",-0.152885263445752,-0.116911169566481,-0.155568658815888,-0.070674875698559,-0.0423086535842063,-0.0148300220825313,0.0139600935916451,0.00769173374701069,0.953527950661486,0.940645092881958,0.96447348964623,0.946903498130163,0.960880068194594,0.964296376738994,0.972615483428203,0.993565589557039,0.21962650543367,0.196173354287739,0.181413014898801,0.155544018570768,0.122711369602139,0.0866134565782412,0.0545018844723939,0.0151122902970383,36061.2756498468
"710",-0.153782652178249,-0.168026648773839,-0.173312949728584,-0.0404868711871092,-0.0302711907138316,-0.0109170475178299,0.0124953367774873,0.00717202037712401,0.952586525977379,0.957743848137682,0.970758648495807,0.936040257485545,0.9547133431556,0.962496365077638,0.973425530332287,0.993716178750654,0.228488206049644,0.20135227509027,0.173340881344437,0.151678634007307,0.123678315305308,0.0874637679082941,0.0536017734302034,0.0155248647791451,36060.6787034909
"711",-0.132955738013495,-0.131309075656806,-0.137902269043551,-0.0615294429200825,-0.0374127171046702,-0.00151170233193504,0.00561688349873703,0.00892990207169125,0.946659078662053,0.946656804988804,0.95547706755632,0.942454667973916,0.957679706546687,0.95926660217833,0.975915729602209,0.993107402094582,0.227600760647792,0.196074069653661,0.174132441559784,0.155263259839472,0.118931139218393,0.0851873782787771,0.0554715039168626,0.014924676810411,36058.1634279171
"712",-0.182974243797005,-0.145639173883516,-0.184135007646207,-0.0508642128153221,-0.0440649307372209,-0.00547400692522461,0.0152402490840249,0.00718914343297812,0.962608905070304,0.951727908261605,0.974318591242218,0.94114273642293,0.958692209747374,0.962081278008629,0.973102597636169,0.993524027659717,0.226802125972302,0.193454506051204,0.178731004497671,0.153662978804646,0.12035070340159,0.0908148096603236,0.0521936395676416,0.0152122051874698,36053.3828559242
"713",-0.13527853519648,-0.10301752286823,-0.135999058534564,-0.0758166453618831,-0.0321767147130688,-0.0224614783564786,0.00805816276110216,0.00672014099894207,0.947156623611938,0.935275089017702,0.958391992162499,0.94777485672635,0.956242283028087,0.967757091797588,0.975493699193364,0.993844581272201,0.230561735112173,0.20087174507847,0.179547916851457,0.152577220894869,0.122964952159675,0.0864925664721146,0.052716249892307,0.0152346249293054,36059.4776253848
"714",-0.176900106829361,-0.148560807002222,-0.146988706143097,-0.0626055815027887,-0.0418755898600569,-0.0232893382373817,0.0125888032309041,0.00749710507674428,0.959087492730701,0.951970288861636,0.961350211252857,0.945227423933027,0.961255031609767,0.968021253222881,0.973124038581015,0.993499285937281,0.223748172657127,0.195600495594979,0.175750673943597,0.156737720081245,0.120244669914114,0.0874540321302743,0.0543181726478029,0.0152212988424178,36061.039322539
"715",-0.15803974367847,-0.0952563833547742,-0.138991915211394,-0.073040318220249,-0.0457796771251855,-0.010285417397331,0.0137845940947566,0.00855138676463834,0.955636911837415,0.934171996355063,0.956185771391787,0.94866680296235,0.96114869268982,0.962081225482416,0.973192753464846,0.993474443881283,0.227801768463684,0.197152064320953,0.173145493002006,0.155264035319014,0.122318806227288,0.0863695766354284,0.0545118488276838,0.0154073429851337,36062.6270708109
"716",-0.1863628337003,-0.103311230206343,-0.142601757488695,-0.0555815570156222,-0.039677439917264,-0.0119549580618039,0.0161612227613953,0.00789820156948599,0.963439297033427,0.936119616825625,0.960167396598275,0.943117234109272,0.958220240528523,0.963126780583076,0.971813808160641,0.993463926188785,0.232363267822389,0.191898964462252,0.175763684529859,0.151440544792792,0.118539827815255,0.0877530920898234,0.0525045247037735,0.0155306496449827,36060.0446576911
"717",-0.167643384260169,-0.117968859404177,-0.143961199716782,-0.0439326501849301,-0.041827946823291,-0.0058313456100088,0.00428042404744639,0.0079299178386307,0.958032269989761,0.943316734195935,0.959688340208999,0.937518850904278,0.96079001397276,0.960990537166847,0.976752197475473,0.993590747743432,0.231693425574986,0.19626642189267,0.174353360191124,0.155658020323208,0.119077270976181,0.0883437903110943,0.0529894683627523,0.015082692567654,36063.1885381979
"718",-0.170147552814574,-0.0745134970189645,-0.128171572704092,-0.0625500672285597,-0.0462769276836265,-0.0227010216825109,0.012294406417468,0.00838199637435723,0.958438912304948,0.923078090620886,0.953985244860505,0.945326021735833,0.961907736167705,0.967366820255804,0.973501631413206,0.993218259660464,0.226105454630353,0.196411954998756,0.176017032887628,0.157611457036389,0.119558998035986,0.0899189319469705,0.054159083100899,0.0151888261686302,36054.6347068327
"719",-0.149764644388983,-0.130597423740124,-0.130520116444195,-0.0557355024229376,-0.0492458907048498,0.000991111190324921,0.0172666443459007,0.0075529053823618,0.953250915258554,0.945720857141044,0.957382440244262,0.940279686100677,0.96139425072348,0.95815346882268,0.971751319083767,0.993739558340838,0.227006918059598,0.197475887150035,0.176911805037141,0.151186514448299,0.120785331754482,0.0850337540427093,0.0540592545600242,0.0152028972635884,36062.2705999445
"720",-0.15773998796015,-0.148233276760717,-0.105589528029748,-0.0610388758987966,-0.0353750312912488,-0.0208821844543378,0.0114923998578014,0.00690751361156234,0.955848898889108,0.951946402381319,0.949277677475548,0.945952033574823,0.95885990728961,0.966938217140687,0.974169027342056,0.994018131390577,0.226252560232251,0.19675065998832,0.179081272937467,0.155253388209491,0.12314956337492,0.0866035375613215,0.0533973018042044,0.0151641717102552,36059.362785911
"721",-0.178408921012015,-0.123222790884542,-0.146516096440869,-0.0658994017403635,-0.0339787827642645,-0.000634398776587261,0.00665603037734373,0.00875182685649111,0.959732619674867,0.94066246481099,0.960903796468186,0.944695388363619,0.95520164453865,0.957820712283862,0.975996307168999,0.993225563403112,0.232776024502846,0.195780909785344,0.174635776495506,0.150656082618436,0.121319365279111,0.0879868497723984,0.0540427354047865,0.0150933291657853,36057.1785843038
"722",-0.171356594020191,-0.111482660346734,-0.182273149537925,-0.0443828268963063,-0.0454820949650924,-0.0240689966360302,0.022970926417584,0.00715139108068879,0.959193089741678,0.939374956514133,0.973347306915912,0.938487700122922,0.960709116183968,0.966114363667169,0.970716591494487,0.993731644248815,0.229182076790806,0.201103917682038,0.174304852038074,0.152948946086663,0.120972260009787,0.0875577722444067,0.0553623406157169,0.0150826017355752,36055.5137244576
"723",-0.144096239994325,-0.0812667636183508,-0.135060354442081,-0.0374591007674654,-0.0282131938448138,-0.00928413269243175,0.0134168426089199,0.00685272264095065,0.953318806382385,0.928338528174479,0.959367719056064,0.935549400389109,0.954204697023798,0.962949485210178,0.973977543080258,0.993978562455321,0.234176682676642,0.196824512994606,0.174775027151254,0.150495417673521,0.123439351156703,0.0861038135184132,0.0534659868772641,0.0152713069525007,36056.3258500304
"724",-0.135616591323233,-0.0986693580504269,-0.138536300772697,-0.0340254591307514,-0.0318884967294375,-0.0197648415092346,0.0135415010206927,0.00992965752890803,0.95194503896255,0.934988933326349,0.957608208543076,0.936325431116716,0.956237421013226,0.967514727898902,0.97379163754186,0.992779591792273,0.225814918861734,0.195716457099583,0.171239359832358,0.152659430206025,0.116256691438798,0.0867010820116442,0.0544737800517436,0.0154626516000123,36049.2488685232
"725",-0.154045522625479,-0.142602696840409,-0.158031898276554,-0.0285123055660666,-0.0245099542461174,-0.0037757169878772,0.012856266441841,0.00826269057143427,0.951977141697769,0.949643646513362,0.965554113488757,0.932957706240008,0.953746259583232,0.961460631214775,0.973162977370437,0.993222641421066,0.230732371481102,0.194844707968383,0.176308622782428,0.156474452238935,0.125178249277341,0.08777249458288,0.0542209018827228,0.0153569842950589,36059.9040064503
"726",-0.140802928970571,-0.156212161096008,-0.141210991463235,-0.0649791342147766,-0.0648612469898194,-0.0118373304425839,0.00976840605853472,0.00492108968973196,0.950298098874602,0.955980295299322,0.960141507228289,0.946189748251656,0.967386839820417,0.964019685329166,0.975346728694166,0.994769860468992,0.223314828967374,0.195497144261899,0.177285121679915,0.155680060166247,0.121022518720701,0.0899961991419474,0.0532715686387907,0.0153095753520696,36057.2281134098
"727",-0.143580601544909,-0.0981391608856518,-0.148313348323825,-0.0630089315229529,-0.0293716076518514,-0.0053471456539107,0.00902067258686227,0.004713111039909,0.951896574159003,0.935563060899756,0.963434679485416,0.943829769813249,0.956138054560899,0.960378562561278,0.974645553519187,0.994739985959123,0.221798488620384,0.198940974610941,0.176680978710364,0.157325461096188,0.123245305989564,0.0874037544811364,0.0528775224878065,0.0154591826816439,36059.9993596568
"728",-0.190610792604671,-0.154859024493518,-0.128715134432507,-0.0597630344181962,-0.0533444485539252,-0.0106373750994218,0.00973128472345017,0.00693055473529851,0.964660979853116,0.952639450031952,0.957705681732171,0.944170725800659,0.962641345289538,0.962969134812086,0.975096879369745,0.993901274547557,0.226127988942692,0.199137451570791,0.172847489950699,0.154146717189955,0.123862552623658,0.0878854262465395,0.0535224916167516,0.01535556477496,36060.3194752192
"729",-0.16723062446215,-0.105168563556784,-0.162136965492378,-0.052362054476991,-0.0479418491148022,0.000614932361320535,0.00413032578912203,0.00758256384026139,0.955868310956629,0.937981227421152,0.965299308071064,0.939714422887704,0.962491390730232,0.95931951443622,0.976394025847557,0.99377926707146,0.231822090939987,0.200857755187225,0.1816333200168,0.157211366544272,0.120539032396236,0.0852375910687578,0.0539147735539764,0.0155983132570127,36055.906659144
"730",-0.159593081962492,-0.166233528459856,-0.175087646271896,-0.0564041051494858,-0.0306601661596726,-0.0137510217470348,0.00921947145659716,0.00934887515284286,0.954706349106667,0.958857718815333,0.968911964706071,0.941877581117013,0.955223475193392,0.963461531230423,0.974304576744497,0.99297116113961,0.225617718007318,0.194741290217088,0.176081932020869,0.156785201823486,0.118845391948135,0.0859119683095616,0.0528227127888872,0.015418041630858,36061.0826516775
"731",-0.17011239232996,-0.121298523406254,-0.159085698304362,-0.0698402459603003,-0.0526638591585193,-0.0119180528037238,0.00920082574608338,0.00506447880789726,0.956677918352575,0.944076105830215,0.963316648231701,0.945744096273313,0.963934519608735,0.964337537975355,0.974825605456365,0.994585812053104,0.235768771541075,0.200755757179078,0.177217190944736,0.156067152221566,0.121596416996891,0.0867743684350549,0.0534255403190206,0.0151347861448622,36058.2080710923
"732",-0.164385560608344,-0.124701030505383,-0.138364773886458,-0.0625717577428358,-0.04943539833617,0.00463399627243495,0.0139550319806918,0.00858533093936408,0.957081962383836,0.943377094821018,0.961039241043836,0.943772765199321,0.963423880151677,0.956638621333436,0.97343130435844,0.993283264809895,0.228295218313818,0.194389471103601,0.181468952250023,0.156858020669709,0.118404560872693,0.0879159503971877,0.0551450134281768,0.0153340742338574,36058.0543428547
"733",-0.175754637206204,-0.139649305724931,-0.15766441001289,-0.0631432930813122,-0.0354284694965799,-0.00570407671650138,0.00627099913726615,0.00892708280043141,0.959505055496129,0.950566547869977,0.964306527764129,0.945662889981025,0.956658352158897,0.961474046243887,0.97695360245682,0.993186241050832,0.234855220867676,0.198652881278361,0.179038034665406,0.155335510157823,0.12190723223433,0.0850942352427218,0.0537386859573571,0.0153848057744685,36058.4178878021
"734",-0.169097909627982,-0.139387176933521,-0.142286463451517,-0.0613138559381669,-0.0238422251146538,-0.0116407218050734,0.0184690951852376,0.00846883182307554,0.958458393049319,0.950204438934269,0.958273022358551,0.943460745414774,0.951702213361263,0.964236871186954,0.971317473964186,0.993240688183075,0.228410250096267,0.197624687101395,0.180728245831334,0.155069322324091,0.121331031539631,0.0870008864946335,0.055758351537507,0.0153511817387117,36059.9838753152
"735",-0.221122433619289,-0.131146027559141,-0.143144825571052,-0.05932869799329,-0.04276884698502,-0.0149181534702792,0.0208093003305579,0.00713342772893621,0.976896722560641,0.944340067308081,0.959387878531286,0.941046288793998,0.958448705177933,0.964610253214616,0.970069382553637,0.993877340308808,0.224596611360603,0.195307467239436,0.178379261386909,0.157975393769047,0.124091925006216,0.0847169134021158,0.0542753868513038,0.0152015337371967,36056.203689567
"736",-0.167749425187332,-0.126457596947412,-0.167236238454206,-0.0609052185739674,-0.0388999699254265,-0.010531661509373,0.00547745633509172,0.0084296399505498,0.958923169484937,0.944010619599081,0.967440082089935,0.94303863052452,0.959945785002562,0.963048085044168,0.97574577221008,0.993598573738428,0.228858890952604,0.194614938258028,0.180272191174601,0.152910115770181,0.122310736798527,0.0875192323599129,0.053741990825433,0.0153603860992052,36061.4783253813
"737",-0.173803736520743,-0.112844680608771,-0.126311602685592,-0.0471137485640319,-0.022491000154097,-0.0234753202345377,0.0117376629501786,0.0088066749604393,0.961468429963157,0.941308861156143,0.95204994655646,0.939428190327498,0.95308050734517,0.966623991998023,0.973240739702799,0.993300417035732,0.229370824052002,0.19923833660614,0.175188359716118,0.155877741667202,0.123608559912403,0.0874365791675359,0.0540565397974702,0.0153235985811003,36059.6471333165
"738",-0.169230013123464,-0.133274695365816,-0.164959587572368,-0.0403291051939287,-0.0292982373571107,-0.0245132334458035,0.00814507337490918,0.00875425105481475,0.960887408129343,0.946720122431774,0.968484080494728,0.936020655479425,0.955675945486296,0.966190153970565,0.975587010364958,0.993387564160632,0.225760707300914,0.200466104316081,0.17719122158785,0.156232696561001,0.123384339104243,0.0886419543975866,0.0531065779289105,0.0156949002944356,36055.6897416455
"739",-0.200820350717601,-0.131031777625359,-0.142212752175626,-0.060003274162148,-0.0452248876298047,-0.0137360080607118,0.01524238843312,0.00598179438542875,0.972792058678069,0.943787413082135,0.959166274271041,0.942150650334761,0.959132712656164,0.964272383142569,0.972826013050252,0.994388396230043,0.224134549787224,0.192626191627176,0.173669398034399,0.156939103820697,0.123181563598532,0.0881034032821758,0.052740705179547,0.0146427070514797,36053.8258409837
"740",-0.148495269131731,-0.158970218482039,-0.165617957372992,-0.061342705738123,-0.0269863522108585,-0.00305602801784279,0.0100815830255426,0.00741012865673871,0.952427721795433,0.955349076303828,0.96951227254233,0.944942118767319,0.955163908037828,0.960980201085741,0.974389807717893,0.993850025660421,0.23421048110055,0.196023884676375,0.17391066829869,0.151621767421322,0.121520543770848,0.0837469427353409,0.0527216887228961,0.0152502799600835,36057.0331481681
"741",-0.151132170481375,-0.154995918667477,-0.126672367870871,-0.0482528624491062,-0.0231201850976586,0.000758214992780209,0.00595337497615086,0.00561107718173199,0.954201176358244,0.954043447484635,0.954773189657302,0.93966342198804,0.954071636858433,0.958891065387458,0.975530746499031,0.99437409275949,0.227168702809589,0.200091205972768,0.174751481471675,0.153426636212948,0.117825444058064,0.0870328122870618,0.0528369323449214,0.0150185538541423,36060.0686378251
"742",-0.17149446651931,-0.119053447794115,-0.16354125846473,-0.0267114660512032,-0.0582043748021054,-0.00751164558460797,0.0205411805297094,0.00624511798842969,0.961839625223169,0.940898589211187,0.967279073896061,0.931390019223619,0.965592110911322,0.9621125822155,0.971689808459149,0.994275103610089,0.225856536719104,0.199057961229676,0.176891251991202,0.149136275289446,0.122010419247983,0.0867725588472105,0.0541662164415697,0.0152188408819548,36055.5552730048
"743",-0.175440142908965,-0.139292603985969,-0.177786749657213,-0.0420118689627463,-0.0318038825418574,-0.0122936103387509,0.0188358759340792,0.00666888347442798,0.961512118429593,0.949118580854646,0.97084421723597,0.938457110708433,0.955463737668157,0.964344243425109,0.971697934770734,0.994190707826453,0.231870682205449,0.191375472461782,0.173151429732825,0.154927098166351,0.122261150859852,0.0896519133711974,0.0534384508226587,0.0152646314400267,36059.3353811363
"744",-0.15099880673235,-0.130501206807799,-0.138997228640078,-0.0647915573110328,-0.0442388363792674,-0.0105352418542463,0.0167777721297403,0.00736553591899968,0.951951642781791,0.947157417377684,0.959653344218402,0.944668400443574,0.960702385173256,0.963921330947255,0.972484091662425,0.993705309716843,0.225373798077864,0.19689923323508,0.180031345670156,0.152501345360636,0.120546952991109,0.0897529841127346,0.0557862569537894,0.0150791043146941,36059.3222983769
"745",-0.140527320583994,-0.0963559187144793,-0.198686736817678,-0.0800676680143375,-0.0206094115621581,-0.0185314647978751,0.0138487373046842,0.00656545097439019,0.947251969576645,0.936453419392768,0.979718488261333,0.950971717877613,0.950576585926411,0.966458986514608,0.972933795832328,0.9940859781789,0.227232287637543,0.194727449719747,0.177979051306506,0.157928668170678,0.119658512634309,0.0882358955330578,0.0532130903788242,0.0153593794497196,36056.64342674
"746",-0.143185797675114,-0.101888115241552,-0.164535450010958,-0.0497681173746265,-0.041912457937433,0.00664504588333305,0.0182924081904069,0.00655958422086061,0.951205214779994,0.937360900759055,0.966232758135888,0.94105681445119,0.959534239443821,0.956926847045434,0.970540838403962,0.994020417187151,0.228511815234011,0.188597837455182,0.173996702611174,0.154036768974897,0.120716744017007,0.0877534700858051,0.0545229666571826,0.015450360511017,36056.9504952572
"747",-0.158048399017485,-0.155122464281769,-0.131576774274431,-0.069616114301518,-0.0303327939658492,-0.0077474352320657,0.000320224368478001,0.00458886195117041,0.954508620090828,0.954042015998369,0.958151632873011,0.9472815647318,0.955532655345163,0.962415591922185,0.977345852112788,0.994570748015689,0.227236058902546,0.194752198789752,0.172488118952159,0.150166789163698,0.124437580407933,0.0852138395597064,0.0532656774385469,0.0154765890453862,36052.4991383587
"748",-0.140650240371611,-0.145809683255783,-0.133650328854217,-0.0345883532749787,-0.0226981068807996,-0.00940256107105773,0.0126149389805979,0.00904050947025288,0.948371925750921,0.950816398112249,0.956115126622008,0.934883041955907,0.952743810206921,0.96381426536211,0.973215622268964,0.993406150421261,0.229902307167728,0.198871048621646,0.17150453186549,0.153602810081212,0.123042147202246,0.0848999162479523,0.0541770523977677,0.015082038537094,36055.337150025
"749",-0.171867595791125,-0.118048007646959,-0.14323602894408,-0.0631489127504099,-0.0490592919462359,-0.00994983090184947,0.0246042420268374,0.00764715222953647,0.958600286020966,0.942403370285585,0.959997041613005,0.943790098425012,0.960385197939634,0.962069949861516,0.96977243199592,0.993637494794065,0.234371413031658,0.19667235882305,0.172142844438705,0.155153276328421,0.121164706707235,0.0866778210172092,0.0533624522175185,0.0153221169638813,36060.9933888189
"750",-0.203461124742991,-0.124410750724335,-0.152774450986729,-0.0563989673280848,-0.0476570747142113,-0.0122294159796383,0.0192088279692963,0.00822904647936341,0.969511723835281,0.94262100856485,0.965146501284194,0.94278733701096,0.962096289445412,0.964067539200343,0.971756138465244,0.993263220070946,0.228034055024699,0.195551535391916,0.175721797951296,0.158600250717784,0.121478298131062,0.0848848808012607,0.0539060385627243,0.0149561509490852,36060.1230090361
"751",-0.135934564339706,-0.148374970251421,-0.136909291037347,-0.0560593782489224,-0.0410190930183522,0.0061311528890959,0.0240567942618595,0.00599259376648099,0.947560595966304,0.952990647342751,0.956233181734272,0.940146663462404,0.95786044300134,0.957232832095183,0.969145664005773,0.994323237224412,0.229756178682561,0.197750809846167,0.170711534400216,0.156290289286082,0.122094270527238,0.0857875109953266,0.0535761222741749,0.0152369873677249,36057.2393615134
"752",-0.139109936143483,-0.156535131458172,-0.144960825257172,-0.0587222050448587,-0.0597464299589639,-0.0107484980671665,0.0180115695236362,0.00933104138118255,0.948110909855225,0.955290008470493,0.961309849386027,0.942391390321404,0.965362845598353,0.962234059163757,0.971837785957945,0.993124154843425,0.231307648559569,0.200452191641951,0.174943351242355,0.155793259640613,0.120587907579108,0.0865385681143619,0.054295784039114,0.0150374484272207,36062.0746873128
"753",-0.182126320789739,-0.121923519014404,-0.15841816088245,-0.0969383570353966,-0.053956387279134,-0.0088094363866782,0.0132134347706782,0.00900504012586202,0.962256312812469,0.942792792345821,0.965001504053655,0.95556060915273,0.965050439292137,0.962359456092388,0.972946076161508,0.993172075503681,0.233490823003055,0.197716208558468,0.178657968751055,0.157849482849093,0.125509204378164,0.086492616689867,0.0540729306411906,0.0153306795361751,36057.4212274129
"754",-0.167769664618006,-0.121326907296823,-0.14693307427316,-0.0371060476929257,-0.0441300492066735,-0.00657906217606319,0.0117715905926683,0.00530590913507198,0.960328660824861,0.941181964797723,0.96076358916014,0.934798896728047,0.960424790199481,0.961466451059212,0.974496560023686,0.994732100698218,0.224505879513992,0.195073838646919,0.17678415789004,0.153901424242589,0.1178064582413,0.0892015100362843,0.0540193552060357,0.0151501036518963,36059.8357588868
"755",-0.1756747560269,-0.126174235254604,-0.149100263143284,-0.0581730600331603,-0.0218035026787652,0.00817657064321494,0.0139423043797414,0.0062757536226223,0.958568589971098,0.944241406871806,0.961780002064056,0.943218437226013,0.950923328892527,0.957132452708713,0.973133761995342,0.994326985007391,0.224990523048984,0.197201153328963,0.172439677475677,0.155955196140399,0.11979006570772,0.0882132071441845,0.0531031792673656,0.0150360354544307,36059.3103359777
"756",-0.179166717259441,-0.0938928678577359,-0.13441846294549,-0.0447281517068691,-0.0400721056185755,-0.000441544699952113,0.0166272482527235,0.00793216327473384,0.962196395070782,0.933201319202668,0.955610344243052,0.937540440829996,0.959698961574718,0.958529403368185,0.971821431341671,0.993580964435227,0.226136684993931,0.19353938708376,0.177398891800852,0.153823243550393,0.12242646156462,0.0859858326498496,0.0547086427574307,0.0155742423236521,36061.6817823423
"757",-0.1947845568756,-0.141002568603869,-0.139156030836552,-0.0592334314300937,-0.0344523803425608,-0.0156367109848329,-0.00478449603839952,0.00832355730887341,0.965556103369332,0.950062223433648,0.95967104799328,0.943666016066862,0.956535648535035,0.964167570719703,0.979532795122513,0.993413253985068,0.234369049912576,0.197593578614331,0.172711667559774,0.153275155081985,0.122205089544467,0.0864895293413952,0.0537606037624777,0.0153650867197241,36057.8954156527
"758",-0.186343566816997,-0.144657613080698,-0.17709486138064,-0.0636391225651864,-0.0447877266284425,-0.0147053834664864,0.0185227390089871,0.00797221775404838,0.964729717988306,0.953458203801713,0.972239972658312,0.945659113629395,0.959555762600206,0.964751554774496,0.97209111545395,0.993524894278134,0.226327133532496,0.197389785407723,0.173744990293087,0.151826454102897,0.123459949934464,0.0848288618855843,0.0526935421130416,0.0151627730457939,36058.1670970572
"759",-0.0978102585283562,-0.13811264249537,-0.175375715535699,-0.0751516730229429,-0.0363413089154914,-0.0127679314232499,0.0118983925811797,0.00625524236245536,0.932764300056075,0.947269312601797,0.972666317331483,0.949779351415754,0.958352758142948,0.964893303139554,0.974431613323124,0.994171907026397,0.225528567427457,0.193729088281782,0.176326449703058,0.153719490833044,0.123831601886481,0.0876113024252975,0.0534655191023346,0.0148148141992798,36054.9439249523
"760",-0.167014869712742,-0.116348710296375,-0.158409167679346,-0.0413450612756857,-0.0267255758807932,-0.00116816110921471,0.0125883905900665,0.0080284985565838,0.958418648665877,0.939525206879875,0.966172725684545,0.935489443970303,0.953582198146227,0.959955539668253,0.973476325567206,0.993411234407234,0.237568282546459,0.193909987890168,0.175351809076024,0.158212192044795,0.123382412080284,0.0878072618677984,0.0530022974151452,0.0154269330995023,36059.008547612
"761",-0.153428119379021,-0.144427119386771,-0.134192745039254,-0.0702950593020431,-0.0273601195590621,-0.00167899409906407,0.0137118356200324,0.00727174525329417,0.956104066092491,0.95235369630405,0.956007291174066,0.948877401995499,0.95393959372058,0.959731027533769,0.973060995626682,0.993686191837517,0.226750295972024,0.194982813501197,0.176888394099682,0.155661459195449,0.120568084619313,0.0853530839672163,0.0530221244092025,0.0152363965572402,36063.6590137659
"762",-0.174856329769063,-0.0841230083271084,-0.182032628764723,-0.0797113182298799,-0.0352969054505888,-0.0168089050717605,0.0246841572818925,0.00615184994892342,0.961719837427981,0.930132266233456,0.974529411005118,0.951104312531661,0.957771993691287,0.964100516952232,0.969752464578237,0.994096733344651,0.232360695431416,0.200740354749846,0.171321143068652,0.157667734501365,0.121132618973183,0.0875468795691792,0.0531969209841632,0.0154639261251941,36054.9111326519
"763",-0.115327778137384,-0.138100824270762,-0.151520898108677,-0.0595208600627212,-0.05242791844581,-0.00683665785456712,0.0152004504282412,0.0071625824059045,0.94288403349633,0.948274146916849,0.963371454104282,0.942552966479227,0.961889461056775,0.962560579335187,0.972386229772416,0.993765861140686,0.228130819276507,0.193547009193725,0.175808078420426,0.153534208047778,0.115788203486627,0.0875896529647929,0.0534050299236637,0.0151984546813432,36058.5652936696
"764",-0.217176993121044,-0.111542150807807,-0.167008808729544,-0.0445797906119797,-0.0601943773190241,-0.00530000762587062,0.0209320275928016,0.00749250641458546,0.971584113530398,0.93755556023939,0.967764849444603,0.940288885808044,0.966104487971953,0.960413487018312,0.97092774864204,0.993827379037414,0.229999485586279,0.195449377960471,0.178941671153458,0.152505178196675,0.118939788233797,0.0856789028518426,0.0537090519006167,0.0151050409407131,36054.07701877
"765",-0.173356685878429,-0.146748516998409,-0.168756396396728,-0.0577347394396886,-0.0366942438869082,0.000407875917572053,0.0103694003884488,0.0083378673539911,0.962463208270251,0.951214791255446,0.967243221967997,0.942921763523367,0.957475281610467,0.960110350963429,0.975081162582648,0.993464760941409,0.229670515214761,0.193972743202459,0.180209194209761,0.153791904776334,0.119341272897831,0.0857093743774021,0.0541373075931331,0.0149773587296242,36060.464018574
"766",-0.130175844469584,-0.159406274532399,-0.159244670481395,-0.0993194114616514,-0.0468488345477477,-0.00815041997509847,0.0245442087104174,0.00545348099314732,0.946939552575693,0.955698474266606,0.965450878248137,0.955588694403451,0.960664306707459,0.961805781261752,0.968997825417001,0.994367077514806,0.232782434653235,0.197224766321024,0.175937289060663,0.157112640456484,0.124680196582732,0.0862270085819636,0.053584183752172,0.0152034138407728,36057.2934027035
"767",-0.212174631987702,-0.134606215609106,-0.166750013872639,-0.0589698938245443,-0.0153441826185588,-0.00241506845110275,0.0114175258743963,0.0092876174877654,0.973879833002452,0.94747334826169,0.968279626036157,0.943546289944929,0.949264891902738,0.959622859670725,0.973733075588227,0.992919758983275,0.234728846171324,0.193769050823932,0.171870134514707,0.154380283893752,0.120902822694314,0.0885666856656031,0.054000610360181,0.0152105008913378,36060.0603661157
"768",-0.157501714345739,-0.151684020427609,-0.16237817399677,-0.0671263566552919,-0.0369416455536238,-0.0080600929122423,0.014703658378105,0.00504110102181909,0.956344656003973,0.953128140103391,0.966853543815692,0.946067493169655,0.957658193429773,0.962509145438055,0.972837974928712,0.994530780651102,0.226368682023533,0.196920174804433,0.175222023500338,0.155118195401019,0.118768340151709,0.0868114050442628,0.0535409523529306,0.015384895848095,36067.3467386156
"769",-0.136250297982092,-0.119610062453961,-0.164545621134985,-0.0736719495965837,-0.0147495474694383,-0.00698504305939555,0.0171079950106106,0.00615801160605249,0.94805394853384,0.943548582275298,0.965402367719928,0.947195911031389,0.950719514912091,0.961439594158393,0.971294199953229,0.99414547675561,0.228732586434752,0.19879711564288,0.170657461114929,0.15855585602808,0.117826892382481,0.0878918885213029,0.0523973777261778,0.0148181317508262,36053.8148917143
"770",-0.172364359398593,-0.121330343607479,-0.14711011479387,-0.055973669536006,-0.0252696056538774,-0.00469092460214911,0.00612457895946523,0.00989464704766029,0.96075619688577,0.943730267157085,0.960270612117891,0.939645553656163,0.953302415259095,0.960240876627149,0.975824513390792,0.992704635223727,0.228580839208598,0.199585725104438,0.174298327483327,0.158705867824218,0.121081247547195,0.0869423838467,0.0529445136424063,0.0151700271304368,36060.8483653335
"771",-0.179695217340094,-0.122913806468868,-0.161675350496347,-0.0431121218971398,-0.028396622992623,-0.0169661447716359,0.0196627887574679,0.00862461876168702,0.962604058913122,0.941176056983306,0.967014310754157,0.937724457991726,0.955561763006878,0.964730981206123,0.970773602789084,0.99325066059201,0.227824294804651,0.197491057457987,0.175547004932298,0.156365016964065,0.118540868539761,0.0877841797854884,0.0541225671604024,0.0155770265050533,36063.41697186
"772",-0.114366094454859,-0.12107481407815,-0.14771859057789,-0.0573611942936205,-0.0539717129770473,-0.00826340179923252,0.0192990776353007,0.00963873941642607,0.941518749251018,0.943041646240344,0.961462534046739,0.942771585477624,0.964630740760274,0.962225493641146,0.971154470687579,0.992841210044099,0.23185991762635,0.192879172265805,0.177829414730227,0.152207442190569,0.118514232965977,0.085534191746627,0.0537725585305082,0.0153188128434479,36060.2923699319
"773",-0.17255160021428,-0.113626721781397,-0.136602432090302,-0.0678785585535676,-0.0235938946943847,-0.0172152022329552,0.00687738208992932,0.00965019649255573,0.958988674909411,0.939606407456229,0.958396096048039,0.946133623541518,0.953462907867697,0.964995023040141,0.976085788902999,0.993013842728169,0.220614569688916,0.194799502628673,0.178113432015454,0.157790216836415,0.121309297341507,0.0856718415926038,0.0549108374516309,0.0152611713017299,36060.2917759621
"774",-0.137811929213562,-0.10954441050332,-0.152186905333917,-0.0681654534385444,-0.0263325443030398,-0.00994589056186449,0.0106449672942773,0.00623265665245454,0.950743936074852,0.938830005939685,0.964302878141515,0.946939491293554,0.953860143980872,0.962584979656603,0.974283057933074,0.994037033458326,0.229816072956928,0.200595922118961,0.176009300569154,0.150628383136299,0.121620453662551,0.0879420712989673,0.0548023838936925,0.0151184576638419,36062.7035739959
"775",-0.142417036265934,-0.0944706861790955,-0.140652597067938,-0.0813492485402059,-0.0128915890906914,-0.0111398903774145,0.0163000489010469,0.00657444345007829,0.950188596943631,0.933757540789387,0.960196336066441,0.951040295429113,0.948294285034094,0.963531147314712,0.972395945991663,0.994248193898035,0.225470997641723,0.196525716990335,0.179990667186218,0.156290892152323,0.124664458312618,0.0874898771582073,0.0551969460538488,0.0150694979122199,36057.428406557
"776",-0.141341772216822,-0.121812704706406,-0.134712205778453,-0.0707269939830955,-0.0368167656558361,-0.0172501644346921,0.0143881278287039,0.00750513451460689,0.950755174977035,0.944693015262533,0.955234169678259,0.946027418287108,0.957334983675868,0.965300140276004,0.972562571792995,0.993824111035648,0.226769945235732,0.194366392626913,0.17656039569019,0.155693773486721,0.119550589057677,0.0887379553802526,0.053139068088252,0.0152256456775773,36063.5650050226
"777",-0.166265530849458,-0.139575228941953,-0.134100107786903,-0.0850029530276376,-0.0494019653118598,-0.00398740413032661,0.0102125958333581,0.00978143075923027,0.957170845064912,0.950234442588722,0.955886630878076,0.952730545177311,0.962087247301754,0.958967672640852,0.974641597412111,0.992798983532847,0.227403236975737,0.196317427769722,0.173411054374654,0.15716497354345,0.1206183630187,0.0880405705811839,0.0534680352452044,0.0154381966483719,36060.9122553886
"778",-0.191253395911048,-0.13010272956447,-0.135926083978522,-0.0521570808373175,-0.0233098669818411,-0.0173113801506953,0.0123955031295507,0.00656694727394574,0.966373768863383,0.946679660518484,0.959702825652854,0.939902350930155,0.953500849361746,0.965894267254891,0.973832246402941,0.993968316880675,0.228633334991184,0.19542126785192,0.177761919055443,0.156425056348356,0.120647427036185,0.0863519537389157,0.0529525146957101,0.0152161610251914,36065.1331045777
"779",-0.182877533548878,-0.125355294946719,-0.164977886984156,-0.0474686902416769,-0.0321360543972682,-0.011040543881889,0.00983604531883325,0.00560351046775592,0.964594113628174,0.944014155141748,0.968428105007119,0.937536869821096,0.956021520597881,0.961525151491549,0.974472689368416,0.994313163278317,0.230542241121852,0.190958602612633,0.178641208614607,0.156403708359662,0.1191859710101,0.0867805381982898,0.0545279755840277,0.0152102619930015,36061.1764384992
"780",-0.0938245280001584,-0.110713301205651,-0.180497397199428,-0.0467535664643568,-0.0372132644198465,-0.0147472920303293,0.0112927772524088,0.00683554787383573,0.932561847355928,0.938220822214491,0.971211707887548,0.937183906805695,0.957267567878151,0.963330719004379,0.974578401053058,0.993876074823574,0.225731456396307,0.199154894502775,0.176363129690129,0.154606226824296,0.119395879766439,0.0869873422905617,0.0530175574981631,0.0148841400669429,36056.856593135
"781",-0.132724236690413,-0.0706554199666268,-0.169773384129548,-0.0453727139684756,-0.0372585148637756,-0.0170854364354294,0.0108407322233704,0.00610959976848219,0.946459941504098,0.926130827165493,0.968389808013032,0.940074158973433,0.958083864338196,0.965124133129974,0.974853554444616,0.994320319615465,0.221385575031973,0.193380716676992,0.175257280009209,0.154146347116259,0.118799706438396,0.087726880402386,0.0544195486411469,0.0151837409987935,36057.8885334118
"782",-0.171764436437516,-0.141569433189266,-0.158301825226602,-0.0256827117864164,-0.018445262002621,-0.00872950571091119,0.0123040218962521,0.00693907158467689,0.958795943236972,0.950191513720198,0.965180506425281,0.930559064011629,0.950161660730221,0.962001985329886,0.973259788044866,0.994030562233789,0.233525209821624,0.194778747382607,0.178205470175245,0.153763599506619,0.118483763391895,0.0855281536592723,0.0535497849543991,0.0153756645233707,36060.056677099
"783",-0.185946128008429,-0.13765702119747,-0.134149605702081,-0.0620204323889127,-0.0341648996321694,0.00237475539803756,0.0171832366671652,0.00747970439759028,0.964702285137528,0.949194140001306,0.954976917371574,0.942208001173583,0.957813003229503,0.958902572172936,0.971797925602041,0.993655754920153,0.236625475344382,0.199224098546429,0.17437941976609,0.157153652501403,0.120295928241262,0.0853050138173718,0.0540066863970075,0.0156347409172978,36057.0189736032
"784",-0.138571841941093,-0.13891736088428,-0.148652276586381,-0.0624686360526427,-0.0486569554843711,-0.00447776927369533,0.0241437601844961,0.00606776821740207,0.947657042893273,0.94834368043956,0.961686862810364,0.944500639559905,0.961876445684122,0.959837138951473,0.969283221961441,0.994265265221277,0.230526825845009,0.194077373360635,0.175832467983573,0.153543948255165,0.121589319993695,0.0884754527974201,0.0550431948836336,0.0151289043839529,36063.1582206548
"785",-0.19223437985537,-0.129932387093515,-0.139264792490275,-0.0408479133868569,-0.0383774667166013,-0.00933766560979694,0.0130439745019623,0.00559009262602627,0.970323465815659,0.948035508345448,0.957338785419912,0.93655768052665,0.958105857340349,0.963102211241219,0.972921737575418,0.994528650720513,0.233982228462619,0.196265051834535,0.173069539347894,0.149781241875134,0.124075243688996,0.0865852582785695,0.0536397663038429,0.0151858293253026,36054.9618221224
"786",-0.182443062443328,-0.145713918464083,-0.155956953578918,-0.0547328251038496,-0.0505913018685649,-0.00437835711338934,0.0139691691859897,0.00740649754765085,0.964406202824675,0.953523623721405,0.963403683639891,0.941219531579427,0.961929174312797,0.960276560822964,0.973186654751551,0.993615821442495,0.230258050688437,0.195641805088851,0.175930278786864,0.153499373621776,0.119987963362628,0.0875377117323952,0.0549867153136803,0.0152348413984967,36064.7022293761
"787",-0.129142650096604,-0.057265619145643,-0.179279748754366,-0.0433403996752087,-0.0398356278368866,-0.0194844211081025,0.00894100147927694,0.00742403807706088,0.942606600971315,0.920180369147186,0.971125862758364,0.937993210105945,0.957745407119616,0.96638178344149,0.97481496527359,0.99366836410635,0.228993729160047,0.195855594210598,0.175958828422748,0.154990982005583,0.121148149763476,0.0885312641142052,0.0539745974930961,0.0154011585281962,36057.2677522114
"788",-0.196097889097219,-0.116133535087169,-0.182558726288148,-0.0569823006285705,-0.0397700853313177,-0.00246524722930216,0.00726267578102686,0.00631603578411439,0.969766502949683,0.938645045951208,0.973116419355007,0.943571789412785,0.958954635482759,0.960580285087626,0.974913560149055,0.99421150422603,0.227239008765861,0.195283261212939,0.174882440860527,0.156164135364987,0.122587369832602,0.08693504212501,0.054908111693096,0.0152159403960617,36061.0835989584
"789",-0.126594709293503,-0.100965152597214,-0.136366737306846,-0.0535467459338309,-0.0154301726878065,-0.0310609837110416,0.0137963979102535,0.00842352284684566,0.948259861226686,0.935077873030658,0.960531741571121,0.942485637803696,0.950184036474047,0.969444727644232,0.973551657141591,0.993444192685807,0.226391840420357,0.199829545311365,0.17407956933893,0.157817792589333,0.125498726856325,0.0876786082944494,0.0537010360168,0.0152966811372167,36051.4694090006
"790",-0.143474956858504,-0.188464473770296,-0.12819479202199,-0.0461578258743305,-0.0411869468632072,-0.0246557656184525,0.00777687096986861,0.00512030684730449,0.951306412151258,0.966379867744105,0.955556941794493,0.938214384730401,0.95946933214727,0.968096897322317,0.975761348476696,0.994503589222748,0.226095423061803,0.197991631919378,0.175973060325477,0.154437400775831,0.118946378723162,0.0863835857315177,0.0537321545438584,0.0153734497085009,36060.5021386073
"791",-0.164212570124087,-0.138242421074637,-0.127563254887235,-0.0485885039546175,-0.0408428272368068,0.00161186485998684,0.00999977762930106,0.00567903269226148,0.955044911534888,0.94861952394699,0.954455291390772,0.938959900966725,0.957747404912442,0.957702752360575,0.974484089286292,0.99438341428588,0.225147303723105,0.195872430531976,0.178637086706796,0.154939231617909,0.121900769207806,0.0878483403699897,0.0532600683256792,0.0148331658101637,36061.7205476045
"792",-0.183746130735819,-0.143760840049647,-0.140050155112513,-0.0899304184708518,-0.0326958239069673,-0.0115818410182611,0.00841368554559881,0.00820515820354438,0.963203731445445,0.952701293965887,0.959017266363944,0.954325634499769,0.955942898222349,0.962587432052599,0.975386370919267,0.993467309979493,0.227763880852094,0.197929279492603,0.179808140714204,0.153868079810775,0.121749039458011,0.0877343920867241,0.0535473885772071,0.0156963682702897,36061.8238020752
"793",-0.160647266911886,-0.104226308039966,-0.115849853697439,-0.0259986681405475,-0.0480533927043539,-0.00485669212180121,0.0177923396326285,0.0090192378780964,0.953000272779893,0.938092816141027,0.950449340422426,0.93046051153783,0.961469079277987,0.960202431281157,0.971699319009515,0.99293232532826,0.227267950345466,0.189302733965189,0.173497120605037,0.153702366544455,0.118895959180626,0.0893197423167264,0.0545368199961128,0.0153372099069078,36052.5506710457
"794",-0.162091798225085,-0.118724275918666,-0.139114836708709,-0.0814228355151895,-0.0354264475778697,-0.00781782825143321,0.0183755741086186,0.00597030975678847,0.959148668923006,0.941418072775368,0.958011181651344,0.952393414126911,0.957881921101025,0.961896091359829,0.971754160558919,0.994203476704086,0.2260917257358,0.195631681073684,0.179841413115315,0.157429382859576,0.120196775611825,0.0870212252298354,0.0543496105593884,0.014737452788325,36061.1397051335
"795",-0.135124101124579,-0.101207357548815,-0.117891582144421,-0.0648906760214069,-0.0110977436069711,-0.0219294074548359,0.0130501726289607,0.0036468689385279,0.946968239200802,0.937332689105346,0.952039338694688,0.946220549796651,0.949231483248879,0.966786905585924,0.974015107392985,0.995064578482845,0.22701389655732,0.198011916831541,0.174102543069886,0.155143071780548,0.121547786834018,0.088329805986387,0.0536430206178248,0.0148928601804471,36057.24399584
"796",-0.212302177716471,-0.0982981510545121,-0.167356130895645,-0.0853938415355725,-0.048825196143854,-0.0080474602525971,0.0266274590397722,0.00725731836848425,0.97510738391163,0.934372471186361,0.967719227811396,0.950345518596797,0.962376817474275,0.961283453214782,0.968462358427337,0.993764410735438,0.230269050527274,0.201617375884334,0.180087398607874,0.158521201685487,0.122561990646642,0.0863871253362355,0.053842843950031,0.0148038841376836,36052.838847105
"797",-0.179314932989178,-0.130648150654818,-0.158591774839826,-0.0616807143677005,-0.0203384985621279,-0.0106732649407853,0.0167098607547011,0.00698216536070046,0.959451732610027,0.947775381776075,0.967477898472386,0.942018144849139,0.951638018447035,0.962634903493962,0.971921003592357,0.994048001642234,0.23094256808931,0.195633123220984,0.177301241401905,0.158138575106521,0.120356485415198,0.0880237704148369,0.0540401785718767,0.015321164645625,36060.6439106577
"798",-0.196983916464501,-0.12033434765336,-0.168809292144134,-0.0738591600531886,-0.0203248304092286,-0.0128265150549969,0.0202359422511203,0.00572369477698096,0.968743382748116,0.94270874816388,0.96717169792123,0.949429498947384,0.951671208404834,0.962871504225932,0.97073310050216,0.994568917921463,0.229350357514624,0.199685393708918,0.177397106825076,0.156613536297211,0.12363347251731,0.0852492430493649,0.0538751369784416,0.0152501351930564,36059.3261103901
"799",-0.182440987600989,-0.116670461149862,-0.146747069434148,-0.0685713660256276,-0.0588126227541371,-0.0167514324162883,0.0133797236927749,0.00615948700093508,0.961855001011586,0.939381900779741,0.962639147176169,0.947471880559073,0.964982685940739,0.965761000975106,0.972506841142289,0.994360208871189,0.22301632943876,0.191751653409352,0.181401661901493,0.155789648245316,0.120663842744196,0.086000135674442,0.0529048412147388,0.0155903930030675,36054.1749505943
"800",-0.15382070774423,-0.13648786375161,-0.151696871556696,-0.0560665088988558,-0.0396107673240106,-0.0111130850600698,0.0111788285563691,0.0103695130252832,0.957322867179696,0.946674219353603,0.960708285264292,0.941234459709449,0.959054552483215,0.964101818854418,0.974140936689129,0.992545629239916,0.230577867042133,0.200790356769591,0.17821469668675,0.156663892867351,0.121597433779302,0.087570178690975,0.0542480589148231,0.0150860612945209,36059.066636405
