"","beta.1.1","beta.2.1","beta.3.1","beta.4.1","beta.5.1","beta.6.1","beta.7.1","beta.8.1","beta.1.2","beta.2.2","beta.3.2","beta.4.2","beta.5.2","beta.6.2","beta.7.2","beta.8.2","beta.1.3","beta.2.3","beta.3.3","beta.4.3","beta.5.3","beta.6.3","beta.7.3","beta.8.3","beta.1.4","beta.2.4","beta.3.4","beta.4.4","beta.5.4","beta.6.4","beta.7.4","beta.8.4","sigma.1","sigma.2","sigma.3","sigma.4","sigma.5","sigma.6","sigma.7","sigma.8","lp__"
"1",-0.185599326571147,-0.117996031781191,-0.049140360271072,0.129190897122598,0.102386870615694,0.0728050424896807,0.0538500285886717,0.0124302215485653,-0.195695295722094,-0.0781226972115082,0.00707840964232358,0.194712081716732,0.494031039879822,0.645076800739934,0.804463115386271,0.950368494143665,1.1696310543662,1.03567934599552,0.945004073127602,0.722659076703591,0.45455181398354,0.309433376747502,0.173655984510414,0.0465941576556273,-0.0452786977684524,-0.074316088198692,-0.0573175206729189,-0.0528220291873822,-0.032618328019342,-0.0210949791254229,-0.00748569654753875,-0.00209902724355404,0.231445298261268,0.186904306510342,0.156025751878325,0.128054655993061,0.0979288182395656,0.0705173342611289,0.0406222866485341,0.016371762101654,58067.985578931
"2",-0.181676493213685,-0.0952761832595244,-0.084932272851221,0.110359135094781,0.0977690208867956,0.0751814516036358,0.0535678463560859,0.012467471599364,0.831418173141516,-0.103374973215234,0.0048554553250888,0.204548274883792,0.505529712533541,0.633363824928424,0.809785671653942,0.947364137762332,0.139291885568913,1.05177355445476,0.962156656818965,0.719533565081822,0.446528519107963,0.319511811037565,0.168052744119997,0.0498606841832215,-0.0426695922539146,-0.0674289280993429,-0.0604724580021391,-0.0531083484241152,-0.0379319403736014,-0.0187012023120856,-0.00955564868647087,-0.00280672271418513,0.227382589712997,0.183863942091655,0.160278697097044,0.126225134627949,0.0949855183765716,0.0694432425272412,0.0398936004390322,0.0158510141948087,58063.6306169526
"3",-0.149605881147932,-0.0801979634046561,-0.0856671056432234,0.118461222493531,0.097851881021156,0.0813393327897995,0.0527091869441228,0.0153251876435786,0.47752738569824,-0.101225378110901,0.0533509145743028,0.197749484034057,0.506115236119467,0.640680807763088,0.809064810080144,0.949544307429543,0.487426763578845,1.04578207106136,0.913661390857548,0.72351327657299,0.44556846656557,0.311227412742232,0.168883108590689,0.0462864364839373,-0.0619696843197789,-0.0721711004417992,-0.0685512309996109,-0.0526499634073348,-0.0365890791852626,-0.0247080274951605,-0.00617040998590945,-0.00116835308760493,0.22612496384418,0.184745315399306,0.155266453229805,0.125260758096077,0.0957354736542948,0.0690227431049417,0.0395816420876613,0.0161951063427491,58066.4478446153
"4",-0.168077737688316,-0.109537482439284,-0.0710971604299133,0.118965871874243,0.0983860371989235,0.0757320870337064,0.0575730586216582,0.01185173925164,1.9406157399686,-0.131984130319692,0.0087507582936009,0.214242295516895,0.497234958061614,0.648375640473325,0.809065379078216,0.952062869558847,-0.970153654837762,1.08592664609955,0.958364757135334,0.707152546422824,0.454057544739875,0.30431566175012,0.167193106186893,0.0452362496131982,-0.0615678560738412,-0.0756992375885705,-0.0770149254316267,-0.0574615040769587,-0.0342197978266666,-0.0214269201035509,-0.010293096515618,-0.00298789724858673,0.22471966234686,0.180757722292901,0.155214170425942,0.125295047959076,0.0954673774635033,0.0687398607353396,0.0396319528266822,0.0165049892177245,58060.3387212789
"5",-0.145991576510274,-0.109686188147907,-0.068028575793951,0.0909125022833359,0.110902190728465,0.0645112900500035,0.0556752485078269,0.0158945569702581,1.09712046968273,-0.0568415397450545,-0.0304840240543991,0.231339550094221,0.494098339258951,0.659376453136788,0.805143186225239,0.94861160002589,-0.134805732997612,1.01151724134095,0.994219003694401,0.700992841164508,0.45405777616292,0.297221889778452,0.172464501434759,0.0470864171007097,-0.0590431389791298,-0.0692253841348235,-0.0703864856807069,-0.0595756350152545,-0.0353378481360135,-0.0205186963081296,-0.00891045647992588,-0.0022562657138566,0.227082936178625,0.182428058414329,0.159554328858366,0.127719716447497,0.0967673944283643,0.0702100778459441,0.0404423473760977,0.0162994559434262,58071.5111547376
"6",-0.155675855543616,-0.0607293944978947,-0.0867723488054668,0.105602613569417,0.0929427685265083,0.0734283814100549,0.0505886264337211,0.0126224403084461,0.145945740670554,-0.126883917745914,-0.0237322873843673,0.240427609343961,0.510245897673789,0.644893739075532,0.807730446245715,0.949720796629383,0.816496875326975,1.06517212012236,0.993952956447911,0.68616394044971,0.443463429108047,0.309861306309312,0.171882660302162,0.0471991107578339,-0.0380642478036896,-0.0648561010814965,-0.0725544618306384,-0.0597657949642732,-0.0362115389395266,-0.0193082274057219,-0.0089162503040766,-0.00208661051557052,0.223300291645641,0.189719000017724,0.156679447522181,0.127846322345025,0.0959219358925407,0.0692112006748194,0.0402596132687478,0.0163798954875154,58064.6982883127
"7",-0.191920534776203,-0.0827085997767434,-0.03697573625471,0.102232320282131,0.107053097833958,0.0789890766803169,0.0530907068485257,0.0158447641624898,0.338572189351739,-0.144489480667096,-0.0696421993215696,0.20311239518896,0.493095169965415,0.657245469093658,0.807705638053815,0.949320688617549,0.63788510312788,1.08835953268234,1.02243052565933,0.726044672869351,0.455724721749986,0.293370209029902,0.17016916089847,0.0464825993250428,-0.0500902610853175,-0.0606416610658046,-0.0697468532630847,-0.0611824264247993,-0.0378987042688178,-0.019768030638376,-0.00795734740010278,-0.00246248262662632,0.225218110350878,0.187306173415591,0.15689990230543,0.124230464496373,0.0990796985440511,0.0683776814057133,0.0399524001186941,0.0164233113116939,58070.9645726084
"8",-0.178655077037504,-0.0909152261346435,-0.0467740179318184,0.129770260098824,0.121747416170394,0.0751233378445406,0.0504479434095167,0.0137288885143313,0.889204328055346,-0.107729912293848,0.00105765999874658,0.182708374637373,0.487581068799876,0.655606991810544,0.799322739612517,0.94980505450369,0.0802948743347043,1.05585968505739,0.953479660336021,0.737670142329055,0.455443226960786,0.295934925066965,0.179304431609518,0.0465904175391848,-0.0365136945145718,-0.0719514304329723,-0.0640027074201369,-0.0602465364934355,-0.0336036220105803,-0.0202323932594862,-0.00487676284712252,-0.00186906482311304,0.224670513876229,0.184071563499842,0.160445838063156,0.128264541901287,0.0989390823767349,0.0695412504885274,0.0402504377357419,0.0164091210031468,58062.663075389
"9",-0.16656286315322,-0.0887511743173461,-0.0636146387267026,0.0968395230801035,0.118842086233061,0.0680110428547504,0.057410866432342,0.0145788944349395,0.501652273519278,-0.118612956282119,0.00841340843885146,0.233903523280733,0.487671909649291,0.6654517443198,0.806545700242969,0.947834014643224,0.468905670075321,1.06445132710999,0.948244898362563,0.696290849069248,0.457313134376461,0.290288444583749,0.169584888705724,0.0482987790954179,-0.0554831556816196,-0.0644292260759446,-0.0619594440232303,-0.0585429290469831,-0.037496189650806,-0.0260910164078323,-0.00923396604785213,-0.00134900168217372,0.22853436447965,0.188748147182742,0.158882745871689,0.124681292703771,0.0966371054755452,0.0697402183585785,0.0406728297057998,0.0162780309443379,58066.5182594463
"10",-0.169859280838254,-0.077763227880569,-0.0629408683088533,0.100644915092174,0.0952732716261202,0.0631646461869652,0.0605599147738711,0.0130014134222654,0.547305078741883,-0.173206255742237,0.0103901111718414,0.225621614362765,0.524678370297023,0.676595664063044,0.803108719388498,0.951700161291964,0.424060446093551,1.11591982943598,0.949614872082504,0.699820310235572,0.425254861064075,0.281263267571356,0.172063407473539,0.0448046079385982,-0.0521970191012355,-0.0688254225154605,-0.0670010332652141,-0.0504127905791015,-0.0348804244068351,-0.0256043902626964,-0.00746802321724335,-0.00188588850464397,0.22322498150814,0.18646344623345,0.158909689622353,0.126565463872516,0.0974262567320138,0.0689921529620598,0.0406479741375227,0.0168014556228453,58063.7524101487
"11",-0.15432222746827,-0.0753518010388377,-0.0586924476862984,0.0982670588544449,0.109922003308478,0.0755092107276829,0.0570231044113348,0.0136314164693635,0.516834612463297,-0.178230821004939,0.0169475824778065,0.231710296204795,0.490897907557174,0.659536013803629,0.8013620268205,0.948885565211082,0.447352973721873,1.12134124857417,0.939904268744982,0.697309498667246,0.455975110234221,0.291036061249513,0.175290613200764,0.0479805582337763,-0.0522498483348998,-0.0702232214002632,-0.0647777228531259,-0.063844151828858,-0.0308332161303392,-0.0197666764900891,-0.00538043839001018,-0.00300515825332168,0.229429959021697,0.187034305434666,0.158687335218267,0.125527024863595,0.0957952844320886,0.0687976190883802,0.0401145640848832,0.0164417588601192,58067.5957767554
"12",-0.200543818379278,-0.115204057237407,-0.045624331009126,0.103107620447951,0.0975113220249472,0.0680320380382556,0.0525448851244482,0.0125513356675263,0.564087167060322,-0.146383179157816,-0.0834086044218294,0.222050079199214,0.512963953378914,0.648917916196166,0.808949480208476,0.948582082546619,0.415219508511998,1.10367112868632,1.03839548977988,0.704935319475402,0.437520447903234,0.307413834669488,0.170105698154306,0.0484942605058449,-0.054753331616382,-0.0756426403383359,-0.0625456680738419,-0.0612070980187195,-0.0352536626002802,-0.0257122771135267,-0.00997411870708063,-0.00244972901086324,0.22608929514623,0.186173327388037,0.157105708292278,0.125741862960739,0.0969660896187799,0.0683086511065509,0.0405047449678883,0.0162160700635399,58070.3143040286
"13",-0.120984477470077,-0.0925237095903204,-0.076400984840114,0.106496136731782,0.114694016350613,0.0672326397072914,0.049747325426353,0.0124438468590731,0.097394489189233,-0.15199019165706,0.00373023927965903,0.219372690855728,0.496113768536945,0.671484295514527,0.80773077094844,0.949138056558976,0.85636800181742,1.09795662539472,0.963093402287789,0.707502218369115,0.449248038956499,0.284553098162626,0.171278938220782,0.0478877140524096,-0.0517387774943172,-0.0631125464744376,-0.0834962831236044,-0.0631700367457947,-0.034546568268703,-0.025421852324517,-0.00929377249474842,-0.00128277790563568,0.231176717065762,0.187052019806131,0.160037501593991,0.127506631465088,0.0970206881484787,0.0695985561644728,0.0406282945699342,0.0163197767492618,58062.4243172325
"14",-0.155209092543089,-0.0837412835430901,-0.0463554544017217,0.12254425640966,0.101504838634493,0.0617293580985024,0.0595909294157501,0.011458842669602,0.51471713922265,-0.119424715548978,-0.0161483359662475,0.216943012120705,0.513947297242146,0.661319295708115,0.801753945222828,0.949829911115146,0.449737790270838,1.06078431295428,0.970710387273062,0.703173792053077,0.435793424905696,0.295766598013652,0.173719289982922,0.047612485714051,-0.049533503353289,-0.0558677992385685,-0.0696340809176537,-0.0537795075625596,-0.0371281331817234,-0.0209174772295382,-0.00707627848437532,-0.00247739964713941,0.226106380517484,0.18406005951643,0.158260814729673,0.124220210444552,0.0991504827494553,0.0686083576872745,0.0396116513132947,0.0164955963604913,58068.5450794783
"15",-0.200292336120663,-0.0788582186483026,-0.0360466115670496,0.126123646257364,0.117705961761501,0.0790295453924101,0.0535200097777059,0.0124963501963505,0.608649964446009,-0.128884538981539,-0.0335383877872912,0.22214886862964,0.496803236252178,0.63559380283751,0.806174303155038,0.947754613615358,0.367683221822606,1.07018012105564,0.986691127977106,0.697207991999404,0.446085865485449,0.315904114325623,0.171318530889747,0.0493886146591273,-0.043131703318201,-0.0630448960578239,-0.0741130942405248,-0.0573390835285614,-0.0296005151844745,-0.0222460101077407,-0.00677988295501487,-0.00241861023099976,0.225800280195091,0.183854656555338,0.160750538110193,0.127419867418047,0.097738077667777,0.0686288092050109,0.0407732386783258,0.0163594825982643,58062.8538046164
"16",-0.200938773848656,-0.0854471378293678,-0.0587670173017544,0.110422820456269,0.103050612883137,0.0711343252477626,0.0485513119572616,0.014373745255168,0.575186055657304,-0.157396916993511,-0.0110175730268926,0.20735579853429,0.508087950138243,0.654776843740674,0.806812264539053,0.94920951511884,0.402987445876885,1.10433359690983,0.968104117043144,0.718059936030012,0.441630195281333,0.299097234915995,0.172680260295416,0.0470784645293789,-0.0506997773661642,-0.0748229833957011,-0.0620599449386526,-0.0595155207569252,-0.0398411126917996,-0.0198214024556791,-0.00634672559169159,-0.00191408443334759,0.224570863331908,0.187215276066619,0.159638298424672,0.128687155077678,0.0971739094097502,0.069522205640049,0.040162725254665,0.0169012898601177,58071.7497759934
"17",-0.18736255709538,-0.0912626307451871,-0.0539087595878865,0.121952308584098,0.103296016047088,0.0779313979291481,0.0564669752879782,0.0135934901378626,0.459726895080131,-0.182116897966696,-0.0236337133933848,0.195795680295184,0.521287750083202,0.63522844000934,0.79965401963764,0.947502559145959,0.517111535548901,1.1299964802849,0.982058886230152,0.724805205465215,0.426712118358107,0.316318706104195,0.177720456335382,0.0493552487020796,-0.0614869458109242,-0.0724866647464022,-0.0754499567934251,-0.0529781387290591,-0.0387255492498344,-0.0186798770859204,-0.00668088225636435,-0.00200943604816372,0.223684831679873,0.18380398544054,0.160672555201729,0.126958676551995,0.0983914923451809,0.0702828425215153,0.0402712356528251,0.0164629773781141,58066.2935657122
"18",-0.157167607708188,-0.0837379536275929,-0.0411496392168748,0.0999229771495495,0.119345143258713,0.0775515266462709,0.0530042181154112,0.0141623093651241,0.585873558303092,-0.109815010645271,-0.0666729190386762,0.249548529521344,0.492126507592228,0.660302062791595,0.803870474503182,0.948841121247729,0.376367976616166,1.0533042809113,1.02043529952975,0.678376101334971,0.454075529924284,0.292081860061301,0.175237490685757,0.0474272255763525,-0.041101008791389,-0.0628299549208983,-0.0681091720744953,-0.0571979746040135,-0.0369796222488149,-0.0258948636266152,-0.00748391096636401,-0.00168825187233859,0.225029336120502,0.186322949614584,0.158898533529647,0.129423126109278,0.09656304095354,0.0696878003170995,0.0397769175159504,0.0164406074023174,58065.112414551
"19",-0.176887919468241,-0.0899065858376668,-0.0552377038863358,0.108226092118322,0.0967315054351087,0.0674352154286991,0.0512880849308388,0.0118980000013186,0.207143673721106,-0.108254240963257,0.0059527323857426,0.219168001303695,0.527483943103858,0.654794626503763,0.803446611850513,0.947462603744114,0.765389300196723,1.05189759217628,0.951268366435832,0.705666125545871,0.422083265835465,0.301460998520825,0.175896037273938,0.04985103780424,-0.0558051661660635,-0.0538261617428823,-0.0672988988371704,-0.0583154604234112,-0.0350673588849138,-0.0249451635620619,-0.00735139374183096,-0.00165151472845075,0.225196008212556,0.18765150479824,0.156224397880013,0.125308582236472,0.0975009913737282,0.0685116951968409,0.0400923603454908,0.016583864753294,58072.3951924842
"20",-0.17431516533742,-0.103020923080901,-0.0592137116209928,0.117560794585725,0.0969541972773584,0.084804849160254,0.0478338139689168,0.0110868575073507,0.800953936150396,-0.116242870878074,-0.0581024911883442,0.208403722311903,0.506170741130008,0.645413148816259,0.812488057974956,0.950058937949655,0.166166703729928,1.06741256495126,1.01867694777493,0.714402678148443,0.444723682549944,0.305442363524305,0.167024730219609,0.0473719791308052,-0.032729721326291,-0.0665937376277244,-0.0639073912437758,-0.0584849404436891,-0.0363780807281396,-0.022362137105964,-0.00819651684802968,-0.0022235800529736,0.226361220438454,0.18609870490507,0.158766548918916,0.123231924585241,0.0974924189021042,0.070831924947788,0.0397700553030905,0.0162551725360548,58065.0815028867
"21",-0.138302495317662,-0.0865833285992009,-0.0440526941743614,0.105689631017806,0.098180330383048,0.0702783237074052,0.0570458492873732,0.0124622043201339,1.45541264559042,-0.0781594071923673,-0.00893557847220359,0.195973042129132,0.513435397684547,0.65464992830277,0.804150010237662,0.950521679378545,-0.496757547346643,1.02501544911051,0.962926173925956,0.730981680995,0.437762089751643,0.300076312658472,0.172260267942357,0.0464505763546143,-0.0506869745805119,-0.0716024872554833,-0.0692078604203946,-0.0562969505763105,-0.0393108291132753,-0.0224920061526822,-0.00708930026080706,-0.00215476482717658,0.226444394424371,0.185144299088579,0.159647593324437,0.1250401234897,0.0958114047562399,0.0690801347262249,0.0402442924745383,0.0166585369876733,58078.0088487103
"22",-0.161706865193993,-0.117759156819179,-0.060137264275291,0.105035591697924,0.105674148433806,0.0627872129271948,0.0582330306509627,0.0117817844685324,0.811517847851277,-0.0371948018855229,-0.0338329465940131,0.228671738091905,0.502072950390204,0.658610508749108,0.801637232461066,0.948626801322831,0.160607230957464,0.995507140576294,0.992576504455964,0.697185882512843,0.446288845887797,0.297883814848295,0.174629755890115,0.0490199165158909,-0.067607602330407,-0.0781586042185217,-0.0708879348317663,-0.0510315562064514,-0.0356226158139039,-0.0223264792569434,-0.00699259192518731,-0.00256762640129423,0.224622724595322,0.18695805865671,0.158002795266975,0.126986955425061,0.0981867559846982,0.0709506865916442,0.0406246446000413,0.0163757437307536,58059.5066187405
"23",-0.172947240878034,-0.0794130400577114,-0.0687609347525974,0.112012708543897,0.125152442095369,0.0737370811972244,0.0548956155281248,0.0128331378403481,-0.203055657408632,-0.0425497595088765,0.0163744040075197,0.205898171240427,0.486313428833096,0.659095977025436,0.810528608171177,0.949046713319266,1.17289536042166,0.986076419420503,0.946266744180343,0.718219270401603,0.455278142505122,0.294896008551455,0.166707521271049,0.0477297215402021,-0.045536780472601,-0.0745446245154587,-0.069775223577283,-0.055696375740637,-0.0336032334697502,-0.0233622115027393,-0.00914022922147369,-0.00179045842842377,0.229823774331265,0.187968393390702,0.154327657146406,0.126907001185813,0.096877675770437,0.0686615346925673,0.0395587912704697,0.0161997572054676,58070.8521511784
"24",-0.15121185196344,-0.109745393688903,-0.0438546464294457,0.100251314635123,0.101445384880913,0.0718958423586272,0.054808175835964,0.0153704046128472,0.550430742823824,-0.122440489372425,-0.0178467849939438,0.207602388961217,0.506512058000251,0.660907619452675,0.807063857080263,0.947233489416808,0.414009278791975,1.07480280260276,0.974132803202687,0.721686233904923,0.443429726103054,0.291914903305588,0.170523992569114,0.0490342825811226,-0.0562087167829239,-0.069338454565604,-0.0768745706283961,-0.0610195233269877,-0.0338210518171205,-0.0196037245666678,-0.00760746590214756,-0.00298568873520015,0.222005734299572,0.182773938522691,0.162393414798091,0.127917923885731,0.097551710102164,0.0690401227295376,0.0396712018629547,0.0163413228497644,58067.4395987208
"25",-0.158749629552943,-0.10569233374993,-0.0365316395370855,0.0879272448525134,0.105156876182945,0.0746177766125361,0.0503720031234117,0.0134208675835182,0.181544064349159,-0.0872728617044674,-0.0183983524109017,0.252217215193831,0.488827866732402,0.652210266330206,0.806422122677378,0.948440365274337,0.77951188419491,1.03968399012083,0.968403299583743,0.682087833999325,0.460168606318358,0.302154997359328,0.171776490374716,0.0481226278072001,-0.0366327448023682,-0.065849573223894,-0.0656577182578303,-0.0678339750121431,-0.0348240893917222,-0.0249499447076809,-0.00626630930449077,-0.00138451949879588,0.229223065705055,0.186248681763311,0.155323856556875,0.126692067547628,0.0962371654587046,0.0700967200046843,0.0404957944424843,0.0163920234833801,58067.1267408882
"26",-0.151369588649443,-0.0898880098877404,-0.0622528076465924,0.102560276436964,0.101318765040754,0.0682161665338013,0.0529512841700179,0.0131981588135247,0.175814062874394,-0.159199660241996,-0.0225496959333623,0.212950194181559,0.494696760189775,0.653697088902454,0.802007671446943,0.949629303336582,0.786124651080562,1.10642983357854,0.983678824851963,0.713510754557268,0.45606414782763,0.302016252619691,0.176454014475441,0.0472403890188754,-0.0476786171212972,-0.0688872951763405,-0.0668867094803386,-0.0528267551331993,-0.0377130853690611,-0.0241199395244404,-0.00733320168883879,-0.00268342231033008,0.22619933656563,0.186768662163305,0.15791998975113,0.126132319743463,0.0962000890034025,0.0686699179382419,0.0399521082304541,0.0164532403018538,58081.050713214
"27",-0.124491242483131,-0.0828404935664128,-0.0680734070672772,0.117613301170751,0.0998874837394436,0.0746481753781844,0.0535054436845712,0.015170236034869,0.228022590805577,-0.0957893839080702,0.00711715778587274,0.188311493297955,0.509024144913585,0.650371064812992,0.80640068500625,0.948904001151665,0.724446256790336,1.03981798744217,0.955566395881595,0.734132179770207,0.439072546641965,0.301308845983918,0.171644256398673,0.0471584801156505,-0.0460010369101325,-0.0629912585993709,-0.0714408978083789,-0.0581764935424191,-0.0315555010343918,-0.0208208540579312,-0.00851047479157541,-0.00196884969838691,0.225321704743803,0.183146680079744,0.158350307140871,0.1265850956944,0.0963581284430411,0.070011731139249,0.0407877872107223,0.0165380004608355,58070.0855875949
"28",-0.138638309126994,-0.109708504383139,-0.0677040370364917,0.12691119951017,0.102691308081929,0.0730791194787873,0.0555036858038347,0.0117514852285665,0.995001061708893,-0.016643236716414,-0.080191273137576,0.206144990435899,0.490381841413212,0.639752025054399,0.808660579209673,0.949648695352548,-0.0390432384365223,0.972102773201318,1.04361637373739,0.714740325213641,0.461735197642965,0.31354927203136,0.168103473086067,0.0475117374323171,-0.046609894136478,-0.079179497665287,-0.0693125148355433,-0.063099234342318,-0.0408354223675796,-0.0206569105771378,-0.00732214097772876,-0.0013476780472553,0.223541604180503,0.182361394788997,0.157670349006125,0.126897409910823,0.0966376179738894,0.0697316430246551,0.0407731453996894,0.0161733506928211,58060.8720059255
"29",-0.177176531380047,-0.0790427960771861,-0.0609898384801098,0.0992973719501043,0.107897996034738,0.0716856275737869,0.0595674636222014,0.0145868751687673,0.435407553980084,-0.178909450474031,-0.00793849130505097,0.200951805704216,0.488326125522356,0.650262632239837,0.806458808432249,0.945496477188533,0.532263371109827,1.1251573510572,0.96706184113126,0.728199751275238,0.460282447173461,0.305363091464251,0.169124503675822,0.0507821504257343,-0.0383840384993466,-0.079381254524534,-0.0612194761071392,-0.0549162347588954,-0.0344881419086299,-0.0268312037654789,-0.00789913419496757,-0.00160674346950953,0.225698379114148,0.188728164985485,0.16119910504025,0.128273292019286,0.0982865563863296,0.0686646254957688,0.0405871126869035,0.0165598784685543,58066.1279635166
"30",-0.15461418041616,-0.106059652471289,-0.0468658992774947,0.120715933189751,0.095453151047396,0.0775752841454836,0.0574647899277244,0.0147907198285494,0.335311243495253,-0.13365301645243,0.00409582971189026,0.197465981866108,0.487000255677931,0.651429760554864,0.803411200019784,0.948889338825246,0.626138143891341,1.08618137223316,0.948087946071539,0.724061051845551,0.466366276059892,0.300697768151046,0.173047347209555,0.0471086687951634,-0.0461836699446097,-0.0672848399211724,-0.0612662841241209,-0.0544284985267769,-0.0325969924121063,-0.0224646992936575,-0.00645064765196318,-0.00154980522029073,0.224222814136289,0.183398262387063,0.155285966258217,0.125518882165218,0.0967957084984676,0.0696603591310203,0.0403367889364204,0.0165702816045429,58073.2341496917
"31",-0.150285272467119,-0.100793366931519,-0.023400792540035,0.111820317108136,0.116932868699566,0.0753660937258804,0.0498346342330182,0.012344730693743,-0.271093656613437,-0.105022353148865,-0.00660361454082916,0.190879799485611,0.482574384593899,0.645516678200821,0.807813027124566,0.950448624879517,1.23120124861557,1.05401530867787,0.953047022853363,0.734478245443236,0.463655269928531,0.307913544163182,0.171674407194301,0.0469018635736701,-0.0466900754256814,-0.0626735940787392,-0.054460695866972,-0.0553972659284017,-0.0388709239207225,-0.0190182656712336,-0.00787603672216641,-0.0033846878936432,0.224998927486428,0.189522531066614,0.157508543312089,0.127051975375274,0.0948508246187005,0.0706602968502075,0.0402064634607411,0.0163742739395934,58061.1751434099
"32",-0.170258748344363,-0.107834559787343,-0.0632709399952415,0.103676696934548,0.112068965472179,0.0750014593723228,0.0518250413114304,0.0171239218104196,0.0140690979214394,-0.0412922914429523,-0.0449464204557159,0.198013338041853,0.499218451322775,0.652963691814733,0.807418996300113,0.947321873780933,0.957388556866581,0.994074619474891,1.00680113626409,0.72955791931258,0.44539997063014,0.300116807055074,0.171164093760531,0.0480743757902809,-0.0507144793151477,-0.0641558381550701,-0.0745836636318383,-0.0558121335178197,-0.0333133836183473,-0.0229490732852441,-0.00909670507817991,-0.00258586401134553,0.220328646115975,0.183967209883004,0.158469226479188,0.126163553823758,0.0949012134749206,0.0688749824335982,0.0405422766560968,0.0164696562148408,58067.3948124865
"33",-0.159180809028963,-0.0598726618476735,-0.0522777753094289,0.113365831781083,0.105343501709,0.0711107634698371,0.0507623643404534,0.0161385826197343,0.360889373497044,-0.0904379585240711,0.00305680315054163,0.22911372639262,0.510442855457316,0.656518187016537,0.808417112284266,0.947322187701502,0.601682889003027,1.02629203025554,0.955112744478434,0.693822414448222,0.438576710034362,0.298087345768701,0.170284350602479,0.0482632256790852,-0.0461119488995609,-0.0668478246858033,-0.0634035882705981,-0.0568530159541128,-0.0363267414609827,-0.0242861696092868,-0.00775833973056943,-0.00118929165161118,0.227434990595555,0.187611487008577,0.160218076126818,0.124972436234899,0.0978520668890989,0.0681487522360356,0.0404996031266275,0.016203178710705,58069.3109584018
"34",-0.163041823530679,-0.0862698656156498,-0.0512969217877284,0.11911922005328,0.101574872813459,0.0730442219223381,0.0528021810626424,0.0143944132607912,0.694972725657333,-0.0992408833871389,-0.0368376872992862,0.173154396526596,0.498804580765296,0.646291274831918,0.806590494768566,0.947362313632557,0.269288203371948,1.04637287751361,0.993030794909347,0.747916354487498,0.454247041605974,0.307349913988055,0.172209126107719,0.0490844359755011,-0.0476066932242326,-0.0708014941647243,-0.0646532481792974,-0.0496718630322443,-0.0437717916379743,-0.02067640353064,-0.00939844405041598,-0.00169945397751056,0.231362044547296,0.185371635346957,0.154645025302316,0.125497599608485,0.0973018313171846,0.0699252571618111,0.0401572054177892,0.0163493677439608,58070.084213665
"35",-0.136017711044199,-0.0561905688956332,-0.0638290867645024,0.0953432937709067,0.109087606838641,0.0600094668307361,0.0490382205315674,0.0130679870025864,1.20927567863643,-0.121169057299479,-0.0218974376457165,0.22291523766214,0.4988211550013,0.667603960684626,0.811065008719408,0.94923704236123,-0.252460775924035,1.05798542271795,0.982571943205762,0.706330808351605,0.449068383745153,0.291277977174182,0.167738370223174,0.0476973268169142,-0.0420519295560731,-0.0722563924427704,-0.0696666705189869,-0.0536892093353287,-0.0396248322864604,-0.0243545900990681,-0.00536194589452011,-0.00227445892176993,0.226997056891663,0.186327300484051,0.159194368763681,0.12830376081274,0.0957308269601646,0.0704952898639221,0.04047046883335,0.0164966113344857,58068.4320025328
"36",-0.154527897460824,-0.0815850032576124,-0.0572728784409358,0.107965094421048,0.111206232467327,0.0736356606280474,0.0528188119309653,0.0149786169042129,1.62995772146426,-0.0876326135083595,-0.0661358138063676,0.203110458559018,0.513339459201887,0.649568638007743,0.807002188532205,0.948352141990959,-0.666537399928691,1.03098405656134,1.02636163146642,0.723787405087089,0.431404970767388,0.303975523554262,0.170857855865088,0.0478689949626408,-0.0483668945137018,-0.0629681033066892,-0.0653867837710128,-0.0589802415790458,-0.0353503372515164,-0.0220848218945188,-0.00658894967041807,-0.00223128104041856,0.225439513581614,0.188844861668779,0.155677612737675,0.126472462641654,0.0980834976889553,0.0694629236267706,0.0402514110910704,0.0160395389488984,58072.0659993758
"37",-0.180252435619918,-0.0863113401262406,-0.0421517234803127,0.107265913161586,0.0952160621286483,0.0790666766449517,0.0520617034072569,0.0123857837580244,0.571096451812318,-0.15130779719465,-0.0185214724697785,0.227199528642391,0.488785401198046,0.642396696936333,0.802022885166197,0.949064486297037,0.402688278116217,1.09785681029965,0.971046558455535,0.6982123322443,0.465455006506953,0.309814130636465,0.177162283194709,0.0479714140874362,-0.0489142437594211,-0.0703852619736568,-0.0686426019310279,-0.0563006768919551,-0.0369553675967581,-0.0228071988705034,-0.00720803726759292,-0.00231139149514857,0.226730736045981,0.184075346757408,0.161668120301841,0.12642897616613,0.0947934280270778,0.0683794225656402,0.0400670359241482,0.016400771652349,58071.3707286302
"38",-0.173860153013801,-0.108977010683632,-0.0589729419049867,0.105913077206239,0.0978721563004277,0.0744519260298128,0.0533372754323628,0.0138560325760404,0.0758650954489188,-0.119921327157011,0.00709084015187559,0.22113291701476,0.489979955724277,0.655148796410082,0.810377561761792,0.949039074523041,0.893239133887481,1.07373087916669,0.955210889106529,0.705021161803749,0.461736901433091,0.298948264042297,0.167719860835552,0.0475025569864907,-0.0485438330087303,-0.0660048877604486,-0.0761039399124217,-0.0584196691818492,-0.0319648704147045,-0.0226978748329317,-0.00952215833352802,-0.00270911422891353,0.227095515564108,0.187198539748995,0.157297875297205,0.124743853382059,0.0960872286307045,0.0694719576433578,0.040861120731914,0.0167714944678211,58071.9476178254
"39",-0.179823161888103,-0.0572883072093043,-0.0728409591996678,0.132197153579086,0.0918329749433894,0.0694598015613737,0.0524077759694961,0.0111878585091483,0.717384978773576,-0.166004867628406,0.0379146306758019,0.196790518186551,0.496828471143292,0.654355550264444,0.807418291334787,0.949304459229335,0.250952236390693,1.10337862913469,0.929049971438373,0.720172507838573,0.457415044380732,0.299950389997094,0.1710488802701,0.0483791323469012,-0.043125422538306,-0.0717537737199505,-0.0818561500424279,-0.0530825297092252,-0.0345780740518916,-0.0177162514481859,-0.0105217597116042,-0.00166584236774292,0.228417997263513,0.187767374314784,0.158385332107174,0.126350959886769,0.0958879635224883,0.0691604956783695,0.0403730714758496,0.0162434478442467,58060.3838882707
"40",-0.1717492889862,-0.101377755324051,-0.0540786502837775,0.107326604531685,0.0981673633477852,0.0682683670381551,0.0570746462236153,0.0140656135513367,0.380384313870066,-0.182773209157066,0.00241205127825569,0.211685955864584,0.51914682790194,0.655157894119663,0.802819081773457,0.946944504884836,0.587051748161463,1.13415301418351,0.953842935384634,0.714578096433848,0.430804379850575,0.300974860760717,0.174514935095773,0.0494971592915772,-0.0345956312242883,-0.0661217956710945,-0.0626081351791312,-0.0540668731344881,-0.0365211120351089,-0.0251713278253854,-0.00892667470913627,-0.00119710723196819,0.22078998860342,0.187226580713851,0.158281376557348,0.127515439051816,0.0973352130162573,0.0687545221208484,0.039800120404826,0.0165329293043763,58072.8440995644
"41",-0.154830542192104,-0.0888196812075576,-0.0826140766336414,0.123942695056214,0.097997649021632,0.0787732467678394,0.0480487375480573,0.0126396534906157,0.191494844046576,-0.134709476155618,0.0416905563703603,0.17869814226281,0.50467026877161,0.657901585701943,0.808845248909733,0.947490943965259,0.771924636806603,1.07953577355087,0.926161093744236,0.742082047890851,0.447842966251442,0.294927268192988,0.170793271982892,0.0498156384054147,-0.044406022617689,-0.065964505783221,-0.0656783678913554,-0.0538448338995192,-0.0387445085677787,-0.024706925925034,-0.00719201321920532,-0.00259360078724091,0.221076440184822,0.187452762561223,0.156867482708414,0.126222036392751,0.0973952607075694,0.0693539045108907,0.0404602842589657,0.0162800931754314,58068.9169228494
"42",-0.172793073781551,-0.10231003045919,-0.0733222348139927,0.113573885026238,0.107996451495638,0.0602350855355151,0.0528719316708482,0.0126922574553882,0.506753184840012,-0.0940855240929802,0.0609338824749144,0.176466694915822,0.512717767190036,0.666788250192812,0.807067535247904,0.94702552734586,0.460377309725653,1.04726339516488,0.900252588176227,0.747259629183099,0.436251049462956,0.291447763360069,0.171819558542391,0.0499984796498481,-0.0462494308337779,-0.0793383000861543,-0.0591040862707738,-0.0588772436784711,-0.0369661187701474,-0.0211687878106614,-0.0100947711318063,-0.00129121221367053,0.224855385995532,0.18639238869787,0.154945642337648,0.126054568478167,0.097357825955151,0.0680691516280663,0.0407260583647334,0.0161591204398027,58059.3289432621
"43",-0.0993022969170503,-0.050534099702291,-0.0356326187968785,0.111896037096499,0.0974699532456159,0.0772788775421666,0.048134428749889,0.0136920111699301,1.58316681108828,-0.0445080614589302,-0.0270248122177706,0.204896604346986,0.522407528860616,0.651098534256452,0.807578035798128,0.946984661679493,-0.637696388856972,0.977250879217815,0.979035340869621,0.718184619042327,0.427387583861398,0.302302355589249,0.172626730500616,0.049361012648775,-0.0450242552264442,-0.0608602465364182,-0.0698484059586684,-0.0528696008505177,-0.039385136651832,-0.026294420494139,-0.00785057569970759,-0.00114950255493951,0.231146881161297,0.188178050164561,0.161362068166912,0.127925495383735,0.0969977314883514,0.068808732803575,0.0401726955322702,0.0163781418046081,58059.088907979
"44",-0.139773044821814,-0.117889915295056,-0.0583257241259621,0.111185114640332,0.105011970822572,0.0736430679349221,0.0532695577323434,0.0132035842058524,0.00578431672974024,-0.0726038004923413,-0.0241790597057768,0.231129547979254,0.481224146579425,0.658882775378124,0.806797647558513,0.947406134008739,0.955009257424371,1.02769895263246,0.986296780190233,0.692274949511925,0.468226934802897,0.294459942849666,0.170781981950987,0.0496561075954513,-0.0518922570630797,-0.068670348742095,-0.0784635073336553,-0.0603848135091671,-0.0336452069743278,-0.0234261764330078,-0.00810590797876646,-0.00279197895664333,0.223337477851549,0.185221092183257,0.156653178388016,0.124577003953477,0.0953350163277301,0.0686352520952686,0.0399229827654483,0.0165533183364111,58067.5812308844
"45",-0.164293557577248,-0.0959049802462588,-0.0653536970445946,0.108941517302843,0.108296848569591,0.0667272914663845,0.0498712790276321,0.015361949371793,0.224380527503849,-0.0878638150505276,0.0728741528933236,0.191541513284493,0.506323495561024,0.657363452170389,0.812050426622016,0.949540200109486,0.744336737236491,1.03701209889213,0.886692169711588,0.735829574241874,0.4414133106771,0.298067122782107,0.166188262585076,0.0463521510630047,-0.0576907750998386,-0.0712421410777844,-0.0670743355544261,-0.0644684673304793,-0.0356937026857915,-0.0193506570348739,-0.00617282856687435,-0.00177558603064401,0.226882653607618,0.184570092584786,0.157753383572763,0.127173118833851,0.0974905664391399,0.0700935091694681,0.0400090592946536,0.0162584502541346,58069.4235706714
"46",-0.160675417780455,-0.0770793173372924,-0.0423340923358741,0.116956520496277,0.0917907058327019,0.0768736651362932,0.0541208958141225,0.0165308782283669,0.71476031373409,-0.187149989152397,0.0146409792425159,0.190380173165121,0.513448736849023,0.642251634877628,0.799581207287862,0.94861724400316,0.250138393885911,1.12839476538524,0.941402207545721,0.734039990030862,0.437862207214951,0.310643647813679,0.179123891624929,0.0465611253429108,-0.0421692231562341,-0.0633768082226606,-0.0799437980575209,-0.0629662306391998,-0.0335926005491891,-0.0251504762692237,-0.00779465609791837,-0.00110775234068646,0.221071610075542,0.185720905200655,0.154639507638435,0.126162956804493,0.0978100432637673,0.0679105156190688,0.0401234802640784,0.0163662756200651,58059.9504025247
"47",-0.148414927976407,-0.077238566365071,-0.0483187049163384,0.0994961831919427,0.108208287703687,0.0794518033086825,0.056913758815702,0.0140277475643658,-0.0429315070685342,-0.186884562114908,-0.0337577911507801,0.224834094972328,0.500298081922987,0.66134571582585,0.802289196541325,0.950610782780641,1.00318797650176,1.13157175950354,0.991773902155802,0.703619787872261,0.447374877039107,0.289461080325045,0.174493134583061,0.0455987132532679,-0.0422845656864315,-0.0656471832522976,-0.0681412389957375,-0.0603097166188756,-0.0377477127110017,-0.0183687001175495,-0.00731029726726604,-0.0017088648515341,0.228172545238152,0.185694031897781,0.157813741229192,0.126772549232065,0.0973468285718814,0.0692203433980003,0.0405851179342378,0.0161493431919381,58068.4211631012
"48",-0.163482218491017,-0.095566704315756,-0.0733766810911473,0.115356481518325,0.0927686018797739,0.0768513404614934,0.0574892430780217,0.0135718845987016,-0.181487676352149,-0.0833115381596913,0.0105177557903379,0.189231186538727,0.502721847879147,0.638645696809688,0.802511188148388,0.948686070680595,1.149361238201,1.02921960792134,0.951938572716203,0.733509810714541,0.450892552452545,0.313520457968961,0.173651608459209,0.0478086605564649,-0.0554400327094939,-0.0607815360262506,-0.0626790562120077,-0.049595083761751,-0.0395208690402528,-0.0207134753438563,-0.00683166772130344,-0.00181918648204709,0.228900193009031,0.187011974289925,0.156647814537309,0.125699322813137,0.0963100249678402,0.0705278120793937,0.0404359484406476,0.0165315811361962,58069.6704960316
"49",-0.177177434645755,-0.0760621135848573,-0.0652833995987778,0.115056418261397,0.116355590020372,0.0726571049486696,0.0566358718361275,0.0126684306530479,-0.59301883283417,-0.150911703193626,-0.00989580699223524,0.20905374057432,0.485452205206356,0.656185387065,0.804820387502023,0.949004237723604,1.56070313397347,1.09119243369591,0.972562176026024,0.716142251300516,0.459956752252631,0.297658386592283,0.171636873787047,0.0479918288282652,-0.0359309849328628,-0.0672306337956688,-0.0747221154858961,-0.0621120958030881,-0.0353929607777999,-0.0214969727435148,-0.00688785265444861,-0.00195784164330714,0.225238743340034,0.187422949982741,0.162874279531939,0.126054988775695,0.0961202577334571,0.0687049706747327,0.0407862031707061,0.0164698268578955,58071.5996743915
"50",-0.166941927967202,-0.071416153518155,-0.0710562288383706,0.113505294509272,0.101495734744086,0.0736014060110204,0.0538928525475675,0.0151422880796045,1.38323388094389,-0.241903366714648,0.00504267057044791,0.197778032283556,0.511053085435062,0.659363724283382,0.803876275870518,0.94807870164741,-0.414928107029868,1.18161530021835,0.95698017226009,0.725269218767856,0.439676129560099,0.294428583527328,0.17400870524344,0.0479342123407408,-0.0514012088522079,-0.0655019417192528,-0.0658316112445331,-0.0500369546108478,-0.0402726588855215,-0.0223359111546162,-0.00653129297380563,-0.00277606850706868,0.220817376731562,0.183439267767688,0.160200852917329,0.125531019360179,0.0956504527148985,0.0707689940390153,0.0403954298315265,0.0163337331361042,58068.4748342723
"51",-0.171695759881236,-0.0798148746181276,-0.0514054791894015,0.10693325350342,0.11910729682678,0.0678872431577901,0.0488448434293041,0.0139618113477248,0.265891225089314,-0.131782901026606,-0.00854949070010418,0.204356246145539,0.477952863626055,0.657327499030423,0.807189215000888,0.94712142675893,0.70507923760028,1.07674279867375,0.963324371650135,0.721005096021757,0.46754889811106,0.29785832127492,0.171824827479259,0.0495936965428811,-0.0502970872871601,-0.0740315349862956,-0.0600980278936188,-0.0519223985082027,-0.0375643063233598,-0.0196025757706087,-0.00471360622242617,-0.00218419355977628,0.224016863080328,0.182984570416849,0.15932624113082,0.128110619858025,0.0971771944373277,0.0689818662203142,0.0401224620810592,0.016230697173973,58071.9863087371
"52",-0.232218069062762,-0.0720872482641548,-0.0498088499837915,0.134988921192499,0.104720967098781,0.0776199050590169,0.0569780198442332,0.012586456577352,0.362832499604914,-0.193745708831532,-0.0280299216535848,0.162209044472213,0.493054702883501,0.64970460887477,0.80592424677631,0.950819599823419,0.626645934854259,1.13403920766753,0.982521739129417,0.756448551135628,0.457235668449371,0.302660440295679,0.17030811169503,0.0461066930379217,-0.0513020503891479,-0.0612726996963876,-0.054855208275429,-0.0615676598545602,-0.0387079107181808,-0.0243097401887086,-0.00613137679712452,-0.0027975737429559,0.226148162493685,0.184995046294108,0.158710398857697,0.126622269405886,0.096457348383445,0.0700767187988845,0.0403471739103064,0.016277354289761,58065.4489093078
"53",-0.148011182708955,-0.102019443562114,-0.0656950802133786,0.0999521050840739,0.103876680766357,0.0751527134456969,0.0522303021863338,0.0150055057949698,-1.03154861889358,-0.119926160729466,-0.00404214646296375,0.21734253958319,0.490954285659038,0.646179332220853,0.809924498381531,0.949911041316807,1.99075649484718,1.06967621790707,0.964493417483872,0.711919583436166,0.459292485382093,0.307542248424501,0.167759424244231,0.0459835809124957,-0.0392068434429814,-0.0666280426249396,-0.070320097863277,-0.0628567188744426,-0.0395309125846805,-0.0221663841110422,-0.00665474713590113,-0.00195758514406992,0.228710202549293,0.186579807098787,0.158276799561691,0.126746009711699,0.0982307596494713,0.0688922630338021,0.0396127879894873,0.0162668114441303,58071.8469372358
"54",-0.148346142235949,-0.0704493378165394,-0.048186514009907,0.114579501702212,0.116977840105941,0.077282596890678,0.0591747100606774,0.0158014841182035,0.709971633590369,-0.11932776914092,-0.0235081391301821,0.211283826344892,0.487603619990904,0.661196750433112,0.804168799880343,0.94902992801928,0.252875122105303,1.05828968920863,0.978975343942325,0.713355123937891,0.458215119505247,0.291463888641395,0.17139884946512,0.0468352468663667,-0.0540333502476031,-0.0642006000734705,-0.0650384828445202,-0.0623569465272793,-0.0370524818145624,-0.0240242098710497,-0.00692324126356882,-0.00273734810934996,0.230882880733126,0.189141787778733,0.155896350066987,0.128854745493457,0.09625076697972,0.0684289078146509,0.0393868985838337,0.0163373199592461,58069.3941111251
"55",-0.128822673671514,-0.062237122256815,-0.0669754618528243,0.0918298878541564,0.114803853698172,0.0641339014734862,0.0512461989931647,0.0128688078023997,0.98217406557231,-0.163061409357931,-0.00643726970656618,0.245879012228864,0.491479148384633,0.664747751910978,0.809280493158698,0.950865721435747,-0.024695651557206,1.10053857634544,0.966918607236097,0.683077835280171,0.455087128324165,0.291171360157852,0.169049200340828,0.0459568581892578,-0.0550709552252048,-0.062160480688214,-0.0548408726891763,-0.0567380357997285,-0.0334210577459395,-0.0203686973054577,-0.00764307484215624,-0.00239018693922764,0.22757665390297,0.185360891422685,0.158984179031667,0.125903084965326,0.0964322125032759,0.0677900996843418,0.0398620249502302,0.0163192996038386,58066.3229283076
"56",-0.183094311674779,-0.110993775587257,-0.0631326898292664,0.108659350968529,0.117760276122456,0.0666785298904058,0.0480269009819495,0.0114847107915228,0.300415257113463,-0.130192658448288,-0.00435873090611342,0.194307877789202,0.503213040356808,0.649068493804727,0.80780186838322,0.951765484895844,0.671025052800604,1.08388637919718,0.964293460418791,0.732819260055483,0.442444639536129,0.306372355419455,0.172164991705089,0.0452244881618034,-0.041332227116151,-0.0609995023463699,-0.0642060352256295,-0.0640295443700544,-0.0438114439972865,-0.0173555769279672,-0.00783840555732213,-0.00221781147375194,0.22489374873305,0.18639588220183,0.162279615602172,0.125133502561971,0.0969285416776808,0.0689968638276438,0.0411201670548082,0.0166273196914719,58061.7020137173
"57",-0.189142642899051,-0.07966606670853,-0.0554382672145295,0.11316766996077,0.117054920044859,0.0689930358252015,0.0579991024161464,0.0122736715593519,0.746603432254835,-0.17534210350239,0.0305128172603983,0.183957360196929,0.480974635402438,0.66385898049458,0.804982967985297,0.950508558161679,0.232374798631571,1.11717473566376,0.925911713281768,0.738832546261218,0.464489491918538,0.291017491541817,0.171412481825467,0.0462893275564076,-0.0669525370869924,-0.0651182183254416,-0.0667385848265992,-0.0491089197397655,-0.0339839777598924,-0.0238791304572535,-0.00744354265873656,-0.00175758071151449,0.229822961654719,0.185271918777509,0.159433272282944,0.126203935826498,0.0991586179723071,0.0699590752245745,0.0397840088970017,0.0166930098668302,58066.5218331194
"58",-0.158487963734604,-0.0839953402771085,-0.0857190501061498,0.110330998490448,0.0926432764765517,0.0719503860828542,0.0586791131645858,0.013686329280245,1.43344384595849,-0.0856160338383499,0.0233401761120494,0.179137078778852,0.507872130064341,0.654710755042423,0.803963775218587,0.949882842094695,-0.469643652024457,1.02744384482808,0.94302466084891,0.745892794638277,0.444584067794134,0.300023269877747,0.172154642285099,0.0465937958034432,-0.0392891714718924,-0.0625318199623099,-0.0628777391997992,-0.0523879334020438,-0.0395965955138078,-0.0256063286205265,-0.00799418429866201,-0.0023631502038727,0.224340730924276,0.185195300830964,0.160863035902632,0.127680467430572,0.0975442144070342,0.0688075750625195,0.0413818756385507,0.0162165719097781,58066.8101478541
"59",-0.151941722175861,-0.0633314105080141,-0.0425723301448987,0.107427534637691,0.10595105284213,0.0775769684991915,0.0536958747269869,0.0131946214071049,0.709868306081006,-0.167873132370612,-0.0196050378731138,0.228172764117154,0.486817132632413,0.661688408249283,0.804523906958368,0.94894698494805,0.255486042925669,1.10571851204037,0.971810221498315,0.699098903377678,0.462140686066645,0.290666613944645,0.173948651637612,0.0480174530324239,-0.0511536797905151,-0.0691238145051686,-0.0664839108789826,-0.063941899654417,-0.0320953210331847,-0.026035867641539,-0.0102575026001718,-0.00306268172142545,0.229676996094449,0.187729037836094,0.158782454626372,0.126043630756674,0.0970751724675095,0.0686014872343454,0.0404003058560788,0.0162773360418022,58070.5757722731
"60",-0.165295187244651,-0.0826102064031862,-0.054100953948562,0.0921651464318932,0.108060201470387,0.0684483039909303,0.0632303490624509,0.0137496483073323,1.07793839077389,-0.0819879527461379,0.0369207228549357,0.225004949161002,0.495580657870579,0.646855312858884,0.797793988513542,0.950131186907829,-0.1081299734171,1.02708997736228,0.920854651614237,0.706058958999869,0.453171066296333,0.309906794175379,0.178205467888051,0.0463304557452524,-0.0623898261034128,-0.0688401809248859,-0.0709840002028042,-0.0573266770403684,-0.0350109747137022,-0.022585374167093,-0.0109888213887739,-0.00233269530900553,0.225300648107566,0.181356210759541,0.157332396577945,0.126130185071205,0.0966037154955812,0.0689748542108844,0.0401602272388985,0.0162748370212354,58065.8632525255
"61",-0.194761533266466,-0.0954379457419155,-0.0598566546092851,0.121091226172322,0.106868062964214,0.069232324879498,0.0560028714995826,0.0132335797810273,0.939637917993497,-0.111308175290849,0.00184689702356143,0.198063279226421,0.502220584592031,0.65204649694913,0.80522343958327,0.949956050472323,0.0382081933308833,1.06199402238445,0.95900289247878,0.722550250359634,0.445972887007244,0.302893159730598,0.172130658163319,0.0468892239261051,-0.050366029083566,-0.0708800796854204,-0.065196756481823,-0.0562831872824011,-0.0351333448021945,-0.0221599683461238,-0.00954559019919556,-0.00281584170404495,0.22771702364331,0.184688038716134,0.159003012119846,0.127875423452418,0.0968961398769569,0.0696649808786088,0.0404248417459813,0.0165924705957322,58075.5496739238
"62",-0.207952822015114,-0.0765588241743212,-0.0613226088325272,0.116312300598555,0.105165204694633,0.0742798410215359,0.0510686436578901,0.0140359393146655,0.0706892468429032,-0.184774627914954,0.0143748714391652,0.205918766849647,0.479200123356392,0.648776281066193,0.807706200735201,0.948207035751036,0.907891135065832,1.1216483935735,0.947549319700842,0.716143199430208,0.473221401940321,0.30419771554583,0.171183941845752,0.0485989676655382,-0.0406140269436141,-0.0554169717985329,-0.0721400001260211,-0.053361669566065,-0.0413812234118943,-0.02067165797978,-0.00707937722217465,-0.00236936773484736,0.228952680843693,0.183358751613603,0.158018225721453,0.127684694981497,0.0960638166571877,0.0690326959174986,0.0404371833928559,0.0164720816595594,58062.1594495793
"63",-0.140233549874678,-0.0847855460710669,-0.03327465830566,0.111617041483515,0.107369336402419,0.0624387970565283,0.0580247937749118,0.0128539394462166,0.280516539965312,-0.151860266385296,-0.0141787397947991,0.172645963190919,0.476706943641536,0.662717529735706,0.802092143806092,0.950560397028568,0.675293760294672,1.09958818453399,0.966202267659913,0.753527321737762,0.472841286459424,0.293863895597626,0.174674251279307,0.0463711158035118,-0.0491499044995261,-0.0745455137935222,-0.0680784242126155,-0.0592182770198595,-0.0366001045661419,-0.0190454467744099,-0.00701451911396074,-0.0027277247377296,0.227409615226186,0.184589850492661,0.159740790232807,0.127685026224174,0.0963151648376019,0.070819656140239,0.0414829768664133,0.0165182000903068,58061.637729792
"64",-0.184540911512038,-0.103429599194528,-0.0677428745877828,0.125073183980925,0.0959660205729931,0.0683735552134835,0.0523675459944958,0.0159762872340537,1.41011826892703,-0.0615375088830746,0.0160310662810641,0.212810935454615,0.516277146319838,0.658934457691937,0.805331510255769,0.947315872900282,-0.43416409154426,1.01325723015074,0.945760597085077,0.707640892369189,0.435071957835482,0.296746549811703,0.17330145310041,0.0483866592243658,-0.0568838388325664,-0.0720610482044449,-0.0693236052919097,-0.0618296810754867,-0.0343817583739149,-0.0225797703687795,-0.0102306724604161,-0.00166239174855649,0.225059275960918,0.18909113817663,0.15911910340219,0.124162952718422,0.0975950716298178,0.0685706810131903,0.0406506032793391,0.0164068005340581,58069.5372416192
"65",-0.182314699347718,-0.0734578951835061,-0.0651851254052495,0.129635577955507,0.103482858608804,0.0738549093695706,0.0515394341750132,0.0116413213520052,-0.923778095193671,-0.132529518696218,-0.0386647630683586,0.176928534409545,0.498426634490874,0.652694639003908,0.811636331157432,0.94929908714861,1.89592533723239,1.07440403509417,0.999355271219416,0.742622881712592,0.450532388869422,0.300333853239565,0.166269104095727,0.0484526625961877,-0.053097408498687,-0.0674410095630286,-0.0628106812452752,-0.0582771723082785,-0.0326224893148482,-0.0227487743959368,-0.0061904947513428,-0.00228622556981822,0.227374614440606,0.182800532535151,0.157186234514299,0.125834408170327,0.0945559844032836,0.0683628960725817,0.040291306041089,0.0164518733853067,58065.420952075
"66",-0.172375919597817,-0.0946727853241524,-0.0400632226084679,0.130936841455867,0.117470713049297,0.0731687041591532,0.0442181314181399,0.012578202687302,-0.52501088072134,-0.0360000949779027,0.00659949416121425,0.183153509946637,0.491492839952172,0.656557725647236,0.815684290974245,0.94709020618595,1.49292906941476,0.982421708946967,0.944227344858165,0.733643598830446,0.45354917772944,0.297302431065371,0.164681568937706,0.0496955229459696,-0.0494475711714131,-0.0589422672093467,-0.0608601259555917,-0.0509865807807222,-0.0427456437914645,-0.0230356753039987,-0.0080084725208908,-0.00146696444146928,0.225157253179006,0.18471230906578,0.16219162386558,0.126783082966101,0.0953033260868778,0.0696348659175447,0.040334820086666,0.0162276229988628,58056.2676737797
"67",-0.182002105652566,-0.0801276867977848,-0.100331932058005,0.115170055368603,0.108831810324178,0.0778161170114201,0.055793744864313,0.0121614094013485,0.57770991042313,-0.18907377624618,0.0300875956854353,0.209478598513798,0.485236564508969,0.655782682275838,0.802018771117945,0.951193521318725,0.394200681712764,1.13215091806656,0.944079865085312,0.712925797040703,0.462653500479057,0.296295254172102,0.175754469196226,0.0460417151384746,-0.0434332260536966,-0.0635032718411499,-0.0659659417112737,-0.056565041613745,-0.0315020340309216,-0.0243222710196953,-0.00978327207612209,-0.00339109226766692,0.226296979057391,0.186006937549546,0.159044164290834,0.125747504627339,0.0967234718418089,0.0681064931005518,0.0408070885535793,0.0161286131715899,58067.7747972592
"68",-0.167793425370996,-0.0961783441541352,-0.078838196924619,0.117321691087112,0.105202232311587,0.0791039504089786,0.0564763317961756,0.0135555062620812,0.404299025173766,-0.168920295927073,0.042724653488917,0.203620095138511,0.496504073983479,0.651907259592117,0.807695656065067,0.946965271691305,0.563426806142818,1.11969177279296,0.924104174424614,0.717934191210669,0.452856313408728,0.300272893365632,0.168136150595456,0.049625995874633,-0.0507658847599107,-0.0715454675522321,-0.0712294099147895,-0.0585958024306362,-0.0365488104320145,-0.023811988594179,-0.00508561763625785,-0.00139716903630724,0.22283281415039,0.186971792663971,0.156593612310914,0.127972876757363,0.0970387336756338,0.0697088018822044,0.0400498343812294,0.0167047297703026,58070.7413059969
"69",-0.162180389142942,-0.123444289646491,-0.0569645080317693,0.127444828906876,0.110338784709697,0.0719697849785814,0.0527881941157121,0.0125528511458417,0.539039114441024,-0.0487756648551436,0.00815279361765251,0.206276058893945,0.502808006037818,0.665014115073101,0.804754416571206,0.948259900694967,0.427823605694236,1.00834248903644,0.952226971392601,0.712584563400924,0.444742059665274,0.288158007100694,0.173525048029402,0.0483424980640722,-0.0478589185427014,-0.0766138587980448,-0.0712261325822932,-0.0598995920163385,-0.0413763495096847,-0.0241621547945604,-0.00887856173810745,-0.000670025939236659,0.228062652404696,0.186587133750259,0.16005020440121,0.126119423621071,0.0960852493450506,0.0696608754299593,0.0408853165112944,0.0163278144978727,58065.4672446452
"70",-0.181898445643102,-0.0727018972853951,-0.054885792714998,0.126386753335192,0.114737988435579,0.0726148170441028,0.0559735579090925,0.0139726708511711,1.05812924115207,-0.198685296260552,-0.0105095169397029,0.169411500017747,0.496134111527208,0.653049692328469,0.8010058444621,0.949738090745724,-0.0885552205792953,1.14189783478547,0.96888995899771,0.750135255796334,0.448823909437266,0.301549567325819,0.175726409740524,0.0470472720577872,-0.0370807903982095,-0.0655263038012963,-0.0760936331524131,-0.0517705794597266,-0.0343149972473717,-0.0233027747556118,-0.00614361943486334,-0.00318365267709199,0.226277608866963,0.182413777628871,0.155431430771768,0.126515035881706,0.0954930433869775,0.0688612219300549,0.04004011746165,0.0162927427723529,58066.1631216496
"71",-0.148481662379021,-0.0799098150083303,-0.0470189757557524,0.110958852013431,0.121806985335909,0.0648564818665037,0.0521498089198739,0.016149637029748,0.968676918763995,-0.119532945072845,0.0053024354405628,0.184615729480152,0.482893599514537,0.664538315628956,0.809903964896732,0.947495951658262,-0.00957935837831287,1.06175972742442,0.950359834620564,0.741218534185454,0.461743879279138,0.292723133143845,0.168287750897704,0.0482182635356087,-0.0379920837560056,-0.0624613102339363,-0.0642245565061491,-0.0593829668217621,-0.0404887157349147,-0.0263329557209448,-0.00875394477388615,-0.001658138104615,0.223368250740082,0.185565870278925,0.159618765081033,0.128954618934762,0.0980327914809095,0.0705543593740741,0.0408351953909697,0.0163103661948512,58067.6973627915
"72",-0.175461037823386,-0.098779810644224,-0.0389431173765053,0.115418176057094,0.116569084275079,0.0649189457816146,0.0565226854956291,0.0134867596530895,1.18588452391351,-0.131537907396174,-0.0410121805891072,0.200559602481552,0.49582586301988,0.662761409669056,0.80137421973913,0.951477127139201,-0.214590983358545,1.08087811757258,0.991210649281219,0.723512555642749,0.447799320457011,0.294035862767001,0.176120769521561,0.0449202033406484,-0.0542448622712738,-0.0621146098970005,-0.0594877089815492,-0.0638077777624526,-0.0322058545686472,-0.0251732773128321,-0.00840589018499518,-0.00238682717217487,0.225104019086855,0.183874923192276,0.159738949021373,0.128516037799162,0.0962066214964244,0.069860796461689,0.0402231641699174,0.0164642940477225,58071.7875239253
"73",-0.157029309166505,-0.0698319843953085,-0.0765421005274177,0.108729295172511,0.102304717219066,0.0709473201339183,0.0561756024112694,0.01131867989399,-0.0610263403160317,-0.167266255326838,0.0386218370979304,0.207780461909976,0.493658313431348,0.658070803869974,0.801488132935571,0.948040462945609,1.02203579318181,1.10449834585925,0.927270174649152,0.71851783919071,0.455665338432877,0.297714028676875,0.176813991171319,0.0495000689255276,-0.0366458753037838,-0.0606306364742676,-0.0730332932502856,-0.0640362059344224,-0.0357424834831404,-0.0255097628913638,-0.0111054599812849,-0.00233428334635441,0.222850693422346,0.185120354215933,0.157951249145441,0.126175055780335,0.096220692523963,0.068698311960006,0.0405066112671343,0.0163339673845684,58067.0188674731
"74",-0.163685837073955,-0.0929388035850132,-0.0718892390557744,0.0997893853505524,0.109765319135027,0.0738105799181564,0.0507833988360713,0.0167251468233156,0.0700333521293995,-0.0702606734644114,0.00769019321475157,0.212567177719033,0.503458071543785,0.65616760196524,0.809950384553528,0.945010842483703,0.892151826901203,1.01822354245822,0.956560379122964,0.716950056233478,0.443623008463083,0.297340291931465,0.169138163082774,0.0506691754937064,-0.027242951557948,-0.0664364281141531,-0.076045869215077,-0.0587235167370366,-0.0408938062068464,-0.0224524381588527,-0.00972151265389586,-0.0025155022199445,0.225138282422084,0.18459062419085,0.157671575928786,0.126912547385647,0.0966596405140154,0.0683023280429042,0.0398155728058861,0.0162855669725679,58068.2682658676
"75",-0.140899204927493,-0.106905168456808,-0.0651298268618501,0.108145798718919,0.106870021638146,0.0757382705495373,0.0559269282974428,0.0133266389511326,0.86993432698917,-0.208001311992848,0.0168716464952735,0.194335128362614,0.494408662603739,0.651140840132249,0.799402509371279,0.948694251416672,0.0914690218607998,1.1577707806932,0.943819631264505,0.731667086780528,0.453671627162258,0.302056161184755,0.178129536923135,0.0483301964647748,-0.0612801891174625,-0.0639088767351483,-0.0646003114821925,-0.0526128153130539,-0.0317075126212216,-0.0230415220800575,-0.00742463048641547,-0.00268521481228193,0.228584178617729,0.183080099063987,0.157324064911608,0.127207185957915,0.0964127548981893,0.0690356052901965,0.0405877082600902,0.0164433579946997,58072.0205607483
"76",-0.180699589289253,-0.0846134859695494,-0.0504019679071826,0.116333927143817,0.0981920325070703,0.076763571062225,0.0471671905550588,0.0158769798649299,0.343434261781269,-0.103098904962955,0.00187827792926669,0.224510719816827,0.511214877727954,0.645004291648791,0.809791270197632,0.947529669698865,0.629436097287679,1.04907135047332,0.954348794410721,0.699393275169449,0.438869213556816,0.30791592304106,0.169984180529564,0.0481293447418782,-0.0528262347207118,-0.0658582445630949,-0.0687382085729605,-0.0628022141485327,-0.0363609435219248,-0.0202680842182796,-0.00919984027430592,-0.00165680237504569,0.232283058523554,0.186350372973429,0.155321058646804,0.126628721589759,0.0961264539547487,0.0695940633402455,0.0402156862694973,0.0164597910675092,58068.8873337763
"77",-0.176936320072054,-0.095404153703131,-0.0386011204291712,0.113418466938326,0.0952376780044664,0.0745258864152862,0.0531642074554303,0.0124478374192419,0.0686810962016602,-0.224020315704593,-0.00253909268864335,0.203887458760725,0.504490452049341,0.654014525395418,0.808721761500927,0.949440631902341,0.903915113392356,1.171038476577,0.953484476361675,0.720364348225583,0.446641195988619,0.30101317357965,0.169373478387633,0.0475978946182357,-0.0564981994331285,-0.0610611415493652,-0.0658978651690879,-0.0579216904542598,-0.0334109432194427,-0.0252094192101148,-0.00788330089600215,-0.00203397496827204,0.22365044811637,0.187434117969882,0.158495678175582,0.125896525777989,0.0958788649656639,0.0698152530769745,0.039868415992246,0.0163766969792801,58073.3485360268
"78",-0.141371771699041,-0.0979250714187429,-0.0640438773391686,0.105787962504267,0.0934690271678295,0.0680583069738039,0.0532603279154892,0.0144054955225911,1.58245248227632,-0.0928466965780033,-0.00142188268735435,0.220445536031604,0.496650964758813,0.657445443767019,0.81060553991204,0.947780364092375,-0.622125498509103,1.04018782189908,0.96217323835254,0.705857657882077,0.456281347480834,0.297473870579742,0.167551917465518,0.0488283824954532,-0.0505340451180347,-0.0605684649530858,-0.0713624150865309,-0.0562005313264473,-0.0341791814485291,-0.0218895232784499,-0.00726397573176054,-0.0024573399930415,0.225128004443052,0.18488446392437,0.161199047980026,0.126972423407884,0.098882094859803,0.0698449658045366,0.0403846170920271,0.0168308997759095,58066.943900237
"79",-0.202246213567167,-0.0873715360411481,-0.0664007379062242,0.116775848079288,0.0998719481836823,0.0688593255791287,0.053346365739145,0.0150758197964401,-0.703326394444738,-0.0935368370985502,-0.0253426594788643,0.226750132030407,0.499516950788421,0.657047854678795,0.80417546429908,0.946344213034607,1.68471337423935,1.03860698410996,0.986228660757742,0.695839515358955,0.451047922829764,0.297120155565651,0.174254501799892,0.0498872660989449,-0.0519391273533742,-0.0604091671647575,-0.0672666902641398,-0.0560353399922717,-0.0369341634287809,-0.0215999663335813,-0.00704037978106494,-0.00214757941027306,0.228476550790051,0.186043183996957,0.156744454213846,0.12655581205578,0.0963959155271584,0.0690451710070726,0.0401784411497303,0.0165197748365233,58071.7188128857
"80",-0.154737590077386,-0.100866742209929,-0.0460812940674977,0.128934404343659,0.10468865966418,0.072766339006484,0.0561346309340422,0.0120841802861744,0.276183627253669,-0.167359206573551,-0.0246258577161049,0.185181535082215,0.498735792093251,0.651493964990899,0.797692081979325,0.950812150070723,0.68755281460332,1.11543579778307,0.980088140390555,0.734184776460764,0.449925628239962,0.302344086866069,0.180243644669571,0.0462279500974997,-0.0481871493745742,-0.0608571509937132,-0.0690862110110587,-0.0532805041627264,-0.0327369343367115,-0.0195792722886278,-0.00787767059205731,-0.00270952732898711,0.222171229819826,0.182806417059987,0.157220872415228,0.124696448942917,0.0975867116454497,0.0704761850285325,0.0403423994628637,0.0165571343140539,58069.9389691585
"81",-0.181097176935893,-0.0881280820426081,-0.0583008248695046,0.112870747399974,0.115147848370744,0.0712758795721383,0.0498270863738293,0.0143172876201533,0.454307923064769,-0.155365390052292,-0.0446057408541208,0.210093847624159,0.482719146081913,0.652147515150507,0.807704260934121,0.947990390890561,0.516886568323001,1.104531106715,1.00393304065163,0.712639316465667,0.465287124980301,0.302404019025144,0.172251860749547,0.0484479104903853,-0.0483332792223243,-0.0871437814925924,-0.0663049802599577,-0.0551068703494143,-0.0434465658497247,-0.0230762443835091,-0.0115439310973908,-0.00220098522398517,0.226024273054479,0.183576281630389,0.158491280685095,0.128170024458778,0.0984448067778964,0.0690151518158029,0.0404902098078658,0.0164762309600293,58066.84240466
"82",-0.160902799048874,-0.0754144236363739,-0.0479212880835517,0.0915433433256191,0.108890210438919,0.0649081326326938,0.051477878663109,0.0141984303180371,-0.157688414536359,-0.220239442855184,0.0125136135165002,0.250558313717264,0.527611517791241,0.672876062243019,0.809177465674701,0.949732954419845,1.12490757006708,1.16240215720042,0.941906031395106,0.680765220574945,0.41840078774115,0.284763904167279,0.169252605618959,0.0465432227313088,-0.0508419671861502,-0.0699483022028909,-0.0639250487676292,-0.0611799907652742,-0.0379845748371143,-0.0249625803310428,-0.00752579731514143,-0.00207810070458059,0.225349610535739,0.183242217266398,0.157865144836686,0.124874733884097,0.095345022949577,0.0677959767761606,0.0395431486960791,0.0165218999768711,58062.5118929762
"83",-0.198084752408727,-0.106114429126324,-0.0503283268456256,0.0822730008863039,0.106939108483518,0.0702732020157303,0.0513249665071824,0.0149962650741047,-0.95622341227687,-0.180177812818722,0.0404019922533361,0.268450059090424,0.486379566215079,0.658222490196233,0.812876200795241,0.94722721099297,1.93393421775688,1.13118561832425,0.916762274811801,0.662305135126753,0.461890060646206,0.29737883838597,0.165569875246376,0.0488809147186364,-0.0528864638260419,-0.0626700547231669,-0.0754315051995256,-0.0577415510186181,-0.0335510825265103,-0.0261425032137966,-0.0078673419896796,-0.001651844009741,0.224480575998899,0.186281338846507,0.156765493255391,0.124860327264221,0.0969952995425452,0.0682401897371273,0.0402132717446992,0.0165883389119834,58061.9978691089
"84",-0.172614210514837,-0.0955468948809259,-0.0468517940984772,0.109762532892625,0.112435060114927,0.0733826267506653,0.050272499030034,0.0129636952724101,0.211443596391593,-0.154553899435649,0.0138352578081267,0.193277190951128,0.488331947288587,0.652831331618352,0.807574731097091,0.950259961205032,0.759375419144553,1.0992913094806,0.939458399737924,0.733521424062822,0.459029433438379,0.30125989883035,0.17210081349927,0.0465745137725132,-0.0560773823830871,-0.0544360209389365,-0.0588670237659327,-0.0630631913900712,-0.0350493000761671,-0.0245168283938366,-0.0088481135508911,-0.00179423020950957,0.227792139577956,0.185210420733151,0.157530659181314,0.127848512971027,0.0971248137267326,0.0688479153927419,0.0397114365187019,0.0164504004532263,58072.8525150637
"85",-0.15923607991917,-0.0767281975325707,-0.0605750156356074,0.100948933796901,0.100901965925446,0.073318195353855,0.055949878528027,0.0130014614083285,-0.827676743124746,-0.194676120867456,-0.0413544664231168,0.224203793995675,0.506022324655394,0.659394361598464,0.801984344024602,0.946799358829574,1.7927517433129,1.14145192604164,1.0011700283164,0.704317929500739,0.442147002455965,0.295258107512295,0.175433359454248,0.0501727465523257,-0.0492087522074932,-0.0771169546421868,-0.0712582682130516,-0.0661609178256292,-0.0296605796467261,-0.0269891623414696,-0.0070266852896712,-0.00181486493740361,0.22960230407438,0.184265302247662,0.157856732487117,0.128872818890343,0.0980023216655579,0.0694200846031144,0.0404513146521477,0.0163566605273382,58065.9178493296
"86",-0.136298815960129,-0.116313283524184,-0.063601195243562,0.105807424068361,0.11702524475708,0.0739193200847635,0.0539015741263675,0.0114158974205986,0.343383013777805,-0.0255307106035069,-0.0127659424947527,0.229480142891454,0.501439718260765,0.645837104414087,0.812133994560951,0.948499370213325,0.615705539691963,0.980612774202098,0.975030124237471,0.697270882176658,0.441741334296482,0.308224796591763,0.165018240291619,0.048754740162626,-0.0513424649449987,-0.0634996426720234,-0.080756440324611,-0.0636200693664766,-0.0335658313333866,-0.0232691935810451,-0.00685940625148577,-0.00171534388848877,0.231874973063835,0.189787609835842,0.158362861768144,0.12570032681943,0.0971755212957198,0.0693144442300052,0.0401360555401543,0.0161493395414803,58061.6463585021
"87",-0.144051436742098,-0.114098834107026,-0.0564199828526422,0.112155765448921,0.098684079871256,0.0798799343405212,0.0543631398686352,0.0128274171160737,0.29329745470809,-0.011118756206033,-0.00624915405343118,0.196463906688351,0.511465559759687,0.657340808207289,0.803455596995832,0.949120621080884,0.666284866086924,0.964964312422939,0.963980947842067,0.728242820200943,0.438278333068583,0.294171989351683,0.174176370859365,0.0475368033508236,-0.0478730423049842,-0.0673551810796402,-0.0594438566047107,-0.0570596097549503,-0.0355744555373,-0.0227960824117304,-0.00818332828348911,-0.000976406043451555,0.224985093566388,0.181195662394658,0.157414927359453,0.127140156375288,0.0970263334423057,0.0700643588905344,0.0400962941391983,0.0163018862350892,58071.2362073841
"88",-0.141743384580343,-0.110525063196703,-0.0627539845223539,0.129057698560874,0.0951578725559881,0.0728249252695975,0.0550454810241525,0.0118651676987481,1.19831970466923,-0.187971315789389,-0.00443790300670104,0.178466633206026,0.510374917353628,0.656737750541257,0.807125834141122,0.948302110198341,-0.239775700802024,1.14004781811872,0.964566012203407,0.741349673152437,0.443825976967966,0.297090262620176,0.17059862535301,0.0492255050928507,-0.0445008312423114,-0.0651249963082058,-0.0697514575402909,-0.0539084997791424,-0.0414379442226184,-0.0219339302714004,-0.0109121215811189,-0.00257917358270271,0.228479190765957,0.190350693021005,0.157159368001377,0.126228567326009,0.0961733429870313,0.0682872346636787,0.0400694560042486,0.0164000684680163,58067.3410669939
"89",-0.152684774133559,-0.0928967225621738,-0.0541684020041197,0.10780747712378,0.100497287604569,0.0818111195366415,0.0568460027663017,0.0143452168638277,0.628288496744531,-0.181277719673951,-0.00350689458531536,0.186820593119289,0.503599201304425,0.646307717911673,0.808772397680307,0.94604735477011,0.338293395548634,1.12806696075277,0.95883612911156,0.737830517507856,0.448020219321375,0.304995057167238,0.167343534648676,0.0505117622891331,-0.0651622343950165,-0.0672638259794965,-0.063354121167349,-0.0496946590168554,-0.0445560797042972,-0.0253951104320413,-0.00874402254231863,-0.0026945614215605,0.227640553683273,0.187265901950778,0.157278875585766,0.126733065096947,0.0943021638385783,0.0683602120331364,0.0401540803362605,0.0163412263750537,58061.0965725747
"90",-0.159417800607162,-0.119357137426949,-0.0625573256138912,0.109260775841429,0.0942603462007449,0.0657352433645674,0.0565972211650534,0.0138971896903088,0.682447254954241,-0.0189831995759753,-0.0164446532345941,0.223121801153379,0.506207601069059,0.650382415663324,0.802113449834839,0.949441835542359,0.281645666165936,0.976186075621294,0.974725879724803,0.702126991258794,0.445504868278692,0.305584121179157,0.17482333286368,0.0470720286863353,-0.0432866133286891,-0.0700411441362983,-0.0589935192226991,-0.0621298750859561,-0.0302714918054158,-0.0209555029077581,-0.00737434874286134,-0.00245198030565742,0.228317662972046,0.183440558211312,0.158425078347046,0.124538590140288,0.0974634398253593,0.0695092420243098,0.0399471817004727,0.0164372054591473,58072.7269139843
"91",-0.153246194772067,-0.0692243917162191,-0.0538779164680425,0.105755612400615,0.107487770518581,0.0656854743748076,0.051227398272755,0.0151151181114799,0.206748598587391,-0.20087943508466,0.0142046680666468,0.216968891254255,0.484374048728283,0.652763433021658,0.805046142201477,0.94829783542073,0.757019820495711,1.14023406952373,0.941474169502635,0.710298004419699,0.463851846395503,0.303942060979072,0.173670266259406,0.0474950736207713,-0.0570936361759946,-0.0704608235473732,-0.0648398718307908,-0.0589373637990024,-0.0314139932934553,-0.0221351788268896,-0.00618020735159922,-0.00170503930231089,0.227023717733507,0.186480298967097,0.156287805745233,0.125775771733133,0.0959623721498027,0.0687858648079195,0.0410511307306434,0.0162069267585437,58073.5966455729
"92",-0.153733120615575,-0.116674875163579,-0.0568104120509952,0.0988885990272166,0.115656817020027,0.0776163328110335,0.0539411925852369,0.0118039921553608,0.223022727757765,-0.0896527842896953,-0.0739992059537062,0.234200312506976,0.499200041635799,0.648906178653618,0.808790983556298,0.950679591689003,0.738467299353559,1.04706747129224,1.03235433877135,0.692705665741602,0.445512667360617,0.304613540757821,0.169039064715803,0.0465761733276594,-0.0288164806541278,-0.0679625321569094,-0.0596768614411434,-0.0557451890356702,-0.0347786478994235,-0.0227553670251636,-0.0100991321566473,-0.00250786529341154,0.229496471029675,0.186882866826222,0.157139939942754,0.127516046954292,0.0951049773159755,0.0701240681329555,0.0403999425737578,0.0165665281921731,58063.9337264942
"93",-0.14760192374548,-0.0780373108982332,-0.0592960193256607,0.109854979956946,0.106696812852442,0.078904270628958,0.0543123223540551,0.0126306401409683,1.6666016588768,-0.0550152201072647,0.0447501887715301,0.198097284553198,0.516947837826523,0.647138734603717,0.799906299861616,0.950264948207096,-0.705410930171734,0.998786809266262,0.913138443023158,0.727223642490704,0.43158605850711,0.305657994836902,0.177956854475877,0.0468405009402113,-0.0423087289566514,-0.073005409031729,-0.0630669157242405,-0.0595458966312447,-0.0434277271238307,-0.0242458966351348,-0.00735560983236276,-0.00279980444125513,0.227454922423338,0.18648873041843,0.154985714807186,0.124614074051493,0.0951209114874326,0.0682741814965155,0.0405088257202637,0.0160889597060438,58066.4619956588
"94",-0.134185917042327,-0.0711391402491576,-0.0811229009906688,0.121400095228978,0.113904145431665,0.0619801544911608,0.0546716037221162,0.0153328071828253,1.16984088566918,-0.137114266344206,-0.0117248579169861,0.194932832551134,0.510624746174858,0.655161501024339,0.804600970853865,0.950367518889714,-0.212996896004459,1.07652955709918,0.977960405742191,0.725745848819626,0.433904969862582,0.301913520206108,0.172649582246549,0.0457795593234245,-0.0528564368155024,-0.0592009413387538,-0.068087373679691,-0.0554095062188073,-0.0306537882247536,-0.0191669833463659,-0.00722682636274053,-0.00308889286201405,0.224690821308188,0.189638206480144,0.159206459107075,0.128543581203145,0.0989652279690163,0.0698120747692312,0.0410703522317266,0.0165223910830658,58059.9487829733
"95",-0.172160062371844,-0.0988239523647369,-0.0655431958602615,0.090216104063374,0.0825596736466414,0.0739562749183357,0.0591062748758082,0.014347557647448,-0.1694680747929,-0.163300993886987,-0.000374936485263206,0.273655951264598,0.524496262173391,0.644487055503395,0.795041501204488,0.949874171969672,1.13906994637562,1.11574885058614,0.962395053483523,0.655117791321213,0.431998582072246,0.308621258289801,0.181482458647058,0.0463722837918153,-0.0397184835058828,-0.0712597592794965,-0.0688556511223912,-0.050601207819226,-0.0427327713042567,-0.0187939264900267,-0.00521090384267832,-0.00303801888247235,0.222187355872199,0.187267011286571,0.158827601052444,0.126748552433709,0.0968467852509776,0.0687457258034556,0.03992779437172,0.0165091679337115,58057.7258779392
"96",-0.179677971579823,-0.0699262946738449,-0.0577797239775169,0.0863431650780869,0.111330664001249,0.0739755585367443,0.0573219938443332,0.0120725387220277,1.18766364293955,-0.0623077031966808,0.0165265642057697,0.239521314002736,0.490250978603806,0.649396568346618,0.803324054372802,0.949898252434921,-0.215514119285882,1.00131102714384,0.940364262705078,0.691789130755859,0.455725139816158,0.304108627840031,0.173594461103332,0.0472149161312574,-0.0466046034976578,-0.0704438323411976,-0.0619909126999044,-0.0533264864924584,-0.0348156321796074,-0.0247479181031118,-0.00815854216304472,-0.00223114852578025,0.224000800858649,0.181052039937525,0.158850774318905,0.126561894047201,0.0961897067619099,0.0697095524230712,0.0404629068398851,0.0163611884916069,58069.6767876875
"97",-0.167761880738168,-0.0950598233815712,-0.0621989032203796,0.104069033086817,0.101736912177112,0.0647718027784719,0.0532048895028052,0.0155779804489018,0.38213841027323,-0.124260501042558,0.0463546128708288,0.225276528080869,0.516652668675382,0.652796822091329,0.801486690155447,0.947665004113205,0.587170738564987,1.07431045832294,0.915408733159918,0.702425567211036,0.431264508742596,0.303759950907684,0.177351729276548,0.0481999524624437,-0.0513458597790531,-0.0735399434654547,-0.0694415544136012,-0.0622964084111444,-0.0374281944109329,-0.0239089941332427,-0.00878989436758777,-0.00185492908798773,0.230603423858663,0.186303492244034,0.159771253969884,0.127104964857579,0.096183871431169,0.0687768151425639,0.040132654927671,0.0164620190889432,58069.718938908
"98",-0.159946522855981,-0.0722886785412592,-0.0666239327137234,0.123693235621737,0.102549916525329,0.0769974860196327,0.0557700465317642,0.0148035102514976,1.52007007608677,-0.216470571879246,-0.0123570637926106,0.197931923225915,0.498401868175085,0.639518099957159,0.803730272512857,0.947315159119353,-0.5592755647857,1.1606391143208,0.972462179744501,0.723637773379342,0.452175088259214,0.313442489239809,0.172994654557815,0.0492787935117152,-0.0307446712540905,-0.0701847512050468,-0.0593367679419546,-0.0617640803179891,-0.0376774585709084,-0.0201407200792982,-0.00789036670924667,-0.00289093534126979,0.231513280896541,0.187926118093494,0.155626501771267,0.124928240187976,0.0972063556253458,0.0684558285270741,0.0409626589648583,0.0164906757632082,58061.431290243
"99",-0.1832302464134,-0.0872432402517953,-0.0496881361746646,0.130691885949656,0.0883854257553527,0.0800157586838796,0.0547586420282684,0.0131632897005164,0.569439674533866,-0.092487753622807,0.0551855515671407,0.193235149644867,0.51200146363244,0.640185826729545,0.805589740028747,0.949765429642272,0.402481829027838,1.03567952831596,0.897405541554267,0.724220956546077,0.442431049651805,0.31217132453435,0.172153560561197,0.0466996251508913,-0.0481035997587245,-0.0585608522809643,-0.0587403890939798,-0.053783136105788,-0.0366002764665036,-0.0241393953093152,-0.00891291018613616,-0.00162177484076674,0.225769378024741,0.187438447845354,0.159854897131544,0.126822759828286,0.097210396110767,0.0691601663218361,0.0407132046672856,0.0163225666681859,58071.7253106181
"100",-0.191219676659277,-0.108750733955135,-0.0608127662771618,0.127108519084999,0.0924125878503294,0.0732540069015181,0.0506915742866992,0.0138709941667737,0.946437710053488,-0.162287476705059,0.0123307795069382,0.201178690347854,0.52780146286919,0.637903455727509,0.807609172966779,0.950785530120495,0.0288213957131213,1.11577149416202,0.948472407117678,0.71706123884405,0.42485897481312,0.315558418048056,0.171093154906856,0.0458547018699367,-0.053534092750269,-0.0638379907836197,-0.0694435620296453,-0.0546299381397245,-0.0385536312290642,-0.0192719223648858,-0.00852066251449035,-0.00309501517845252,0.227452674462864,0.182773078956276,0.159472894786173,0.12668091865198,0.0983526107883135,0.069497375818324,0.0395120696437937,0.016451340401406,58064.9493801757
"101",-0.143786500353716,-0.0989247965999664,-0.0703843669888829,0.115296895896999,0.109054552916337,0.0706143031666507,0.0549863024032402,0.0146492036594389,2.16954242121475,-0.145792102765871,0.000628733620145185,0.215166265741569,0.500916430904333,0.659610632143051,0.808671980768993,0.947339806798708,-1.20776666881514,1.10013539795198,0.961904887311802,0.707302724750224,0.445075840625414,0.294371918881359,0.168448444478395,0.0489419693204527,-0.0617631062410441,-0.082174346807629,-0.0631281983545895,-0.0530723742595642,-0.029734666580806,-0.0226932004719188,-0.00696893831344348,-0.00151644431154818,0.225809844388648,0.184651136264877,0.157056503262768,0.124431435222,0.095590302023814,0.0694992703850714,0.0406828709464356,0.0166076294550264,58067.7066070189
"102",-0.155831943493477,-0.113947668528484,-0.0528938746031044,0.107659004523381,0.11920092361211,0.0687522859781096,0.0489067919011922,0.0155488667607944,0.530866060888519,-0.0450870268320014,-0.000987079096884692,0.202672412974361,0.502015185855565,0.664473175467205,0.81014251005304,0.949331285114427,0.431321932895416,1.00215387792857,0.956635553988399,0.721741549722886,0.441060856909042,0.29038623684159,0.168952510225144,0.0464935832166435,-0.0479609920871762,-0.0707677826659523,-0.0687947825695895,-0.0521155191623781,-0.0355444107022763,-0.0232250921764266,-0.00511298276254829,-0.00221680783165955,0.220981633286395,0.18349190038028,0.158241471105107,0.127845853536699,0.0961281301260849,0.0689510155589851,0.0407828650545301,0.0166204200669112,58066.1625876801
"103",-0.16176625417413,-0.072949633796135,-0.0464858098158323,0.111450522553802,0.0884582257590749,0.0682415143750358,0.0523920839970263,0.011483532051164,0.0359489655438867,-0.0524947808753784,-0.039487938788429,0.192020195716917,0.507842278262285,0.663039205515917,0.809113013270915,0.950987371320872,0.930168857160852,0.994495619423194,0.993860349518687,0.733073258304758,0.446153043463674,0.291513470946224,0.168404343819604,0.0463459169985669,-0.0566478394309575,-0.0703745311116571,-0.0678353493733619,-0.0575163601727838,-0.0348323080953303,-0.0196788225522531,-0.00632737898268343,-0.00267137402701263,0.227030042330531,0.185226233956993,0.156903094128779,0.125706979329271,0.0973543697780155,0.0705782878230856,0.0400159437011336,0.0164798312747494,58071.0387426145
"104",-0.148252398277173,-0.103276384591705,-0.0481846305532887,0.142380616382843,0.0978483948734679,0.077309586158235,0.0530898530148614,0.0128101333430367,0.818882651797535,-0.13862643487438,0.0208260111723799,0.17829484930094,0.522877659893349,0.647388831809434,0.805812034009429,0.949281358918382,0.141352278060121,1.09144047431834,0.934506057957958,0.736046560480134,0.428573132099139,0.304822397993167,0.172380088884568,0.0476800305429376,-0.0408867318854948,-0.0706912465424266,-0.0672712008696414,-0.0525594133729607,-0.0416060560973291,-0.0234226635638023,-0.00691343583430914,-0.00191755465886402,0.228816783186843,0.184509849457621,0.159507540189152,0.125878626243357,0.0954097796360424,0.0707917996493582,0.0410404486193163,0.0162981924413139,58068.7217152456
"105",-0.183869837781504,-0.098429638006738,-0.0293559309686004,0.110236099772416,0.120031354793267,0.0761709665067662,0.0530251339548799,0.012657311127563,0.301717564940145,-0.214923623536713,0.0480335267567637,0.208928638913354,0.483698068977863,0.654431620119439,0.809673983381075,0.949247533036173,0.671516597935635,1.16484427024111,0.898266455587026,0.714876621781198,0.461167249208212,0.299489814902948,0.168628895503148,0.0474868752230347,-0.0544862229080521,-0.0699831999479314,-0.0580802542477547,-0.0550701725414644,-0.0358248680060193,-0.0260252781205141,-0.0101491179857872,-0.00195323497777821,0.230765352876808,0.184298412633479,0.159210735988348,0.126462656611252,0.0968182124696867,0.0699947778785902,0.0405349282146484,0.0163475436133859,58067.5115491328
"106",-0.169155770087254,-0.0581038001635962,-0.0374885910413234,0.10655164566141,0.112518101545755,0.0634743046307253,0.0613193467547406,0.0129259655971382,-0.420519616393231,-0.182412873156929,-0.0489171918811879,0.210883004025865,0.488672120155943,0.657367462883601,0.804169802602813,0.947021409255923,1.38807925897019,1.12011683441798,1.00204659795248,0.716607703951342,0.457363371258275,0.300080183577099,0.171032618377072,0.0501733277908376,-0.0476673158156686,-0.0695649116284924,-0.0690411239858063,-0.0636989331838162,-0.0306762032962451,-0.0241223571844154,-0.0101376941811882,-0.00237802811118085,0.230737354181513,0.184578724637302,0.159168954711524,0.12716405226217,0.09741615725146,0.0677647787557013,0.0395897810010948,0.0162464375770144,58064.6188281279
"107",-0.169209907411414,-0.0873696354190233,-0.0498587370269152,0.113909509920939,0.113459344013699,0.0715978647268415,0.0575895819414192,0.0130223624765545,0.0773049963077867,-0.0808874737685168,-0.0510100440402729,0.203438640513886,0.490814782351411,0.663699819927354,0.800939971577331,0.948906836945442,0.889453569862231,1.02472096572597,1.0082050609541,0.722743544606674,0.453877177387145,0.290372712885059,0.176273458233882,0.0477435579626339,-0.0463414410213106,-0.060738324778228,-0.0687316648114742,-0.0642942464440772,-0.0254288785954141,-0.0219099818849401,-0.00852384356720665,-0.00171001562194052,0.221824701882641,0.19021737450395,0.158281340335451,0.126558564317071,0.0963776148577568,0.068140589931486,0.0399056807472417,0.0165085052608518,58067.9270921611
"108",-0.174905270075182,-0.0655442709831321,-0.0515886892273939,0.106956516091079,0.0991806539554514,0.0834609649497822,0.0567666302343741,0.0123572524302124,1.47268869804552,-0.0755261093988162,0.0510980501480904,0.238347739753232,0.492473568027482,0.641205443358945,0.809956881701377,0.946474419814823,-0.499755458819274,1.01487855594414,0.905257181897437,0.684227223326478,0.45999544407483,0.309996476816681,0.166692646547781,0.050571737422311,-0.0562301842189825,-0.0673497682334911,-0.0708207717601044,-0.0496596668740617,-0.038233884651665,-0.0234478121952543,-0.0096783973022538,-0.00129901892097448,0.226177956813561,0.185640860233773,0.157145560057418,0.127249356609534,0.096408139223841,0.0693149220798691,0.0404307935216517,0.0164021156714613,58065.6390740357
"109",-0.170584558445334,-0.0802168484999269,-0.0595385329210101,0.116023399176313,0.09332314692427,0.0789940956044173,0.0563684500880723,0.0131350226077692,1.38060298334369,-0.0738831880158614,0.00605433092053247,0.226384857231709,0.494072646144196,0.657946490301528,0.805604261326256,0.950308222713962,-0.410026065769855,1.01912828478258,0.953326188823137,0.69483407321974,0.458213584205897,0.294353934045808,0.171160540040091,0.0462923407087278,-0.0561650560954893,-0.0727920083062607,-0.070412581330741,-0.0507827354680592,-0.0291689401899411,-0.0250072832734191,-0.0067385920550252,-0.00243379735857107,0.229304139380425,0.183185335977487,0.153339867342889,0.126305952899707,0.0958799689399125,0.0704566068499266,0.0405723105432272,0.016130191357362,58066.0235481461
"110",-0.167516957297355,-0.112895613878653,-0.0517854392318098,0.0972768337394013,0.107277705280987,0.0821259521041399,0.0557602370293121,0.0121876274323204,1.00939701192963,-0.20603886233113,-0.00866508569564776,0.191326565998937,0.523222841487249,0.646859629052283,0.805960703918725,0.947917044163711,-0.0388460499023542,1.15931558820769,0.962175627302314,0.740999413170453,0.423888325333147,0.304350841940289,0.170904653738387,0.0490872989810738,-0.0535157171912135,-0.0640606131042597,-0.0542909452097899,-0.0614077429416379,-0.0390137579673418,-0.0245654422099347,-0.00757429316637813,-0.00199487479457338,0.224540699845743,0.18820782695173,0.156864073337996,0.125625361517552,0.095971282606034,0.0681549037703491,0.0407368479971484,0.0160113506647524,58060.1106470916
"111",-0.179994140886451,-0.093861060785134,-0.0523885430453689,0.119685304592605,0.0992077479644812,0.0723753434458515,0.0574412231824577,0.013524529884573,0.0879308176303619,-0.0802298092009846,0.0254332650609368,0.169716005005369,0.503931441977251,0.659517970483314,0.801950918221355,0.949433633498804,0.882402192703633,1.02680274297015,0.928393898176963,0.753826129555906,0.447953173753448,0.293634768450573,0.174721915624445,0.04723190319421,-0.0436293931102985,-0.0633287617115856,-0.060239488908159,-0.058043253550563,-0.0354789993639706,-0.0206965815672649,-0.00830124445455471,-0.00245903115817354,0.230441518964874,0.180819806716539,0.156643038587567,0.127754979327386,0.0962289189570829,0.0682314375472253,0.0400810341434602,0.0163576277945306,58070.4981279122
"112",-0.185405287239804,-0.105458156241289,-0.0565177968647907,0.0973956855200456,0.0879396733588583,0.0702602048523175,0.0498462330076955,0.0129198927930884,0.994519369975063,-0.11342239786118,0.06049284978402,0.21087470248954,0.51458517481562,0.655975999844909,0.804163963601877,0.947444833763135,-0.0188025208108299,1.06671641478907,0.896421526440684,0.719124710256742,0.440379370910798,0.299152856581296,0.17518613973996,0.0493568747042926,-0.0517179324655836,-0.0748368773986355,-0.0659526709212223,-0.0632062656638251,-0.0420427880620802,-0.0223955767401901,-0.00737578163276986,-0.0014750560021785,0.231924908058194,0.190302290087988,0.157358868985637,0.125791690482661,0.0969083355605399,0.0671489794394246,0.0400747389655978,0.0164429310659644,58065.4769224893
"113",-0.164621278884753,-0.0797192434337782,-0.0623391975369846,0.0930741082406657,0.102395199307675,0.0643401036448766,0.0508298230806837,0.013378796830676,-0.21314793967605,-0.222278623824738,0.0179903639736378,0.2604411651475,0.529535984108308,0.66525343002791,0.811722221473559,0.949091977597977,1.17928985048672,1.16520394032975,0.942377748667351,0.66973254972799,0.417870125595438,0.290971301641167,0.166967719635306,0.0478414021508215,-0.0532777699499055,-0.0618305169404617,-0.0702012368507771,-0.0681801412611278,-0.0379639851732821,-0.0222363995943541,-0.00921720281497744,-0.00220111395040262,0.227184782863086,0.183846033687757,0.1589703010562,0.126320083804866,0.0957998533099515,0.0676485732217821,0.0395266388892893,0.0164937642233375,58062.0358153976
"114",-0.161279647101026,-0.0926277587056876,-0.0325718361964353,0.10997670103426,0.0907896290207931,0.0760758173252594,0.052051941835776,0.0140862842872824,0.935673426909564,-0.124209925750838,-0.0283912037665701,0.198818224785849,0.507183786219852,0.649767882502586,0.810301335881523,0.949310544830219,0.0322698631084168,1.07296728621701,0.977879343836029,0.726247848760847,0.444786111140526,0.30360382928829,0.168776520673733,0.0469404761066171,-0.0586206873543298,-0.0761046531318438,-0.0652847588747058,-0.058087197666107,-0.0317438038587615,-0.0244983208572603,-0.0103797924127646,-0.00181405205857852,0.22977665582401,0.186529800629493,0.155813916713584,0.126452117958546,0.0963915919722479,0.0685273296806593,0.0400542639167815,0.0164251281776068,58073.8161989888
"115",-0.190837481603404,-0.0788062808437804,-0.0212528117875232,0.115602586185437,0.111213263478855,0.0626449222035776,0.0541022565625395,0.0148971483661948,0.455530329659702,-0.165163882512637,-0.0111547268186819,0.1716583822406,0.481040804991676,0.658854364026145,0.807004775237873,0.947171837074242,0.519651697599035,1.10651696330648,0.957106488942806,0.751982608692319,0.466649711578277,0.298003636708579,0.170719610967356,0.0491700708818595,-0.0549468594461244,-0.0642812637812297,-0.064097803768715,-0.0547019004162492,-0.0336420955921963,-0.0204302396103926,-0.00879266562286922,-0.00162982300139899,0.227686470079388,0.185251777044817,0.159742767170486,0.12599487452297,0.0968877431195601,0.0694074106116721,0.0394784987032714,0.016410351342189,58069.1107199566
"116",-0.16188116608914,-0.0816355244628287,-0.0689119293133982,0.111053079777446,0.11248243131693,0.0731317302459314,0.0547550913753986,0.0137310464175363,0.468488566894957,-0.187753593069397,0.0216705900168443,0.208047186439545,0.49800396373442,0.653703450750815,0.8025978785151,0.949690735666022,0.497099985351068,1.13391785146587,0.941476336715741,0.716125769121235,0.447668674238962,0.300075586083455,0.174893507699579,0.0467962287212318,-0.0463154479915316,-0.0755933580065663,-0.0675990693883927,-0.0585425151590017,-0.0356371551433576,-0.0259282353317957,-0.00587098901469442,-0.00246231301196838,0.226026086988821,0.185310644835873,0.161073461188193,0.12554637757926,0.0969800090629194,0.0693502123584305,0.0402624133396273,0.0164604157902038,58076.3856236489
"117",-0.173800463847412,-0.0784791225358795,-0.0604049376167786,0.112238141292224,0.0978891488492149,0.0781867298130242,0.0594844625084758,0.0114275109578254,0.257736780819523,-0.200685770672224,-0.0162243879405629,0.187202361353118,0.514564603386691,0.650312120463034,0.802742557646588,0.952206159957461,0.712462265902749,1.14284125644106,0.97357913571071,0.738785792257387,0.435519449094487,0.302495240922016,0.172715686063096,0.0448013434908096,-0.052792004747797,-0.0624471670036415,-0.0623332481261942,-0.0582939870442755,-0.0378418749905224,-0.023026183813488,-0.00662953967895785,-0.00190501608610894,0.227600151848276,0.18834600818515,0.158311012408871,0.125568122449425,0.0950068570862278,0.0676588213613205,0.0396737453339411,0.0165131228682733,58068.4352140549
"118",-0.136206257740725,-0.0789583913477547,-0.0406176118853734,0.124217191214386,0.102753927884467,0.069231607659583,0.0543691974058477,0.0113916035252233,0.256174931221586,-0.0980277443382994,-0.0288969412737244,0.198965783684144,0.49862373539701,0.657362461343903,0.803136709922713,0.947538421714688,0.697820791224982,1.04225122662678,0.9812967274793,0.720498360588499,0.449249405063281,0.297958445299187,0.174559756290219,0.0500774874435915,-0.0433263704139401,-0.070522691055826,-0.0597663395289987,-0.0537798817746631,-0.03175088892434,-0.023352243984969,-0.00634695756995667,-0.00164583572129095,0.233355378571107,0.187889508054254,0.157543033169091,0.127049814328308,0.0985561424553535,0.0691421052550576,0.0402226681325416,0.0164165637185569,58069.133875022
"119",-0.145405161593091,-0.082889564888594,-0.053890978320283,0.108901225433861,0.1128859737051,0.0741334664905364,0.0542004541511721,0.0151480472038578,-0.413192640136341,-0.0788643599072757,-0.0355916729643092,0.207098000052743,0.488567164490791,0.647902423019222,0.805578973724798,0.945910805825578,1.3692020186778,1.02397740410279,0.996087901110508,0.717376922396208,0.457825824181729,0.306565120139464,0.172558964244871,0.0502367201886756,-0.0380529531384068,-0.0676298364501562,-0.0676637014213944,-0.057439812354988,-0.0343482363683205,-0.0236197735062004,-0.00666996588272093,-0.00138064341605041,0.225713910878233,0.184457233211844,0.160652894157369,0.126406139197498,0.098007859040951,0.068152037892313,0.0399902002117572,0.0163374959731859,58068.2146114307
"120",-0.127140676916033,-0.0614742922200009,-0.0228044578843939,0.105189970964021,0.0921025405525677,0.0655495740152831,0.0518121249142129,0.00987888875253329,1.11871286782259,-0.140869942293118,-0.0189513325896051,0.240158168221292,0.50523655102876,0.657431286010223,0.805820634452766,0.950191658672338,-0.167034809218178,1.07802960747081,0.965610705692789,0.687378832840471,0.447639626243975,0.298714677096538,0.172903104145756,0.0479343420731492,-0.0420621743346597,-0.0689609304580032,-0.0622437117776452,-0.0597271926224267,-0.0363341354699609,-0.0199339763863271,-0.00862168483256093,-0.00206591996633385,0.224676276612576,0.186247621135903,0.156539352026496,0.126320901482589,0.097399165863335,0.0693734808847364,0.0409718001679621,0.0163253001413872,58064.8572421284
"121",-0.157843362794689,-0.0655189360838125,-0.0354423874784755,0.115578810467104,0.114653847156523,0.0731446620457717,0.0500058220840323,0.0128420418946941,0.805830620107653,-0.174658027890201,0.00250599958724049,0.217589588760525,0.492942830064938,0.65902330749151,0.813585981967046,0.949665076791571,0.156315096281321,1.11048559160346,0.948265218739202,0.705251127286736,0.452105512489022,0.29394343425971,0.165104186703729,0.0472248328881768,-0.04007207432337,-0.0557744953967639,-0.0682434993800174,-0.0598190742266588,-0.032567227592173,-0.0211469190452195,-0.00688492461350462,-0.00256320213780861,0.224754375706012,0.183802737483302,0.156736093064287,0.127921215412316,0.0963762254012491,0.0688943486475386,0.039908046633698,0.0164260828507288,58072.681545973
"122",-0.120792771297171,-0.0728824058079271,-0.0726826099425414,0.10652968126624,0.0982606764835178,0.072339494533673,0.0560680911133732,0.0131460826236083,1.01317647912081,-0.137085781796215,0.00106977458086545,0.203510832705582,0.501837309474713,0.663894517335267,0.805061721859211,0.949573529663153,-0.0615466678588898,1.07721137318718,0.962344538677227,0.722728782916025,0.44984335047025,0.290434873693686,0.172255313784003,0.0471642016348147,-0.0448532743527088,-0.0624708906429354,-0.0701256902327246,-0.0579689382490575,-0.0382751050344099,-0.0255417185420131,-0.00974311602177437,-0.00278204659140966,0.227792215281806,0.183844621005992,0.157158860688578,0.125761604091944,0.0963170104802599,0.0686624128395589,0.0402647243350833,0.0160316903550812,58075.6428471482
"123",-0.183052151071606,-0.090990757920241,-0.0512302487472507,0.0928635746856086,0.0922322561067988,0.0697135367758411,0.0579386034219313,0.0122921636847815,0.0421340274282162,-0.0832373437939727,-0.0601761550711732,0.241699223806515,0.51521397605126,0.648240625483808,0.798677164158315,0.949379790552648,0.93359583934739,1.03235344536494,1.01907437811508,0.687888011751078,0.436690864146059,0.307724114361179,0.178600517863626,0.0478071422461336,-0.0621226422919618,-0.0740337056562111,-0.0715080648810265,-0.0517502369612386,-0.0375185374360165,-0.0259760200817339,-0.00852396575734823,-0.00231236716055454,0.228892611811895,0.185308280409381,0.160066342949108,0.123717081694734,0.0971287200838173,0.0691440299471269,0.0403839625325293,0.0162760717843576,58067.0762678241
"124",-0.175735974066007,-0.0695342263443071,-0.0614195402295785,0.104566340825557,0.108545998005503,0.0651720715148487,0.0505296970368133,0.0145777262897193,1.42868015076744,-0.157800751842574,0.0641870232647536,0.230927484382455,0.489697524996418,0.65095801149931,0.807885750476521,0.948315667747797,-0.45814875372041,1.09815378150597,0.894860030696108,0.695418288475102,0.459239330347224,0.305959226175935,0.171242963972268,0.0482528694402592,-0.0474872970847825,-0.0672640552390769,-0.0727114703721864,-0.058309305604139,-0.0359853248951285,-0.0210453467430936,-0.0076596062812544,-0.0030498830343249,0.228085960975073,0.18716554660278,0.160642075719201,0.126918498084939,0.0962336026103213,0.0685619313301135,0.040424422432574,0.0163560383241085,58073.7473426165
"125",-0.170011293465449,-0.102205211919413,-0.0618033231852726,0.0998961098392509,0.118053325997567,0.0684496495386929,0.0548823528443568,0.0155156870627439,2.09242696873312,-0.0995403978624678,0.0234020489647991,0.208374818480573,0.479830577054545,0.667015846073097,0.807552461959165,0.948260806964949,-1.12206516757984,1.05036885539369,0.938654406960847,0.720526299485978,0.465149385681857,0.288556628018662,0.169687446057467,0.0475055186953295,-0.0534941991635361,-0.0705640308272394,-0.0786920020609951,-0.0570546361078393,-0.0321182771210986,-0.0257475978332918,-0.00887478290249527,-0.00120025330264571,0.224650136896683,0.183621465658551,0.158613979069031,0.128768146465057,0.0958706897443283,0.0692507657204737,0.0404409800800338,0.0165530904617791,58069.3797488301
"126",-0.178695802885878,-0.0641743108299946,-0.0549104790255602,0.108487476054697,0.109356713255332,0.0711916158517916,0.0566231184358642,0.0127720792136622,-0.495862674300788,-0.164755878001936,0.0214886506861531,0.217108089637755,0.500499892964192,0.662055688019129,0.801343214244442,0.950373862698656,1.46940925985999,1.10214922949044,0.93437642381494,0.707878357096234,0.447487507564204,0.292339740772008,0.17595770648835,0.0461204252947105,-0.0571022663931882,-0.0721189656103449,-0.0670131939437631,-0.0534763369683599,-0.040681377877254,-0.0239088347849086,-0.0072056496618995,-0.00094207673708214,0.223293967695623,0.185187272391295,0.157735468285893,0.12583130985057,0.0952181855428267,0.0690130150609096,0.0412749884057817,0.0165317251818894,58068.7566197304
"127",-0.159787460572898,-0.0939305320453953,-0.059797605936748,0.121781658042851,0.0947499756636865,0.079149103320566,0.0543590919554371,0.0155857832578217,0.921876958924041,-0.0361181580304365,-0.0110997192731638,0.181373170620107,0.49355297083251,0.648283765387963,0.803415407438986,0.949065598206685,0.0438249937947749,0.983412075903874,0.969188305463508,0.739644509996013,0.459312302825859,0.303806631116245,0.174493800714917,0.0469641165307444,-0.0507111874138955,-0.0635101793402703,-0.0585934607140978,-0.0541821114540974,-0.0346735324916974,-0.0244559314268279,-0.00845056185609543,-0.00316315787051849,0.229822251784678,0.186439515516719,0.156799353270475,0.12604363986316,0.0956468314098209,0.0686643247438289,0.040736870687421,0.0165203158469337,58073.5165598353
"128",-0.129060789086211,-0.0776350261790286,-0.0507396468530126,0.129768563734841,0.100054644555982,0.0741405121350863,0.050986594387094,0.0123001974892099,0.549128359052283,-0.105399300889314,0.0514304111246632,0.194447986416806,0.527124402645588,0.652056351232143,0.807612551929313,0.950566974141157,0.404681165089245,1.04938331790074,0.902162349066956,0.722581535987232,0.422182190404603,0.300913063946297,0.170720951782014,0.0464330379357631,-0.0440765239892102,-0.0684208975264994,-0.0655933285455543,-0.0551798183455387,-0.0387092227907566,-0.0211814626832742,-0.00691698868629573,-0.00195023462011322,0.229756339716029,0.188295209635482,0.159080642892877,0.128523246525606,0.0971790222792831,0.0683064642235334,0.0397690564465831,0.0162225037085468,58068.2185853637
"129",-0.154635545640445,-0.0874583281170484,-0.0462512792808899,0.128946486355325,0.0944114476889001,0.0752424512314507,0.0540814874681798,0.0166077594348884,0.00585813808084993,-0.108613483153242,0.00634078958077014,0.184222033637838,0.508045731014969,0.652711060336062,0.802454886742174,0.946998306623649,0.957280548753223,1.05530530392991,0.945202253648052,0.734354156895129,0.445612464054203,0.301690814549209,0.175725083352042,0.0485774090571314,-0.0485408621950949,-0.0757031489646312,-0.0525451561308688,-0.0543031726335342,-0.0417322141038571,-0.021658870881787,-0.00815724670659718,-0.00228435333629971,0.226703183540519,0.18785379032306,0.157632219332288,0.130529858309616,0.0971934323145813,0.0693597530729433,0.0401559637415688,0.0160675097518972,58062.7930826541
"130",-0.179917177218357,-0.0607754335414719,-0.0468701248261466,0.106085879164982,0.086326972387123,0.0764334432618061,0.0563376595431734,0.010439642142158,0.138095748041746,-0.116245693650069,0.0204970158586986,0.213633398860496,0.508578847107487,0.645601842860392,0.806474810404893,0.950948318172652,0.834013577964783,1.05621106425166,0.936278369855687,0.713622747030967,0.444495345878697,0.306452858065326,0.170356015056183,0.0469364795536785,-0.0497614635220224,-0.0833084845424091,-0.0712582751896799,-0.0606217642786349,-0.0291540792153045,-0.0187625896635801,-0.00738196493723828,-0.00250486326292129,0.231267919218448,0.18498351961516,0.156614432701859,0.127915551841967,0.0975849105203643,0.0699261790106881,0.0407255467484223,0.0163622826871299,58062.4421317877
"131",-0.135560910797061,-0.0709313420804755,-0.0819400885617612,0.120866092926873,0.1123928350921,0.0629648305201041,0.0551088865174812,0.0148882567249554,1.10523387610351,-0.14207074853174,-0.0107338068652257,0.197855061176853,0.509001275733261,0.654093206132329,0.803498288294685,0.949728770973955,-0.147283694346522,1.08065590013441,0.977038122125237,0.723611379889437,0.435520128811155,0.303350955068024,0.173324115110833,0.0461510305044064,-0.0530346633634448,-0.0609891343243123,-0.0674664091980993,-0.0545904494662031,-0.030604087610552,-0.0205984179799737,-0.00611612598366224,-0.0022364752943965,0.224241313661594,0.189730050286634,0.159330558065779,0.128791065008541,0.0989307959412059,0.0695361032840472,0.0410194983295733,0.0165268191466109,58063.8635476988
"132",-0.160889991498103,-0.0999471437411669,-0.0705548832858787,0.086808522284976,0.0995694491530195,0.0772979362787673,0.0570869653003709,0.0133847181727371,-0.157155984987355,-0.105540662803793,0.0143187800840031,0.227332398083339,0.491647939505345,0.646024298597314,0.802157070322109,0.948399462881308,1.11910106155218,1.05816923576534,0.948143248422382,0.704528542750725,0.460345900503133,0.307644359990361,0.175003727997886,0.0486097450644594,-0.0357013814282173,-0.0739468152161227,-0.0593088582699079,-0.0505025089826555,-0.0356577632845346,-0.0253710907703054,-0.00877907010597555,-0.00213062198110421,0.223646031067082,0.187701439444644,0.157400816592745,0.124763276882761,0.0966341340605152,0.0687958543092304,0.0403494700670635,0.0164972606133396,58068.3206015665
"133",-0.172124095461528,-0.0977216653051413,-0.0645030238112633,0.108446497735893,0.113637787771444,0.0747436202970611,0.058182596650884,0.014934522204237,1.02584896198842,-0.143453744550548,0.0172486919457483,0.199852724874183,0.479723359871113,0.650721335033471,0.802516560552158,0.947575260152496,-0.0551910901933395,1.09314560245105,0.946199590226626,0.725298004379151,0.468843567551748,0.303884580556477,0.174152923394155,0.0484292056298792,-0.0569053516273735,-0.0700378664397313,-0.0724565030582324,-0.0543517030515942,-0.0364725959643384,-0.0255949244734416,-0.00719680101460478,-0.00086402696782258,0.226076045790832,0.183657484548803,0.160796183169532,0.127321274730451,0.0970167963203267,0.0688816596656368,0.0410318620135214,0.016186133800408,58069.03776356
"134",-0.158299406552933,-0.0875571989993105,-0.0762883227699435,0.0934980978611203,0.0964088931182801,0.0779908738462725,0.0540126825745735,0.0121396254841156,-0.217286032927596,-0.105467124575578,0.0114869723807917,0.217730422619122,0.488691922565168,0.648690442236888,0.803556878113109,0.949574850860165,1.1804138599188,1.05272425520658,0.951975217802066,0.711790156662473,0.465179848444524,0.3043930506092,0.173692944820558,0.0473255861743716,-0.0342310798878978,-0.0759944663816389,-0.057771561106421,-0.054083124046653,-0.0376150237836971,-0.0256331188195228,-0.00424364752451595,-0.00196379624291746,0.224745923722343,0.186484438274891,0.157401275986265,0.124597909118384,0.0962394498124934,0.0685959857190357,0.0404224488173298,0.0165500022953201,58067.2957422435
"135",-0.159978037704952,-0.0842003331328343,-0.0455563998197703,0.110191954996789,0.0942210731798935,0.0769332180104,0.0536688760903097,0.0136402689488408,-1.10578266727293,-0.191700993236558,-0.0224822506759519,0.174089273641807,0.513104620760088,0.649702691676979,0.81286803527443,0.950353868745505,2.06966895967784,1.13648180725042,0.977509713398173,0.752658413682778,0.439623752729832,0.303597712773347,0.164154861188303,0.0462758385630929,-0.0392803932114643,-0.0705821418539256,-0.068329246872827,-0.0594474859356436,-0.0401595812910764,-0.0223132259853027,-0.00927539401451829,-0.00274485056406807,0.227532780698453,0.18376526635456,0.156412057090958,0.127596174465062,0.0950544306662034,0.0675044693266774,0.0406544984707505,0.0159683337020216,58064.2989423354
"136",-0.174390868665185,-0.0754932503053153,-0.0279696810695611,0.124781394200875,0.115822368624522,0.0687141006465472,0.0575893123687536,0.0152515693804036,-0.0828770526374402,-0.140381046783411,0.00368559043568609,0.177536874263129,0.486829094222073,0.646348120264062,0.804197181835045,0.947224728051421,1.05390429455052,1.08403948595411,0.942405231752039,0.744560486414327,0.458967563637316,0.309324266504122,0.172135554734194,0.0491107084938809,-0.0518517716487982,-0.0670592309427872,-0.0667398748767049,-0.0583149668084375,-0.0338872101581776,-0.0247929595212864,-0.00709726692144581,-0.00319787913175667,0.228823636542709,0.189012594467228,0.160486800245645,0.126143933536498,0.0954658622283063,0.068626085631535,0.0397897855875074,0.0165187644060725,58063.0876907892
"137",-0.147164755440333,-0.105113151724816,-0.0576398124740559,0.0945099059811235,0.1082962456393,0.055587203701684,0.0524905753482392,0.0128118209752707,1.6736722081786,-0.0374800102435985,-0.000630122023288206,0.222604244698376,0.484235543580264,0.674014284529241,0.805006440302108,0.948837605571236,-0.712052071674241,0.988815813410916,0.960535217919152,0.708251719096478,0.464244489046102,0.285715546978061,0.17380413394654,0.0481540084206598,-0.0461945589489008,-0.0672730849474905,-0.0680713771283813,-0.0541204617091954,-0.0353467767611255,-0.0234096030822054,-0.00895703082651867,-0.00250352434320097,0.220275576275429,0.18568723521146,0.159828604827336,0.124127321165968,0.0967262011863471,0.0694875963191576,0.0408951876507208,0.0165775401010279,58066.0007996123
"138",-0.103744583763032,-0.086968890525552,-0.0684746542178283,0.109302635356419,0.090616859474719,0.05541433075686,0.0533948530842804,0.0121766187207409,0.101054224349151,-0.140016291575265,0.00488243599713074,0.218276976194427,0.517506362226231,0.682109296149918,0.80345474220092,0.948918423810214,0.842205169462481,1.08846328912745,0.960618782555568,0.706798738423182,0.436730413241909,0.276269400224741,0.174696450353549,0.0480676137685659,-0.043965101875342,-0.0686815673388194,-0.0759372523290681,-0.0598816753897641,-0.0378858171930496,-0.0238801517916704,-0.00721407775713206,-0.00220220825371853,0.22738434648573,0.186029347872206,0.157538800810611,0.124820156907549,0.0969513180363138,0.0688159262945287,0.0404853641129177,0.0165315627683662,58059.6705943317
"139",-0.163314678769787,-0.0827517309564939,-0.0731648438463082,0.117304424943237,0.110730028447203,0.0762690777672996,0.0543702857170133,0.0146210578092711,1.0679769039371,-0.158415627392049,0.00919302145146043,0.18853155395808,0.483818834054705,0.639139229852725,0.807033916656135,0.949335035164211,-0.101808149852933,1.10564217635135,0.953868876435062,0.73443684030087,0.464049205210602,0.313811031657565,0.170509376157409,0.04649245519369,-0.0361957168139936,-0.0839572483161469,-0.0717971544295803,-0.0614192901994498,-0.0328699901428182,-0.0232578843982439,-0.00789046992377053,-0.00191631844609113,0.223289509787986,0.186850259918502,0.160015971413203,0.126629839366913,0.0968010262188593,0.0687053533357411,0.0410660033216408,0.0165872516284362,58062.7887823454
"140",-0.148777025481673,-0.120811039784531,-0.0700219958856314,0.123370811666888,0.109676842382109,0.0727754561171605,0.054899412276747,0.0160347901508001,1.0975595562306,-0.0855773584314479,0.0400697981085144,0.183314328122472,0.487694277442973,0.662928743598133,0.80145285111767,0.947627707017966,-0.137415201280437,1.04010245718779,0.925411988938188,0.737822731814727,0.461393186693624,0.29112447178988,0.176518128522673,0.0478752987426042,-0.0533111362414646,-0.0567164780791745,-0.0771734990305681,-0.0516121351750893,-0.036728409763594,-0.0214487128466075,-0.00815335333297099,-0.00124738661560663,0.224907122710745,0.184953163186737,0.157342269069933,0.124481934196485,0.0962243033909347,0.06876302352549,0.0398162973619488,0.0165443466424763,58064.7095050336
"141",-0.195696076608683,-0.0830005341065756,-0.0456074340925581,0.112398425301801,0.0953737351880991,0.0714458292974384,0.058182130717174,0.0133948880348918,0.356261463929674,-0.131785128054831,-0.0226537276197111,0.187493617198536,0.504326929464289,0.657488420568033,0.802565963335612,0.948156998534207,0.618274059760904,1.07406609170231,0.978511909481976,0.738796627671132,0.448760485528894,0.29772676018586,0.174528489842049,0.0486304834254744,-0.0347966536939758,-0.0543193185997681,-0.070399034319932,-0.0641327955514484,-0.0404941152072975,-0.023488814652287,-0.00925074971326808,-0.00242635023513972,0.227649729695983,0.187713927435023,0.158504775610934,0.128067785573919,0.0976844263879923,0.0684358384359944,0.040166490862742,0.0161191504266431,58070.7846162412
"142",-0.179714751543765,-0.104051307139255,-0.0528635780113074,0.0998601843688406,0.105948087749551,0.0771397832110772,0.0525736857110828,0.0121486971536787,1.40372575083737,-0.141806997619959,0.0921211328465632,0.208460828614687,0.488718996250078,0.658415861249387,0.80525638815322,0.948354131995645,-0.432981773273167,1.09295807943158,0.865066863762522,0.723558078847073,0.461548231495772,0.294674780526184,0.17372376953033,0.0487680350635747,-0.0465991092202789,-0.0706350943395143,-0.0692567151453156,-0.0634929477489903,-0.0379680336033631,-0.0257198895567799,-0.00927870426171219,-0.00207592505399743,0.228346040800302,0.18501714310638,0.158123265713939,0.12658982746596,0.095322913533777,0.0691650254551402,0.0414745720580669,0.0163410599317403,58063.4486218035
"143",-0.139445097838783,-0.108369317036234,-0.0551458946875345,0.101541555257592,0.105112476256989,0.0750286117631318,0.0510230290479925,0.0142453239751039,1.14177067268829,-0.110250124352358,-0.00517157675009439,0.218830866909291,0.501947566227408,0.653982053603812,0.80521312386367,0.946731006058591,-0.186695655897916,1.06284638816848,0.961106438918107,0.709526446637606,0.44754411088612,0.299951784269074,0.173559633712449,0.0497622739490493,-0.0430700722758453,-0.0685601412610306,-0.061610202916739,-0.059084866136597,-0.0384194076781805,-0.0256227301052463,-0.00604779293807955,-0.00161563256519573,0.228611473449733,0.183983229424364,0.160798886536918,0.125692006855875,0.0972084604708129,0.0675375794573245,0.0399042691276344,0.0162977983346925,58074.9370837913
"144",-0.132454712493079,-0.0929138003772732,-0.0743670253698566,0.0883857498019265,0.105382473130609,0.0770786788738068,0.0623116029659704,0.0145475788413549,0.785374775098747,-0.151338551467651,0.0305791070188676,0.219852843808173,0.493444229965652,0.651682707734777,0.800050128956253,0.94728448215866,0.170945600811031,1.10062509176589,0.933587976330883,0.7122851459051,0.455407847605309,0.301036227010056,0.174828409496783,0.049015486765477,-0.0529787593706544,-0.0742426755063777,-0.0664406804430118,-0.055437747257889,-0.0348789108443325,-0.023289236218214,-0.00698919373828741,-0.00208990808402102,0.228379160952068,0.185923766163661,0.156855582622476,0.126335601585593,0.0970192826807661,0.0677830154218159,0.0411424168617575,0.0164326383798301,58073.6220536533
"145",-0.160888642707977,-0.0760031962803179,-0.0199713720460168,0.125163968797835,0.0963973525090735,0.0849781141305492,0.053686989520385,0.0115085045732401,0.584665263414486,-0.0545702359157781,-0.0839158580889399,0.198042060169428,0.510141920768831,0.646100567235843,0.806797061161956,0.948210334062598,0.378045534395763,0.995923226171267,1.03105514333847,0.720466911953679,0.439437791379889,0.303473854298729,0.17089380882291,0.0492268496041511,-0.0358098239011246,-0.0655648095988085,-0.0638710860130577,-0.0580592045275387,-0.0342114215656167,-0.019707984756144,-0.00719758556902617,-0.00163936020354916,0.225431902699289,0.188618087858301,0.156974166735243,0.126039325863757,0.0964792010826305,0.0682489032876525,0.0405615561974211,0.0164632095301365,58064.5064803426
"146",-0.157190923548902,-0.106530589060277,-0.0531251895193431,0.114312615785772,0.105182450797482,0.0849704588348477,0.0562016197533522,0.0123793663898424,-0.328754976380481,-0.148345100206268,0.0432035480956827,0.176677541453877,0.50051783785576,0.662842560433088,0.805148259835862,0.949544352501827,1.28988041297287,1.10340274716313,0.912704682819975,0.748302914848031,0.448868808829007,0.286254629094982,0.172794903442102,0.0474998939946256,-0.0349566196031451,-0.0743076545826679,-0.0635750781395975,-0.0593967421595395,-0.0368550217168806,-0.0255230196914261,-0.0103493454746046,-0.00210037083632699,0.22789821095986,0.184340332555073,0.157600919031265,0.125863732629952,0.0974459097299216,0.0686905076536534,0.0410661264520114,0.0163451469270641,58067.3151894088
"147",-0.10817382360748,-0.0958609064287168,-0.0891094658718432,0.0981315958270292,0.116291631878691,0.0700982617955575,0.0521018077258424,0.012639854288359,-0.527552485701574,-0.12738383145311,0.035281871880024,0.199845818435649,0.494628925058286,0.654066094751147,0.80558260075138,0.949498520085941,1.47275658183926,1.07911196352081,0.934488137100566,0.729862855547523,0.451900537844493,0.30123526152284,0.172918835117012,0.0475343528063221,-0.0433363133394022,-0.0767698132683967,-0.0752926782168352,-0.058040392646027,-0.0418372860288835,-0.0244721305731345,-0.0069420147145884,-0.002812271918695,0.227426983160326,0.184293625304699,0.156110173369797,0.128694083620302,0.0960743145581794,0.0680086361833309,0.0399058098939881,0.0164219735280223,58067.7993770534
"148",-0.144688175137924,-0.0918254707573281,-0.0886662691942748,0.0979983484909008,0.102719655074202,0.0768395183505083,0.0485006087884556,0.0145073291925466,-0.208017371639997,-0.100132309280416,0.0365955039163262,0.223921655836916,0.514259415992068,0.656080531068162,0.806469927986327,0.948273219692607,1.16742503825209,1.04667273195868,0.933584249541063,0.704191416494933,0.435404309811117,0.295884220272924,0.173313987665318,0.0481550207278103,-0.0408444247582459,-0.0585166596047912,-0.0685389937806129,-0.0512196959271154,-0.0434643831344042,-0.0198790881320218,-0.00850996956670024,-0.0024036527336145,0.226876975762732,0.189767974460734,0.15601781498844,0.126608999961177,0.0968607986517762,0.0671433069695442,0.0398969281784528,0.0163167668515924,58064.8968840829
"149",-0.203799888717606,-0.0822149785817757,-0.0754727939970063,0.122431928436479,0.119659194506114,0.0709611252580072,0.0518539265806812,0.0158299471158347,0.988892111679932,-0.175467652721881,0.0644838785362842,0.211490278604715,0.490327507450692,0.657363485578986,0.80821099658712,0.950219704570659,-0.00852877485442847,1.12238874520652,0.898393392447396,0.708667844939964,0.455750176793722,0.296560499737373,0.170180100402909,0.0455269730324299,-0.0494813593577912,-0.0760541940243858,-0.0628588771726865,-0.0541697441539526,-0.0416591827391896,-0.0236562182522062,-0.00714685741535862,-0.0028539642767737,0.229874280454696,0.187476819474837,0.156728030754149,0.12752990870997,0.0970932216583558,0.0690440764243101,0.0408102472562518,0.0163145683139158,58066.2025667463
"150",-0.185346311471435,-0.0951824515499221,-0.0661649615115691,0.105774841197577,0.107319431187795,0.0720714929541958,0.0491039689757157,0.0129620171897424,0.251660986561968,-0.0825603100014121,0.0404431717296949,0.203372314030966,0.493052003043232,0.657056447307087,0.808637574639956,0.947085730981176,0.720812961561912,1.03303317649264,0.919747020053401,0.724010960427996,0.457973124821892,0.297217764971293,0.171302050331566,0.0501394419484371,-0.0421440414194075,-0.0758024871245793,-0.0668640029039498,-0.0536890883701965,-0.0407302027878953,-0.0218755764030388,-0.00849039066735855,-0.00250812138133384,0.230874398848663,0.188627156866449,0.15935772055303,0.128515456323739,0.0981519110712213,0.0692833041954794,0.0406116264517346,0.0165482169923992,58067.4158428034
"151",-0.165414036062033,-0.0995059546574049,-0.0675523877832957,0.0994870485096333,0.119308821882004,0.0729872852425404,0.0556263470422037,0.0129958313505331,-0.417382076692682,-0.161059772364456,-0.00840055047935771,0.224547455514227,0.478368952682123,0.661931793882873,0.807101951418818,0.950024911304086,1.38255703428572,1.11254256173857,0.972842322563898,0.706364180185008,0.466428456914916,0.292563401185051,0.169775620513409,0.0466694234116421,-0.0410225237019146,-0.0751836707813313,-0.0708177631151353,-0.0644396730945836,-0.0339890610056694,-0.0237772456006146,-0.0078910549612982,-0.00250194796205548,0.228514477015562,0.187922893351031,0.156992730661269,0.125257695029801,0.0965518631988242,0.0703642504714306,0.0402151860132269,0.0164239459630812,58070.6551525159
"152",-0.140957114625021,-0.0880417522418255,-0.0627119914388918,0.124291848635081,0.0862219208143998,0.0670336465956095,0.0515165118044965,0.0155827300992246,0.449604584592501,-0.185720068972824,0.00136927473510105,0.204708972102031,0.516087634815603,0.667264872916984,0.807352394436102,0.947953857124731,0.512706502519615,1.1302262472617,0.957181367266309,0.716225008867818,0.439235954754073,0.289050432627978,0.170498119147571,0.0484230501534524,-0.0631907749151709,-0.0693171577758467,-0.0599198827351483,-0.0599406406034086,-0.0391877951130627,-0.0258678932590381,-0.00664323291611459,-0.0030684662932967,0.221996154663533,0.185350739442266,0.15968955861521,0.127626647759935,0.0971402076699115,0.0700501208064848,0.0408378458063243,0.016719239484158,58061.307656346
"153",-0.137544861236037,-0.0849990953485593,-0.0416110018791839,0.10335270864296,0.095290952724724,0.0743100660907098,0.0566810361399391,0.0137472525697214,-0.659684355247546,-0.179419018570588,0.0338490337926311,0.209345623675703,0.515176902173879,0.656347064126465,0.802549487913214,0.947897566470899,1.61853063874248,1.12418247904927,0.920783867150885,0.718057102573112,0.435439243911735,0.296519538428652,0.174391802609769,0.0488250207617023,-0.0529514045592618,-0.0665677008343414,-0.0742720805727411,-0.0585185998097386,-0.0342219275979767,-0.0212677188086627,-0.00707068064292321,-0.00275585897885582,0.225901955224424,0.18709082421602,0.155904841350435,0.126406086557329,0.0977965697368566,0.0686953572483446,0.040708777534791,0.0168956871324133,58071.0251016028
"154",-0.124615099478462,-0.0882526070882204,-0.0685936252102886,0.0991584739548294,0.106615259054631,0.0816758671448457,0.0552665280254957,0.0126366502393622,0.851421112257482,-0.198397465239941,-0.00577985500893571,0.223515872559721,0.513592535405524,0.659507107986507,0.80176263769331,0.948813310249213,0.102257851709724,1.14578921884782,0.968060612330526,0.705451239259442,0.433327749196719,0.291515777516601,0.175691105709667,0.0480700586432438,-0.0427949518302514,-0.068673185754462,-0.0639771301549919,-0.0562200747662275,-0.0358373595857039,-0.0251421898588405,-0.00730806126628747,-0.00125113413951787,0.226063800816704,0.187503786419138,0.158266899316078,0.126891131823424,0.0982575786121379,0.0692537069402004,0.0400913046817333,0.0165593622885917,58072.0711565398
"155",-0.135508341209558,-0.0893440420124102,-0.0530687897738808,0.107502093599635,0.10438987181088,0.0677701737165401,0.0498043686940175,0.0127547078507995,1.04197689751019,-0.12267488376148,0.00308477228789555,0.215145895629243,0.496719540744265,0.663056462097438,0.810826220604132,0.949543765745737,-0.0873319161246521,1.06986009061168,0.95416843729498,0.710679134447521,0.452869197850379,0.293361679141577,0.168562108149466,0.0473978266279525,-0.0337844669175375,-0.0655708430570002,-0.0623528463124666,-0.0603441866483191,-0.0330060052177135,-0.0259965059663217,-0.00951864703878268,-0.00240322317835268,0.223357178286867,0.183572652143661,0.155858235054467,0.128664202904259,0.0958016764420759,0.0689425075666217,0.0405201690850859,0.0164577052446518,58074.0050407365
"156",-0.14503380164447,-0.110510315435632,-0.0605544402463569,0.106173463786652,0.114356181626073,0.0712429318173386,0.0521270869067779,0.015522694935674,0.823935255085112,-0.0820865714991419,-0.0146472109429006,0.223743590482587,0.503267254271811,0.64812845944304,0.805428877501893,0.947086587679549,0.133566306927538,1.03645313496212,0.973987239754599,0.700793950527701,0.443170579886475,0.306563229749851,0.174264912800211,0.0489157222478369,-0.0386005178214863,-0.0664461194240598,-0.0659349665145064,-0.0520347983213401,-0.0424477293969396,-0.0206307065328659,-0.0111398330692349,-0.00211425215543661,0.226079523862006,0.185760302345384,0.156874258409541,0.124443709887657,0.0967232445112059,0.0708463503475441,0.0405014660337106,0.016174110289007,58069.7761083587
"157",-0.152178175450036,-0.110650751004052,-0.0633929340627278,0.100565463983532,0.105087861960489,0.0770660985282183,0.0545597573507992,0.0114495192956162,0.0582059580956548,-0.194929759256013,-0.0112554170248613,0.225966115835638,0.499689805968881,0.649181519986732,0.804541454230929,0.950440542363067,0.903725618665534,1.14958122797981,0.970908096097897,0.701962189690104,0.450573111565901,0.303247190970331,0.173335767500912,0.0468954803222279,-0.042858703311443,-0.0666508135648216,-0.06565782040108,-0.0557372551789454,-0.0407454310275189,-0.0221444686729619,-0.00781504025135026,-0.00290160352627082,0.225070385167936,0.186572563975688,0.154947826171554,0.12590903580097,0.0968096108882643,0.0683813456185639,0.0409423630176493,0.0166541486280842,58073.6941110635
"158",-0.165242012039639,-0.0921220447070616,-0.066194468453909,0.109335722300687,0.0987390114450843,0.072801269549024,0.0538398775657843,0.0144805085461062,0.431463047362278,-0.182546914379115,-0.0562212281357451,0.218790893012202,0.508827165659848,0.653108854098995,0.809425652407632,0.946430293379353,0.540223147994449,1.13077482934403,1.02071990931881,0.70686911381708,0.441449740883068,0.301241130201674,0.168000046477415,0.0501551334706428,-0.0663659176776752,-0.0672103982353193,-0.0727522192688541,-0.0610584946604818,-0.0346045441618953,-0.02432398955502,-0.00819500258193832,-0.00236100271022355,0.227948807468154,0.183201459160433,0.160025083800451,0.122917806489363,0.0968761688599651,0.0689640282233565,0.0408221947543745,0.0162497632836909,58070.3688455105
"159",-0.128964688182621,-0.083509736839195,-0.0594089768749852,0.104102004202526,0.106804950497804,0.0737013747014899,0.0507652261203107,0.0130135049723392,0.545186846259641,-0.118916544821422,0.00278945979861622,0.249158526740683,0.501910214753784,0.647210904011747,0.806888583297677,0.95010132828416,0.407936801912668,1.06352816482167,0.95548254473081,0.678148031535901,0.444398609747701,0.306890434372058,0.172122889071918,0.04663949861774,-0.0431209066905071,-0.0628633213845659,-0.0655565248073079,-0.0594856867605682,-0.0334166546697034,-0.0190203151241341,-0.0074026483123561,-0.0021211749362445,0.228410842172765,0.183965461106621,0.15980751487347,0.128044737529198,0.095859121074107,0.0692805076741953,0.0409430526984482,0.0161593147321229,58070.9280752443
"160",-0.137112150377329,-0.0944375751650989,-0.0481380814325041,0.0980419695188693,0.111030615508982,0.0722599759258656,0.048571382007699,0.01244384467532,-0.766364855453535,-0.150624012836646,-0.0429165137753709,0.246219907607295,0.505367033301967,0.650665273796582,0.808902870643994,0.948460496799014,1.72165258867863,1.09411469872045,0.997592158069498,0.68029129447255,0.442512194591704,0.304564440310249,0.170452383489669,0.0486899585519228,-0.0403228626950528,-0.0511486757322818,-0.061210911256053,-0.052010099193903,-0.0438431532771394,-0.0264490768679057,-0.00726510571154521,-0.0017029121343708,0.223863505632415,0.185812275528293,0.160777340961,0.124988969436975,0.0955311395270652,0.0700887036569877,0.0396760079317962,0.0163776281717032,58062.5255220453
"161",-0.137262585694708,-0.103094309971457,-0.0683927173963871,0.104389153337019,0.0938578599408636,0.0639399101910452,0.0534842216153902,0.0121587139239028,0.774902074955362,-0.153034766312294,0.0240877061531796,0.226898153293576,0.51214362803759,0.654261364742248,0.808982576377454,0.949875381590956,0.182799378309499,1.10641597631413,0.937914071403469,0.700514636870381,0.440315786652373,0.302986620190137,0.168624611885829,0.0473523922647413,-0.0497557725034544,-0.070560974118922,-0.065734656011462,-0.0556273596494207,-0.0388073000426664,-0.020910476122043,-0.00757160839924096,-0.00266534759879185,0.227845706152031,0.186944699090016,0.159361111788195,0.127467918561975,0.0960186472677486,0.0698758036587264,0.0401863706019975,0.0166704611261769,58073.9528517271
"162",-0.132028181011335,-0.0756735610686727,-0.0939821230424972,0.110367219958519,0.0932814525061199,0.0797340973254249,0.0563820694758139,0.0120978499578279,0.469952789863635,-0.204003781398574,0.050017212787202,0.187020189068847,0.495286979597281,0.654026978701616,0.807031560344986,0.951934938725329,0.484634589245017,1.14246914443476,0.918927321118907,0.73962798703232,0.458868380994721,0.298134720373943,0.169729775437669,0.0449764393752339,-0.0396692880881847,-0.0545284099648873,-0.0663697501594818,-0.0610534162840613,-0.0389721876915599,-0.0251554602348626,-0.00740618629995657,-0.00273899810770483,0.226403692246052,0.184265595475262,0.155546474141988,0.125268376054398,0.0966312568018531,0.069098809149065,0.0399982666382231,0.0162107233505989,58066.4987536136
"163",-0.199572728231908,-0.0823742916172286,-0.0313659946895936,0.100032549617667,0.109207581021789,0.075445833636634,0.0532017313741263,0.0141394790284908,0.87002198101465,-0.086847362636991,-0.00911541963287386,0.252319924107123,0.500866794755064,0.651241306729762,0.80528405726779,0.949263123292813,0.107066842654764,1.03146677337082,0.959216457401769,0.674961301035982,0.446725217784354,0.302099389245404,0.172961307667849,0.0472739021767934,-0.038899006992085,-0.0733884792280101,-0.0729162867151873,-0.0584525859288825,-0.0391959329568029,-0.0217568672541982,-0.00896541006209507,-0.00272790661670349,0.22177697226155,0.183367183663995,0.159674315763383,0.128495349126315,0.095657645217969,0.0695148042257344,0.0399111365678297,0.0165035323773861,58069.7552072678
"164",-0.147665828024381,-0.0865408635631505,-0.065011898243157,0.120128562329549,0.106580649587969,0.0689044481003896,0.0529239508142351,0.0129175807924323,0.30949741465165,-0.0859938291052962,0.0436173595550772,0.217890595325871,0.497729429600453,0.656732424568058,0.800183574167162,0.949427994241623,0.652132266843893,1.03533267635296,0.91596642333664,0.704440390685354,0.450030653615446,0.298394382192291,0.178554157898673,0.0470765320131285,-0.0562093957609609,-0.0769202899859475,-0.0697103142562117,-0.0601389219407552,-0.0279727779090105,-0.020466411014077,-0.00723815302983198,-0.0016198976406906,0.227445259794997,0.188927042083838,0.160956385911213,0.128109567855242,0.0986468758321096,0.0681717870741182,0.0400291815525788,0.0164683679798572,58064.1879980121
"165",-0.133713898450184,-0.115486768665343,-0.0600372424992494,0.123338888799833,0.113384410127233,0.0681325828884007,0.0533674843495428,0.0127648879457862,1.19872188174705,-0.0484871496114027,-0.0422431928890284,0.213084946014823,0.502251213467401,0.666084248065393,0.804460509865576,0.94838024221644,-0.243227820312157,1.00308506129492,1.00335504725818,0.706955615372277,0.443572859369794,0.289631458796002,0.173902699153456,0.048548380371332,-0.0388259697369941,-0.0668295972712676,-0.0678526557030101,-0.0600066040214834,-0.0373403388806552,-0.0263415165064413,-0.00932857661501977,-0.00157826758895987,0.224542028903861,0.183566486539365,0.158750676396424,0.125077953533275,0.0979534605039206,0.069018735241527,0.0405779020954085,0.0163947402007308,58072.4428153725
"166",-0.162926180573383,-0.0712998758504771,-0.0510590202042639,0.125744916424322,0.110481454781874,0.0718245789313012,0.0536678755468485,0.0115199142583461,-1.29765115147175,-0.160134137034473,0.0134844920322639,0.189039558816646,0.492490891476983,0.660118910393301,0.80153343477805,0.94966789787983,2.26532041848807,1.10006064924789,0.941521600116018,0.730029803599329,0.454378069501023,0.293570847048205,0.17764641445642,0.0479061561778144,-0.0543345596294103,-0.0676033841119618,-0.063365356315404,-0.0501929701872626,-0.0357040673760865,-0.0224729468884081,-0.0102431285153593,-0.00263097227860985,0.225010307607031,0.185180754166318,0.157754603532626,0.127069008341617,0.0951109554891449,0.068334869618612,0.0411473002600314,0.0163255046306225,58069.5644841261
"167",-0.173705747225166,-0.0916121194923349,-0.0696367271858962,0.101513251918456,0.10565301491445,0.0698679769306549,0.0532028508853316,0.0120698688253688,0.875439821090469,-0.136797998051768,0.0833398286418234,0.231203224223527,0.5146692800381,0.656726590894405,0.809002196632982,0.948758655291144,0.0925882260118357,1.08594707103232,0.877738673942246,0.696891054138996,0.432451923118444,0.298811240677918,0.168968882228653,0.048513615131466,-0.0401455426876143,-0.0746719952967689,-0.0698267073862064,-0.0602013946664348,-0.035717547384128,-0.02207265606822,-0.00901197719712317,-0.00194393235832341,0.225717280523176,0.183851671278322,0.159531286512292,0.127242350587238,0.0970387133875538,0.0670419513992038,0.0399083970206506,0.0162138622993701,58071.4404830666
"168",-0.168549646629431,-0.0977937007438366,-0.0294739068843307,0.121576234618516,0.109812500974424,0.0707751025215408,0.0554819526137574,0.0131318957764473,-0.545808253105995,-0.157295585525043,-0.00933397338120301,0.194860321700223,0.492308947653722,0.65817889079395,0.80127731588496,0.947255263208823,1.50843180234495,1.10673983292482,0.959517250233826,0.725831329901759,0.455449834826312,0.295105557912336,0.176492062131693,0.0498787036145499,-0.0287857647944682,-0.0674688235184881,-0.0668635355294326,-0.0530514339114541,-0.0384935759551623,-0.0215230035513407,-0.00691644352897011,-0.00248886511493647,0.231006666031106,0.183855710292866,0.155834471513125,0.128900198038741,0.0973905988221199,0.0688606049895169,0.0400093590761289,0.0165765822465891,58065.4376399514
"169",-0.175410284121514,-0.110821571078561,-0.0720032116363585,0.126398796050176,0.0973709516815273,0.0748161180535044,0.052794754715158,0.0121042321076131,0.650121786262933,-0.0843412366999167,-0.0104874948794538,0.187828851148976,0.502382737246688,0.656135691065411,0.800802705729834,0.948295325099911,0.32162708320287,1.03957735785037,0.974375579796173,0.731398584536032,0.448678023010608,0.297098148044419,0.178010289817025,0.0491645557157059,-0.0577159051832292,-0.0735560835294605,-0.0703985410857738,-0.0543364420475969,-0.0330450556678886,-0.0236297365250839,-0.00656763566729289,-0.0019516169203673,0.228289795407765,0.185875891711087,0.156615034842996,0.1251023686771,0.0952474076643137,0.0675455920909277,0.0401113645072072,0.0162613051607371,58072.839884015
"170",-0.155041272979203,-0.114155888484588,-0.0543216519658438,0.109667054904531,0.104925526073074,0.0726170179919735,0.0468563235923624,0.0130953853967236,1.17896989822945,-0.158436477587191,0.0243688545111758,0.213071280548143,0.488574279722099,0.651032977456522,0.809186447299317,0.950426077973899,-0.216347734459626,1.11106395088855,0.931690537133225,0.713641974940541,0.459972117922096,0.303173131491774,0.171112890044581,0.0462302787535651,-0.0426071385025094,-0.0545923781014781,-0.0652362746943285,-0.0620658270213416,-0.035601885680232,-0.0223037467008793,-0.0075698537173308,-0.00167857913557108,0.224791936314929,0.187140934840909,0.157095840036092,0.128249349442595,0.0965663165283259,0.0676167899082067,0.0400795947607025,0.0161501503501505,58070.2361536772
"171",-0.147111524755767,-0.0638695022816338,-0.0724464866560073,0.118494162011804,0.0860461427705792,0.0671167609065316,0.0508736448444669,0.0162749843498257,0.161305150966391,-0.194084898793128,0.00866513631305106,0.225398121817917,0.505103956883499,0.651864671513436,0.806895413620509,0.947559676802475,0.798281397261623,1.13388840927324,0.958439383097878,0.69489669817178,0.450095773960774,0.303590985678198,0.171195015687561,0.0479485497112104,-0.0344738797605393,-0.0710378080718779,-0.0799450519945801,-0.0538019676913452,-0.0355128140221713,-0.0207467242087732,-0.00457990393900584,-0.00209551796528199,0.230665705539505,0.187108285612004,0.15956133149897,0.12639781498481,0.0976470225401517,0.0681568757522776,0.0403485317001316,0.0163268974431222,58062.5390459836
"172",-0.162658680094894,-0.0905044515509558,-0.0753762286738724,0.103439158098157,0.120936508351618,0.0725309211533452,0.0556177889254154,0.0154476000440848,0.62142074406051,-0.102752717186346,-0.0152419912730566,0.238359786148067,0.489424765336092,0.666131351607515,0.800602480963755,0.949335212398558,0.341021154310032,1.04864365961651,0.981338453462533,0.686999532101568,0.45304198347262,0.287848063153033,0.176755896436472,0.0461902521124826,-0.0396831231429624,-0.0572253177006667,-0.0696042733607373,-0.055950195878541,-0.0303044842931785,-0.0247672012601695,-0.00739307271225718,-0.00154920147048799,0.223012073738462,0.183700801208967,0.160060408542078,0.125897586126959,0.0975879508107823,0.0693053293588658,0.0404832148198382,0.0163215220614521,58068.2579836499
"173",-0.176684147806029,-0.0686851080896151,-0.0509308283373529,0.105749559065505,0.100354785680349,0.0711968484389742,0.051568064292387,0.0129562448752419,0.655954185675598,-0.16698931249592,-0.0292250891969108,0.231851032525972,0.50312463572869,0.662983380943572,0.804937375941943,0.946591728432044,0.315838961415965,1.10858651386269,0.988921273072434,0.694305008529213,0.447383876291777,0.29192850302107,0.17407910098011,0.0504222873001363,-0.0521133363312013,-0.0719499191009721,-0.0713992163710558,-0.0567093505913936,-0.0389933253491621,-0.0263942608261423,-0.00886264086781517,-0.00153324377771854,0.224680974420324,0.185291052639426,0.155515983727085,0.128133852094343,0.096031456354653,0.0705155528209711,0.0406695889081005,0.0164215575418408,58070.4838887897
"174",-0.164899727079539,-0.0871492481244161,-0.0593521174318369,0.112175478506733,0.110270413114061,0.0699869601904108,0.0551356737605518,0.0126004292828997,0.952748757767664,-0.135933692059572,0.0325649926743763,0.212587134170092,0.480189809739014,0.656076201918246,0.804644074612329,0.948314911162755,0.0171399854529444,1.08089188847103,0.926996194313127,0.711080002393901,0.467828386344168,0.298924316882467,0.172659658368076,0.048822413007851,-0.0604126950969838,-0.0692844799797463,-0.0739983441553087,-0.0555663853196917,-0.0354414545994556,-0.0221272528292878,-0.00714557040472476,-0.00269607877798182,0.22398009492402,0.184249259303057,0.158634614742441,0.127896639727337,0.0972198194455818,0.0690898914695046,0.0408328545273976,0.0162773163521898,58076.791135237
"175",-0.152517899953168,-0.0734055801830151,-0.048566912743705,0.097091244715898,0.10880650567397,0.0620731354985878,0.0525685696119098,0.0138788915510217,0.191116411050434,-0.176476625618157,0.030416951476954,0.220735423188836,0.483130646059576,0.660381430262815,0.806572453931059,0.947172943583055,0.773470726549661,1.11821840057916,0.926461989157023,0.707610515893335,0.464997112036868,0.298249267251826,0.172013982682838,0.049537237580575,-0.0610438384081499,-0.0683907875343397,-0.0710687744252941,-0.0561185135909069,-0.0352580376698367,-0.0266780240116316,-0.00907020221037929,-0.00172662291748869,0.229323593725952,0.188843490877946,0.15566764170721,0.125959569065906,0.0963079949986348,0.0690524990213217,0.0409633333141646,0.016265799055401,58071.2767723487
"176",-0.178974097738292,-0.110538694810241,-0.0437613297049414,0.102563827372406,0.0882543747794898,0.0835335778897303,0.0543746264519416,0.0125164491873492,0.202065725003964,-0.0627353993443573,-0.0983761769057674,0.245080590096905,0.521392858356654,0.648888160332465,0.804133123316882,0.94919699370172,0.766283753069036,1.01840406598532,1.05420248337677,0.680920056924906,0.43177079154304,0.301103786157772,0.173556534028832,0.0479662715506083,-0.0351978996186957,-0.0735472779304139,-0.0663754260471964,-0.0598506503245075,-0.0384824065600955,-0.0191852446632449,-0.00886097200693231,-0.00256387197876132,0.224002858332709,0.185652727912321,0.158857051656916,0.123811163223093,0.0973819364312881,0.0677836781816412,0.0398916470036238,0.0162070174138453,58063.3850893523
"177",-0.158848328761023,-0.100883133926882,-0.0590430277300034,0.103121647087503,0.105033655459634,0.0764871452000961,0.0514578910786595,0.0152415024968921,0.000814349357073847,-0.0597916941610576,-0.0601116867201859,0.195141280431741,0.500213840129822,0.653812068805746,0.804850474924156,0.947488832340515,0.966125201099131,1.00795330908221,1.01960122078377,0.731892670598633,0.447857283161292,0.299147623207895,0.173754495714118,0.0484941378034329,-0.0475076030895203,-0.0649301520818594,-0.0704618329580061,-0.0522107133255411,-0.0355732021138319,-0.0228458858289179,-0.00747562680417363,-0.00143581298673029,0.221317030286046,0.184727661361261,0.156981983529927,0.126820203149481,0.094798433414075,0.0690381574112618,0.0406420296148174,0.0163856623929078,58070.9700388819
"178",-0.115303422941561,-0.0962153511241275,-0.0584122609222013,0.102540480688348,0.117653845289637,0.0697745184861104,0.0535462333090039,0.0133523702479019,-0.71476823634955,-0.0753240129399685,-0.0221628055033535,0.208058710331771,0.502316486888575,0.658531110925601,0.80814814157775,0.945813885305777,1.66570450556228,1.02370047247644,0.979381444590839,0.720388053076607,0.440805880881829,0.297916170941683,0.170047069141205,0.0512243502809502,-0.0432746605637902,-0.0653680067953788,-0.064908668397363,-0.0597501092749889,-0.0358104007678767,-0.0293301255252142,-0.00786307825450624,-0.00190154134587839,0.225569363841878,0.184522463340915,0.15595092434031,0.125400647507989,0.0982021998725409,0.068393372146647,0.0405036124571442,0.0165276574364886,58065.7973383078
"179",-0.179262752516897,-0.10773622003531,-0.0549907598857419,0.129806665805309,0.103213334265202,0.0739737917703596,0.0545808863361998,0.0130559542304695,1.24936355812547,-0.227712464124148,0.0154564212031356,0.175936741647425,0.508182261722206,0.656507789300459,0.801021333848314,0.947704368622007,-0.276143644959336,1.18050626964306,0.939558780389616,0.742356511946251,0.440777454085767,0.297384393522378,0.176451519685606,0.049299561777661,-0.0512421723754157,-0.0717019395996922,-0.0614516153824946,-0.0534338206567973,-0.0395612203397741,-0.0233306245895389,-0.0053278227367651,-0.00195587068545994,0.225530637600461,0.18415640744836,0.15759994649238,0.124314291785659,0.0971289418713315,0.0674967945005389,0.0400526929653212,0.0162507004977503,58069.7964097112
"180",-0.17751874373675,-0.0725993066183196,-0.0397204685457289,0.107071491099193,0.0967334388228126,0.0799415910942895,0.0537677894991661,0.0122696249674311,0.393705098434716,0.0405419673744525,-0.0281180195489166,0.217915537272138,0.525209007125424,0.657136683296149,0.805616341907835,0.94988563918812,0.576594816010341,0.899865790780634,0.97982902381807,0.708021793403586,0.424965735985752,0.294202295798664,0.172433755043542,0.0473272959432899,-0.0543593280245134,-0.0593072402247741,-0.0607847574190398,-0.0591696846613713,-0.0341194743698175,-0.0254445999010066,-0.00785097011072001,-0.00296668155928137,0.231838628758421,0.183885030999602,0.156901110372742,0.127200142885984,0.0957746391677113,0.069740100614625,0.0402068361726342,0.0163164089215959,58064.9626184686
"181",-0.145825389259091,-0.0961353245805254,-0.0563100592068662,0.128835289807603,0.10730200428313,0.0640955538017639,0.0574441795840471,0.0117652448664364,0.736667751038062,-0.0682904466137801,-0.0526463740415204,0.167144756591302,0.489867697845165,0.666430389395695,0.801658152798288,0.949029450838261,0.225148336034794,1.01466689202885,1.01009330533808,0.751191082267764,0.458082044430094,0.290344731225694,0.175196611147665,0.0481265225866441,-0.0581174409755971,-0.0547714678707062,-0.0640886245174478,-0.0526643313085955,-0.0331199550271484,-0.0202570664995819,-0.00800263858218361,-0.00198021841842754,0.226479313965082,0.187747793319716,0.155832528303223,0.125071526322679,0.0958869420119157,0.0709934681417304,0.0406039975635074,0.0165181445777351,58065.9537948956
"182",-0.146490562938552,-0.0636243564709118,-0.0685311817860652,0.111664983137552,0.091117078460705,0.0725495041348212,0.0518543399298828,0.014400268775991,0.624083750640125,-0.128392708035107,0.0214795301944577,0.172956889177105,0.508673690819598,0.649103502166081,0.806946916972913,0.947733378874512,0.335018753791739,1.06462695681539,0.938479342766744,0.752564312343902,0.444621271851378,0.304830927174714,0.171538716408038,0.0484848843203177,-0.0472007998090019,-0.0610966969493798,-0.0647533535689991,-0.0590654234315634,-0.0367122161830116,-0.0235656514684446,-0.00909703994625308,-0.00062849412764111,0.224480541141917,0.18654212295257,0.15609941556088,0.126890549791259,0.0974253330373892,0.068497652133624,0.0397968575812203,0.0164280236417072,58069.2578885444
"183",-0.12330934185821,-0.0837745682052489,-0.0530716560706697,0.106432956158961,0.0915164148671667,0.0756125147299184,0.0548854314579494,0.0137978862599164,1.80529470272958,-0.0266644681284471,0.0256912152492505,0.186922287977619,0.5233244731949,0.647759224597924,0.803151211680083,0.949745268183212,-0.853878326776212,0.971691347962433,0.929826393534602,0.738251467974659,0.429877898887051,0.306001516482754,0.174005107044209,0.0469577026818226,-0.0453899766146681,-0.0643647911064612,-0.0654686170833513,-0.0481323640016138,-0.0437072305472935,-0.0227079536217267,-0.00701259686007569,-0.00275942586948724,0.226958699225657,0.187935160433758,0.154520315218888,0.125299382773038,0.0964790178186135,0.0685227220594749,0.0404065128064011,0.016309837704575,58065.6706439161
"184",-0.152337612557661,-0.0968520392442434,-0.0557057964527315,0.108693092355564,0.104722111181209,0.0690832698821547,0.0519957790390504,0.0130747714610469,-0.0827649231141603,-0.0797275371237163,0.0121382415499604,0.172470795347018,0.505417063414426,0.657997501231719,0.812542397556248,0.950052457001907,1.04279590055727,1.02891114526399,0.945638697867405,0.757915150052157,0.443316069081075,0.297898227305021,0.166483556410866,0.0468612241645199,-0.0363748126920472,-0.0692130732024183,-0.0656982947310341,-0.0666069424347663,-0.037640652427646,-0.0221445075877623,-0.00979245652441985,-0.00319396072245927,0.226899533832448,0.184088087806738,0.156083220616447,0.126507485873065,0.0950791536585624,0.0677716684447464,0.0406380351114826,0.0160375735698053,58063.9426029258
"185",-0.18197760861298,-0.0991176192691081,-0.063515986702133,0.113498575478917,0.101663070720856,0.0725029977459422,0.0585611553704167,0.0149693487363723,0.78796614087743,-0.0710803266419707,0.0101394104962703,0.225672277806122,0.51169362043017,0.666759008854562,0.805218245794793,0.949991875466153,0.18491960644794,1.02069852398582,0.951971526152045,0.699843799905631,0.438784815924104,0.286886271900084,0.170875953651178,0.0461197158221181,-0.0574103928438835,-0.0674047499585862,-0.0678428206033722,-0.0633103769932976,-0.0377248257490788,-0.024445254708768,-0.00766953926315541,-0.00288964804782642,0.232147016749837,0.186586361047789,0.154779308104298,0.129354472903584,0.0965738045876511,0.068984898929024,0.0398729548967868,0.0163337448858911,58067.0417549189
"186",-0.183854738903537,-0.0980922881175738,-0.0571257582258783,0.12020711861771,0.105493332941694,0.0731309814205791,0.0512940765168488,0.01259275514114,-0.669998722009408,-0.110263555078024,-0.0307331739072254,0.221143810708407,0.501090172869482,0.660543357946447,0.810046125090031,0.949617934587095,1.64349148463022,1.06119684558171,0.989813215399912,0.699914366411695,0.449261089686607,0.29386053786029,0.168353303648975,0.0471780061747144,-0.050030728037758,-0.0733191592258937,-0.0632480016914604,-0.0533685192249572,-0.0413040598049418,-0.0255248311278524,-0.00822288968557694,-0.0015451419471658,0.22794000344664,0.183778453473068,0.157260305660264,0.126221756396391,0.095466229126512,0.0689302025428034,0.0409013307362925,0.0162689482098729,58073.7432476022
"187",-0.137130955550454,-0.053915465065272,-0.0662726418307091,0.0928148045817657,0.108897114792853,0.0657691888762677,0.052905656669652,0.0147109237223353,0.980670158846108,-0.183544403308835,0.0240276172663066,0.215753454013638,0.500791414944905,0.668720039990015,0.811628048023353,0.949150995006064,-0.0249549047042597,1.11730221122636,0.936672332905827,0.713439709175238,0.446734335153137,0.287014478471,0.167105505213885,0.0470024784566741,-0.0417111101892421,-0.0677064716515059,-0.0632720362178961,-0.0604598375681998,-0.0348710177428004,-0.022425373557362,-0.0110375846986994,-0.00252199143102321,0.22259805532391,0.187743213917646,0.160963781205803,0.125302564132335,0.0970830045332527,0.0698250306579276,0.0405798345910634,0.0165328950717452,58064.7593884196
"188",-0.146391607976901,-0.0991429064705802,-0.0500607483116841,0.142821782413333,0.0986727066974416,0.0766283608566527,0.0524234818956217,0.0130984574909155,0.768562427404628,-0.120580146378148,0.022806164342418,0.174028318291228,0.524388747580428,0.649293490753818,0.804331487684773,0.948205795128062,0.190640377100978,1.07095524034985,0.931395625109504,0.739939673074688,0.426316425929896,0.303167694995116,0.173764624937826,0.0482258072916111,-0.043366645098709,-0.0696248889812816,-0.0671717417749305,-0.0520613051287195,-0.0404811853481604,-0.0242971922230775,-0.00744948933903568,-0.000707972473184716,0.2281210482036,0.184453258221161,0.160062803082076,0.125663251330792,0.0958102420987209,0.0707358709723194,0.0410248111422373,0.0163064660661961,58064.4810940013
"189",-0.173903730357548,-0.0850034315764497,-0.0611501977817258,0.116977449935094,0.098072553227466,0.0841062238935235,0.0489535786360696,0.0126238133574461,1.1156462717641,-0.0871132727067827,0.0146042759513657,0.20820350908654,0.514160837145338,0.657797033650226,0.809147295343618,0.950880818652762,-0.147263133144464,1.03376420949686,0.943187629375528,0.712469229241282,0.436704777203605,0.291833925971331,0.170907262568107,0.0458684700132933,-0.0402801605330857,-0.068848816548281,-0.0620869998209946,-0.0531922558836006,-0.0372212863717362,-0.0211190388334451,-0.0104752332253651,-0.00187612080521873,0.22629127860553,0.184651467943189,0.157480399408067,0.126559934890456,0.0964660270941321,0.0693752457525796,0.0406430815354144,0.0163324390346145,58072.5679304068
"190",-0.17646311259012,-0.0704986020975101,-0.0606865711187218,0.0860598706640036,0.105932659383726,0.079865297148764,0.0576460894767087,0.0128166973782809,0.596501372184804,-0.0998049115616135,-0.0069310379435339,0.256199197014992,0.502448894910177,0.64923502458341,0.804336404943303,0.947845433014908,0.375529867484952,1.04199026633445,0.964969952666207,0.674568760185168,0.446641985302238,0.303983463972752,0.172355756364841,0.0490746812641418,-0.0540748945067039,-0.0727335757534081,-0.0599836492294859,-0.0583455372576438,-0.0378791449316734,-0.0254130969372389,-0.00801655712930957,-0.00180912552395594,0.226672331013616,0.185813325577642,0.158249233523366,0.127020589940972,0.0973232691200167,0.0704188649869105,0.0407571553936349,0.0164246518378854,58071.2255995346
"191",-0.136217844479965,-0.0562192078891564,-0.0441179948632143,0.0965551894882737,0.0994512309051964,0.0796268804139692,0.0516268070609146,0.0144923554179212,2.38947367879636,-0.223201189817508,-0.0185709511999937,0.225643014445749,0.497323398846215,0.651474274452446,0.804955186311126,0.949430490170713,-1.43607293840681,1.15905057763076,0.973505359668571,0.703553022945569,0.455537473784006,0.300558669383517,0.173898173716718,0.0469345423697814,-0.0411893181241058,-0.0615378281261245,-0.0745241077123055,-0.057985265235257,-0.043020548842177,-0.0223108764907832,-0.00626081633117441,-0.00261328477786445,0.224690830318985,0.189389935639647,0.159747293281061,0.125941392296599,0.0963306364193847,0.0693738347240022,0.0401652602434958,0.0164211586753122,58065.0589152813
"192",-0.174928633237612,-0.0837859545535804,-0.0346956621777655,0.118473723097282,0.105159013980864,0.0747650650670375,0.047496947597677,0.0128031772586071,0.409398226494626,-0.0641653425280568,0.010315276798231,0.212696932550289,0.506605405755708,0.64648703528572,0.810880086450273,0.949736154108226,0.55875207266655,1.00814344852045,0.939294519395948,0.709567010964333,0.442540816926524,0.307716890118764,0.168650875719328,0.0471488780639065,-0.0405319046251554,-0.0605940769312204,-0.0657532024455792,-0.0593105138555927,-0.0385818126114396,-0.0237789554064745,-0.00645297785798435,-0.0021700766071595,0.224711414583337,0.183272108325227,0.156787177066287,0.127273939189179,0.0965416514069959,0.0694577421826382,0.0393694193203278,0.0162417351097071,58073.2993097818
"193",-0.15424718115985,-0.107825842983359,-0.0687029928651126,0.0951611780475216,0.0948790126123569,0.0609912334512592,0.0622588745557599,0.0128435322369101,-0.314297812325341,-0.161212093664842,-0.0476507951941086,0.206123015984868,0.519216878212834,0.67017228138283,0.803747022799949,0.946740905405598,1.27851319592974,1.11584016885586,1.00972606250808,0.726219699877878,0.431182316585353,0.287921729728862,0.171132751579486,0.0503404581258747,-0.0401845479816085,-0.0759003028562772,-0.0626203615431984,-0.0622835790478997,-0.0356338136142293,-0.0254653577374258,-0.00795532407603154,-0.00156249092850058,0.225221373293196,0.183320210640053,0.158647903202069,0.126181034810735,0.0969482070573747,0.0686110467832589,0.0403699183035687,0.0163710214739411,58065.7585673385
"194",-0.151712545197004,-0.0954901032798448,-0.053887537571353,0.0998155077560459,0.102628314907524,0.0790544463734273,0.0501622145599558,0.0113757292044263,-0.96797218585318,-0.0780212956914387,-0.0141385434374675,0.218321225472953,0.503455277915234,0.649950577834803,0.806185787738697,0.947331264528013,1.93161442956643,1.02682342738314,0.971978823801186,0.709884913632732,0.446446340575338,0.300978812597182,0.173161053342863,0.0501819957663342,-0.0548663962931417,-0.0655364959579055,-0.0648687761282293,-0.0555668819808432,-0.0383170623801797,-0.0202466818958318,-0.00983579686559856,-0.0013576991405332,0.226552444835582,0.186872093832208,0.153911504451169,0.125605078792294,0.0963107057332574,0.0700884874235614,0.0398735627353231,0.0162613847361119,58069.1435308654
"195",-0.17791099875375,-0.081302979479248,-0.0634263612388777,0.139082238992611,0.0956799716217552,0.0567499597249417,0.053742718804395,0.0127601694784761,-1.40880763382791,-0.0624939927878488,-0.0106345375656082,0.179375230542269,0.509398764088239,0.655786394899018,0.806043279415907,0.949500796648648,2.37787265974584,1.00554133172093,0.972286517877846,0.736111520982228,0.442867022963851,0.305374813597173,0.172792929543986,0.0473058379367861,-0.0504798343367695,-0.0602938971789529,-0.0727684568972927,-0.0506235721769751,-0.0367975297584883,-0.0254747434519348,-0.0111111809079603,-0.00174240323153889,0.224001390396359,0.188075241770691,0.157726895849239,0.12664849230395,0.0971453083011785,0.0677138951474096,0.0398889511292646,0.0160878215087783,58058.8431811799
"196",-0.16992573304407,-0.106752395875484,-0.03839276989448,0.117628496267656,0.104962588590343,0.0881802422870352,0.0463832496208337,0.0108863884109178,-0.0558746249404735,-0.144403118107552,-0.0270113495454542,0.211627561216554,0.515961277664312,0.642595372155094,0.806416579232908,0.952225993354517,1.02488851358652,1.09638862162445,0.977590117323765,0.709855170301863,0.433667747158147,0.305780312150012,0.174364504562114,0.0453548945511201,-0.0533757075495678,-0.060763644090669,-0.0677094412678675,-0.053263308582517,-0.0402969667773944,-0.0209541082113989,-0.00879244793832143,-0.00329351725735611,0.227984170981832,0.184547126612571,0.159423077007815,0.128218148392132,0.0970065121696425,0.0684852551507379,0.0401280311757308,0.0160150028674094,58060.9917789421
"197",-0.155352020299518,-0.0962710652212715,-0.0301358836521115,0.105040189376249,0.119983763689691,0.0785239878640116,0.0527871781988952,0.0118771144368688,-0.356418292350159,-0.181157797902482,0.0252067818324503,0.21876448980167,0.495668463109988,0.655225664088936,0.809821298796889,0.949747235684962,1.32122199278799,1.13066400776917,0.922648700746913,0.70793112061967,0.447397585887698,0.29753587566697,0.168678615195702,0.0477590692585948,-0.049682266735922,-0.0658760276603518,-0.0551653734763084,-0.0572756666930009,-0.0316855572632101,-0.0249165276713481,-0.00973968021924428,-0.0024441086043233,0.227362890121068,0.185488149422501,0.159108590726727,0.12831750247616,0.0963388580407855,0.0692589502011736,0.0404112373599168,0.0163239605199632,58067.5164013564
"198",-0.167392351148943,-0.105230042504387,-0.0596764218250673,0.113216414133064,0.0989433177531793,0.0864284274988141,0.0566307887514395,0.0150767045902185,1.20563328649706,-0.0615972593753858,0.000707231381397814,0.212558015066209,0.506549400198336,0.650960997959178,0.800433715328873,0.948794009005282,-0.238144231145129,1.01246439729028,0.957052206944839,0.711113949051461,0.44402583526963,0.298860694536387,0.177431500945674,0.0470145569369497,-0.0498249561532839,-0.0674320738715727,-0.0625940704179862,-0.058381182298525,-0.0374749158376595,-0.0254963965622949,-0.00913014237915467,-0.00249299923527618,0.223722747135147,0.182638175209387,0.15646270180403,0.124731150298513,0.0965674426900961,0.0689636856953198,0.0393031786995176,0.0165960956509882,58067.7874025729
"199",-0.148220320729389,-0.0934597454307293,-0.0506577505014767,0.111169785589326,0.101820944334898,0.0658755518871325,0.050893705897701,0.0138998124579311,0.874540607426515,-0.116895106901016,0.00709052361149601,0.209434877520545,0.502842851763573,0.660574467993076,0.805647487188688,0.948633356331009,0.0830873504565599,1.06463526004085,0.950556743412501,0.71555843004499,0.44814689437918,0.29481442952753,0.173557989412338,0.04786840333199,-0.0394134119146672,-0.0649127091148039,-0.0678776579387424,-0.0575463430166329,-0.0377196934768126,-0.0223353803369496,-0.00706792875822885,-0.00208202205719087,0.22263496082413,0.184662514845064,0.156252148441783,0.127677249098096,0.0965691999268225,0.0694818646939568,0.0400995570831075,0.0163999807188628,58076.6436771219
"200",-0.135101364317413,-0.0680238643936372,-0.063719446241819,0.0982499986080961,0.106678331392197,0.0793544674300227,0.0554816318021881,0.0122610206047246,-0.054450445703194,-0.132959856776684,-0.0229176666116488,0.221098901795704,0.494080560935476,0.645427906055642,0.80407830635268,0.945593996132717,1.01018062317197,1.0707725760504,0.980670168486703,0.706595116865391,0.452945595895197,0.305773029194977,0.173304880949135,0.0518881179991194,-0.0491275346006341,-0.0670046669414346,-0.0566737326458892,-0.0540763356615126,-0.0314571182107723,-0.0218499826404303,-0.00685063682245764,-0.00143535223640433,0.232132497271701,0.187892459996043,0.161413963491731,0.127986646988718,0.0977619698315519,0.0701621320806289,0.0405412108844716,0.0162440647273782,58062.5718086589
"201",-0.143177892519095,-0.0798296513930722,-0.0543806536548871,0.117416861556993,0.111451255771677,0.0738423594932881,0.0537300700347525,0.0156652481884055,0.446230125135259,-0.0594243847926032,-0.0592227938327831,0.220051394313277,0.490379691324102,0.639723073096148,0.804308931711971,0.945305945653808,0.5154316044344,1.00316327083957,1.01897056727642,0.702935072768386,0.455623373870053,0.314652556710592,0.173762345059468,0.0509935730646731,-0.0444447621390442,-0.0687701021990436,-0.067933757622302,-0.0647193055072097,-0.0268091901473616,-0.0194839833647822,-0.00688159553304243,-0.00227453504805778,0.228112012216203,0.18315911791874,0.158203472092873,0.127751217047232,0.0991297442430456,0.0685470607702175,0.0409628910622233,0.0163164751794986,58059.7200389495
"202",-0.136480032195776,-0.08048596524318,-0.0811738311594079,0.0935866379521091,0.115661332256974,0.0739818552828761,0.0550508073475697,0.0149044376492565,-0.466699266102701,-0.0174974197296072,0.0259891195436335,0.21885488167788,0.488123339764659,0.660496030521134,0.805270153917953,0.949110552224472,1.42447656312362,0.959570100592726,0.940899088600658,0.713453828032354,0.45815976256293,0.292919154854605,0.172495893707667,0.0469349175844994,-0.0500192461141537,-0.0635654658398078,-0.0778061540865598,-0.0619663974537523,-0.0377364923734384,-0.024937829527292,-0.00936750540873554,-0.00206843733779024,0.224741153613776,0.184468074064562,0.159517801668561,0.124834208307862,0.0956666262710896,0.067916227566035,0.0404772755292,0.0165075974567402,58069.7025421779
"203",-0.119533062207838,-0.0878988374876655,-0.072015324811099,0.0858986889121576,0.10302457803107,0.0633157157932752,0.0515498247968118,0.0125092863571305,0.157125399487816,-0.134125392562619,-0.0266106236082581,0.269197124965294,0.499095234483959,0.662746467125078,0.809253220332813,0.949791057854955,0.794630426298266,1.08373823396874,0.988254813094078,0.662769792920306,0.451877342110996,0.294029399663116,0.16896264666041,0.0474625413922422,-0.0497192101169129,-0.0812086471787396,-0.0618517821978149,-0.057711384439662,-0.039236653884577,-0.0234561157183694,-0.00668553493131372,-0.0030468146046668,0.224230399834571,0.189204086885807,0.155335348736418,0.123463769165802,0.0968237088509973,0.0687790125657119,0.0400465707252364,0.016422383847559,58063.9155215335
"204",-0.189069665380098,-0.0899511558404256,-0.0588817469833778,0.108912869232868,0.104422089987545,0.0660428086799897,0.0517512730785682,0.0160692056045649,0.848419482727826,-0.142831312872916,0.0326552986778595,0.193871748277273,0.507614915527138,0.666136888868763,0.806524816738239,0.947921332392109,0.126010417533262,1.09098251896441,0.925591988939563,0.733135045749263,0.441271022428784,0.289812738201066,0.171724462496335,0.0481897956666145,-0.0486979536159477,-0.0707170560235903,-0.0669299555804214,-0.059396060174883,-0.0330599106841598,-0.0230165672293237,-0.00626257244888636,-0.00308922498134554,0.223864588295484,0.185447568074486,0.159215437258553,0.128503665421331,0.0967709181585788,0.0693932019213567,0.0396219852907285,0.0160532225259109,58070.2776421695
"205",-0.174845748023356,-0.0926040274333019,-0.0443681710172394,0.109362225590578,0.102442658236857,0.0652967643002401,0.0482486559218584,0.0124088411657113,-0.00853744829186814,-0.100644305338404,-0.0267602955442814,0.204750383290956,0.522987301413507,0.65707879365476,0.803024107345514,0.951002416443435,0.980658445604184,1.04901699241167,0.981208872416807,0.720413919321139,0.42529319308808,0.299131655707575,0.176973997831735,0.046013387898447,-0.0443949050474116,-0.0668567575708971,-0.0708098650174872,-0.052824180877221,-0.0384410243430921,-0.021087265753053,-0.00631236088413343,-0.00249964595312194,0.222863316802698,0.184371702640188,0.156893622177092,0.128063874880932,0.0975650545307874,0.0688989342789965,0.0403137833389016,0.0163667622519821,58070.3813808761
"206",-0.140436954570288,-0.114795035582233,-0.0421101809108779,0.106338099001023,0.122938249093057,0.0699772928788731,0.0518559964274357,0.011912333217568,1.39779838528799,-0.135861050049603,-0.0585320798545112,0.21087623624671,0.490622250962909,0.651928355284918,0.810780956395699,0.947970075419055,-0.440581920765927,1.0916402516875,1.01393111365553,0.714984291730738,0.452297020406836,0.302669880336245,0.167607357373367,0.0495260222713358,-0.0406569376901239,-0.0757836724459258,-0.0756257792928397,-0.0603275612669525,-0.0343865798946872,-0.0191110206811546,-0.00784324462386984,-0.00278376084526525,0.224893431305771,0.18718270157336,0.158264685205964,0.127426968917682,0.0973915535617111,0.0684831804586514,0.0395630365991421,0.0164349017852058,58067.8954951636
"207",-0.143420204594541,-0.100395859138512,-0.0766450131714057,0.0778951043081682,0.0985653860985972,0.0773461408717593,0.0579759539118254,0.014610302246365,0.515585066958054,-0.119510706344519,-0.0194343215230056,0.245994976165866,0.503491892106494,0.652639326960263,0.808378462714867,0.949820923819257,0.445859775534146,1.06804146374176,0.982860381482792,0.688608276408471,0.448370955526399,0.300117788981006,0.167522597880514,0.0463347695661359,-0.0615162898204918,-0.0607616576235109,-0.0622953885837761,-0.0582134164730424,-0.0387083584428936,-0.0243872137279253,-0.00964182446155968,-0.0016129850434703,0.231016914759025,0.189580691748488,0.159596766608327,0.125598875762986,0.0978916330241398,0.0701432712596175,0.0409435589046058,0.0161791844458702,58061.926181888
"208",-0.157648295604609,-0.0942620938542384,-0.0520136812261718,0.0956733401642602,0.112104820048939,0.0639094444548905,0.0572820101621997,0.0114179901314107,0.115267354862205,-0.122117800244673,0.00890454468124426,0.208016721244512,0.483166972812883,0.666351709011926,0.805608386595836,0.951297133416877,0.850203019749562,1.07184460755328,0.946424508917409,0.722775513736848,0.461144218146778,0.290611701222239,0.170997151062117,0.0463755674328755,-0.0464481484319787,-0.071899645702429,-0.0698789512539593,-0.0624526658196056,-0.027698475844557,-0.0242386906676202,-0.00724877102135469,-0.00269234605835499,0.222429499180884,0.18436928500266,0.157599140472829,0.125778817234414,0.095941951468014,0.0691591563683672,0.040491579144374,0.0164949758687946,58065.5161961376
"209",-0.21943441408883,-0.0849503162984662,-0.0744710294540108,0.108847603086519,0.112199030041629,0.0669560767823829,0.0515098521290595,0.0153712821608981,1.24759631753896,-0.116464251726055,0.0565950152729399,0.193335411608385,0.492407657253285,0.662393763648308,0.80555251348441,0.947654481626592,-0.264828030592939,1.0591883832818,0.906820757317326,0.732672547797809,0.453614207336297,0.293779033827893,0.173398006855958,0.0483494474549973,-0.0421949162400525,-0.0648677363347941,-0.0701151096652939,-0.0590734270231268,-0.0371714929538244,-0.0203775448184538,-0.00864263216578024,-0.0019659835629802,0.224887018724653,0.182129630951762,0.160808225394522,0.126799846154307,0.0942207683081868,0.0702737483869305,0.0413106433381553,0.0163345162933475,58060.7863528613
"210",-0.155463647005199,-0.076890883165435,-0.0489024464689481,0.109878761046693,0.116992260570383,0.0751430465100486,0.0525709667510996,0.01725073072852,1.11597492067401,-0.154090418372068,-0.0213192851909006,0.212617885709715,0.481691692328073,0.645456919812596,0.810210385487801,0.946256131523813,-0.154069867621991,1.09671367444311,0.977870379714893,0.713121280762142,0.464385188803714,0.308716164119812,0.168021463198365,0.0491163409604066,-0.0387827205653662,-0.0756341615671646,-0.0677522963710915,-0.0639965512799058,-0.0354873115950613,-0.0242740861091027,-0.00910212535977065,-0.00280387316661062,0.224774625054333,0.187295665380979,0.158250971044918,0.128720911940767,0.0970989435930789,0.0688965013945955,0.0390822382030064,0.0163531563349052,58065.6915462944
"211",-0.175932956736789,-0.0836472917453902,-0.0607749841090787,0.117618940656308,0.122786009677592,0.0712820084936223,0.0586948765204536,0.013992617313753,-0.173159750574594,-0.144469702691945,-0.0759360896493595,0.214226237297795,0.486368383641395,0.650311479890482,0.804961274442334,0.948808478767717,1.14190738759389,1.09251933187032,1.03615685743793,0.706655306765815,0.454862169838849,0.303139224839045,0.171374176633435,0.0474955488117546,-0.0513049999442715,-0.073840296512213,-0.0615221212250298,-0.0571056777409735,-0.0297769802919227,-0.0167405501640948,-0.00843204630629559,-0.00203534287569864,0.230215889623289,0.186799473051576,0.159666907118809,0.126012417684106,0.0971800394509626,0.0687891167853338,0.0406815654993454,0.0163420093077149,58065.0353077608
"212",-0.176375776699404,-0.103818297638884,-0.0481849757441877,0.106288109524705,0.0957071471058685,0.0660812462278207,0.0537876097939831,0.0143149227180929,0.190349185952669,-0.170069999755171,0.100168518376886,0.220093855210964,0.506308780204433,0.666861585074758,0.799326940139152,0.950272562243513,0.778249514876077,1.12152864660471,0.852459045539054,0.706574439703884,0.445109762623855,0.288856282178234,0.179508169000823,0.0460862255513158,-0.0409497786962884,-0.0663355308995763,-0.0594774963029316,-0.0625189584329094,-0.0360194148935598,-0.024835412760047,-0.00733863982156015,-0.00224623313374841,0.222437906209049,0.18807785262659,0.157724565241792,0.127871878555291,0.0956256177666727,0.0678784971604314,0.0399668214157668,0.0164750885488312,58064.4521367193
"213",-0.182186459339208,-0.0828641980636397,-0.0568914161823514,0.0816041442441962,0.0973041307998442,0.0686862001504633,0.0548690958525795,0.0127474631356098,0.730210178392787,-0.148180128841277,-0.0284494864304979,0.251897313669479,0.497985763693422,0.658524970067132,0.808854364951339,0.947875430463988,0.244480265074042,1.0923074981426,0.987602971113124,0.682531160308007,0.451983763725507,0.296963964831944,0.167971409820718,0.049048912881486,-0.0565083585545719,-0.0632271784963984,-0.0699528170839795,-0.0614120304895159,-0.0306228311789031,-0.023035376457617,-0.0073180385076011,-0.00178491568316795,0.231127600719838,0.185114416633128,0.157797594758711,0.127170150476085,0.0976687195080631,0.0697056632105426,0.0401788674711846,0.0163899774114673,58073.4046968553
"214",-0.16408127473235,-0.117788281028865,-0.0554941661868665,0.11344231521523,0.108610828030022,0.0761884593154904,0.0556276719652764,0.0143052168921441,1.29251198603479,-0.093186672788892,-0.0350523348207036,0.181014400191556,0.488489204307366,0.657901740000981,0.805655427279529,0.945916327675882,-0.328423684579043,1.05125375604784,0.996436001353883,0.744037161670613,0.460241421926532,0.294830291281758,0.171719366339993,0.0504779728857355,-0.0367701033669178,-0.0729807658112948,-0.0789549540954874,-0.0583668148808066,-0.0382361806851709,-0.0211812965904667,-0.00756039664701914,-0.00149969562590473,0.22310840489471,0.184072336556257,0.158085482332768,0.127524774122671,0.0969236729024113,0.0714678419767376,0.0411523683838768,0.0163012022353745,58065.9578728915
"215",-0.169031929606886,-0.104712450437658,-0.0554637886528898,0.105997784325075,0.10327904198048,0.0735679422672434,0.0554645286511164,0.0139233736472817,0.432976069395855,-0.0838336306697188,0.0413242791495334,0.189452214601152,0.500004396996331,0.649888155590397,0.80150454637355,0.949372005242056,0.534309517603842,1.03690194676735,0.914845375188086,0.738465296140522,0.450954175606013,0.303574286584759,0.176039327448255,0.0471842465248591,-0.0489566157431921,-0.0741406514123844,-0.0638380797987923,-0.0582627414877561,-0.0417080623483473,-0.0244451923013932,-0.00685920819910731,-0.00216041612930573,0.226970013720377,0.186451951088117,0.15664681446885,0.127654779985353,0.0952493359956354,0.0675737533769849,0.0406642968070742,0.0162112779290048,58073.4323037097
"216",-0.129489831083978,-0.0854703534451294,-0.0663070743294879,0.131000325010254,0.103466635494126,0.0770946233640643,0.0507918155514595,0.0131758569129381,0.264015151411274,-0.106606788736359,0.0730318019592735,0.15931932117177,0.497862862841914,0.652648872799214,0.804543164384333,0.949005162151193,0.690382765407478,1.05175171983177,0.886857704163435,0.760474326298605,0.451505220447777,0.299300044345294,0.175021092207171,0.0478325900258135,-0.0453254587327549,-0.0602602035776303,-0.071904060935222,-0.0544410378453376,-0.0345343076868664,-0.0197199981327636,-0.00923630464213216,-0.00257200449473836,0.226867161302941,0.184655648986255,0.156550359499859,0.124862688859662,0.0960677589707976,0.0690654743254132,0.0404526610590698,0.0159112837289839,58068.7319528921
"217",-0.163843082353997,-0.111999183945046,-0.0518097862938107,0.106894143396479,0.0983209512974094,0.0720263609175429,0.0538934850079876,0.0152980385665217,-0.00913606611867289,-0.129240946110956,-0.0479890397424743,0.191693543871366,0.503567935875319,0.652612897576897,0.80715936727745,0.948065672288537,0.974697414893211,1.08510067534989,1.00585357912409,0.734357474049227,0.448053495740273,0.302264570672648,0.170415624267156,0.0482833475897453,-0.0428483660922298,-0.0713467530842846,-0.0699156488620036,-0.0522897042228445,-0.0387371753475683,-0.0226911052717333,-0.00819970020968304,-0.00252734742381572,0.221979746433256,0.182687646142331,0.160226339377447,0.124755016179347,0.0973781035636277,0.0692979650611025,0.041275361226589,0.0164272046263522,58071.2185754351
"218",-0.175992153530738,-0.0930851862793351,-0.0715202772435199,0.0997620313629331,0.115959291275235,0.0756078896756903,0.050238146848094,0.012021310307078,1.26775690915493,-0.213340482265706,-0.0365364944017205,0.193307074704932,0.481350003371767,0.654420157410123,0.803114072698697,0.950409432989407,-0.295187651866921,1.16009998875857,1.00040762355065,0.736974699663542,0.463428024481903,0.298854897521696,0.1768202329271,0.0466415738314934,-0.049746763799611,-0.0687109631305584,-0.0716068075041191,-0.0597947238475802,-0.0322827305442584,-0.0214629932078792,-0.00834222669017384,-0.00243603309010948,0.22363453821944,0.183733031258242,0.156910471227542,0.124238984408043,0.0964364387958524,0.0696550841652112,0.0407587669247195,0.0164897682202324,58067.8907699953
"219",-0.117707204715507,-0.0454797684686974,-0.0436826248827883,0.115587111696933,0.0933042992222947,0.0661120029014657,0.058862251397347,0.014683730072523,1.03237671596376,-0.26764090655723,-0.0253137933699233,0.193990437201896,0.513244992604516,0.665842080191077,0.797504073474642,0.949918411270773,-0.0818075329087293,1.19853822954675,0.982856122677002,0.731051837397133,0.439666495289313,0.290535044530072,0.178631874106446,0.046331288187167,-0.039469670899766,-0.0600902192032534,-0.0810185460936435,-0.0616790929745847,-0.0335368983225222,-0.0234103492091909,-0.0056972788281928,-0.00277351112301291,0.222785679856545,0.183138341487586,0.155957458049323,0.124637063611721,0.0971620344381902,0.068638692340873,0.0398125911669543,0.0162369406410632,58058.6638654574
"220",-0.146069250148526,-0.0880510030248874,-0.052044871311816,0.115049565166817,0.0952385587536938,0.0744023244442481,0.0498934208038684,0.0147140022162452,0.344644113202213,-0.168941109451271,0.00153196567553896,0.20416563635116,0.502556338374685,0.647855557140671,0.80528597110754,0.945276704467237,0.613541755204703,1.11601819802775,0.957060555614608,0.719268675075205,0.450164481579468,0.304805233538824,0.174051160854186,0.0510847210771625,-0.0423317229177019,-0.0716337363866464,-0.0703117650713892,-0.0568623551516868,-0.0361477009473381,-0.0208030132781618,-0.00696071254438035,-0.000971891735960086,0.228588056438325,0.1888637265436,0.155499156075919,0.125756301362514,0.0964705553706419,0.0683242142757238,0.0405187813030416,0.0163653653610738,58073.0929918788
"221",-0.175819463795822,-0.09469973175602,-0.0630138605856179,0.110312718957957,0.100286342045976,0.0635913542492876,0.0520341348548369,0.0164038905533304,0.438843272397044,-0.11431214709599,0.0356383285174327,0.185053120706148,0.500496444573626,0.663020166198164,0.807629189991023,0.947468594922519,0.532667632226419,1.06427009993814,0.92322914678505,0.740060697855222,0.447311040869505,0.294354806732001,0.170386289302654,0.048151232114403,-0.0544775339905735,-0.0759453610925659,-0.061578806771547,-0.0585542582263615,-0.0313655999860321,-0.0224936846967931,-0.00574225666995914,-0.00199860214466818,0.228534761982244,0.18668972693885,0.155738371558924,0.125819539252372,0.0967367761120001,0.0682411980760524,0.0404358394141283,0.01619726453459,58068.8506306111
"222",-0.132237173399317,-0.0861680436351697,-0.0882393668219836,0.119145298284371,0.103947793393099,0.068560943759024,0.0492257666132027,0.0157432010914017,1.82272270328012,-0.0840082325936038,0.0454372473097184,0.21418151461615,0.520580361633874,0.657984695573331,0.803465267228313,0.946057326980215,-0.868183691752325,1.03243513156563,0.921276718746688,0.705999365408286,0.427329217988506,0.297535255400928,0.176261794114251,0.0502447997986999,-0.0510889764339576,-0.0730799918039623,-0.0616488360080837,-0.0562557097217645,-0.0382809843163216,-0.0219478601949886,-0.00753924735777755,-0.00296677297797317,0.223568791903247,0.18406785585911,0.160660390588495,0.125863234893748,0.0964483503931859,0.0686883744554103,0.0402542677016638,0.0160397345071617,58062.026525517
"223",-0.122787766896097,-0.0776573813963067,-0.0781972142551348,0.103091826781095,0.10765967166492,0.0739904770095808,0.0558833873122138,0.011469476717831,-0.404799732044054,-0.0817374645278141,0.0410188008297451,0.200234170311292,0.486178156685261,0.66228525734928,0.80830817143592,0.94976353579808,1.35531398594306,1.02372160296059,0.923464359090472,0.726996227607213,0.463233398845779,0.290357144118708,0.168572785778523,0.0478101734907377,-0.0434710105547341,-0.0684421223706707,-0.062135210478731,-0.0494651808457047,-0.0388389449392418,-0.0228083721384323,-0.00918607775430986,-0.00258075956473104,0.222447268561529,0.185481467439594,0.160047029141904,0.127727173266607,0.0978840252548116,0.0697684385466408,0.0394355789200798,0.0162890150359674,58065.6648736907
"224",-0.143031153087478,-0.0988066524147252,-0.0443349377640235,0.0938727200451925,0.0961508148418475,0.0734616245210766,0.0585284725507139,0.0117835703426319,-0.700334520436626,-0.0885489441412861,-0.0335545231855058,0.235754920303962,0.494164994818163,0.648496036295258,0.80417981356027,0.949044468174248,1.66272431511184,1.04070034515366,0.988573552729991,0.696288229767098,0.455612359620766,0.305661617442681,0.171593533902939,0.0482023410500601,-0.0600274734382696,-0.0789930246221973,-0.0707684319211248,-0.0653146882454291,-0.0281269867093047,-0.0228008810361584,-0.0070278660704404,-0.00239530626982452,0.226075339234508,0.18487692899211,0.155144739024318,0.127302999927593,0.0983290084714115,0.0675839034616501,0.0406040947822129,0.0165586522143867,58063.7509808459
"225",-0.169634672325721,-0.0625825439392602,-0.0467511245669149,0.119181333085236,0.0908370368812168,0.0643624155791004,0.0528008742305802,0.0129960199122859,-0.127682660961519,-0.189532315688169,0.0330521304572227,0.2129539832367,0.517726484439768,0.66311078516618,0.805433975741759,0.94978386240038,1.09608610416992,1.12410989215062,0.920801275501459,0.70767318239016,0.435539575719791,0.294079547941648,0.173315445052415,0.0472341506736512,-0.0535540060392927,-0.0599692168687123,-0.05676521163996,-0.0493550563548702,-0.0375440545472683,-0.0234392633103138,-0.00832120951427718,-0.00275868808863161,0.227997530688005,0.185924186182125,0.158730360021989,0.127120073021756,0.0960912722263909,0.067245856612271,0.0404649949767138,0.0162696463905321,58067.5887301392
"226",-0.166299898408527,-0.0689148592090791,-0.0677174755921121,0.111473585704097,0.10261598350594,0.0719723521886602,0.0532467973352225,0.0158076769180527,0.456490185040322,-0.241180428312994,0.014539627720765,0.183884935540328,0.515093418320955,0.653502060465759,0.803609110461523,0.94531719735797,0.508676291054221,1.18141893634621,0.948476121644377,0.740875846561044,0.432800795824336,0.299848552593381,0.175105830207573,0.0503665227954749,-0.0405303229272789,-0.0683650443245706,-0.067386005534238,-0.054677976309847,-0.0326352360544868,-0.0206316089563252,-0.00881300820716798,-0.00110632238042996,0.229461530537489,0.186401009268026,0.158806035544597,0.126055861601026,0.0946411041172149,0.069032233541034,0.0398009764075398,0.0164866197411484,58069.0802902735
"227",-0.177005581552859,-0.121743174400045,-0.038451685675852,0.108769712698787,0.0964421821985079,0.0729062033828791,0.0597353585709252,0.0128766326875831,0.328072231688118,-0.0590152683195317,0.00679845774105415,0.219991255370986,0.506993046343259,0.661402130096725,0.802812469807873,0.950641893140506,0.640943080028623,1.01790806875738,0.947421252289972,0.705897719183013,0.446709788050275,0.292402563812342,0.172963411939389,0.0462785404482787,-0.0394995932636646,-0.0743128835396667,-0.0780032081782146,-0.0626068828713789,-0.0388036329653096,-0.0212848810725839,-0.00746991272387026,-0.00252285355199041,0.226158347335544,0.183080468744991,0.157325971522518,0.125737449519104,0.0967620848018082,0.0689737453495448,0.0408456424240633,0.0163903114225639,58068.9473085064
"228",-0.15883719029568,-0.0842580502604704,-0.0849154102341881,0.107200598489683,0.116015614720435,0.0711929615989559,0.0543944025952558,0.0138341126354921,0.364387832361486,-0.157803229924997,0.0801233526299439,0.221835615536759,0.49025000716106,0.655042754183397,0.809481999836789,0.94945700763936,0.6022495569345,1.1040619200513,0.886925525007232,0.701858993758567,0.455723721363512,0.29858864583453,0.167079438331296,0.0472104964270443,-0.0529598714702742,-0.0730637451609315,-0.0749984488141597,-0.0499735980706672,-0.0357066172626938,-0.0199457634752737,-0.00740089470589342,-0.00284676411852796,0.224720007814113,0.188844993709766,0.160351958276486,0.12578835446582,0.0975404667566024,0.0697667832595121,0.0399401250724099,0.01628333002639,58067.5418908439
"229",-0.188053932595188,-0.101871233503789,-0.0623708401053573,0.0910760892359243,0.111734870639815,0.0668780928485101,0.0517342428243687,0.0123231102049404,-1.08236974267808,-0.202472993967705,0.0318147007205194,0.263802902634077,0.485460816654671,0.657346487828823,0.810244020019952,0.950583954007709,2.05904733536864,1.15141969002301,0.928816608169799,0.666993204737141,0.460326695740376,0.297918631819653,0.168073264433736,0.0463640135009039,-0.0566891664893641,-0.0563987443169438,-0.0731137812254309,-0.0558244733767353,-0.0299606724428339,-0.0191063188573261,-0.00912140052203462,-0.00208334672335576,0.225989776084054,0.185578288759019,0.156351982703078,0.125356833197086,0.0969361212783059,0.0686613814850936,0.0402447435293579,0.0165278408858237,58065.0456717662
"230",-0.15104187432047,-0.0906333859552615,-0.0622780514654252,0.0984733606758292,0.103012501263225,0.0699050170037715,0.0519625289518759,0.0130104180761156,0.884437968905339,-0.106435397966606,0.0476870649161485,0.226080713081946,0.503236386086499,0.652560033165298,0.80790672602426,0.949145926979126,0.0757511580984578,1.05512050988633,0.91312903515333,0.702362187549384,0.446629086183383,0.30413112150534,0.17011535036253,0.0476430291702277,-0.0489343440082601,-0.0673106874703956,-0.0686173746202148,-0.0546250429127484,-0.0402331685223783,-0.0263269995439346,-0.00559317403657053,-0.00189495799912891,0.224059281825173,0.183189872208841,0.159356440709807,0.126574113155773,0.0973168165424892,0.0691822807611339,0.0400909715965825,0.0163454709180989,58073.4189700733
"231",-0.175193238100354,-0.0978126393198117,-0.066767340323385,0.118391163596287,0.0941988727854091,0.0779858968108545,0.0462171474850559,0.0126116652195106,0.985233900295123,-0.118969156267332,-0.0129666942242193,0.210117474273534,0.514069160755891,0.661229253253116,0.812177318326537,0.949972516889086,-0.0170352657320688,1.06722410707547,0.973272081112082,0.71126324359478,0.439670480227484,0.290009766645929,0.167404391030919,0.0469293549872258,-0.0375514473358954,-0.0653794947401011,-0.0620438602047314,-0.0563139721295086,-0.0396828316776768,-0.0233105186382676,-0.00517076958364827,-0.00200246517898193,0.226130106323366,0.187065757716612,0.156724933187059,0.127408233742434,0.0966420741033817,0.0690782898621427,0.0407284106552874,0.016422470035007,58069.8524169319
"232",-0.143802381614721,-0.088989338528729,-0.0715872009905558,0.115474861691373,0.100188693511127,0.0690015721611708,0.052399110553865,0.01479083651727,-0.819702537953053,-0.169182126521141,0.025113636161905,0.218727775701321,0.490982178642573,0.64673250701123,0.800490646035465,0.948782771327904,1.7773017902095,1.11825856777136,0.935777005746727,0.702041439389854,0.460253851752936,0.309328438081292,0.178461290815376,0.0471932027754474,-0.0383749988779007,-0.0696765233130666,-0.0634510556042669,-0.0554155674094317,-0.0336350129091879,-0.0230486190980791,-0.00772164911818759,-0.00161795309494281,0.223756454529831,0.188611010071417,0.157837582883856,0.127122802792693,0.0963265776796075,0.0690188559987393,0.0402076409919453,0.0164412131211931,58069.4298127627
"233",-0.131085394900521,-0.106223228079748,-0.0651586396539168,0.112787324057034,0.115310878325147,0.0770029843487802,0.0531103658120666,0.0131385029125187,1.26996297364067,-0.143394783532019,-0.00777076479260358,0.189906416963734,0.498818989967543,0.644836899775872,0.803362199936623,0.948869098827628,-0.316164386778436,1.09450765325272,0.965723637933594,0.734043298028468,0.446488015361241,0.308580015554006,0.175838745109703,0.0479563060161058,-0.0413244468490462,-0.064274001653702,-0.0621820888449906,-0.0550995762445324,-0.0375768470453963,-0.0236931864817482,-0.00871221479867642,-0.00260015862128609,0.226245623654565,0.187944525155784,0.161260798876989,0.124520584568251,0.0976708168821313,0.0682066708821475,0.040422798957999,0.0164113147505563,58070.017142347
"234",-0.151870986566605,-0.0761992555855162,-0.0615376702374777,0.115335798441676,0.108838142412927,0.0722124381608572,0.0507122119942353,0.0148256403304566,-0.181359016012348,-0.082538116076171,-0.00293370474428675,0.159407867412528,0.503577546338048,0.660119168243047,0.802482534375375,0.95000366886692,1.14471019715757,1.02340996731174,0.961925084996999,0.76511376349112,0.442535225631115,0.292837371159551,0.176944026989616,0.0462156982439049,-0.0484511488135606,-0.0664128810311156,-0.0606076115784021,-0.0505455535041509,-0.0328990204749115,-0.0186717856990042,-0.00813978725782884,-0.0028835755361462,0.224385920796352,0.187040622184101,0.159021105271756,0.12739615998044,0.0968490636700815,0.0696533887716951,0.0407451731956759,0.0163749621694874,58069.2605976165
"235",-0.133767854828239,-0.0931085404704746,-0.0739181152647078,0.0769483277446708,0.0952769744593018,0.0773361272782447,0.0554030110380282,0.0129429784159466,0.409796527670536,-0.0848151926181569,-0.0403977137222761,0.264171600610552,0.512928393453596,0.6458316311706,0.807547106772515,0.948874453124777,0.547815316310125,1.03103679784961,1.00488912468459,0.670956741534649,0.437834873493082,0.306085335937254,0.169246233906027,0.0476997337134464,-0.0587316138588148,-0.0599982039966154,-0.0609800708388222,-0.0600789466480775,-0.0341880477416064,-0.0206455103016077,-0.00687774295784495,-0.00133728769582924,0.230649402239349,0.189524587715538,0.157155932559694,0.125186181883031,0.0975733437594647,0.0689518543015968,0.0404903245163646,0.0163460203578908,58066.648408893
"236",-0.146305471645246,-0.0948405957881727,-0.0777151560074438,0.120919315589871,0.097637370273122,0.0755168273124052,0.0555934940985163,0.0124854067881996,0.128033383286646,-0.208785797153502,0.0495117891000652,0.161493759726454,0.508648447871934,0.661114268570008,0.80395119074813,0.948119711768519,0.828367779036193,1.15996271046163,0.915041363866525,0.763288337582349,0.443010209519993,0.292961605908714,0.173172566661355,0.0487229344600994,-0.0331000602751908,-0.0684367616236726,-0.0745568873361913,-0.0619275753336298,-0.0355948939432082,-0.026249973175313,-0.00832059701313244,-0.000957936287863977,0.223166198999022,0.181503639607888,0.157275394557326,0.127329848238819,0.0971395839953418,0.0685347977368939,0.0397300924512478,0.0162914731031548,58059.9767854978
"237",-0.169813381054026,-0.0915414138792716,-0.0592669877208121,0.125147164958643,0.120436563452516,0.0692059760080247,0.0495079892637127,0.0132061244160094,0.812538747935355,-0.0956365831260072,-0.013756767433045,0.189134179936856,0.488089586908679,0.653650592162166,0.802522919658782,0.947685027205431,0.153941366308544,1.04337303615341,0.971973929050151,0.732197881136154,0.455698385722918,0.300889012778423,0.177286145061448,0.0490802454133693,-0.0415974563957253,-0.0711691600475427,-0.0678156971621682,-0.0595210624569124,-0.0342550288138323,-0.0207647969035975,-0.00903269050875736,-0.00154145529730552,0.225680353753485,0.183671726467217,0.162188766152158,0.126689943340777,0.0972733800693159,0.0680835708810763,0.0405847038249923,0.0164689890089309,58070.9109432653
"238",-0.151971570494944,-0.0936296868825782,-0.0590683123155966,0.113001729522597,0.100497937538269,0.0672937816965719,0.0536781663783363,0.016129710409936,1.50755390526233,-0.0732492503136684,0.0237577253256929,0.190747448161691,0.506430251211292,0.654798555014845,0.804698939243268,0.947224016877314,-0.547471600711181,1.02252815922137,0.936711521354075,0.736611613282911,0.444498747079705,0.301959350080109,0.173164394569569,0.0485444306662465,-0.0321827121947019,-0.0646349825431568,-0.0686982312774377,-0.0684892751776196,-0.0442417568167901,-0.0261061857454442,-0.00838180143523517,-0.00265937768373008,0.225459777456721,0.183589297939556,0.15592389754549,0.126043143109994,0.0955579859219781,0.0689482669160298,0.0407766533036295,0.0164580843279017,58063.4691019756
"239",-0.164976054669943,-0.108249968719137,-0.0614338073080525,0.108604665393471,0.0941042406835369,0.0664505051929979,0.0538960740812977,0.0136793942509509,-0.891405394036447,-0.0641435032158782,0.0654925073541041,0.230403943770205,0.494477233905238,0.663416340614991,0.804285680587239,0.946761617461983,1.86037704913144,1.01797374221383,0.892907180936767,0.693556992352449,0.456447363079739,0.293131450267825,0.173747990764489,0.0499714845096752,-0.0493144344753251,-0.0702407145618843,-0.0691700020292315,-0.0540536667644411,-0.0275706394826061,-0.023507417172909,-0.00742304180036495,-0.00164853311972937,0.227126918546191,0.181034178965262,0.160220193344054,0.126615950457134,0.0964337527005231,0.068543809708361,0.040107832070418,0.0167181137060759,58066.119348822
"240",-0.143685688650894,-0.126047125394029,-0.0463628395254172,0.0989110314410481,0.109189442956817,0.0754763790805209,0.0557715621042063,0.0145760387731012,0.649133978691295,-0.100331852495975,0.000127047392448252,0.276579484584663,0.487029093373615,0.652088863528136,0.797148792292726,0.949242891488854,0.312037995954602,1.06141669113661,0.952649592502361,0.650554844382027,0.461170783588845,0.30062158057379,0.181761125023675,0.0469290656421733,-0.0585756503668225,-0.0743372621102364,-0.0677354703876194,-0.0559507850774769,-0.0364595700701408,-0.0212013066061129,-0.00902710250905335,-0.0018702063755727,0.226315799318822,0.187950441719316,0.160499829563527,0.12576968475099,0.0961986447405418,0.0703706166699474,0.0413756197708333,0.0162226080829696,58057.8499446597
"241",-0.15961097111983,-0.0665214276958825,-0.0700202662175185,0.126615889509407,0.109062754625812,0.077274212941172,0.053080947510281,0.0133695895183899,1.76683132212077,-0.218151719653313,-0.00641190063198201,0.188694938539074,0.487275089751295,0.638659247115679,0.803658355077442,0.947473636234816,-0.805493924991097,1.15414626464107,0.967887717348793,0.731256717589131,0.461433495312814,0.313331601892688,0.175375236512622,0.0495971240998439,-0.0392473297954958,-0.0645995202827445,-0.058267713941616,-0.0580838056051021,-0.0405521756883673,-0.0177188254270942,-0.0079271633448067,-0.00242901931571565,0.230524654545721,0.187762367380199,0.153747177225596,0.125297235470154,0.0959122050583919,0.0688399703390704,0.0409968173122906,0.0164503284657032,58059.1844477887
"242",-0.150608137932998,-0.10504589422909,-0.0669264512827374,0.0980363457326554,0.100100441456244,0.0754570051015552,0.0529313645218651,0.0132475425052337,-0.589353315322439,-0.109743973698941,0.0333281622300806,0.197903287988717,0.492660646770084,0.652895737653312,0.80906116731195,0.950983176189084,1.55444715711504,1.06036974277203,0.928642052219067,0.732210388733906,0.458045679648501,0.299659796490902,0.168839393737934,0.0455826144092726,-0.0597684295080384,-0.067725047421444,-0.0658948190938585,-0.0593018793482287,-0.0348269298066761,-0.0229108193131428,-0.00802104454949828,-0.00260146133383116,0.221803291562652,0.18289682765223,0.158396192051685,0.125749938275675,0.0960506099150171,0.0687503008005343,0.0409930549349653,0.0165995093607121,58071.7324572817
"243",-0.149876679925585,-0.0925454726906879,-0.0538830999156656,0.112480898416232,0.0973585789740222,0.0608774208698024,0.0543300646305737,0.0150479776917373,0.52225703774827,-0.11065860861429,0.00902250791812922,0.234499795434156,0.514675774744969,0.663688586082529,0.80340530918584,0.94750200695591,0.438237926328444,1.0544973628803,0.94854659041152,0.688383925047184,0.436917695446105,0.294436397412762,0.174042448231687,0.048559088169695,-0.0447789170336161,-0.0550516847713942,-0.0654554801175635,-0.0537615496982088,-0.0419084990948105,-0.0234312843968073,-0.0067581778196137,-0.00186284694774407,0.228160674347802,0.18441043679911,0.158888103150923,0.124406344504558,0.0997333269976917,0.0683455562537113,0.0400711445828049,0.0164507557220074,58069.6728714389
"244",-0.147438783128545,-0.0931168609241243,-0.0339396170605595,0.136241825812604,0.106018614941822,0.0689837225546497,0.0494297227367075,0.015396561271392,0.398193264869512,-0.173418512014217,0.00653833155382299,0.201190125046889,0.496909013456525,0.646004490620987,0.810442812248874,0.948206754916845,0.561295348741865,1.12220135276576,0.94249047531637,0.715056320140302,0.450916949877414,0.309059016710985,0.168768044039198,0.0476637709591096,-0.0441386427981096,-0.0727724617996664,-0.0604340422576994,-0.0617557202111458,-0.0305152715111702,-0.020259829091194,-0.00767903069494965,-0.00219730161909554,0.225899452097659,0.185999945613841,0.158994451307128,0.126514255421427,0.0953515708884089,0.0696974815463206,0.0410005500484313,0.0165112953836461,58070.0933929433
"245",-0.154710323037431,-0.0736460452063786,-0.0428859206845366,0.118148655831621,0.0946680421614574,0.0725808139450635,0.0553886067095562,0.0131684936181701,0.859688532152746,-0.162404907278609,0.0248621237068252,0.189436840789963,0.514045291671889,0.646588155318285,0.799994628036036,0.949171103265648,0.101276388576792,1.10314674567393,0.930008738358041,0.734457770510309,0.438310548756984,0.308616458591927,0.177302232365549,0.0479671852286152,-0.0421198928578598,-0.063589080867257,-0.0738898958150186,-0.0604981501311459,-0.0335329645126851,-0.0230564425652994,-0.00593842672249311,-0.0037204033045091,0.222427749372219,0.185112810537741,0.154189125195232,0.126296788229261,0.097679889853331,0.0678942124584263,0.0400478929060394,0.016415356281241,58065.6097082659
"246",-0.141617403839293,-0.0901369832198863,-0.0873357119425065,0.11891458921228,0.0983055511799487,0.0708093291058683,0.053622286724397,0.0132029464087719,-0.39361617513938,-0.0323313394238828,0.0156733228377897,0.191916805685139,0.509193566940659,0.646960418987607,0.802922830023708,0.950031499741403,1.35286977950768,0.980032904930822,0.951692079434431,0.731458079854002,0.441079953284162,0.308601719653575,0.175636507518621,0.0465732072038327,-0.0485032955312016,-0.0791008341979555,-0.0640348216003906,-0.0594562161642482,-0.036461822114752,-0.0232456183101098,-0.00790962983645603,-0.0021442008037819,0.223485986641642,0.186305477122973,0.158470524512367,0.124322785896037,0.0970968503544058,0.0694080982590727,0.0406393186474212,0.0165533288138516,58072.3893927847
"247",-0.151763002004568,-0.0948111844862404,-0.0705566456554105,0.133984632366776,0.117464510735247,0.0719871555825185,0.0501016076586484,0.0141832856394218,0.112253007861423,-0.226014951226796,-0.0705422202025208,0.18098759812493,0.490997998941976,0.661605068516534,0.808189949030781,0.948940881315909,0.850731304861919,1.17368932720742,1.03609814069604,0.735614332975885,0.452120567082021,0.293107646083473,0.171707619919802,0.0472648117952618,-0.0488714629460607,-0.0632946318039948,-0.0754128681665369,-0.0534721736263558,-0.0321152711657617,-0.0259264586367629,-0.00845349795028746,-0.0019348689321362,0.229080978459413,0.185648002314263,0.160256985909086,0.127528098424909,0.0972788200179838,0.0681275747281506,0.040114146053636,0.0165444019789887,58066.9109901755
"248",-0.155823494732407,-0.109345077235117,-0.0436622716867285,0.117992285854226,0.100916323348679,0.0688633839111691,0.0520898242433523,0.0127672673302351,1.08957462499361,-0.11202294611867,0.0176862159275675,0.207038118370007,0.506097580781076,0.657136471184544,0.80710233468839,0.949812616120745,-0.126583701705284,1.06320453436233,0.937201712617018,0.716039429434017,0.445026093033857,0.297877837756183,0.171493303135665,0.0471716432452108,-0.0514079340063891,-0.0629544736091791,-0.0743983210360681,-0.059444054086948,-0.0412689569626908,-0.0205986449627226,-0.00772737112283335,-0.00266982713916842,0.222844237117805,0.186041140569932,0.156502221207943,0.127303921753674,0.095125070837951,0.0696880483958685,0.0399453887737966,0.0165386945371852,58075.3414624149
"249",-0.150349407930605,-0.0961648026257583,-0.0842568582106292,0.119865090322699,0.105453234651897,0.0682941437058317,0.0493556727122045,0.0133169668586752,-0.210584052032045,-0.060005598759284,0.032934950703039,0.226043383543369,0.494118834095852,0.664882762827812,0.809864629833607,0.949324611457959,1.17193055334933,1.01058136342724,0.933561373346586,0.69626206166798,0.454950240936259,0.290941885285322,0.169222420504236,0.0474164466271908,-0.0468240157648034,-0.0721281431846369,-0.0654259072532714,-0.0639699364993699,-0.0367369479300544,-0.0242942640715471,-0.00672031908285609,-0.00221443771030783,0.226106336099509,0.189833883942365,0.156088960737506,0.127391735056525,0.0969529034297275,0.0673543794283075,0.0396367763623491,0.0163156897983064,58071.3469249486
"250",-0.152659532160146,-0.128538130112984,-0.0431247948199493,0.130918652237354,0.0908678794958388,0.0857136733902288,0.0587350583210893,0.0126102228664012,-0.12834812059326,-0.0146220517365515,0.00186578830231562,0.181984125541613,0.527278888951686,0.638964119628654,0.798523058876529,0.947604828086636,1.09014920568702,0.977738063534359,0.950830213692747,0.736269203165854,0.425553628693758,0.310242362294931,0.177310752861377,0.049720724549126,-0.0448303442013585,-0.0769395297504374,-0.0597198490252506,-0.0542339074714511,-0.0382932710624769,-0.0203776599929711,-0.00428572313177041,-0.00229345258729971,0.226595517486082,0.186238227083923,0.15836143231647,0.126173302651364,0.0966978910357871,0.0690340130029558,0.0398378021590296,0.0162458838305285,58064.2254042045
"251",-0.169869028693741,-0.095618581486329,-0.0665081287596153,0.119320589757451,0.110971738143512,0.0758451288657293,0.060885851313404,0.0141637919483059,0.0875354257382721,-0.0775559279314307,-0.00688825585026056,0.227840661072066,0.481711531972401,0.650972405338076,0.799489150993529,0.950182670873611,0.881714597012967,1.02413105958971,0.966012989636606,0.691723619727124,0.467457831226711,0.301111432635574,0.175586615212764,0.0460990007648106,-0.0598266902607701,-0.0633720062285591,-0.0652995440480605,-0.0541755614917473,-0.04023303875957,-0.0217910470722234,-0.00700507760651364,-0.00278653781975578,0.224917854629765,0.187054655418899,0.159609493375341,0.124488520352629,0.098345386620781,0.0703030411750976,0.0399802831506588,0.0167868662798821,58060.4954599295
"252",-0.11257919277248,-0.098297536942511,-0.0551695897435189,0.125167532122278,0.0956344086573465,0.0747083289779618,0.0517799332327873,0.0159931508655535,-0.152683666399693,-0.0809926103843538,-0.0640879927870514,0.158935634127566,0.501456959616067,0.661607839840926,0.808088382635234,0.948687825512238,1.10039315040328,1.03372281741265,1.02159091351571,0.763030280414886,0.45216020410899,0.292451604002417,0.170804512256215,0.0468503435671136,-0.0376015608055512,-0.0820946139472259,-0.0660020809246248,-0.0564971831684243,-0.0429586961034665,-0.0248667880457085,-0.00852977404873049,-0.00190794617550908,0.225110179976212,0.185053652172821,0.161038589930729,0.127146281330313,0.0963218096860302,0.0691324782431108,0.0404661717585312,0.0162570921984428,58065.1355595579
"253",-0.140039232566358,-0.0998513260767131,-0.0658925026911702,0.111984199933316,0.104458648777397,0.0732274780244735,0.0537532374707402,0.0134520227217559,0.411355656341295,-0.106639978558616,-0.00906975250123405,0.187232301776631,0.518423243922415,0.647557075574984,0.806767928922013,0.948472312221841,0.543521824808202,1.05963027294816,0.971372317607429,0.738903708704253,0.430572196546514,0.305890973355835,0.171093297744797,0.048435854636927,-0.0366015911156619,-0.0815365188674125,-0.0640489330922984,-0.0601511567855298,-0.0409947459669464,-0.0209317835639489,-0.00712614056546035,-0.00297747921506493,0.229534946043474,0.186322674680707,0.158202627934291,0.127001472280226,0.0959512719490007,0.0688198649477572,0.0392843377095487,0.0162245325354212,58070.6902640801
"254",-0.164850252788019,-0.105350474693582,-0.0727636716445583,0.0971936962141498,0.108847285531371,0.0617422480498433,0.0533341052820237,0.0139838757890343,-0.194936351331964,-0.171700961589701,0.0396952026640525,0.216381999473028,0.510786935169096,0.683424448925249,0.808327292918003,0.94857549372806,1.16193096064002,1.12608927364173,0.919712307747444,0.712087029160961,0.43656720727442,0.274222672002135,0.169274791879325,0.0479435778532484,-0.0472403282421646,-0.0684333847540718,-0.059552073664212,-0.0544722183068469,-0.0398522896283114,-0.0261135157591272,-0.00748284899717692,-0.00254886104974589,0.225621691940497,0.184677449011147,0.157504701720605,0.125908220859315,0.0963880601328714,0.0700238560191722,0.0399115956645272,0.0164350429181568,58065.8039053508
"255",-0.154317021227007,-0.106590408127192,-0.0528774316101103,0.094645072459085,0.100424594807347,0.0777651213391524,0.0580887359435634,0.0122407793396414,1.21717973620402,-0.166479522159051,-0.0407362393169288,0.234803058555721,0.500366458266935,0.639229279097795,0.807859368792426,0.949635467650515,-0.253413935562008,1.11997113369821,0.998401031429754,0.692123063015467,0.452911537256027,0.312050817138807,0.168446085552279,0.0474572429271351,-0.048200410214118,-0.0741541964485854,-0.0645538856810489,-0.0537030698910173,-0.0431268981723207,-0.0157013933449085,-0.00794526154752711,-0.00164723707103142,0.229187556089979,0.183481646265616,0.153660289317171,0.126569637544518,0.0972563261523225,0.0696385892158485,0.0403924948358154,0.0163152024217461,58061.2962908156
"256",-0.201309853462867,-0.0549129567928807,-0.0550472049593045,0.123821950277765,0.0921473519349285,0.058489186968837,0.0567320882113533,0.0102897375773732,0.449936152373455,-0.257027730102955,-0.0263913598294553,0.177245244039627,0.50397917698861,0.660266045787029,0.809080547987805,0.950202379289843,0.528193901121402,1.19147256219501,0.985689936473894,0.745323968415337,0.450033522490386,0.298588680009396,0.167484978840471,0.0474024844056763,-0.0464107557470194,-0.0661851782963159,-0.0700076722356526,-0.0590980120145228,-0.0386394053043688,-0.0198403163603047,-0.00729009296601385,-0.00197328922234508,0.224037576441592,0.187446655168379,0.157088929892916,0.12656819537154,0.0954948004560728,0.0672768184712939,0.0399525246232513,0.0161703540068635,58059.4864333367
"257",-0.176435843201495,-0.114721030886747,-0.0610700560913562,0.119265724374383,0.0910248298521525,0.064331569276681,0.0555163603559026,0.0132199795920596,1.25640625050255,-0.164992608405574,0.0276177321821108,0.187943949766978,0.510951411416897,0.665170774009965,0.806967645431272,0.949627210748815,-0.285444381412302,1.12044886425138,0.929974699421433,0.735749198980437,0.44069341168038,0.29268452737972,0.170373321773758,0.0466987540333375,-0.0415316811387021,-0.0713419905214189,-0.0628586767159964,-0.0604987790927618,-0.0331927399562296,-0.0257549758754272,-0.00762621305201732,-0.00157503904635496,0.22251852508055,0.183004107766546,0.154642915052449,0.12635293883097,0.0960904338159824,0.0683155532773919,0.0402906624898627,0.0164546957675792,58066.9016719089
"258",-0.180649694311133,-0.0933337996587479,-0.0458797198740773,0.125847832253873,0.0977259239848898,0.0809008187317923,0.0526064668074284,0.0153343114803303,0.312822188396978,-0.146929970738397,-0.0348637124101255,0.192129858832083,0.505374888305632,0.646615683951756,0.807842986021463,0.946616033300895,0.656863713924679,1.09506005409207,0.987812276948934,0.728746418773518,0.448005906098763,0.30436455147014,0.17024676830362,0.0495835590210073,-0.0382523694971332,-0.0670962268867173,-0.0637464515917866,-0.0569498350538965,-0.0414641334174432,-0.0208897540652731,-0.00620303493319845,-0.00220787155385668,0.227031650452738,0.184071664358763,0.158728692332214,0.127139422671308,0.097480303773263,0.0680778965230082,0.0400365704611768,0.0162605216078914,58073.0038329925
"259",-0.19669548614832,-0.0869120107816527,-0.0680506188684968,0.121479671197746,0.0872636892361717,0.0756128914848708,0.0586187196549814,0.0163457663830192,-0.457729014049489,-0.15821373218434,0.0225592143209366,0.202693976769331,0.509481005580759,0.652926359712921,0.802693551535891,0.946277806135358,1.4347424051961,1.10428312191111,0.940980186186567,0.718653328816676,0.446135453066353,0.301992708559979,0.173484699764124,0.0492657801015438,-0.052167969096898,-0.0688986069993437,-0.0703023857995377,-0.0592350137773679,-0.0373691233523236,-0.0289740638088362,-0.00834515639824165,-0.00162842981132953,0.224779186676944,0.187218253619546,0.160051166956557,0.126089324833681,0.0951144498614303,0.0695951392480652,0.0399765811272481,0.0162901356699274,58067.1414665547
"260",-0.14072676833714,-0.0800065459853772,-0.0591150211983408,0.104661628909978,0.116521674223286,0.0747231534025107,0.0495164773635339,0.0132760030033887,0.701796822210757,-0.145807307135268,0.0010060411244291,0.24997427285841,0.506187688690879,0.652367931749023,0.808639865054901,0.947927539225359,0.2523793990131,1.08946842880078,0.957882990463491,0.673725091670789,0.436995101671714,0.301737465662229,0.170208124773201,0.0487330895519124,-0.0318725124404209,-0.0639485792579488,-0.0630007665383868,-0.0558219458142686,-0.0335304622103247,-0.0284723328479822,-0.00751632985871179,-0.00153180781493559,0.228355719661108,0.184306542113052,0.158191693008346,0.129622677708155,0.0955922099099333,0.0696061596528573,0.0409847826758273,0.0161615378823705,58063.1121792778
"261",-0.153898784884527,-0.0614615722994368,-0.0652176470584118,0.121006654453282,0.10186073840631,0.067469702865742,0.0522430834611475,0.0137363839094928,0.143625132880201,-0.170290187948186,-0.0129808335671471,0.20719651429834,0.502007136011813,0.656704300131676,0.805579114018819,0.948168145241825,0.819431704876968,1.10942755184169,0.974350932272622,0.715284040454498,0.446396943133314,0.29828702993521,0.173621646150971,0.0483691778825991,-0.0503913085041561,-0.0699607352606328,-0.0708152642568687,-0.0614741171439077,-0.0324658972215694,-0.0203461902278551,-0.00915850823357617,-0.00157846984004336,0.227213156475536,0.183290560745366,0.156087760212356,0.124198659848168,0.0967196705706983,0.0691745058990808,0.040412939380556,0.0165154960527694,58075.3350274085
"262",-0.163956402115565,-0.0844596523796278,-0.0727633435256568,0.108675636052311,0.101121622439194,0.0718704976696374,0.0561939968102138,0.0123285495101022,-0.183109234549021,-0.104020709631214,0.0763594627847729,0.193588829128581,0.491852262712814,0.651784704243744,0.807063755934696,0.949157664529517,1.1530925682921,1.04695524262696,0.886559212197458,0.731509444659467,0.458104157327774,0.301687960326142,0.169741907079649,0.0479760781757417,-0.0547400074594641,-0.059100096386766,-0.0645163613914416,-0.0557215726999596,-0.0356636677683111,-0.0173312970910754,-0.00718458015594845,-0.00238958058013548,0.224799362401479,0.186216601273597,0.153878256109591,0.128550516365185,0.0958132100720479,0.0680637566139487,0.0402437569601412,0.0162907839372049,58067.8329218712
"263",-0.146065293374049,-0.118203019480621,-0.0528354027739156,0.0996680143088628,0.0902401205414529,0.0590198984162509,0.0489059734259084,0.011708043124235,0.350617078820066,-0.190167732516416,0.00232844668153927,0.225898463793912,0.523620561477526,0.66761915667901,0.806998023938195,0.948553586799919,0.609026938877302,1.14922321652459,0.955351494725215,0.703377134521179,0.430009059764973,0.291200991868991,0.173266411017006,0.0489038349534468,-0.0424401696640378,-0.0694411887291907,-0.0658491783274886,-0.0617596476987837,-0.0400380271660354,-0.0243349383624793,-0.00868949982788858,-0.00150424533896269,0.225638870729721,0.187398077611396,0.160000738404046,0.127808442322961,0.0970050718193151,0.0692795330257239,0.0413421138874243,0.0167528305966953,58063.0691494699
"264",-0.142523917165025,-0.0827930433849146,-0.059576926394583,0.107196431513018,0.10584031583018,0.0687418567526128,0.0542189443206152,0.0132555467151915,1.10910231519663,-0.0788801589183047,0.00825644152736586,0.21367909738522,0.499592339522466,0.649677871680462,0.800217373196189,0.947033318629379,-0.149931691571085,1.02282844752654,0.950286708162678,0.712386229564674,0.448732459993997,0.306535849571823,0.176803488744561,0.0499399281034529,-0.0409802281354516,-0.0633686182204006,-0.0621443196894061,-0.0570616698832167,-0.0351689414742603,-0.0249656580264104,-0.00355159210796127,-0.00212097281407555,0.225930536667038,0.184419215122668,0.157513663470555,0.125917586594785,0.0980502098829739,0.0709714153969912,0.0404593604126635,0.0161572766614386,58070.2004497851
"265",-0.174268730690574,-0.0975031383066491,-0.0549358110107067,0.117069487206762,0.104417781276341,0.0774388284615513,0.0543742831585139,0.0122967313771752,-0.497235906061557,-0.133911636953108,-0.032455938932274,0.176056387680031,0.511152725190049,0.653110616616794,0.803667290750994,0.946701911231551,1.46492104854334,1.08391825512092,0.991356721622739,0.74659726457994,0.437276358568646,0.299668399433412,0.173784396175717,0.0505604807749626,-0.0428138941467305,-0.0671010286278205,-0.070472442247036,-0.0566014303713542,-0.0403556350423064,-0.0199352670332855,-0.00528023527063303,-0.00137301079547314,0.225621328864142,0.185359251500467,0.15498487891089,0.127263917245718,0.0969175398290708,0.0704595479923856,0.0392441678796927,0.0165594109733928,58064.8152189688
"266",-0.153500042480711,-0.0935060679165213,-0.0460421292308645,0.116490304984595,0.109921679712186,0.0638293168492796,0.0561180397127221,0.0150142021954522,1.61893598852627,-0.0690208711399172,0.00586698517808327,0.224409022784816,0.505069596093145,0.654045167472814,0.802875917078812,0.949619976723458,-0.659425753631958,1.0149329693923,0.948869434199728,0.697423054551359,0.442477548892148,0.303478465732052,0.174968914209165,0.0466531972264681,-0.0320110917452006,-0.0717017380934572,-0.067943570029271,-0.0571535442732183,-0.0360296823401391,-0.0216367325020764,-0.00897580703526494,-0.00271300233459596,0.223511930391825,0.186562981385801,0.156976465093311,0.128707947026151,0.096258191828837,0.0693036232196503,0.041329607344751,0.0163661267855459,58064.505666015
"267",-0.136130503628885,-0.0802323457302855,-0.0586567216216594,0.0977429419220659,0.107602249647524,0.0812662039587445,0.0516635753021221,0.0114554790428778,0.210027014631555,-0.0964702619721598,0.0198644618327594,0.214186961959758,0.490027599626513,0.650019762276046,0.807864057877365,0.948055315585441,0.747924014806435,1.04128394554695,0.937531292065384,0.716109818482428,0.456762822555422,0.300731668075262,0.170972558964052,0.0490956438393715,-0.0449075025684737,-0.0664733729676542,-0.0676717071171953,-0.059264309211113,-0.030592442734332,-0.0208607849008519,-0.00730755941940238,-0.00104473529452013,0.224764486732253,0.189962143773994,0.156597082795506,0.125383696012626,0.0968114787531268,0.0690034601763378,0.0394543468019442,0.0160499882878018,58066.5347505175
"268",-0.130310017635211,-0.0916755327389334,-0.0563790215421514,0.0972956030195458,0.112568521822431,0.077088241251225,0.0540919120364273,0.0158773872567101,0.358437785638057,-0.124461412839935,0.0028480294413251,0.226009615619711,0.516172649098013,0.650683526552201,0.80982715752435,0.945567977284102,0.596948506035226,1.07141863738227,0.954093467809566,0.704457804038264,0.428321620538716,0.303389224647372,0.167690674165393,0.0500829645419717,-0.0432291373529335,-0.0647726723707739,-0.0641324183809265,-0.0672066948474693,-0.0322478327346211,-0.02761454588074,-0.00731315363401823,-0.0012655260933073,0.227715391880908,0.184596721840846,0.155978466307147,0.126724035327151,0.0986979044264739,0.0682283872359351,0.0410742687020449,0.0164958087623913,58063.4356140922
"269",-0.128213404104767,-0.0864667784072698,-0.0608125623727463,0.102350549189875,0.0967219028693123,0.0611167011577677,0.0577873631972211,0.0136122842941749,1.95522425438098,-0.116981145087894,-0.0523090369349141,0.202673268772987,0.514550006653855,0.657745044031503,0.802702780785565,0.948209473436134,-1.00372025478704,1.06177656074386,1.01208241969069,0.726298564061188,0.436935739972292,0.29955916140461,0.174970052911199,0.0483420020385913,-0.0334987109158379,-0.0661680285970937,-0.0607800158740521,-0.0619526780272917,-0.0389812264280235,-0.0209177754377101,-0.00920841765209521,-0.00125205699662434,0.225008596845843,0.184105925139325,0.159324697703197,0.129422398468686,0.096776564347245,0.0701222800462575,0.0404546710839937,0.0165563720316739,58064.8090329688
"270",-0.159342700235856,-0.106711876656362,-0.0342333547912261,0.157484251918593,0.112405733187775,0.0683029090246551,0.0484724467752875,0.0143370823208671,0.312888765881761,-0.124906368404906,0.0151234980619429,0.163208399844867,0.491345956243886,0.660098632962641,0.811299934474364,0.949238804565027,0.653429282650577,1.07822408925864,0.936859386829191,0.746682649776464,0.453606736701584,0.295279488750518,0.168579137926368,0.0472859565647495,-0.0555069780897713,-0.0732380815610702,-0.0719902733135277,-0.0572619196080458,-0.0333382002295646,-0.0211299860430659,-0.00823424735358149,-0.00303924634731161,0.2267228247077,0.182821342322143,0.160140016259207,0.126764955519963,0.0953008999305075,0.0692883915703455,0.0407965578756942,0.0165551425568645,58063.382883756
"271",-0.191499755056961,-0.107989653928709,-0.0535734073173887,0.0938496230302642,0.113651945968109,0.0724344806261685,0.0571419404616133,0.0138473886664891,-0.0716613562737309,-0.130202352613778,0.048921249424715,0.24477279281229,0.486207954709422,0.642917156266699,0.803870176483832,0.948682199153819,1.05001079140318,1.08240026226987,0.906210377246655,0.686588746163773,0.460895907399045,0.310197966248145,0.173219673669348,0.0475823552100355,-0.0611926979172799,-0.0639737683263447,-0.0701873880658732,-0.0640158718098271,-0.0387519036937237,-0.0155809038247346,-0.010055710840853,-0.00111235349048024,0.224873887516758,0.187284362827309,0.157446382590559,0.127162088246221,0.0968062108040588,0.0693848833316844,0.040280721738565,0.016740470933749,58063.8274371567
"272",-0.162211486502525,-0.129487332042853,-0.0552273709393575,0.1014351810414,0.101507544881654,0.0769379366139137,0.0524122866218228,0.0143396713946207,1.04606089460844,-0.00500649361105635,-0.031388471062273,0.210266928082478,0.50505473742354,0.64706484685218,0.806863767548172,0.948668973189502,-0.0790186411628747,0.965337586030391,0.991822888114675,0.716641520336971,0.447115459657443,0.305439777476804,0.170826251158973,0.0479345143379899,-0.0550615003262353,-0.0705699476638495,-0.0748218015065319,-0.051609211061112,-0.0431527952592236,-0.0228414237766889,-0.00823619175025998,-0.00297604040252952,0.230399343036745,0.182622366813607,0.156680219815692,0.129173652852107,0.0950996500265718,0.0699975906015054,0.0408532097289899,0.0161847320693267,58061.5506282178
"273",-0.181155320775258,-0.0830172231185688,-0.0684096263356438,0.106307943690305,0.108986754677892,0.0738917648899695,0.0561806453977373,0.0144350738131565,0.212120756853714,-0.247275042684248,-0.0635859643316522,0.225775828785538,0.509989266025747,0.649518786921601,0.80630081778393,0.948849138099789,0.759081391701556,1.19018874972202,1.0240379473704,0.699810738646891,0.435852677101145,0.303485435548139,0.170433254847377,0.0473873612596247,-0.0475259622000862,-0.06428607822084,-0.0593200598082981,-0.0529485188595544,-0.0336338608653006,-0.0228242653404892,-0.00757537966009264,-0.00166713134358549,0.224685839899152,0.186404628440667,0.155664380830345,0.124206041049095,0.0958703981319786,0.0682473722843923,0.0406479807686515,0.0161353755545126,58067.0853805183
"274",-0.14286980356469,-0.0599924281630741,-0.0547392541228729,0.100878803417895,0.120502577279251,0.0738040629447613,0.057828188553819,0.0129775318980929,0.724867728203883,-0.153864621379326,0.0133027196147708,0.205592412921927,0.482611246659448,0.655710444322541,0.80345533076354,0.947701396781839,0.232752021982523,1.09142919782961,0.942700028258009,0.721475451816533,0.460140120216433,0.296963239306094,0.172925514503103,0.0491432662134622,-0.0336292155415649,-0.0681585100327257,-0.0668054625224009,-0.0558185502989998,-0.0317759551283189,-0.0217693486769522,-0.00590792873495323,-0.00154814172681934,0.226571649102281,0.186913287538945,0.157989121794227,0.125934110144246,0.0956506665435807,0.0678421816906679,0.0400559166649858,0.0163630808629327,58070.9379794209
"275",-0.15440391401487,-0.114747948426586,-0.07641719142804,0.114222329338345,0.108571775021489,0.0654756102749778,0.054340343167131,0.0161881065064811,-0.0879739295806329,-0.0413147574976465,0.0373993063331446,0.197101562708234,0.490223955288479,0.6684581406073,0.803778120173463,0.947926558672112,1.05251176181415,0.996281336603219,0.926176583428126,0.724848255495547,0.457491779660231,0.287921987621984,0.173354737864546,0.0478454643818277,-0.0528661702983172,-0.071178679337469,-0.0636108285577911,-0.051583275899212,-0.0344874383224516,-0.0238410933656609,-0.00428602920636556,-0.00241199010126491,0.223898829222912,0.183578553721465,0.155484359406561,0.125035175786649,0.0977726509502244,0.0699642154161553,0.0401582184696807,0.0162982063282474,58069.8327270226
"276",-0.162403720698515,-0.11814942775766,-0.0553006968492617,0.107016563256843,0.102890333191031,0.072238239274566,0.0527823792633755,0.0134960146588566,0.270208636244261,-0.0551910310199198,0.0122632352059221,0.222787442673376,0.499721790754725,0.652952516798082,0.809355221252155,0.95264561957956,0.697352626121212,1.01346737495124,0.94544423796131,0.703897503834916,0.449240771011588,0.301516669999135,0.16853852415382,0.0440557858908286,-0.0658341738888886,-0.0761269598559719,-0.0647394945714271,-0.0596764320433819,-0.0358370357941638,-0.0230420920127689,-0.00830344042490916,-0.00304494483614131,0.226925802809719,0.185640457045791,0.156521808978767,0.12692115531544,0.0961381158148563,0.0684704465216629,0.0405104510844371,0.016791665381286,58068.9060629837
"277",-0.135952592240938,-0.0915016208645227,-0.054468363031352,0.124867919548081,0.0938531487435719,0.0691515059775869,0.0522759257474905,0.010624404969884,0.984786770218181,-0.14542927605189,-0.00405164009544609,0.205255731178407,0.506076126509292,0.657868902543541,0.808710084339434,0.950194652483496,-0.0299933335192437,1.09196752771132,0.962499046721379,0.715871248187712,0.446648107576442,0.29654986258157,0.169629526550773,0.0475926234777509,-0.0475581484546443,-0.0676448853476138,-0.0725842225100639,-0.0614264391377624,-0.0342556067388588,-0.0189819667865334,-0.00901578025991733,-0.00212354912745851,0.228999629604408,0.184429381755716,0.159411596897677,0.125394358589948,0.0962834273474485,0.068070524496097,0.0401338965522915,0.0166346330489923,58072.2720268062
"278",-0.179367158855495,-0.0980599398814788,-0.055529889934356,0.0951390463261543,0.114608885858125,0.0724171411643619,0.0554367454455556,0.0163670620137963,-0.291038088003208,-0.123575477846834,0.0494587338336201,0.201652323915219,0.485116362111392,0.657030032545055,0.802205739210773,0.945167922865552,1.26500897701944,1.07498417914813,0.906357614815342,0.727008599453381,0.460568808037199,0.297231217271054,0.17577475710073,0.050632587819285,-0.0660010587773175,-0.0684542998507572,-0.0652994871421482,-0.0481859311166266,-0.0348224439728874,-0.0223641790361334,-0.0087886416769053,-0.001807924395631,0.22460877952216,0.184339722374653,0.158063789717108,0.125817165754433,0.0953785793118901,0.069469820250091,0.0409574193400771,0.0164049662816524,58067.2180897799
"279",-0.152374182462713,-0.0866345441985303,-0.0794889885809343,0.120537649327702,0.0855642923966967,0.0742707647998909,0.0577342265896247,0.0141185099811337,0.51256140583796,-0.126673064078271,-0.0654596971432622,0.181465087064186,0.516266248444119,0.6470940213409,0.801885110662322,0.949871235725588,0.448043533123327,1.0731375093791,1.03534617372264,0.740494405079794,0.44009520668288,0.3066602230924,0.174314947258161,0.0466789577851313,-0.0447906647154055,-0.0684999063461656,-0.07618827630931,-0.0585805558132176,-0.0407118034017187,-0.024055825702703,-0.00543442886458322,-0.00251839541790597,0.224485504391588,0.184271027380368,0.156768553898056,0.126044624788204,0.0965735218364551,0.0684998210383586,0.040024744976574,0.0163617777397287,58069.4781490349
"280",-0.170937192069306,-0.0858729833805268,-0.0606211996109285,0.123473154655902,0.0978129573777953,0.0751976330484624,0.0588886878570767,0.0128784843493185,0.789817817973822,-0.0842941912420738,0.0547786287480949,0.215791432494642,0.522120106258765,0.657254789650629,0.801976605937864,0.949462013857825,0.177765991281512,1.02965393478682,0.9054669450691,0.704608063672725,0.427188947686302,0.296398988768304,0.174467518898023,0.0473155356279931,-0.0543631840103385,-0.06472559411573,-0.072230224406655,-0.0579477502082507,-0.0328303974966952,-0.0219288258433654,-0.00825498563011719,-0.00226675693821973,0.230423608445814,0.187438497783923,0.155430942269844,0.126610089332565,0.097306750043257,0.069352229781619,0.0397783150306207,0.0166390608432308,58069.1253385623
"281",-0.178136912521967,-0.0925481554989808,-0.0681188732584173,0.0870825645633725,0.110077744778522,0.067337875389812,0.0546471433651741,0.0125478418246067,-0.626147501818001,-0.153918104221548,0.0146141738781331,0.230849239739772,0.487801854479671,0.670457170996463,0.806895740394591,0.94878825863425,1.59542360554477,1.09903611254377,0.948153099776304,0.700608385851257,0.461837639781552,0.285604814455309,0.171098221911,0.0477913220532679,-0.0460687746967915,-0.0586974571469504,-0.0656637408111429,-0.0558230337619393,-0.0403819948000571,-0.0257503774320766,-0.00928776816178913,-0.00121671607687514,0.227865941400602,0.187243001632489,0.155963603635134,0.12480593482343,0.0945200351557036,0.0689475210707087,0.0398905482600398,0.0164353263743208,58065.5570280588
"282",-0.167321887684714,-0.0996116454196232,-0.052886531548438,0.101104970449435,0.0965597133686786,0.0759380829182428,0.0488816645667629,0.0150996133206671,0.832248057045133,-0.115238587597993,-0.00983981579127866,0.198237745511868,0.491224624337837,0.659450627817365,0.804648791349255,0.946162754964548,0.138423881690841,1.06400607478816,0.967052201536443,0.732929130697252,0.462442928645787,0.293546604782171,0.175150873144174,0.050069334018767,-0.0555244257141741,-0.0624752687298773,-0.0689756495200329,-0.0637057284557767,-0.0384262953172625,-0.023354316905191,-0.00770527576672228,-0.00223090812530599,0.226671246719819,0.183324519741688,0.157226989168122,0.12591789964298,0.095145954053381,0.0681394506309093,0.0400531313661258,0.0162548087999576,58070.9024926231
"283",-0.167118634824507,-0.0870968411211061,-0.0559377111167265,0.106714750575368,0.0999746748398466,0.0734215029661505,0.0502088785642787,0.0125365944372453,0.775734656519048,-0.136869753534367,0.0561617366647656,0.22263980274742,0.504729012027361,0.649232954553018,0.807425401144283,0.950551234272309,0.19389379885367,1.08239486577734,0.898682081331242,0.70274789264093,0.445059597872422,0.303918906882642,0.172595103358558,0.0464091032997143,-0.0490961977160213,-0.0645893415178564,-0.0624593379221687,-0.0605325129995918,-0.0330655527297063,-0.0215942395484182,-0.0114342522645513,-0.00263712770013283,0.224111535056573,0.182922457632381,0.157929424601391,0.126497502502067,0.0967560473826212,0.069511972143987,0.040041987617264,0.0162959074843833,58072.3425673648
"284",-0.160575975523445,-0.094075684893921,-0.0584542639294197,0.117112318971346,0.114191716263073,0.0666144128137942,0.0495135827576213,0.0146894639389548,0.212632332014837,-0.0949354652780205,-0.035908466204403,0.193659180890422,0.482551942322988,0.664883474209382,0.805439129420424,0.949090241568237,0.749034138836984,1.04130751065344,0.994900635779156,0.731181559385818,0.46446515623206,0.291264738380319,0.17370222573968,0.0471340556050772,-0.0469885830323124,-0.0530600796851336,-0.0653555311909928,-0.0639783851201096,-0.0385265180528019,-0.0218249773193481,-0.00626584005812736,-0.00282836024334273,0.229638208764193,0.184945271360321,0.15743308628722,0.126737545630845,0.0977672283897606,0.0684443752695644,0.0404186323228654,0.0160616750258991,58067.7079591786
"285",-0.12698671778497,-0.0779348257005999,-0.0745193937308376,0.126152799152054,0.108573893578304,0.0705255041855322,0.053421102310535,0.012478080032446,1.33495173697022,-0.0877971948271053,0.00191024636210599,0.212998476642774,0.487363602194355,0.67029093054785,0.801950879093908,0.949417779565485,-0.380615220125367,1.03050052133632,0.962225186764258,0.703432436135322,0.460911931576108,0.283672037290906,0.177228483175412,0.0474498213880995,-0.0499488085543239,-0.0654183779867228,-0.0656911612324007,-0.0477408156046015,-0.0340411890107891,-0.0260657257980141,-0.00820408354421981,-0.00134424893606325,0.228296173524588,0.184585532145108,0.156701861632405,0.126337363320842,0.0978801490267411,0.0687206133877615,0.041010305036237,0.0169553747662882,58061.7348932934
"286",-0.176086508806365,-0.114093856382979,-0.0745848986663752,0.108909177253281,0.116352945657155,0.0759435880353556,0.0588119510611069,0.014165158687874,-0.341277350162695,-0.138441287638407,0.0276255203129218,0.229316487542967,0.477222534076448,0.660581953084023,0.803067471038837,0.948692172619377,1.3085937264303,1.09546335627011,0.939825916283942,0.696926693317467,0.469236104440166,0.292218088722702,0.173147358238646,0.0476269605488002,-0.0368866038871282,-0.0748906378434748,-0.0772727382255545,-0.0625404229694641,-0.0365527593000275,-0.0252641951454016,-0.00729954500959607,-0.00215402744096725,0.227029703959945,0.188401206595837,0.156454981449068,0.124623286315351,0.0973424018552349,0.0703207371319911,0.0402077658876741,0.0164125725189686,58068.7528293802
"287",-0.144792186701729,-0.102525176355861,-0.0566355094352181,0.111201509746075,0.109300948689187,0.0652186391467238,0.0504306639251596,0.0149349573178158,1.60465596013994,-0.105757236236075,0.00352800350912384,0.170235116558236,0.498134527816464,0.65263640525996,0.80724520771715,0.947968408513831,-0.643640168027178,1.05672479253163,0.954463454329231,0.755669134811054,0.448978301796006,0.304689173680507,0.17220084946315,0.0480865062768316,-0.0569209288496758,-0.0654897696210658,-0.069786237668954,-0.0550517602515802,-0.0372718460306016,-0.0216236575101036,-0.00904263634292943,-0.0018982060554943,0.2278647332596,0.187447577960837,0.159235571720524,0.127393734003445,0.0973240502293479,0.0685747468546992,0.0412049451345066,0.0163122396048287,58072.941918597
"288",-0.188220898733071,-0.10035637392325,-0.0696677261971686,0.106892764862808,0.10691000745938,0.0714371066324006,0.049920063878089,0.012784256598998,0.192341875105602,-0.0848884280205279,0.0411331343212935,0.207343696785137,0.492060006572031,0.65813232901935,0.80774072757904,0.947646068255612,0.779577787999524,1.03660250833767,0.922538523616163,0.717027619932344,0.456267849902078,0.296577827030147,0.171575895288505,0.0493553011231141,-0.0441689420991634,-0.0759222381402222,-0.0689063152207218,-0.0548797178574818,-0.0393747358815055,-0.0228411662186139,-0.00872430153658931,-0.00173400672086536,0.230544433967819,0.188832729040828,0.159958422335665,0.128296133611542,0.0987012161042746,0.0689825772723073,0.0404528361856986,0.0165505896886237,58068.5883750485
"289",-0.191128386394587,-0.0874146669101069,-0.0429497283248184,0.0959875211538958,0.0879319034774787,0.0798043010475685,0.0553540754485986,0.0147846010113911,0.476444153261927,-0.0319400732018298,-0.0193795670312051,0.238535621332455,0.504519924554641,0.643560471134005,0.802712410105948,0.949269965505012,0.499791582108729,0.978803622278945,0.969384826660092,0.689311458345653,0.450780036580383,0.308297351741888,0.174853073779127,0.0471804755840943,-0.0440427910866784,-0.0717197975353105,-0.0531337019854263,-0.0536007493908685,-0.0390821247834513,-0.0233123365930362,-0.0062834727177564,-0.00300599640410608,0.221334260142453,0.18233431319236,0.155262658177918,0.125857776854435,0.0962795650755063,0.0690937141767462,0.0401357828901049,0.016495145770069,58064.2826478026
"290",-0.131056419048578,-0.100505985171977,-0.0418521850864132,0.108979814940738,0.102495154204925,0.0732738465512244,0.0549092167861754,0.0147225972373732,1.44351520765929,-0.190013785539765,-0.0545242637631826,0.20848340627148,0.499402017436755,0.652378808822863,0.804112131685536,0.949447242762269,-0.487665715282446,1.140905713797,1.00959440073875,0.71706358319878,0.449510313329305,0.300801413630235,0.173721451843974,0.0463278475185024,-0.0527011110878122,-0.0666771616660343,-0.0753573049269996,-0.0603753203612989,-0.0303066577883615,-0.0207503946632359,-0.00680701106840621,-0.00187871726808694,0.217064755314187,0.185851523883416,0.156623905019426,0.125826242558394,0.0963081367595124,0.0694251212038852,0.0409165296374366,0.0165731619360387,58064.2826337467
"291",-0.172288132086132,-0.104116651666777,-0.0420427750134207,0.112929752130947,0.117907028241502,0.0656725538912671,0.0575440939749119,0.0134111949027209,0.984665157767977,-0.132986003819712,-0.0553800458765412,0.197141099252545,0.487049103515686,0.662680267496452,0.800920911166122,0.950302005164226,-0.0137462765868981,1.08393542686548,1.00677459587619,0.72860802808952,0.456340675576504,0.294283284072685,0.175801446376302,0.0462328637400859,-0.0553725919554036,-0.0646840283314763,-0.0585113496692163,-0.0604276194532564,-0.0301546245885532,-0.0248970144845715,-0.00524316517660593,-0.00197795251050588,0.224342411771833,0.182993933367146,0.158685843458944,0.128786469008205,0.0959822471902975,0.0702461916101641,0.0403391768281041,0.0165279071054863,58069.9580258143
"292",-0.168128886294452,-0.0728614941412742,-0.0532608101911743,0.118711323248647,0.0932902972399388,0.0704547626018871,0.0565475367888478,0.0161693954396523,0.448744935517718,-0.0915927955290629,0.0212852883457544,0.209632006463515,0.525250521502309,0.657557324192692,0.804372566093472,0.948214762628972,0.519608623073944,1.03143030296281,0.937879998962464,0.712251535161249,0.427144842143383,0.296792653210162,0.173040672128911,0.0473542018550197,-0.0503154108963619,-0.0633712232233666,-0.0761454645184742,-0.0586040822875849,-0.0406891957872205,-0.0225783001378245,-0.00819408449318642,-0.001878035254419,0.223713084652343,0.187529306596291,0.157341962251529,0.124902378235512,0.0979626506627795,0.0684447154874679,0.0402246706654504,0.0165695056079638,58074.0168789984
"293",-0.144300417600641,-0.103482589263094,-0.077835768778033,0.112225718284843,0.111443526103557,0.0738134862478294,0.0591212109891007,0.0123717443399098,0.458087124560207,-0.207021179873053,-0.0201595451853365,0.177223932383752,0.48709605576639,0.65250507543207,0.800900082794528,0.948410187815515,0.501880666075848,1.16032259637677,0.985856352240023,0.747334291603506,0.460952515505195,0.300751441868353,0.175653739026921,0.048690715179742,-0.0477066019006842,-0.0744562543016605,-0.0666107700484349,-0.0511981810019104,-0.0360161392198823,-0.0204520046697797,-0.00577636140748672,-0.00158971643109071,0.22224824148608,0.187191963688596,0.158257004281438,0.126013519558101,0.0965805346089496,0.0689242425392119,0.0396738101847044,0.0163672098676404,58069.4532508762
"294",-0.15826943594941,-0.100817777292562,-0.051920208121511,0.129297969117891,0.0955397381222673,0.0755837069754407,0.0593602343462961,0.0150635327290993,-1.69120233227675,-0.137831210331007,0.0219450947355875,0.184148528210043,0.504598034556476,0.659339852921894,0.804114315280239,0.949054917310599,2.65586375675229,1.09030386289359,0.935213721433761,0.735301911383992,0.4479544651434,0.294110008302451,0.171027697563885,0.0470402733731488,-0.0483539416336337,-0.076360470456503,-0.0696499243026802,-0.0575510983572537,-0.0358844812472262,-0.0259878850506376,-0.00488369390821211,-0.00203557678362962,0.222522526041719,0.186740832078918,0.153656469368576,0.128898364939703,0.0966983195679494,0.0687187610636088,0.0401264364999862,0.0164270401475292,58065.089922568
"295",-0.181483629470608,-0.084705450205045,-0.0422616352265085,0.116561129162778,0.120913929479175,0.0716810071317093,0.0527782201916245,0.0137038717897829,0.196926649350148,-0.197131490109911,-0.000861495171942583,0.195204933079761,0.484057925069278,0.654661758301827,0.806125104540158,0.95032995984429,0.775352817147111,1.13707031370625,0.952692670808014,0.729315158839699,0.460920422672053,0.299904429560594,0.171798818156664,0.0458388479491134,-0.0521971747516655,-0.0545835315231606,-0.0613016157446482,-0.0617030966141327,-0.0350130696664147,-0.0235746509238589,-0.00703818306574696,-0.00191703992159268,0.231474540842805,0.185746794297253,0.159408383583265,0.126995833138421,0.0975108539995937,0.0691566111606719,0.039906156689496,0.0164188560602567,58068.1285635388
"296",-0.156638793945723,-0.126127101513021,-0.0564120510362087,0.104099634041113,0.105222682279037,0.0830626091364062,0.0520366642085391,0.0127291897464326,0.078705795963876,-0.0564387587292232,0.0356392147909438,0.196714232715294,0.499265299848815,0.641590156249353,0.805097670563995,0.948218933436721,0.886177816665149,1.0160441906164,0.920781838285202,0.729204144320751,0.44782488893071,0.309429505219977,0.173384088045374,0.0490102472030241,-0.0438926566025682,-0.066171323857356,-0.0612875507243742,-0.0512881885412005,-0.0305819266517562,-0.0188444510000698,-0.00650469828537917,-0.00257914487147047,0.22698032053114,0.189658290882642,0.159978570029809,0.12861958901043,0.0966752513107036,0.069305039521734,0.0405242823756558,0.0162302602267,58066.1761270491
"297",-0.143815473933375,-0.113082989741252,-0.0621505702054948,0.104548544991683,0.116429167820306,0.0653077914747006,0.0585368919310827,0.0140144498992772,1.02182636747262,-0.10581618591998,0.00614816048198516,0.223466278694113,0.499519970823005,0.653949241220084,0.806693313277256,0.950454375491241,-0.062199672486495,1.06098919325119,0.953440469301742,0.703060386727098,0.444007408073513,0.302674999508621,0.16950565844336,0.0458049837506441,-0.0474018678413842,-0.0685199175383619,-0.0660800685588139,-0.0535451422116278,-0.0329865457196807,-0.0229536324441938,-0.00882669155563323,-0.00233305297848253,0.223996586984498,0.183967526490845,0.160584251133436,0.125985929475055,0.097597543762741,0.0687576453714055,0.0397960007513719,0.0164096764630954,58074.6836991883
"298",-0.121826959372187,-0.100575446139605,-0.0673650684969674,0.106639267721274,0.110516391471615,0.0739958006444608,0.0539573863829951,0.0157278102647513,1.47525034458954,-0.13812837676984,0.0172266944835912,0.200809184530511,0.49530685000414,0.643853046453767,0.803066827831465,0.947672212586881,-0.523764343660227,1.08765541942209,0.941473769650774,0.726058643352661,0.452276168852934,0.309766965461755,0.175278737959364,0.0482026810595225,-0.0425751500822464,-0.0621262536154027,-0.0630797963403304,-0.0584803211740824,-0.0390128150920686,-0.0216109538781011,-0.00688973806791884,-0.00240786161124923,0.228374656481913,0.187659648183277,0.161094374667843,0.125952892525589,0.0970971925351334,0.0684177336709412,0.040258577531955,0.0163371753986439,58072.3388902688
"299",-0.163997283985389,-0.101634297581316,-0.0529686683807684,0.118251280562998,0.1187620699373,0.0669889234084209,0.0530262010547027,0.0122404706298564,1.58148604166223,-0.0634277155651677,-0.00857881030702931,0.202071680944501,0.472847187649761,0.653750619780884,0.805438641672446,0.950968008588598,-0.615356235918017,1.01587049408755,0.965248210007136,0.719714084977597,0.472726041196665,0.301987455744523,0.173117928085638,0.0460740379416079,-0.0475187470010813,-0.0723659106709738,-0.0681514974740232,-0.0538257124970787,-0.0328006413341607,-0.0212657938241345,-0.00927731773339729,-0.00285297172439421,0.22908726712184,0.186553763770317,0.160176490177039,0.129036526145134,0.0945158161287202,0.0697580127797694,0.0398767458880589,0.0164704993271067,58071.3865013229
"300",-0.165760457049147,-0.075390167535732,-0.0940182805959834,0.111077894412295,0.119702769063002,0.072177338894946,0.0546755986241382,0.0161776599638787,1.15015825424318,-0.16541596220418,0.0627149055671908,0.217171633544723,0.48291569451746,0.66214693592076,0.808749475405139,0.946998903404971,-0.184183042381639,1.10902617690344,0.907441395613591,0.706302820483019,0.462370375730964,0.292652494435593,0.16879997433293,0.0485930058895514,-0.0437291485021475,-0.0686400533148214,-0.0682629046406451,-0.0522765704523813,-0.0352852940203433,-0.0247645139363027,-0.00917559935137494,-0.00204695669730618,0.229216067725284,0.185145671982474,0.16003403755271,0.128827219434042,0.0972433340880645,0.0688756322595109,0.0402831388230721,0.0163854475980852,58069.9498471553
"301",-0.142258119584505,-0.114313884109063,-0.0543776074784495,0.132221918201569,0.106144959375373,0.0664025297026646,0.0492061354700554,0.0152891764557478,0.284010421204422,-0.0618114888345514,-0.0621149232696626,0.177306831040289,0.485123431589329,0.664214276388538,0.807298809024784,0.947266990913878,0.676791992375312,1.01656691034983,1.0200578070293,0.739457212877487,0.464492594060022,0.292535736186928,0.172762224414433,0.0488715595960158,-0.0579190166272965,-0.0653181621517804,-0.0682840160891185,-0.05737820718673,-0.0381338443140925,-0.0234355302475602,-0.00875360128676548,-0.00231984016523324,0.226739491101239,0.184934895242276,0.158688431296633,0.127341463504482,0.0977549789116088,0.0712011638134353,0.0407693284698208,0.0166701334177002,58065.3667491766
"302",-0.148704366162132,-0.101017697342531,-0.0689105520891309,0.102397804663178,0.107375471756181,0.0723750825239942,0.0572498708606045,0.0122411430547094,0.117592001997296,-0.0981159301303922,-0.0395890018674242,0.209183741027235,0.508031871054863,0.647011991989131,0.801220902205778,0.95028408093444,0.844105610713174,1.04952830183416,1.00276206770945,0.716751817602177,0.440625962842054,0.306788926208985,0.175737944027375,0.0466341922896675,-0.052318283501473,-0.0683312088884502,-0.0654046172228866,-0.0554695026694836,-0.0393630371744767,-0.0201505431755715,-0.00701349852231345,-0.00175920175512126,0.22812038952493,0.184765288012385,0.160748889696075,0.124272973771794,0.0965229795796416,0.070206362698047,0.0403269053152425,0.0166840612978068,58072.7518661768
"303",-0.1851592451281,-0.0738610494784426,-0.024400570796909,0.106914116370279,0.0909846395495625,0.0715600671176562,0.0529026106935096,0.0155956324242239,0.48338069169613,-0.203272686723201,-0.031847169329915,0.202644005207319,0.501388617221619,0.648383641218065,0.803747824292767,0.949000882676661,0.492200417461896,1.14261808829896,0.980143782243634,0.724237561307951,0.451982376389757,0.305191986825661,0.174545841292808,0.0468339671064679,-0.0553128275602296,-0.0640792457969578,-0.0731434141589801,-0.0619978511419259,-0.0351230616316478,-0.0217893785901659,-0.00735632939214201,-0.00215203088427192,0.223492908638271,0.188616234920434,0.160279754159574,0.124924368221516,0.0978233306399976,0.0681293488066603,0.0404570441181859,0.0165578910902284,58066.7741840384
"304",-0.105781945094266,-0.0908390323088826,-0.0810262205905616,0.106245599731518,0.112583690839045,0.0767843528065273,0.0520771747688505,0.0137222181398845,-0.901475448866207,-0.0989772122582223,0.0404987410158374,0.203904233845774,0.490214650916563,0.659179549430155,0.804508834829086,0.950138426374829,1.84642662445515,1.04300784122505,0.924398586273613,0.72135632275808,0.457157016835423,0.293535170718857,0.174063928031415,0.0462037040403048,-0.0374304927840688,-0.0540683248933787,-0.0633307594119152,-0.05014174207519,-0.0397657557299447,-0.0235430420569224,-0.00720205671192952,-0.00163472560345928,0.221795550455473,0.185859882574595,0.158126413159889,0.126810660162955,0.0986982945238454,0.0687832620776844,0.0395135415585609,0.0161408528136849,58065.4719315327
"305",-0.135813988780059,-0.0782770853657551,-0.0575612114378761,0.0997298176273309,0.0794499720022202,0.0662794729381477,0.0537803405274324,0.0139674521533565,0.120619851739394,-0.112583448931087,0.0656065242943168,0.236387199481282,0.522990103615921,0.664876970219846,0.80282713674146,0.950272676347574,0.838379745257896,1.05441118134411,0.894840804013929,0.691687726988139,0.433356999059302,0.291491098044822,0.175249003615812,0.0461111209805315,-0.0607202192228655,-0.0687145576862434,-0.0743584559890131,-0.0628831049717756,-0.0346189597897948,-0.0221221306433341,-0.00672806703482187,-0.00198484614868951,0.222504627848807,0.184207655505819,0.1585603493113,0.126659141688705,0.0982395380867046,0.0686530315559798,0.0403372023494624,0.0163463823015461,58066.0112039598
"306",-0.182820241369406,-0.082929920405792,-0.0329269521576082,0.104351511009146,0.110614790241755,0.0828476134723918,0.0482045908574339,0.0124513089702565,1.06033945610772,-0.140616770699236,-0.0534225119444312,0.19873954061635,0.504468266327967,0.644918586170021,0.811886469085624,0.949017714974235,-0.0859392354508811,1.08602165005984,1.00598163640853,0.729288466537318,0.441834294899444,0.306257572732756,0.167710899300345,0.0482221989245458,-0.0589876521446798,-0.0648676249799883,-0.0698252896500566,-0.0584724188305323,-0.035866933205606,-0.0244115131819801,-0.00763485532383608,-0.00244949424762411,0.225538803564699,0.183914075319666,0.157752567610156,0.126154004107597,0.0968695822569934,0.0681536357070543,0.0408244164899208,0.0164011751916396,58072.6808904338
"307",-0.175696034135208,-0.0851668601114904,-0.0222913548289354,0.102428287332308,0.105683304129577,0.0683794700573574,0.0487443383320743,0.0158361906420499,0.809254838856685,-0.221656924065324,-0.0673325283920548,0.206278225235409,0.507055621574082,0.657649148153615,0.808163243261153,0.947968853067639,0.160099836592842,1.16702160075829,1.01375988052943,0.722404650633848,0.441451979007844,0.298320211629418,0.172093036421994,0.0478927489723649,-0.0424303049135474,-0.0655033517526308,-0.0627548435850147,-0.0580726479201721,-0.0369530487454166,-0.0242624452964458,-0.00889636366834799,-0.00229171804327541,0.226577305777619,0.185938752038219,0.159628797126644,0.128551246331282,0.0980041698775805,0.0699609023945858,0.0401041323490673,0.0164679551108704,58072.1496447909
"308",-0.173212064514163,-0.104213214435695,-0.0754453219435763,0.11419178188565,0.107125263135968,0.0717124412420913,0.0584984441910601,0.0141154110184934,0.0283537760188604,-0.097395153845887,0.0479107350007867,0.213484212619046,0.51322790347669,0.655877005367744,0.797662435860579,0.94902937242621,0.940357404685267,1.04813382517822,0.91656159349911,0.710156352855585,0.434195960642475,0.297400345637839,0.179123458781087,0.0472827516855842,-0.04486627293703,-0.0625240842733716,-0.0652306975224328,-0.056622846033247,-0.0408880731858894,-0.0186215233487811,-0.00756228437383619,-0.00198926813702679,0.226998172452486,0.18372752618773,0.159094013630729,0.126598870557351,0.0970597642708508,0.0684433899964028,0.040542021825341,0.0163326719706667,58074.8346012478
"309",-0.165877869195715,-0.0833936403429275,-0.0985855809202486,0.109553403882673,0.0896688117583377,0.067234691252379,0.0489033980281445,0.0103794492304561,-0.307894888465386,-0.155164931393746,0.00662951053632448,0.221583079710184,0.492974248471797,0.656252972687901,0.804491407170242,0.949952472674205,1.27093230437852,1.0994354511151,0.966846526669967,0.702165227535285,0.461463989448353,0.300314238013838,0.176397107193716,0.0476975458215123,-0.0314954886830367,-0.0673996557414764,-0.0723209668051048,-0.0527790655755447,-0.0369213438203519,-0.0232191018101338,-0.0112219457912472,-0.00194025197959687,0.223663269418395,0.183640073189078,0.157134276798485,0.126251182235964,0.097371429203104,0.0688142757266581,0.0403539440668039,0.0160193852503426,58059.3754683635
"310",-0.159493021513383,-0.127753525791127,-0.0694267056949207,0.117139398803006,0.117741591001583,0.0649059864343713,0.0513638152345502,0.0124115376712877,-0.187096604933687,-0.122542277847394,0.0427983808096217,0.21329151335931,0.501103092867313,0.648223508201974,0.80693559474902,0.949367533773402,1.15279168963553,1.08101290739587,0.919957002137025,0.708684710834987,0.443721171812683,0.308174937361499,0.172608514020742,0.0477319758047277,-0.0482125726217337,-0.0684401042942369,-0.0687506849097605,-0.055114707868288,-0.0383518659938485,-0.0201243357013362,-0.0104474293203828,-0.00202340606483615,0.226592875232436,0.18525659498397,0.159946331745139,0.125105302385739,0.0980378128555211,0.0697741072497381,0.0403173472683032,0.0164652472812991,58070.6561542804
"311",-0.10566463017065,-0.111313008475518,-0.0781203585648625,0.104308295132638,0.107661353481318,0.0653509441481218,0.0546455103992114,0.0116584668767017,0.402311632593623,-0.0639925627016921,0.0702970918313961,0.204273419383563,0.513809983322623,0.662841222525129,0.805921232593978,0.950802074848015,0.54472112130029,1.01916840902291,0.896894146319236,0.721951439025737,0.432501190596627,0.293552343408194,0.172066605234492,0.0464187028810793,-0.0472556199783538,-0.0732329356846629,-0.0793664434412406,-0.0495633201275852,-0.0361669796614172,-0.0252560288361444,-0.00994492190298363,-0.00194477434990889,0.226843567681455,0.183425153401662,0.15736853089242,0.126850830931061,0.0972623507453033,0.0688991812504004,0.0406658033662194,0.0164099932831285,58066.7656335926
"312",-0.117124567592686,-0.0749511428346767,-0.0732145747397411,0.115283164199384,0.112049715389507,0.077393180108122,0.0541555341718839,0.0153963308274292,-0.538488505740526,-0.0941179646583982,0.0486820935403844,0.192650144305186,0.489199428935589,0.657440938115388,0.806493740967549,0.948897072487587,1.48547051237146,1.03258018471759,0.913786185120247,0.728904958139496,0.458503342673782,0.293734919540714,0.171135554582363,0.0470584774133857,-0.0350265915965543,-0.0559613393625343,-0.0626430458409106,-0.0507778710621798,-0.0399107307690874,-0.0219367764237192,-0.00769538469279722,-0.002770868755456,0.221538908232223,0.185899920376668,0.158288820773109,0.126796298089343,0.0989419411188157,0.0691468260148277,0.0396552535623439,0.0162632693616489,58064.939951177
"313",-0.194197515764685,-0.0946550600176681,-0.050525882693816,0.11885924013955,0.103911918671755,0.0670751787729991,0.0546206941999407,0.0137133439766222,-0.303714740210055,-0.0347619878830116,-0.0458991113926416,0.158557263427583,0.509580731668896,0.663317555991427,0.802905739921232,0.945699603137577,1.27773662827202,0.982319891815265,0.999142249854984,0.764922237097603,0.439715889423396,0.293323829431315,0.174353212627334,0.0509513542393508,-0.0393569310895404,-0.0669312478310176,-0.0518966973780519,-0.054306883704375,-0.037987239711503,-0.0273109337895015,-0.00581170634298082,-0.000871202964903231,0.226200699948576,0.18423715860086,0.156363062939089,0.124955064922141,0.0970857946254795,0.0685033276128216,0.0405531055477225,0.0166311520100409,58063.5525102544
"314",-0.16311527573373,-0.0726083158581158,-0.0555156394301277,0.109395903727971,0.105428247163663,0.0667962161648891,0.0529064151171676,0.0146211067229908,1.32251511484804,-0.102171465635234,-0.00251374611849881,0.225615346051477,0.50181194350018,0.661910378016139,0.812909479863218,0.948434567907967,-0.357530240286907,1.04622552995451,0.960411943826726,0.699583864772779,0.446053158660123,0.294449642770484,0.165065328201593,0.0478097520810124,-0.0338305738208486,-0.0717318360979193,-0.0710438020150221,-0.0614127364437355,-0.0322347320960268,-0.023239602531734,-0.00896917715526384,-0.00179781585924029,0.222877378511766,0.188885682954644,0.159349344425192,0.126063991513352,0.0968893889389656,0.0695701048106828,0.0404725390482853,0.0163263939960035,58071.7360299131
"315",-0.167753219544362,-0.0775571483304864,-0.0617965629307326,0.109418096637083,0.124898229543847,0.0620327703480625,0.0507679078198502,0.0140025205927459,1.24526580173524,-0.0963363113344366,0.00204545938931146,0.197923246588993,0.492229768216937,0.670186448933614,0.807195749488474,0.948590019461786,-0.278351331590741,1.03885058083806,0.959935409238219,0.728785475089797,0.44970193349125,0.287643081618141,0.172038140744455,0.047668432761326,-0.0398616578195513,-0.0710941218983103,-0.0698646669550357,-0.0590010594217313,-0.0392645676756791,-0.0233280509746898,-0.00861936119334684,-0.00139699948683299,0.225676683295339,0.188925918370513,0.161501768218392,0.1257296079052,0.0966791614224161,0.0682791474252821,0.0403608512495996,0.0160493681032182,58067.6296933207
"316",-0.142765124718558,-0.0769112654608491,-0.0392017689427677,0.108731249798145,0.125531745972348,0.0782464007141565,0.055008710479515,0.0153846655054105,0.0489041116722675,-0.20819355281897,0.0154534504580175,0.197172198748469,0.494389518415317,0.65144342349864,0.80407866550421,0.951067270076688,0.914818664612622,1.15128310937078,0.9358312119821,0.729084830291971,0.44727110626061,0.300389333896887,0.172584510882498,0.0445342088326355,-0.064294286879489,-0.0661352799695688,-0.0633969797650562,-0.0608518054465469,-0.0366341209969956,-0.0218069850392906,-0.00373616699899338,-0.00257733696027698,0.229400156214245,0.185195086036078,0.159118916164873,0.123609681194813,0.096042106001808,0.0694380660899457,0.0403104250120774,0.0166911708737245,58061.2226933177
"317",-0.136466568159194,-0.0883407186539419,-0.0435094634214606,0.104641119000788,0.0890685925687932,0.0694452485186409,0.0549482670864629,0.0120985177427842,0.37843283501418,-0.120654999394687,-0.0555521747765717,0.192446710216933,0.509110801829053,0.662685857777991,0.803099986410907,0.949979525175394,0.579079553581706,1.0644741436713,1.01088144897139,0.736539916781863,0.444474752532829,0.293136058954341,0.17480424621418,0.0474546147588316,-0.0483927636437089,-0.0607269891563397,-0.0737051452834639,-0.0642876699310379,-0.0372087500011866,-0.0239135082145446,-0.00815963209704986,-0.00316790178269301,0.222880451429481,0.18297386376583,0.1601030977168,0.125530870224532,0.0967201562641267,0.0690670166065228,0.0400245022470846,0.0164302805894392,58070.7198216305
"318",-0.151296371396187,-0.0711965451338794,-0.0615551928907669,0.1269157458091,0.10592570839384,0.0719412160225248,0.0513293105932821,0.0109524562773753,-0.138765737549489,-0.199283520385298,-8.84634411675768e-05,0.200585686974745,0.495074304856288,0.652641187797725,0.809224235574238,0.95167438148292,1.09793157776591,1.14115380704223,0.960110975810743,0.720441327062724,0.45439959340808,0.301437626385397,0.169807874814876,0.0455990845171335,-0.0319652454740502,-0.068396022634386,-0.0645586153475136,-0.0638522125595106,-0.0370147889132294,-0.0225662589273147,-0.0100236887020275,-0.0020732407360329,0.221071371832499,0.189893351232786,0.157262933568403,0.127211644558688,0.0941118556550729,0.0677363851500764,0.0397140721420757,0.0162312258445453,58065.0749597949
"319",-0.153639194408877,-0.0900344588165961,-0.0585154965575358,0.115710349433785,0.0948841395508566,0.0722788679460448,0.0546773934547761,0.0131511543441013,0.576112785349687,-0.147137425170027,0.0407583383883153,0.222431528117933,0.495419944205998,0.651335595022277,0.805576440975514,0.946876316136072,0.387576130149349,1.09359564728977,0.916694550246561,0.700989361456212,0.459284162693602,0.302988473109139,0.172179471489428,0.0502219573622866,-0.0517051155480011,-0.0665628446206453,-0.0654100123726059,-0.0610408570391791,-0.0412250776494787,-0.0234162231162696,-0.00953534176644318,-0.00188462126822868,0.224346939384416,0.184023175321955,0.157429784275929,0.126094912946642,0.0966805110930112,0.0694563399463804,0.0402071513560931,0.0164373523189774,58076.4802248497
"320",-0.175017140652924,-0.0949860942653651,-0.0586363958118281,0.101760076696112,0.106973562588624,0.0653842064769097,0.0567784576344471,0.013135096395329,0.00689153173751653,-0.0794720035489471,0.00725210750072236,0.220326968930247,0.500723178756805,0.667183392187964,0.804609193767562,0.948292925811752,0.963613295052733,1.0293982423457,0.949470043581732,0.706268118782262,0.448155232061095,0.288468071788948,0.173155859554722,0.0482318566003206,-0.0438230040156306,-0.0697984267519226,-0.0615716757821346,-0.0525399297717877,-0.0376906350822344,-0.0224197370653215,-0.00855637270278554,-0.00115002144091916,0.227829489634275,0.185761114708792,0.154243184377686,0.126008755315436,0.0955832820566752,0.0679713242184063,0.040479885152924,0.015930948477473,58068.0923469275
"321",-0.162253836053313,-0.115790497522314,-0.063648869902058,0.101648530132455,0.100924143117858,0.0797554226013962,0.0473075610540975,0.0168277790824723,-1.37852381232058,-0.0860827076122766,-0.0223368895179217,0.226165004173738,0.506870588228187,0.648102238779586,0.807642612785827,0.948685361155454,2.3458464384318,1.04082055458981,0.981169625544791,0.699988327587017,0.44420528246167,0.30377893109204,0.172535626588743,0.0465762780466331,-0.0582191469177836,-0.0632519758925732,-0.0632801718513767,-0.0542367001997159,-0.0411659972896114,-0.0244096694728434,-0.0079468331261203,-0.00190218178632407,0.225517789196015,0.18751734643361,0.155259035618734,0.124597914775022,0.0949594473382897,0.0698319123706845,0.0398242931718908,0.0163245598135281,58065.1136071571
"322",-0.187582718535108,-0.0826905468697975,-0.0583230654040218,0.123985083852047,0.0973291851906715,0.0748326819370964,0.0534548446484921,0.0108201187749825,0.316789734707065,-0.0336098822021632,0.0090437104071851,0.190925078955571,0.504657435235348,0.651944894047373,0.808119127754362,0.950729133509695,0.658042502578058,0.977206988381337,0.949434282138755,0.730819090616304,0.447014581126884,0.301941517327243,0.169195236301279,0.0470441438061614,-0.0540904196076738,-0.067832129985992,-0.0637858235572255,-0.0572329355511203,-0.0337867006266516,-0.0260436720840344,-0.00609619077153362,-0.00302843759774935,0.228524400632634,0.185334603349323,0.157344772229287,0.126150801927421,0.0953319819023426,0.0689774018403679,0.0393762739500211,0.0160916080086123,58068.9849866978
"323",-0.182571846463163,-0.126095587085099,-0.0874086533436878,0.122133177111283,0.103802213991587,0.0801266385285815,0.0530591369216397,0.0102529025152167,0.450208641511233,-0.0373388994267626,0.0399589269032635,0.211254063144758,0.507008746470814,0.647970954251077,0.802729604329394,0.948927425077936,0.524832746308525,0.99584072086803,0.929551444934949,0.710746313643433,0.441407024017948,0.30338614271401,0.176120782502785,0.0488216572063347,-0.0683306160478519,-0.060852738112507,-0.0779428326855089,-0.0657674239101156,-0.034064842627315,-0.0210622869848185,-0.00772622349391169,-0.00204505801873355,0.228105929351764,0.184687588052533,0.159787287031822,0.126680352776014,0.0960477372633641,0.0686095802640687,0.0395900775426355,0.0164346501977408,58060.7675591581
"324",-0.17653408745076,-0.100371978601205,-0.0584370029466762,0.13162372340198,0.103377329965653,0.0743056861846406,0.0592105785900102,0.011593679243392,0.963324735785789,-0.129654318881602,0.045474833336372,0.139207767611001,0.503510481678662,0.653541341206023,0.804413159821721,0.951718734474495,0.0101711638557364,1.08114431321745,0.912914887876704,0.779470207673618,0.445177766103427,0.299060134076349,0.170958881028288,0.0456023851631759,-0.0686641694494023,-0.0778016309584078,-0.0705018387411272,-0.0481786580854811,-0.0329826635787675,-0.0199053977017422,-0.00670822764117581,-0.00230554402151898,0.221034618789082,0.185658984534464,0.158577386807694,0.127905707846959,0.0957774683665312,0.0694217082406518,0.0408088633965121,0.0167440718104211,58058.7911632956
"325",-0.186901853133063,-0.0975614589367673,-0.0333045973967141,0.100128494733785,0.0943882283540721,0.0871342267226813,0.0492625898821093,0.015335509751791,1.31746560509982,-0.0894277432128248,0.0181579446171155,0.203622737714924,0.512341728409362,0.652718199547832,0.809087287085483,0.9496384406622,-0.342301507098929,1.03734645805407,0.93241478941467,0.72360375969157,0.440480291480275,0.295754791853358,0.17106107334076,0.0461785606705947,-0.0525398941151213,-0.0632269438341978,-0.0675899343221556,-0.0528759060233637,-0.035641477772336,-0.0230298670455347,-0.00900853760298074,-0.00228292538335698,0.228070456022172,0.184126763077604,0.156608857808052,0.12793704024116,0.0957812110683016,0.0706770051407222,0.0399818778146021,0.0159510392057737,58062.7691719802
"326",-0.194390561198673,-0.0706343588157414,-0.0585665628647206,0.0921879057484803,0.105239366912281,0.070162577069213,0.0533732009907298,0.0125535879325564,-0.315246974890601,-0.193449988662614,0.0156837246521528,0.242779137026955,0.523432952914486,0.668116318014573,0.812791313926035,0.949061263345959,1.29192053851249,1.13730924229624,0.94100519223553,0.687668282515076,0.424049451193128,0.28501691967599,0.164967082007942,0.0480934615395212,-0.0527504054040438,-0.0723060042635698,-0.063250772535836,-0.0591849300559253,-0.0388225834371812,-0.0234110868128033,-0.0100495735615825,-0.00218140562879003,0.223239922491863,0.185185889658491,0.160044628914871,0.126711091440028,0.0946239816525912,0.06832634146845,0.0394223858884893,0.0163318209138685,58058.1440024271
"327",-0.157614523167201,-0.0960217155176909,-0.0655577770859084,0.103301978315975,0.0930684895757658,0.0628764999194383,0.0545763118632574,0.0129634736698107,0.539566617125184,0.0454505576452405,0.013340254796448,0.229056936523862,0.514408354795877,0.66123880232373,0.804455824745164,0.948158967104236,0.424839824227169,0.904257133846073,0.946785773951614,0.698509663976439,0.438994670602934,0.295605880054016,0.173008316418208,0.0490192955383986,-0.0441098145660991,-0.0687073498627191,-0.0666442555795759,-0.0607591744226551,-0.0427157730939056,-0.0217060469382344,-0.0066164339535039,-0.00273616980235526,0.227796790871367,0.183409784059309,0.156293429594092,0.125406010525711,0.0994227597638465,0.0681468269222688,0.0413392035811402,0.0162281324144241,58065.6552529148
"328",-0.149919909534712,-0.0955138118337867,-0.0562190658686112,0.120005934727938,0.0943075745019268,0.0727268590947687,0.0540318900394088,0.0136317405598129,0.359591380665895,-0.158376266712303,-0.0199799788455891,0.193907002623211,0.498809311456713,0.660833392678755,0.803004067687285,0.948547129942174,0.604562280572621,1.10831650913747,0.980403388647094,0.728928975298581,0.454696934625847,0.29254403825254,0.174791817410152,0.0479804236160599,-0.0458046525315473,-0.0627643865897919,-0.078011470063142,-0.0554856415386238,-0.0415126587026301,-0.0241231557922828,-0.00553463798418452,-0.00215510232454107,0.221324994344874,0.183122439121086,0.157556660665435,0.126698580834543,0.0956113414557511,0.0703819203141001,0.0404808628186991,0.0164623076372355,58065.8566813277
"329",-0.14027932653268,-0.0856520466952255,-0.0419321400332129,0.111951574122078,0.106710469871663,0.0722358291143299,0.0537721904799156,0.0147828936003143,0.0388342954521139,-0.0845310940617813,-0.0522404257131453,0.189855874827295,0.488848592812482,0.659224287782666,0.8076124111361,0.949901392180072,0.922230677867888,1.02864780850869,1.00566339548141,0.73587878164117,0.459223959443562,0.294450391896071,0.170173301955575,0.0461785677350109,-0.0486734962016962,-0.0613617265927033,-0.0657937037815589,-0.0620888019641222,-0.0344653486439412,-0.0231809804559149,-0.00937571622402123,-0.00210511058578111,0.227792060973373,0.184444027221734,0.157908164752114,0.126569666544726,0.0961381374555118,0.0696642645433923,0.0407426466016659,0.0165020414621237,58074.9827493425
"330",-0.177004086590807,-0.0937378352233397,-0.029540211334021,0.0661678961152623,0.0962558430410882,0.0740750361703645,0.0601485691318102,0.0140716063409524,0.906446120590249,-0.203422302565723,0.0284631755926165,0.248943888424913,0.500577154446601,0.65483688176504,0.802252665584914,0.948259744446924,0.0611855498328544,1.15199060940058,0.920755537208775,0.692518379199674,0.451945681482537,0.298257190156412,0.173102622806143,0.0480634927063855,-0.0389818771892793,-0.0645660639092366,-0.0673672522821965,-0.0625955482744169,-0.0354790478673641,-0.0243154682919617,-0.0079090435058631,-0.00128434949538405,0.227986080067176,0.187805726830373,0.157536955327886,0.127706019911269,0.0961843668055046,0.0691002198192118,0.0407426609717058,0.0167708417883299,58059.7430399481
"331",-0.154939830358414,-0.0912965586902025,-0.0661821552893918,0.109723702349059,0.105199842680053,0.0736074864530806,0.0513279916661824,0.0109987265018482,0.194036736728051,-0.187997810240395,0.0566820639677908,0.190693907018546,0.513260043763234,0.658067296942347,0.813402095366927,0.950659874454941,0.76873976235027,1.13268484075793,0.904211201205014,0.737264272466508,0.435330572818269,0.295918819716103,0.16550152809042,0.0468386682490555,-0.051742420737456,-0.0615667089605614,-0.0651479811145271,-0.0663699301867764,-0.0370502983122768,-0.0244472117920944,-0.00994903058287369,-0.00293814595416818,0.225176874464897,0.186120559061991,0.159891636205068,0.127459795765482,0.0958612110101194,0.0698019763652426,0.0410692355985999,0.0162786530802888,58066.7660388804
"332",-0.172911808117721,-0.0670530961904523,-0.0507708666022345,0.103563654981299,0.102542976064821,0.0695456380522872,0.0534497357194131,0.0145370189958643,1.22853550686651,-0.180081279046359,0.00387176044544259,0.189150586996387,0.495745637686573,0.659290699713136,0.806307970510437,0.9499883507048,-0.256785076261658,1.12056451092473,0.951131947198941,0.738052440919572,0.454398222992114,0.296594113763107,0.171043406878746,0.0460129689779634,-0.0550912455336647,-0.0707282882597697,-0.063729205023497,-0.0541154366361286,-0.0369548105047886,-0.025760918029848,-0.00651931925870106,-0.00193729473158819,0.228939380281378,0.18789998272106,0.157259926303493,0.127903552626748,0.0959002045779766,0.0686918431523613,0.0400892391544129,0.016345818787298,58075.3005086537
"333",-0.146634773944345,-0.0741280324429341,-0.069502374886775,0.133797304543477,0.112827005964617,0.0678857657963044,0.0488637426068272,0.015985005816096,-0.342189488314828,-0.112748222397619,-0.012022626499323,0.17719712427451,0.49546607267323,0.664304532332489,0.807549564504754,0.949354888373563,1.30427322519231,1.05680624479617,0.974830210699185,0.739007233307202,0.45043002625514,0.290363050307122,0.172570325620635,0.0462804829955464,-0.0583836733736709,-0.077283232528427,-0.0640722976027456,-0.0481734646932419,-0.0338861238622493,-0.0232194042952658,-0.0103510166789875,-0.00261611582482914,0.224705030266057,0.180317393611435,0.158423922033156,0.124761921533282,0.095742775785961,0.068377531014286,0.0399432684690974,0.016679317285831,58063.1545465896
"334",-0.138797573903503,-0.111846167334198,-0.0434339025041691,0.0910894857694624,0.0957692142617401,0.0739669650293494,0.0510236793743736,0.0159443176160268,0.201299245920652,-0.124825522087427,0.00329380917046331,0.26439093633274,0.492490531620767,0.66374972573197,0.807674579154368,0.947744369126931,0.752196059240591,1.07884649919292,0.951793038014668,0.66579843760974,0.460045593048904,0.289190196406144,0.17073603782475,0.0479412726802521,-0.0345414478145476,-0.0702981067522777,-0.0697499984446433,-0.0576244914829679,-0.0325397010199698,-0.023494787749223,-0.00592099296691041,-0.00273529274725909,0.224222703508543,0.188975919800941,0.158903730070446,0.126784640276763,0.0948170917924487,0.0685320804331341,0.040526427288792,0.016411040899359,58063.7918912701
"335",-0.142545507765352,-0.110828187474312,-0.0521979443275399,0.124273875306018,0.0973133735767598,0.0723225124488814,0.0554826694631986,0.0137740525161638,0.156173620190502,-0.0727992455202036,-0.0498794340855237,0.203457175813246,0.511297707654634,0.649102823909481,0.800567529239655,0.949463309959074,0.803480933926551,1.02401089393584,1.00632359577303,0.715408326947153,0.43890312728195,0.305546578753343,0.177600137211293,0.046564390375539,-0.0480549727633805,-0.0624456913636404,-0.0646713755143918,-0.0587338892015293,-0.0356315825573502,-0.0226183758954955,-0.0076444752608304,-0.00122548492255678,0.224218813422813,0.183864710658329,0.155560306829838,0.125902359544131,0.0988321841236715,0.0694037028736935,0.0401467868430604,0.0163504777488373,58067.8944707351
"336",-0.185963553104549,-0.0761593705658167,-0.0679401775875471,0.0832495312759968,0.1033828857812,0.0804234073570998,0.0575676815467858,0.0144295540078963,-0.376227065194539,-0.120415396129831,0.0140318261749758,0.206024157404191,0.5074521740798,0.658214800736587,0.805310562444423,0.945335139914216,1.35041176375073,1.06075054548422,0.949010216926752,0.727883698554277,0.442545518642638,0.293412191426516,0.171034454593921,0.0511407779018308,-0.0530348886724095,-0.0584919806985888,-0.0707003898693922,-0.0502693832713308,-0.0416944733773241,-0.0230567533907043,-0.00735722741073826,-0.00142907071621208,0.226168310235594,0.185836447275341,0.158704487174913,0.127773761425852,0.0967241751678695,0.0698015758499319,0.0409810207403719,0.0161868214179626,58066.4273894437
"337",-0.143075486791786,-0.0976080240532529,-0.0455307643129069,0.124465344241064,0.114266806658956,0.0643025271345355,0.0581248185923312,0.0136333915696435,-0.0438596613694943,-0.183286744937224,-0.0113067428934636,0.18646559611613,0.471523943859032,0.661414824692833,0.803183523860618,0.948665228873029,1.00060406106266,1.13582937131446,0.967578356590404,0.735805505532874,0.475010931258036,0.295566555601394,0.17356738572854,0.0480910435125342,-0.0395416143724078,-0.0771219231868219,-0.0685639062662629,-0.0635862197957113,-0.0323524806376474,-0.0241920166557377,-0.00726669825686184,-0.00243051093681109,0.229176435700794,0.181607046901274,0.159228288797257,0.128164049443251,0.0966293657007519,0.0707413026715125,0.0408121449277329,0.0166707854731074,58064.9582068081
"338",-0.179231458365667,-0.0948136327592506,-0.0503587551629312,0.0813075451572985,0.100129108056403,0.0728783304475705,0.0560500542800086,0.0139218705850128,0.684329504828381,-0.130772347241806,-0.0130682321960727,0.251826867382549,0.502743311671608,0.658193474615452,0.806282525342999,0.94687455707828,0.288010886165485,1.0775249570405,0.970516016342587,0.682044245351415,0.445966464967994,0.296096875656584,0.170904488317243,0.0499117123337142,-0.0583123824839937,-0.0540597589097185,-0.076507102405534,-0.0589526132685147,-0.0320287053816263,-0.0253356512143069,-0.00717577777535049,-0.00215820283346633,0.231140392076471,0.186627003503248,0.156499851487502,0.127522213839711,0.0985242384884513,0.0695987533917223,0.0405065619940429,0.0165173310267269,58067.5424860692
"339",-0.116425362247,-0.109888949533743,-0.0675579396960461,0.128965828154939,0.117301797524661,0.0748735898398397,0.0606058053823443,0.0131632461045645,-1.37943927170727,-0.152581109886679,0.0156934188095489,0.177580408420535,0.493449170664832,0.651559567089099,0.80274495719052,0.948647133323335,2.33029933573801,1.10584212594973,0.943476315593564,0.742539511070303,0.450943080840306,0.3021452453268,0.172257917325155,0.048021720506969,-0.0531989375079094,-0.0659012005962478,-0.0581736690127644,-0.0596311496850666,-0.0336680675050157,-0.0222187354347902,-0.00582942893384489,-0.00208178753077518,0.22839311014596,0.183511870831095,0.15911142199001,0.126479131745973,0.0976070666881096,0.0708140020934901,0.0405015020736616,0.0165651074121747,58065.0933274527
"340",-0.146008736549538,-0.0992566389851624,-0.0557610296167857,0.103035844464981,0.110799867170819,0.0772498989425301,0.0572846398288146,0.0151255732066916,0.58901123735494,-0.16396387512865,0.0434203370442585,0.235619736856946,0.505570869218979,0.650042405930072,0.804735981772525,0.948938883553868,0.368968745605044,1.11573991049378,0.912972356282978,0.690610606177122,0.441479604649763,0.303005070870093,0.171364331571385,0.0471226289789927,-0.0323320194912784,-0.0740224604249246,-0.0640400091046364,-0.0569101375948686,-0.0415619717944466,-0.0242540466523224,-0.00620771871602305,-0.00179568922201761,0.224748321716575,0.183627624849105,0.159542352614697,0.128663252941312,0.0958696519679661,0.0675177814897456,0.0398332719018069,0.016404877867491,58069.9403913911
"341",-0.145643864634834,-0.0945176863534742,-0.0891204324406465,0.101780766387162,0.105092945010549,0.0771369895495601,0.0504203385779876,0.0129802328607105,-0.131845095648773,-0.113780116872042,0.0345038752198604,0.221157575935453,0.512060385534574,0.655991949151132,0.806983323099823,0.949000996949028,1.0913984066331,1.06085531556829,0.934875088268441,0.705119932243718,0.438065343591695,0.295919281702936,0.172661188737686,0.0477971642255894,-0.0441161869485429,-0.0600583587420635,-0.0715660686420439,-0.0496259354702215,-0.0454576200428911,-0.0200673773939373,-0.00980214328817799,-0.00212618707433697,0.226635813017295,0.189430229573087,0.156378603650119,0.126624938371409,0.0968636597908288,0.0673197038399749,0.0395995802133271,0.0163571401759335,58067.7670060285
"342",-0.190367425739115,-0.084638423000803,-0.0499866806898018,0.0918784217923743,0.110637883031972,0.0870309010870981,0.0546331370922525,0.0119356510713789,-0.0105832351405444,-0.176323145042523,-0.013783118758221,0.245451385299497,0.495317743078168,0.638747373598633,0.808124763042471,0.94871771976923,0.988543681360536,1.1223278566866,0.966005329808725,0.683159965419701,0.453149002236944,0.309577091516476,0.169309911948931,0.0488900170745659,-0.0505875752511499,-0.0648627014105288,-0.054304934850331,-0.0549273701350868,-0.0379036829270231,-0.0213293467761247,-0.00800600514865639,-0.00226079670667162,0.227005442329556,0.182996318036491,0.158519750022165,0.127820023307776,0.0963884994846288,0.0696775258060905,0.0402074978215878,0.0162341707396627,58061.8219133692
"343",-0.155021636897486,-0.103464699674454,-0.0511244801247428,0.092940382341902,0.0950776025081029,0.060293859688919,0.054432403815478,0.0136658982792084,0.460648072772937,-0.172617660510526,0.0327795377805075,0.215989131551684,0.496799310316676,0.648729127412011,0.802625820269459,0.950940323852809,0.501176206358951,1.12460291162549,0.925611876604686,0.71428335647039,0.455899689072617,0.309526717210307,0.174584914483603,0.0456968263542121,-0.0494702980347855,-0.0694410247625907,-0.0756641115814532,-0.0542233598327925,-0.0342912044407742,-0.0197423134614693,-0.005919086288005,-0.00270378472740557,0.226207632884293,0.185738992108239,0.155639651177286,0.125985445665056,0.0977211878174966,0.0692872206524493,0.0410689083684186,0.0166755620530888,58065.5312018165
"344",-0.168684718695524,-0.0743810728649551,-0.0460582668156593,0.10578522210724,0.108163626795617,0.0683203973284996,0.0536851086561454,0.0165184647234527,1.40618999208837,-0.119293293020641,-0.0407178226411496,0.194644329981676,0.517454799516076,0.66511522301494,0.804557781701321,0.947354843985379,-0.443695525696651,1.06108881339081,0.993088430591371,0.732530820153827,0.429664727213557,0.290373407103298,0.17291278533058,0.0483603696115551,-0.0420165161938335,-0.066534789999751,-0.0524803878097225,-0.0527387461321101,-0.039558230495238,-0.0235953040606287,-0.00736935618582071,-0.00289090802347157,0.228898564612203,0.187859851879217,0.159287928141758,0.127576338773241,0.0976809455231293,0.0698375293246067,0.0402651062641453,0.0162474110416358,58060.9619050815
"345",-0.123955417978592,-0.101428413442145,-0.0748380838505315,0.100476998134585,0.0821566575416719,0.072319446084128,0.0467016402978115,0.0131908388667734,0.707838360340434,-0.0931804301815961,0.0204017145507502,0.212783775051562,0.526836731259131,0.642003751263251,0.810434178633468,0.950126059073921,0.247478091202814,1.0431971284029,0.942480836282712,0.714206521638525,0.428306696468708,0.312853094965443,0.170977146061213,0.0465076688757962,-0.0574223392346793,-0.0609788918218015,-0.0709079265726087,-0.0549891830710712,-0.0351437577126992,-0.018612570693949,-0.00975338996723274,-0.00186748218135088,0.229219084458818,0.18596293361677,0.155784671146209,0.123547363799196,0.094693484119608,0.0686245157508858,0.04025824841668,0.0163006923400123,58058.0528915475
"346",-0.152711394752143,-0.105583264155526,-0.0481674864624131,0.103731582660374,0.115651823985414,0.0638520878451038,0.0495870576727539,0.0136118315303301,0.282419880618424,-0.0958275025917214,-0.0523863229597499,0.213652908016216,0.473646318607978,0.66747820819867,0.806790999416476,0.947395614405679,0.678784515744259,1.04678541227731,1.00716801393504,0.712992506709807,0.471683978508308,0.290165618100073,0.17310883575733,0.0491664410329639,-0.0513302475288269,-0.0656473423730306,-0.0626671323025261,-0.0575455119369391,-0.0321028508167391,-0.0245471762510352,-0.00938371866252876,-0.000976825891492283,0.22944435010875,0.186194338605748,0.157753112898321,0.126839681109293,0.0980304824133131,0.0685205732457337,0.0401674712058442,0.0161500966157895,58070.9125793416
"347",-0.157004371391746,-0.082300087877987,-0.0376984393581584,0.105711898680467,0.108106976532918,0.0735233709291697,0.0528450391377107,0.0140653685624268,1.21293993682627,-0.14742446486907,-0.0545653786200712,0.229872716921087,0.500797447548703,0.656525272965299,0.804011139009411,0.946731658631364,-0.251224782658144,1.09137925588636,1.00785452280226,0.696576884015128,0.444464381948484,0.296880553717596,0.173964642918726,0.0498278735748079,-0.0465026783891009,-0.061628352018413,-0.0680072134618125,-0.0632437359427874,-0.0314170870927592,-0.0188068148335722,-0.00540224159901398,-0.00128239233883362,0.222254668593113,0.187552487347305,0.162229476479012,0.126812805363188,0.0960370917568886,0.0686779998932636,0.039940060441092,0.0163567091620878,58066.0784783428
"348",-0.189050517189476,-0.0687798570970115,-0.0593671964045392,0.113540372699002,0.0972067123929673,0.0690508433781065,0.0576851908107255,0.0123964564281533,1.13714185920606,-0.147876318785575,0.0151623977510888,0.216922174099748,0.511184257523395,0.659943487389716,0.800884333005522,0.950155535427976,-0.163393604309973,1.08600783466582,0.943147243639096,0.708004443801224,0.438893788536857,0.294650009862232,0.175890052956815,0.0469964270591058,-0.0410581904059318,-0.0683574318368542,-0.0570044657211907,-0.0544736847546736,-0.0302100900472709,-0.0214477298511255,-0.00820191432704958,-0.0023736001167789,0.22650222679495,0.184237186123283,0.159016673239486,0.126262399545275,0.097734878107485,0.0681465941373549,0.0402723091066919,0.0164021174858848,58067.6541945537
"349",-0.19840897619316,-0.0958531295104708,-0.0704206049150217,0.112193424294314,0.108242577280011,0.0776828195363653,0.0589960953709552,0.0125119641375301,1.69899183743689,-0.106984657679552,0.0471891144143582,0.183604835888489,0.500420770341784,0.651059623513506,0.805083923937462,0.948431507857965,-0.720732953140908,1.05716331573691,0.912326280265474,0.740319305825284,0.444530543617594,0.301969211956323,0.171190580520808,0.0486342998877573,-0.0501621921564666,-0.0698114519997749,-0.0586781102975515,-0.0542024827355923,-0.0301502386231617,-0.0232934210644628,-0.00812781085870754,-0.00175524756760374,0.225682932918641,0.183627558146061,0.157772213309463,0.128180014952325,0.0976431150453014,0.0698107519454689,0.04031998453736,0.0160259438086232,58066.5612748724
"350",-0.166421998296201,-0.0928812011832245,-0.061649208740742,0.122203478615683,0.10166030427292,0.0654128872486538,0.0527942288541252,0.0118727812993897,1.41673487387284,-0.0984176220123333,-0.0225333118537896,0.202171600641214,0.508089911870808,0.661825702912214,0.809453683368222,0.949614822803061,-0.449094808089872,1.04731054193509,0.98328282485337,0.719029410284245,0.440426741785346,0.293478055290193,0.168971502748462,0.0475552276165204,-0.0531694074606225,-0.0706891801283761,-0.0748681083299354,-0.0590152438139252,-0.0373944826254471,-0.0211524315811717,-0.00774733180030523,-0.00188810477346135,0.223809062046462,0.190561050652314,0.159338384361288,0.124563108755424,0.0969976657648331,0.0685812302027829,0.040510351528754,0.0163983067291038,58069.9953345328
"351",-0.167151927331223,-0.109798092602994,-0.0576324150759051,0.108813447539166,0.0909535436525378,0.0668462983033094,0.051358364746688,0.0136246231281205,0.297767473781845,-0.158315706748478,0.0955674763903141,0.219882309051726,0.506257851728153,0.665645445541385,0.798401412263058,0.950527813352109,0.669021017483705,1.11165981045692,0.859494788910083,0.706646108440527,0.447553210876669,0.290193468053983,0.180561903377037,0.0461026486353744,-0.0444126819885169,-0.066783431023397,-0.0599118419121827,-0.0629786197237685,-0.0361534237927267,-0.0244219606391872,-0.00592729511875171,-0.00209696769761847,0.221878254487417,0.187121571210285,0.157629895339372,0.127221097023273,0.0962639817729031,0.0681670960109801,0.0398795804991265,0.0164842803124945,58065.2050397594
"352",-0.182424807374136,-0.0874694222894553,-0.0613870143000659,0.114114185270801,0.106366138236716,0.0735228337409365,0.05698909614503,0.0119313605628328,1.32523510018773,-0.136567777392317,0.0216442209005433,0.199727841939813,0.489993830208541,0.651342576550874,0.800178754149527,0.95024652708583,-0.354395628152659,1.08369425290978,0.938433393306251,0.722128176441286,0.459935675361448,0.301219428912881,0.177879926987324,0.0466906780305057,-0.0410309454629419,-0.0704480096402087,-0.0688980177347565,-0.0536300049753175,-0.0382508152377999,-0.018517029813016,-0.0086139478148094,-0.00158021367268152,0.225526271418582,0.186428137490846,0.159841272927675,0.124197355417719,0.0951173943221633,0.0693687406075102,0.03988953558404,0.0162910262863854,58070.1053621568
"353",-0.154942685152581,-0.120658864794771,-0.0610006875581694,0.100440541780918,0.107370599523745,0.0726531480190253,0.0500877155931176,0.0122742762400103,1.16842934218702,-0.113428470864793,0.0763119392629915,0.199782808757146,0.499033707945822,0.662674241971863,0.809047552741317,0.947173730840928,-0.205632190145418,1.07034596176727,0.882983048268134,0.730853425065924,0.449804477276372,0.291545098244819,0.17128031257444,0.0502442210360679,-0.0428359193719032,-0.0652036597982963,-0.0665103366645406,-0.0650885652187034,-0.0363756082588034,-0.026187628309599,-0.011581625787796,-0.0017912413899298,0.228328169618086,0.185820590352703,0.156249225435817,0.12530807623766,0.0978772519173757,0.0691103210975208,0.0401527782646557,0.0163073507991073,58066.2988485066
"354",-0.169871141785601,-0.0871958741896162,-0.0997247259069586,0.104606020431766,0.100700270263426,0.0743124515816902,0.0493685255266007,0.0132421261513872,0.515838762106126,-0.0678744359277495,0.022112157386747,0.200200742070732,0.512726214070151,0.658735614103846,0.81027211633689,0.948745841141917,0.451299017055455,1.01308145944558,0.950309942384063,0.728705826049246,0.437416029573159,0.29461672834167,0.169145983091612,0.0477734252788934,-0.0459148679369585,-0.0672546505688499,-0.0780886364423325,-0.0619921519056279,-0.0406439082716588,-0.0268160275339386,-0.00796093255134888,-0.000941747823243314,0.227159561166392,0.181596999373921,0.159696879998302,0.125738503946572,0.0965739257967458,0.0674631886374904,0.0403664111534727,0.0162963979450779,58062.7760848986
"355",-0.162249919295179,-0.0886615786489194,-0.0548409792296636,0.0936895419181565,0.0979184910854216,0.0836998420090618,0.0569397917586643,0.0141591989349413,1.34491000485446,-0.162110886205179,0.0146817574771326,0.214333295942822,0.496184341922724,0.653405961538126,0.805390853707926,0.947370872184658,-0.380416695870656,1.11048324971034,0.944178808541406,0.717470078649435,0.455802148744368,0.297690433101585,0.171312686614479,0.0493447576749966,-0.0406437149109808,-0.0788195520038855,-0.0713414658594123,-0.0607865672878813,-0.0419032116927824,-0.0258708753208595,-0.00556385775640135,-0.00251054416889871,0.227664350942602,0.186334639312503,0.157178040715942,0.125936285992198,0.096202404665222,0.067960346909328,0.039941178491839,0.0165006361939256,58066.7354013361
"356",-0.135540642189665,-0.0868174491974022,-0.0665470629591519,0.128780439270367,0.101779624174992,0.0757746091003506,0.0522398678052348,0.0147101754580015,-0.0336779039551771,-0.222878801423189,0.0218176645833888,0.159902233157727,0.506465606968379,0.660322140105687,0.806736121712785,0.948134842783084,0.987390816711022,1.16754250262546,0.942298621476582,0.760694918191077,0.441614379137188,0.293516592008996,0.171183725239107,0.0477113725929308,-0.0385642187138209,-0.0717434075938816,-0.0736106422681859,-0.0570633109189345,-0.031897839279788,-0.0253243957154776,-0.00726070119007634,-0.00103479418803622,0.222390799791689,0.180884541182282,0.159435623470134,0.126522647691427,0.0963590324609443,0.0690837372328107,0.0399730491519325,0.0161807136679747,58061.9154402206
"357",-0.165921440665835,-0.079519875006645,-0.0517070029026714,0.0979224276649206,0.103093779912313,0.0616949207622568,0.0491146113418116,0.0138836866525001,0.269187105351598,-0.10045347542206,0.0340888204997088,0.200872240420176,0.501761388824586,0.664993217719671,0.809086022547683,0.947005657023621,0.700766539659027,1.04255562354322,0.919359525693189,0.728176223897249,0.445646421273781,0.293018220707892,0.170396474901526,0.0496646673879818,-0.0569763289587353,-0.0640723334976158,-0.0545773178253714,-0.0539570314519091,-0.0340406182721089,-0.0253953035539473,-0.00798889556779443,-0.00163675121369709,0.22551007811371,0.185439264038873,0.159857331204999,0.130451464030074,0.0963385788753562,0.0688114471375915,0.0402903842054484,0.0162461425647637,58067.1814341038
"358",-0.183258614069224,-0.114475015861043,-0.0448336306386261,0.118495491855133,0.101786438976148,0.065659467833479,0.0528003528883743,0.0124373518246563,-0.759525514910141,-0.0848552983180405,-0.0237929902249188,0.222924341688183,0.501414727056628,0.662644167162045,0.808342055444428,0.949676186256032,1.73277972211636,1.04112668750536,0.975765077025254,0.696429065149642,0.449526196788742,0.292752346617977,0.169608755817035,0.0474579485439823,-0.0499217925861434,-0.072756069333008,-0.0602972162530602,-0.0514950683805821,-0.0422383483095409,-0.0179993743276891,-0.00767869995071484,-0.00232677030971144,0.227777252713991,0.18266483453435,0.155817961980262,0.126001029963957,0.0947528476032663,0.0688624874807972,0.0411763922948838,0.016305411313377,58066.642514268
"359",-0.157155007919524,-0.103128399660002,-0.0751957345235071,0.13136638882587,0.107215671770334,0.07835923685454,0.0569544730046168,0.0130768642101536,-1.61574742580941,-0.129614246214246,0.0128503688773355,0.179228497202952,0.492599939404208,0.666891404498159,0.801682234106048,0.947987146655273,2.5765972424562,1.08251378412754,0.952846442375561,0.740880579197434,0.455730879941621,0.284441583331209,0.176128652344046,0.0490100263094839,-0.0423764831262503,-0.0724678657300641,-0.0753516907907841,-0.0619510159611409,-0.0341401240539125,-0.0198313887974889,-0.0107921881686188,-0.00186911451497133,0.225819122863723,0.186258421126883,0.154292670867049,0.128708884528924,0.0971227083023648,0.0685290975936721,0.0404361129550645,0.0162220079885158,58059.4921056364
"360",-0.141601298782779,-0.088925452711284,-0.0682234286460928,0.119450186782563,0.0981799470945393,0.0695995755429553,0.0534676848275001,0.0136500221326168,1.22377121906803,-0.111009973113666,0.0706587735161377,0.202046553501556,0.481733654635273,0.66583137356912,0.808650070254962,0.950291999894376,-0.265147036165547,1.05726620435342,0.890012801371737,0.720191279295047,0.471643213541062,0.289450645967082,0.168320460894405,0.0462114893847563,-0.0387744619006272,-0.0692858594285078,-0.0617865314844188,-0.0617494456311546,-0.0359220279265447,-0.0265915601761434,-0.00537066460218615,-0.00308134276009906,0.227538269052811,0.185587157112791,0.156970174727767,0.128497499525325,0.097557472906553,0.070130629065538,0.0396836112817751,0.0162418910228007,58064.4019843908
"361",-0.1767877024065,-0.0749557075861732,-0.0819620821685216,0.106491639593962,0.115694185287185,0.0745936617935889,0.0528611625545731,0.0137538216686469,-0.313372224404315,0.0069053081503193,0.0348843970058332,0.196655207647399,0.481523601899108,0.655164344509387,0.812741546021886,0.950211961607542,1.28575161652265,0.936274483032476,0.931595778791313,0.730574384299254,0.464258790026057,0.298030345010363,0.16491150807421,0.0461385891895217,-0.0464025204174204,-0.0728086878022827,-0.0656610987405745,-0.0599468354183655,-0.0350084910467011,-0.0202888143237884,-0.00829114752517725,-0.0017134740863454,0.232411086624187,0.189013054770405,0.156700028829715,0.127218112327824,0.0957787573779252,0.0685133927219173,0.0400230633288904,0.0161511376325989,58065.8751373087
"362",-0.158966200507179,-0.106120873035524,-0.0557228999923746,0.110156218714616,0.110620222679738,0.0667610665070551,0.0523237022345042,0.0131525765988965,-0.113463352756864,-0.12286912483218,0.0115745200903979,0.212322962322024,0.488165693016142,0.655740785390852,0.808215487267714,0.948310267482753,1.07881498559315,1.07557999262098,0.948708926411137,0.711488162876787,0.46013652066729,0.300106062240367,0.170236066533822,0.0483334087345404,-0.0510011853332227,-0.0692479824601921,-0.0743824921605424,-0.057108146965501,-0.0387928100691299,-0.0199091226921396,-0.01023956761422,-0.0011147256730423,0.224539387358498,0.179002445606796,0.15744031272298,0.127200311752808,0.097854343638783,0.0689497106856791,0.0395554503810418,0.0164133580216737,58069.5772274982
"363",-0.12655790651032,-0.0747550778294278,-0.044636759572059,0.0943315562754493,0.101248410455315,0.0672006744791166,0.0555571943790792,0.014020635357242,1.16121108913134,-0.135865964552074,0.0378041412656368,0.236326748624459,0.501302523153623,0.658547198776815,0.805197573484755,0.947839106698366,-0.208989798231856,1.07907187939739,0.916059708823128,0.693928977493005,0.449260390410992,0.298697529763225,0.171991362188188,0.0486384575637974,-0.0454139749852879,-0.0736930040263045,-0.0734270489804692,-0.0650659488331143,-0.0358851343425545,-0.0234841586513768,-0.00769036168658463,-0.00191639806853084,0.22796818220644,0.185133896505372,0.160266238945127,0.129640632570724,0.0972176866954406,0.0701992875864982,0.039451129665588,0.0166024777516052,58066.2222403208
"364",-0.13804150930299,-0.105213142564275,-0.085566416489188,0.084049143544933,0.0934437998125765,0.0664656029951905,0.0573855613289946,0.0135182579909334,-0.460046947447498,-0.104577253895387,-0.0136667629140882,0.249748229790805,0.506807442260264,0.662561587535189,0.799850051497506,0.94952022029919,1.41972282905184,1.05935374431558,0.982005774015132,0.682111884231448,0.446869029201913,0.293728117858198,0.178010664602523,0.0469896780030367,-0.0537579810118969,-0.078450439353446,-0.0669230580969015,-0.0580357470904617,-0.0406973785485638,-0.025062046215241,-0.0091882705693042,-0.00227506785487287,0.226242446843868,0.188006829789863,0.159242215222436,0.125617511046663,0.0967856851002238,0.0684556164581599,0.0412024735937254,0.0165594828060053,58066.7804578272
"365",-0.190978304879579,-0.104237126172977,-0.0609745939675627,0.13421376851802,0.10323369510339,0.0723289799190437,0.0500566567299458,0.0151785463344173,0.563555949896479,-0.168967590230553,-0.0171721483081511,0.155942050418562,0.488540569190397,0.649687270481571,0.804846263753356,0.946022151685287,0.413042402842281,1.12049382195637,0.97640907134265,0.763397945786311,0.460676888661622,0.305713389740389,0.174907488251978,0.0502695431307054,-0.0486071488988159,-0.0707787057144315,-0.0633178899111009,-0.0589968742141444,-0.0351960179496001,-0.0251032078195954,-0.00754297646694998,-0.00136857052002575,0.223002964113464,0.186822705485161,0.153683936020972,0.12834490217027,0.0961075888624731,0.0692818578028511,0.0404210626415262,0.0163592832317227,58065.4852454143
"366",-0.164394302793242,-0.0849158873146762,-0.0739521087327757,0.116424908698516,0.114733075984069,0.069452838690419,0.0511458361660421,0.0159637949430061,0.876103064017631,-0.177954843863713,0.0283381343873346,0.204264073617104,0.489974874910679,0.663378120291723,0.806434279039297,0.946817459494674,0.0945879551202851,1.12594463691578,0.933488982445132,0.717672523880789,0.454313264559977,0.292342700404489,0.172399344889605,0.0492251215629295,-0.0617831096275994,-0.0725161333739095,-0.0630940103282223,-0.0504952439177413,-0.0331084526983478,-0.0269797077438829,-0.00848022463787344,-0.00304552586279904,0.227039074600821,0.18610086118097,0.160264728834602,0.127437593092729,0.0968141084685224,0.0690429843046211,0.0402511565200235,0.016340512382615,58068.6367302185
"367",-0.154366670048865,-0.0660417738485479,-0.0508281325335251,0.117103220117739,0.109315435935864,0.0705541243153041,0.0564484293940055,0.0138536270982404,0.177236815969506,-0.199867138801216,-0.0363974314865419,0.218760271937654,0.497978483742634,0.647985084132548,0.803010974744999,0.951862086022947,0.784365996659611,1.13840294429773,0.992533764084592,0.701981104444164,0.449173847816186,0.306415088946516,0.175057262884675,0.0444873710612806,-0.0339623442406568,-0.0745510488881941,-0.0693565515832948,-0.0525475689106608,-0.034401499160876,-0.0217613774615027,-0.00853179073038273,-0.00284848315450521,0.229568061575809,0.188795136244331,0.157466613841729,0.126497172658744,0.0968104156843273,0.0690735567095077,0.0398201133932031,0.0161678168849806,58066.2357943355
"368",-0.13985810819125,-0.0513997917921284,-0.0681026703397727,0.102870489831453,0.0990736647525711,0.0713131680130192,0.0576246298378347,0.0127502520546373,0.300877090919217,-0.108712956284516,-0.0124961213006923,0.230916538742756,0.512357847751432,0.657926092425726,0.80238775175779,0.949835640884304,0.656662438773628,1.04080483077462,0.973618906300261,0.695948998402578,0.438365975823659,0.29593737107954,0.174010176824475,0.0467302259270775,-0.035269463930899,-0.0653164412479278,-0.0610860390095579,-0.0553531910674591,-0.040283117294611,-0.0219121060102156,-0.00733782923981494,-0.00170854243203829,0.230392782386074,0.187382047920153,0.158255579873709,0.12655724425049,0.0958822009838667,0.068060824420743,0.0401642876887204,0.0162573780113331,58070.7043934146
"369",-0.159699890049096,-0.071391811670527,-0.0647644984533661,0.10246861184603,0.0918964652864325,0.0763336122823405,0.0499747178382096,0.0114872353361003,-0.272500424125396,-0.0863157229685308,-0.0252711127496876,0.214755652073644,0.503275211516341,0.643820230542593,0.809027576072215,0.95201881985285,1.23575179639119,1.02652146994731,0.986726640414861,0.712447344364283,0.451014524837666,0.309324099454624,0.169635112067953,0.0451884558482588,-0.0400200511537556,-0.066792694181477,-0.0735885379025762,-0.0536919248201672,-0.0370227520560248,-0.0216136044041844,-0.00688684146884606,-0.00181429142911765,0.227712882652423,0.185510243709111,0.154621840256663,0.126100919607831,0.0961888020170626,0.0682238159714374,0.040115445879136,0.016320714588079,58070.805590625
"370",-0.135348291740401,-0.0889538685969262,-0.0640271032534718,0.123804942320221,0.0847121414691197,0.0670269313612447,0.0507262911744438,0.015174588064433,0.319361867115548,-0.184842738001195,0.00478370228108128,0.205343694672029,0.514701925101821,0.666721389766024,0.807633113263826,0.947686218153048,0.640216502661791,1.12939914645276,0.954603654786844,0.7158388667088,0.440924556688119,0.289773998563676,0.170939457827839,0.0484512634143403,-0.0608144090806376,-0.0694444928042746,-0.0589546010715763,-0.0604043540621058,-0.0377803267763117,-0.0267059431877582,-0.00806398488428392,-0.0022508320130083,0.222471168248448,0.185225168959679,0.159473457423879,0.127878519190887,0.0973091705322502,0.0700900254209204,0.0409406482458606,0.0166735910311832,58065.9436369677
"371",-0.144307877692371,-0.0493280378746609,-0.046248619955064,0.0956905564829077,0.104930460195264,0.0781092183105531,0.0538046608329361,0.0127051605754208,1.13315721393319,-0.148504387344178,-0.0553075942072089,0.211906921112881,0.492998899795819,0.6555418670623,0.804027670415885,0.949780487666989,-0.172322184151397,1.0808361633981,1.01157088306389,0.718715160527876,0.456676643667982,0.295699640711911,0.174076798311156,0.0471247045374052,-0.04443520701274,-0.0687691753830948,-0.0651555022922082,-0.0602737417721206,-0.0361311843784464,-0.0218336265454096,-0.00575649112540468,-0.00205830674260791,0.225153738854823,0.185320800227506,0.155876296487679,0.128022902303096,0.0951925311566487,0.0682394831860373,0.0403219648825624,0.0162481376106183,58070.6683906673
"372",-0.158695385708518,-0.0853798657946342,-0.0354434872930462,0.121218617622474,0.106146554005314,0.0711328802556104,0.0559365704983842,0.0132814872669069,0.996716559201391,-0.114949877983246,-0.0047023126757237,0.213501594768275,0.503519504254844,0.657655896552818,0.810237215772291,0.947746222566521,-0.0344305147092019,1.06219106720613,0.95528404836627,0.708340051839279,0.444502954336167,0.298018126917448,0.16675232621146,0.0491931592972586,-0.0436060741822502,-0.0728447458768141,-0.0645470202428583,-0.0590149021323229,-0.0381080051538,-0.0254907012866427,-0.0100018345994463,-0.00197625771258356,0.225627719775585,0.184263024991047,0.159618242206902,0.128275027240363,0.095613742496991,0.0685817337100129,0.0405490404835025,0.0162549745116537,58074.1571530599
"373",-0.141167270365617,-0.0798142364246075,-0.0464400179971841,0.109474723817047,0.109632931928699,0.0742847278945356,0.0544562921811956,0.012015864233023,0.0392352200069887,-0.104006006426802,-0.0462845823542065,0.207131798812745,0.492593927312208,0.650634700082878,0.806074829443642,0.947722781454065,0.917714003666588,1.04609641149209,1.00170331816346,0.71857624775734,0.454571579934241,0.303337943977927,0.172139570228165,0.0495469958364087,-0.0399390232475086,-0.0644252593440383,-0.0710402820695713,-0.0611268943341917,-0.0322509187194476,-0.0222070729344711,-0.0116285451920668,-0.00153918123259206,0.226812870662002,0.186716979228536,0.159796159418555,0.126539813785676,0.0957167704631571,0.0686318730726811,0.0402524231742475,0.0164104965086999,58074.4731813617
"374",-0.173129476995336,-0.0899654652159091,-0.0589904171239722,0.111529953638853,0.0953953626405871,0.0620984528942297,0.0508421658668085,0.0133608464010926,0.396990586112737,-0.109114074615872,0.03100000343754,0.185062764353842,0.502748236781318,0.66438459409033,0.807567094151076,0.948606561338842,0.573482155146201,1.05638698105294,0.926943586564488,0.73975747133638,0.451095294530437,0.293981526370944,0.172028454667228,0.0482675410721622,-0.0558489702057221,-0.0699814430233375,-0.0653527045288972,-0.0567843258977248,-0.0344859154444423,-0.0256235472580278,-0.00806324554656954,-0.00275444988886037,0.229300296122283,0.185572424369279,0.156531026869589,0.125371891278207,0.0969510813949514,0.0682374570812699,0.0407810275621341,0.0163119118069642,58070.1408187106
"375",-0.182724674591263,-0.0811665874324851,-0.0588913688169806,0.0890614936538503,0.115844318492583,0.0656912010593386,0.0557667826322561,0.0129142409768842,0.554722308847689,-0.182203834226671,-0.0466064684761034,0.239639687367282,0.503177423572136,0.657157963547366,0.803412163617746,0.948244918683585,0.418171714345573,1.12662918107147,1.00472554274554,0.692186961130982,0.441427490467726,0.299584253527855,0.174090288625084,0.0489003429586938,-0.0467602697397401,-0.0680448290182316,-0.0632640871185786,-0.0612797578518859,-0.0362796130643749,-0.0233715093062275,-0.00905749666753517,-0.00251325320250362,0.230522196818131,0.184901916100807,0.155470344624974,0.124577822874089,0.0983198312616893,0.0693055495687996,0.0399521943416089,0.0162236560128465,58072.4235909831
"376",-0.16058390842141,-0.110615706369846,-0.0928193318728119,0.0990664593150364,0.11370827757602,0.0629933064902652,0.0490370354487528,0.0108761142480117,1.41510739628587,-0.132031592212435,0.0193791170146833,0.213309066906221,0.485791111440338,0.650601964095879,0.805848156369151,0.950619336447045,-0.450285625029822,1.08583099037299,0.950837183480652,0.718752683179937,0.458535123835428,0.306754902370951,0.173985106905338,0.0469068995319442,-0.0376606075051837,-0.0627435725134079,-0.0663334760351652,-0.0710220928516687,-0.0275757264976555,-0.0206067483349951,-0.00945112045805742,-0.0018167084358602,0.226584538468178,0.183375407328098,0.157243807916009,0.128470632451061,0.100700380469076,0.0687305619514247,0.0403340127519841,0.0163055924490467,58054.0072471501
"377",-0.158388159447607,-0.110122527636586,-0.0439924567386075,0.113216119618385,0.102194667027455,0.0689263940925198,0.0536004725155224,0.0168423517365367,1.01548314392088,-0.123514024232563,0.0381196023927477,0.203007495097293,0.505059474739833,0.657456586637567,0.807219239446258,0.947969909794531,-0.0502418276689549,1.07813318979936,0.917131919420731,0.721639757506982,0.445216221324326,0.297134964841127,0.170495822620719,0.0473971536138529,-0.0450063139708252,-0.0674577504184409,-0.0771240205863003,-0.0619240140110415,-0.0381969093861291,-0.019276572742361,-0.00777819005896764,-0.00192706062813443,0.21996510434898,0.186502700733801,0.154426240013379,0.126828354697677,0.095670592898165,0.069819155042307,0.0399795492654812,0.0166939810779162,58067.5812255888
"378",-0.189629720633879,-0.0773437009402224,-0.0579756398452661,0.105391472866919,0.105045878526416,0.0708042987152175,0.052291892322846,0.0135201849947225,0.578771083109076,-0.110193899570787,-0.0246669331332336,0.24218064253513,0.500049171570803,0.658023486531318,0.804119082316676,0.947170738147583,0.394916142438213,1.0529100147601,0.982141387676821,0.682336991111832,0.448762289312584,0.296463800415766,0.174414586164815,0.0495025898901015,-0.0403502447328248,-0.069540374225947,-0.0623833241162937,-0.056198410344737,-0.0363230944612448,-0.0246090539549098,-0.00661942632636864,-0.00167217507607653,0.225319746570172,0.18572706302442,0.156552603598093,0.125623745850075,0.0953953837856384,0.0693141427056547,0.039823244857224,0.0164335004898227,58077.5366894525
"379",-0.167023659075608,-0.083940719383041,-0.0581130119727985,0.10750461533991,0.111238676484507,0.0715031862075375,0.047052616400483,0.0140257768877791,0.420008414742823,-0.202875586794612,0.035847742604879,0.189668769219702,0.488498584784709,0.643731582884042,0.812234747364599,0.946940335230109,0.54725957286596,1.14881022011648,0.921741095748217,0.736080686269412,0.458020864642264,0.311303635744846,0.167603465030401,0.0495631810130044,-0.0394031690065493,-0.072144119443721,-0.0699993523279777,-0.0541103885577092,-0.0318684828349291,-0.0198355976710297,-0.00676474185605566,-0.00126711749038722,0.221961276677406,0.184906571198337,0.159868492356231,0.124888038587063,0.094279115403744,0.0694139886291143,0.0407893741183256,0.016621405875577,58066.0843717196
"380",-0.190865793201893,-0.115380108975467,-0.0801356644711088,0.107057306957183,0.118369618467178,0.0727282010951113,0.04387220618333,0.0110392744309816,0.485112523856933,-0.100517470982002,0.00682056425020256,0.215921304598789,0.482152725727436,0.655611864610093,0.811375020855842,0.949641276192526,0.493111549485779,1.05865742739411,0.95666593279508,0.708938425157632,0.464490133735877,0.29769370210811,0.169933199683752,0.0479913420088002,-0.0585695812307045,-0.0743043387898728,-0.0536814734657806,-0.0526280187319096,-0.0411587159143908,-0.023582714321665,-0.00847866562384309,-0.00224088534844481,0.229719081653232,0.185965939620946,0.160416879758374,0.127741184566581,0.0957552535023493,0.0699907755989358,0.0402768769123769,0.0164930175023216,58061.3630220376
"381",-0.173861540363453,-0.0799435858341278,-0.0377243817090954,0.0950712182613797,0.103558393432571,0.0741059279809139,0.0540503721113467,0.01282970600625,-0.312385534338736,-0.203647485972467,-0.0148674309959468,0.209092286362697,0.506301401910854,0.651318573151295,0.799782739447423,0.950709163969071,1.28208784317756,1.14721244661638,0.96746174638068,0.721428063054493,0.44404615855119,0.302585627366038,0.178954715242849,0.0461443285898245,-0.0492378675129659,-0.064697389706827,-0.0724646951111598,-0.0547432710567156,-0.0417607838541479,-0.0229264445399128,-0.00834637461239921,-0.00245471080290665,0.225807819631743,0.181853416436206,0.159963965074432,0.126179249481836,0.0965446149432764,0.0706561840567241,0.0409849858370211,0.0164157733196372,58070.7432628609
"382",-0.141588246868819,-0.118284484585031,-0.069195434657571,0.116003090273091,0.103375199556437,0.0757643261357445,0.0601401780209766,0.0130639852337598,-0.579458051512707,-0.0963187022387936,0.0399513202386103,0.211938981782501,0.492747705913442,0.653577363282835,0.802398204078394,0.94627401199523,1.54013022668863,1.05425307497702,0.923110655096257,0.709948121059153,0.457369349259013,0.29880050895712,0.173637194734382,0.050906033862515,-0.0518185824399136,-0.0748405104129157,-0.0701904869416472,-0.0573793049726447,-0.0353601027167453,-0.0214243372781467,-0.00856495215345319,-0.00211807388401782,0.224977368357032,0.18603112124499,0.158273672858522,0.125669030750056,0.0951416794843025,0.0686743927311991,0.0406198735456665,0.016351871500258,58073.4955520214
"383",-0.13991605624101,-0.107730594075429,-0.060145899549203,0.105496408452619,0.113507980390832,0.0637661068697354,0.0509034902907991,0.0144617416172875,1.48970328581092,-0.160539732020874,0.028614611478515,0.236885176514236,0.472267979296356,0.664504483918855,0.806455217463712,0.949911925190795,-0.534040787695376,1.11334033520308,0.92893211930799,0.690637247605731,0.476576514868396,0.292177209386732,0.173179983685793,0.0461312220859888,-0.0382152180096892,-0.0622991963718466,-0.0631645741009254,-0.0660164067220391,-0.0348328146221313,-0.0210101357830142,-0.00933666342616043,-0.00237750338209448,0.226034340824354,0.186213820061944,0.157635602488898,0.129101482449548,0.0959960532010087,0.0685417124653615,0.0396581587158071,0.0166942500482439,58064.2740626548
"384",-0.145207588913037,-0.0880797801027437,-0.078680053840017,0.0904185337819468,0.127342926817487,0.0681103263432597,0.0553875572609551,0.0125318226353971,0.473736038931967,-0.0857733400023202,-0.000101908547072636,0.238905203033256,0.476668329417376,0.659177695867316,0.797937716228405,0.950389193477611,0.487029318369033,1.03411877713099,0.965308330587746,0.691823328488742,0.465527925217282,0.297441680774909,0.179950923356512,0.0462927273462394,-0.0524737298508,-0.0732474366712749,-0.0613323507172631,-0.0585338094364972,-0.0394598959771258,-0.0270229874481886,-0.0059534671834667,-0.00169978787745241,0.227140740777991,0.186023663728325,0.159276945466612,0.126660004258047,0.0972366672798798,0.0686758441668276,0.0405681237497893,0.0162062605756139,58068.334535341
"385",-0.164869449070178,-0.0789064104263067,-0.0448994128249558,0.102505721312002,0.105480016630494,0.066553748604471,0.051674990809542,0.0134539311232128,1.42418297466,-0.123794423991686,-0.0447463853047431,0.19365632032185,0.517181893949781,0.664611122199907,0.805198667719405,0.947940987202462,-0.458903079839541,1.06709242345418,0.997368248047644,0.735033559214875,0.431071095751545,0.29243118484562,0.173516878783986,0.0486202440333712,-0.0393852055688272,-0.0637075289811343,-0.0537349375235124,-0.0552941649596468,-0.0378691563755604,-0.0253342596342637,-0.00869204880142938,-0.00104629196064784,0.228343911733231,0.188091913407365,0.159474580926532,0.127230213389742,0.0971998474072643,0.0696429010606295,0.0404303223566897,0.0162330706266147,58069.2353882718
"386",-0.137957904394775,-0.0758638202371024,-0.0559313905385975,0.11943079127466,0.0928818424769382,0.0712098117734083,0.0587048147285536,0.0150565180190418,0.743476986478041,-0.0838083484907705,0.0589731408132125,0.212055868575148,0.52687737865297,0.651463141215465,0.805875122997797,0.948210397214012,0.213190202681385,1.02819037644766,0.895259167678463,0.708173492274087,0.425442829403779,0.30289194992215,0.169836560989252,0.0477526392012882,-0.0398570676059198,-0.0786080372034021,-0.0626527408010844,-0.0554276418597977,-0.0406368367641251,-0.024284482614161,-0.00947936518240845,-0.0019271173540615,0.227481155567474,0.187815137281811,0.159938383085079,0.128002236672308,0.0961815675199343,0.0678165486115928,0.0396090989772885,0.016381151276127,58062.1747600339
"387",-0.143106381982041,-0.0825487141331952,-0.0384967803553231,0.122248518918694,0.102690737309571,0.0672242145890113,0.0557906648410296,0.0123335087877637,0.281708151039387,-0.0925852140415995,-0.0359979196433023,0.200953180863085,0.500309450153427,0.657887044158182,0.801698046537707,0.947419839780602,0.675708876795915,1.03631570976997,0.98643223510601,0.719413439408078,0.44966619024166,0.298221940787494,0.175993140333311,0.0498217148424847,-0.0448454907127519,-0.067981142585838,-0.0592518250215871,-0.0534103500099966,-0.0327118150590982,-0.0241680990089422,-0.00835684567358627,-0.00161319950927531,0.233104783611533,0.188134696189354,0.157727951475368,0.127164658863316,0.0984684834246347,0.0692187633451615,0.0401464978682197,0.016408060829055,58071.6606796789
"388",-0.126500124497421,-0.0688048178335455,-0.0568087909090707,0.098030262715466,0.104986397871711,0.0774238690813228,0.0583496018086855,0.0123095068377462,1.21965857647723,-0.153692182181772,-0.0857520795528057,0.232167011060571,0.512547618944838,0.656678014183727,0.799293192481584,0.946007358487379,-0.268489116530099,1.09281800923795,1.04323474546813,0.695313961071852,0.436232901037656,0.29633676548466,0.177608547922507,0.0512487811001994,-0.0396200234637483,-0.0684754690145538,-0.0599172037131061,-0.0623887706962519,-0.0390433749645488,-0.0260473771254119,-0.008577551695443,-0.00135494057774863,0.2275144676934,0.185253259323277,0.159230847584038,0.129082812205162,0.0961382795500617,0.07026851620085,0.0401466546265897,0.016212521207896,58061.8541559222
"389",-0.15339342476339,-0.102370542199105,-0.0829837335601291,0.110560221839035,0.105798291763706,0.067837943180432,0.0521034844109982,0.012427799992398,0.667281950701262,-0.075761854100616,0.0392823045804332,0.19246648572735,0.496361871596614,0.662533500823346,0.808505251714825,0.946906598083894,0.295068533116012,1.02544889813288,0.93044408357564,0.735616213262418,0.450776611068929,0.292042221693671,0.169658740225136,0.0502945821243867,-0.0451835577078283,-0.0566054484894151,-0.0809206756897382,-0.0653131281756489,-0.029480505703995,-0.0225056746313982,-0.0073876171688042,-0.00190412681133844,0.22616601233959,0.183923496379686,0.158809446561519,0.122957114025656,0.0961449925558976,0.0679507304247552,0.0403649884687847,0.0166405526377023,58064.1362021225
"390",-0.173124585738391,-0.052231520416434,-0.0754321495655787,0.116176517524486,0.0933234022074503,0.068773898247026,0.0523347824708526,0.016075984365458,0.647736783348573,-0.163393859153063,0.0259508998938734,0.198713693593529,0.493806929718304,0.657475667068313,0.810240379692012,0.948474177712485,0.323916086855655,1.09623086247681,0.940175774321646,0.723941125269767,0.459605126421915,0.29687710500777,0.167409861528882,0.0473440644346012,-0.0454534412892697,-0.0678924018862131,-0.074726012001815,-0.057759518718709,-0.0364139048885527,-0.0185100034873945,-0.00752498495320531,-0.00237090077437738,0.227442577166256,0.188480890855821,0.160141859231485,0.126911895326794,0.0954368207007446,0.0693688732718677,0.0405619550114429,0.0162856141434346,58067.026905707
"391",-0.134529743055727,-0.0771455508468942,-0.0546516956075982,0.122710645017574,0.112940520098612,0.0728159143200705,0.0550395775989533,0.0134033850318898,0.334927873690339,-0.0443371185623554,0.0152422614842559,0.1937084718469,0.483180365085164,0.644797048964632,0.806140539322841,0.950335976114913,0.622964905136956,0.987798470975392,0.942317630770466,0.727766757352986,0.46371388582516,0.309341175873886,0.171317184794207,0.0466401809678142,-0.0503149460497271,-0.0625382022023166,-0.0623757721854942,-0.0574301988323427,-0.039617534833903,-0.0188533349340972,-0.00657811874047626,-0.00330948471969504,0.227715546844396,0.186263237812253,0.157919721418406,0.128381362575884,0.0961629216171666,0.0690259836365141,0.0397064620042096,0.0165652820019356,58066.6493476297
"392",-0.167367512628833,-0.115707886401425,-0.064085142993595,0.106110376680624,0.0958389146631976,0.0780075315245541,0.051485372065779,0.0133007123553223,0.316974742603733,-0.0991006509089779,0.0195576946378187,0.179272023082178,0.507709075311682,0.647661906101296,0.805221441174377,0.948772387273116,0.648083975467116,1.05559120520129,0.94263842878757,0.748245603842975,0.445440541446914,0.30572754837138,0.17374127613375,0.0480943437686275,-0.0388996638955867,-0.0758930885358725,-0.0724808199186156,-0.0583692905169993,-0.041609403003853,-0.0229163638882871,-0.00807647153362251,-0.00200665277154287,0.227079027689028,0.188216572734645,0.156552303620358,0.127356968771165,0.0970844292573752,0.0672307134923241,0.0398982357580233,0.0162277303821354,58070.4700067729
"393",-0.166947153447776,-0.126102612985333,-0.0770284353461871,0.0980477102752341,0.0909575444484913,0.069643268033982,0.0567839811160813,0.0149434711460648,-0.0926430953730962,-0.00273785949245599,0.0496425643529227,0.222341985870598,0.515671384664735,0.66445199468734,0.802785080948616,0.950580123827933,1.06438196825908,0.962172078287691,0.917507810132996,0.706939977492737,0.438342107796753,0.291028951721727,0.174916913897362,0.0454894226734973,-0.0601548216516563,-0.0693612929618345,-0.069588058594291,-0.057575645259147,-0.038159798684302,-0.0262306926914024,-0.00763366839139254,-0.00281520475223326,0.223794024461116,0.182487030797209,0.15284979524839,0.127738371088564,0.0947586561513783,0.0694279725429277,0.0398900419263905,0.0164646787645808,58057.1619826779
"394",-0.151915703621982,-0.0741832407336243,-0.0849152454710842,0.116640213638872,0.109973514921934,0.0705130113577412,0.0584721149374914,0.0164580554985539,-0.139427581933783,-0.16487934408112,0.00573251441046939,0.219388637954376,0.481331598462412,0.66004465835706,0.802424257827511,0.948468748781944,1.09975504941706,1.10435410105854,0.96244869560652,0.70232642725712,0.467275881432502,0.294696196116534,0.172954266198514,0.0471914540169177,-0.0331654460732915,-0.0663646572886639,-0.0692109705205891,-0.0580735908616182,-0.0323400262068869,-0.0252494125257593,-0.0039505499540386,-0.00229718751440845,0.226923141476903,0.183680845150964,0.156441682312806,0.126181298441988,0.0965999945872915,0.0689218225975669,0.0403289873676935,0.0162936698475549,58066.0296661015
"395",-0.148438738675811,-0.114028455825654,-0.0648257433191154,0.12285154370272,0.11187172539025,0.075612781754993,0.0558211136306273,0.012777680283289,1.27628799629175,-0.0938976775248977,-0.00624285079807006,0.209440196848488,0.492266499271779,0.654323305866611,0.801113792195132,0.950294607242225,-0.314259329064261,1.04858681407074,0.967450919318953,0.711294673255579,0.454486103083014,0.298187587722593,0.176184485949972,0.0465356650904221,-0.0451028920029263,-0.0670177493193733,-0.0673279368815076,-0.0596773461901931,-0.0332668201322969,-0.0214828248546976,-0.00607054437760571,-0.00211191160413961,0.223481937710454,0.186422044485133,0.15945491721984,0.122781374585794,0.0981412030805905,0.0688584994403917,0.0402677817763675,0.0162232713349092,58074.6398451272
"396",-0.122368262063737,-0.0895990346300397,-0.0561289751148826,0.137722489291564,0.10080533834019,0.0640893018592606,0.0562751410133608,0.0139938500993475,-0.210810992212974,-0.0687901773869229,-0.00828052898100955,0.213008510009085,0.503441436908936,0.650873687860804,0.803832116768191,0.947453886191874,1.1632386171524,1.01578773451926,0.965891399353672,0.703326156635027,0.446103225176046,0.306747324960793,0.173283247890255,0.0490318957588225,-0.0466303599458889,-0.0717821363421354,-0.0642705577745554,-0.0638319348025209,-0.0326319699862476,-0.0217248897486184,-0.00771879144554341,-0.00142295997927878,0.223882747198302,0.190914531962678,0.158161785754879,0.124857357263193,0.0957280336005107,0.0683778519497227,0.0393568575219103,0.0166802707895165,58065.2903413644
"397",-0.170929089356066,-0.0684815037270081,-0.0627120813870199,0.11384573637188,0.0991899822543045,0.0700288101680978,0.053407697201559,0.0159501993856476,-0.0534868357202468,-0.174721746716868,-0.0319513500022426,0.193381907004247,0.507305044904643,0.650436110201617,0.805427627990817,0.947001468599855,1.02021130281074,1.1134624831106,0.993308208338278,0.72955985004671,0.442489719158794,0.305404633945934,0.172589885157679,0.0491274906045644,-0.0417698712849002,-0.0669213422005529,-0.0692679104136177,-0.0517081358719924,-0.0344479351431305,-0.0237605455206988,-0.00741397477231496,-0.00279974301475249,0.221483497401723,0.189782121200709,0.153771340097288,0.125595290464259,0.094000254246167,0.0676657027926798,0.0396830156414051,0.0165058004266239,58066.2982963991
"398",-0.164566977437424,-0.1018337911329,-0.0643243675861385,0.102248442685061,0.0980893200024842,0.0850090123140828,0.0599281288244797,0.012646822584912,0.271129066887406,-0.0878609168434196,0.0387755886414623,0.203411569293529,0.509834459177974,0.639986722012311,0.804434407236569,0.94605867603665,0.69316783734426,1.03769843606249,0.920369965692894,0.723497801423806,0.443615181469264,0.310214710731876,0.171774627922052,0.0512465565984086,-0.0494025245160807,-0.06638047057984,-0.064396912104894,-0.0503394233473848,-0.0447934894419842,-0.0225521908594951,-0.00976057039713621,-0.00222636910846807,0.222548040475756,0.188296567187037,0.158041344860209,0.12588552067936,0.0943263407313046,0.0684451433584113,0.0393574981679496,0.0164392372606101,58060.8091533518
"399",-0.149434434762622,-0.0625751942316011,-0.078705737954743,0.0879839816313665,0.116046478445945,0.0763775717231358,0.05726291224573,0.0152400543208277,0.327205750143573,-0.178693814996329,0.0626249082802792,0.238925022524315,0.500436114368372,0.650319975019304,0.809388063416784,0.946976491154607,0.633917623037853,1.11544795342551,0.902180825993444,0.69417895541123,0.444560242587702,0.302908516859777,0.167255632234202,0.0488154658176883,-0.0421670440201526,-0.0634256638298164,-0.0650974484246107,-0.0621227513466428,-0.0365521442323874,-0.0216242190779199,-0.00837148078028194,-0.00124125180741664,0.220806015234603,0.188109458747733,0.157765674787895,0.125709122357434,0.0970510287696555,0.0690184377789858,0.040951990501857,0.0161042251147498,58066.8168920005
"400",-0.17902788736654,-0.0647207664304708,-0.0662949987243937,0.100551808389282,0.113609950558825,0.0676027212261545,0.0545959840859398,0.0138914411921947,1.21202127060435,-0.111900932116717,0.0127535286450887,0.207399437477469,0.493225737769457,0.662551057786526,0.807699437062223,0.946545966170214,-0.241110017547207,1.04884014854875,0.949272776048519,0.721484344914351,0.453495669339447,0.292955304652584,0.170424054799266,0.0501489537094034,-0.0421901202965198,-0.060502618354376,-0.0678246876530977,-0.0579023215322394,-0.0362250269670364,-0.0239227425920383,-0.00965858290361573,-0.00221249521757163,0.229271621343344,0.184246955199246,0.157223035922949,0.125830691551713,0.0983647475358607,0.0704963782467544,0.0406564061952659,0.0165372497779938,58073.4213228614
"401",-0.123497939405368,-0.111638148318446,-0.0512851209681114,0.109532547056072,0.0994713099002528,0.078831512967422,0.0548849785382654,0.0118850681586385,1.01670574300689,-0.133829428184466,-0.00512219626274386,0.217048721101758,0.507296814072208,0.648245185857101,0.805564670865436,0.950131980438642,-0.0674360890284037,1.08964279259993,0.959906548952869,0.70916233396588,0.443969753630365,0.303340408160809,0.17247175844275,0.046770127184909,-0.0381296398290978,-0.0799149643124926,-0.0641937817822772,-0.0607642363856966,-0.0425280639332585,-0.0204042022173632,-0.00847576696009356,-0.00147312750652102,0.229499595386895,0.185887904369742,0.157307596269403,0.125849702176003,0.09607937174635,0.0706491502730367,0.0412077804859966,0.0165030855381657,58067.4993738616
"402",-0.183654661084401,-0.0788224941864149,-0.0587737746330686,0.128370729975249,0.0911819478310472,0.0856412499832158,0.0607535027903401,0.0132768792769198,0.0399862331686232,-0.114882458736141,-0.0198918460629156,0.205397099718178,0.480750819547506,0.64317088925154,0.801088187530509,0.946697984808073,0.933094442049565,1.05730928762573,0.980100253663979,0.712050165071077,0.473823613510603,0.307046520102055,0.175513945348701,0.0501971254404274,-0.0510290888399983,-0.0593352875013758,-0.0726755412075116,-0.0534428868051919,-0.0275437191490304,-0.025426048569548,-0.00993444035689709,-0.00184826943535896,0.228748366076244,0.183147246816009,0.159864607213537,0.127059814011645,0.0973963256216544,0.0690428432897389,0.0397716738147876,0.0163947243813024,58059.1846125956
"403",-0.182068563666015,-0.106641672659939,-0.0299441847308683,0.114895401640681,0.106833036234053,0.0709238229555937,0.0554930244205151,0.0115613905956261,1.02669231598801,-0.041425084089446,-0.0434391640422933,0.190300789839712,0.498137986464407,0.653608317545598,0.808073754904964,0.94859624269263,-0.0577216042167539,0.993116984791913,0.992309842515206,0.733550859276869,0.448067704991154,0.300646120892987,0.169460585407069,0.0488161867904115,-0.0349057954374907,-0.0583031864246399,-0.0641444237551536,-0.0614204802995313,-0.0314212968763769,-0.0207691552237366,-0.00883943949912546,-0.00212489927946079,0.227334917675204,0.182504876152918,0.15942016818059,0.126069485228392,0.0961296893153548,0.0691282186588594,0.0406308387479982,0.0162507522251137,58068.9421914103
"404",-0.1550280906491,-0.101933415403524,-0.0631985662114314,0.105696583208301,0.107430298891876,0.0715238573889629,0.0556812973271656,0.0118534777025397,0.947246330443281,-0.1339199724401,-0.0195993437382178,0.201409817255656,0.500065016599096,0.655092281738335,0.802368141622758,0.950315408135462,0.0186319644563734,1.08851514747025,0.979629368236108,0.724445259709572,0.448257469988058,0.299095471701982,0.175207686169142,0.0469958176520335,-0.0572825332499677,-0.0798937084259408,-0.0668359519454113,-0.0488945131265599,-0.0326445560434569,-0.0222625095907771,-0.00666075157717695,-0.00250921585542354,0.222807687174953,0.184060178987119,0.155674443757635,0.126598815813012,0.0966332642503474,0.0665159039378031,0.0397121783730469,0.0162329686793924,58067.3360439154
"405",-0.141570624819382,-0.0845046187418808,-0.0313323443437279,0.111041968856716,0.0989198347310506,0.0653309751327065,0.0572835846861709,0.0130002148651659,0.537162454209148,-0.13307983502202,0.00696781773256086,0.205639120460113,0.515571399956244,0.649950984546992,0.801701734914426,0.950468595530218,0.424102840429475,1.07753191823611,0.943102707136559,0.719100452995007,0.435390499051501,0.306753804144115,0.175956031941674,0.0461962286880247,-0.0500746307153904,-0.0635144461250732,-0.0736264335638601,-0.0545239952344547,-0.0390718732704912,-0.0191091508521005,-0.00983708862929569,-0.00235862488625857,0.224168946688665,0.18265913812247,0.156640593306977,0.125048209294336,0.0975380600816909,0.0685298652689617,0.0399779697852108,0.0168886309549176,58067.0798659367
"406",-0.138772048377917,-0.0900372791134039,-0.0633225701590957,0.0845718187156475,0.106231738906233,0.0796282003240865,0.0570731516399394,0.0154191727645215,1.26404338426211,-0.19081257751303,0.0282543121332612,0.255212014069557,0.492784354078216,0.642534779997259,0.796536883696303,0.947127550835545,-0.30457537958515,1.13870486712717,0.929760894924131,0.677501970238868,0.455746620968227,0.309085464881937,0.180709300272217,0.0493104923682472,-0.0521496902892831,-0.0653042018751764,-0.0658509036792926,-0.0577491370821191,-0.0339591902221653,-0.0211104804363048,-0.00622490871369438,-0.00294985690638771,0.226675390944188,0.181972421327918,0.154828112061885,0.125217003208805,0.0971633499668072,0.0684962431236654,0.0402145720678865,0.016670594739907,58064.1521132297
"407",-0.161957483339797,-0.0737687130825113,-0.0649538988558072,0.0959528785255937,0.109064017834129,0.0596640124496464,0.0584253887803657,0.0151890165550737,0.361043190807591,-0.173471764062808,-0.0332582326831611,0.221052835123222,0.497018119771595,0.658315516933571,0.799194452437231,0.947233558593989,0.607057273893935,1.11382035028175,0.996295114291841,0.711347856796449,0.450587510875095,0.300252610258576,0.17785754700264,0.0488294913032205,-0.0582894321111128,-0.0637528970341546,-0.0750738832289908,-0.06662058622019,-0.038752338204505,-0.0204521189561581,-0.00820565158740389,-0.00164430815675663,0.226332174529108,0.185790340620558,0.155941315760871,0.126549340246742,0.0997131981189695,0.0681813218990353,0.0405689694565767,0.0163373353967225,58067.3710376376
"408",-0.12987985982745,-0.122195697366947,-0.051903471027909,0.114184705726936,0.101268471613854,0.0739123641572506,0.058352319932917,0.0150351837020442,0.659105355366957,-0.14298377028957,-0.00795071925962026,0.187901777307087,0.516846216782126,0.665325722211664,0.805640069267388,0.948284628218897,0.297237074454974,1.09975773566452,0.964877705358531,0.736228575525606,0.432094226859194,0.288491092970463,0.170796756926871,0.0478350650401657,-0.0506282002095154,-0.0618099231940534,-0.0636942931968286,-0.05480075425384,-0.0365063938966691,-0.0230013807385495,-0.00850709216489246,-0.00164277010496752,0.231942002521185,0.188020453851113,0.158310296068464,0.125262273279939,0.0967975293057998,0.0688307631443108,0.0399794383710651,0.0163856812504317,58070.3879845368
"409",-0.147399348250009,-0.070732989645044,-0.0717209104187362,0.102244647390923,0.122929091182307,0.0713912828187594,0.053617903876202,0.0128958517557704,0.22232128963477,-0.0921924148189475,-0.0215076244652591,0.209862384195968,0.486341642979149,0.648481050109795,0.80368648236117,0.947391973003702,0.73830505201909,1.03393729379783,0.983001630753006,0.718744596117424,0.456259504142369,0.306534294642751,0.173540259587774,0.0496563696962669,-0.0429792729812263,-0.0715956185529087,-0.0552581908893505,-0.0589470935534231,-0.0366942595592778,-0.0239948484335396,-0.0069685562274935,-0.00232342361888228,0.227003150298617,0.18527724394247,0.155955906144378,0.12696637081506,0.0954435188444327,0.0685804630715829,0.0401777014172753,0.0162153927889924,58068.3180548911
"410",-0.154763935389098,-0.0813242807555824,-0.0629177149696435,0.113696746402093,0.108257196440168,0.0828632423850482,0.0550027941756772,0.0132778059525451,1.11830978493956,-0.130792004193659,-0.0210296336401878,0.213646728368694,0.522293004465313,0.642624273606698,0.808932456331844,0.949297433859883,-0.154632297332532,1.07408801515107,0.982795894639854,0.707840886302068,0.42441505578552,0.308147196760022,0.168427087127094,0.0470827159986226,-0.0423671100529207,-0.0674294326091856,-0.0722163238944457,-0.0496345491174258,-0.0375079048350205,-0.0231352600125325,-0.00791360485716616,-0.00100399465393699,0.2337270181786,0.183655603377197,0.158805758407099,0.125638761862427,0.0964347359679777,0.0692611590948424,0.0406370558235903,0.0160666326296272,58066.8548008362
"411",-0.17519235474083,-0.0707938967973964,-0.0397737386029424,0.0965235172590647,0.119901630851456,0.080173978163251,0.053482850216681,0.0154446394123663,1.12130692355719,-0.159296151253936,0.0108086305716053,0.235003126772813,0.482578514528417,0.664625367309431,0.803162357691415,0.947778014352215,-0.151731842351433,1.09665493752844,0.943977334913192,0.693998709067335,0.461661091959165,0.285342300032621,0.175391059849299,0.0482352620427222,-0.0505193976556819,-0.0540966616967561,-0.079190662045675,-0.0601006693564861,-0.0377229154632684,-0.022464096044334,-0.00674824859643396,-0.00215146006416458,0.228065589917609,0.189844323877602,0.15806649399924,0.12780736435215,0.0954478036389561,0.0683633379645867,0.0406791554536094,0.0163120089430577,58062.8283757498
"412",-0.158950788945835,-0.0633173563988083,-0.0660838065998895,0.109118494290668,0.101311751566254,0.0748382253916095,0.0557148611085979,0.0138372008373441,0.728875606379995,-0.189649722082824,0.0195828010943313,0.214361181681752,0.502894325836777,0.651437104713766,0.81067500050484,0.947530041339561,0.236226693152965,1.12749257907616,0.94097691846727,0.71340134570049,0.448424333770001,0.302487025069025,0.166211656517377,0.0490392262973012,-0.0490077000150375,-0.0709777168291477,-0.0646964295257103,-0.0601333224803035,-0.0381262852905166,-0.0221041789245592,-0.0107275274999074,-0.0016035158939547,0.223285961750969,0.186064127443432,0.156884222667196,0.125250969625474,0.0969638548436889,0.068012783414954,0.0401025302789368,0.0164188899328093,58070.8998414592
"413",-0.185793983690408,-0.0622985721903163,-0.0624384963517828,0.0962086080869142,0.102982293806684,0.0795574432396282,0.0560459001835423,0.0132851326223186,0.552889193282139,-0.0755536701336591,-0.0163464034670547,0.211698959033686,0.517412311639848,0.660582730912112,0.802810986214148,0.950163652572316,0.424359915656403,1.01066230066958,0.977746772200303,0.719197092341758,0.433043103724991,0.29000159056689,0.17434649968951,0.0466024537287846,-0.0633057565729916,-0.0491540628847949,-0.0687533872458803,-0.0628999519342855,-0.0423641676253646,-0.0197250942672749,-0.00719733282889277,-0.00256859760360936,0.225428606042122,0.185240415700734,0.159138492143897,0.126569403873929,0.0958813308432103,0.068497497076786,0.0409055996372017,0.0161977593914743,58065.9060572451
"414",-0.16211269394515,-0.0787265583241861,-0.0561000124432302,0.114712428484298,0.12325746898607,0.0723327605071497,0.0525897799920045,0.0150326962090246,0.795878993914919,-0.190993029944074,0.0203474192922734,0.192326265514349,0.467595074507208,0.656311959225981,0.80624863787224,0.948818615817544,0.17479857449417,1.13300719302789,0.938319224915594,0.732165009812992,0.476935056020146,0.298772129443858,0.173454887188631,0.0471704417321536,-0.054584266451408,-0.065414875013754,-0.0705927086972431,-0.0602313990087364,-0.0369463214556213,-0.0256595640587919,-0.0109252772407255,-0.00242823307504893,0.223363815111712,0.183357082682923,0.156105380025896,0.127001821047106,0.0969677814744626,0.0692253772595267,0.0406123565110547,0.0162306553788391,58065.7624222418
"415",-0.145717521131304,-0.102541743819393,-0.0646137342115034,0.0798077493951314,0.106436428369374,0.069339565984254,0.0576653401170255,0.0118640031440152,0.776961432477337,-0.0963465870798729,0.00464187299902113,0.223780582888806,0.493465188618889,0.659568146569059,0.802167803792375,0.945942286872716,0.184148709068462,1.04635145930664,0.956333798785581,0.711975422584761,0.455273307958066,0.294525829670628,0.175260266116549,0.0513202369759572,-0.0397968021019422,-0.0627777206702302,-0.0654848719810377,-0.0638903538971994,-0.0332497448407037,-0.0210471646350713,-0.00896758503008268,-0.000700077457353921,0.22691123637559,0.186042399817733,0.160358239785018,0.12712732356397,0.095067817099372,0.067973377399186,0.0398987612442764,0.0162410552943943,58064.2890656851
"416",-0.128130072561641,-0.103058207094307,-0.0664233516806601,0.115565080785601,0.0967733054663205,0.0780642392393374,0.0505122884807904,0.0140653005499546,1.06660917652788,-0.126475556478706,-0.0615719857482924,0.185971820504034,0.506069608865789,0.656924602748308,0.809894919177084,0.946504662276619,-0.111680953128446,1.07671903416645,1.02589301662785,0.738507769268476,0.444535213468648,0.294895443818937,0.169617687686184,0.0502327672186643,-0.042582310847536,-0.0587293253319219,-0.0712470937484461,-0.0563474088468345,-0.0330641319702214,-0.0251412122038991,-0.00959588970557783,-0.00246155142654762,0.22932890212626,0.188093831769248,0.156445726159921,0.12785328599096,0.0975738307335425,0.0685772237591929,0.0394726895055034,0.0164021384154396,58067.1603361624
"417",-0.159557410213753,-0.0916561671410299,-0.0540344246201781,0.10459358249754,0.105574797609987,0.0708261850487394,0.0522150851500401,0.0144992508448083,0.923202554349745,-0.129677619898928,0.065652088321336,0.220306096688597,0.504421845369637,0.6567725883772,0.811340362044434,0.948024063193657,0.0405981561537198,1.07644315389485,0.889235238399422,0.708487310611021,0.443333958196306,0.298227203465187,0.16639240821298,0.0481637107618721,-0.0392445330016825,-0.0578342397945121,-0.0653656006590162,-0.0655241481985418,-0.0378300707470906,-0.0237757127944413,-0.0079055716516635,-0.00154515527272199,0.228398932177006,0.186795671340455,0.158270809587098,0.124898187599694,0.0960151446948316,0.0666865577349523,0.03955554421749,0.0162171527798369,58067.4696951452
"418",-0.199460559399594,-0.0905629795477375,-0.0589603371235318,0.11284893344846,0.0946335678394233,0.0858046695613774,0.0529675390531621,0.0128183237802815,0.403115536983097,-0.131777861493537,0.0442134857273703,0.215792912148463,0.498777962178434,0.648492283949304,0.801149124704003,0.948789570256118,0.572441477994097,1.0772411075298,0.914551202641437,0.70831965806709,0.455913191380638,0.300867029565438,0.177870614820897,0.0482775988609585,-0.0424982273782628,-0.0650780677794618,-0.0680785571520286,-0.0564350678641021,-0.0413722964137387,-0.0217937611161365,-0.00989876446259565,-0.00244915873346072,0.223431642549457,0.187693188560046,0.155802502330415,0.127936940835132,0.0962084247461832,0.0678723454895154,0.0398766788604577,0.0164062791033464,58067.2887154314
"419",-0.181824463809053,-0.127385452129979,-0.0582854204785555,0.109927018085797,0.106077555562411,0.0721673497030846,0.0491506527250175,0.0134026258268116,0.667423366106435,-0.0947253817590865,0.023246791937604,0.201937623216824,0.490394688365923,0.641405003119485,0.804111577326019,0.949665881329799,0.305683138580393,1.05456886816998,0.935834769837042,0.720881204371287,0.459179416783997,0.313864642466005,0.175655184628249,0.0470610514893208,-0.050810595029179,-0.0647158436698632,-0.0696520556488512,-0.0548170890665005,-0.0362581652052992,-0.023675436317927,-0.00802575027931356,-0.002604873027042,0.227930978458456,0.185569387033976,0.155686117352684,0.126831152634961,0.0958782219112065,0.0689375726739914,0.0405977422683181,0.0161519679454852,58070.7427116186
"420",-0.188925143145147,-0.0761051389834353,-0.0700086823583827,0.090228712647516,0.10793116661582,0.0709355452614223,0.0490201920796089,0.0134348758354739,0.495207718317374,-0.0915864775453538,0.00214647482514805,0.205080189488121,0.493482296325906,0.657993041269146,0.808179069638158,0.949992821007045,0.48339257499558,1.0336974450034,0.959799841293984,0.727286760782876,0.455622435041798,0.297012530617975,0.171710951879602,0.0465572096350626,-0.0639853955706356,-0.0644687437148549,-0.0704369916345102,-0.0550287734970286,-0.0379388924235921,-0.0234779912962683,-0.00805581059820248,-0.00191042268499831,0.225817806820422,0.185845815567563,0.160388004094732,0.12711130849615,0.0976839139252296,0.0695402573989305,0.0401584387220385,0.0164895857631477,58073.5552135534
"421",-0.152814419849871,-0.0754171647604378,-0.0493220182873328,0.10638625626779,0.0955059798727777,0.0851373633060026,0.0553630747628653,0.015591375582193,0.66013496523885,-0.175608619986263,-0.0521750414354502,0.20934001656694,0.486634872386868,0.639980456757792,0.798966587709568,0.94719118550041,0.301768663362566,1.11502826788789,1.00822657321321,0.717726414590379,0.467291565661434,0.310743201763442,0.178451078155017,0.0487827965300139,-0.040294941269167,-0.0599821844307178,-0.0695578674118503,-0.0611998401940113,-0.0388389110036702,-0.0220781323681939,-0.00548154198739378,-0.00190717154678428,0.222260715355712,0.186488619167737,0.159971049396894,0.125406117932554,0.0966521789469741,0.0688553222904225,0.0399052189968711,0.0164600339923567,58068.8294023724
"422",-0.118561344204137,-0.107319278874001,-0.0576817826918146,0.104084496302319,0.10913646072511,0.0692231114869219,0.0605130625571394,0.0130118468904871,0.531069998389498,-0.0926272318280783,-0.0106942102382341,0.210203835218405,0.504925664491289,0.657818421801926,0.803050589041972,0.951265673792705,0.424158323904478,1.04473675081997,0.968454752405436,0.717637583421817,0.44332821882491,0.298530428636737,0.172608090222603,0.0453809106840316,-0.0573162880588637,-0.0656667154102842,-0.0598500991707203,-0.0627968411286439,-0.0371128014007516,-0.0241854422493146,-0.00692462931887624,-0.00260647720137307,0.220936148181914,0.183892626910674,0.158937444453771,0.126179488853338,0.0972462985649876,0.0679834440459718,0.0396819290796065,0.0164647028093825,58066.0839666579
"423",-0.168745171783145,-0.089485233768855,-0.0484538372611182,0.106007616391945,0.0892826249795601,0.0807464568757456,0.0503135999566897,0.0166968371352776,-0.0195690895590347,-0.1696972295988,0.0146396073080677,0.207037274479748,0.504027518019434,0.643195103008249,0.808783094399064,0.948998349199598,0.987701909672952,1.1145696058839,0.939809876272545,0.719741992543193,0.45110971810991,0.307140951121607,0.169907662523312,0.0465525333430067,-0.0426808175361269,-0.0622296686922246,-0.0593025170434522,-0.0595728646798874,-0.0345073319846566,-0.0173046075203077,-0.00702917870853303,-0.00348113520779179,0.226424593767538,0.18194824367984,0.154989966904499,0.125855552631538,0.0958697930370515,0.0698317968329749,0.0402935385071889,0.0163621560534907,58064.6071835666
"424",-0.177598760309838,-0.10024009147477,-0.0565529328890617,0.0969908578353451,0.10935413777324,0.0615626595617662,0.0581990498449751,0.0142742502187233,1.04434603755146,-0.164309709987857,0.0747889751578498,0.238354216810778,0.489518254443447,0.65914564085827,0.805315365689266,0.948215768518598,-0.0724726650456925,1.1174060143982,0.879549602779706,0.690788797919546,0.459966777968059,0.298195375469033,0.171406405074439,0.0479020721961409,-0.0549034196324715,-0.0706176149019215,-0.0610925051088206,-0.0523479609563442,-0.0397032523792701,-0.0249830739962871,-0.00912295354502918,-0.00139561194271508,0.22294405215072,0.182419420872717,0.159018465572781,0.126690804402346,0.09766233463719,0.069951489519384,0.0399549008654492,0.0163343680367229,58059.8340098698
"425",-0.160971226830157,-0.11898839041908,-0.0418312207300704,0.120773263701523,0.0931016733892375,0.0775655553740709,0.0537247791208477,0.0134511262793389,0.239387076731116,-0.145247560297337,-0.0174901547651737,0.20919277217287,0.513910308159511,0.647242842560522,0.808282765610828,0.949939464493846,0.729640781319605,1.10055805859271,0.972287643007512,0.71005433239866,0.438217256685121,0.305510500829886,0.169031924923325,0.04648607770748,-0.055001898583204,-0.0614297042557291,-0.0771921529951827,-0.0536074201104456,-0.0318671669574431,-0.0241548992142988,-0.00749391346894172,-0.00180836384854267,0.226935894997996,0.187668689977234,0.160409948036795,0.124874173744922,0.0958641180803126,0.0688013979628823,0.0406150721316616,0.0163209983340177,58069.0244530399
"426",-0.13715341880521,-0.0704274920343212,-0.0428774463326821,0.103704523128819,0.10506530671813,0.0758603706892559,0.0593415155727426,0.0140740153878467,0.567617573230092,-0.128039912085962,0.0297566195865271,0.176594963550437,0.494380427979209,0.656218065374,0.799629899987527,0.947509791175197,0.390852052608377,1.06598145536388,0.921661001840118,0.752435331694284,0.45525776166981,0.295709324701428,0.176348626289677,0.0491769749189627,-0.0563911551591542,-0.0541747953223014,-0.0679697911782613,-0.0578959775710765,-0.0374154509308714,-0.0201683785512661,-0.00633718993660472,-0.00281726539756449,0.223385945033738,0.184724892100718,0.157614397982808,0.130011312880078,0.0981306647359746,0.0689826744159192,0.040746430244518,0.0159843988029134,58063.8461677327
"427",-0.145793656155638,-0.0809875897348578,-0.0551312686861785,0.0934763153700415,0.105227864046359,0.0768121263722856,0.0535009673746008,0.0137207302263287,0.583463186182788,-0.079515509409125,0.0381875538556266,0.231369665332466,0.499113749849635,0.650501657868336,0.807101483654531,0.949536159837723,0.375593312768386,1.02299161315853,0.919320555269492,0.697439178187819,0.448391940719057,0.302753469060266,0.171045146904118,0.0470021041936882,-0.0553627055108242,-0.0635338382466083,-0.0706430021305005,-0.0509741565968815,-0.0293592197652539,-0.0207075032356144,-0.00783141880200585,-0.00254743772336717,0.224863724031152,0.187727587486159,0.159156073405783,0.124243483493932,0.0954787664323912,0.0686425928237298,0.0398229460373132,0.0163803496315054,58070.5830549514
"428",-0.137344664260741,-0.0751866868743399,-0.0650508250313558,0.109146309548655,0.0839210919788438,0.0798917986845014,0.048055818652971,0.0155269963418535,0.678661975711762,-0.138050778249726,0.0647336904145132,0.192410943148027,0.512793193532427,0.655652097964926,0.809012914754855,0.947059183310024,0.27419675067703,1.08034102578377,0.897028584803182,0.735367966460426,0.443076071890916,0.295212280934286,0.171270887052251,0.049031683149025,-0.0353151900749744,-0.0681939622578209,-0.0721066772589476,-0.0609566528469718,-0.0385904744048012,-0.0215211400346983,-0.00999245888775364,-0.00242635299856334,0.221620972450994,0.188697710675004,0.157517497885286,0.125427078648272,0.0971106040938864,0.0683002232165759,0.0395308957146144,0.0163325261403948,58064.9166890994
"429",-0.146268013600344,-0.0965780673454146,-0.0278202110066852,0.113281530604316,0.0961095139100573,0.0726999152041181,0.0490997465466877,0.015277791555784,0.810142612939328,-0.120376937836346,-0.0341282761446354,0.225000655684708,0.498234800891428,0.653260862764526,0.81190049473694,0.947705227231268,0.148289746753138,1.07086834486935,0.983080158829955,0.698558389739118,0.453946533509261,0.302478316821907,0.168075083105077,0.0481045323741124,-0.0471863695849987,-0.0797961293307686,-0.0753701940648877,-0.0543985558123758,-0.0359203866167795,-0.0290247520953764,-0.0110200238513965,-0.00128614933464644,0.229975298135426,0.18535543349327,0.155312994307541,0.127777486300534,0.0964713482080953,0.0682785078301903,0.0402327353757847,0.0162975804569548,58063.4694561578
"430",-0.157163667772293,-0.0718032673268761,-0.0489096675350121,0.10704630202072,0.107305871612178,0.0672284906235309,0.0546921472724134,0.0119670911427602,1.26338787255019,-0.089400721668667,-0.0346560217063107,0.201140779356971,0.497243727529431,0.667666114252427,0.797610390373672,0.950587339040594,-0.297628493006836,1.03040926510907,0.989297303720716,0.725358160743156,0.451574333623615,0.288089004872478,0.180674988345454,0.0464217924573872,-0.0573125006902745,-0.0612338124023158,-0.0682371279548932,-0.0580053186646188,-0.0386008627094047,-0.02428322136364,-0.00706674350871144,-0.00180570032014013,0.224480829758973,0.186114728914062,0.157059760801581,0.124872781022911,0.0942887030612153,0.0682631706813078,0.0403436171331748,0.0163736199232634,58071.154592252
"431",-0.14187021012392,-0.0960462309437103,-0.0451850855769173,0.0980149882871221,0.0998238932365284,0.0667588839480056,0.0592621292273554,0.012871549525349,0.162752641095341,-0.131630250767077,-0.0463183630109816,0.214394255938683,0.48988600453375,0.663331956359811,0.803066309676303,0.951617557175985,0.794134796567347,1.08016543171589,1.0055290793158,0.715116965082396,0.460603063549808,0.293364787863242,0.172387386754206,0.0451851083222509,-0.0368997154660441,-0.0672404200055233,-0.0817461439356829,-0.0589886388387523,-0.0302213774757033,-0.0255412714735468,-0.00482290010677286,-0.00250089893214241,0.228883064230994,0.184657542955029,0.157992168730134,0.126610231862479,0.0986183509844331,0.0684347341653582,0.0408420921483416,0.0163482969013166,58065.9860145282
"432",-0.172221388193885,-0.0937079165885155,-0.0539699086560297,0.10392406633669,0.10206121731033,0.0743183366157519,0.0532405487766754,0.0147478266022601,0.17237242625103,-0.0891763607116926,0.0250348898733514,0.224123153775295,0.501779128040864,0.65377686463704,0.810104401038583,0.947234272835979,0.794108778432671,1.03795168050437,0.930283036942653,0.703033435095298,0.445863633473127,0.300349497232025,0.167908485050806,0.0489249129940738,-0.0298639484434942,-0.0683910313471729,-0.0628869608203014,-0.0593476899703206,-0.0308314026699852,-0.0233558611955896,-0.0101815321969312,-0.00177644420665756,0.226683413082702,0.184419977341722,0.158069914788615,0.129159036285854,0.0968390768354261,0.0676098304769879,0.0402620831542385,0.0163136225953506,58071.986120523
"433",-0.151306432682802,-0.0633820701322061,-0.066582423571082,0.0845646324228744,0.113444487846785,0.0666678122819598,0.0555820306049786,0.0135508721004646,0.106499420573034,-0.0951645647236439,0.0209056312605583,0.229340097891262,0.48902489962413,0.666204477208574,0.806947689868795,0.947562831654393,0.856181036706133,1.03504262363116,0.939909931078013,0.702560282194096,0.457358999612011,0.289446205386599,0.170705643159626,0.0493324377876788,-0.0461507096163189,-0.0662179475845962,-0.0603896649414032,-0.0577972624723461,-0.0395344021974692,-0.0236724217566553,-0.00949305446539115,-0.00203774622965632,0.224810118107211,0.18308401013302,0.157900028486924,0.126500278157247,0.0975437680744961,0.070335344443693,0.0396124272170033,0.0163043300138409,58066.830240311
"434",-0.151255906530995,-0.0952065735771393,-0.0475707202984321,0.129278984258276,0.0893609010416695,0.0730919769017458,0.0550011391254478,0.0132215592557979,0.563375332638154,-0.0803974068701371,0.0063502907986083,0.222631254235849,0.514233896469958,0.653267620626432,0.80507474057016,0.949823610276465,0.397520373738458,1.02932512483629,0.94869446551568,0.695977838792461,0.439991749578224,0.3011767447656,0.171717714161485,0.0468398459733573,-0.0382747942520859,-0.066140142715198,-0.0625178786740455,-0.0591157138964623,-0.0408157139952455,-0.0232766526159678,-0.00400922929217611,-0.00209813256254995,0.2290028399101,0.182901081131955,0.158837750710019,0.127004964891577,0.0955455600232115,0.0691662024375238,0.0404339038045006,0.0164726591547439,58070.7611759805
"435",-0.157609978198601,-0.0894168992110875,-0.0906373693247634,0.105742802108832,0.0993947786160163,0.0720909090445163,0.0542418851876539,0.0153074368167591,-0.0539726113317504,-0.0691894983884264,0.0618990168828369,0.203096990453561,0.501089710820458,0.648994541548281,0.805563905168645,0.947029333613291,1.0201359648768,1.01685740465505,0.905295686685525,0.722728477804585,0.450454637944727,0.305827670766295,0.172663402844618,0.049096136536146,-0.0570881502143884,-0.0743822904546552,-0.0622858867689012,-0.0511305567716231,-0.0373274952354233,-0.02529203997013,-0.00824058503080113,-0.00210351570031312,0.225319808934226,0.184198143328513,0.157786085089052,0.125684629160864,0.0971143482468023,0.0692207975864939,0.0398727098871652,0.0162561414919089,58074.4149610529
"436",-0.171321808606972,-0.1019857482835,-0.0444318164076114,0.0980558509597718,0.0939633913244677,0.075751758958357,0.0554694508740372,0.014541800668162,0.259776431974793,-0.0411883099286415,0.0103708403834184,0.234173550618477,0.504703453667017,0.6568402016223,0.802234355152188,0.948878180341313,0.708051549286581,0.993917412071308,0.941948611219775,0.695573226999494,0.448482570641503,0.296011643345249,0.175383523641902,0.0478674294237936,-0.0447577532892943,-0.0751422826416002,-0.0604942771702407,-0.0606811789582641,-0.0389778185541634,-0.0250630199494842,-0.00612513238553292,-0.00347612678478076,0.224693900678961,0.189278547452474,0.158688119313246,0.126081643348728,0.0968773577694061,0.0687685574400932,0.0403970385651651,0.0163564561060902,58070.9296880556
"437",-0.175003867386209,-0.118635515024608,-0.0556018899974483,0.0969809968070724,0.124729763842948,0.0802184940868809,0.0509658476586244,0.0128583675753823,1.05642719043384,-0.116756180815982,0.0630910699574739,0.237903815776944,0.487040907254478,0.638973611585093,0.809074971128183,0.948946305697555,-0.0847147496280818,1.07573746158087,0.894447045092799,0.691604785447697,0.455638133516493,0.312643831193584,0.169726959195705,0.0480749463696764,-0.0518436402830138,-0.0760806799694891,-0.0651991893267213,-0.0590153354211532,-0.0364175198392308,-0.0200119542312846,-0.00876061140453495,-0.00221309032206299,0.226483668651282,0.185521928802522,0.157635884032177,0.125534791580818,0.0979233805890711,0.0706340751462351,0.0403072939938957,0.0161092642881981,58069.0120081056
"438",-0.141025103208974,-0.0914453338247079,-0.0705273934237843,0.110036788764754,0.104997422859724,0.078060578608505,0.0550875366730376,0.0142314490598105,-0.107833572328603,-0.197216650408897,0.000290911819609493,0.229881048142761,0.512437030029282,0.652689827209461,0.80544515839399,0.948564164099614,1.06525936204491,1.14733451948988,0.960773623365484,0.694413164731186,0.433790660592877,0.299753919862853,0.17221461702634,0.0478214944154196,-0.0518826510411695,-0.0782711733048267,-0.0648557631250817,-0.055856215688526,-0.0302043130062845,-0.0259227936014304,-0.0083454834234673,-0.00118436508021598,0.225518438056652,0.186268936015241,0.155664770103293,0.126879687009195,0.0968032254294339,0.0684396566883582,0.0409632787074526,0.0164572081798927,58068.5744656904
"439",-0.174048205720025,-0.0709387975787403,-0.0467424326242327,0.101598866335375,0.101337459582198,0.0703666633804562,0.0539562896348618,0.0138949860294816,0.50348074952241,-0.14707865849624,0.00298698803772208,0.199730662871358,0.516047737950555,0.648443794126231,0.803548408240015,0.949980947533319,0.466760080314623,1.08909543491575,0.952244829491932,0.73000540080769,0.431717925702708,0.308197838369012,0.174979152440179,0.0465398754095614,-0.0499993842244215,-0.0710110868632389,-0.0719475919863409,-0.0605903711322322,-0.0345939730526674,-0.0258116758990635,-0.00924844131840183,-0.00282523247275363,0.226433533535617,0.186131090371378,0.157043999670338,0.127592646268041,0.0971400995936726,0.0686389634083545,0.0400107423991603,0.0164903054575406,58073.9997324847
"440",-0.181594228525484,-0.0876319251834376,-0.0500984476419222,0.114857474766725,0.0903147999413336,0.0801420714574235,0.0528605987864931,0.0127621950575978,-0.0408312440444374,-0.173964552870997,0.0190641369307026,0.180337877669923,0.520238406413105,0.644287337116582,0.803172673620834,0.950908687929658,1.01179690522725,1.11896921041798,0.936402627086454,0.74343328542319,0.433193257144688,0.305868541336757,0.175352348327245,0.0458275398952749,-0.0466724252655651,-0.0648912031060587,-0.0632799889368915,-0.0568298526756503,-0.041738856172089,-0.0179021053795145,-0.00781957185931858,-0.00259652508897473,0.226440026960433,0.181277460830353,0.156564704705796,0.126552465826792,0.096174190834461,0.0682319426229961,0.040411839065719,0.0164102243277297,58070.7262921164
"441",-0.194142312775157,-0.0884396562248347,-0.0771467453197731,0.120872936119792,0.100726327382768,0.0730890380452494,0.0575224311043005,0.0131621511828119,0.186299616953797,-0.0444684301274637,0.0177387003443353,0.202128564224197,0.478052748682824,0.651766835872828,0.803675300237622,0.950757271366738,0.792163923753545,0.990755037361896,0.947291454239905,0.718847255508309,0.471822058380095,0.301702206388882,0.172344810074688,0.0460623838617454,-0.0623340457478715,-0.0684647660747025,-0.0677724919828805,-0.056266805706907,-0.0296583548188844,-0.0233752251390095,-0.00621450946733627,-0.00282001212550363,0.226260575604961,0.186313035978664,0.157042176552702,0.124154534074179,0.0965199443519191,0.0675980764400407,0.0405447321295267,0.0163007313867377,58067.4321461322
"442",-0.154567693059631,-0.0951653623515689,-0.0653139095530091,0.127566428508495,0.0991300715892238,0.0652494904521037,0.0526897809617697,0.0134925738316012,0.0154258122164646,-0.11142731693985,-0.0251870894979257,0.190450586970764,0.511698712299157,0.660409634326076,0.803572413722509,0.947161856052856,0.947306818268594,1.06027577142823,0.988481729016302,0.730603721965793,0.437490492673235,0.295851222018371,0.174935288765467,0.0493412826759767,-0.0410916320664121,-0.0640921989321222,-0.0764492289889096,-0.0615470855254493,-0.0347428414447989,-0.0212784924906655,-0.00750938378432466,-0.00121243172029113,0.226745278295252,0.187235203782137,0.157831279571134,0.125618981435785,0.0973334305258134,0.0688538520750393,0.0403028976792673,0.0167313747907829,58074.1197329112
"443",-0.194458760308776,-0.0677319248385418,-0.0719156419759792,0.102110718551781,0.100348084741948,0.0727727942933265,0.0514873006435004,0.0140597226443651,0.954378365527513,-0.103554995210934,0.0270705781577442,0.214560276122802,0.488065368051287,0.656262481420279,0.809571735857976,0.948716755344447,0.0204447133153844,1.0436517977657,0.934646453418271,0.7123787073637,0.462390490602621,0.296843135000578,0.169360208661217,0.0477040990024833,-0.0413494191184617,-0.0729897276668389,-0.0646594264414477,-0.053198910622074,-0.0326312539343956,-0.0204808940765291,-0.00918275763290119,-0.00208503112361022,0.220831954975666,0.186070037487744,0.159387558884082,0.128973159590839,0.0967990513294949,0.0693443831623302,0.0409096239750827,0.0166065964985591,58071.6443094997
"444",-0.14439840461735,-0.0896367280814995,-0.061159300922624,0.0885730127724182,0.105384189364415,0.0741056455244535,0.0502590287773459,0.0126047168974842,0.856039568043784,-0.0994347502196653,0.00562465293373199,0.210418927972902,0.516119044962387,0.657686985691355,0.806527572024902,0.948426575346031,0.106031772625166,1.04700580173051,0.953788142731454,0.721729796998392,0.431808525523299,0.296143040865136,0.17236080380817,0.0486084443094446,-0.0535885925938719,-0.070231615744485,-0.0658797338628779,-0.0555666773255634,-0.0359092754141667,-0.0267005387454422,-0.0076585520111087,-0.00193371060110157,0.224244474796821,0.185130359966672,0.158866092145473,0.128732437965365,0.0971289348695778,0.0687894114244389,0.0404911369835107,0.016460732274567,58075.1482459906
"445",-0.1375021255257,-0.0526261772501033,-0.050693312447255,0.106428222033473,0.11493718555824,0.0805289116752494,0.0553843850193441,0.0163172345484266,-0.0151384882691853,-0.113169104597628,-0.0178086443783398,0.200362334184782,0.489705367079045,0.642107310475102,0.809336890954194,0.943686069931864,0.972543861344627,1.04753117714494,0.973923956474913,0.725355375344213,0.455366322822735,0.308956111984866,0.16783069573606,0.052397283458994,-0.050479443898156,-0.0631720455152205,-0.0652563009168044,-0.0532555844497754,-0.0379079952326025,-0.017361378394618,-0.00844700673459964,-0.0018166440127576,0.226585308413679,0.189625384328332,0.160816235628821,0.123650210415913,0.0968422785662535,0.0690230544561457,0.0398980085709839,0.0162504965663371,58061.5263484277
"446",-0.166903826252897,-0.0660625730551542,-0.0692706488726705,0.113777910984668,0.0976868129928939,0.0811284051193919,0.0571112441272059,0.0144751954079548,0.94754315835825,0.0156644274094633,-0.00503671082571417,0.233266099921408,0.520847175476894,0.639921917081796,0.799673809186079,0.9493343609938,0.0215713977024387,0.922567338897537,0.967849597990547,0.689964815032037,0.428802522294964,0.311031543288073,0.17739557132598,0.0466837029450228,-0.0534937030946597,-0.064405714332501,-0.0629042946070311,-0.0597647237031294,-0.0370456994741715,-0.0241032260611714,-0.00571643599905272,-0.00157490161390929,0.226216727529358,0.187626677902555,0.154108564459077,0.127255730471878,0.0971678129438375,0.0706517399463609,0.0400332852299295,0.0162348215624357,58061.0033900756
"447",-0.178690606710599,-0.098850907690007,-0.0389277732538445,0.109591719580742,0.0913970757755656,0.0730641038443321,0.0565902713218997,0.0161373620943721,0.521332735824349,-0.0131180542493281,-0.00329692255291993,0.223432767030909,0.51776416114121,0.647466921367863,0.80339629514534,0.944481587704638,0.454452092799766,0.964731582660176,0.958457216701384,0.700253121144745,0.435291232067413,0.30744758443247,0.173547339406005,0.0515632050061128,-0.0687854774626259,-0.0673109272260086,-0.079028872037886,-0.0551112651347084,-0.0357300436449625,-0.023578046710685,-0.00644370191503824,-0.00219080837594582,0.226632466331538,0.184971223929491,0.155049760591524,0.12656846238549,0.0981311480040974,0.0693166992804338,0.0398538423460588,0.0163457337730284,58062.6937212006
"448",-0.148988125063293,-0.0812065519837959,-0.069516191710282,0.123366130546907,0.0980553098251603,0.0728325975400704,0.0561415856053111,0.0124974538058583,0.975967511127006,-0.17686516252172,-0.0125159274936708,0.185416591927858,0.500939449817367,0.652929790191379,0.806475780380451,0.949997549249032,-0.0142992883195555,1.12197025907808,0.975602152979447,0.737780696603753,0.450658212344586,0.301592886231447,0.17090352443813,0.0468632783043812,-0.0440896596784083,-0.068528691465148,-0.0689420664322896,-0.0610572665146264,-0.0364252426979148,-0.0233024706373726,-0.00771826106335459,-0.00248739615037525,0.22482490801647,0.184642192049584,0.161531033655355,0.126638919850992,0.0950804372186082,0.0682904489703611,0.0406034369317396,0.0163910181972349,58074.0803301128
"449",-0.173692535888939,-0.114387608647306,-0.059159277141378,0.0878432392406265,0.108604901484395,0.0641535944913612,0.0538774031658013,0.0149022563323984,1.09765848112541,-0.10934726332045,0.0117751884044156,0.205655463836633,0.481480793406293,0.660017704096317,0.807972096250905,0.947608954291685,-0.12780932848579,1.06358738197136,0.947310310324099,0.726456964257131,0.466237774482972,0.296575219022035,0.169681884249383,0.0483535534996201,-0.0471816739648254,-0.0635106131547619,-0.069785646855844,-0.0533051391985491,-0.0322626102260744,-0.023473089749514,-0.00805205826408527,-0.00118296668178435,0.22697279890821,0.182051926046146,0.155430898666189,0.124408981635358,0.0984681686916814,0.0687970202794892,0.0398597220027621,0.0164243511832057,58070.4434840558
"450",-0.170562485616677,-0.087550972778165,-0.0406919693599697,0.113648859225521,0.097968794167782,0.0769000088426896,0.0522788295189727,0.013090240166668,0.591703307923732,-0.124059944318734,-0.0119713631646757,0.2285963993873,0.513996517018145,0.637844753912538,0.811361679876915,0.948799700823811,0.379994357260833,1.07053357389599,0.961885326262698,0.695081357632681,0.438019947125425,0.315257037224353,0.167048298463914,0.047898467229207,-0.0547204846949252,-0.0719003822673922,-0.0610387721317856,-0.058591045191285,-0.0444033670559864,-0.0213275570662042,-0.00862293777333638,-0.00161738437069881,0.225614076584351,0.185083331489602,0.159523888932686,0.126864248935753,0.095905309518601,0.0688432969711356,0.0398970709577164,0.0160677574385524,58070.5013655546
"451",-0.189134077989596,-0.0903106734341153,-0.0717205105029653,0.108273218488591,0.0995277957590564,0.073719812042183,0.0523212149694925,0.0152045850902326,0.0211318436720075,-0.0862103476737537,-0.00305855890364494,0.216376429477489,0.513959190582203,0.657820697598138,0.800307533816276,0.946347197753662,0.956539037290669,1.03330381228881,0.966362507932565,0.710445309196906,0.43824127492459,0.295683419440012,0.178172803400459,0.0497334371089986,-0.0546679312151948,-0.067667474518529,-0.0631602774276902,-0.0591180254291971,-0.0439462494957611,-0.0237244240352854,-0.0049491269851649,-0.00147539779010641,0.229739949893541,0.184671217972916,0.157998937858074,0.127100484631313,0.0956243866899221,0.0691094543801968,0.0398657592747396,0.016237486869822,58071.0946256814
"452",-0.168383789697537,-0.103907263173986,-0.0527829553091941,0.101669468038001,0.104848335566685,0.0789573545931791,0.0552758792665787,0.0128771282087094,1.124110505931,-0.0323555022807438,0.0282609970880807,0.236028482520914,0.50115680806916,0.65574937813206,0.801160716590424,0.94990940780762,-0.156888877866905,0.982173798917173,0.93068122764722,0.691510649849323,0.448446133668689,0.296895243287643,0.176099348279878,0.0468604467974924,-0.0376728904838685,-0.0616878550214454,-0.0751323185917243,-0.059077585139159,-0.0358060794586048,-0.027597196811454,-0.00458541854891161,-0.00191863099674029,0.2279295156956,0.184284497486312,0.160658473947351,0.12451430549792,0.0963568559976071,0.0673363973073986,0.039688766159993,0.0161154715133531,58065.7779801231
"453",-0.160578899939173,-0.0869469236042201,-0.0538320213977689,0.116396684939999,0.102255515279042,0.0630925744497957,0.0511359182308612,0.011840248458926,0.499786404653453,-0.153215471141986,0.0287341460338557,0.199049978928911,0.495573167141603,0.672627940779779,0.806641897455656,0.94887187829093,0.467152340258485,1.09863273167588,0.927745633837518,0.72397025979957,0.453247153957876,0.284356637598486,0.172123396264793,0.0481422803912691,-0.0531114186531416,-0.0612396846203865,-0.0715955731785451,-0.0624424088492833,-0.0340240693122873,-0.0232114402092399,-0.00734877364011198,-0.00112505081956336,0.226390179192429,0.18235981011308,0.161493585849697,0.126652398363652,0.0972872045679815,0.0690756636400692,0.0403587145454807,0.0160943656868141,58069.563952302
"454",-0.127637563932386,-0.0575498232902848,-0.0609836336031871,0.102301335827122,0.100817969353639,0.081995024528897,0.0552087871598804,0.0121446862589973,0.646840268159222,-0.107822218903206,-0.0280684137588276,0.221792090624918,0.493460994277317,0.650502637272271,0.80112007270523,0.948745334218917,0.308562857329351,1.04621216714036,0.98838855279035,0.706555991674907,0.457807892400061,0.300954100439633,0.176362551031009,0.0486948601395948,-0.0573791371880036,-0.0807472266018583,-0.065865519923084,-0.0639762286377185,-0.0358935729339469,-0.02449594230686,-0.00637068436520558,-0.00322658262541671,0.225588089041905,0.183691972665651,0.156886475270281,0.125773103939152,0.0954975310113259,0.0692301555809909,0.0408026594544949,0.016533716630687,58068.8827850112
"455",-0.125282903155916,-0.108197891467079,-0.0408930227104651,0.125404579462619,0.0849699896962394,0.0608983791975262,0.049494903304798,0.0124854380776887,1.23710830829246,-0.166421953867266,0.0148830194626011,0.192092718807386,0.50384202591828,0.663679572581758,0.808490168375846,0.948776347825358,-0.279709406992273,1.12246732814422,0.940465322311832,0.727465688773254,0.45229577790421,0.294077291379181,0.171322418308681,0.0479805003145717,-0.0505112547833143,-0.0758591048748996,-0.0771177967097228,-0.0540619484292957,-0.0323374253179194,-0.023944953550555,-0.00936653611979098,-0.00101802377871399,0.230035462717023,0.188719512056226,0.156849631719501,0.123290668438585,0.0973765878287999,0.0691754878373699,0.0402386497582282,0.0164217259739241,58057.5433940009
"456",-0.157545083506167,-0.122311947977005,-0.0501089175722951,0.106928199503959,0.107301959512587,0.0716650375135019,0.0494173286745196,0.0131552745339772,0.694283434446729,-0.14386904900037,-0.0340723420903193,0.215217960405407,0.499304667558117,0.652545399989629,0.806195981626893,0.947632326603284,0.271049180408789,1.10119831421124,0.990867713307829,0.710149932435532,0.447105105809812,0.301196571432394,0.174166648452018,0.0491928371508828,-0.0524320251294167,-0.0598380712065636,-0.0746097206035835,-0.0582253123227686,-0.0323421138141199,-0.0197218687037131,-0.00979554024345962,-0.0015511024611903,0.229172171382923,0.185160145494039,0.158849469711721,0.125910743121053,0.0973583178232432,0.068900019245324,0.0402481923471633,0.0163671768537299,58073.1278285491
"457",-0.182889084628724,-0.0893260371909185,-0.0437381789022077,0.103431161472384,0.107642634375412,0.0703217779593699,0.0540841398555552,0.0117939802616543,0.0273230365231183,-0.16605491488698,-0.0184235400768851,0.211406901099152,0.487670817221095,0.658189552861611,0.802226259123174,0.948582186594998,0.947975266911991,1.11650214376776,0.971470045844963,0.715399903608638,0.459642477657199,0.296550654283816,0.176566922154373,0.0490292363658539,-0.0559453514536956,-0.0809080773321526,-0.0604134213659879,-0.0592559227544653,-0.0292030631551234,-0.0224802605235919,-0.00966639420457072,-0.00282697309038981,0.230590663378961,0.185288695845335,0.158726704045002,0.124980383122579,0.0943980356526883,0.0695602783765608,0.0394899424382607,0.016530591367305,58066.4894683743
"458",-0.157624163247147,-0.137261085085741,-0.0299153897539503,0.0927703548700524,0.104360466452272,0.077242852628254,0.0580337690622076,0.0144530809950361,0.855214777884924,-0.014247531948396,0.00513562631253829,0.224065683834327,0.496730800215223,0.651116067763719,0.808446121430586,0.949357990037882,0.110525187517731,0.976597238632239,0.945067570002447,0.707443600062707,0.451668408601888,0.30197993690428,0.167627724793727,0.0468767521199494,-0.0458397875085745,-0.0648247515499001,-0.0733292077157702,-0.0588309194778473,-0.0326386656170022,-0.025918858671433,-0.00780896954604107,-0.00235934125244431,0.224787421235381,0.186548878068901,0.157740503239654,0.127169916451045,0.0961974717691293,0.0698841769110233,0.0409076718458736,0.0161213584571761,58068.0432122161
"459",-0.185319496523546,-0.114221807935992,-0.050351672181716,0.12028312569843,0.114539655944023,0.0739642301213356,0.0541417016294769,0.013838896202311,0.327020657956954,-0.0704448298073656,-0.0344844890503469,0.205557641670084,0.48844807604253,0.650147749595622,0.805482937045734,0.948391713194953,0.649861350200024,1.02661291261384,0.988394010125903,0.714573028472785,0.457448643392106,0.303305083995615,0.172364218266257,0.0482070071806117,-0.0592958601892674,-0.0765260247540128,-0.0569595662551956,-0.0532406264340008,-0.0340266599601848,-0.0209969662280874,-0.00660477554745317,-0.00152238528313541,0.230298343533676,0.188065026916269,0.159983884703588,0.126915224600416,0.095417553987899,0.0687489792609314,0.0402002144134749,0.0161875398637017,58071.9471417499
"460",-0.189662106073553,-0.0648503281781784,-0.0897680960759819,0.0936809856788142,0.0938169181130862,0.0702682422144359,0.0545040650732419,0.014832939153218,0.406447360305094,-0.0554239156580285,-0.0387915826212437,0.205149694780592,0.498871660606343,0.662651601021488,0.802583990184784,0.949751379217833,0.567751102180196,0.99613399680761,1.00936287185096,0.725549603610638,0.452574331761229,0.292317543631602,0.175447277679396,0.046365365174633,-0.0413006464092268,-0.0742328956773642,-0.064385843169832,-0.0575577494284919,-0.0307735558341964,-0.0262442052006369,-0.00877982712499277,-0.00249620905621155,0.223839645555439,0.185788945895383,0.158442546717872,0.127969435162465,0.0974172834833995,0.0687480851204108,0.0408758836277565,0.0164657320453162,58065.8769219121
"461",-0.192167728042566,-0.122971699042525,-0.0657736928643261,0.118463976739524,0.0951953801723182,0.0700121203935318,0.0509436941671167,0.0139111741357508,-0.0419911657237687,-0.044420034248914,0.00908216195789223,0.19017921212688,0.505599394154743,0.665308706409173,0.813245302288645,0.948724224336949,1.01781350172783,1.00134786909951,0.950446939682855,0.730737015664947,0.446108737451906,0.289707602049118,0.165465716403343,0.0476911701393976,-0.0455415823382903,-0.0605584184786012,-0.0638491145334689,-0.0547445675288997,-0.0372215538574975,-0.0264032726591382,-0.00963072053960586,-0.00227913287175312,0.228115520089139,0.186009854948983,0.15600332783887,0.125565752493713,0.0949197046622762,0.0667367156817735,0.0402094531173489,0.0166308426217855,58065.5323199738
"462",-0.190091008881523,-0.0911442475567065,-0.0548018124944424,0.098825815259154,0.11845086446904,0.0628913637633369,0.0557498026694631,0.01400771771444,1.03581164494552,-0.0327100946343361,0.0449890379336533,0.203242824797639,0.496830206198591,0.65647627064121,0.801567345772697,0.948698253981693,-0.0598668721628286,0.979466649420972,0.912760445975459,0.724551581137746,0.448450717604015,0.300382914617441,0.176383172032501,0.047707338991621,-0.0530679864412108,-0.066782353672422,-0.0728086958821768,-0.0565521111556483,-0.0424550177719442,-0.0197333613059165,-0.00828162588491459,-0.00219020156403097,0.232103229675973,0.185325297030557,0.160313296584299,0.123923425701378,0.0976715274509821,0.0685396804406301,0.0396047467819353,0.016171828420731,58065.0521285618
"463",-0.170801960878886,-0.0641909881979671,-0.0626111713734693,0.116174002044724,0.0903214425266212,0.0708558263807459,0.0578158158789348,0.0123979658012658,0.0156970181433576,-0.106921541739741,0.0224150224783501,0.202480112023318,0.500572682068183,0.649242435935925,0.804381252523692,0.948101844930201,0.952861034158819,1.04530849586308,0.938006585452362,0.721935095653005,0.453959265993871,0.305897178526582,0.172381569054854,0.0490021933894798,-0.0490554017975554,-0.0630046464186529,-0.0645435305314659,-0.0634141240297949,-0.0387661526201654,-0.0215836440789465,-0.00748262561652921,-0.00221200985713389,0.223884109814793,0.186861068959425,0.158731004862963,0.127855187237285,0.0968483832757874,0.0681457585768085,0.0398825828753049,0.016118445550796,58072.8624972489
"464",-0.125246508964838,-0.0750870116060058,-0.0488679816880593,0.0861300391774627,0.101699569161014,0.0685767591369483,0.0542880136022127,0.0106717275630888,0.944835118031665,-0.081269065234929,-0.0369465422087222,0.245789084288044,0.504175253988098,0.650723969932641,0.805295552585378,0.948737356121651,0.0113230523944484,1.02259863875726,0.994168114052233,0.68544733136148,0.444689828893975,0.305830308921113,0.172660994807909,0.0493386025393013,-0.05406212882296,-0.0651515564700868,-0.0743421516703855,-0.053429467803305,-0.0332586919047548,-0.0267850317610369,-0.00918437672179655,-0.00261822278767922,0.224241318011249,0.184696628826297,0.157532852864011,0.126406995918913,0.0951474485553687,0.0680290524887896,0.0398901882906575,0.016473798049928,58067.0012907291
"465",-0.167830074851138,-0.0722213136348764,-0.049584822188928,0.151300187272673,0.110248059284806,0.0695478789486626,0.0555312639397942,0.0144384975264108,0.930524304906257,-0.151109427402776,0.036258761853736,0.145535816185969,0.501569474722671,0.668512131440854,0.806388624591035,0.946573420697412,0.0392451443060621,1.09160696897511,0.917072998677313,0.766794130509834,0.445425285997436,0.288046456743225,0.170314047120721,0.0499345399421553,-0.0537654106876852,-0.0650185391155234,-0.0611056299563427,-0.0567146749485844,-0.0388786487869682,-0.0287585860955967,-0.00778514526845912,-0.0026135489404259,0.223287849815787,0.183995550761828,0.157176392123886,0.127753059277532,0.0962456054195538,0.0688548345611211,0.0404203285577721,0.0162149434492728,58063.1092792436
"466",-0.132382764395047,-0.105356594730852,-0.0436510689300268,0.11469032630832,0.115710077724842,0.0712655852192565,0.0507250100120138,0.015983764768584,0.369788192296919,-0.137017671840936,-0.0402173312186008,0.223865381876747,0.478571172698292,0.64366425588373,0.806423247354277,0.94806992082616,0.589052714329321,1.08839752591117,0.993502876100578,0.70014433359874,0.467337825968893,0.311160770623912,0.172546079369448,0.0477178268975506,-0.0527468275690295,-0.068649608386405,-0.0680669548621016,-0.0607121768244354,-0.0357698620447145,-0.0225264422683101,-0.00807093967758978,-0.00280514737748761,0.222231462395446,0.18646358226808,0.156054280675305,0.124723733477935,0.0962077261291205,0.0680198610696874,0.0401013298601781,0.0166073313871207,58068.7576952313
"467",-0.145536750168967,-0.0858960095951115,-0.0628835321335778,0.115530740952897,0.113932782883482,0.0692723363257185,0.0560601227873679,0.013561389021759,-0.0861450901203559,-0.111673574786672,-0.0420754379888807,0.200385359861985,0.488482853052265,0.657608787849003,0.801740091767604,0.948348462391266,1.04529841155031,1.0591507453137,1.00400817754653,0.722703384514128,0.458628892061047,0.297125191479845,0.17572846987443,0.048733640449566,-0.03392981726374,-0.0743162872298246,-0.0653228174035042,-0.0577901974975363,-0.0369812164041342,-0.0187913847154864,-0.00836869811196972,-0.0028711010921866,0.225959562039985,0.189157446158567,0.160333127861743,0.127912754885232,0.0973353253551773,0.0691779095410399,0.0405195470940512,0.0164782073780459,58070.0603333462
"468",-0.129197326092064,-0.0772038189083275,-0.0610823338380887,0.0905073956398991,0.10154800595295,0.0772096232542997,0.054460631568353,0.0149198986330126,0.730844911297535,-0.0995391680293756,-0.046982678457792,0.209246808651742,0.512451403280542,0.651609486670339,0.803843973618336,0.947645497295198,0.224193999103858,1.04273485470896,1.00756684910507,0.7212398995858,0.436665799750452,0.300790233836491,0.174507058287652,0.0484216682206092,-0.0447802720061454,-0.0646189071696503,-0.0664440436528621,-0.055553013741332,-0.0383088418317197,-0.022382445171709,-0.00838542775605139,-0.00213586202582712,0.227038156097776,0.184141156128025,0.156673692471993,0.124597846682376,0.0976424746758832,0.0700867164854301,0.0400310994183566,0.0165754557238676,58072.8431364856
"469",-0.171828228070193,-0.0771214815132755,-0.0455331432665159,0.108652929800948,0.0925010407465204,0.0764087606786058,0.0553342519911729,0.0114595925266032,1.07265805972337,-0.149292831685334,-0.00127133495221418,0.223291971499789,0.507845256652599,0.633723456507485,0.804771048578837,0.947329755538254,-0.105454112337285,1.09148386367781,0.957711394288279,0.702211673619987,0.44637766843126,0.319879077189807,0.17268878973059,0.050292262968419,-0.0348531429750554,-0.0659920415066695,-0.0759019738186895,-0.0629233037569869,-0.038757083516636,-0.0223469977894213,-0.00794128708587363,-0.00198430341836142,0.227219414207996,0.183460887468665,0.155559119025482,0.124714999167489,0.0963708812662643,0.0688057381200052,0.0398780530761294,0.0163963794243632,58069.2381770778
"470",-0.158994825294365,-0.0774663745917943,-0.0748661638220033,0.109325980963609,0.102446355779129,0.0739388717415882,0.0581928415046795,0.0147976107316842,0.822720399163994,-0.153608977340557,0.0111660042304151,0.21374714032355,0.511831040988357,0.664572738177247,0.803278465375888,0.946538352132531,0.145020325449789,1.09637763393599,0.95491333496883,0.714078111342385,0.437187288717769,0.288370050829096,0.173298306711493,0.0495371273693736,-0.0519064916527518,-0.0627978565796983,-0.0697817442398142,-0.0637951086984117,-0.0371625676840363,-0.0221496812708146,-0.00758213881629847,-0.00159148448171535,0.221719624470853,0.183790899341994,0.155961482657498,0.123774796066735,0.0965189181996856,0.0700854425246546,0.0405237304737535,0.0162991592992462,58068.3603495021
"471",-0.175638363377978,-0.0902305972692481,-0.0516310559382776,0.101558362554053,0.0972414433326539,0.0697642784471733,0.0495527758872449,0.014382843388014,0.580211311551965,-0.0811922688486312,0.0361907789930086,0.206139942271545,0.521960117943844,0.670187476190545,0.812672636565254,0.948544646652401,0.391037004461753,1.02929256504155,0.920271687059081,0.722327098642713,0.4284528954224,0.284658377469187,0.166249415450009,0.0479298747895042,-0.0529425419842475,-0.0684330216159274,-0.0619773383282906,-0.0593645739526093,-0.0365907649960631,-0.0247890524849338,-0.00894720664712874,-0.00283879854837074,0.22544354088085,0.184812997628315,0.160406557109838,0.126897758232712,0.095855076692375,0.0700880147577656,0.0399445970556082,0.0160902159520381,58071.0529621633
"472",-0.138602981737768,-0.126104160180911,-0.0533888577840766,0.0994867744521261,0.105538299684586,0.0766711218422741,0.0512093879101277,0.0115605568064782,0.0969722375940531,0.00335970587647536,-0.0142575289167412,0.1861984430419,0.495495580552776,0.661382366971297,0.80796860243201,0.949869075169432,0.861547593037281,0.957028688312722,0.972393344675402,0.744344418759226,0.454031749478058,0.291408877524957,0.170937498789911,0.0475249255869676,-0.0615953031979173,-0.0737500419361715,-0.0716429074442143,-0.0564178321321068,-0.0346233327898489,-0.024279464698641,-0.0078854852090859,-0.00187515943690045,0.227143815000826,0.188430113806555,0.157780678995795,0.124776726176422,0.0952319445686989,0.0684062982376864,0.0405533965375776,0.0164867405611779,58067.2254566593
"473",-0.142165907094602,-0.0994128726310692,-0.0779341771878091,0.1341514169924,0.107406435933774,0.0677963168407568,0.0516183253412871,0.0131125290225831,0.530733334181739,-0.161318563688345,-0.0219128832293091,0.200796514209527,0.497268651046549,0.660697893756957,0.807153935057177,0.949135528661917,0.429657021635912,1.11045499571247,0.988139669624373,0.716284673836597,0.45057782585773,0.294996819825024,0.171766116330248,0.047701596968457,-0.0524213063927767,-0.0641015854971862,-0.0681360660039256,-0.0553014263388764,-0.0348150182583538,-0.0229743487824639,-0.00860786613459446,-0.00186568989968462,0.223643533536096,0.185859976232892,0.157510839266824,0.125705862357926,0.0959727656770933,0.0690578864602957,0.0400177227999117,0.0164657909380878,58078.2961264978
"474",-0.17489221838591,-0.0877522222704951,-0.0725105537824081,0.142761941386629,0.103582598705467,0.0695988453297911,0.050856378212918,0.0126270345936904,0.304130029201045,-0.180238090509955,-0.0124112416514974,0.182835707610903,0.514065767953948,0.657172314063465,0.804378430018618,0.949396378403552,0.664863841399606,1.12712837563101,0.974189263026869,0.729372854772878,0.434825622668435,0.29840341007268,0.174859879657939,0.0476631697099795,-0.0468177569302455,-0.0700265223803656,-0.0616560673402275,-0.0497899636889531,-0.0373613412020717,-0.0235067848632123,-0.0090842707475995,-0.00290099990011879,0.224815274634452,0.186833632021568,0.157383646140783,0.125128235849245,0.0965286390639292,0.0695524005517637,0.040531791730108,0.0163223833747486,58072.2187984268
"475",-0.17901798442891,-0.0993196106838253,-0.0409751797365056,0.102647555020478,0.106166511327153,0.0728690151041108,0.0533192397287622,0.0146207034070921,0.0635424707431068,-0.0998407954740067,-0.059171026375929,0.218636467539073,0.493410495021689,0.651674572112446,0.807371125780366,0.947680202104338,0.907227072051199,1.05040742683709,1.01212635141042,0.709806755363091,0.456249841879353,0.302875426696712,0.170873642182953,0.0486870436102789,-0.047659816115684,-0.0707918964789892,-0.0674315997229545,-0.0639890117575487,-0.0389565530910119,-0.0244214304030619,-0.0100980916674367,-0.00186202138502253,0.2206287822394,0.182634107166063,0.160429528282344,0.128332876703081,0.0947788754115644,0.0680858927670628,0.0409478511373616,0.0164879569678089,58071.3082871327
"476",-0.153299086127343,-0.0561474975150347,-0.0601379604955977,0.143585970268976,0.0998531039125953,0.0698329453634613,0.0530864630943005,0.0144097332502386,0.580366155011991,-0.167241417912717,-0.0185327529433217,0.20179660425356,0.511573580796413,0.658546268189051,0.80645361661131,0.949068911722,0.379317386715895,1.10011348833111,0.978558560108055,0.710020381340058,0.440120635595087,0.297063668981588,0.172311697866956,0.0472769710091877,-0.0400170383030744,-0.0626915409302266,-0.0685356434748949,-0.0514070722520785,-0.0394696627535601,-0.023020418714343,-0.0103476186848615,-0.0021935236445789,0.228375066355033,0.190271752321137,0.156763256102711,0.128673422956313,0.0959149303591393,0.0703040706767301,0.040673239447001,0.016507405377225,58064.7476246907
"477",-0.10317471830082,-0.073222936753164,-0.0551637705643299,0.0852231072509329,0.108235670844518,0.0800264307286369,0.0532832311387469,0.0126599277979127,0.606497430294914,-0.193250825648688,0.0686604697920405,0.253230977182683,0.500411530787545,0.648368991704572,0.808122127188488,0.948040285842189,0.337864963113537,1.13477382368092,0.888113809174932,0.680107142399896,0.445802033314957,0.302946600500769,0.169912949585955,0.0490743049055833,-0.0449774055227984,-0.0677786983847913,-0.0667870641630249,-0.0624688737959044,-0.0294298404303759,-0.0221357556387169,-0.00949493367893074,-0.00170622608010446,0.226385657769115,0.18560037834315,0.156837345788309,0.126022257725902,0.0962535191701677,0.0687928614837597,0.0402849939738624,0.0165243521567943,58069.4633791995
"478",-0.154507996841549,-0.0870613740811657,-0.0602710360359452,0.104208508234893,0.101566254257462,0.0728835312706121,0.0505820528281462,0.0141080775731752,1.04011697858847,-0.2089957342951,0.0550215322489315,0.222614021872138,0.505507576030722,0.650429866403008,0.806297005529738,0.947609508433585,-0.0765032143885765,1.15283136284089,0.904786477932802,0.704592400609692,0.44587200945046,0.304110622155727,0.173006787012215,0.0490078899666792,-0.0468150842292189,-0.0654117133887509,-0.0717322098465969,-0.0580483074020101,-0.0389716247582038,-0.0245738866325542,-0.00898183636329141,-0.00229072396318768,0.224842848053866,0.183434893034919,0.156966571478293,0.128615143730323,0.0967028608179878,0.0685123245917687,0.0406730526892279,0.0166985924359383,58073.4036015117
"479",-0.164781278022336,-0.0828341472404091,-0.0572942409061818,0.0901863904632577,0.111750754114809,0.0798581571586143,0.055722756913213,0.0106521999116329,0.521877557728546,-0.175111877615497,0.0175554135391744,0.210983879784193,0.496022821319973,0.654879453515188,0.798004103089414,0.950556753150551,0.444257464822766,1.1187585657496,0.94003803953027,0.721784492902918,0.451473332273383,0.296760501996138,0.180355319066578,0.0472889337047119,-0.0402182410780761,-0.0701339547937787,-0.0680981317213228,-0.0622691404971533,-0.0393877270652147,-0.0232123284128179,-0.00829598875772063,-0.00279502270912186,0.222488072518445,0.185951982000289,0.16113238221401,0.125847134878413,0.0978832990790418,0.070123690025372,0.0410655546992972,0.0161798075584197,58066.3874973878
"480",-0.161658503451776,-0.0932551312664706,-0.0819927728766829,0.106200761394793,0.0970353311756087,0.0646770977963506,0.0502578593080226,0.0146551086802912,0.143257473084386,-0.122088329872186,0.00616818342030572,0.177343940776422,0.532853934167334,0.659346477678631,0.809362949610612,0.946413266113876,0.819166556617596,1.07145617012399,0.958253834420455,0.750515394245925,0.4174349144271,0.297734318536341,0.170115769426408,0.049769314520334,-0.0350990724606658,-0.0756862196697497,-0.0552201534541113,-0.0574256721280823,-0.0369342822594306,-0.02270226071663,-0.00938015876684097,-0.000686092200873941,0.227941231284751,0.18596565728836,0.156899187157756,0.128269860608533,0.0949234868503148,0.067387870052692,0.0402153456186561,0.0164747963617063,58062.4572117585
"481",-0.173339297076043,-0.0980501451290365,-0.0568561806781298,0.106161888482098,0.100430738222545,0.0727159913033264,0.0554461120020207,0.0140399232129937,0.539658965898918,-0.0785141536930528,-0.0158745504847369,0.192175863184441,0.501774073096428,0.654594804918699,0.809390611119326,0.948167017520207,0.433817457382245,1.02850861110973,0.97537313112632,0.73306927031005,0.448239487129366,0.299214469036927,0.167242374804882,0.0485026617001492,-0.0631392159257598,-0.0676041481288055,-0.0691067166617154,-0.0526664874101376,-0.0341165574283944,-0.0214716628007975,-0.00801040125619437,-0.00252568965251524,0.224732811485234,0.183638386567967,0.158199442148085,0.127508404274179,0.0957560520764366,0.0687355862018792,0.0405920023030456,0.0164328694399037,58077.1786122312
"482",-0.130535910957606,-0.0894374772401229,-0.0601508643533028,0.121858067649501,0.0966104639942881,0.0759774942588028,0.0591899267471487,0.011059914222546,0.374634318561991,-0.135378979752352,0.0158380467627437,0.175482890186066,0.510983801029595,0.652735669908018,0.80420198102838,0.949003370151066,0.577824718003384,1.0834051285575,0.942524508027669,0.747301659782352,0.442418836004935,0.301416939098501,0.171957994029162,0.048580307436527,-0.0436666767279243,-0.0764660930022443,-0.0707298496804469,-0.0554036185444666,-0.0434786842526832,-0.0264346388841409,-0.00834560923799857,-0.00184221657364403,0.227869775301661,0.183760553949097,0.158547976382857,0.130997913242412,0.0955468984998525,0.0694278244060092,0.0404683553788177,0.0162562550800056,58064.7176171493
"483",-0.174352201357559,-0.0768857130841315,-0.0567560792129727,0.110054066183351,0.0993501748682553,0.0772886083058627,0.0547642892914759,0.0157453823724348,0.553382081424787,-0.155552315044207,-0.0123737166870173,0.208033961654166,0.526124274232861,0.659759009149548,0.803428097360251,0.947335196294675,0.421352900291841,1.09679529826852,0.970164464733201,0.717047705304784,0.422943880154922,0.291680349659457,0.174844446498824,0.0489381991163719,-0.0603516682307124,-0.0539447477122956,-0.0660890380176082,-0.0619240794740104,-0.0371846949966577,-0.0203197939345084,-0.0102508300970687,-0.00262308937914448,0.225593500843767,0.184431356714504,0.156839622409256,0.126379847107389,0.096230718593751,0.0687715863364374,0.040725326700032,0.0164496845714361,58066.0201153607
"484",-0.129793565009104,-0.106867401555908,-0.0726337602839094,0.0983466189815276,0.107161108351928,0.0628954529107375,0.0480631745497309,0.0113791329362289,1.08269173378627,-0.135411857293049,-0.0278536861279581,0.231245934417619,0.494622291286298,0.65569768794408,0.812890453724228,0.949618808145066,-0.127055700855954,1.09196358050043,0.993612977381371,0.69742582724487,0.455294560709853,0.301366687319312,0.166239920204782,0.0477821823780774,-0.0504605579485091,-0.0803130602556844,-0.0659056179019623,-0.0605458023901172,-0.0405367587469323,-0.0209689034724468,-0.00769233477507149,-0.00315009285424763,0.222963079913351,0.182758428459078,0.16027725153011,0.126543705705401,0.0974733971444704,0.069168902355424,0.0402159265356319,0.0161784084987955,58061.1740830972
"485",-0.20029813272161,-0.116505691425633,-0.07748610247994,0.109532622882849,0.0962760674358945,0.0654093769519829,0.0557827893547718,0.0125126588004068,0.579203730925082,-0.0681749789518046,0.0508270317593455,0.222260778713141,0.507442351617622,0.66309058874723,0.804551604724783,0.950877938992532,0.397932665509618,1.02092912652481,0.913659347070937,0.702856717485983,0.444160482729911,0.292146202075967,0.172493596733835,0.0458596115432128,-0.0412936794301723,-0.058335917066767,-0.0658938871085219,-0.0572519159181433,-0.0355577288094108,-0.0170341912298164,-0.00677622270237524,-0.00127528862829128,0.224082619656971,0.187030959694518,0.159234072888991,0.128078437348413,0.0963537327687573,0.0691461906029142,0.0404754208660783,0.0165274398361805,58067.9586183004
"486",-0.131145483450349,-0.0532476169660906,-0.0605902944428751,0.0971064797899457,0.0958425621163934,0.0735503338116767,0.0603909757801918,0.0135523268796577,-0.0723643470563039,-0.177530177323797,0.00578153218987325,0.226936676413891,0.50543782697331,0.661051651996161,0.794829430600508,0.949169126987721,1.02957618653915,1.1135407467593,0.953848551196939,0.702767743365725,0.446631435406984,0.292932355957869,0.181821172099181,0.0473837160551671,-0.0478541049483892,-0.0725799803123408,-0.0723400526371849,-0.0587984772125218,-0.0352379281829204,-0.0239077322671291,-0.00746686026905627,-0.00254602873848961,0.227868388202988,0.18565036263551,0.15452257306807,0.126624174281898,0.0984758016325803,0.0711034580893053,0.0405271577211882,0.0163489204198108,58065.1213617967
"487",-0.165227893601531,-0.0744906093985491,-0.0637584222461363,0.129232164023268,0.103875343609106,0.0660272302424891,0.0543336748645661,0.013898904960435,0.623498255409208,-0.105266400935224,-0.012951193373464,0.19028313389712,0.506415666844895,0.666841331653184,0.80703606923292,0.948089267652331,0.342123437463399,1.04705449853367,0.97239154546727,0.728016257227864,0.442057508036161,0.288776954119125,0.170632251062586,0.0483920659523484,-0.0460155077884263,-0.0633279467202765,-0.0650959753503138,-0.0567223799824266,-0.0385518710180484,-0.0202892705943654,-0.00898408445503851,-0.00131372179568315,0.226906658872578,0.188798445268969,0.156581127533955,0.126364923558663,0.099747003702761,0.0709745045156246,0.0405682104855217,0.016384673374202,58069.0432052759
"488",-0.148189497545774,-0.0920863726162013,-0.0682866272590331,0.10739985958838,0.094086171864176,0.0672244513721677,0.062717377974485,0.0120264205323617,0.385705693638301,-0.166858522259206,0.0106025841090427,0.202882150676438,0.501009953113988,0.647806276096841,0.808893476119153,0.952328379923182,0.57820735206436,1.11434922345286,0.951813298963239,0.724055255066016,0.4511353982645,0.309080469006928,0.165199593914019,0.0448211161727237,-0.0587195587506601,-0.070620500145792,-0.0640734040755473,-0.0612558406969101,-0.0358849835589382,-0.0257031496064151,-0.00877357652466868,-0.00336429967849191,0.222646289746317,0.184667823742938,0.156911377820998,0.125731756390315,0.0952654234314021,0.0693140940224313,0.0401086938709027,0.016137321960067,58063.0901733982
"489",-0.170020887352638,-0.0865152631458287,-0.0382435938677561,0.117458330028596,0.110418950782586,0.0700786220464654,0.0509628474605641,0.0142823842135467,-0.0619143090220195,-0.0953840703747009,-0.0513980404339847,0.206276502038939,0.498311802165147,0.646169593210815,0.798481287848399,0.948451605644595,1.03279672709504,1.04102899765432,1.00267704994111,0.71476663599056,0.448123804269659,0.308223005995835,0.180597698633564,0.0479034375278642,-0.0512807502797436,-0.0654748239025651,-0.0637670015358389,-0.0517097559011433,-0.0345893872708198,-0.0167849526113505,-0.00578126195754032,-0.00208575240769081,0.22975768703531,0.189448767239919,0.159859942199429,0.127876960202767,0.0973685496237435,0.0687014547878631,0.0403182588846226,0.0163277434105011,58068.518279529
"490",-0.178995906019577,-0.0951788340467163,-0.0627923767786764,0.112913029003422,0.105407967539769,0.088790983963063,0.057506303163408,0.0137997892234237,0.647816828877405,-0.116900999147231,-0.00593208923160021,0.200386940083711,0.475439697113675,0.646423977398692,0.8049291282985,0.948318490793891,0.321928887879294,1.06444506880027,0.964404524195754,0.722686884060219,0.474151807386895,0.301774655095881,0.172363176406753,0.0482391866074846,-0.0475262513098334,-0.0644142666679231,-0.0619317549697906,-0.0550890337820301,-0.0342917900081641,-0.023262715250225,-0.0103410293400678,-0.00144805029516492,0.227408962669266,0.182951750543612,0.157433881582891,0.126820547215045,0.0957875620881262,0.0690178048821667,0.0404863309548376,0.0164545630894343,58070.6912852033
"491",-0.188800319559,-0.0861840052546542,-0.0581006822392161,0.0941901114027101,0.102508097441403,0.0656252600308322,0.050269508576757,0.0128202640387803,1.11080237906444,-0.10594783587155,0.00528451495555033,0.25563906773911,0.52074495618478,0.663863075650908,0.8075075894345,0.948666126051921,-0.138319274423071,1.05143394707195,0.954526433720916,0.673736133898689,0.42803973247274,0.292335938421121,0.171674360502051,0.0480532494033709,-0.0346450055980291,-0.0688099574632951,-0.0723426322801669,-0.0619246722065126,-0.0366726533270884,-0.0209342458482736,-0.00880597773840459,-0.000968604901866311,0.222234733304405,0.1879934131417,0.159786038148681,0.126119584430327,0.0976156951540676,0.0683754914908547,0.0401473857292308,0.0159233264480855,58066.4109754093
"492",-0.216918428465715,-0.101222804131304,-0.0433538807100327,0.142771741446651,0.105914142320154,0.0741318094850868,0.0523589399474437,0.0129752785450819,0.632738875066357,-0.0710044635326548,-0.0505912588525098,0.157727575615395,0.49807899318569,0.655985001864755,0.806790398558235,0.947646006919991,0.350254923265354,1.02280622140486,1.00560525750158,0.756178768934674,0.45337208439278,0.297937595382464,0.171838649020259,0.049312058055347,-0.0470714379756595,-0.0810515258141403,-0.0676161721395712,-0.0541596049623578,-0.0428917653499795,-0.0214601661123215,-0.00800716111184017,-0.00195918662674636,0.225178253928229,0.187566468702447,0.160063925490415,0.128579246136365,0.0971906034551537,0.0699953218019419,0.0398019854928751,0.0165363707297628,58061.497050235
"493",-0.171437597205641,-0.064897994646942,-0.082837252472833,0.102898646116604,0.102329844235101,0.0705512258494862,0.056343781383145,0.0119712791138114,0.935615553606232,-0.15640573379268,0.01483173393251,0.228156613350167,0.515800452363167,0.652886351509838,0.806300930413687,0.950874606439096,0.0344506196036057,1.09414574408139,0.952487334919575,0.701041394634036,0.432802085115564,0.302495776869601,0.171196539611591,0.0461625480227231,-0.0497088369646875,-0.066853510927433,-0.0611034064001745,-0.0603632652623329,-0.0349504125520493,-0.0242774407285757,-0.0101181486618014,-0.00262101694426673,0.225103322918517,0.188619461587462,0.156264921982608,0.126404029247276,0.0963293810403586,0.0684915035143669,0.0403561947996415,0.0163496307593306,58070.6575381163
"494",-0.13855882166349,-0.0954539139799937,-0.0777794696608496,0.0890793548712018,0.116519578415715,0.0712953800104179,0.056474533290696,0.0125407059040146,0.0519770860280704,-0.0997990728428935,0.0218573068345102,0.221944431253882,0.498228867992378,0.648643115884486,0.806789235775941,0.950126377501622,0.903534247427139,1.04817116792554,0.943866625237072,0.711985452706039,0.446623196565319,0.306966953512833,0.169136533046195,0.0466906430803897,-0.0398070686012363,-0.0650432953650608,-0.0670955571703136,-0.0647348215275482,-0.0363575554736189,-0.0246219243559395,-0.00565568947725833,-0.00227448567468846,0.22345634761467,0.184277622155755,0.158488476251292,0.129144779692561,0.0953645349240966,0.0686570704693219,0.04086446032484,0.0164120446885909,58070.1459985819
"495",-0.132902417210585,-0.0927100831792239,-0.0641457043637269,0.112868082210708,0.098417123038106,0.0768112913286797,0.0534652521272677,0.0152029391502982,1.09152484145101,-0.165779617284473,-0.0175121524700423,0.19041029717981,0.503007219297326,0.649064539631318,0.804791639700423,0.949077367761871,-0.134214160952496,1.11541326933328,0.979682062822133,0.734592087688346,0.449417927556559,0.303350981409602,0.172952445229247,0.0465713854801498,-0.0519040379312742,-0.0709211126773101,-0.0732959953865313,-0.057680514018185,-0.0382564577618885,-0.0223230821321402,-0.00761299607181066,-0.00122023219479488,0.227948497006636,0.18789366083252,0.156633589705634,0.127130691734193,0.0960011129602562,0.0687357812801258,0.0406460524474401,0.0167263995331414,58073.5065399805
"496",-0.166449485668465,-0.102934300733352,-0.0591792983392497,0.129210111345458,0.0950049764436138,0.0737648052206528,0.0519032779639051,0.0127110612308668,0.248988739085244,-0.0888113120265292,-0.00655875433442501,0.208887418499055,0.513342698404028,0.644958241921665,0.810968567700281,0.947820959435607,0.715971948226442,1.04278259897484,0.964262882274066,0.711018675679265,0.438771845127691,0.309066457111825,0.167045478384864,0.0492883949834776,-0.0415829619571773,-0.0792383733454474,-0.0668146448823016,-0.0717007164403057,-0.0353228226093304,-0.0231007719342468,-0.00806132234253859,-0.00198923544858464,0.230469420562296,0.187805230614431,0.1572695116876,0.12540384267772,0.0956881948182393,0.0684055261651854,0.0406416669899546,0.0164457622002773,58065.7774277795
"497",-0.164017725208637,-0.11493475492622,-0.0697801263024403,0.108602938473252,0.110089440817713,0.0598538787386807,0.0578358566999595,0.0151512820407595,0.117352583384319,-0.18469896245133,-0.00887071178272917,0.227380743038795,0.498303923996261,0.664576458018213,0.805797982733616,0.948337835077964,0.849637709362749,1.14005269835487,0.972086732779596,0.698544845117229,0.448998613349731,0.294148749904099,0.170639819262701,0.0475809145535016,-0.0487149988471011,-0.0712219856160577,-0.0680142590349506,-0.0561738733483325,-0.0354884321635174,-0.0246418441726439,-0.00802825321518109,-0.00182717041633829,0.2279321739859,0.184627098106113,0.159125026255237,0.126390128265662,0.0961457852330025,0.0692245203584051,0.0408883208783318,0.0161258970788987,58074.321589999
"498",-0.174264931799088,-0.103359070929957,-0.0691515362865742,0.11220371299885,0.0960152354529642,0.0765023177310344,0.0512141080257567,0.0151007144066734,1.08745007498701,-0.116494324602445,-0.0134170047509311,0.204508449197341,0.513726467441619,0.655035931345399,0.809605267536663,0.94643258392345,-0.120921877580988,1.06927468948527,0.977788826937539,0.718665958147055,0.437216208878198,0.298061859607269,0.16960696633926,0.0498423520960858,-0.0426073305154099,-0.0743594972731724,-0.0676226082184331,-0.0564277016253102,-0.0328013176836462,-0.0227067833267046,-0.011039911500109,-0.00166011388946742,0.226665542539063,0.187393520000353,0.159346989532943,0.127559374708094,0.0981509510439046,0.0701450113842563,0.0402377873877587,0.0161458586661459,58069.6337900354
"499",-0.143157623254614,-0.097193839100645,-0.0858836990610703,0.101397990079077,0.11252726577085,0.0745146641715263,0.0536693167635632,0.0125892114890038,0.629683268309137,-0.131253250649446,0.0724267513680703,0.22178508355543,0.473127644847423,0.653803464213459,0.804618816621672,0.950041617086051,0.328878349119394,1.08227504281077,0.896475698203823,0.706360865237755,0.474683578674501,0.300252611298031,0.173969108289765,0.0471175229737769,-0.0460281793021658,-0.0725548356771703,-0.0724456474016937,-0.0584803153046889,-0.0367508924663633,-0.0233699278978795,-0.00820916980584855,-0.00309372051424638,0.226846514395246,0.181813199133848,0.16122040999756,0.125781468487106,0.0975143108090192,0.0687791620596118,0.0403053671455429,0.0163868837992057,58071.7173574866
"500",-0.159597735342595,-0.0913466668618284,-0.0564262053856788,0.104934176881644,0.0996802422042467,0.0696933886385716,0.0506889092051902,0.0120415912023866,0.815803948734115,-0.0703754383566034,0.000405704849463439,0.215293040869363,0.492399655746241,0.662275886907608,0.812558755512396,0.950242664335243,0.153208364135171,1.02075355063767,0.958163834471718,0.710933113500515,0.459231886264006,0.292196416396758,0.165171751090141,0.0469361592699941,-0.0550621895208779,-0.0776781210246351,-0.0668046317998618,-0.0603313424696399,-0.0356712238479379,-0.0222654330983027,-0.00638054183645281,-0.00221849618443325,0.229455694404195,0.187329483298415,0.157549013848698,0.128612794515198,0.096457717686353,0.0698956948435092,0.0401736364445667,0.0163301898366719,58070.2154135466
"501",-0.181426911386226,-0.0889109214884087,-0.060221483892345,0.0913606604023691,0.112771317426497,0.0697560121195521,0.0523499512604605,0.0151280342503585,0.606575788245063,-0.216373707004406,0.0109270410250551,0.228704384996013,0.489890235156058,0.661178497500317,0.808096142818795,0.948906873226077,0.36539225343641,1.16189442705536,0.948187284348955,0.701152226147729,0.456367392402331,0.294731763679184,0.170243093819828,0.0470875572137419,-0.0465612109909549,-0.0636179840236381,-0.0666066538158834,-0.0463634529006545,-0.0384834733932417,-0.0251549104572621,-0.00884245603306537,-0.00261518105051826,0.225350314098957,0.184570958666961,0.159744318942866,0.126189020189698,0.0952518762017437,0.0694596217930571,0.0403086601211356,0.0163354648559301,58070.3085883161
"502",-0.17055398275527,-0.0834690554547554,-0.0614098500378576,0.115197311000681,0.115642370076826,0.0692924696601014,0.0515080391804544,0.0143397609549673,0.241043289266303,-0.101783387605627,0.0149785972210786,0.171032377588427,0.487952962294436,0.644554922494143,0.805227594746772,0.949120091077478,0.724130053006719,1.04412809394181,0.941935396824242,0.754102287080802,0.45937451974991,0.311425868344137,0.174174023248252,0.0468625280819596,-0.0351353558804405,-0.0584823743063676,-0.0612500091046819,-0.0535619610340687,-0.04019514260426,-0.0230722571582845,-0.0089450687729249,-0.0010516002760361,0.232767033707886,0.184948371346844,0.157027994002675,0.126313192575319,0.0963065000143287,0.068848366323992,0.0406798880284983,0.0163572145612829,58066.2404672295
"503",-0.148932220571098,-0.0956051440235608,-0.0674512781702111,0.123070894870815,0.11068142405357,0.0687899616221059,0.0471944533015359,0.0139368297715292,1.16531485741339,-0.172500290401667,-0.0240921759893,0.183527763077255,0.47684417554358,0.658317274056,0.808862788015123,0.950121829859816,-0.206697990554128,1.12167119832524,0.988460680417845,0.738513939968441,0.471450071916227,0.297049673863954,0.171559160944237,0.0463324285003203,-0.0415710634697697,-0.0693955457211207,-0.0717779237775554,-0.055570303171711,-0.0349863078458806,-0.0213138047832514,-0.00927668957123699,-0.00228695527441444,0.223904884559788,0.185228472151373,0.158518322734186,0.12515248846406,0.098095814531707,0.0686865060423047,0.0399158978072396,0.0161148201721828,58071.7309433151
"504",-0.151651747553827,-0.0931617094789632,-0.0512608264957994,0.113837631784092,0.10212122211613,0.0726510716059852,0.0541194113012341,0.0141172500602055,1.04704142173517,-0.20428436781968,-0.038189873545792,0.229075140268467,0.510372553752021,0.649157591494493,0.81230720478408,0.94808340491615,-0.0847864276171351,1.15204089358333,0.994486346744242,0.693463626728122,0.439436134936687,0.305263287296175,0.164905870969402,0.0482596917919849,-0.0485675479918191,-0.0714808894870571,-0.0627318581880244,-0.0590725280302851,-0.0376959910926332,-0.0219425329813771,-0.0078898872598397,-0.00130958195008562,0.229952425131804,0.185564763578132,0.155050249919212,0.126468306077018,0.0952674633918559,0.0684705298616038,0.0402216837916215,0.0163094624340511,58074.0048785884
"505",-0.165057351126742,-0.108201026414653,-0.0590373421328995,0.11335631663814,0.10631171106896,0.0656266058314728,0.0573125876752426,0.0143402514311832,1.22770022249971,-0.0557031170382968,-0.0129273782090784,0.207619051299968,0.497554993041543,0.660087444654768,0.807924837407333,0.950545291091779,-0.258920014592508,1.00644121931408,0.970826868423062,0.716137267418904,0.45053223945343,0.296867569592766,0.168313383085909,0.0459154324076449,-0.0510014217322651,-0.063168064951762,-0.0683124497295516,-0.0569752178086087,-0.0363329590340653,-0.0234386639308743,-0.00919793168150134,-0.00310542412919496,0.231045924907618,0.185003190155184,0.157345356856692,0.124948714721742,0.0989449371944628,0.068038011664881,0.0396609142448637,0.0163367800331401,58068.7824180692
"506",-0.169858726373577,-0.089919134844348,-0.0606937493749296,0.11561886166951,0.115313208239434,0.082898683835185,0.0530756334563358,0.013094463174997,1.03575652878201,-0.0500752990277187,-0.0675088041868466,0.188118130089766,0.48287841568289,0.652166493087543,0.808591719505277,0.948335861247689,-0.0656709275909128,1.00040617261649,1.02739034365915,0.734450293239169,0.463604537535066,0.297372011614843,0.169379914149896,0.04855040776921,-0.0571013182173972,-0.0726147582241587,-0.0614667870390863,-0.0520191172943768,-0.0318240667414347,-0.023288482016901,-0.00736525428428023,-0.00268037745712597,0.222842733767781,0.180806509941961,0.155848863121342,0.126299836943784,0.0960498840932344,0.0699048320893422,0.0404028605392514,0.0167539645757479,58061.091497777
"507",-0.127609504100384,-0.0691697819547615,-0.0589820896585302,0.0875414796762495,0.098990117772294,0.0667880808728068,0.0593879771333354,0.0153403276333333,0.956654769214735,-0.0963416428657835,-0.00187650106391765,0.217905258218491,0.500080508663328,0.645776891646483,0.80079613657513,0.946839840657499,-0.000500705099670048,1.03583784028881,0.962158052068613,0.715061119405017,0.449987917107592,0.310628942585688,0.175244096692881,0.0493445590719412,-0.056270206263852,-0.0690913343117665,-0.076052833439466,-0.0539592841222213,-0.0337185003140806,-0.0232123458374794,-0.00675591273310563,-0.00299169643467207,0.223776318085108,0.186758790328128,0.157515837432747,0.125944662852417,0.0948815241265655,0.0684831062006161,0.0401564491763958,0.0166869554530524,58065.2507806748
"508",-0.164459693000929,-0.0846301656213004,-0.0545635177657316,0.12753798974903,0.106929218289857,0.0697563892181613,0.05231600307286,0.0128265423467727,0.49940888366557,-0.200230616211716,-0.0295228563487655,0.19532413666974,0.487561727580793,0.647350868654419,0.806675152717265,0.949099493432235,0.466585741533777,1.14493571562149,0.987150422324081,0.724781549671616,0.46277631190063,0.307655035930071,0.17150279543639,0.0479651120593327,-0.0420389053034888,-0.0638828484801086,-0.0678530773859151,-0.0558854178177424,-0.038015544626966,-0.0206267755263345,-0.00616587165734084,-0.00244086337834725,0.229521865103317,0.185838299772897,0.160442324705614,0.125967001411479,0.0967604777333046,0.0691170613698276,0.0404903756922683,0.0166035481814711,58075.1886299021
"509",-0.160501589051644,-0.0673476511475157,-0.050652741819234,0.115453271061893,0.102527071233516,0.0760548106890285,0.0515926663968432,0.0133386015764776,0.694931194520116,-0.223582104671039,-0.0472315110782539,0.221497126793109,0.515528853253069,0.658881329882393,0.803828691424385,0.949407181733429,0.271042109071355,1.16383770526972,1.00536370074274,0.701407649234693,0.432997965756185,0.293294798698418,0.174408120076657,0.0469861445298039,-0.0516694014491099,-0.0699664190657833,-0.0712208532559968,-0.0568905533201259,-0.0362541572040623,-0.0215216464830541,-0.00480153666885703,-0.00160765832097998,0.226606058054033,0.185585826641532,0.156428536580501,0.126929698160276,0.0962073541073101,0.0697237678693577,0.0402861556274225,0.0163728215443996,58074.5600235553
"510",-0.159349013840986,-0.146844115548425,-0.0772737831410709,0.0932091994709302,0.115176771960195,0.074930316856131,0.0567782747311993,0.0130666591204303,0.841693830758697,-0.115664422304262,-0.04947629999738,0.229594023420508,0.495380504210647,0.659895891121553,0.804174165654603,0.948699286475894,0.121271120721966,1.08190308928172,1.01686064615219,0.701780703230927,0.450381208133605,0.29381054776454,0.173272924412795,0.048033667070335,-0.0419687582062104,-0.068533537558149,-0.0738100082506309,-0.059005746645397,-0.0361370583259248,-0.0254310164585847,-0.00996527881348259,-0.00176759738589085,0.225061094166227,0.180947948169507,0.159797166719834,0.126720770840604,0.0956268008755524,0.0685135573039545,0.0414156099824568,0.0163661622681577,58065.1253725892
"511",-0.155472148768185,-0.0876345796760299,-0.0742078573464108,0.132661789724433,0.104241810131627,0.0804305310547719,0.0532963504158779,0.0144286085570454,0.292163220706391,-0.0790061680669389,-0.0291029983484312,0.195448455219665,0.489414901397855,0.656839921220954,0.803256676558817,0.948553560604181,0.670497974376799,1.02475774052936,0.992649694312331,0.723834544739359,0.460857854804817,0.294435049360923,0.175189174504131,0.0476411995146434,-0.0442783252133082,-0.0690155520614324,-0.0599880453897823,-0.0637739514059273,-0.035991226006654,-0.0242557720334186,-0.00880395653529904,-0.00167205876863079,0.224254405130275,0.185960646861471,0.156183457157841,0.126445281477427,0.0979903664871568,0.0688600614451767,0.0403322246244406,0.0165084745921393,58074.1715740072
"512",-0.154969995435039,-0.074927385200275,-0.0790914991488147,0.10070018567204,0.112807046172728,0.0752805542863985,0.0521545837593386,0.0140172588032226,0.517369801802327,-0.165209693119267,0.0360765778122177,0.215226055734011,0.482901085418312,0.653129817269054,0.806342807710159,0.949562800077242,0.448880719301197,1.10732451778932,0.929840752027985,0.714446828966168,0.464098997658981,0.300474973298312,0.171499082010931,0.0469007632415155,-0.0554177952552239,-0.067059536929904,-0.0764259895109103,-0.0649781433697463,-0.0335623132346468,-0.0235071024807485,-0.00530190294682435,-0.00257806047544121,0.226317927902193,0.182493759149964,0.15996904660714,0.127988332070942,0.0961997979790166,0.0681381093929228,0.0403010993636397,0.0162360847425008,58072.9878319227
"513",-0.197253119220702,-0.112583379942436,-0.059786417188444,0.123028855882464,0.114571955150189,0.0721953517587388,0.0578265961634914,0.013390574066217,0.772197328726124,-0.0521945729085879,-0.0531539136235251,0.19043679173587,0.483916430889795,0.652958853176166,0.808636776242449,0.948546763824167,0.204507242737774,1.00733530158749,1.01121243385562,0.730121536154355,0.461570727362191,0.302027467613339,0.166984617790978,0.047998553891323,-0.0539837709916464,-0.0700966137558235,-0.0650569146835036,-0.058449767346249,-0.0302138495156952,-0.0226963970447354,-0.00651640600416501,-0.0013790132360554,0.226874379325827,0.183772803179584,0.15997916308077,0.124272303120932,0.0990935493733596,0.0691066809017201,0.0401044682427044,0.0164851629362069,58065.9945256003
"514",-0.149461750717067,-0.0617388517939686,-0.0497622356553442,0.103109418403663,0.106806234339952,0.0647190115764702,0.0578817363097954,0.0115371195354171,0.758146597278225,-0.178973858004095,0.0373522237219323,0.217917022349212,0.49788679221515,0.66963805807344,0.798673828057068,0.949759045137543,0.198853003421183,1.11524083820035,0.917864137211764,0.710843690545759,0.44947126050165,0.286685794005097,0.178986505138393,0.0476513178219262,-0.0422098887139981,-0.058958551584352,-0.0647140379718317,-0.0611738657795908,-0.0322480229360075,-0.0246056988096584,-0.010219054967763,-0.0021151488684214,0.225150042357256,0.185244926892498,0.157446223345656,0.124188950718409,0.0964761670071394,0.067676520385055,0.0404716251324272,0.0163030601371191,58066.3468227203
"515",-0.146652370791044,-0.0683408111834296,-0.0689934271206533,0.0936037272056276,0.110680647273638,0.081442311937687,0.0580876728713132,0.0128175190332246,0.927571469643032,-0.145265945019606,-0.0259335097080687,0.223663084472227,0.501496450657078,0.655698188961233,0.805512121762108,0.950160115855785,0.034848977960419,1.08230017378545,0.989279145769352,0.70679343137196,0.446457084904627,0.296182844818262,0.170561757543175,0.0469545653088692,-0.0566059149348668,-0.0551542894432987,-0.072121545675033,-0.0549703355093131,-0.0402037805412016,-0.0272833876538153,-0.00845257072122698,-0.00308594282776933,0.223613732217201,0.182837366592806,0.157349725247756,0.125554103283567,0.0975456404451779,0.0671602040699874,0.0399975244820989,0.0162175949081227,58066.713467614
"516",-0.181613800057543,-0.0713677073488476,-0.0737540477250007,0.124265214912509,0.117946642084739,0.0659901616773629,0.0597239555795374,0.0129847664045023,0.679643812543545,-0.0613941704790043,0.0371966635786171,0.195346166909783,0.506061745599449,0.661737248239992,0.802399584383458,0.949135684706213,0.29205250927902,1.00418365583141,0.925485192728778,0.725692554368543,0.436450691332767,0.294488634515267,0.1736947307932,0.0476276700697384,-0.0430362682244347,-0.078279221823912,-0.0606077035447601,-0.0590240553491882,-0.0332732488847762,-0.0234823061119292,-0.00996843599078357,-0.00227879072286631,0.227128831864114,0.184065375042472,0.156290233579249,0.124915583874347,0.095973936145863,0.0691417789423592,0.0409303852635515,0.0162688069692078,58068.3991908493
"517",-0.178897350205273,-0.0969380715076774,-0.0368849298620135,0.111142257735324,0.121766441293556,0.0719559631467784,0.0490729111692771,0.0125199718289754,0.171103400517945,-0.207123825941505,-0.0228480389743799,0.21241339860988,0.501005430810672,0.657393386913069,0.805310020121398,0.950116201658968,0.80271439589035,1.15572974610827,0.977335616532409,0.712226275412838,0.443129158585227,0.296594857597773,0.174594463023048,0.0468321015718813,-0.060338237562601,-0.0682281925037447,-0.0790788346440537,-0.0553885974636219,-0.0395133138413024,-0.0245944884176779,-0.00855341827010307,-0.00259196983554902,0.229461428563062,0.18628016264799,0.159007672252772,0.124353181461839,0.09646941288833,0.0669770382642932,0.0395176663451138,0.0164596330407451,58063.3423272279
"518",-0.16560774347985,-0.0810576891934571,-0.0575884692544102,0.101316302049812,0.127210823175821,0.0650265567168419,0.0472854829516767,0.0132274158124635,1.08075263209996,-0.15351838485988,-0.0650005109474854,0.190495956985973,0.47634059176676,0.660427767651263,0.810043882056599,0.948656625962717,-0.113550856447132,1.09678041147213,1.02423799476744,0.736489213954505,0.466017680136715,0.296973942301429,0.170270789171973,0.0477389385819092,-0.0462787237541185,-0.0699200351705372,-0.0701314701829057,-0.0522521424815092,-0.036014935481479,-0.0255997876027662,-0.00946195219806886,-0.0014730437349676,0.224012181261427,0.184309674842555,0.160201652187615,0.127027212454849,0.0954704744709098,0.0703983468072623,0.0405579930733231,0.0162262322615103,58065.631012573
"519",-0.145084391915218,-0.115246145882325,-0.0568073390021307,0.115290213000671,0.101165948822263,0.0772743690879199,0.0503943447686859,0.0150314088537548,1.10236552423813,-0.100257272562777,-0.000983195098792276,0.184964647856376,0.485183294063647,0.663528401281809,0.80501293130693,0.947884843744214,-0.140937425544206,1.05558025281763,0.958777982378801,0.737843712938494,0.465484648433641,0.288244543828556,0.174200514449978,0.0483448778818346,-0.0495742610770317,-0.0710401216442893,-0.0676045674968245,-0.0530366548273811,-0.0339430020311221,-0.0214491389460027,-0.00698087845604846,-0.00195432784244675,0.225655603165634,0.182924441646688,0.15809376988968,0.125539488622128,0.0973480789546497,0.0708295828748223,0.040061821531778,0.0166219338978303,58071.4008059023
"520",-0.164284831679296,-0.110182784247882,-0.0773849383035397,0.0975541020144792,0.103424837797441,0.0761622940365572,0.0540067843560281,0.0124751129041559,-0.0158215366029002,-0.0972954458401438,-0.00949477995742779,0.225734938027536,0.517029236140743,0.643181247002432,0.805371854903165,0.94770464540009,0.981645065293346,1.05046421002219,0.975923247067079,0.703895315105862,0.431622669084136,0.309093693466351,0.172426884007497,0.0494806570026872,-0.0401412440204763,-0.0616772728418956,-0.0657503287652221,-0.0633645033962717,-0.0349820948628267,-0.0174458764071396,-0.00854180911005264,-0.00256626046216575,0.226627343165825,0.18324760632784,0.157213120645896,0.128235541750821,0.0955957094167348,0.0705305985227625,0.0405590549025681,0.016233140114495,58068.4261915472
"521",-0.136918795894169,-0.0872848397135911,-0.0461906614548902,0.113818551595171,0.103919305903729,0.0790688190809563,0.055644790077355,0.0117982906014531,-0.0490391900246091,-0.217956473104276,-0.00396957759351523,0.231090116302654,0.499703834566555,0.660729330204492,0.806986314121846,0.950506541535215,1.00663273580627,1.16364869583494,0.956672968258145,0.690985408401396,0.450486880982497,0.290544860648943,0.16977906832767,0.0467054719872449,-0.0479055291434146,-0.0682792149121519,-0.0644038811673697,-0.0519028141878866,-0.042467807537362,-0.025478118617373,-0.00864083930988074,-0.00245716640499639,0.227200584867711,0.186720985180636,0.156169964976674,0.12498965826281,0.0967138525690355,0.0683815685370975,0.0396364733342571,0.0163362533515371,58068.0134497399
"522",-0.187316788043795,-0.115839579053907,-0.0463876695478775,0.118835282793138,0.0962786452339794,0.0766555387036815,0.0529827949005235,0.0144594499615237,0.680897653139491,-0.12614951312493,-0.0585675429915164,0.21317983413956,0.502062067455498,0.659688301739509,0.807148279128005,0.946754547523747,0.292824811454616,1.08166254910562,1.01307385855036,0.708844606458345,0.450504922879336,0.292843118782288,0.171133084111247,0.0498217215155693,-0.0455702273255351,-0.0719924525908222,-0.0623681715116349,-0.0600524344696895,-0.0409875786322444,-0.0237366658454262,-0.00992104297964855,-0.00181984917886115,0.223226271800712,0.186969203434589,0.159629375086009,0.127120151806118,0.096043669819238,0.0693624300852592,0.0400997811344982,0.016594995544968,58072.4773426441
"523",-0.182825281418762,-0.0699779081768945,-0.0711114816683119,0.097679855892962,0.115021053776455,0.0694710724974173,0.0604578145239563,0.013598868289608,1.06944360561047,-0.177389466075264,0.0115687355773657,0.225968987760771,0.505553171075472,0.656335178436691,0.802405812112721,0.946495365383839,-0.0940327169882278,1.11493066331171,0.950640598079887,0.701000412847962,0.439014849700579,0.298970803022097,0.172755272068323,0.0501174175077407,-0.0560092163537989,-0.0577730496659019,-0.0591254203737943,-0.055685926825475,-0.034111154305469,-0.0211465684397782,-0.00809597089186992,-0.000803016158286481,0.226330869052174,0.189305250575912,0.160936205788774,0.124979381113289,0.0952501008308648,0.0680667543375618,0.0396908815351099,0.016686136880297,58060.6637467643
"524",-0.118403518538306,-0.0717022427956641,-0.0362890136703081,0.115275732555289,0.117338911081328,0.0684164158726487,0.0589475485696219,0.0144023623110219,0.485782158433272,-0.160029455836876,-0.0235846720676835,0.171691794860853,0.483497377625438,0.65736426898148,0.802799761266429,0.948275431387239,0.467662049526712,1.1013977726131,0.977120844321281,0.749624461893837,0.462309128601606,0.297008974617841,0.173530736818402,0.0479347542634231,-0.0648538626867401,-0.0672826508502514,-0.0701965503320834,-0.0488921149320793,-0.0371407132669672,-0.0209668186185436,-0.00788613951260783,-0.00139957545915188,0.223863523508157,0.189364666937056,0.161957732697929,0.127636494980761,0.0979198360708443,0.0697622190124028,0.0409948154960821,0.0165338168562829,58060.0455152387
"525",-0.132760083966678,-0.111822318680486,-0.0603277330405838,0.0852178506127748,0.100444121899914,0.0774261880875921,0.0535528384050998,0.0142341930382988,0.251485985720921,-0.0838725484877848,0.0104661763342044,0.214772013875341,0.514353697490063,0.649908609619903,0.811823106475589,0.947888255958167,0.703695946568626,1.03864290150671,0.949785037638302,0.719574981076511,0.435179061977127,0.302608554202148,0.166085350647802,0.0485808959197332,-0.0384396551839479,-0.0727066369719213,-0.0652460102863301,-0.0668006665201773,-0.0335964166888457,-0.0226849254095657,-0.00896584659018513,-0.00242731219483407,0.232718512675577,0.187904125108804,0.158663194134254,0.126605877080015,0.0944369176476288,0.0693748128950278,0.0405381944609885,0.0162071612451231,58065.6038312001
"526",-0.164170248553849,-0.0818870953383426,-0.0669252488638063,0.119371889116798,0.101531250346654,0.0737049873117002,0.0554970887500897,0.0124214789305359,0.542146179237445,-0.166511241525604,0.0153792851862463,0.197655223822134,0.491584896293984,0.651867314814871,0.807603718041673,0.950337520669568,0.424008894377239,1.10962489712623,0.946248162957987,0.722960506430379,0.458044126441721,0.301762519500806,0.169445675635404,0.0465451532076915,-0.0569513062329717,-0.060350630505232,-0.067439819762584,-0.0536724557038593,-0.0313848036812198,-0.0225035651434729,-0.00589449119213714,-0.00175117048681065,0.225724531207786,0.186399366454714,0.159125273379749,0.124756079205393,0.095688731516003,0.0685316836044913,0.0401025533842017,0.0163716034595075,58075.1234144644
"527",-0.198045255171138,-0.0744035050389054,-0.0674122487443326,0.090762214371961,0.111319874072323,0.0822653594641501,0.0510853895466594,0.0122593926157172,1.11306580368132,-0.0178166931903773,-0.067626586294148,0.177614724704625,0.4900719849815,0.660756571634532,0.801243097179841,0.950266580251068,-0.135645923445496,0.958520551746773,1.03016909484246,0.753574925259069,0.454863590941233,0.290101294354333,0.178520299725915,0.0467468731678252,-0.0421048975667893,-0.0528990074270699,-0.0703491595603519,-0.0550104232760585,-0.0267178289034128,-0.0237618040073248,-0.00854715298717774,-0.00251537102580854,0.222981624319897,0.186695230505531,0.156306171296641,0.125835777874971,0.0952138172674638,0.0685689322200282,0.0400311261106568,0.0165173298316661,58050.6542946768
"528",-0.176017138880843,-0.0687577619512307,-0.0973767149855681,0.111472203205562,0.107918164518833,0.0775936098477137,0.0544399557748034,0.0130985820057784,1.14715228779081,-0.0946057215817659,0.00431836257744266,0.264883640823821,0.508156421537648,0.6394610185459,0.813052988742481,0.947837448403841,-0.177381334033848,1.03049260651206,0.970202253504842,0.657665662401338,0.440049778622204,0.314421775255622,0.164247739147918,0.0494662781789625,-0.0490061956939478,-0.0574624908645184,-0.0700706391118144,-0.0574587011229137,-0.0419117488626352,-0.0245851396705572,-0.00786079893451914,-0.00338144547215093,0.230807996967548,0.183963964379579,0.15957867564949,0.127706862472372,0.0966252710993949,0.0681122223934409,0.0402910429016857,0.0162390412892353,58051.9242176291
"529",-0.174673187072204,-0.0857961834489795,-0.0440012848322414,0.0872578473503132,0.114037476556422,0.0679042061252497,0.0519631842723138,0.0147748130853891,0.899740094849963,-0.189953558076326,0.016397805667058,0.240729184788362,0.484145083125888,0.641926656538899,0.812720554018191,0.947948231028662,0.0725452777136208,1.13739313254539,0.939148669671345,0.692244553254288,0.462685524462744,0.314965426791508,0.165357100925554,0.0484893435209636,-0.0489885126244287,-0.0775477972287917,-0.0653735791463751,-0.0666818112978493,-0.0385878799458959,-0.0237824947177965,-0.00786749898456895,-0.00264597590891851,0.221812262596645,0.184545538048254,0.157637997716433,0.128511455727287,0.0962436637567775,0.0696415499874415,0.0407791137598958,0.0162422078300042,58061.2927249223
"530",-0.149513273088726,-0.0763288694230971,-0.0671328225418146,0.122602149000356,0.100752548932002,0.0730573028421643,0.0551083468133246,0.0132583798314527,0.980319107599556,-0.218552403691368,-0.00407206421808742,0.22069544256534,0.507234952051356,0.656103464887302,0.805269809782939,0.950262602572264,-0.0188002639158645,1.15987372796973,0.965509691120772,0.699670016134005,0.442683545594604,0.297208883680863,0.172014906691404,0.0463302932989538,-0.0459473301497776,-0.0679761622021326,-0.0634739665074874,-0.0593161098355128,-0.0355514663641925,-0.0222701809529371,-0.00730278026149428,-0.00230308443448546,0.225507790534691,0.186282408792045,0.159966127528248,0.126380273719721,0.0950888769080302,0.0681889312097363,0.040492311725574,0.0162910893062334,58078.0390774229
"531",-0.171510670294222,-0.0755944611938127,-0.0460657615463282,0.102936302595946,0.102078201068122,0.0752287523626156,0.0534882190172486,0.0143594111104244,0.0118632541234155,-0.143676329117377,-0.0127499299015914,0.215398663178563,0.521163147073594,0.65616489485075,0.804588782176668,0.948846840891656,0.957345423060048,1.08489261675732,0.967644235530968,0.712838220990985,0.426613367648824,0.297103928349364,0.173610795576146,0.0474158019457188,-0.0545441750562671,-0.0570276551451975,-0.0635335264884242,-0.060899354657257,-0.0353182220188286,-0.0240235487120821,-0.00720876548832604,-0.00234688732729229,0.224997770774643,0.187690439570085,0.157081558761562,0.12804533726423,0.0962976181644563,0.0679921756181154,0.0398614457233878,0.0163592728649888,58076.1064828267
"532",-0.170335898408953,-0.0714091151308017,-0.065811896331744,0.124617753770851,0.107769018849555,0.0702495667802959,0.0490828566293236,0.0148753078691484,0.499286090137238,-0.102727699119677,0.0142812062119846,0.16786211446969,0.487745846641837,0.654185456546762,0.805578253936477,0.947628193228668,0.467256911032498,1.04119434731378,0.947999740169443,0.754650591584498,0.46128701048977,0.300627433175976,0.174544684836422,0.048573758583184,-0.0428218366342204,-0.0585279469478357,-0.0659708452364601,-0.0631920199230929,-0.0382065316999988,-0.0225036713134996,-0.00872272065938607,-0.00210019364087533,0.230212178329379,0.184008564824367,0.158060494822383,0.1285287567998,0.0964429564994446,0.0701990181580021,0.0400074243256387,0.0163537486954442,58072.5008480714
"533",-0.149844895363751,-0.127440403372584,-0.0465837088548999,0.0855504364086141,0.0954903516607249,0.0851001678547131,0.0582146947351762,0.0145049675164029,0.202486713617536,-0.0391332037521159,-0.0212022786528349,0.242527247826083,0.513665968581847,0.647123386164539,0.805140095097586,0.950951100351244,0.758820807195982,0.996316354060598,0.973236215285984,0.690575217910765,0.439873856884476,0.303931327735694,0.171956287573887,0.045296303160258,-0.0433612863329846,-0.0592958735667781,-0.0560299360121773,-0.0614680221539531,-0.0425808432934095,-0.0232791620023369,-0.0086974922770984,-0.00278053275935613,0.227735758113105,0.184751540630189,0.160567482412834,0.126932030293979,0.0959919844983256,0.0696091860466031,0.0403404370492561,0.0161968743142913,58060.1533439285
"534",-0.131918956504404,-0.081292273114443,-0.0756489485854637,0.111313718911844,0.0880344144930625,0.0831357431414195,0.0536737822265011,0.0138042159372182,1.09718218871984,-0.130220256064315,-0.0241821290726621,0.196241655650112,0.49866800517818,0.647157765230895,0.804613885551527,0.948018148833201,-0.141010908101132,1.07191494167276,0.992219035033465,0.729187622927361,0.457245602469188,0.303242395997928,0.173990117876836,0.0488808119836947,-0.0513570371454026,-0.0657087671543933,-0.0762809118109495,-0.057749312591353,-0.0348880022254231,-0.0233461501905111,-0.00811077860188868,-0.00299487275732737,0.227905209191931,0.186526381563763,0.157661579071338,0.126707165701343,0.0961155886795591,0.0687353606409364,0.0406371327689324,0.0160311187840163,58067.9428331356
"535",-0.169868576969669,-0.107240523890238,-0.0682615473776869,0.0995953664480278,0.106916628765619,0.0786548519775342,0.0565313070009388,0.0130293862016859,1.02557808609409,-0.0505505393248595,-0.00129602071847901,0.24484411241457,0.495365989952154,0.644027358327335,0.804800813764,0.948697530234993,-0.0566704521646532,1.00194003608119,0.964792468683099,0.682715442361014,0.453834279446875,0.308328864976052,0.171815392043012,0.0482668949501549,-0.0449779514923941,-0.0612531380510304,-0.0707278171409572,-0.059013475203553,-0.0387111280731962,-0.0201286538253487,-0.0061924170666577,-0.00272012159325801,0.227269933239659,0.186775261862771,0.159023278073138,0.126060917168444,0.0970294833335456,0.0703573111072619,0.0399944825164239,0.0161163031308158,58074.327895033
"536",-0.1945595126757,-0.0931973757313731,-0.0415858077823669,0.107285662873547,0.0960862776270587,0.082932565441315,0.0474682126089052,0.0122767391928385,0.658608084640225,-0.090685583732849,-0.0211632093654128,0.216707558258209,0.502796905582213,0.64093543914272,0.80746475913847,0.949913243997109,0.316515313710414,1.0397790774106,0.972270557760315,0.708886228043086,0.45030680666194,0.310260704144859,0.173715613877111,0.047206173264865,-0.0468720245789318,-0.0744259688616846,-0.0603016166632994,-0.0580773034911846,-0.038871512922416,-0.0225615367188612,-0.0108578528134413,-0.00244967995205114,0.228900998351414,0.184394321695445,0.159177851192141,0.126316336610851,0.0978934926356145,0.0677192910583608,0.0395978293806247,0.016247906808484,58069.0911802702
"537",-0.208111336839557,-0.0627358526037562,-0.0715746266190456,0.0851808329855928,0.0979298810438309,0.0722292348600871,0.0581882438900325,0.0136950668613471,0.378038001001825,-0.108937836568953,0.0359288401317114,0.242003776812742,0.513476972572064,0.665067130727246,0.800636689999262,0.946629022625122,0.605377781084705,1.04567184768319,0.927693470906509,0.692432067212697,0.435891994398626,0.288418967874759,0.176074895747036,0.0502119953536234,-0.0607838818860616,-0.0607106789427762,-0.0762704833960871,-0.0640855803703073,-0.0359800350867162,-0.0222880289462974,-0.0071018586248601,-0.00216924373418816,0.227409688491163,0.184283888773243,0.15858533732122,0.125541545599275,0.0984788048210631,0.0712705962442299,0.0400632130943645,0.0161427475294825,58062.2201481428
"538",-0.164037020941415,-0.107733742467408,-0.0683814461221223,0.103531485317767,0.117929216907144,0.0692219859430658,0.0506486357535056,0.0138103151706536,0.551079200119318,-0.0567845508046749,-0.000764530457271307,0.243827762655993,0.482193233146496,0.654876417982083,0.809321052319122,0.947053809705954,0.413118138752761,1.01163001087235,0.963241079287875,0.681290992690565,0.462099379054273,0.300597161590099,0.169803412510508,0.0498352327241338,-0.0330419109919315,-0.0695502419329879,-0.0699065598654169,-0.062769593733075,-0.0354381043141174,-0.019826794760778,-0.00854295330370356,-0.00239487910119663,0.227535087720502,0.186677544442315,0.162377238858203,0.126278294439201,0.0953839987487324,0.0680952291921479,0.0396301077663096,0.0163415954997147,58063.4106958375
"539",-0.144399754591438,-0.0863563472850378,-0.0504860252826455,0.104580812587478,0.0958425289253323,0.069516712069751,0.0596832665822701,0.0143538424329347,0.501028032868014,-0.169046607560028,-0.0129149096367374,0.252199294844303,0.514744258415644,0.652132350580733,0.804510623193514,0.949118679699544,0.459991430633876,1.11464699824653,0.97183237105375,0.672486417942897,0.436482661232324,0.303600536360138,0.171300685430003,0.047368827663036,-0.0497258213442965,-0.0691675426630865,-0.0755272676400303,-0.0502805151307509,-0.0343011124240769,-0.0231179933251671,-0.00809450451170658,-0.00301053639963547,0.22484461097533,0.188169146770542,0.157839515429607,0.126856316345807,0.0983191479138825,0.0683758036735153,0.040197860475644,0.0164864799497514,58070.9923993673
"540",-0.1972605442557,-0.10822357363978,-0.0501754349255862,0.122966883151372,0.10073840556152,0.0786460600514521,0.0566245639318019,0.0151085453116717,0.631481140202515,-0.0410891912837543,-0.00825243772191297,0.186300186139501,0.494232874091542,0.652825394762377,0.806082953034524,0.948608577416363,0.345388663659228,0.990289053436245,0.964925513010534,0.734465013677263,0.455626498466153,0.299502464764717,0.170207773044235,0.0473812506311971,-0.04610373509932,-0.0482662353699894,-0.0679882520802317,-0.0518129150892342,-0.0331490299685976,-0.0229465963961983,-0.00670968181164668,-0.0021076575634061,0.227612779999059,0.186468551590698,0.158854419190532,0.123952402230212,0.0975304237349283,0.0692346026065057,0.0405130291835619,0.0162294299532067,58070.1624295203
"541",-0.138161717995883,-0.0805560477727734,-0.083584102579139,0.109036869337276,0.0989321366388605,0.0708180316304608,0.0539117727216402,0.0129930672155883,0.213823103217433,-0.120189702466542,-0.000937221728016523,0.164484895179345,0.500325146317113,0.649468474496902,0.806968959128794,0.949074295344068,0.746450316383759,1.06248585827575,0.970440608291434,0.762653417996443,0.450478063449539,0.306687772147943,0.170729176784109,0.0481533931075422,-0.0602941657184204,-0.0619946174588608,-0.0712143540379143,-0.0538732965325805,-0.0374313182521279,-0.0266402878162752,-0.00704120070765678,-0.00336842369812359,0.228566895969365,0.18352289475824,0.158014848288789,0.127262402135025,0.0962862436352158,0.0692384594743312,0.0404934889951941,0.0165462722108812,58068.225394065
"542",-0.182829360532499,-0.0499305037420272,-0.0805357463439246,0.103201633460479,0.110821235018167,0.0704940541871121,0.0519061327896749,0.0138470630624845,1.13502623474677,-0.0771180992917518,0.0203631618287273,0.232022087753645,0.499639277554559,0.649642510768539,0.807709215366597,0.949758107245892,-0.162707422089856,1.01286118376618,0.947318347185441,0.694508691075916,0.447906959812685,0.304808335056683,0.170570730256805,0.0467182795384565,-0.0536318072851526,-0.0702368069103474,-0.0659835197879334,-0.0570425903294162,-0.0348537887638063,-0.0200336046086879,-0.00665346492953675,-0.00236734452410998,0.225168388528517,0.184567113270572,0.158856247558441,0.128987945000708,0.09584891246331,0.0692374602124587,0.0408985009650983,0.0160678460879481,58067.158598729
"543",-0.177257944069485,-0.0592687147622335,-0.0884781880035573,0.10219869238763,0.101916632252823,0.0695444570373636,0.0503696379971442,0.014834129021912,0.826624970865196,-0.206025461674433,-0.037348408451482,0.190728555515112,0.516345644775146,0.660836983429434,0.805053974450489,0.94711414243282,0.147094450440389,1.14194165716745,1.00884170331444,0.738939756783565,0.431242147828207,0.294145632626286,0.174351337949027,0.0489343057381086,-0.0580546557448939,-0.0636815618481015,-0.0705970119648044,-0.0646445793353397,-0.0305866882582415,-0.0264369806780593,-0.009184495282141,-0.001146736241259,0.226261943462285,0.188700698416893,0.160162753273994,0.126502944200071,0.0974649473328922,0.0686650305695994,0.0406255003517787,0.0164205416472991,58063.0010064062
"544",-0.176720766986428,-0.0912533494365626,-0.0651241985321052,0.110592031750832,0.0996216713158029,0.0780705351208401,0.0546347431072971,0.0147231798586324,0.532466249415407,-0.118509604907104,-0.0287025530351953,0.212744061779892,0.515196099567585,0.651130536863141,0.800049051009079,0.949456673239497,0.439107409901686,1.06717770434542,0.989636842152229,0.709211039642555,0.435598201686851,0.30054683574472,0.178094831898155,0.0466685414320556,-0.0456581832814298,-0.0670030139681449,-0.0659877214949758,-0.0578463878448759,-0.0364605580047461,-0.0237641286653151,-0.00767921907657699,-0.00262815619589476,0.228126574856864,0.183511327253503,0.153875393304931,0.126383799721235,0.0951909689867967,0.0694814003567496,0.0397617134161818,0.0165802196129434,58064.6560675742
"545",-0.179853406348321,-0.102799334735216,-0.0795575332554691,0.113812647511149,0.0975995706671535,0.0799375678252854,0.0475159910317061,0.0120574131540846,0.808107701161965,-0.082907084306444,0.0250285506240865,0.229296360706691,0.493210626950769,0.632787874578963,0.802165206891496,0.948605585470659,0.162574278805877,1.03335532684574,0.940205046185983,0.694686590076278,0.457557992862235,0.319434653392182,0.177586001179731,0.0488353705397968,-0.0458159701290892,-0.0620873539393905,-0.0634709960286764,-0.0620651874123327,-0.0324445665508289,-0.0223664373595651,-0.00504597873940899,-0.002938338494599,0.22540811259496,0.18579671994432,0.159061351110438,0.125039527015631,0.0978664034659894,0.0690862347808262,0.0402816410447009,0.0163290119012366,58064.7296757138
"546",-0.135668328126785,-0.0923371940849112,-0.0705970652921863,0.148085844660411,0.111117141333964,0.0713256615459567,0.0496846175401905,0.0138679313988836,1.00687976945983,-0.139066023280416,-0.0160847142880224,0.194414266404385,0.496726150957553,0.643322625840297,0.811599550371334,0.947955939324694,-0.0515068124337111,1.08820038207866,0.97817395098401,0.718226287272079,0.449273743017877,0.310792466557657,0.16828853409985,0.0486425009511402,-0.038647420798646,-0.077146631938571,-0.0591777202472497,-0.0576533822005646,-0.033863763073535,-0.0190123801256764,-0.0100060496115746,-0.00249935208200388,0.226886470248657,0.181753370491133,0.163118128313062,0.125038203127226,0.0972156230915929,0.0690356874227208,0.0402222713862018,0.0163272854995547,58062.502715552
"547",-0.169149334596409,-0.110876227164327,-0.0648220255248421,0.0974580189183158,0.0873425149912018,0.0671262210547796,0.0582277052282129,0.0131788480349879,0.22799031074316,-0.14797236177882,0.00305673139696762,0.234825514322646,0.516089175258553,0.664432813641497,0.804407379720861,0.948487277820894,0.740264946082452,1.10124886148658,0.958174353180553,0.694182296883138,0.437413715473325,0.290271450627586,0.17234490723872,0.0484894961636483,-0.0463279938876069,-0.0628802598069615,-0.0632198481027088,-0.0602305341099648,-0.0348769298002817,-0.0233981198707087,-0.00693759462081721,-0.00267933287704974,0.227264937950554,0.180915743462922,0.159477516511828,0.125999398076452,0.0965010961125381,0.0691661084014911,0.0399961011345151,0.0166721498027494,58067.680249334
"548",-0.170550184669196,-0.104859905491909,-0.0583826560826996,0.112978675874927,0.0910151014992536,0.0745514058810617,0.0531197602937398,0.0129603966486426,0.507678013844771,-0.133345516054739,0.00464313929246234,0.197718251154156,0.516845012891329,0.654578698876126,0.810516638758489,0.949880896838457,0.463153374044386,1.08411948698731,0.953496305060832,0.725334308078403,0.435894437988187,0.299193144561496,0.166944218475776,0.047094799522953,-0.0541490381509059,-0.0663558524894777,-0.0581549950765188,-0.0522729037778749,-0.0384180312759792,-0.0235333926835743,-0.00608943046034919,-0.00251023071274777,0.231136064157526,0.188646619353898,0.153656530627515,0.126180315998441,0.0976716507874804,0.0683606805318743,0.0399241643984838,0.0163629064839823,58069.29868697
"549",-0.163492735384741,-0.0629120236330569,-0.0694382890896481,0.102087956222621,0.101493243426729,0.0762323943160973,0.0548393448400149,0.0134104148406589,0.605124147105011,-0.0943298034263527,0.0110372763137822,0.205172360574723,0.517145147321872,0.648780936596427,0.812578033319111,0.948492321957747,0.36084112589249,1.03292453661433,0.952323333585371,0.724173270557508,0.432876621151435,0.304353164080269,0.165220805050289,0.0483459394732077,-0.0366781984685513,-0.070595191831759,-0.0733819477478928,-0.0579368248606152,-0.0422856127932642,-0.0230167374410571,-0.0109510046351499,-0.00273849141348735,0.224446592076096,0.185470887648644,0.156422893887699,0.126206916215482,0.0986818762470561,0.0683315162263535,0.0407280123980991,0.0162629634129066,58068.8643774892
"550",-0.174184760175169,-0.0829610918411231,-0.0621417985901444,0.114508843870263,0.0955738683841344,0.071754664181777,0.0552024384368166,0.0149077413207618,0.508769150645795,-0.167016661929663,-0.000220986007826686,0.214383397994758,0.507996884000063,0.656309637776384,0.808924787947036,0.950364701849496,0.460914626408978,1.11019916663438,0.959098639251028,0.70808212683929,0.443376164720156,0.298433722553349,0.168278826148878,0.0455590304494178,-0.0404770151992919,-0.068830446635097,-0.0668236084016218,-0.0556509203586156,-0.0387440366819132,-0.0232480210408526,-0.00987481242613836,-0.00202196322966845,0.231500820664446,0.186111955618268,0.160212738051109,0.125201168305213,0.095957281773669,0.069185879362595,0.0415205828936319,0.0162900468936906,58069.2076441197
"551",-0.139711010807906,-0.112012704811763,-0.055987110776131,0.121647792435653,0.105274702156344,0.0689923746272103,0.0540906188207421,0.0114251479071593,0.566658942474342,-0.165935009645927,-0.0364205556567842,0.169853757486714,0.500793531276406,0.673148943749028,0.809470327073252,0.950971340892187,0.391917948091117,1.12420577911723,0.99382248485224,0.751778378011646,0.448105912614437,0.280971677154378,0.168570371724083,0.0464142428952194,-0.0503959807363756,-0.0797028152257183,-0.0655820658777526,-0.0532873951064263,-0.0372746551151273,-0.0235360268320877,-0.00993296495412018,-0.00298455709004312,0.231587234882995,0.184976126966092,0.155578574864235,0.125824332202883,0.0974071667740349,0.0703193369425104,0.0400913047818274,0.0166541836394674,58065.3108099634
"552",-0.184648054572222,-0.112746592232694,-0.057667166389318,0.113982215832172,0.101254189575791,0.069178824997056,0.0563682426538896,0.0115477637699975,0.111331083462639,-0.0561401287146922,0.0240621801049448,0.182087878380364,0.500112351438244,0.647818304247487,0.80406083883698,0.948951363565661,0.859427915865413,1.01183998189091,0.933946792523464,0.742925986615741,0.449922425699936,0.307689884332846,0.17320407272309,0.0483356813472881,-0.040194386206083,-0.0677010729354182,-0.0695854482384048,-0.0587496202489825,-0.037403693131384,-0.0208904261302675,-0.00837329281954252,-0.00194735730472623,0.222805023646591,0.182966596697278,0.157893581862554,0.127359429608358,0.0991455499709556,0.0692921426540919,0.0405484842848975,0.0162002398565626,58072.1563537275
"553",-0.162063287686895,-0.116923336174213,-0.086992737192657,0.106897408281558,0.101294979545873,0.0660466929596725,0.055525446571383,0.0138677654367551,0.717942085753831,-0.0977497782707637,0.00331573691577045,0.190022243412939,0.512758608632258,0.659846375988521,0.813741039312132,0.9476449215032,0.250837487963192,1.05598344519963,0.965292132186573,0.737002415355719,0.435878965598563,0.296228194977834,0.163173126293755,0.0489868437404973,-0.052791486054431,-0.0703278598771469,-0.061927490234081,-0.0575951432467649,-0.034775226011722,-0.0220956864856511,-0.00961248271652737,-0.00204498760726984,0.227606456206735,0.183867049659901,0.160103892146843,0.127522582688418,0.0971924972162861,0.0683107460779497,0.040537255616826,0.0160259332950523,58067.9989449803
"554",-0.167168778684869,-0.0925197326270946,-0.069040722490332,0.097874842490065,0.106867973331626,0.0742529531514847,0.0603448686705913,0.0105549943225644,0.627895927252874,-0.095648417688429,0.0342138851773791,0.236916708731097,0.484757074099215,0.651165925609507,0.801869043057097,0.949806223683924,0.341177065492248,1.04321929325133,0.928624739497347,0.693371738567263,0.464669465925873,0.301426262474025,0.174014007569175,0.0480227081544471,-0.0507968755041227,-0.0651242944677654,-0.0706454027465384,-0.0640935758519135,-0.0349533079050299,-0.0200840232370487,-0.0100433366778933,-0.00199536165441443,0.22608882713844,0.182841297976954,0.162065324886032,0.126588288831579,0.098083432017396,0.0691657514611112,0.0403856536598883,0.0165289425800929,58068.4664685083
"555",-0.145510296287309,-0.0842608986999623,-0.0404669095382149,0.102287583865616,0.110367588872319,0.070025682082222,0.0498559965655565,0.012563475797149,0.479945869330261,-0.0834186406209051,-0.00511766100058191,0.224642210844963,0.492798274901249,0.6627482909417,0.811737525501049,0.948625397599563,0.481449419199083,1.02820393886395,0.956574991534565,0.702449701777184,0.454773308444671,0.29230206329331,0.167517131722187,0.0485389856911013,-0.0613849202826711,-0.0682415440117477,-0.0611472306986638,-0.0561114612979121,-0.0379151880762792,-0.024063944831853,-0.00939789676016383,-0.00295387855092982,0.227871995120348,0.185073910155119,0.1602874617303,0.124008735362629,0.0972896539269914,0.0689558228485193,0.0401211649609567,0.0165697252063285,58074.1708038377
"556",-0.164185458291448,-0.124843065948196,-0.0821925407766754,0.113152433327853,0.101356945398662,0.0705746687063725,0.0570853448931764,0.0133547531656877,0.265436284999273,-0.117397463533934,0.00530399387026095,0.227390327481685,0.514877664915626,0.647662698574325,0.801038350380867,0.949684180669367,0.700195481059694,1.07338931111005,0.962563803390771,0.695137246834124,0.434790747746155,0.307658606807962,0.175586691656179,0.0467938494154786,-0.0516731898636241,-0.0526867860769553,-0.0722177631126105,-0.0554381641232706,-0.0370647162651245,-0.0237775731005698,-0.00824250370170582,-0.00190906597345277,0.224646053081175,0.184153207458766,0.160168853494184,0.127692899239029,0.0967865523611271,0.068846951746686,0.0408118908323793,0.0162311711508842,58068.7257799993
"557",-0.130726990429827,-0.0796267237087516,-0.06414723838782,0.113386815914152,0.107849027116768,0.084516020615716,0.0582752984752499,0.0143994656240242,0.671334701651683,-0.0485465361524966,-0.0223186044952601,0.182381423109486,0.484780050360201,0.649393975974445,0.803576628152867,0.94747481271114,0.28418156974413,0.989894950464772,0.985781263114199,0.741846053058603,0.465775444900206,0.300847747495543,0.173475543935575,0.049052853778689,-0.0448898489206571,-0.0582939252225311,-0.07628994631693,-0.0569458699120603,-0.0389359402461448,-0.0241694575810231,-0.0106690523538132,-0.00263978184299505,0.225534345932068,0.187068339934853,0.159314092342211,0.125786946073074,0.095965186210795,0.0681952784808174,0.0412155567989755,0.0163687585862619,58067.2532848497
"558",-0.155999540550122,-0.092178814289253,-0.0448151466592241,0.112121776637323,0.10002040579292,0.0680470750856001,0.0513731549163802,0.0152059364888095,0.0872731487631744,-0.129391064487546,-0.0235002490672216,0.208386982302302,0.503253231096979,0.661161197813976,0.809537580297511,0.948336308689251,0.874585118752972,1.07660068089454,0.977029458003727,0.714757228544958,0.447187480255788,0.293949042184008,0.168608178418448,0.0478297641689768,-0.0452400565424039,-0.0710128693153348,-0.0696977802308038,-0.0548211195071902,-0.0359639964077906,-0.0212389635425351,-0.00771791269992272,-0.00227787730759979,0.229193185865707,0.187362664251,0.157867770899938,0.126295299833319,0.095572715341405,0.0691672294854705,0.0396953439072043,0.0164856273674129,58076.9785653379
"559",-0.162755707772765,-0.0712180675255484,-0.0779328672331392,0.120177862352088,0.09866630959739,0.0718345012018331,0.0634685486609254,0.0146049794893124,0.684785190804173,-0.0981107133808588,0.00385302261428432,0.188135916628327,0.512376786317281,0.654108671957447,0.798643829915006,0.949380573738895,0.282156390724414,1.0373845925401,0.961163787723567,0.733495711750113,0.43763615900473,0.30033588490926,0.176121771021462,0.046861946667263,-0.0425227845452735,-0.0671669298910271,-0.0669661464751013,-0.0556468528484624,-0.0357278968469601,-0.0231670712141111,-0.00642163433763581,-0.0023401360560456,0.22369652210913,0.183568732966749,0.159064629302729,0.125239877138164,0.096948561882708,0.0696481431129036,0.0399581081779477,0.0167221095367147,58071.9164726706
"560",-0.134361307161504,-0.0833761971898707,-0.0806249112211537,0.0976174671225572,0.114649173696715,0.0718541098086043,0.0553761729585506,0.0125535709277912,1.07139763605102,-0.105905479285456,0.00523492824734906,0.232950317336997,0.476782175865678,0.665381494000035,0.803904497095858,0.948435029411684,-0.11473867218048,1.05165254558488,0.960272633405106,0.694215833475138,0.47066838404594,0.289191594172403,0.173174912753295,0.0485137312145952,-0.0464846402486201,-0.0728924309821703,-0.0711390605770711,-0.0574749057320142,-0.0368781280145183,-0.0242473227667515,-0.00632000224413915,-0.00197722343797498,0.22668820450335,0.186890945993901,0.155905174003356,0.126385433578588,0.0972979884243382,0.0696080483530879,0.0403143310011347,0.016123100137704,58071.8389887994
"561",-0.178905052214335,-0.0841446166177388,-0.0715479275908657,0.104357040623984,0.102511491038746,0.0705542347163859,0.0542964859586919,0.0139279846648141,-0.053403137745666,-0.197035533188048,0.0380389742787301,0.199128432816924,0.511595355110505,0.652743986882782,0.801330786182038,0.947261129516522,1.02537295358609,1.14089444227156,0.922856257509547,0.729357329860806,0.438210170935266,0.302348837573556,0.177485470270027,0.0491419317246194,-0.0534298566281552,-0.0674543309242005,-0.0622949556255292,-0.0643563695170899,-0.0381022186608983,-0.0227503759797948,-0.00982377117684204,-0.00108144977777377,0.228398710921731,0.18499566459611,0.155882193993245,0.127020712870915,0.0964754447297533,0.0684043442001398,0.0405828139667938,0.0164463053288605,58073.6195084232
"562",-0.157823824578441,-0.0965094749130432,-0.0637623529198498,0.0991893762813483,0.100735783974082,0.0675845962767906,0.0491071187987642,0.0143063311603683,0.613482326043983,-0.174265891295132,0.00723270735093101,0.232183826991802,0.482152465767543,0.665473376186497,0.814246138200201,0.948770547900563,0.352185383341772,1.12011174955733,0.953847436694626,0.695532432873196,0.468018973341325,0.289791682778865,0.165571620878095,0.0476292513101989,-0.0566199032623642,-0.0623847790935343,-0.0662690400354342,-0.0545397371927671,-0.0331236613197612,-0.0218025776837051,-0.0116623751054011,-0.00275964820737898,0.227635801839409,0.182298925946598,0.159930017696811,0.130078887021635,0.0985928422659077,0.0676997704624281,0.0406625003069686,0.0164120000569564,58061.9954340159
"563",-0.166799967866231,-0.0997979038559398,-0.0434361505592215,0.114504272596454,0.0934438422641791,0.075259009737822,0.0519779473688379,0.0138737009083496,1.09504169198929,-0.114683835716622,-0.0725899735134665,0.197749744270832,0.514392914342098,0.645076239603092,0.808197903030775,0.947590742137894,-0.126923161786019,1.06411193546013,1.02903106720996,0.726906185467303,0.437385812935447,0.308192193362484,0.169789277479458,0.0490553588828744,-0.0457106638757124,-0.0607344002814135,-0.0680183836908579,-0.0572530692103003,-0.0334513740933258,-0.0235781125081861,-0.00595039397839968,-0.00137639813960091,0.22955575334366,0.186090424779145,0.159432334889407,0.127581197008583,0.0960274019146967,0.0702695412004826,0.0396935462063045,0.0160826632375053,58068.7862748488
"564",-0.179759301279928,-0.0902924687585847,-0.0646751219160729,0.0946970727888,0.122483096123466,0.0615878396101087,0.0540462932647994,0.0160827874083793,0.509619273998726,-0.0872892638883723,0.0118990224958407,0.225337729102486,0.481448470727276,0.664501645998542,0.80643272067488,0.947620574894985,0.463319206668019,1.03209278255395,0.948217659951443,0.706813292161876,0.463782530173685,0.293447030178784,0.171478691214363,0.0479624147573569,-0.0452438675449051,-0.0592921543713301,-0.0603648583013108,-0.062903310504793,-0.0394225284241544,-0.0249694500683896,-0.00768795359782586,-0.00143461940778604,0.225226257489124,0.186277617604445,0.159806027399028,0.122504952420417,0.0977784934434976,0.0694124766087741,0.0405621342872772,0.0162442588227291,58066.4553707313
"565",-0.160016747037579,-0.0467289494166224,-0.0652637745637233,0.121362082066056,0.10729206640132,0.0889785274075104,0.0556817732138159,0.013071193309216,0.131169688895816,-0.0942583822627446,-0.0129388091108875,0.207959984348968,0.494402891510069,0.648405440982367,0.803500564558145,0.946162978518409,0.834197293378045,1.02628277662974,0.975573663884593,0.711915073613205,0.45440084521492,0.299954348459715,0.174877957539025,0.050884804483813,-0.0538965423424107,-0.0740613125497644,-0.0761872003666682,-0.0518618525176164,-0.0389401608550145,-0.023479967686016,-0.00944719986143559,-0.00143309391508085,0.225080767139019,0.186350920631859,0.159862757491997,0.126589083395933,0.0968329953013322,0.0693783478699841,0.0403021758620967,0.0165588297528453,58064.793508057
"566",-0.168388224280706,-0.119408171808643,-0.0695172997792994,0.124625719266252,0.105552219271026,0.0622143876888739,0.0545365051495866,0.0150255629478507,0.765621124872616,-0.103100252387988,0.025465456374794,0.175474584314292,0.481532693352344,0.66343532318947,0.803501885496317,0.948218875055863,0.19976501031881,1.06240487523154,0.936419641459114,0.745735091644594,0.467604850811564,0.294040829555208,0.174037899678658,0.0478400846604697,-0.0307602451617146,-0.0763062577007425,-0.0675099580385926,-0.0609912091239995,-0.0339120330551861,-0.022445531351714,-0.00738042243924925,-0.00207537860914944,0.228564876581193,0.186309515717236,0.159453591034692,0.124842344461516,0.0966855339019616,0.0703717985928298,0.0402148653996369,0.0167242844504624,58069.3782046651
"567",-0.195462138754654,-0.0660400992574198,-0.069186710683173,0.111581974020694,0.112651146203019,0.0733737447073899,0.0508583259295932,0.0132585937364391,0.402600557850639,-0.22931751869141,0.0645732027654771,0.217239637729522,0.480899145579298,0.646452485437369,0.810864421282798,0.950552740204893,0.574679831052392,1.17059729410378,0.897815505306885,0.706724302558706,0.467316120152235,0.307682851187564,0.168102312161848,0.0461019058992012,-0.0461867238667679,-0.0704814251941381,-0.0684569545559373,-0.0581419935890785,-0.040049806960457,-0.024217460631477,-0.00991078442414559,-0.00239475717206053,0.223767877094014,0.187375449387335,0.156937058482431,0.12672470783015,0.095747237963646,0.0675992220713641,0.0400334643579678,0.0162633644609176,58068.8510486733
"568",-0.162761645470632,-0.101732410279101,-0.0484396918277033,0.105643627482672,0.106060454758848,0.0723762112796907,0.0524864550435217,0.0131231571530933,0.53370505725097,-0.103228097301228,-0.0541914986882312,0.241637209756113,0.503046192729447,0.662006496398746,0.805853863528602,0.947874596870854,0.434583711482326,1.05513755130444,1.01201105493844,0.684476899477186,0.444884163268585,0.291625756745771,0.172698357033202,0.0490572791731577,-0.0537483852041881,-0.0711234254021301,-0.0668042683101206,-0.063047759037599,-0.0361267092841369,-0.0221287647839544,-0.00996403293195437,-0.00207669020799807,0.226269164331032,0.184103465474572,0.15729641797915,0.127957265346287,0.0965445717855959,0.0681621583661827,0.0403135564184641,0.0164633555785907,58074.997382753
"569",-0.144810238582245,-0.104117431344445,-0.0650913747691357,0.123481308134688,0.101091017414594,0.0788112144656771,0.0559715658283456,0.0147938938238693,0.0564679624566319,-0.133680047306087,-0.00603647000751476,0.191132264578443,0.501010987431778,0.647921794497479,0.802663178313012,0.947799371923484,0.90304396192345,1.08658121984731,0.96618136999282,0.728463298226405,0.449898640311107,0.302866906557381,0.174673372702177,0.0483575504323871,-0.0471164813828571,-0.0722645860186942,-0.0664653363757568,-0.0501207958347705,-0.0344131790833353,-0.0181037438096226,-0.006415951673094,-0.00207402203619371,0.231243175201756,0.183433064329824,0.156801045900168,0.127465426258279,0.095555522238185,0.0688128719977186,0.0398456030917331,0.0164250154668889,58073.9794378159
"570",-0.161073169138519,-0.104478291744369,-0.0666175107371063,0.130667322925695,0.101029572038586,0.078525485890817,0.0545528011906848,0.0134272992704794,0.529442304058821,-0.123407310838754,-0.00978652255182133,0.167645975321067,0.508268523808529,0.653365998177345,0.808489233859556,0.949541547440528,0.438040620268848,1.07508172744437,0.971432108279752,0.749638055471507,0.440674956092478,0.298552758694009,0.168860350274667,0.0473142126305871,-0.0555029854156249,-0.0667871403606816,-0.0619358158539192,-0.0518618790961007,-0.0327474727093014,-0.02079408524225,-0.00801601300449736,-0.00294147166597561,0.223200019572503,0.183091591091411,0.1598225114611,0.127443201534107,0.0959812986490469,0.0692998480476463,0.0405200946502704,0.0165113169569175,58074.5255367338
"571",-0.159230761084277,-0.0809348292642107,-0.0525888825108231,0.0951547046991948,0.0913109864646856,0.0665959616185704,0.0524599951097607,0.0158748292864186,0.980610467001569,-0.0958082468045804,-0.0169946570796395,0.224133230065336,0.506695796567807,0.676184746031168,0.807922835356307,0.947818567420989,-0.0174822788974906,1.04075045209296,0.975385229710664,0.704173244550451,0.446363811414453,0.279529452851667,0.170247078431896,0.047878379813626,-0.0487957229933892,-0.0745191697863008,-0.0726566547423692,-0.0566564516287041,-0.0348316119616185,-0.0247927787135883,-0.00621825100945704,-0.00182464836498398,0.222537533903709,0.187275726977806,0.155805529006165,0.126487929217313,0.0950715702359878,0.0687876584783767,0.0400028257494884,0.0168029124206609,58067.1040765923
"572",-0.156087540382671,-0.109912457449465,-0.0619457480352217,0.103969850947645,0.108199112711205,0.0839497915635073,0.0512527273272,0.0133560002392804,0.0225953609486567,-0.103939286589157,0.00547884500048706,0.22371964459492,0.511091073741971,0.644146212236436,0.800652920324431,0.95116831642858,0.941263987237067,1.05819894855914,0.9535689934782,0.703828715589493,0.436755649397604,0.30647227392256,0.178870361683076,0.0453223883280674,-0.0516678751103329,-0.0664403187995504,-0.0643935923155859,-0.0635556986206801,-0.0448147881817295,-0.0247263273540172,-0.005905726517562,-0.00223837777648243,0.228352091598532,0.186409107934155,0.156155625757112,0.126758223661228,0.0962848141807919,0.0686741682314761,0.0397980251836097,0.016219522711375,58067.8921828178
"573",-0.162788255250692,-0.0958632500514284,-0.060329898060243,0.120686539749973,0.101209344120355,0.0687492897653664,0.0536264149837334,0.0120856858850503,0.785908441823384,-0.154453729996912,-0.00855830543022951,0.164631215389882,0.505811144627832,0.652863006136072,0.802863359514458,0.948062465421364,0.183268443525769,1.10576802289311,0.967871783995051,0.757582810590504,0.44411479889042,0.303051531508873,0.175607607111604,0.0494256644918042,-0.0518179454600812,-0.0809082789579629,-0.0641003711052857,-0.0558182812171266,-0.037127262139032,-0.0240685489251596,-0.00843915048769867,-0.00305628550609081,0.230598871474391,0.184793704504745,0.155934246392273,0.124607204007823,0.0969513216748227,0.0689602082978547,0.0408095535168294,0.0161649587257333,58070.1300533731
"574",-0.140633355979513,-0.10152601878703,-0.0444009883117883,0.112109425924634,0.113944929768336,0.0719286826395161,0.0490590859605563,0.0121132994756266,0.721858960481198,-0.138127972467143,-0.0141506472159077,0.244732090820486,0.483238057157632,0.654837005191548,0.811930992745577,0.948190857778739,0.234895525359614,1.08719356214782,0.969056624559377,0.677349698430084,0.463399529473623,0.299654683181905,0.16716885693724,0.0491698280481634,-0.0452537123498609,-0.0670468601378303,-0.0714208831601134,-0.0536508059481871,-0.0358185268292707,-0.0230118227710041,-0.00824702041390568,-0.00226647290605842,0.224018646535213,0.185802977720529,0.158309905057045,0.12778685218293,0.0952134850568325,0.0682822185116633,0.0400767455659435,0.0165897026544368,58073.0566886513
"575",-0.206930113115223,-0.0799610176769151,-0.0583840759544948,0.0911025498693694,0.108227763016054,0.07298715676381,0.0513091768882862,0.014170411150032,0.556186539345288,-0.14407309999141,-0.0596677897555014,0.236702288449626,0.510333637080495,0.664186158525239,0.809226031232601,0.946454165267862,0.426064208454592,1.08689574091244,1.02042225113027,0.694129810406468,0.436433624320643,0.290091954030969,0.169779415968468,0.0502531358163706,-0.0470176124814317,-0.0638989343833676,-0.0685333665332964,-0.0566288013891679,-0.0350788994430999,-0.0243880429283994,-0.0111422773024068,-0.0021527571644772,0.225088318576144,0.185935522709688,0.157111397928391,0.127520632837487,0.093101130229361,0.0693457104713101,0.0403874076764931,0.0163739713255763,58065.096198956
"576",-0.172274196818455,-0.0882702692646301,-0.0558740777912842,0.104362539462727,0.109251631371293,0.0768962263596591,0.0556115457581842,0.013750528241056,0.527057314339855,-0.161607492423999,-0.0104411510434439,0.192073862304247,0.48631553488377,0.642709482038625,0.803679000534557,0.946003593777812,0.443981871373294,1.10518373495563,0.966778579663365,0.734929678334475,0.462905133731902,0.3096684130025,0.173239035718059,0.050861214447715,-0.0515220389660119,-0.0551306042221804,-0.0656072191719365,-0.0596187188530709,-0.0370900467763047,-0.0205505078758646,-0.00689276502563904,-0.0022596852783364,0.224590255104719,0.185854798453182,0.154460244108622,0.128804411868068,0.097361322944619,0.0679545852753445,0.0406418596422304,0.016261979285841,58068.9062813256
"577",-0.147863011184925,-0.0705365856009361,-0.073087630092201,0.108336806615912,0.103165326018607,0.0786603839100624,0.0510873629612696,0.0153179358189115,1.19777862550316,-0.0809904457906047,-0.0200550983804824,0.215684214357529,0.50043408202659,0.647072852977779,0.802098658703338,0.949607977410393,-0.23599871030805,1.02099174520959,0.984555944950368,0.709118294428396,0.450448411904801,0.305105698120829,0.177097302639373,0.0465286789377671,-0.0387593785446111,-0.0661827395656622,-0.0653069881932681,-0.0571201975547899,-0.0395991354172558,-0.0231692120222195,-0.00812471520892218,-0.00304029356399659,0.22664217163646,0.18647462907891,0.158532620646491,0.129211978092508,0.0946887014811015,0.0687423874475818,0.0412902572249884,0.0163383128185157,58067.7731753027
"578",-0.150008938972521,-0.0828915488638061,-0.0681409379001621,0.107914543676023,0.0979634661095408,0.0686507768800801,0.0593190045107713,0.0124926541119023,0.0953266811912339,-0.0172793374818121,0.0314446711398369,0.232817798532354,0.48835486892896,0.669108346327461,0.799036696425768,0.950241683140109,0.864363722355003,0.962452446783921,0.930269693802354,0.690621161102125,0.463241552767621,0.286133897671531,0.177414698641401,0.0468514041666473,-0.0417546446887707,-0.0692043824720657,-0.067542861530803,-0.0520673459791763,-0.0352333129152326,-0.023565244813467,-0.00787970434268657,-0.00225509611161038,0.225059667472927,0.185279399727951,0.160476051094557,0.125799836773239,0.0981928106688833,0.0679460125768929,0.0392382142523811,0.0167472635965082,58065.6907668336
"579",-0.14163129250389,-0.110602275978508,-0.0681034371582513,0.116230839048959,0.104547361328551,0.0677486338143143,0.0499184417299655,0.0147981543273882,1.07075809501048,-0.139383932535331,-0.00174913335822892,0.184268466579078,0.491412830847728,0.677006180607184,0.80738460657949,0.95066865445976,-0.110200069248356,1.09369374775485,0.962400900494696,0.737672075079136,0.459219491356878,0.278106447425653,0.172006618071409,0.0452301908898414,-0.055863118047376,-0.0696734185928114,-0.0583508782121347,-0.0525608219345322,-0.036829332567204,-0.0228884971641454,-0.0093627508523589,-0.00191766918906675,0.226348983609033,0.186912575116194,0.155400700088735,0.126377934673684,0.0977516313591194,0.0706740047693589,0.0404966434227375,0.0165204192666543,58065.987782986
"580",-0.189789055737797,-0.0912787399840865,-0.0716505253879739,0.104312834775068,0.0947290597293483,0.0702613748819704,0.0608365892594891,0.0154542720801248,0.883121241844417,-0.122724175610337,0.0721500909487105,0.212402672209839,0.495978809492088,0.656271099113014,0.799881253737497,0.94853619291439,0.0949738232124171,1.07193951115536,0.890506159324192,0.714692462642398,0.45660636549538,0.298801670095079,0.17532860295183,0.0476199621800488,-0.0601522521875147,-0.0762052220636169,-0.0649137505308204,-0.051805063605367,-0.0374976379102633,-0.0230605782643034,-0.00784190245307548,-0.00252281354335981,0.225911481492015,0.18390735551787,0.157599200298345,0.12723471009968,0.0975720776852978,0.0697103928763756,0.0405561106824648,0.0164094240251652,58067.1956241866
"581",-0.140899452350333,-0.0907832934417043,-0.0566366841696309,0.109849667995929,0.107107522374741,0.075995356662424,0.0533028906761161,0.014072354723911,0.944071510308849,-0.15358726613014,0.0157752253141098,0.185605534185758,0.493169582029299,0.650896608570077,0.801619201252637,0.948007867876497,0.0168774591314155,1.10205005403487,0.940902371872068,0.738276299716557,0.45610537406745,0.302347602385068,0.177453824831728,0.0486342450353397,-0.0578274956850411,-0.0785937441432762,-0.0623922823930065,-0.0508572890496743,-0.0348308629126445,-0.0232773205711958,-0.00917484443147369,-0.00240761265353217,0.221493577081021,0.182853256787972,0.154549998722366,0.127379513531144,0.0960173895490852,0.0710615045240345,0.0397998065470992,0.0165295271478076,58066.9066397591
"582",-0.149834677798116,-0.0898743578814429,-0.0493990258877739,0.100792228521555,0.110672593632597,0.0827327650704697,0.0529544868584742,0.0139658134252847,0.776286456842469,-0.139920748025563,-0.0210991994072311,0.232992572103395,0.509561885572181,0.641805661544135,0.80758145933868,0.947396137616853,0.184738245965839,1.08738682396013,0.978882048231242,0.694540357065514,0.435714365899089,0.309151148721947,0.170685318495887,0.0490944665658391,-0.0497338599370528,-0.0769892039418675,-0.0774514351779502,-0.0558667990298354,-0.0365343257195815,-0.0222400578606243,-0.00871744000525194,-0.0014850615621416,0.22648842320401,0.18961312739473,0.156749324560271,0.123018323487441,0.0952670195342624,0.0704683515903423,0.0399322837048464,0.0163093478318672,58068.583178212
"583",-0.199176220641987,-0.105547652911958,-0.0551758061001265,0.0931182323449729,0.113098020299423,0.0681993569663251,0.0569016561966801,0.0119634300776359,0.544289563988413,-0.0764489117791605,0.025475051103282,0.238412762663603,0.48134282550367,0.664457018777557,0.80727274251781,0.952147046861106,0.432633266699654,1.02926134052091,0.931167884970915,0.69049802787152,0.465855762418723,0.290509385328013,0.168859657837437,0.0449774894252429,-0.0488468870616651,-0.0651961198635563,-0.0741178157623523,-0.0555944508632023,-0.0345857453900211,-0.019819546020312,-0.00689405394183041,-0.00288070138405382,0.22668844578222,0.187988839426095,0.162107671684925,0.126492896554537,0.0961729885946022,0.069384189812453,0.0397776396438999,0.016235599468004,58064.6882857915
"584",-0.151196579254385,-0.065580481918691,-0.0374999873237303,0.111718100725479,0.0974571015614526,0.0758786137897094,0.0483617031496866,0.0145796751813204,0.827895908245775,-0.190545003929779,-0.0171528585537966,0.26747016562613,0.507342962612394,0.661172187741057,0.806739373512311,0.949864119185762,0.134677308105186,1.12802235522798,0.970235366447751,0.655897298936025,0.442090508830576,0.292895185538007,0.173573593906118,0.046241337628142,-0.0563360749623266,-0.0615566531121627,-0.0730253633355205,-0.0619786296705282,-0.0278504325659483,-0.027186704370134,-0.00731479724106488,-0.00216068311086362,0.227259622756289,0.186199002291337,0.160005555762699,0.126912391725854,0.0964152590748464,0.0686638248260541,0.0406952483044116,0.0164430287523732,58062.9550816959
"585",-0.116774939420355,-0.105342526393733,-0.0403390319993514,0.133169765716641,0.107439935894596,0.0760920547972736,0.0524056687921013,0.0141084719514158,0.655008929326914,-0.0664810140004812,-0.0069905601598249,0.219043686290313,0.490558300773605,0.662133322913117,0.806707462922614,0.945631772864172,0.294479838572269,1.02010988603943,0.96059175221688,0.698711404988897,0.457943077497069,0.290632669051178,0.171847026198798,0.0509127066440753,-0.0476273637502544,-0.0742211907132518,-0.0667826975089092,-0.0580114341400705,-0.0366261572496186,-0.0211567763787882,-0.00793190106674841,-0.000812189837932779,0.231743573743056,0.184594273425787,0.158805029402649,0.127129157354569,0.0971924618532206,0.0688539964229391,0.0406178545564388,0.0164502236685887,58065.6910570458
"586",-0.13236381380297,-0.0708971874913448,-0.0588118637457847,0.132778845276589,0.0974543113232503,0.0641424280798894,0.0568355171618054,0.0136537321737885,-0.053009209303616,-0.0939009028974489,-0.0272532081072368,0.180321416372967,0.508864659130656,0.661987479714386,0.807101426215509,0.947242891097625,1.00945757819783,1.03179802328153,0.988239187577757,0.735965771695521,0.441737806343972,0.294885908024439,0.169429259133699,0.0494355055151442,-0.0451377940269272,-0.0596392617042644,-0.0730096328909815,-0.0523917212180592,-0.0329174581705737,-0.0199381376743771,-0.00693308888793266,-0.00218237559612833,0.226992728107085,0.188601041972679,0.159355397934287,0.124595400184392,0.0964577795076296,0.068039779868407,0.0398766141355694,0.0162097529475852,58069.0447703377
"587",-0.157666592267611,-0.100408743112005,-0.0695199675035526,0.101586509011526,0.110399119300931,0.0752631181489683,0.0568076838456964,0.0133505762013148,0.348577788690517,-0.134039861966007,0.0020872999597762,0.176286655596247,0.498227425250083,0.6473746161171,0.808719588027609,0.949054610086606,0.619746386884197,1.08086735405018,0.960254774465972,0.752321211194114,0.449409838477826,0.30590254636861,0.16811636670607,0.0475618515764698,-0.0635658445182977,-0.0581081379904669,-0.0716448621260281,-0.0540344449629663,-0.0421891838294982,-0.0223776809657689,-0.00830504405067286,-0.00152873233614523,0.222608185446347,0.1832732206137,0.158187772472719,0.127601520908652,0.0965106135301575,0.0687338859859867,0.0405625866409135,0.0161791273846531,58068.0583604829
"588",-0.177523163996122,-0.113308764126382,-0.0769394672038936,0.106813420094688,0.112809248678833,0.0701164845937255,0.050159520141826,0.0121558420503997,0.841278465375235,-0.0819743530898188,0.0254833560043497,0.192632954364865,0.50689641818798,0.650457492671401,0.809663455886985,0.948740528714301,0.130507540906028,1.03992049304041,0.938453402564198,0.734898566862351,0.439417976971355,0.303280529611061,0.169214398668136,0.0485777562085763,-0.043423314184476,-0.0772197461088612,-0.0661934018938872,-0.0596915719708304,-0.0396848917947863,-0.0167990559967626,-0.00617642422848175,-0.00269332403753475,0.227814571067001,0.187212719068546,0.157253242473221,0.127592297938437,0.0974700150731711,0.0701306358082871,0.0402593182710813,0.0163691894449401,58068.8325260529
"589",-0.182845645253124,-0.0956812529727724,-0.0701336468992995,0.0847903964274569,0.100436082886721,0.0690016054958957,0.050192689117287,0.0134055510385876,0.219152999541352,-0.172490261378353,-0.0259960049061199,0.271748086653653,0.494311746102807,0.654648051365735,0.813207762469299,0.949368805650971,0.754975093952862,1.12325508253114,0.990365899227659,0.662672889011341,0.455476209720716,0.301292107945309,0.166020611063232,0.0470886956801367,-0.0487820733167199,-0.0791340814356324,-0.0720580764755068,-0.0637715121275159,-0.033892615075767,-0.0215715811021351,-0.00955739750426954,-0.00125862902004485,0.229939174012646,0.187707904278702,0.15843719958414,0.124282242030355,0.0957366540619698,0.0696970958611391,0.0406429261676614,0.0164761152151148,58063.7405694997
"590",-0.164905832644197,-0.0722650519466427,-0.0567553784431804,0.103510890607772,0.111797266755691,0.081886136414034,0.0595050367980943,0.0139262611120706,0.0991112737442542,-0.20866098432361,0.0146522176250458,0.200054073603563,0.487962447978208,0.638804247787745,0.797972929770979,0.946352913257931,0.868564542076647,1.15067471779314,0.943811703612825,0.726786658128073,0.458931299444705,0.313235912030179,0.177721952107965,0.0503061838757672,-0.0582244605409306,-0.0756383898776097,-0.0680544554428686,-0.052956969075987,-0.0327523589081902,-0.0257356215212772,-0.00484840745161269,-0.00137009640861636,0.226027821217719,0.183558453260776,0.157845204279051,0.125773313330321,0.0965971963921693,0.0690083253514898,0.0391271057130838,0.0165754873672437,58066.3250745385
"591",-0.15268949395956,-0.06465352463644,-0.0891281655131839,0.121517151324564,0.117013659221005,0.0660859651071395,0.0511279059315854,0.0139702026198165,0.148532426122543,-0.0949291293353215,0.0387382212252732,0.211284890154992,0.487846699002132,0.668562106171368,0.807907125177087,0.949718620712108,0.810051726874463,1.03277109748559,0.930986065846569,0.710359004476157,0.458114551307683,0.288063534586532,0.171384853555141,0.0467237547483074,-0.028558976158791,-0.0740023669408647,-0.0696908752299044,-0.0591385427136315,-0.0402627458427039,-0.0261017420556558,-0.0096067771117919,-0.00209442784328803,0.223685618962165,0.186902456264245,0.160378840896528,0.126562383710013,0.0974741592234325,0.0692183384389877,0.0415912098927031,0.0163793295933058,58064.628311232
"592",-0.167950479919465,-0.0958014334809971,-0.048912157310357,0.107432895289564,0.108972806737916,0.0700032699526271,0.0546852285888096,0.0143394030683154,0.667165245523781,-0.144566257730734,-0.0570527832274543,0.202502573703794,0.496268205640344,0.651929561430427,0.803500965196663,0.948042253998599,0.300267569991809,1.09481127449008,1.01516589002804,0.725145993120094,0.45206175590877,0.302146131775317,0.174141340992689,0.0481948134627384,-0.0448892625513391,-0.0700691716505596,-0.0708266061896084,-0.0599386795990182,-0.0376421701098975,-0.0195519662091917,-0.00640783389657417,-0.00167653969339721,0.229704285025883,0.182879282121351,0.158264192284499,0.127047431928214,0.0974330846141053,0.0688195435936708,0.0393908847762832,0.0165498120521311,58075.5666634864
"593",-0.151286966001423,-0.0581882347974361,-0.0658454036840845,0.09150094765466,0.113084637636468,0.0877407984295838,0.0565713167914236,0.0148453185213344,0.109438987707819,-0.0706018930292332,-0.0149057829972634,0.226543172761174,0.480722839777918,0.64505542646081,0.807207530584454,0.947653667314604,0.853009841288361,1.00860061397093,0.976146722245675,0.703449311429359,0.467815509694901,0.304204049054658,0.170043954001584,0.0484890835449376,-0.0463422673483227,-0.0674433399277647,-0.0649200377039921,-0.0595266692578445,-0.0403774142439745,-0.025274065666337,-0.00938878856793494,-0.00224013158684228,0.225094864052111,0.183868134711951,0.158637529068227,0.126473471678045,0.097655779565154,0.0692936347697339,0.0396631160530353,0.0163453222629759,58067.5582255756
"594",-0.177086874340912,-0.0645245464368659,-0.0613702528558844,0.0971719231714878,0.101903269397072,0.0683978895622582,0.0558511541119332,0.0138729808349733,0.548977502961197,-0.0642061988047346,-0.0292373454345761,0.222518933063989,0.518546174889578,0.649515774928189,0.804163840788156,0.948806465540837,0.421655505789835,1.00001874450369,0.988838249523168,0.706808343026953,0.431701612063296,0.307328012697079,0.173538315670266,0.0478630508552557,-0.0619290188089,-0.0487398213874319,-0.0676465269508092,-0.0630081249646455,-0.041802772594184,-0.0263716570671741,-0.00766962166480075,-0.00174617519460126,0.225411760659909,0.185717127164145,0.158709809378113,0.12646815463019,0.0959303646762483,0.069559465820448,0.0408703565806715,0.0164482264111058,58062.6219482466
"595",-0.183663707940368,-0.110166803935231,-0.0597553923440973,0.105288522673057,0.110791556189687,0.0848983069935197,0.0554731938781393,0.0132082334407468,-0.0179375040889833,-0.0995392028301813,-0.0164139430123253,0.195687615904568,0.499930390750842,0.638953087206862,0.813325768981905,0.947061674745675,0.991120218383317,1.05390699955102,0.975800994210229,0.733152522316368,0.446193792368939,0.311077973529368,0.163199788367765,0.0495787558973201,-0.0449887775752778,-0.0738879010004189,-0.0654065983651949,-0.0636389633035544,-0.0292416372350905,-0.0205140712048907,-0.00771755716560697,-0.00128050326144824,0.223904373905921,0.187089836469472,0.159995809561903,0.125444581539653,0.0964972581191162,0.068532901780788,0.0414382557746028,0.0163013960816559,58064.415236874
"596",-0.167567370841588,-0.109667077499412,-0.0731092380103183,0.112731720870769,0.0854397412622589,0.0706092111583323,0.0552774931316925,0.0144137178033612,0.694692724869693,-0.149702503384368,-0.0130927913111,0.221368464752044,0.525072674109717,0.654870629701707,0.798922964942998,0.948972134420561,0.273980346589707,1.10123421423758,0.976723864028112,0.699844249624962,0.430090909012564,0.300096252070588,0.178374663456349,0.0471848819343788,-0.0550621055723011,-0.0660068126404954,-0.065080603251806,-0.0541308196288695,-0.0431875150828063,-0.0239569346364373,-0.00509598220973135,-0.00120183802283137,0.228444736528083,0.183938275372551,0.157533176896673,0.126745926139145,0.0956298334033451,0.0683788526504755,0.0395803169578213,0.0164838050908408,58066.4577778281
"597",-0.128410260472861,-0.0839367882006791,-0.0699504079324347,0.106426574840455,0.106650671486028,0.0696580228606275,0.0523626703801014,0.0124403634943678,0.336316718186558,-0.0612829214609843,0.0516814557705514,0.20456994131646,0.500297020049672,0.647496212380162,0.802947387502116,0.950858003767377,0.623782065188635,1.00687667443316,0.910601922513461,0.720417324726994,0.446197569607131,0.30819256431137,0.175967999724534,0.0459926598167998,-0.0639843065065581,-0.0714757979298266,-0.0677561387108485,-0.0552745019825576,-0.0330036254993075,-0.0221186387546168,-0.00916407025294409,-0.00262918741908011,0.227945592663505,0.185663584418808,0.161415804683182,0.126803977215068,0.0969270372353323,0.0695130310472503,0.0411296737375854,0.0163605407076019,58066.5063697929
"598",-0.154532359101952,-0.125572764006301,-0.0669782058133218,0.114353174642727,0.0946093422481366,0.0915472531635644,0.0469180412261388,0.014466890152801,1.0778815592053,-0.10094854527872,-0.024795771825802,0.216507727175253,0.502983043195518,0.650029727504454,0.808301020151554,0.950146672150028,-0.115918715595411,1.06090588977226,0.988383146592089,0.708747270046806,0.449460596696917,0.296441436715214,0.173213940750539,0.0458625005476831,-0.0493043842528462,-0.0709933193366657,-0.0734552941674978,-0.0606216005923532,-0.0377560407152839,-0.0209070474163531,-0.0104193721771356,-0.00144172262830953,0.227019291475378,0.186180730383378,0.160026270383116,0.12440957881848,0.0995346251569023,0.0689583989892813,0.0403557062824692,0.0164837641598635,58058.3757483824
"599",-0.159075706786907,-0.061899014908481,-0.0798645839652485,0.137802659717457,0.109241036232573,0.0764694933006695,0.0589015936135923,0.0108838800545792,0.920042820709255,-0.224541365142521,-0.0022851182100303,0.166666110073858,0.493191373935721,0.652740142945796,0.802499570762431,0.95071723127347,0.0448937709094054,1.16097720476675,0.96979623925738,0.750319203802193,0.454756889095301,0.301334820085282,0.174264196594025,0.0471671638160392,-0.0527230523754224,-0.0647198591157454,-0.0701126970113647,-0.0589857337985226,-0.0388884235584863,-0.0266435363021904,-0.00805577517235641,-0.00308984474579763,0.224007744232624,0.185220965288663,0.156246616892012,0.127505826759871,0.0968376850513743,0.0687471605631978,0.0405865019782951,0.0163164376792235,58066.8046070822
"600",-0.161212909308132,-0.0971320337446036,-0.0542060078066591,0.127871342084564,0.104836722530758,0.0727022219278111,0.0545312177086743,0.00974337235648573,0.893202020080353,-0.133920785638396,-0.0941548137166518,0.195698668040722,0.511632626057553,0.651114759564976,0.807026780839127,0.949391794157591,0.074009977097308,1.08430862311883,1.0518556165754,0.720317740378738,0.435497206569328,0.303606367552193,0.170347930588052,0.0490191809736591,-0.0589059091154873,-0.0691021710076842,-0.0674498747748426,-0.050849411019035,-0.0351004819779513,-0.0258830412974966,-0.00807881129763665,-0.00219496878756942,0.22503489895046,0.182949007375411,0.156930442908045,0.125965644813726,0.0967782252759856,0.0695016219274874,0.0409709496707683,0.0160159107263024,58059.6623637219
"601",-0.162130497425312,-0.0708608725572385,-0.0456761784976634,0.0856590875467779,0.109083557064439,0.0565313147475407,0.0592389537192902,0.0141777596894313,0.362233398250448,-0.168454301020663,-0.0308556322399312,0.230605919072781,0.501892353882471,0.659464786746661,0.798055857374507,0.949737634274902,0.605796309922696,1.10745826440786,0.987439085353697,0.7037763810553,0.446252552876911,0.300189072652362,0.178506970563195,0.0464852177226522,-0.0590817858763322,-0.0587844919867674,-0.0758029646314196,-0.0645889219263071,-0.0373956697229042,-0.0249038740087223,-0.00768080492649774,-0.00199741100307517,0.228109272766548,0.185340046400035,0.157735233884496,0.126878593318848,0.0988864867865161,0.0677629264087573,0.0404075138399666,0.0166308040980436,58065.046614643
"602",-0.183170064318211,-0.0765888709705686,-0.0480751768049657,0.108838441388646,0.11374423027282,0.0665417455280476,0.0564506368121003,0.0132078813338799,-0.0367396636601813,-0.170949815179022,-0.0378197761933862,0.217819781522122,0.493850911594564,0.648194798742192,0.806350333928209,0.949527050880615,1.00967715109065,1.11209250295493,0.991308809440047,0.707304155032188,0.45248675528565,0.307892721068428,0.170439108449534,0.0470560957163738,-0.0487892789204271,-0.0639315158521394,-0.0647845117817909,-0.0583351766326703,-0.0346085245102355,-0.0200659841188264,-0.00723859507224584,-0.00210973791761968,0.225851155093665,0.186128128590078,0.156591458163032,0.125016478517783,0.0959178329238033,0.0680564118813884,0.0399320878164779,0.0166286351626554,58074.8367137896
"603",-0.195132397826258,-0.110257262343193,-0.049501238261604,0.0988209497464291,0.103036638185244,0.0705822606705848,0.0501123081517134,0.0136018817753267,0.531486190361213,-0.0472070240025083,0.0182227083156494,0.210983547739674,0.507685225306645,0.647409342891365,0.807311066886167,0.948970946874833,0.444368690002785,1.00035356299172,0.936073643534622,0.721267562365325,0.440778155768626,0.308567352474977,0.172048742508826,0.0477391855648842,-0.0480869238124274,-0.0636928441667705,-0.065257837943752,-0.0657755044054627,-0.0340179582460724,-0.0227429453811967,-0.00853866170189753,-0.00252809259858226,0.229447453454654,0.183471571336858,0.15435238492312,0.12603513647752,0.096115559459751,0.0692564890299152,0.0404733472680367,0.0165051191627343,58070.4245476853
"604",-0.174004991149667,-0.0900199915280604,-0.0304471480089038,0.116097620317005,0.112546130705254,0.0722171090537693,0.0551238557570526,0.0119064021326406,0.531561418239157,-0.128811422769374,-0.00789034259905732,0.217548728950972,0.493130711079246,0.656620166274708,0.804166848351611,0.949473031535586,0.436772943095899,1.07395293306155,0.957915087916039,0.702920865314117,0.453727218078713,0.298706208095652,0.173050099379607,0.0478435656388358,-0.042036014962572,-0.0596615139136225,-0.0717515305304587,-0.0476335631489357,-0.0331102264607906,-0.0248610154719471,-0.00697081492407411,-0.00241129186245613,0.22805792901628,0.184459418794443,0.155361849591194,0.127054554066235,0.095541280283871,0.0688821487477006,0.0400269662504691,0.016474970080901,58072.4296488924
"605",-0.156976870794427,-0.101448585502097,-0.050990877365287,0.118786925134015,0.117626722156654,0.0592776552189274,0.0541376199992658,0.0135903422579632,-0.00969809346117963,-0.0642431732847794,-0.00688349820855198,0.193721602041965,0.487114996822644,0.669484514665028,0.806607463666317,0.949827063478604,0.973684363345081,1.01652673674765,0.963035202117788,0.726903835866285,0.457292137845724,0.289800464395427,0.171074209441255,0.0467439045197855,-0.0487670357568427,-0.0757111871076211,-0.0684303895198622,-0.0507256618862296,-0.0348218106461701,-0.0267985307826525,-0.00723673831079322,-0.00271840473768557,0.228629053946881,0.183669036865914,0.159277677269115,0.128508485079333,0.0957089808175653,0.0684178506706186,0.040954112666907,0.0163743670065184,58073.246643734
"606",-0.155334508842754,-0.100818517412698,-0.0471777899876814,0.114701226434508,0.100641549706194,0.0735398713429422,0.0565938755238063,0.0147410543574836,0.0163855349765409,-0.08290909865123,-0.0215200711647836,0.200272117254152,0.497142885808514,0.658086491338926,0.802469621295862,0.948887538097887,0.949858307152808,1.03415998505081,0.975885560581299,0.723129329810854,0.453450777609961,0.295471554058586,0.174313710710634,0.0475176640567198,-0.0571711912462468,-0.0706398329891688,-0.0612990610098315,-0.0598269565788756,-0.035278409965012,-0.0226445747202404,-0.00660695666373972,-0.00340460718397976,0.230978164011826,0.183128835277424,0.159637022766555,0.125382407676363,0.0949147313512518,0.0698009653620273,0.0394790412654369,0.016587154953378,58072.396861068
"607",-0.149429956004691,-0.0733656833266189,-0.0509840880700319,0.115410553058712,0.125057303024438,0.0755194093026204,0.0509563337571091,0.0130939281798608,0.808864033389286,-0.0942403673391578,-0.0497238990170521,0.232791068056237,0.462713952302129,0.656020398154476,0.804252546816383,0.947560530006492,0.157438054163745,1.03289379232922,1.00688311260741,0.689968133093716,0.480887236912388,0.296851063769452,0.175263192814608,0.0492678490613803,-0.0545277660452152,-0.0592261987233836,-0.063694291950996,-0.0599540562694672,-0.0340923280474812,-0.0254376485622648,-0.00613648648799035,-0.00189272382252367,0.224160378622706,0.183621543441466,0.15718347577862,0.12646481420062,0.0960267142020314,0.069342759324551,0.0406985177249222,0.016391164663714,58063.0415411097
"608",-0.160348829979519,-0.0946117095281377,-0.075460155051949,0.115188947604785,0.0951954657291645,0.0769623813015724,0.0550831083328207,0.013315031890707,0.475296794308929,-0.16147890246227,0.0157652978558155,0.187669370047566,0.518385306527883,0.657230838393233,0.805832287278748,0.948270574567003,0.486881688475836,1.11083329300183,0.947443381406501,0.737952642691967,0.432276733010522,0.295188315561517,0.171254963113596,0.0487142842676477,-0.0322392371063389,-0.0699538917364598,-0.0641623861030494,-0.0628569292689169,-0.0336598772200993,-0.0238381070734512,-0.00723033241370295,-0.00230729093256512,0.227456670862199,0.183608665274247,0.155924238821368,0.127751199249373,0.0978784961360522,0.0686944118873544,0.0401950746640323,0.0163588658327178,58075.1993684828
"609",-0.16570734440582,-0.0980060258545411,-0.0424131080952576,0.0958243944400877,0.109414533809202,0.0673015882169281,0.0476369816562569,0.0148250868360933,0.766352675941425,-0.131207348650137,-0.0523138285049445,0.24472504916057,0.493721716442275,0.653554753305271,0.805718544065304,0.945842938859224,0.204515762184432,1.08175773798768,1.0056098238289,0.685025720996067,0.454170985723252,0.302682312967821,0.174608657255917,0.0505259949041171,-0.0555917449076898,-0.0712082856024323,-0.0662138510259392,-0.0536842313320882,-0.0380928316112219,-0.0254156387281524,-0.00664786385749467,-0.00153962344178361,0.227789639262659,0.187307129871466,0.160351900526558,0.126901903240617,0.0974394140879482,0.0705375027933728,0.040253456926175,0.0163187705929091,58066.3760716272
"610",-0.164096489131177,-0.077168658564926,-0.0539234429254179,0.0968566562276218,0.0948995398954179,0.0654230308352038,0.0559701715195013,0.0147868102465508,0.110126368962041,-0.11546525212729,0.0159169153564022,0.206036460832713,0.518092256126324,0.658660047611219,0.801808985599959,0.949519608026258,0.858451640385941,1.0585600939998,0.940829406303123,0.723956830591147,0.43285231628063,0.298367131355412,0.176173587685591,0.0465333884221078,-0.0502051234554503,-0.0662633863071925,-0.0680150404547093,-0.057895820139768,-0.0362959775224421,-0.023828357366932,-0.00856281753421336,-0.00255020147238639,0.223439063632926,0.185741074840437,0.15774300326423,0.126128405911464,0.0982060513315965,0.0688444862269073,0.0409024713979373,0.0164780704886252,58075.9007983623
"611",-0.13514087535203,-0.0778926834527154,-0.0664576608065384,0.0877057526071043,0.0979059343623644,0.0602299075085623,0.0564379819762032,0.0151774031735136,0.580516458975171,-0.254899996720922,-0.0114430046471851,0.222777765236235,0.515607111186075,0.659125586294205,0.805349833460024,0.948866526845044,0.372797300337187,1.19710930863328,0.970468399671199,0.708787615269423,0.436083493976213,0.298111494146446,0.171878410297803,0.0470683183308348,-0.0380309667753514,-0.0639897568629881,-0.0599188661951882,-0.0539387735468871,-0.0375431847359752,-0.0164135197411874,-0.00978514368108473,-0.0010469812530515,0.228990928817463,0.186950413022737,0.158756317427363,0.125723078784582,0.0964492707483392,0.0689001074333399,0.0402294324587194,0.0167289622199258,58059.867963959
"612",-0.143053819232809,-0.0768543996442318,-0.0463875442828005,0.106733284993703,0.102961027919636,0.0750101492409716,0.057519041692773,0.0151469599202776,0.590824730627095,-0.12311789533862,-0.0490261845749369,0.18812747958591,0.4931669775351,0.675266163619417,0.804117080044646,0.948128971562909,0.369301522131946,1.06344601216806,1.00713500184464,0.739156614452619,0.458642238423682,0.276935851143791,0.17265736918407,0.047958151547774,-0.046550394881359,-0.06380844145094,-0.0731655079857093,-0.0619083859563081,-0.0417912272706817,-0.0229872487578441,-0.00899836881556189,-0.0020066552730663,0.225528250048839,0.18565658834183,0.163066463286263,0.125088328136931,0.0972341161341125,0.0690832734187254,0.0403621232371597,0.0161895785806015,58064.4294076334
"613",-0.165300835781548,-0.0874646828682416,-0.0863682728766121,0.128678335819317,0.109388353403573,0.0742064335808137,0.0535679193891923,0.0160189501428988,0.0153427188832692,-0.165440497824292,0.0218560891462348,0.198184940750969,0.478463278845412,0.64474394158513,0.806496859200559,0.948662141036128,0.952017294991931,1.11173305163734,0.946356470628618,0.719907348092773,0.470427613222683,0.307780300198313,0.172211568854254,0.0470209097618705,-0.0522595131675267,-0.067959458006812,-0.0643216986145819,-0.0538650067219004,-0.0364553903555092,-0.0194840555116898,-0.0098692302633169,-0.00244186309423809,0.228971551923289,0.186342604165711,0.158934138264508,0.122857465586479,0.0978286480412786,0.0692717073121703,0.0399075324123934,0.0165879413144829,58068.3490521282
"614",-0.181011728750937,-0.0992419692989362,-0.0613893793280044,0.107919838397882,0.114674621059551,0.0766553152965042,0.0524212345441382,0.0137520732619921,0.584387678788105,-0.101826383904054,0.0039822847373719,0.21402740338261,0.488760724498578,0.641995798292412,0.806523602731027,0.947205017071843,0.387363397922847,1.05254883598689,0.955154354051268,0.712009630196513,0.457024232906355,0.311368306486449,0.172353116056008,0.0494753763141349,-0.0414319085495676,-0.0706574924598799,-0.0604271523942013,-0.0609838910492998,-0.0364823329185461,-0.0241773979777815,-0.0103932877160728,-0.00167934632249084,0.229517858974117,0.187749941206548,0.156535330857316,0.128723150599413,0.0961013788880882,0.0693332966475919,0.0404788551430544,0.0168953188977677,58071.3204132871
"615",-0.143794494182553,-0.112448681365369,-0.0662052895490738,0.121436936824998,0.103657814552126,0.0598221173821839,0.0498646416533899,0.0126088418501315,0.340669108823171,-0.133586878340036,-0.0350943938412242,0.204443577098183,0.498094488518465,0.664618666064722,0.810842655638286,0.950382223516841,0.617818147922828,1.08918146974665,0.996671069920291,0.716450357358795,0.451954437252697,0.293235601350342,0.167705172556471,0.0464651297240184,-0.0426720069875164,-0.0715371703087668,-0.0664854783703399,-0.0518704161354703,-0.038812122214052,-0.0203635037470618,-0.00716887917497284,-0.0025036588203382,0.226993716682146,0.184553932672228,0.157001542254716,0.126120707783358,0.0936388402561848,0.0695362786832972,0.039602461320107,0.0167891279891188,58067.912545432
"616",-0.179184999249443,-0.0752996075064259,-0.0558500648878477,0.11464427399669,0.0878199039773333,0.0732743978593383,0.0561104064220603,0.0165136752741848,1.03801232645882,-0.0855791056940441,-0.0156265053196098,0.189184002332183,0.510887949433674,0.651095109700759,0.800235796282386,0.948997151137582,-0.0648595226433792,1.02556497565453,0.973066247762709,0.735152143571712,0.444904512392606,0.302766705597148,0.17698978688322,0.0466546766311383,-0.0521876838166138,-0.0592743497177477,-0.0563596069501082,-0.0532209606235998,-0.0425086108174424,-0.0254715335163138,-0.00702026240867054,-0.00247893641739408,0.226945927590584,0.18777242874479,0.160069005233877,0.125319370462599,0.0961849092035744,0.0680469950392004,0.0403229865588719,0.0163127931364867,58065.5247690961
"617",-0.160847787024297,-0.0880807669681694,-0.0337792446358772,0.13713164800382,0.105527980410628,0.0666618758492832,0.0558373182223506,0.0128056494233546,1.20674865460965,-0.145808285615464,0.0168430121034428,0.145676874899647,0.489600406497254,0.668471063364394,0.800792696012717,0.948362194528959,-0.238455400504626,1.09200824856636,0.93590832477481,0.769502480375563,0.459038154548439,0.286618597511066,0.176617913867992,0.048866715474507,-0.0603508749330074,-0.0681525738561146,-0.0717491540290765,-0.0465460070087354,-0.0342669411789145,-0.0206091359945168,-0.00550149552412061,-0.00295880739814033,0.231171102050705,0.185735772845506,0.159027898284306,0.126322989434727,0.0957336504101398,0.0697059358078709,0.0408239018488064,0.0169049067040324,58058.1450957515
"618",-0.144864109516354,-0.0439081255028084,-0.0582550006646106,0.124674684638547,0.0907237510386675,0.0669816627676888,0.0542910274897308,0.0129832427417261,1.08190118470974,-0.1574723889734,-0.026953467600579,0.174633449125733,0.515652350396858,0.663380382661866,0.803001178884964,0.947953102225134,-0.118840243042397,1.0904803249253,0.986214322961771,0.747309936786431,0.438395257197634,0.292296168867328,0.175233310273244,0.0489072970092644,-0.0578301742348083,-0.0740488980913848,-0.0651654963036792,-0.0611572680736579,-0.0414737584042938,-0.0218773289609583,-0.00793908418385893,-0.00183554042069867,0.22348674760787,0.189509723268606,0.162195642016225,0.12752168904094,0.0941109835208137,0.068677015826136,0.0401150883392386,0.0165031264167721,58065.5454721383
"619",-0.171319665376302,-0.106111837926807,-0.0674464229470797,0.113408159790759,0.0971561174161241,0.0727181023958165,0.0561524963273437,0.0143610053500543,0.529351104141819,-0.0951119494475373,0.000961809130663229,0.222753516204428,0.496013675938644,0.65706554183159,0.807824121365742,0.949996320347491,0.438547133224621,1.0475917047649,0.960562014532934,0.699471001704071,0.456768179866684,0.295233979005328,0.169002743221392,0.0463444598864462,-0.043766422553261,-0.0645072587606331,-0.0674544513480918,-0.0550017812928809,-0.0352176687439654,-0.0189545558001021,-0.00698804072601592,-0.00245448672565732,0.225697105825796,0.186320620173524,0.157854349099496,0.125713434986463,0.0957219788162039,0.0690779099317623,0.0407660732815942,0.0162029353961126,58074.8444768121
"620",-0.127385319171783,-0.0881489042351931,-0.0537508327079542,0.11845154799932,0.114053694534177,0.0666160764300423,0.0511310953752771,0.0135495452463008,0.57420584496206,-0.0399163228062603,-0.075717179012497,0.201693904783055,0.487993351625612,0.653698235350751,0.810320116020024,0.947261463904121,0.378376387786664,0.988923858521031,1.03273429996955,0.719392812140645,0.458579987333225,0.30160776155386,0.168631086897744,0.0496607547723531,-0.0373717546102443,-0.0769703875634628,-0.064978924474869,-0.0541451545744667,-0.0365855354204309,-0.0196437589034336,-0.00886639344866931,-0.00323746386094521,0.227186908810286,0.183823289863285,0.156648875003354,0.126120466423426,0.0973758065884665,0.0689510298078132,0.0398874918722711,0.0163839071989768,58068.9677912756
"621",-0.144473360050936,-0.0753712999838146,-0.0607539237707437,0.101962123043504,0.0919372657756815,0.0754391016522997,0.0485555483460407,0.0143612951450524,0.332260997769325,-0.1199349424982,-0.0112781167205499,0.245143275034391,0.512808096435675,0.647212366332392,0.806526541695886,0.948156645884973,0.632386304462136,1.06535879814671,0.972454767736341,0.680503375526907,0.439853627940765,0.306868489683795,0.173589337118248,0.0483845152441613,-0.0681238536396645,-0.0782594634757825,-0.0692643828162512,-0.05477680497484,-0.031624921747479,-0.0219057925018691,-0.00781887199914627,-0.002553188663936,0.227350919076983,0.18689822529947,0.157953377005951,0.128929134134435,0.0962397422569779,0.06920277353634,0.0405620247653078,0.0165520326797837,58066.7411758611
"622",-0.181125888946249,-0.0846834875653814,-0.0498037101245779,0.114980411280838,0.0981587286644968,0.0731801246432041,0.0538063747146826,0.0125058498456475,0.48203988133124,-0.184507889955376,0.0116882094588182,0.207724299405566,0.501568128034775,0.651417123522182,0.808863735372475,0.949525251267496,0.491491429167412,1.1283016752279,0.946287004413537,0.715117027025721,0.450008676283541,0.302643688795511,0.16887027353083,0.0471073738707646,-0.0551685499386525,-0.0595394918117622,-0.0791416390694104,-0.0560573480185718,-0.0372638156366936,-0.0238919236829191,-0.00851341352731733,-0.00111923921917214,0.226282007835079,0.183925086898469,0.155717251484785,0.126268208322845,0.0959278095618766,0.0674080916091777,0.0402156763073079,0.0166277405314343,58073.2523314378
"623",-0.193785001459813,-0.112981267005362,-0.0412964342114589,0.106257556532159,0.106482637261401,0.0750841297123112,0.0511456028162362,0.0128491163569477,0.65649139403591,-0.107929916164861,-0.0383201657912001,0.205025739422486,0.511930312440158,0.646277728846501,0.810741682597694,0.94835981241643,0.318220729582916,1.0637843623277,0.992855431403121,0.720751146172641,0.434938923351211,0.306622246938635,0.166634194039732,0.0486531845937574,-0.0431353781878326,-0.0756347364899752,-0.0712790268101753,-0.0613950968228104,-0.0346505927005928,-0.0196869747075269,-0.00522329676956517,-0.00141583052726258,0.229065865101226,0.190353661177488,0.159573275708884,0.127476912879474,0.0953072527192196,0.0685104153015534,0.0404576229912927,0.0163551601104089,58063.9270433367
"624",-0.149670775508604,-0.0944876071776298,-0.0456930829522579,0.122948888988108,0.0980991733791682,0.0640625581137,0.050510448274233,0.0137971837095549,1.04086754601888,-0.196888651298803,-0.0304623525882103,0.212528718309481,0.514653932322518,0.661779301725247,0.804422224722931,0.946379072245503,-0.0819687834731708,1.14202394698865,0.989411382543729,0.71042483606456,0.434949810544728,0.296376006824375,0.174989859732526,0.0506262835826938,-0.040308168893633,-0.0609013808479073,-0.0768148393822906,-0.0640635913280423,-0.0350039103814228,-0.0227040802162118,-0.00764326975124747,-0.00250385369693267,0.228233455737753,0.187335394416168,0.157076273642095,0.128546529275902,0.0966995269163833,0.0687021124778388,0.0411123880007633,0.0162032682325356,58058.4697103815
"625",-0.153263443789421,-0.0802934952485913,-0.0564056692647437,0.109536639337613,0.12668158778088,0.0737842887996657,0.0506347239066595,0.0133518150550573,0.672267800825994,-0.139973170650042,-0.0610829844866547,0.209348093739534,0.495663075414373,0.654246413457119,0.806538759302351,0.950782152024032,0.2896378686933,1.08516507651573,1.01915999204375,0.715645120196185,0.446624264183816,0.298717234691347,0.172959565599024,0.0459243371759434,-0.0471482899292076,-0.0720908883403921,-0.0728748195778531,-0.0611714094358621,-0.0385578338455353,-0.0186031267100103,-0.0093816993652466,-0.00290521434252428,0.226894888969375,0.183188593921866,0.157427987783434,0.127822076964148,0.0972850278801373,0.067615865794416,0.040810861756494,0.0161418354463467,58066.5732104544
"626",-0.167755218246311,-0.0771241626179801,-0.0790592632767146,0.124238793377409,0.100532397141179,0.069883776411407,0.0527347759998573,0.0152929905721415,0.601835602909591,-0.147594609599897,0.050040276204075,0.229153139845658,0.492988483176814,0.659684187864713,0.803834107404416,0.950725768511075,0.369216020634009,1.08912021190117,0.917791228431964,0.690868228514232,0.456714199906846,0.295104946584494,0.17433657801034,0.0451220372137568,-0.0680832758869333,-0.0736330438884767,-0.0774531538225342,-0.0616753281071065,-0.0313968581514077,-0.0232353501218851,-0.00573232029987923,-0.00269371110553715,0.226659960494503,0.188538733962204,0.157885640142366,0.124781832360117,0.0973586785570345,0.0690682988838176,0.0400421075643431,0.0163628080963724,58065.1194212788
"627",-0.157421716998367,-0.0888413684487924,-0.0809451537680952,0.0983646163144779,0.112870693347568,0.0679834392526032,0.0541925165796504,0.0158605163143697,1.0827550349952,-0.148596535955363,0.0580699969577994,0.190778045974249,0.498150842143318,0.654933703466446,0.802815898982943,0.948349751947337,-0.116795092328726,1.09705671475893,0.909357564650733,0.738733847805373,0.446226345468458,0.301331580821311,0.175435577267931,0.0473947243111398,-0.0487401656626088,-0.070774726017341,-0.0699912199438047,-0.0550396055290911,-0.0349279038566324,-0.0259432571866947,-0.00826498289586766,-0.00223525416490828,0.222704652319689,0.183744173171569,0.154978746257286,0.125574324989726,0.0963893321385026,0.0687172505926487,0.0404987878597895,0.0164818614515892,58068.8322079522
"628",-0.129625967375523,-0.100181195499357,-0.0639049976993167,0.109574095063161,0.0895043499084307,0.075851919915232,0.0587554795509809,0.0132092492805687,0.946886494353638,-0.114480277506636,0.0245212969489423,0.1986170907198,0.508151318967835,0.650422413009236,0.799841065666323,0.948949600756342,0.00829385679196431,1.06284528711525,0.936556132966274,0.727346976077239,0.445433193274248,0.303080157410236,0.177374897151049,0.0478386483047599,-0.0446459721325864,-0.0532567218612622,-0.0693409684414664,-0.0603111256988303,-0.0326552638476908,-0.0244248096569868,-0.00958711510068858,-0.00194386582993016,0.231548822261702,0.184985288447215,0.156587279301749,0.12453509068023,0.0970008427226602,0.0690169653921001,0.0397562311336898,0.016220249229298,58070.8605445958
"629",-0.146580893045064,-0.0574859248117376,-0.0426024783742342,0.115148453106703,0.101995809454197,0.0757744888516844,0.0564406568281784,0.0149182266640414,1.09241680622101,-0.225154147041969,-0.0735977341933701,0.17404782027584,0.525692139836795,0.647991993070123,0.800334352314203,0.949310613634543,-0.131088924975876,1.16167170684088,1.02740006580685,0.75065563098099,0.422762160378744,0.304937677439797,0.1766619136074,0.0467392856939778,-0.0627307057351958,-0.0708291318845836,-0.0691832207819263,-0.0589129275935888,-0.037954082403018,-0.0238686682450145,-0.00676917940747918,-0.00247615236563829,0.224052576347975,0.187986840815812,0.157742634536725,0.127411602333757,0.0950480075729073,0.0683402443571352,0.0399954524432475,0.0165927962636484,58064.5627710526
"630",-0.173228933705583,-0.0919292426194974,-0.0633554233391664,0.0994366201339162,0.110315738261054,0.0623360546138595,0.0589792560509188,0.0146376887320288,0.39750156738465,-0.0870325961770874,-0.00068765746391967,0.215488129027306,0.487332419801541,0.65957571150647,0.79714878137328,0.94848065881346,0.572868041496768,1.0331089262724,0.959995773651,0.712597373545992,0.462108226891194,0.298675877957909,0.17962416478923,0.0478615284898949,-0.0503073204206094,-0.0634298287193673,-0.0665218097820986,-0.0570576928859742,-0.0395090483203812,-0.0214675449508382,-0.00540466420573037,-0.00234948013350705,0.222736178589615,0.188581212209763,0.156882617483904,0.127186305200926,0.095755220346939,0.0700204011929658,0.0397239496199371,0.0163910895394119,58068.5238388651
"631",-0.109744669642605,-0.0822016140903925,-0.0463514122880788,0.102486763701334,0.093541318211858,0.0793668571443147,0.0547163885599754,0.0125628893153242,0.603691963667824,-0.129777325683271,-0.00595715833551631,0.222254036138087,0.502401930242753,0.656113441585428,0.804781880601893,0.948768773388819,0.342349676753996,1.07147317290577,0.957738017817065,0.703047443678189,0.450493992021145,0.296069055470347,0.172418290888631,0.0482125545830347,-0.0390326528863668,-0.0498735765889743,-0.0629946664605294,-0.050490016509162,-0.0348780458856864,-0.0262156378555345,-0.00658559880125483,-0.00147821086352998,0.226109964366268,0.181122324136941,0.158630257503276,0.127240672880154,0.0937687547536065,0.0709675926420296,0.0400592466349104,0.0162295829539618,58059.8525794594
"632",-0.154853939966084,-0.065405468990859,-0.0373666072451579,0.099413333848191,0.101265514090987,0.0696142405432523,0.0601006950210336,0.0132003219323414,1.04545084857331,-0.0827018198367687,-0.0456299127271264,0.226919637024314,0.487106876414665,0.65670446360103,0.80066085102494,0.949218480471609,-0.082461145627868,1.02257846461606,0.997717147995281,0.699623857195452,0.464788285834695,0.298124660868101,0.175077992626141,0.047412091040413,-0.050778082822635,-0.0676098605722818,-0.0671762781993061,-0.0568281022456789,-0.0412774797945191,-0.0214256685443085,-0.00698133539150064,-0.00188882332964508,0.22998702942739,0.189951626626681,0.157697517644338,0.125738149401849,0.0966013888744357,0.0701091336992058,0.0396144498334315,0.0161321463015201,58068.2012677089
"633",-0.177693660561335,-0.0797581587484257,-0.0432042734542524,0.116956790850495,0.0951791537823033,0.0626455614886975,0.0554735627025608,0.0162697173821865,0.935851729015687,-0.0524220196317025,0.0170475890693383,0.166342450902647,0.506334120075362,0.662207835402216,0.806691898331287,0.947585276366086,0.0355264686847705,0.99512695612475,0.937774444048616,0.760875901498279,0.444387230172119,0.295855114069228,0.170478830179014,0.0482389767193672,-0.0456222434727895,-0.0661273323598158,-0.06899714980923,-0.0634905632467219,-0.0314422060744903,-0.0249505652764426,-0.00777811508864612,-0.00224390732375509,0.224134222807736,0.185720640225059,0.157039584725713,0.125979650934501,0.0966542626235686,0.0685325372721811,0.0403386228987595,0.0164413451486074,58068.5599253705
"634",-0.151310203968145,-0.0992614166415211,-0.0359558720127121,0.108600362672935,0.106845517412984,0.0772992290961624,0.0589032183521094,0.0147239405609548,0.797359160030829,-0.0615488297644958,-0.0363867561396877,0.235315301415114,0.497033082016517,0.667740655298382,0.798947304505939,0.947479769086277,0.161804547620815,1.00810847572832,0.990240966344402,0.688587335564877,0.451545398633979,0.284093341347091,0.177532217024123,0.0488539910453196,-0.0460664617121913,-0.0571238828244114,-0.0666137349549604,-0.058476227127439,-0.0376120600334519,-0.023259245004007,-0.00615930811980936,-0.00215214530351818,0.230727430945641,0.183515981162824,0.157059392605944,0.124420200746641,0.0954369975823728,0.0689366540826301,0.0398181054812167,0.0165044783632144,58063.8490248518
"635",-0.148439030538612,-0.0938499205077981,-0.0497716030215604,0.119570216952243,0.0963226875108431,0.077328952459233,0.0537063867670798,0.0143455563460523,0.622007640987118,-0.139867191184386,-0.0179201799149452,0.18750082457825,0.49883956129897,0.645150222263986,0.8061231985449,0.948766570578024,0.339720344356261,1.0897225270053,0.972554026600474,0.7370998446273,0.451826505195796,0.307283420167947,0.171958910223858,0.0475219443384972,-0.0543845874042932,-0.0748610185849226,-0.0595004067628622,-0.0692030428852627,-0.0344766143019893,-0.0246290618749074,-0.00744291966427508,-0.00147705805600286,0.2242407148511,0.187728356898702,0.156569019496939,0.126019721009431,0.0979457040181996,0.0697814735656102,0.0400255275644964,0.0163736562708436,58069.575039362
"636",-0.173646501314656,-0.0932053360739682,-0.050618041522062,0.1229102986865,0.118328901787921,0.0686422330233058,0.0549030897101827,0.0139514078806565,0.805043103510727,-0.193316488369457,0.0132777225211131,0.198503305263915,0.500567563214621,0.652587215533462,0.804299335060842,0.948372189398143,0.164700335279626,1.13944736139179,0.941870507872374,0.723567885146121,0.442650189880214,0.30304862607282,0.173719748086128,0.0482281839891544,-0.0550136843058335,-0.0640326720639297,-0.0627009421503619,-0.0606117106181187,-0.0370114365931638,-0.0236086944248961,-0.00959330720152973,-0.00227086390892299,0.222319284590791,0.181386777109222,0.158815587915436,0.126233547890915,0.0964361383425068,0.0674445680841243,0.0403744607402457,0.0162349469723038,58071.5056937785
"637",-0.135798463428884,-0.0593487447755473,-0.0583774846657552,0.119920743511937,0.103513502168864,0.0727109247595136,0.0529682740958384,0.0133502777306391,0.658329440818489,-0.0951105012832291,-0.0175236731857449,0.233664765615492,0.500901649417485,0.647037126814882,0.808814294018127,0.950249285208002,0.30002858746457,1.03041804244146,0.977687467398944,0.685669111021718,0.450068799568638,0.307270653092123,0.169160016720566,0.0464724967394877,-0.0526656390043048,-0.0574083365845341,-0.0719234276107915,-0.0560175646002004,-0.0411038603272054,-0.0221589133965743,-0.00785431534231528,-0.00297441715527968,0.230449089358899,0.182692612850055,0.157766696855542,0.124769557426027,0.0968312444638618,0.0693476708103109,0.0408407881433267,0.0162488421432279,58071.1111726872
"638",-0.142904106465125,-0.0754675072596337,-0.0568104266666818,0.112751514188241,0.110989547090717,0.0636321134954866,0.0541852332934646,0.0133451034639232,1.02372607421057,-0.040958049464055,-0.0236301410697962,0.209471921991723,0.507944734318694,0.659830580291758,0.809260607587023,0.949506880536422,-0.0619445162838102,0.981073486235765,0.981009807193288,0.713688757340438,0.43821128754352,0.298280075747992,0.168137435024954,0.04725258438606,-0.0609066850585795,-0.0618328282862868,-0.0614362205787989,-0.0574963458972202,-0.0374325283643598,-0.0254943182206233,-0.00850863289411151,-0.0022682166325033,0.219569186932146,0.18618666146779,0.155219520317735,0.127150123176211,0.0948396840064111,0.0690488462965679,0.0402802090572841,0.0161814832980028,58069.4375149311
"639",-0.136691030708685,-0.071064177695759,-0.0597027574717079,0.0862567132369369,0.0874990363016447,0.0747570782240457,0.0549471851904201,0.0141617634379798,0.697928571625094,-0.141695381623629,0.0162485583249048,0.238188734544018,0.488450345200726,0.651916037732021,0.796592993577389,0.950397505097506,0.258764403203179,1.08189252602999,0.94449692037054,0.692499686671488,0.466133575307219,0.301522617833752,0.18090010051534,0.0459671406054562,-0.0419513390848632,-0.0627740188146649,-0.0680201158195109,-0.0521091048485349,-0.0282387731890507,-0.0256045445164837,-0.00506780009998128,-0.00287316276266334,0.230538357795871,0.181340441615959,0.157632554419715,0.126057748910209,0.097008076758595,0.0691951448144126,0.0404635054920434,0.0166621179806957,58058.7042865811
"640",-0.117747594390501,-0.0864178854535314,-0.082259385719293,0.0930447914822554,0.104145751133477,0.0708129201913073,0.0544567522099868,0.0133281050254472,0.0361482796265931,-0.177369264429453,0.0550669141675131,0.220079660966819,0.497624439536652,0.658333314645341,0.804060767272034,0.952428170553115,0.916492568633148,1.12882853065172,0.912811299193256,0.711112266018179,0.451682660035982,0.295688700280358,0.174423955325083,0.0439889236743547,-0.0560049207649837,-0.0811835664539032,-0.0719313083409328,-0.059681695589133,-0.0366000717769556,-0.0209292166940029,-0.00855313099439664,-0.0029066822004587,0.221213319509426,0.186563439349593,0.157007173568862,0.127796775334263,0.0968640702406482,0.0692356895473379,0.040535535709401,0.0160868713159559,58062.6097288137
"641",-0.154477649225637,-0.0947620339721432,-0.0723113261032366,0.124477381583203,0.105749603319304,0.075619921818242,0.059901511202017,0.0136199592873347,0.401851079108134,-0.166937936701935,0.074050555830692,0.178460089127991,0.492381781300332,0.653159280609296,0.796808859261553,0.948833200971119,0.559360497160805,1.11872253653588,0.889852980755324,0.743858269805949,0.456974128104811,0.299490077384579,0.180064924355371,0.0479102605463705,-0.0414279770975266,-0.0831147301746841,-0.0755652349869301,-0.0596143877469639,-0.0385621989419989,-0.0193074683850998,-0.00840152557173514,-0.00266888531943382,0.224532966515067,0.187707518664542,0.157036776846142,0.125830008372245,0.0974571901913609,0.0697069338988198,0.0406790651059528,0.0161284272722086,58067.4887565766
"642",-0.133317130661603,-0.0713013292173467,-0.0475990254250719,0.101665197544344,0.106443291669731,0.0641927267491362,0.0464248628178491,0.0126524806717143,1.05993151012359,-0.1617242911011,0.0267410461102095,0.225999037333648,0.51285882825415,0.668168937783389,0.809760898776615,0.949529296522387,-0.101081534860567,1.10246671153676,0.92771626766298,0.702581029950084,0.435072929896689,0.289282172726142,0.170150325305152,0.0475124380822969,-0.0576052996161059,-0.0649753769581896,-0.0700712202425746,-0.0632111276208455,-0.0340299112190911,-0.0273859261367425,-0.00783255080162958,-0.00153658910348565,0.224998067088923,0.184286096067942,0.160332587513743,0.128023289262911,0.0970881604989847,0.0695052344763914,0.0398311554964925,0.0163280436763317,58064.3244238193
"643",-0.189850806867637,-0.100199276080549,-0.0379062477383918,0.113118503537128,0.0841815381248862,0.0660493268538678,0.0541466482936638,0.0142231793849306,0.679655793294882,-0.19943280903387,-0.0349536205180213,0.202182995234186,0.503296617402595,0.661101575344345,0.807239576415457,0.948633772852804,0.295211645577671,1.14959626615894,0.98575093078342,0.723408080785079,0.454120278155741,0.294905514371329,0.16954925778232,0.0478486336160786,-0.0469714459839627,-0.0663749575031101,-0.0585887084848556,-0.063105037052364,-0.0389513869761071,-0.0216414942516054,-0.00609034223791392,-0.00185262832321277,0.223905985137958,0.186246854999391,0.159180584975407,0.125414800008617,0.0951177675396513,0.0686019761946919,0.0403993494204683,0.0163278330379067,58069.6472397968
"644",-0.157233855085871,-0.0675732881607349,-0.0694860056764142,0.104929288683079,0.0941847331293233,0.0739920369242995,0.0504062064733053,0.0141999849820525,0.794135870577734,-0.138143233437543,0.0271482052587842,0.19791925651362,0.520721986919714,0.650876135037439,0.804520644612408,0.94942081318006,0.168704973156721,1.07531573930926,0.934154398566015,0.728499789141205,0.43131355420097,0.301896304695504,0.175140971037708,0.046832253842105,-0.0446217872883771,-0.0613360565704087,-0.0667048123310344,-0.0588879126866852,-0.0386295384018475,-0.0210614386228403,-0.00904923096249014,-0.00170128965530447,0.225461188171618,0.185852857333312,0.154155647581632,0.127161437110551,0.0955466811305589,0.0692994203918629,0.0401807092476343,0.0163104483729714,58073.9410083246
"645",-0.12731371874067,-0.0987493933310556,-0.0656244061444442,0.122596231725864,0.116308833589396,0.0707407445802143,0.0592026989981888,0.0138005738839813,0.20461775720138,-0.116922030990592,-0.0527267252867475,0.24281813094127,0.496700080858654,0.648593741637694,0.804985098424519,0.948564940860038,0.74779107640065,1.06869477859676,1.01375753856872,0.677787932213672,0.449204674305671,0.305452621597566,0.171395767064039,0.0480728387946855,-0.0390908433200799,-0.0726597963703331,-0.0559619077962935,-0.0602745533081232,-0.0378767079505119,-0.020530543675251,-0.00923930782862206,-0.00228485674630222,0.223087135308383,0.184188735729552,0.158886933950341,0.126342187122904,0.0970161794207074,0.0696673139778809,0.0402234510816295,0.0162871373468269,58067.2026088366
"646",-0.186189222462919,-0.0741165421273426,-0.0450001364895116,0.108567824333533,0.10565822812272,0.073212391717295,0.0626055309921097,0.0134464054211644,1.07837789754381,-0.146767338247967,-0.0172289796938251,0.204274843660002,0.483460157997487,0.658618890582798,0.800103800135118,0.948623247624958,-0.102539863522481,1.0887350737004,0.97232294235582,0.722263660458439,0.467363812235049,0.295701204076011,0.174484816546791,0.0481437346084248,-0.0529134050894786,-0.0659583665046628,-0.0693647020031136,-0.0570043602893951,-0.0376536190365597,-0.0243317411991751,-0.00773415895512888,-0.00318740415442617,0.226456078077574,0.187152242741306,0.155559210449174,0.12540327597293,0.0964687985555903,0.0696059774423042,0.0403813671641283,0.0160721776674351,58069.0352807572
"647",-0.14834805140592,-0.0928832861875765,-0.0441641741803492,0.0981513563211078,0.119102705317876,0.082600568605863,0.052680445841692,0.0123061109948098,0.935024989309871,-0.274825551351587,0.017467403814859,0.196896346236629,0.465999611221842,0.646785126197339,0.799529023881341,0.949893787260417,0.0275084683222538,1.22514328126892,0.938108421128244,0.733091676853425,0.48017848889115,0.304432239159374,0.17962574984999,0.0470556125399729,-0.0532861750269018,-0.0691917829148748,-0.0702905080562781,-0.0536771860994116,-0.0344046207952119,-0.0198110952720957,-0.00821994189149177,-0.00208768081157361,0.227446039863557,0.185309884323071,0.160104165860905,0.125469290682914,0.0965014214188133,0.0676751560787043,0.0399763016615331,0.0162227191898142,58058.2003905898
"648",-0.169118285452812,-0.0876657553265838,-0.0587242446363467,0.101720255456598,0.103155652589806,0.0712435195426087,0.0521036160581432,0.011000988438074,0.531497962654291,-0.217927107805013,-0.0161562840430904,0.203433216316438,0.505854333988139,0.642113103184528,0.804629831519268,0.948467789141589,0.44098939698633,1.1635751036816,0.97487920827193,0.724118076266067,0.444150453986245,0.313313032145729,0.174342826384611,0.04892461043583,-0.073523366660047,-0.0646670790152137,-0.0687795609525419,-0.0562625919166006,-0.038414234066464,-0.021240855335111,-0.00902470244813145,-0.0010671262966732,0.229466172921205,0.184510157107659,0.160674593074848,0.128223947625806,0.0961386750438444,0.0688748051477555,0.039556039338846,0.0163560036988455,58066.234119583
"649",-0.133126278846606,-0.0841353057027922,-0.0339021637993994,0.127915060075995,0.0852051109821367,0.0642493165543496,0.0569088488848465,0.0153393351075899,1.04887613442625,-0.12837433543559,0.0171915345038115,0.200942288625247,0.515046923836903,0.645827556309045,0.804055636724758,0.9474268870257,-0.0949237671663445,1.07771378134422,0.932384854711057,0.718368783171495,0.439357691897264,0.310826112763856,0.172503117821044,0.0486778608822437,-0.0383118613880192,-0.079142265500759,-0.0636649442506079,-0.0551953776933334,-0.0330155904473091,-0.0206459745772849,-0.00815877595396878,-0.00205177762779928,0.226179765921452,0.18090148442152,0.158075388840058,0.124314854118781,0.096545784609072,0.0673646382794141,0.0404844320350047,0.0163756503784105,58060.9950649416
"650",-0.169192375918042,-0.0800439061447515,-0.0439203383770135,0.131023383428201,0.101008451000784,0.0707225416923816,0.0440800099292227,0.0144003864932564,0.587272233167246,-0.180149574183653,0.0078643423158142,0.196608421533889,0.493552134811877,0.647996074944943,0.811000717192256,0.948726571208964,0.379619525164553,1.12623960875885,0.946573834337223,0.721711450818025,0.456339201935638,0.30661668294151,0.169793590993514,0.0473668335653631,-0.0480654508639244,-0.0785898761058982,-0.0678052633329932,-0.0576025378122514,-0.0323511764066566,-0.0217311341908552,-0.00613413664799826,-0.00131790874552104,0.225563044762127,0.186981277472247,0.156471937776666,0.127444102118156,0.0962698843057108,0.0689305609882735,0.0398558086655638,0.0164991148910499,58070.4136740879
"651",-0.196009464066357,-0.0804867475581634,-0.0721639849200165,0.12222575762622,0.111384763802593,0.0612757532077611,0.055386715809174,0.0143330077096261,0.568265158191759,-0.124852620873905,-0.017257575288549,0.194003812799739,0.493180237433878,0.663111934619739,0.803083624370923,0.948559319744747,0.408616480881752,1.07198394342276,0.982549053634545,0.72827855325075,0.455019094689364,0.294068462597815,0.17417112683782,0.0475477137932542,-0.0477750505425605,-0.0736303918930722,-0.070748248479413,-0.062592169845093,-0.0351239519142186,-0.0178973258500292,-0.00677752470415989,-0.000968248662472183,0.223901831636724,0.189425165458433,0.157643711872612,0.127855803842127,0.100427929578806,0.0686477960773958,0.0405028926270517,0.0163480972355961,58060.9559867213
"652",-0.167020656586,-0.100913693376065,-0.0669704919504642,0.109804613415571,0.107093669152584,0.0748418863998778,0.0570352902386995,0.0144672468812477,1.02631972688738,-0.126563750014843,0.00667242997681116,0.231764012679638,0.490315854434827,0.645438462175149,0.802821875264613,0.948684334205195,-0.0601312786895285,1.0753652554194,0.953450753897359,0.692651263287191,0.458773415694807,0.3081338205603,0.173388792682613,0.0474219923393382,-0.0391923500421084,-0.0626562949076088,-0.0604396867658187,-0.0630035055524861,-0.0376068044601033,-0.0229153918594315,-0.00554576773242338,-0.00155152641503181,0.226734285873008,0.182686177686165,0.158368400990441,0.126466821490379,0.0958738758228605,0.0696923606515066,0.040642961777296,0.0162552227068586,58075.0150757956
"653",-0.16275637238933,-0.10964802819442,-0.0439396144467226,0.1134162885314,0.106436214621744,0.0755912398636372,0.053346544380139,0.0129632935778605,0.841202631432905,-0.12518435384516,0.0343190741945145,0.214412795608445,0.504615107460827,0.647544109551257,0.804382451341402,0.950824820607831,0.12276621860567,1.07923646158978,0.918629123774351,0.711888208762852,0.44310774472776,0.305857824019186,0.174272869411768,0.0457160480277523,-0.0484526306833763,-0.0702975770350987,-0.0696626826010727,-0.0632978431037582,-0.0353908692862156,-0.0218454116255233,-0.00843947845491296,-0.00259656073073985,0.226841305760254,0.183482968264474,0.159632059154678,0.127454544004291,0.0963725084273405,0.0680515912557876,0.0397510415586152,0.0163639176902819,58072.4966520188
"654",-0.153081845691761,-0.086831464298102,-0.0570446088651752,0.0991536697555531,0.0941562832287249,0.0709284507612895,0.0569980249076458,0.013163118080438,0.781064662272228,-0.115047784983017,-0.026565907193244,0.241720251071855,0.515128353305032,0.658221478053729,0.804791125475902,0.949316603682122,0.17744896943334,1.05969558980108,0.985164972489203,0.687487617620098,0.43663072062933,0.29640983461678,0.171387403086456,0.0474372354920292,-0.0435267313300304,-0.0649848580061872,-0.0725304674882344,-0.0637252929723301,-0.0333293480757629,-0.0235542277329671,-0.00621684480998278,-0.00252046128858828,0.225348509348997,0.186187860932849,0.161442242745613,0.127517569970788,0.0950448482235981,0.0692978351379038,0.0404150662265823,0.0163255208760004,58071.7621957948
"655",-0.163039091729894,-0.127749243254058,-0.0672560915061851,0.0930294140265561,0.108401069960494,0.0749556165904826,0.0553292406282161,0.0138944521294365,0.638557949931644,-0.136278463150292,0.0230943338673645,0.242127743823916,0.488890553484285,0.654825821137565,0.803336786756058,0.947382755802588,0.330003688409562,1.0965641175833,0.939195903935401,0.688039949197188,0.457664551667716,0.299405014597326,0.17434499315656,0.0492556905975518,-0.0530396007503306,-0.0800589119180527,-0.0711758193121508,-0.0628393070180982,-0.0318975618448057,-0.0240073400779931,-0.00763755052775151,-0.00175437875233332,0.229097249669003,0.184259314518579,0.159075741000012,0.127051638023241,0.0985210417841014,0.0678440490689185,0.0399454776944636,0.0164879355978215,58068.2601850786
"656",-0.225811114423077,-0.0928422717771195,-0.0340231072111177,0.145035989813389,0.105974795750709,0.0748016601581826,0.0537908186754642,0.0143266718095941,0.632160384650005,-0.0739095394033278,-0.0689249155091626,0.168180057379568,0.500893640599936,0.656749401046084,0.80687204134675,0.950219926244699,0.353663622465354,1.0230572841926,1.02040883102049,0.745577272407575,0.447906835833434,0.297235150307154,0.171444634120178,0.0461521084590749,-0.0476559345114283,-0.0815804331973626,-0.0688143778024988,-0.0554859033804705,-0.041996534080363,-0.0259350692750007,-0.00856733718189691,-0.00203270108242141,0.225130484596974,0.186229795864873,0.158838397995429,0.129011829804457,0.0970456464649848,0.0684787380434854,0.0398411315986173,0.016526069755413,58059.9601645119
"657",-0.144209571981945,-0.105806299133021,-0.0695060824524186,0.107643836859882,0.115618855179458,0.0736238726736984,0.0540105452122858,0.0141409819372217,-0.0388431484408326,-0.192056162641804,0.021972357038543,0.20380253752701,0.490397264159819,0.64826089549931,0.808007256776831,0.946539146157609,0.997917296971921,1.14445734274914,0.942410754250508,0.721797552792757,0.455058291952547,0.306179280131983,0.170093619401539,0.0502163234367565,-0.0528907708462215,-0.0655046707610648,-0.0723799464750692,-0.0538276981757167,-0.0372036060790702,-0.0227162556866999,-0.0107168167569565,-0.00211531782534902,0.228722964292957,0.186093682685397,0.159329378429289,0.123744318407171,0.0965615184411606,0.0693274757952704,0.0407982274328124,0.0162490274058895,58071.8789377946
"658",-0.152878814363185,-0.0756592348424838,-0.0935912028949847,0.104239818107889,0.106972264812997,0.070560786852306,0.052389040138572,0.0157892001795062,0.527843802989173,-0.126812715110579,-0.0457588476697211,0.197068091792327,0.486532270730469,0.660033895634476,0.808575468079192,0.947445449960283,0.434029154298222,1.06762118347992,1.01788984628681,0.730122029652373,0.463150545024087,0.295197700033932,0.169770641447545,0.0482773277352831,-0.0436265722091733,-0.0605682477609119,-0.0640840206416985,-0.0543077283327829,-0.0334731630701288,-0.0212255602618079,-0.00909623205522529,-0.0014926228532486,0.228033117760177,0.18714210973739,0.156926167981485,0.1247386352304,0.0966126376714999,0.0685827730764624,0.0398377302642735,0.0166918559027336,58066.5623215516
"659",-0.129793894660926,-0.0790488788038812,-0.0759225260293919,0.11440828698027,0.113201840255418,0.0725989505560209,0.0593700531610449,0.0153058747188877,0.820365323603424,-0.200294140993994,-0.038139432323722,0.212882074751564,0.508552598008358,0.654778707187077,0.802327020729595,0.948758775044595,0.1315905535357,1.14114011817873,1.00361284460849,0.711030062998361,0.437216263699927,0.298842733351775,0.173330966053563,0.0470921831370937,-0.0412009927068206,-0.0588306247361514,-0.0634493300873773,-0.0614134726428659,-0.0391485443864791,-0.0193647331609057,-0.00752409594562661,-0.00165779834663043,0.231801993396832,0.183175405139279,0.156991441450477,0.12554155240815,0.0980125728631359,0.0687674528502992,0.0402669099994147,0.0165079382243741,58067.8638826939
"660",-0.150562781106868,-0.0753827828972919,-0.0619133743615361,0.107032280576841,0.10676806448821,0.0756892646613761,0.0568633791428016,0.0121910703140958,0.588489145397097,-0.126042311083827,0.0120895569665336,0.238843321124668,0.506162696735851,0.653585996641088,0.805013085220658,0.949839712796834,0.374319742973439,1.0697153754152,0.94951125479154,0.686052542305173,0.443236087286867,0.298724536372227,0.171533574927357,0.0472431159735923,-0.0605620337297996,-0.0682251736414832,-0.0786107977627601,-0.0579397301590044,-0.0388348128460038,-0.0223329773405901,-0.00717021339442939,-0.00231618166460906,0.228132881007514,0.185120177014512,0.15509256496181,0.127646037394178,0.0959889895335083,0.0699351534036959,0.0403816099652304,0.0163042729013257,58072.0175554215
"661",-0.187390617276546,-0.0805179822466816,-0.0849882404491764,0.111252306443762,0.0997964577298608,0.0722092063750096,0.054433208295811,0.0151118364367987,0.850324602781663,-0.0917232655478103,0.0107336009817796,0.225454599302213,0.500572858317239,0.665688961196689,0.797014761694929,0.948714215936089,0.124134809101603,1.03650537836183,0.95605040059392,0.696578095120345,0.450752170753831,0.288579325439256,0.181047553702173,0.0472577418315512,-0.0542274736748531,-0.0761051178689652,-0.0669514619175174,-0.0509836158215481,-0.0348467091319375,-0.026448974675769,-0.00495159519148201,-0.0022816574767558,0.221671485691157,0.188285767038036,0.159067636079717,0.129323316000694,0.0968768837915948,0.0682578447997764,0.0410741521730955,0.0165032642967058,58064.0720598855
"662",-0.159300952998256,-0.0492042126386987,-0.0687007335466244,0.0983326231407418,0.102744026282952,0.0703689885193219,0.0527978187059641,0.0145182968028229,0.493616172850558,-0.132391739606614,-0.0498910349411559,0.226250207308175,0.506801449849635,0.664588010792355,0.805611471249626,0.946226511305435,0.469914002724445,1.06390622776424,1.01475311052255,0.702979794419641,0.442335678150492,0.289294407950065,0.172804078196435,0.0502737730549156,-0.04529771113848,-0.0676325768983348,-0.0704445324524552,-0.0608124355363266,-0.0400033049698023,-0.021510854911154,-0.00837016244392996,-0.00228196198945545,0.227038483461914,0.186246619575026,0.154862119750608,0.127594365923193,0.0968244207697417,0.0690359774782667,0.0402219982914411,0.0165202686588781,58070.9407391809
"663",-0.152079851482464,-0.0812246889770694,-0.0570194891478219,0.121118490008991,0.111331665674498,0.074747688549132,0.0563698577677939,0.0114986178173436,0.666455823876597,-0.106158417374883,-0.022841581257359,0.166529423807803,0.502499398726392,0.656708855499421,0.808552755545847,0.948593815408048,0.294335003149909,1.04933657114545,0.982003594524661,0.755302520797824,0.445456001882055,0.297257964828078,0.168034592539713,0.0488245221471712,-0.0373350676217662,-0.0564881193595052,-0.0643929759034486,-0.057222961473315,-0.0436601776856741,-0.0255910036082324,-0.0070715743484814,-0.00196644166999705,0.223640283784165,0.189037375488077,0.15818446811326,0.125758743306443,0.0957726148765412,0.0689173497080711,0.0406105756126633,0.0160886361815827,58068.0139434881
"664",-0.162380771972892,-0.0994037227935106,-0.0523709763956099,0.107695477954445,0.113465198802403,0.0677275020590179,0.0505143615681263,0.0153901193865587,0.770351466419229,-0.118631113229273,-0.0602255171777884,0.213881981714493,0.491169357417462,0.64693157951899,0.805867747996701,0.945968529678051,0.199333696576095,1.06999912908416,1.01856187064532,0.712419183516236,0.45547767366314,0.308853125626009,0.173673277648977,0.0501284525283585,-0.0564020985416123,-0.0722944333426116,-0.0656482837536794,-0.0542608446797448,-0.0370386319653199,-0.0203934290610064,-0.00762130707455379,-0.00148056969335016,0.227598048743149,0.186712476749868,0.1609529679105,0.126735847958645,0.0973066438099433,0.0682138939086638,0.0402795110816859,0.0164671400739328,58071.9056374976
"665",-0.15729271982296,-0.0996042654483034,-0.0479714644738209,0.101542639655378,0.096066886420267,0.0807272989201768,0.0533479240710873,0.0132096200771921,0.494655150571042,-0.126821349477281,-0.0254687957810295,0.217915656403055,0.50388279391281,0.644455634701315,0.807636878773954,0.947246409965863,0.469629329554862,1.07735198589365,0.981562722866215,0.710095234164896,0.446483012953307,0.307783352937324,0.170379259591159,0.0494303218343643,-0.0458238445244709,-0.0662535917141856,-0.0639932581321007,-0.0529397654051946,-0.0318697075290767,-0.0244417341001078,-0.00749474005328569,-0.000982653240495687,0.226339845143083,0.18875008121979,0.155718640914464,0.123834157674346,0.0951207723024645,0.0687108790514048,0.0404624790593584,0.0167679998470664,58069.9889429505
"666",-0.145691673989281,-0.0927240767977832,-0.0461944464789926,0.102746156340546,0.121112625510735,0.0639703814859798,0.0526395838618548,0.0140501954314546,1.23537155597754,-0.0968508737293496,-0.0103844078164142,0.199576846947384,0.492612504345562,0.659032487550005,0.81244671209841,0.950407776948863,-0.277355578108931,1.04430991864789,0.963007272079646,0.728986281662668,0.452232612043061,0.297652360697413,0.165372626977362,0.0457268268582133,-0.0531846668229051,-0.063944553464629,-0.0623409195974539,-0.0577432853113252,-0.0396538041834384,-0.0230418752989318,-0.00822504468889201,-0.00215410836080341,0.22227841551292,0.187276818860087,0.159119220144054,0.12548046921006,0.0970884633749772,0.069498162428642,0.0398914144816587,0.016374360993756,58068.5754347144
"667",-0.160669823953923,-0.090228114306084,-0.0578673959582395,0.117224226149843,0.102833789456897,0.0676167832336825,0.0545965350168785,0.0147892498152579,1.08646796080061,-0.120039922204854,0.0700279368158416,0.196083572253166,0.507216090340724,0.653303997321189,0.800448691734038,0.948701636945048,-0.120798673807204,1.0669604819776,0.885142422876825,0.727534540282961,0.442651631874076,0.303941684381435,0.17774236750201,0.0473025089318249,-0.0570132073491065,-0.0671500820623568,-0.0660903239002164,-0.0574435872261942,-0.0403835789192086,-0.0253732455202331,-0.00807341838619935,-0.00168962550010158,0.22868785973327,0.186272342931664,0.157197126437445,0.127596043588741,0.0973856766312186,0.0690557297424713,0.0400465888165334,0.0168264037611802,58069.2844360159
"668",-0.153601490368964,-0.0771695947866773,-0.0576627211204045,0.114891095164593,0.0950426253080109,0.0757643232187026,0.0614096913731317,0.015491406773301,0.564762788759302,-0.139712339431883,-0.0542949198407446,0.174948897253199,0.507257981322336,0.655415183284814,0.802593148362689,0.947651677630494,0.401539962342325,1.08334968459454,1.01301539896288,0.74846342702542,0.444278816672217,0.29703415507223,0.172955496210523,0.0482436960073604,-0.0527582353252404,-0.0691819823731664,-0.0702369364720102,-0.0555650964200796,-0.0377717229463202,-0.0229643851853904,-0.00870307964612041,-0.00238186800050182,0.227003628407923,0.183665099783057,0.159452278794059,0.128646199908578,0.0957672052878457,0.0684024306517221,0.0410359790673794,0.0163095625293215,58068.4646938466
"669",-0.170548726742746,-0.100133257860417,-0.050198662453139,0.097729031813885,0.0968152213735334,0.0706715756526615,0.0561484108757036,0.0144221930524279,0.9879642355255,-0.0381488883780481,-0.022309916007735,0.201296592568204,0.513808570027592,0.653395708389859,0.808089380936918,0.949433302102091,-0.021622350659573,0.9892556915782,0.978727530529504,0.730091274141681,0.436875746603368,0.301951604941322,0.16909791780281,0.0468327617752986,-0.0463531020563683,-0.0773748575093099,-0.0695710747148456,-0.0617210165998821,-0.0359973154644872,-0.0218847730985262,-0.0091336281528629,-0.00218341773984571,0.229341201415662,0.188158389089767,0.161532892796268,0.124769683389869,0.0957861514555664,0.0681479450908106,0.0404270211077601,0.0165123669275846,58071.1710946498
"670",-0.175702187153375,-0.059936492349807,-0.0618635814979343,0.116095616781206,0.110030624565861,0.0676073436358774,0.0513295235608196,0.0121705833766208,0.383756424576575,-0.120775198783233,0.0212303885755164,0.208588886880177,0.489781282555041,0.661906668429003,0.808914216856166,0.948380475685654,0.587068059282779,1.05521125685917,0.939365367604972,0.714774049949815,0.458977914998387,0.294284407021565,0.169750347469394,0.0487247317503386,-0.0547727590456834,-0.0634164292660031,-0.0715245611485855,-0.0572355522387676,-0.0385005246589354,-0.0253587291216603,-0.00786290173372591,-0.00163343331932438,0.224377077489409,0.184847668231981,0.15731532890948,0.126009455547848,0.0972687763089182,0.0693830115417756,0.0402119914513138,0.0162836102523754,58077.903185186
"671",-0.184471383965464,-0.0855280802972266,-0.062467776808386,0.119218169926018,0.106476923527584,0.0676815565872454,0.050108340850629,0.0123023216655339,0.560316175374007,-0.182771991831778,-0.0215029127348968,0.234395229827206,0.504590164578816,0.654585951888771,0.804196716089956,0.950347077259916,0.41431107971175,1.12823607264914,0.980742577277379,0.685724443820672,0.444406510219447,0.301725984854131,0.175288341845763,0.0466837099393253,-0.0457657163132906,-0.0670800763799607,-0.0599355416634325,-0.055424883885097,-0.0377436556181921,-0.0228315900108266,-0.00585273076114261,-0.00262324339472786,0.22597457424682,0.183628102776613,0.154857558320157,0.126997824139902,0.097250426032931,0.0700039341100741,0.0398818046518264,0.0164432516790722,58071.2047358342
"672",-0.14542512067534,-0.105107802808307,-0.0658191270891006,0.101163884388443,0.106615473306176,0.0689399541243208,0.0510902039524935,0.0139942082850257,1.24702049081539,-0.127105617714235,-0.031634718249321,0.203657226525178,0.491041219505115,0.649961054596665,0.812212854157731,0.946646113959766,-0.287385923761525,1.07900678954093,0.995190253926444,0.725475385639369,0.458301059765667,0.30569872090603,0.165720048170783,0.0499007595771377,-0.0509571155948545,-0.063957011011685,-0.0650513865876056,-0.0614199297972344,-0.0368987557657522,-0.0202667362268669,-0.00713380148723161,-0.00167507403047204,0.220877050305404,0.186058367567732,0.155702328974554,0.125798080470268,0.0966800318906887,0.0687733167387521,0.0397690057919854,0.0163909772674639,58070.0688929454
"673",-0.177322483861906,-0.0905405595109628,-0.0390919927010499,0.103200020309776,0.11497730738475,0.0640268935641441,0.0585635590224662,0.0138845802183954,0.647990280561946,-0.112934263399394,0.000589292189673125,0.195980365006863,0.475347185865076,0.651976092941,0.803590507979581,0.94796715551419,0.322180219372729,1.06120235698103,0.950381718291069,0.730395605774234,0.473153637668757,0.305122841781475,0.173074773456053,0.0487219640615831,-0.0556352034776316,-0.0721354929023903,-0.0635851467561683,-0.0549602351079599,-0.0409822512886019,-0.0197663340633509,-0.00927685254988849,-0.00248298163683683,0.229236019171568,0.182203336700372,0.15904313810392,0.1285684404148,0.0959474804166879,0.0680691748184046,0.0408224955666165,0.0167040846293444,58065.673345725
"674",-0.146806927724878,-0.0870907879750146,-0.0536701689135349,0.114366482057645,0.1162509290002,0.0757552007420681,0.055463247891934,0.01206609853712,0.557985425065104,-0.0876481014137144,-0.0382635206274246,0.191473505615804,0.488992540823638,0.667097284959183,0.801404587375799,0.950216636467102,0.403553163880052,1.03300275361955,0.995861541666837,0.732973888090579,0.454287720915304,0.285596470276151,0.176333431602963,0.0469799411250987,-0.0513366306073762,-0.0689120992840395,-0.0700991123874291,-0.0576862165845839,-0.0288619811569721,-0.0250858551260501,-0.00753957112497102,-0.00269556183200431,0.22566947147027,0.186112164976099,0.157610406801613,0.125798885596609,0.0964726157249768,0.0676576584560297,0.040241635296132,0.0164692869151733,58074.4252750386
"675",-0.180244857822706,-0.0980202521330709,-0.0630177525727779,0.105304193790846,0.105400358982687,0.08223394384669,0.0495725912004074,0.0156054749491814,-0.00978077974356205,-0.0937547936412907,0.00336141476082806,0.204515252235285,0.510173679359753,0.64147055499189,0.807890569744629,0.945386930225884,0.980839143946641,1.04311584061463,0.957378170498316,0.72378914510994,0.438834444626107,0.308684682186193,0.171743795332678,0.0507003675273268,-0.0420440494393158,-0.062793826391892,-0.0689070729155275,-0.0648542681210945,-0.0413006190580188,-0.0198953971720934,-0.0080972432627571,-0.00211765433706207,0.22771644955987,0.181986934545408,0.15622693164929,0.123638230694948,0.0956758216715753,0.0685935892338009,0.0397781653530892,0.0165087520181915,58069.7272427261
"676",-0.152813340730764,-0.0956257007401692,-0.0600997197140206,0.125001083473997,0.104771804365224,0.0666629661466922,0.0592730509970025,0.0157079729862219,0.0423294258276904,-0.052240460446129,-0.0213720071533446,0.17656769554005,0.502010125977298,0.65698789610342,0.802956501885328,0.946431426928969,0.918799046938459,1.00176947256003,0.982176071288472,0.743648955046261,0.446412808275901,0.297600425099539,0.173090470476916,0.0493283902055491,-0.0410495442086723,-0.0682137158077632,-0.0750763931260907,-0.0547202243255897,-0.0340520390674044,-0.0183942592253645,-0.00864453340607499,-0.00158926755562381,0.22132704406675,0.184898047649818,0.158833402433461,0.123170273257011,0.0967913303829225,0.0685409774048485,0.0394581290186773,0.0160117984019209,58066.2689782583
"677",-0.132788902786618,-0.0740799163260792,-0.0485023389268781,0.13018649186698,0.104051311584991,0.0783929586946548,0.056683649606533,0.0140779551230714,1.08639118748294,-0.0864678431572629,0.00204731086877705,0.206522715257083,0.486769036733703,0.648121587095795,0.806872020576492,0.948879849409988,-0.130571278755779,1.0301367847656,0.951771826636634,0.712151680685565,0.463645440945136,0.304472107949804,0.16968131124212,0.0479083260776306,-0.0456785923189173,-0.0758193229335823,-0.0621640272278703,-0.0566484821635158,-0.036149439957106,-0.0244398463864993,-0.00699175022889214,-0.00210553531618859,0.22451563130007,0.184987364646239,0.157254714250787,0.125736296985788,0.0963465003853764,0.0702745383765206,0.0408477324958395,0.0166426123420744,58067.8580931486
"678",-0.168313792270706,-0.0710306274549048,-0.0501400698060558,0.0892627870221858,0.107197465423501,0.0748261042719989,0.0589474492804074,0.0138012173573283,0.360377462902753,-0.195078628637182,-0.0309384634104935,0.215162266554999,0.500751546920592,0.637915025870953,0.798440861389715,0.951188462613707,0.609411857812579,1.13374975898818,0.989470209370424,0.718194291527898,0.44773144487949,0.315361975627712,0.177846716651005,0.0451690710989585,-0.0580201169857831,-0.0579799242351892,-0.0754417567005063,-0.0648481677007289,-0.0369285612767181,-0.017910656974377,-0.00632740586843117,-0.00255570079528952,0.227491411747053,0.184607491145518,0.157776752365676,0.12644766322979,0.0987486441341791,0.0685929066473834,0.0404372746284049,0.016128400291356,58067.9553802435
"679",-0.142889864399128,-0.0801292166147091,-0.0463641799709909,0.105803724731735,0.0840719046491976,0.0738540865966748,0.0572463188391677,0.0117036533617066,1.08147727440167,-0.0912540447361916,-0.0666797828104578,0.246180457501255,0.519947813243159,0.658005688214911,0.808066939103319,0.950907970531651,-0.121709810865699,1.03351388507148,1.02115176341397,0.678360592669639,0.435238077483999,0.29489748127522,0.168428212643896,0.0463571942916026,-0.0566485681421296,-0.0662249372157738,-0.0675812160193067,-0.0543321045394928,-0.0363283650662381,-0.0191487414342846,-0.00795053576859657,-0.00241600525318576,0.223772184754926,0.187176341858391,0.158501116082646,0.126348636704273,0.0971570582525769,0.0675090992420674,0.0404372539557945,0.0166910184978691,58067.0017766706
"680",-0.161797950424515,-0.0891295664789298,-0.0577130972937909,0.112529034491146,0.0854476450424239,0.0689309857647861,0.0541078857770663,0.0129997466657063,0.583557609935921,-0.0901047958842153,0.00254882126916765,0.175863718975082,0.515936197893038,0.656015729283416,0.807108751070985,0.948450518854324,0.385250160431052,1.03653679857546,0.957978363732655,0.750255883426068,0.439213152173459,0.299446274978604,0.171045685952749,0.0484072223950591,-0.0647105594343956,-0.0674992297471065,-0.0718604981733689,-0.0597256212588152,-0.0346168248661788,-0.0227311269330691,-0.00892691401457653,-0.00174142294482581,0.225288827907635,0.183976229512309,0.155293863224688,0.125228910026093,0.0976198087766652,0.068884638024527,0.0403455476428232,0.0163415115858886,58075.0977035548
"681",-0.12874678604021,-0.0627849642583777,-0.0482033500681862,0.111136945235368,0.103160404626755,0.0732815425810223,0.0512699276973044,0.0124346476541364,0.108407412854301,-0.240395257314119,-0.00198222564210243,0.214148397519106,0.506331501065575,0.641508633189823,0.803124443808286,0.949658934430433,0.845057124150402,1.17796943834621,0.956262487850587,0.712021728192957,0.442955264916722,0.312418282854206,0.176150925625687,0.047324824985838,-0.0356391774866849,-0.0588664156732109,-0.0658855150879912,-0.0585643036911693,-0.0351186186107442,-0.0199466064069004,-0.00759180195953541,-0.00166099278986036,0.22569588952223,0.188515407205126,0.157754512489269,0.128205760192834,0.0974785860918767,0.0689871708172185,0.039909732098415,0.0166185464811691,58068.8072886515
"682",-0.168987796806456,-0.086283445007315,-0.0617668836909159,0.119343020762402,0.0987123489087931,0.0748172687322538,0.0500141174154012,0.01646953418085,0.353492144427544,-0.154369292432379,-0.03587041157563,0.206954244990818,0.5141163129525,0.661416415037572,0.812651272223784,0.948796813391546,0.616894481843955,1.09938415725273,0.99738962288959,0.714685876105901,0.436229851789444,0.292062970057925,0.165968056856386,0.0468423124319107,-0.0537701774534513,-0.0699102006423779,-0.0738380965337203,-0.0534334389583958,-0.0376608559084689,-0.0247221331840785,-0.00714789092628114,-0.00208886346617692,0.224528240068952,0.183424134817265,0.15792322470531,0.124130900892995,0.0980020244618309,0.0682283050224337,0.0397624231351517,0.0162588112487492,58069.9931738145
"683",-0.160325134893547,-0.0821009067397368,-0.0524214054677937,0.117757528966384,0.105888609528298,0.0715714201666673,0.0561811884535499,0.0137512221818907,0.714978921813448,-0.154789315544601,0.0161312785014885,0.222494563692021,0.512121120554395,0.657812868402437,0.803989024352738,0.950098534252225,0.248991123367528,1.09941237993271,0.941414493688383,0.698941772619443,0.436534620425432,0.2967969061309,0.172386415375549,0.0463020251335083,-0.0473400201499799,-0.069157414475591,-0.0708465937029092,-0.0570897982230054,-0.0356817044802879,-0.0251820996585416,-0.00506545520876954,-0.00183339419427741,0.222628221866417,0.186776653255037,0.157321233570603,0.13019483412469,0.0972842235373165,0.0689953753292337,0.0390181954402359,0.0164910181566308,58068.7606457483
"684",-0.161152557512967,-0.111887111272797,-0.0682720923080644,0.111204988283415,0.101439313198509,0.0683935230356142,0.0577993550737216,0.0138641079022561,0.155499620925835,-0.054153598995122,-0.0329914014193192,0.196945216299104,0.507949057447509,0.646229164493217,0.801428434355043,0.948742712517776,0.808367214781654,1.00465572401576,0.994725262407488,0.726586612236085,0.441470731691535,0.30899973085093,0.176098397122891,0.0478156969286685,-0.0408579463747215,-0.0554031080035375,-0.0607871177696821,-0.0535205664770847,-0.0322633900281052,-0.0189660308702134,-0.0107417376185591,-0.00237882239658885,0.221709718865638,0.184338115018585,0.155402971039497,0.126803789973933,0.0962185626842748,0.0682873342783664,0.040460070849093,0.0162241946909534,58067.7428047982
"685",-0.170249031594892,-0.101543818931139,-0.0502638653882386,0.107115469913291,0.102575200386204,0.0662968087842518,0.0552947988782127,0.0127862195786316,0.0392234979500033,-0.176847172452951,0.0316462350422124,0.200023900680678,0.486284695860958,0.658434498285449,0.804676393469188,0.947989214997887,0.928055122636458,1.12684871277653,0.92381595616909,0.727860859146665,0.464538331214101,0.296372253254289,0.172421692138788,0.0489331095554391,-0.0458072692478761,-0.0636899911493596,-0.0691827253946131,-0.0596156733939398,-0.0332699202222247,-0.0183519077738581,-0.006550814679429,-0.00154886176820457,0.222039177667503,0.184425227082799,0.1579543964956,0.124345314490651,0.0962914382728556,0.0684305117083287,0.0395794395670619,0.0164588238166405,58072.1706464458
"686",-0.125047882254799,-0.0963888603961538,-0.0609902724316981,0.0943277534381164,0.119729652864213,0.0765542125829464,0.0468321208644328,0.0146162116631441,0.45112281764617,-0.0566869058380046,0.00779438417840842,0.224549787428955,0.481580047623622,0.646430632026089,0.810255964502157,0.947509584007053,0.504025973419137,1.00557989996568,0.950743756238704,0.704374176219946,0.462046931101197,0.306130523377372,0.170404950739695,0.0490799610337727,-0.0544291981601265,-0.0619015613856043,-0.0621748626361115,-0.0529580847009461,-0.0316589611239761,-0.0216119947616983,-0.00807564065597381,-0.00254512306689531,0.22222062041934,0.184790691171203,0.157105448599016,0.126818165381575,0.0964284440018387,0.0688912445369981,0.0400702185659002,0.0165647829988167,58071.2160525102
"687",-0.175245942964066,-0.114600989719534,-0.0732030678290682,0.0955214173310209,0.107586259005494,0.0729347638365901,0.0468942474660327,0.0156715789329185,0.590916070799179,-0.0382963745734022,0.00528069725381231,0.189491817329287,0.488583822030975,0.645248758738499,0.808010022191279,0.948320178264431,0.377941532201863,0.993942269962022,0.957817398950489,0.742242655873732,0.459566359652533,0.308981694241078,0.172766521123763,0.0476135834101514,-0.0495237771368394,-0.0665801163741977,-0.0654383458897395,-0.0568514947912503,-0.0329066328643326,-0.0227896664617794,-0.0095614014358266,-0.00223297461177701,0.221794095705189,0.186248381994336,0.157359433421053,0.127855451944097,0.096678494432899,0.0693540783215526,0.0402594106452628,0.0162525762438964,58070.6012175958
"688",-0.16596944315707,-0.0818746856923014,-0.0478818415633246,0.103509008272456,0.102915608536698,0.080380336960451,0.0527710669465718,0.0123527718036456,0.593403304885957,-0.175383013773531,-0.0197018518929981,0.186670938331567,0.512140381001724,0.644989020291032,0.806161962362486,0.949924009100762,0.374382010168034,1.12225619375143,0.97687369468154,0.741029992096896,0.436341089188485,0.305895689169924,0.173000941403572,0.0469545169592951,-0.0547029783195744,-0.0683516866175456,-0.0701238845749721,-0.0537011230312927,-0.035633746010766,-0.0196109672923931,-0.0107615222813187,-0.00172714687945984,0.224020200251325,0.186672333631338,0.158843156699582,0.125941742800248,0.0980431971026783,0.0689614693403888,0.0397909582908161,0.0164061991427415,58071.8815660375
"689",-0.185991703480689,-0.0887475106307955,-0.0590969739862098,0.10103111885823,0.108063896305861,0.0628116698078214,0.0519555728793024,0.014334661451589,0.0904548775324555,-0.188007780429699,0.00263699439378025,0.226713907302374,0.500178942524258,0.6677014938299,0.803553369358032,0.947228713942162,0.884225562476164,1.137267181582,0.957351362260697,0.700436994761479,0.448229719893299,0.289865588458513,0.174952371516649,0.0492639028612301,-0.0455937837339088,-0.07331166639773,-0.07416348189453,-0.0621287372275659,-0.0353412163018385,-0.0271914218283757,-0.00725122973706551,-0.00191133000787554,0.222588809461991,0.187558736877733,0.159574607472582,0.125787563941896,0.0967357819607313,0.070396120946279,0.0405170766741192,0.01635381727952,58069.3884554187
"690",-0.142110645590387,-0.0798542319788379,-0.0574741623333039,0.0938610096261591,0.0849330954336942,0.0754384167448384,0.0584711256805723,0.0149287084403996,0.690026753109433,-0.0663495940143864,0.0372893810635766,0.231325449123702,0.50761875201793,0.648312997484473,0.807765820658991,0.94905238826477,0.268679654295246,1.01182314501772,0.92228929424722,0.700425505873052,0.446993677967915,0.304603045665782,0.168047656439803,0.0470300519056198,-0.0380313461058139,-0.0720899976535594,-0.0688861615461735,-0.0613107252632644,-0.0356188313598561,-0.0214943883728741,-0.00664498573536792,-0.00240170533616458,0.230522640778529,0.186748130451976,0.158587780854681,0.126536019657236,0.0972332240010127,0.0677036160200843,0.0405925485309147,0.0162825201411935,58067.0640657708
"691",-0.130861765542522,-0.0847928175382433,-0.0554601450065053,0.129763156925169,0.102562937198215,0.077778421644587,0.0540339670183967,0.0122384402237154,1.11760932304641,-0.116752378171867,-0.0199357888244251,0.197977685526806,0.499768051450216,0.654125832474237,0.810360502435093,0.949711160671424,-0.162237090588123,1.06211655853839,0.977430218510936,0.721652945237997,0.44967056364316,0.297547678150258,0.167901204570788,0.0476259349792098,-0.0552389716927521,-0.0743269260818397,-0.0633659853166671,-0.0599075382652206,-0.0361413441032972,-0.021144648623679,-0.010418527825862,-0.00283581820712946,0.225995683167487,0.184299721863156,0.1564539968147,0.126777808654385,0.0982129754874292,0.0673955892594941,0.0399456436469678,0.0161400698946592,58070.5645910404
"692",-0.169303484596342,-0.0708695024213312,-0.0390581821953086,0.0903880338484816,0.0908904193459569,0.070930153086354,0.0543671102765142,0.0135618723040802,1.1408806207414,-0.21056907781782,-0.0378557800210131,0.219879206023978,0.512098064665095,0.654004677375819,0.805009035286723,0.950032941982746,-0.174322066329662,1.15241014166241,0.991497149535495,0.712036521760487,0.440794114920054,0.300979576722359,0.173597505223193,0.0465344317544681,-0.0451775491771319,-0.0651928048552409,-0.0629601895381482,-0.0585039927361022,-0.0376942451037333,-0.0252117740678564,-0.00926670582049868,-0.00215099311871395,0.227718320815529,0.18627499587653,0.161236171079607,0.126463238281023,0.0943920140731374,0.0703590530773519,0.0401941696885786,0.0159654751137441,58065.1810518564
"693",-0.183846697810001,-0.089619806927328,-0.0633000158792476,0.115120131832886,0.104216722259883,0.076696820572374,0.0567228576534634,0.0131934782171594,0.667404976354958,-0.0630270999148744,0.0145565653903778,0.201579208104068,0.485792711033929,0.660230599998658,0.800093604348578,0.95067024827706,0.303784372307256,1.01058759161607,0.947639021459192,0.722925013758762,0.464726393757226,0.292906287713561,0.176968225818592,0.0459905498083244,-0.0433835432602757,-0.0667815239136477,-0.0715281108843243,-0.0607431904076805,-0.0357613447762583,-0.02333932646316,-0.00618944670526114,-0.00219443616127202,0.228507977401306,0.18186782482174,0.158419635817952,0.128153658155462,0.099156674827611,0.0689669300236756,0.0391448266651276,0.0163869637118184,58068.3661759013
"694",-0.169262447365668,-0.0868199422472235,-0.065043282091231,0.0849115821047303,0.102045391741998,0.0708575120602034,0.0520140459818841,0.0144604444570229,0.969651739831186,-0.0787847261962962,-0.00683447310409363,0.217749848986481,0.505985481491482,0.656688346958466,0.809952601028021,0.948797832072103,-0.000766097134208025,1.02606440200574,0.968385212763661,0.717888469817633,0.443645357193249,0.298709057677794,0.169296949275319,0.0475883399432264,-0.0388094717775234,-0.0696263996245509,-0.0687767238251213,-0.063258167757691,-0.0368761545085071,-0.023512324491554,-0.0103589918283241,-0.00237835259348127,0.225103531094641,0.189984892758848,0.153153295769,0.12650805306128,0.0967645613120405,0.0678330601634324,0.0404239051289337,0.0160652643755917,58066.4161444602
"695",-0.163903827555511,-0.076463674188619,-0.0559075191671731,0.104268795483597,0.101188523874316,0.075240891465359,0.0575994501127627,0.0126882375266493,0.590401877842458,-0.219676108329851,0.0530597300776314,0.210625079081643,0.501024377173788,0.658821303857775,0.80664586214969,0.948567843931412,0.37928625301667,1.15994489705839,0.902467158705213,0.715466885592342,0.448908545890442,0.294314560157541,0.169273225078578,0.0484586236720109,-0.057109180561226,-0.0597523348526129,-0.0648693758527823,-0.053636097041583,-0.0340653083020222,-0.0226077156483951,-0.00809560504236247,-0.00179705029417713,0.227192730946718,0.185223780888486,0.159403735449834,0.12468518952244,0.0969774149105501,0.0687629405042108,0.0399544274208414,0.0163061721698646,58073.5833930278
"696",-0.183096113958661,-0.106844179400689,-0.0578641170754753,0.111855042947141,0.105106286514745,0.0742910419258084,0.0486318977344018,0.0142166183940572,0.327459355395105,-0.106257676145719,-0.00865803892925931,0.193771127277409,0.498273699768938,0.655509496678815,0.80864520786725,0.949020273103977,0.648664625154054,1.05799235535763,0.962610981139167,0.731063389413217,0.449643262015823,0.29741286304221,0.171016151915506,0.04727691416853,-0.0596635149562643,-0.0717017457831628,-0.049280738026173,-0.05401625607887,-0.0292742368902357,-0.0202046052099614,-0.00708302994838969,-0.00234363504370455,0.230841072360208,0.187453820544405,0.158326879350191,0.127507227483794,0.0956941108409141,0.0688332291713908,0.0403098779853442,0.0163218345488323,58068.0278820881
"697",-0.167977929063429,-0.0845964197095834,-0.0536750214036963,0.112328448150027,0.105077713916598,0.0697751808172881,0.0585032978861398,0.0134295644588916,0.695542764071124,-0.185134358445367,-0.012976804071588,0.210063571993267,0.507310736669085,0.654775893364123,0.805538555314751,0.951139151051064,0.272589250519241,1.13343544078497,0.967719612162738,0.713510923979063,0.441424642447173,0.300993627827917,0.170840015866831,0.0453310674573301,-0.0469062410723386,-0.0834980921729437,-0.0600523233276102,-0.0571634226170078,-0.0345640437307424,-0.0246839863785637,-0.0100653108845077,-0.00215779802737182,0.224716217044049,0.186064120032412,0.158828531600913,0.129461050141577,0.0953672667169574,0.0702317725367722,0.0401505610168474,0.0163694373682843,58070.1026488653
"698",-0.16484685201793,-0.0914290542641555,-0.0538537121090163,0.096959685900711,0.102573285676019,0.0629010606640636,0.0566511582317032,0.0141799253022985,1.1531460276736,-0.166232356181342,-0.00422199130180965,0.211838886670324,0.493699801165272,0.663401206780705,0.805184641493347,0.949602450146584,-0.184116084757002,1.11133321845893,0.961237019652135,0.719040983501246,0.457250046101045,0.293501789452151,0.171293114914065,0.0462673720933113,-0.057399419596528,-0.063736182468213,-0.0657773620372127,-0.0591647753796943,-0.0404169458984734,-0.0206947122258835,-0.00567328934054655,-0.000884612649756419,0.229247918914941,0.185957076488167,0.159071095280268,0.126679027475743,0.0966739707932364,0.0686215339627586,0.0401117533132215,0.0165127293135183,58070.9902607167
"699",-0.156536756970322,-0.0944405542007757,-0.0522958600039906,0.111240501288863,0.0947523180118656,0.0697666823060586,0.0551142313009702,0.0120650722352813,-0.0463254665117329,-0.0953252066714153,0.0350505137873862,0.197291164497273,0.506056579862456,0.648093026608208,0.803033419999758,0.948695475827621,1.00906032420692,1.0444704441831,0.922725617948763,0.728590183885768,0.446808736696166,0.306476935971276,0.174556660656074,0.0484478459234485,-0.0425755456103785,-0.0677439567632122,-0.071638232796687,-0.0627212549337692,-0.0394820539538873,-0.0196714079743086,-0.00611596564148596,-0.0017963928628769,0.225944596494579,0.186826278223673,0.160083623836101,0.128911391220125,0.0954639384323981,0.0687395819025278,0.0401239803618265,0.0165875661174639,58074.6653665291
"700",-0.127451459393372,-0.101042052175964,-0.0549627586680444,0.126927647807488,0.118786128424955,0.0826550544305918,0.050694545798753,0.0131260274009779,1.1041943788912,-0.126369970233226,-0.018021001644306,0.207626814764114,0.495354031139708,0.655456752401439,0.809422976079677,0.949770267313766,-0.150812166576286,1.07750889441737,0.974945555948217,0.710724971261156,0.449318044860372,0.294332733237982,0.169371505484387,0.0466715542390944,-0.0422816669163829,-0.0727258235352784,-0.0665336299270047,-0.0551736617024263,-0.0373903522243343,-0.0243389620816745,-0.00806095729965316,-0.00154809071268194,0.223059441773358,0.186927347602219,0.159974283799067,0.125394797146649,0.0968102455358943,0.0687566348630895,0.0402978276977124,0.0161944741151656,58071.3928879162
"701",-0.163966303993057,-0.123574620931285,-0.0404481661223531,0.114445007506907,0.10377278105503,0.0698728773164994,0.0500726394624177,0.0153147847175375,1.17726270786798,-0.0945641806149748,-0.00507213892324815,0.203156748395315,0.503945620440347,0.658738948439325,0.808062843832526,0.947977573922271,-0.211473505097964,1.05466534808181,0.957713818296045,0.72040113666171,0.446398114483653,0.295404202384429,0.170925308787301,0.0481709637910028,-0.0477044679008631,-0.0775383856386467,-0.068779098502381,-0.0583501951688491,-0.0404664834609221,-0.022827507446658,-0.00882523088229276,-0.00282211700182958,0.224119242785516,0.182982542443364,0.157598685875615,0.125384202862828,0.0974549849905453,0.0685358758673426,0.0399636068440336,0.0163593999384117,58073.8008886791
"702",-0.13953376716848,-0.0569582351291396,-0.0629663974938845,0.10187604051877,0.0980136482974855,0.0818953499209906,0.0604653727730004,0.0148554219070543,0.5912073407881,-0.168507793396789,-0.027897105010621,0.208823557353344,0.504638979392367,0.669422740336003,0.802083056674748,0.947713384752319,0.367291020181165,1.10533572142545,0.987245735672081,0.718622196985355,0.446980083800813,0.280879386212157,0.173634951205523,0.0486479896591707,-0.0495615226236376,-0.0708516665431263,-0.0634331414011633,-0.0645629243403556,-0.0399710507166663,-0.0241955922561753,-0.00829489484371778,-0.00239726574187145,0.226005967416405,0.185384870081952,0.162043462215578,0.126672565559284,0.0974040707364662,0.0686364346890828,0.0403301350071369,0.0166217458721055,58063.4178940787
"703",-0.143473874746566,-0.127410995764016,-0.0483290688826307,0.128862330157843,0.119064868832857,0.0660040514807034,0.0531656143307219,0.012446737165241,0.978388309012079,-0.0923366207681481,0.00497419330171304,0.173250690261558,0.492135542390251,0.675114788726737,0.809033936933697,0.947984752380672,-0.0184909827029608,1.05154527645375,0.94829217311845,0.747932624751853,0.452203842318758,0.280681646051514,0.169319128214237,0.0495030644654099,-0.0414384501799732,-0.072010568521221,-0.0562736892633404,-0.0584281974880263,-0.0370927394102841,-0.0235958652991833,-0.0090351594094867,-0.00303449772103258,0.226811811190379,0.185593142335531,0.159303903047007,0.126914694901973,0.0974307473216211,0.0689992233554353,0.0400128075582519,0.0160575369040656,58064.3787947732
"704",-0.143858262697068,-0.0752138038487492,-0.0575740852530686,0.122627125324208,0.108266867276174,0.0683223319529015,0.0543397913279798,0.0127733899724932,0.0956598620651539,-0.162522410379882,-0.0074896876923542,0.204045379200966,0.503898058231999,0.6652334406888,0.807240281396526,0.950133143857921,0.862304361056573,1.10617405611973,0.96700429591375,0.7150896009454,0.442998336021711,0.291479207307127,0.170292350567101,0.0468086150887315,-0.0491681923944899,-0.0682596282177091,-0.0661180206765641,-0.0499600348839214,-0.0365330771250774,-0.0269500898585972,-0.00647059496420433,-0.00234722022642594,0.221284283990769,0.1833889835546,0.157044184267597,0.125060041411753,0.096216488183491,0.0678752115900604,0.0406981530076774,0.0163809286283212,58070.5976867029
"705",-0.164931260352465,-0.0741732748680329,-0.0441078947110191,0.0830250633535528,0.103093192242119,0.0706301998243641,0.0504621688375659,0.0147430548308229,0.517969341284709,-0.110219656134293,-0.0139804020198664,0.247631629861054,0.511886196933947,0.656554367593041,0.812236513789694,0.948068845723328,0.446574818430466,1.05059910191713,0.968363265700715,0.687356916511615,0.437791903873327,0.297589694703427,0.166553242736732,0.0481716876066269,-0.0435956030962072,-0.0635743373625795,-0.0716452634231138,-0.0653884899551921,-0.0410822269617122,-0.021582041373024,-0.0090638332465867,-0.00222938419849233,0.221588704696053,0.190164413905764,0.154857244051149,0.125447974977343,0.0970066695780289,0.0694201502528418,0.0403332844269411,0.0164938106520897,58070.6404739184
"706",-0.169279363016202,-0.0983482903925809,-0.0561088589695272,0.114260475936529,0.0954394923220458,0.0803144224637806,0.0495885088318418,0.011184978090901,0.151968297426749,-0.126919302085661,0.0301026449662523,0.193379842892357,0.500578446069408,0.652120336759157,0.808419003681102,0.952641584184011,0.815415316960283,1.07863752994599,0.926925382222615,0.731684262886763,0.452986143760561,0.299589914221662,0.170141526382204,0.0447467627284659,-0.0388216627809263,-0.0762139972930497,-0.0538886155990161,-0.0580408180913069,-0.0439147821475339,-0.0260563100144883,-0.00517756628925536,-0.00271773990062029,0.226664177743468,0.186396570225845,0.1596585992392,0.128143763374851,0.0949796674712155,0.0698093055076492,0.0400766611922987,0.0164091806387707,58060.474092097
"707",-0.15308054683505,-0.0711582579035313,-0.0631067143562941,0.12054939888368,0.115067510168285,0.0745636321764204,0.0553313233024051,0.0109665022468418,1.02197192325232,-0.18446315283425,0.0378933926257077,0.2091896999564,0.501684021834145,0.644361961620071,0.801643185148287,0.952419549358107,-0.0596014549404067,1.12456991403996,0.919689003276816,0.709514422670048,0.442143817861854,0.308755439923646,0.175932513846167,0.0451375179293301,-0.0406019600602725,-0.0632025084810077,-0.0638632916328337,-0.0540189213748238,-0.0300252715944167,-0.0200850947502528,-0.00766393455211836,-0.00259225642158419,0.228264222085119,0.186313511799582,0.156559498048,0.125288676000696,0.0969177743788028,0.07008604725543,0.0404748040953908,0.0163067064550885,58066.1346759772
"708",-0.11625403888637,-0.105549641213177,-0.0672406029736708,0.129708572787105,0.106775390889785,0.0702284787562968,0.054826626349974,0.0115803376435313,0.629140608520113,-0.0635044701252673,-0.0155278124399017,0.220786040585017,0.493663432253377,0.669570710914742,0.803063480274189,0.948346022744572,0.320873170195053,1.01419231898055,0.977617848434327,0.6961481142062,0.454563219680017,0.285741460865234,0.174356744285701,0.0488249207817135,-0.0455244184086212,-0.0634670470537336,-0.0662571564357257,-0.0609007908873101,-0.0328598378162977,-0.025394484333612,-0.00695702552732895,-0.000916182892276505,0.223788087133341,0.184702457404866,0.156571120530192,0.126554297803387,0.0962300717746515,0.0681547024365536,0.0398474392125832,0.0163246963116898,58067.8212919044
"709",-0.165544032201607,-0.110467133911838,-0.0674630960039323,0.115005644303868,0.106802742044773,0.0743375841850454,0.0508027812014103,0.0157428833463999,1.02496200864762,-0.198978626685837,0.0266135358182559,0.226934195160056,0.490258382496527,0.660417881474229,0.806270863998994,0.947335164802248,-0.0589912044175369,1.15170144828102,0.935192233277625,0.69549191943962,0.458277063907436,0.292448489709377,0.172461346062916,0.0482040900232895,-0.0458122288719354,-0.0673400662767902,-0.0719764143833699,-0.0552367635681077,-0.0342462933642577,-0.0225099055929685,-0.00646002955519773,-0.00106077436339196,0.221344637201008,0.185742621307943,0.160914751094147,0.127699648887799,0.0978204527791255,0.0694032525612154,0.0403705299901499,0.0165076675839836,58071.1858795936
"710",-0.157663864459326,-0.0952530351325839,-0.0496092079820456,0.101083418240671,0.101040461640358,0.0729312035384558,0.0512264139998239,0.0152294588106946,1.11945277860257,-0.179071644297856,-0.049113377767557,0.20859972526923,0.503925926079833,0.658561464109942,0.80859596351327,0.948564810062049,-0.15688095728674,1.1277901792354,1.0055116860148,0.719801718596999,0.445197090940976,0.294574223883059,0.170911394913378,0.0473229651156245,-0.0463814102569909,-0.0702975446577236,-0.0608057172056156,-0.0569396468181295,-0.0358853878762367,-0.0212454471936969,-0.0109274589124667,-0.00184888122164789,0.228824697710775,0.183280517224724,0.155417650271294,0.127266053582527,0.0978721256057999,0.0675278588796041,0.0401089648176782,0.0161488303141585,58071.3904649744
"711",-0.150564573162741,-0.0825885564462249,-0.0874717418438029,0.105237762991714,0.109000829643978,0.0723761865682246,0.0532873917359659,0.0129830164079148,0.79270137542789,-0.182566448186289,0.0228804334452644,0.186456116981064,0.49003792281759,0.654413338355189,0.806902150962844,0.948406456939322,0.166537282877825,1.12559508836735,0.943647139247889,0.742227819761386,0.456797855212519,0.299905705819262,0.171589249206216,0.0485093430579333,-0.0505439613989259,-0.0659641872175074,-0.0668917168876026,-0.0569563870521984,-0.0320698511210134,-0.0226329691426235,-0.00924304859183869,-0.00216909354782362,0.229102443201357,0.181883698584637,0.160481316373461,0.124521913673729,0.0953848119672208,0.069056517679695,0.0403070158322955,0.0164986895405505,58069.3874210176
"712",-0.157491175229451,-0.113490629941869,-0.0590207259932279,0.136766213343154,0.106034987743358,0.0722728836218961,0.0522968449044808,0.0151512873251845,0.529466256790674,-0.0756718978579679,0.0053423447180998,0.176055074500011,0.486692772487695,0.660325067271428,0.808510919523071,0.948390059352318,0.439077047240461,1.03101830219274,0.954437056965521,0.740748410163622,0.46139210329275,0.293962340888277,0.170517804792022,0.0475881083463809,-0.0576084059320837,-0.0687046780612825,-0.0667171117388671,-0.0498353228062083,-0.0317686637021208,-0.0236105942728715,-0.00954388208608858,-0.00196327306794452,0.22375582216865,0.18171636391538,0.161088800971692,0.127183365374539,0.0954620933057664,0.069173060278706,0.0404591772138046,0.0163045598468318,58067.8680730208
"713",-0.141720793834205,-0.0915514638879489,-0.0428796054955981,0.121921624782898,0.107563563494311,0.0681770506331858,0.0548929966963204,0.0148898554657657,0.106329409870584,-0.0782113608202042,-0.027720815353447,0.176934192019605,0.489192520328177,0.662047037788966,0.804841806527207,0.948616897403934,0.853954499766093,1.02474796916973,0.980170344290698,0.743774954146986,0.458818726840406,0.293656125571852,0.173089018976752,0.0475165177688408,-0.0451994657880682,-0.066840475750881,-0.0612417010186591,-0.0552649375064049,-0.031990535739078,-0.0226471100127991,-0.00878144478617811,-0.0026816420609445,0.228738553449305,0.18509224816349,0.158104935775954,0.127508205209823,0.0959683551174255,0.0693438509233484,0.0409458642427697,0.0162523200135511,58075.6286549505
"714",-0.161871231580882,-0.115933064976682,-0.0380081439622993,0.0878181650392768,0.106851220777086,0.0811250929522226,0.0509305271670024,0.0156663610386281,0.948025970620028,-0.20428535031667,-0.00380827048252588,0.213114799629855,0.498663040259052,0.641474143027143,0.808892489134031,0.947530072052921,0.0168985531964818,1.1593202008483,0.955807825413244,0.719337150877653,0.451312588908877,0.309903993361005,0.169626940664653,0.0484243664780887,-0.0490640227289414,-0.0663029690323878,-0.0648710543093389,-0.0574729559934909,-0.0414551171055536,-0.0200092929620908,-0.00870323732699424,-0.00178952433685589,0.226632951324503,0.184863338621058,0.159053879069803,0.124518188999196,0.0964920833418793,0.0687791679743575,0.0406280767224118,0.0164366842451918,58070.2413106625
"715",-0.140478865856397,-0.0685672907706729,-0.0821173965930695,0.119846654572798,0.116441556307425,0.0848041217704167,0.0579703938737473,0.0134678905631491,0.654557681053443,-0.0994816326900743,0.0460619690280447,0.197400111085408,0.507302592048079,0.639344343563973,0.799275376421988,0.947331548556483,0.3041688312361,1.03896245536924,0.918551472585076,0.726680382148476,0.435686814735208,0.311339077510823,0.17784397497388,0.0495707211285824,-0.0447732764038957,-0.0595964678704562,-0.0625849569045764,-0.0653454416814619,-0.0314718651923799,-0.023050074882102,-0.00849606705366701,-0.00234986805157285,0.223335835087057,0.186844420224026,0.156784928606965,0.125426456368362,0.0965865555146006,0.0690859784417548,0.0396548085530406,0.0164463321786867,58066.6590196746
"716",-0.141536109261061,-0.0817058384179212,-0.0616107579262518,0.114367096654564,0.0967017186752701,0.0666206675210639,0.0651035198093797,0.0126801083544749,0.795817331042211,-0.0736684187518042,0.0207208528330209,0.223508663353785,0.500041121029908,0.644033490718038,0.798733529038204,0.948158739117557,0.166644472965441,1.01704055524072,0.941422536562786,0.698968675219998,0.453520150506545,0.312191614339084,0.174782784707898,0.0489565668689104,-0.0628115227386366,-0.0660552229458419,-0.0718315197659276,-0.0524488621292803,-0.0408459730839793,-0.0200425905838355,-0.00576923695543035,-0.00237700198856874,0.227671827962065,0.184801363369457,0.156711959981232,0.12739866323271,0.0965141572563159,0.0695972303026122,0.0405936788485669,0.0164125569204713,58064.9418313219
"717",-0.167841525732132,-0.0917727268059495,-0.06990179747502,0.0992341556851334,0.083229636651348,0.060704559462767,0.0569122361314473,0.0138173392468085,-0.0293924742135439,-0.127554256092317,0.0493929942689458,0.241440636865433,0.513210007658464,0.668634980645863,0.811996167575171,0.948532468856914,0.996984702169861,1.07792334643341,0.912201291031705,0.687127732246212,0.4434571715623,0.287693942738029,0.16443299527424,0.0478801092951248,-0.0395022465851717,-0.0786063559325986,-0.073957965947815,-0.0599280898949081,-0.0391550571414852,-0.0162585935408132,-0.0104393578493711,-0.00189268322474017,0.227120104674647,0.188205781773462,0.155307805227968,0.12473795009875,0.0969736109813874,0.0697609936072963,0.0410121250590854,0.0164091106942636,58058.0564682582
"718",-0.135972690956262,-0.0834560655920432,-0.0805804356401791,0.096427945237624,0.108159265480035,0.0668888417189677,0.0521065974685442,0.0144623830513058,0.62434155379156,-0.0608700857028933,-0.00691917373026146,0.212161766089715,0.482053628584134,0.664006774508421,0.806566872529812,0.947961779699185,0.331355601174996,1.00578864806286,0.97218071155241,0.717020766270382,0.467315624334395,0.291062186687789,0.171910725275277,0.048301087034165,-0.0466799497327583,-0.0692324959479078,-0.0669112150669652,-0.057233683461756,-0.0347788139578208,-0.0208705244879358,-0.00759053686915099,-0.00130195365189978,0.228198756161959,0.181435628564788,0.159699222337665,0.125876821706597,0.0960324701064254,0.0691095670749346,0.0405369899323297,0.0161292423981847,58072.9473472614
"719",-0.135557777907721,-0.102713012251893,-0.0671629953839344,0.123201239574728,0.0968191789858655,0.0706258738162064,0.0600351880015028,0.0120629063310149,0.485305162565193,-0.0448584350393529,-0.0246931798204862,0.173878066684431,0.495908189678529,0.662741070784258,0.799724241352161,0.951357753817103,0.468690946668497,0.995788844996396,0.987560986197371,0.745300838221617,0.45596790047658,0.291863182091318,0.175814526994813,0.0454019167413303,-0.0418617809112009,-0.0680135588368138,-0.0652887579577097,-0.0521343589334653,-0.0341623764277416,-0.0228071046514802,-0.00668740375367129,-0.00176628533044396,0.2265823245952,0.184581207589343,0.15717182243973,0.12560336744322,0.0982648014607103,0.0691733509044936,0.0400015584730555,0.0167039708823027,58068.0220883196
"720",-0.148063019807173,-0.0793705511951822,-0.0559211304619374,0.115092991852985,0.108247729558583,0.0747714843447888,0.0592359443730324,0.0142660820133597,0.303204102041997,-0.0423834921567606,-0.0189806049991166,0.164967648061128,0.49955877225109,0.649386015854865,0.798009335098616,0.949662828340434,0.658713555287806,0.983550572993801,0.977972707040159,0.756323815630223,0.446787340637611,0.303793716010824,0.178073260844596,0.0467268632555779,-0.0485192621270506,-0.057036484170916,-0.0660184038675224,-0.0469543240529675,-0.0325015633609363,-0.0240287985051263,-0.00623173676257878,-0.00237124301061666,0.223293073592574,0.181599563554695,0.158872744608242,0.127794929812609,0.0975191082195198,0.06980948090046,0.0396768296461188,0.0165779854661951,58064.4328634191
"721",-0.158763102800873,-0.0857796085773431,-0.0335474527575596,0.117288785617167,0.11307475507029,0.0773038083955055,0.0523745444085287,0.015599198918827,0.574991180563336,-0.034215036194669,-0.00774763780873006,0.218525105352713,0.486217752843972,0.641243306716847,0.805465433909459,0.944966203453623,0.389638980017704,0.980089258200413,0.956256853892834,0.703478740622452,0.459997187806327,0.31261720362897,0.172631965208815,0.0514890567202586,-0.0503393036990143,-0.0783316534681396,-0.0532032067670424,-0.0575686828826377,-0.0310909165109265,-0.0239906302255304,-0.0057199196717184,-0.00225124084763003,0.224022125604343,0.18614996438179,0.161465154516284,0.124345479590719,0.0964580225508375,0.0693425327645061,0.0400895965547738,0.0162782364823745,58061.2358154701
"722",-0.126923609190515,-0.0903555291549785,-0.041123392028769,0.112662933535608,0.104901126167318,0.0767011231823413,0.0574091603830012,0.0139162879624218,0.950271578248576,-0.0973572908264826,0.00424434663292539,0.201180546802975,0.499946883319641,0.645801260996062,0.799520745666896,0.948068500238293,0.00440291805197659,1.04236655610409,0.951157850876484,0.723536723823996,0.448595491095556,0.307571187786109,0.177911515095695,0.0485559241530325,-0.0463317159719851,-0.0547138608082101,-0.0687218217716558,-0.0570285888126447,-0.0367071385535215,-0.0240908102196375,-0.00834156807620247,-0.00205653162676037,0.230857555073075,0.181884935200493,0.156281971489962,0.124439299816622,0.0965932895976798,0.0683981265899357,0.0397725171850508,0.0164990575276663,58069.4584079963
"723",-0.17647544066873,-0.0764703456659105,-0.0826763483092007,0.0973735623798459,0.115135429485676,0.0881139958364156,0.0589125767651406,0.0141818041130851,1.17188652090409,-0.13920417368403,-0.00728220295836816,0.232836553466903,0.499142622226024,0.631286335965823,0.799100577712108,0.946871961999275,-0.204486569710527,1.07862269251971,0.971465416971642,0.696755483610434,0.445730561419396,0.318469426922054,0.177688832489322,0.0496125655054987,-0.050040528732463,-0.0601120058654132,-0.0560375831337938,-0.062134494442682,-0.0316999265497645,-0.0245503077258513,-0.00812779160315004,-0.00200471360787531,0.223177017456649,0.18350644660762,0.158215032904173,0.129600326648334,0.0961078526132938,0.0691385468602785,0.0408967567850635,0.0163214159212228,58058.1551933082
"724",-0.17318455707106,-0.117776310225252,-0.0798496676530736,0.113008264899844,0.0931925701447325,0.0836451732682079,0.051868049588707,0.0154229771373841,0.717647762504176,-0.0798433298407778,0.0268376789214454,0.201461386186944,0.498302732336179,0.639402938844097,0.810578101320515,0.947629135578309,0.256465757456195,1.0386778274347,0.939450271415347,0.722515269303304,0.454047689919274,0.312265715831792,0.167337489299999,0.0481954568036154,-0.0551668699428458,-0.0755569070332666,-0.0720250515961089,-0.0516577848745898,-0.0329671257471604,-0.0252528561867734,-0.00681034752163168,-0.00164991447823241,0.228433848889129,0.18526810246012,0.157736527360785,0.127858167845165,0.0968738661758764,0.067767163411906,0.0405803602851789,0.0162752882412566,58065.9762580683
"725",-0.154152156475069,-0.0798205802762838,-0.0849573933896043,0.11454477755848,0.113972849841167,0.0796618903249322,0.0550087460717184,0.0115983019729398,0.96701793641249,-0.116088038331798,0.00467267432182694,0.201304330060298,0.484543513402091,0.649858581059036,0.798354168786453,0.950160869996527,-0.00331847832807069,1.05852574378742,0.966291799013615,0.723026578287696,0.462261772058689,0.301435365778617,0.179483442485467,0.0473590267957536,-0.0470238988865315,-0.0533059863975361,-0.0744987437765867,-0.0534206657327971,-0.0358549644818654,-0.0211019231300725,-0.00717902658059777,-0.00345481784248105,0.230119690661599,0.182231298479022,0.160402945079312,0.126057545649821,0.0972435988698664,0.0692419450939569,0.0402255956035787,0.0162848605982182,58063.5673470229
"726",-0.182897886187858,-0.0902230452091758,-0.0528136866123616,0.127240335092548,0.0988079273348984,0.0836479995077742,0.0527030973514836,0.0121500887120249,0.091859575744432,-0.0492647796562116,-0.034379243643669,0.205006975500238,0.507082400313222,0.649767277930008,0.804780216073792,0.949023706197728,0.884157615455126,0.995408975661491,0.990741233823084,0.713813213321913,0.442801446802267,0.300439849916658,0.174439506746153,0.0480363645338227,-0.0602656399580244,-0.0664512166210774,-0.0622131803401754,-0.0612022219689573,-0.0392421446408703,-0.0203487877367038,-0.0103471761481179,-0.00192059203179933,0.227765775779167,0.184523170664605,0.155345873892551,0.12485176641323,0.0958157967112925,0.0691952197830214,0.0393905546029084,0.0166114191825545,58064.984691201
"727",-0.150502983779755,-0.0818121601547703,-0.0507795785864171,0.0966062566915879,0.105266827276961,0.0774397129256332,0.0596533236742983,0.0151329826829707,0.047127426530573,-0.1009589402479,0.00773708316478162,0.241562313956534,0.492972435207687,0.653060624884019,0.801453301784905,0.949896754348779,0.916289535504064,1.04846427869862,0.94845853419858,0.687577818948045,0.45535605441011,0.299290769427027,0.174646014328235,0.0461872436822218,-0.0511912130911327,-0.07632019539335,-0.0703805248253313,-0.0613963025494935,-0.0338148435393416,-0.0233261007810372,-0.00790997789270982,-0.00279378932141629,0.221571325899939,0.190791874327162,0.157781161228185,0.127957008745945,0.096991929677936,0.0684163251572392,0.0407751706472505,0.0166677082052451,58070.0270101975
"728",-0.146684685821136,-0.0664683855975142,-0.050489858684772,0.103023073294268,0.101923394216081,0.0824416557319224,0.0521997587417582,0.0140854026922247,1.00502878575044,-0.171038281659617,0.00907133975852792,0.222670207480288,0.504978491175228,0.638087309677104,0.799669197875464,0.94850777510854,-0.0466814096512194,1.10888996515934,0.946761909205232,0.706004433705548,0.446457677624896,0.311719041186945,0.179235352226809,0.0476178618420355,-0.0448363299760912,-0.0674258531858383,-0.0642578424042364,-0.061966575421929,-0.0398801958426158,-0.016500915508422,-0.00768640753002112,-0.00188220287117629,0.230207293644179,0.183391351057794,0.159033015433785,0.125166315921195,0.0979433155429025,0.0690478729846687,0.0407338488581693,0.0163312955493398,58065.9108222724
"729",-0.178644064292597,-0.109691327671736,-0.0456612298191454,0.109922760707411,0.10567881168304,0.0860281759316528,0.0537836681168342,0.0143128730648484,0.75282025438382,-0.189792419780084,-0.00919783653676786,0.205859391804179,0.476361258758438,0.641395448076504,0.809071931847601,0.948007703015413,0.217198889119743,1.1445675640788,0.964938982862772,0.720422324265983,0.472264560370374,0.30912896393082,0.168700980089105,0.0483632412382093,-0.0457734612961415,-0.0693003374321408,-0.0685552110747517,-0.0584855130518809,-0.032800025874653,-0.026088982713954,-0.0109488569627484,-0.00200034209585603,0.226003139867077,0.182706788436487,0.155820544959621,0.125880985388726,0.0988740472570308,0.067941905094317,0.0401669503693303,0.0162339859254764,58063.9333051263
"730",-0.139036159694339,-0.0778532408156541,-0.0600446541988767,0.112549772302123,0.108882411748117,0.0697574108030528,0.0563288836578523,0.015642021685096,0.634619910422749,-0.152444467436259,-0.0204341855771287,0.193077495000375,0.500416134597918,0.660638188836698,0.79535463107258,0.945809730148607,0.325711834940047,1.09567750716342,0.979328952544383,0.731634477652638,0.446483085099773,0.294585406725296,0.181376016555683,0.0504614246176518,-0.056301025402897,-0.065299447047474,-0.0632294520695095,-0.0541039165874489,-0.0346608461163143,-0.0265273440969259,-0.00409567006580264,-0.00196289859461393,0.227448207873691,0.180134650576013,0.154087779726571,0.127279328932009,0.0981355866563262,0.0689551895825695,0.0398481617732161,0.0165448704829058,58062.2413563756
"731",-0.118146083595223,-0.104247701303013,-0.0678629169293237,0.106592986747602,0.125915142788637,0.0667085815628682,0.0532523518691117,0.0123397738948141,-0.00307033864240307,-0.110727372546443,0.0184420424545181,0.212169626668112,0.460476450557762,0.669594701865502,0.804159341497804,0.946667785412432,0.952955828038353,1.06124205982331,0.939888595754678,0.714114223136005,0.483309405041511,0.285891911499206,0.173970964330239,0.0507370089585666,-0.0387039037438349,-0.060525505434566,-0.0543481034039523,-0.0590584486366326,-0.0357918753947896,-0.0242122823482643,-0.0070842494613962,-0.00169147027774734,0.231596704083066,0.185320850639858,0.157358503845294,0.12671032424819,0.0964926967001339,0.0692680528342274,0.0402569158018781,0.0166997168995369,58063.9074518888
"732",-0.146695818796373,-0.0675551117797607,-0.0342602239311036,0.104368592904727,0.0937197643102429,0.0603165846490693,0.0531487575500352,0.0124398738834866,0.495678729490221,-0.176517149075147,-0.035091457117818,0.226473877178482,0.506003182740026,0.655011630040309,0.800163699814649,0.947262307871263,0.46305239691686,1.11871114988337,0.987041854831179,0.700448809335007,0.446843652417055,0.303371596906802,0.178301255874834,0.0503239713150807,-0.0429323080807585,-0.0735469824000974,-0.0625280843368694,-0.0557853699111777,-0.0360661009405156,-0.0204496083807991,-0.00694065462363727,-0.00269008220434498,0.228130520022122,0.184160989388091,0.153972876283921,0.1276953666821,0.0957953787982033,0.0695494110913454,0.0406813184373603,0.0160535357126312,58061.4449937879
"733",-0.107744247111838,-0.0928859983626014,-0.0395851562847176,0.132391417329376,0.112903958851988,0.0683182316338876,0.0589651903308113,0.0150167560914567,0.487972758622339,-0.13171763370456,-0.030968526596155,0.190445474283153,0.50404684831388,0.653812249249802,0.798316945017822,0.945524168643205,0.458171112451155,1.08022149856728,0.983933245125329,0.728073295486679,0.441108508433123,0.302371844620868,0.179167731090823,0.0504192937092723,-0.0419346162238103,-0.0715421089999639,-0.0662664825243744,-0.05845089425154,-0.032027037745323,-0.0231570721375032,-0.0103121861888923,-0.000718319188675807,0.225878588797103,0.184527901598798,0.155869851261616,0.125557645105937,0.0998615614273963,0.0684563028548104,0.039888827067177,0.0162848415683697,58061.361090655
"734",-0.151604389220578,-0.087507826973205,-0.0592007633000365,0.104316167397551,0.112036280827669,0.0793272558922426,0.0537192972030287,0.0152620770784494,0.384163236449931,-0.209188004314841,-0.0146180065414764,0.226689202935049,0.490658456158633,0.650466126533933,0.805249385321943,0.950677173014848,0.581968881064959,1.15401830105666,0.97266182200929,0.699786743395491,0.455186691382504,0.302134500088607,0.172473659354332,0.0451612391228774,-0.0596650618904181,-0.0588809650685983,-0.0614882997834501,-0.0604282688975757,-0.0315172348172541,-0.02561117018856,-0.00638231049139548,-0.00269852520567573,0.227986782637165,0.187486491344216,0.158000512937991,0.126944163739875,0.0957542919498172,0.0686052039020413,0.0402730327777046,0.0165049456398183,58073.542660695
"735",-0.171824969428785,-0.118782558727935,-0.0498274367145981,0.101842593027957,0.0923725093010317,0.0779039012688509,0.0539591404801961,0.0146437019862542,0.387310264456015,-0.0274354261760033,0.0235497151833167,0.22505035676817,0.506795165233746,0.650927722235717,0.800343435298561,0.94748512005043,0.580905009442205,0.984595944726989,0.932455011633528,0.702988742868302,0.446446837444582,0.302284772566832,0.178369539429463,0.0486085080214262,-0.042499821690113,-0.0724572837398215,-0.0694977585965886,-0.0581253041381607,-0.040790498063101,-0.0255640261453654,-0.00870211439184708,-0.00178382541044134,0.226661375910309,0.186297667234257,0.159243004112974,0.126950659975542,0.0960051145716767,0.0693813674486124,0.0402570432446249,0.0162149627030173,58073.1553396322
"736",-0.181147505407495,-0.0631868187824613,-0.0780327518965197,0.123104421412814,0.121247984993763,0.07186707642626,0.0528987352151317,0.0120486892160752,0.837082641748408,-0.123647329392754,0.0386762845714303,0.168288545075802,0.491997418403536,0.659803993588521,0.807926172093734,0.949046250137122,0.136122753473649,1.05951446049413,0.926886938571179,0.754199225764888,0.451991130198134,0.294685048498031,0.17048107907495,0.0480329286243634,-0.0578853685794666,-0.0579752786430435,-0.0700162496922701,-0.0604029288603138,-0.0382004750943236,-0.0268040060696999,-0.00765987313212955,-0.00166365273310559,0.223942333963471,0.185988788708265,0.156347762335405,0.125635783201183,0.0962439991759122,0.069241131693725,0.0405278580929256,0.0164656123795579,58071.3500747885
"737",-0.14449834319955,-0.0829951840700326,-0.0433816057402039,0.117967699602503,0.0996616280319263,0.0762389305751373,0.0545412439952146,0.0147813601043942,0.499225416438134,-0.0774910695877592,0.00952582923283733,0.176408538379319,0.494222902678654,0.646125692586081,0.810242493037098,0.949874132700731,0.463127901470424,1.0229016154107,0.941667633755565,0.747073723149603,0.457380021672534,0.307025067835835,0.166811601949376,0.0461183709373521,-0.0552887757612469,-0.0701756019686263,-0.0621931538994961,-0.0552938808351933,-0.0372176801995192,-0.0238681295533506,-0.00797274621424485,-0.00126310837514458,0.227816809593291,0.184613709499566,0.160756480432472,0.128078818954148,0.096627463850435,0.0691928938326035,0.0407707241424089,0.0161384648380924,58070.1705179151
"738",-0.168541098124542,-0.0936858683335092,-0.0473186114109807,0.11291127878851,0.10092257623104,0.0650663735116149,0.0578944879682659,0.0125459665569807,0.495645450595981,-0.19536280403087,0.0174161448667324,0.209386898472308,0.483817158622416,0.65851925682155,0.805516144428613,0.949614754101558,0.473595649312974,1.14331895497168,0.938544793190592,0.715243250252436,0.468138738554181,0.298385924682258,0.171061510901912,0.0472362842889743,-0.0589124372445533,-0.0673342690474488,-0.0675297769713074,-0.0589308788027182,-0.0359330853555929,-0.0246509250735236,-0.00909330759445858,-0.00087008263303642,0.227725251054187,0.185541420036991,0.162627936362647,0.128425623301673,0.0955158451847802,0.06868420816779,0.0411077400863759,0.0162642587812806,58066.7738125061
"739",-0.121828582182338,-0.0819899049852351,-0.0620467236305274,0.118805460493358,0.105355373092958,0.0627461485730744,0.0606013927583373,0.0120232545989871,0.596044464301129,-0.112652120794339,0.0078922571604474,0.201529738668571,0.487701055651987,0.663743374692346,0.802256620773551,0.94987118643002,0.353931542025753,1.05640846967808,0.953283284071987,0.72061011124739,0.463066266648453,0.29333308247324,0.173868987360751,0.047392773159045,-0.0444810588215424,-0.0665537740126787,-0.0758973843423275,-0.0516441505704871,-0.0400846145590923,-0.0229799416281249,-0.0107006990498764,-0.0028171078376698,0.227040732927617,0.186436451364904,0.156500323458776,0.128981898523326,0.095925026046625,0.0701863028449942,0.0408596825785933,0.0163925025278623,58066.9601390583
"740",-0.18207251857492,-0.0818963956999448,-0.0675709656688845,0.126299880128239,0.11025818595855,0.0741124601460068,0.0604553243084612,0.0139205801346145,0.345868596928309,-0.150926346337887,-0.00502569477731447,0.197905847992302,0.491243223964079,0.65988496237323,0.802000370027503,0.949082175588621,0.630813510373024,1.09266788250682,0.963232545837127,0.72285438615431,0.459222603113212,0.293622772052302,0.174074055971991,0.0474206772166312,-0.0658545914475993,-0.0577020942260137,-0.0534360641186278,-0.0605339665399832,-0.042566783618441,-0.0220736496170715,-0.00886932436095105,-0.00178645756802805,0.227235165505206,0.185139290770188,0.157942080972444,0.128981003213906,0.0969208276762712,0.0699393025275662,0.0406139738248209,0.0163576584505499,58064.1379950535
"741",-0.144090198071491,-0.085255112055049,-0.0410218278673832,0.108217481392757,0.117196197440357,0.082231238822103,0.0531619286916932,0.0132552683175243,0.662302626944926,-0.165279517586381,0.00162614578110989,0.210060658698861,0.498787477999394,0.644220144187286,0.80623640652396,0.950422715245626,0.299090801934496,1.11022421528347,0.950322411401605,0.715758091893181,0.446133625689332,0.307976178524316,0.17117272020244,0.0464379568587612,-0.0531847465113697,-0.0660503636154428,-0.0658761316604581,-0.0560046082326812,-0.0372550862857845,-0.0267400047927824,-0.00461527759866269,-0.0024099595587592,0.223752301611016,0.180858199833585,0.155695318688926,0.124487274426958,0.0971160625752331,0.0685844116481656,0.0398906833089282,0.0163820414907232,58068.5471975484
"742",-0.196761929829928,-0.0727953467155235,-0.0420419538626025,0.112920789825288,0.102627793442563,0.0807529800319055,0.0540808347264438,0.0122552149683917,0.358404423616415,-0.108850485988877,0.0407873004138198,0.197444695626455,0.498875567682458,0.655774925650535,0.810672872452905,0.951209451883428,0.618766362489437,1.05027358273726,0.912236108534931,0.727986725936919,0.451611091789811,0.294417390504935,0.167270503157587,0.0458886507957947,-0.0439947429788419,-0.0719535630490664,-0.0669202480163018,-0.0574329544807787,-0.039692127933025,-0.0207035967346593,-0.0102776671664407,-0.00269027823579974,0.227533650041612,0.185333683848268,0.153506513424266,0.126535847052877,0.0976284974152455,0.0688771985133925,0.040082163286516,0.016404983712117,58069.4952665656
"743",-0.180903188494275,-0.0866095874632623,-0.0758620354896851,0.126151749409554,0.108383357388115,0.0741144090827459,0.0558967537808278,0.0152947254983242,0.518604286300068,-0.128058247711015,0.00706873678991423,0.224919560817075,0.503740760506051,0.66578409280422,0.798669940066989,0.947696427563646,0.452358932880449,1.07307169168867,0.960134659641614,0.693972115088551,0.443645138428603,0.286824770090883,0.179498453138383,0.0485210915598427,-0.0375081118834005,-0.0631305731298954,-0.0738343773374547,-0.0595830506928366,-0.0372036884072685,-0.0227766279404876,-0.00752636337731969,-0.0026523777703852,0.223183500781544,0.186921557953758,0.160505610168676,0.125874256456833,0.0959086736279857,0.0692976338745037,0.0410111994596209,0.0161809689837806,58068.2845560277
"744",-0.15230084009199,-0.0717574582845765,-0.0724349796110684,0.0885166811313371,0.106715038706157,0.0738326263882124,0.0574357359002036,0.0137646700856856,1.1841305208994,-0.0933312984311357,-0.00633956434920294,0.218157597490632,0.499101891863948,0.650681508705651,0.80445240201854,0.947379315572702,-0.223756443483736,1.03374112134652,0.971109295329749,0.713279579422756,0.448960315841989,0.302307689748816,0.1720668492463,0.0491507110831692,-0.0439227104290279,-0.0608704653587837,-0.0656388722816035,-0.054590763761774,-0.0346667363828995,-0.0223745724193182,-0.00902439748534284,-0.00166361533471629,0.229009686795853,0.18680807864904,0.157389891443807,0.12912272590353,0.095208565315544,0.0687110834988603,0.0406658546451566,0.0162923134569698,58071.6303299959
"745",-0.114956249097209,-0.111469556328549,-0.0448805093659018,0.100555077918755,0.0981259984714384,0.0801771058963094,0.0558013392616725,0.0128913327920255,0.366850694376492,-0.0614143801967442,-0.0562647301836553,0.227199733294524,0.494216038642476,0.659581624950368,0.808335896311252,0.947499991327505,0.583874245946339,1.01795741359378,1.01064477610049,0.701573220531067,0.456025823810108,0.290887553383908,0.168888970908595,0.0496895096589668,-0.0498112011956936,-0.0727406612300717,-0.0678680139651445,-0.0626795813270071,-0.0299178755603122,-0.0209921239761553,-0.010259659004805,-0.00243138515691042,0.225388273953053,0.183576925352077,0.15882788538718,0.127133052712624,0.0977726860698511,0.0678455197513431,0.0404435231592723,0.016343358833476,58067.9543549427
"746",-0.164326534426858,-0.11709248418744,-0.0534209182362241,0.112858437127936,0.114291685565004,0.0742359022634493,0.0588777025350949,0.0137159391001979,0.699941415990079,-0.0790431534895084,0.0266904259753541,0.203384180450655,0.517964956457669,0.647890638496954,0.803716025927402,0.950874702853759,0.266410684374485,1.03513896951163,0.931368548989128,0.720219071698399,0.42815651601739,0.305432276818948,0.172764786026025,0.0456429855932293,-0.0510862607280621,-0.0641168426715196,-0.062183374044433,-0.0521484566129779,-0.0406873675015496,-0.0200672753962134,-0.00952744953083997,-0.00273414532537733,0.228459952626508,0.187991302090208,0.159232941973209,0.126711537603991,0.096440655657448,0.0703930650289968,0.0396097187989546,0.0164242768091924,58064.8411451515
"747",-0.158880875345086,-0.0624057046839207,-0.0467569731214497,0.110284760208779,0.10862339740161,0.0751367564614469,0.0517862633837933,0.0138023659333288,0.217179950737502,-0.102008501298181,0.0221232314110655,0.184367523315625,0.50169649904781,0.646801385897968,0.806372782089114,0.948161281393521,0.74715020381698,1.04108499438256,0.934119111327787,0.741351443383982,0.445672455592504,0.306607920135531,0.172250555791002,0.0485878294773349,-0.0471463830216327,-0.0729679780083355,-0.0744875522039228,-0.0623844971247223,-0.0335230996073315,-0.0240555867632444,-0.00719623578226361,-0.0026442502518675,0.228371213211409,0.185656927025388,0.159514948194846,0.125977336460964,0.0964617120922217,0.0681451169073702,0.0406198176091172,0.0165095029408395,58074.2970479012
"748",-0.167256828267968,-0.0762349052749412,-0.0604335842290552,0.109092630200835,0.105813525730284,0.0873399702112306,0.0587704615989399,0.0134775710361006,1.06060007835218,-0.19111795289164,-0.017792425734705,0.214618786543179,0.489176905636876,0.657518224969066,0.806981061606885,0.949966438383791,-0.0918240852222158,1.13493279511743,0.975976421760451,0.708409961823362,0.458712618662242,0.292381675277785,0.169497727023001,0.046541950641602,-0.0465288920760058,-0.0651179955802546,-0.0576161717014932,-0.053051489105137,-0.0311764949776254,-0.0239297707323628,-0.0102671993887919,-0.00160245898200303,0.229855877894312,0.185101077273341,0.155509507414456,0.127625430615003,0.0966788553614557,0.0689996025269772,0.0396202288797522,0.0161434976572672,58059.9363350034
"749",-0.12818614307815,-0.095323482835009,-0.0686468608239783,0.117150840296163,0.102510450388016,0.0761114482744174,0.059948265373173,0.0143868768677458,1.0114292959312,-0.0884216378223272,-0.0272244978137782,0.192316534000818,0.502968029401385,0.657534758775354,0.801044668755247,0.948064306621563,-0.0610431504807822,1.03718509200371,0.989989673624882,0.73066476189494,0.444676620953345,0.295543939119468,0.175248625060508,0.0483696076493453,-0.0354317761226425,-0.0633702077795654,-0.0651588212932038,-0.0530205325275639,-0.0302869654747043,-0.0254381742329435,-0.0067386253411834,-0.00171243223062248,0.228342344417376,0.191495931412466,0.156841733039907,0.127859629268715,0.0984503834293819,0.0677393301418312,0.0404504048939402,0.0164777240374358,58064.8598874386
"750",-0.139323684106425,-0.0726769906149183,-0.0432086604624565,0.106339985906481,0.105001884192557,0.0629179782615054,0.0578230547732882,0.0154171637087111,0.584905149659016,-0.124326247441057,-0.0777095154259952,0.208075133543951,0.501597822871158,0.640936914254869,0.803960020705925,0.947350828563921,0.372683719453997,1.06390638898038,1.03113246885516,0.719735608861693,0.448631111780144,0.317231106642468,0.172331374590152,0.048719958419275,-0.0457886282917441,-0.0662252847135758,-0.0697621605161117,-0.0610702807741013,-0.0417530706133764,-0.0221101531360506,-0.00649703922348634,-0.00198039455238536,0.226166591876507,0.18398793891417,0.163549410449066,0.125492331869735,0.0982218341865547,0.0691679357283296,0.0402844521517259,0.016599644826043,58063.1922934508
"751",-0.13103413978685,-0.0704954882849564,-0.0455447521235631,0.0906581324309309,0.11093267177339,0.0697683623876678,0.0543153982755077,0.0127838009991675,0.548524669799246,-0.123243787136265,0.0382247542307301,0.227789867142742,0.470903559068928,0.650010199835776,0.803319267524675,0.950004821185828,0.411343179223266,1.06144624344469,0.914891314326554,0.704583917789459,0.477782911094511,0.304840943874548,0.17356283713191,0.0469796566158397,-0.0559996158790499,-0.0600846659142887,-0.0648492000187559,-0.0571553135836112,-0.034667890370677,-0.0237664323230534,-0.00524652929813213,-0.00192340447124435,0.226065562822439,0.186802217816777,0.158983819176709,0.127300456626226,0.0960313265359075,0.0694171581828395,0.0409697308551089,0.0164400520949635,58062.9129905741
"752",-0.16908113387697,-0.0735747832154989,-0.064089300769028,0.101922299850924,0.100256771837026,0.0775247999208982,0.0575522054573655,0.0142883744326437,0.470868329688846,-0.141349749725132,0.00380932655934481,0.193401106188028,0.517907181360996,0.647115567876843,0.804575346108534,0.946499244030206,0.498518751130326,1.08438008238922,0.957932780695743,0.735478262959897,0.428818896096898,0.304702506736623,0.17277454425812,0.0498221936522139,-0.0514061151474185,-0.0740943089069053,-0.0704409586466223,-0.0554739830455776,-0.0284766162279301,-0.018731656976158,-0.0102920106542076,-0.00146953700620558,0.226816742189945,0.186962453286788,0.157436072204388,0.127208186989695,0.0979789227952486,0.0695758007592949,0.0399307062550652,0.0162600266368759,58069.5909608565
"753",-0.144343824749167,-0.0965590424397706,-0.0516917511003355,0.124104539949359,0.0870631947938971,0.0640861717351559,0.0509353541133461,0.0147619111549979,0.957858095497218,-0.0308815749644317,-0.0129578299100904,0.223208172018637,0.511264626362934,0.660124596782963,0.81008428013815,0.94691488090517,-0.00264821205363513,0.980833451798803,0.970154850803319,0.69522109762111,0.444490723240336,0.296207904150113,0.168889876876543,0.0492749555185785,-0.0349657748903058,-0.0718502229351516,-0.0660593810673502,-0.052957007326848,-0.037844535337623,-0.0217017292607127,-0.0079109228366443,-0.00165955339050723,0.228712346241851,0.188243880866482,0.157293644253774,0.125447476541152,0.0977003383199197,0.07013400271664,0.0405758992049177,0.0161151879841241,58068.2675091484
"754",-0.157248857473702,-0.0883516878790003,-0.0691863600713412,0.109517312706971,0.117344672077909,0.0816131469118837,0.0553030117460927,0.0139178301354014,1.14455398215472,-0.114643018420561,0.0345842235036227,0.203121094158829,0.485319671133349,0.657832937497656,0.804597065942225,0.946774870696237,-0.180316536399787,1.06094488880185,0.925618443819827,0.720473438228088,0.460517902168619,0.293554199843744,0.172351505396094,0.0500031502179038,-0.0528336821486667,-0.064638195760096,-0.0649882487838836,-0.052790159413553,-0.0393950318874821,-0.0274744064004769,-0.00556068023611266,-0.0011539996208772,0.226874121130158,0.183950742838422,0.157356015947029,0.123934538874646,0.0967860134647147,0.0698157873693291,0.0396497554820723,0.0166885090450662,58065.3291019815
"755",-0.151587832533179,-0.0737628370639129,-0.0824478574177262,0.117827791209716,0.108770926076414,0.0725544752625637,0.0557013929402012,0.0140757035140204,1.22780290754919,-0.123268332550193,-0.0337201370524498,0.2203460553939,0.501231136150352,0.648220150225389,0.798498254354348,0.947558258578347,-0.265465376550278,1.06659408803057,0.998662535664653,0.700357887377622,0.446577319796522,0.306615590589987,0.179503981666061,0.0487705164122991,-0.0440715613126488,-0.0710123008560955,-0.0640953857484498,-0.0527444324283647,-0.0369147660019159,-0.0247148757167132,-0.00875644500755961,-0.000888982741816164,0.231371677505765,0.186655872553022,0.155952076529982,0.126530962333581,0.0959047297273608,0.0686636586806898,0.0404165090179355,0.0161844923688263,58067.5216394964
"756",-0.189822669855019,-0.0743131770835667,-0.0550329525551972,0.0967152788524866,0.109441762112918,0.0688703050382226,0.0513891358623656,0.0147875283103754,0.681477643562287,-0.164671079357551,0.00858533726649166,0.18797100593902,0.501153246325414,0.643094963214465,0.808203454689453,0.945775927035698,0.294177431915727,1.10797658147237,0.948186357943009,0.741766264020029,0.44530121643684,0.312925120617136,0.170582646062495,0.0506701781967952,-0.0513863037777481,-0.0731113690662916,-0.0647155284330787,-0.0571320413854564,-0.0324249552599734,-0.0195924207185298,-0.00894573297781456,-0.00221139146915372,0.229711598985934,0.185736389048897,0.156488415354884,0.126480971148196,0.0973186564697334,0.069728371788539,0.0405456067740397,0.0164749435629414,58070.8880210229
"757",-0.158358191063014,-0.111654548660935,-0.0701306174236226,0.108736006000375,0.0961990030927211,0.069893309708172,0.0534088558027696,0.014375907429139,0.844656931639525,-0.124743591156044,-0.00815995977091563,0.231626839443124,0.493863210590971,0.662311015786463,0.805043656863486,0.9466014888876,0.121764881417645,1.08001238876186,0.974289248410422,0.693933878432442,0.458387297918607,0.292451734154479,0.173566869775883,0.05001373001614,-0.0475620891265042,-0.0705296010792111,-0.0727873842917492,-0.0631498793069298,-0.0338816131571799,-0.0242641937872879,-0.0101864333355221,-0.00144527494622429,0.226718392773065,0.18357438249519,0.160278352496975,0.12899991143275,0.096038252273971,0.0674937517820588,0.0399375319564286,0.0163627510590263,58066.9227180892
"758",-0.169177826789703,-0.0639557668180348,-0.0421219865921036,0.0980002977667203,0.102327014259706,0.074828882292831,0.0500027037285148,0.0136095847545365,0.0610822291352631,-0.154158496708545,0.0593489058385163,0.222215472351618,0.497833413186306,0.660399184151457,0.810456087700967,0.948351495090601,0.904509028543965,1.09036616349799,0.892663439168441,0.707123870249454,0.453514596130374,0.291409058128928,0.168178314677846,0.0485469964829917,-0.0354286441255626,-0.0612259648104014,-0.0669033778801895,-0.0601751766032348,-0.0373689982064856,-0.0174246139550725,-0.00726909645430364,-0.00264553560201344,0.222131068114615,0.187456210259637,0.158758610937392,0.124897552450841,0.0988165485984402,0.0693143035247047,0.0403589939571723,0.0161845888480254,58066.2083816765
"759",-0.131098193621798,-0.0946207851000474,-0.0619545396416374,0.127082082852657,0.106821657868078,0.0842770993626057,0.0550222976739714,0.0136344093311089,0.120849241361754,-0.209867578453525,-0.00534242036553135,0.188554953268703,0.505129978846417,0.639885369396721,0.804453569208691,0.947975919716404,0.835210976519608,1.15681427986979,0.964503118132331,0.728750424973934,0.442509515510627,0.309135929189295,0.173017567598101,0.0486739741684804,-0.0436921845454458,-0.0646734611162174,-0.0605447209668802,-0.0541876116057647,-0.0343464689856178,-0.0180512726423938,-0.00872831950635313,-0.00206879137856146,0.228235401836694,0.184299084429588,0.159358319191853,0.126655233143547,0.0962126441737951,0.0683355309701194,0.0409180024125497,0.0163716301232551,58069.8271364635
"760",-0.118566877827877,-0.0790577739983283,-0.0637175438250758,0.0968919594020634,0.0986691615920409,0.065934315283175,0.0542557963023445,0.0131776376307915,0.608110470708056,-0.110540579951642,-0.0145742661088462,0.219051033451894,0.507230123978282,0.659981949755397,0.805064954766173,0.950798288131202,0.341045359109988,1.05179992509368,0.976458066368422,0.708179965025799,0.44232121379107,0.295406810947568,0.172803777819268,0.0458690226464315,-0.0384391533829857,-0.0495018045592424,-0.0642388788064107,-0.0514969185232239,-0.0365895221426294,-0.0203047646691018,-0.00788837892583669,-0.00222723191955518,0.226156462142785,0.181780970825217,0.158460572713544,0.126907657780519,0.0939864536683101,0.0688595611976174,0.0401799726970799,0.0164389070786589,58064.7649259402
"761",-0.171027471837231,-0.10531224231242,-0.0490737086525629,0.10737646729088,0.100178799865314,0.0790071898518157,0.052437603840178,0.0117121129050719,0.0215965916085422,-0.0693554795903283,0.0456593862952545,0.227079053463453,0.516263899921523,0.652241922695654,0.800354888192423,0.951474533301744,0.949120844157025,1.02159599077487,0.908242638078864,0.69929731261748,0.435492012391164,0.299702429963494,0.178107047262533,0.0457513016549716,-0.055063892971452,-0.0682391646877399,-0.0634662564247681,-0.0653729082792792,-0.0443843836665431,-0.0214073422263506,-0.00516229974648824,-0.00270241678601936,0.22783285396541,0.188120985916924,0.157999805047238,0.127083204637174,0.0960621951741128,0.0686282627380062,0.0398423790716136,0.0165457313956468,58068.7371178902
"762",-0.170025575806701,-0.0879553928047719,-0.0922235907357123,0.131414172569388,0.104467451451316,0.0626400976636226,0.0517470176619924,0.0127037300418147,1.16472166272938,-0.115163692543293,-0.0161776163657463,0.200177070920509,0.496496540408558,0.656011296490146,0.802414717129654,0.95050348816221,-0.193921275353795,1.06129456088651,0.986569760364158,0.716948910494939,0.451796193115716,0.300965272086373,0.176906546452823,0.0458613602044408,-0.0645366848360976,-0.0746523816206837,-0.0655670028324632,-0.0543480035847833,-0.0311090336202413,-0.020843516247593,-0.00883068272493266,-0.000852904196405474,0.226011483614089,0.183295630587848,0.156640655715751,0.125220545105985,0.0980589210346045,0.0690985984082607,0.0407537658738781,0.0162698397223436,58062.9453664353
"763",-0.179669590160969,-0.0877013117280858,-0.0331936669214476,0.100366877330229,0.123159459460807,0.0743298706473267,0.0519738252980183,0.0147575533399131,1.09663219639227,-0.213062190224508,0.00947725475427515,0.270409592303734,0.485840466407103,0.639369684567415,0.804328414815034,0.945757135072495,-0.124216622660381,1.15988885487915,0.940147081069276,0.657667871711985,0.457733915694511,0.315939036648247,0.174475915633538,0.0506361231314454,-0.0513246104766243,-0.0614844719622062,-0.0712546962666332,-0.0595996977825459,-0.0380039857426346,-0.024798051882362,-0.00692815187735561,-0.00139472504611598,0.224963368081303,0.190937144956525,0.157824638879085,0.126985206329109,0.0953065180669764,0.0699199619759621,0.0400403525162875,0.0163025275266997,58056.6204159535
"764",-0.163700583789987,-0.0893527943980033,-0.0446217602703651,0.117014542861332,0.113768979055779,0.0757944009571795,0.054269108879882,0.0146768707660576,1.07610123334867,-0.059383116217889,0.00889288227894554,0.217039045185233,0.486871086118997,0.632358733411144,0.803970539969179,0.94978121759754,-0.106574298157302,1.00706392641796,0.944984602199577,0.705284258724119,0.458502874689662,0.321412746607302,0.173621184216785,0.0464430022573934,-0.0494683187974645,-0.0679348643515405,-0.0683416153198376,-0.0556830783343099,-0.0342557447382746,-0.0226756347751894,-0.00765033319078406,-0.00254653610726899,0.219819567479653,0.187817089819023,0.161022270817691,0.127599812673859,0.0958472192416278,0.068899776474885,0.0402083815368506,0.0160585277122129,58064.8733042667
"765",-0.172323768520275,-0.0866079092380996,-0.0651801953884071,0.102879979208565,0.102813723430403,0.0708221322409647,0.0609347413914147,0.0124186227910903,0.0471656855219892,-0.139413253678778,0.00262989509236927,0.214880955450673,0.502319718605168,0.657830106949537,0.802807263922173,0.94780354930838,0.92094972473144,1.08596988398861,0.957018042539162,0.712698907992155,0.44717499185106,0.296871108260127,0.1719489441763,0.0492097272716448,-0.0479231864738838,-0.0751975727072248,-0.0632932057201151,-0.0596433599492449,-0.0377919120385342,-0.0238843426900432,-0.00617851942003299,-0.0017821487677643,0.222376064174042,0.188025202405372,0.156532165927215,0.127879114309541,0.0967515531321685,0.0678496091195831,0.0409358896612594,0.0165971680032584,58073.0333828761
"766",-0.124360016500002,-0.0802251282180664,-0.0648496959988466,0.104437814620053,0.110075774786112,0.0831881903912475,0.0567356515178882,0.0122230820190759,0.493560112566924,-0.0642327201243075,-0.00763423579828762,0.209808885578312,0.505589829327102,0.647693321413574,0.810434017030822,0.951374187568164,0.460297938786857,1.00560081962287,0.968525657899318,0.719413790369784,0.439790005483743,0.302910755021245,0.16530035247829,0.0457366607723594,-0.0416910381484645,-0.056798918127364,-0.0637483633390522,-0.0600648563612829,-0.0356440941601237,-0.0269290531225032,-0.00730305137055501,-0.00311535211934172,0.227723203648,0.183695073288268,0.158273083418108,0.126086332429588,0.0962897191040683,0.0680400936580553,0.0406878821041449,0.0161785432306056,58061.3537041628
"767",-0.108657595213935,-0.0931495499940173,-0.0503157171863533,0.142261053647361,0.101144303699436,0.0696792782917192,0.0553000559390336,0.0127575437192477,0.579870908766734,0.00827535473633502,-0.0208532747612887,0.196575727246107,0.499517927741768,0.662052793033863,0.806165522047261,0.947773990348189,0.368435859290237,0.938942966063651,0.977435582729434,0.718193729610069,0.449551255881204,0.292956393466739,0.170581619041124,0.0490855209532504,-0.0507671200831097,-0.0682759690787394,-0.0666800412078083,-0.0542789874845252,-0.0344166243627682,-0.0247815338765364,-0.00616252184861733,-0.00210510309131986,0.226800120689122,0.184340749189667,0.15599994723645,0.12552932263295,0.0980885263636148,0.07108302712571,0.0412709195153699,0.0165841957706477,58059.3304287956
"768",-0.153146447003052,-0.0986865862720331,-0.0677525909406769,0.117723499063837,0.117429740160852,0.0693453128815664,0.0543817810633773,0.0129417329746193,0.549404064087147,-0.124231236294706,-0.0332216696151448,0.238506082062183,0.479704642032574,0.653697842269935,0.80404893720402,0.94843931903385,0.412037522171948,1.07177233760148,0.997289071976345,0.682504851255119,0.465268948866862,0.301794931899453,0.173786631658121,0.0486010928962811,-0.0427021221825823,-0.0600669065567382,-0.0735010199744108,-0.0586844866723292,-0.0331404410080585,-0.0239806138528704,-0.00859383407616024,-0.00252876612496455,0.226137164627079,0.185469217014255,0.15808040759158,0.129221884678458,0.0974482698959079,0.0680610060839812,0.040935466776705,0.015916208202374,58070.5370933298
"769",-0.187112955880731,-0.0877119824137551,-0.041283311786377,0.0993842677174617,0.110892508133865,0.0744477227361676,0.0523016272237836,0.0128229908860517,1.05145566443661,-0.0719117088081716,0.00652040781284121,0.246948957347831,0.484713937514799,0.654514163768591,0.807133515357672,0.949867391435442,-0.0782277841914368,1.01906579194376,0.94577340668853,0.680689011874588,0.46222191595786,0.299319140149444,0.171440951950476,0.0469127086021737,-0.0512946236618114,-0.0722777710268642,-0.0602588536547701,-0.0565207588738902,-0.0328413712022039,-0.0248114500821846,-0.00750960171031126,-0.00215295610423138,0.228022021485913,0.186222060300699,0.1577680616887,0.12748691153045,0.0972775394848711,0.0685577606807261,0.040356645240417,0.0166125459316413,58075.8112457207
"770",-0.149818994896676,-0.0906390810064528,-0.0644382306076752,0.110885729515207,0.111422809379131,0.0746626574397071,0.0522858320103988,0.0140472420434266,0.46391110941118,-0.154219550146092,-0.0170858058071741,0.21734428756879,0.488011268196943,0.649295157362945,0.803501357533961,0.950390604310336,0.500791727556483,1.10075301911001,0.977870193067959,0.707102790315976,0.46175802113598,0.304936956715614,0.175187113047308,0.046022231853967,-0.067384769607013,-0.0603247892166345,-0.0681306530780299,-0.0616629709489017,-0.0435314724918996,-0.0242318221506489,-0.00869802701422206,-0.00278587712659744,0.225427193031477,0.184951055419052,0.15877826694182,0.12750338909871,0.09891481226129,0.0693414395565446,0.03934822235767,0.016248558943375,58067.9069649469
"771",-0.154853498502768,-0.0990121017076214,-0.0608306812212781,0.119314529866783,0.101856513407442,0.0717985928916683,0.0547737158820824,0.0124579209589391,1.06132612459663,-0.16310089029551,0.0966505217142594,0.208046851430311,0.510444283443852,0.645885131451103,0.80603684224945,0.947667237764861,-0.100882530392099,1.1117799423074,0.863649381235537,0.714324516455238,0.437125283243374,0.309654561379149,0.170890884869093,0.0495821873132778,-0.0418583145313607,-0.0615494290327699,-0.0709684621833362,-0.0580277612337954,-0.0341804897050607,-0.0235762471722234,-0.00775889572127335,-0.00182506252638707,0.229802161306909,0.18271351280572,0.158787416489639,0.127240938493882,0.0966941071773815,0.0693649032381455,0.0396250829271596,0.0163649006116936,58065.1256804351
"772",-0.150699716874028,-0.0986391034214209,-0.0469106199762541,0.131067138521366,0.113420226149893,0.0745456697050576,0.0544724954878186,0.0147312577226054,0.510364267279567,-0.106981630941315,0.00720300652656738,0.192675716427643,0.488057141092698,0.654489767641091,0.804447014397789,0.949465524693873,0.454134256767556,1.05603134043838,0.946101172542883,0.724232080850949,0.457249610362759,0.299676793667291,0.173839729592104,0.0467573401108298,-0.0591797574209027,-0.0616719576543956,-0.0586670251097907,-0.054155116220283,-0.0314963666275349,-0.0249054673880034,-0.0104058311200742,-0.00235372603640702,0.229231380820111,0.181543650912803,0.161599304237313,0.125404381661013,0.0962019719959991,0.0683312213364407,0.0400063973111736,0.0165206592133619,58070.6385502566
"773",-0.129371937516305,-0.116884100669585,-0.0514859061397974,0.101324443321529,0.107541187770866,0.0729763855635089,0.050492570708562,0.0129660831345648,1.05437368412857,-0.114615335782651,0.0172759764828516,0.215181815130249,0.505762922143348,0.669610774380434,0.809929197458365,0.949217085577284,-0.0985554653561283,1.07003599067648,0.938823450602515,0.712940662736599,0.441327585953658,0.2828500266501,0.169020799525744,0.047351989865916,-0.0545300804228743,-0.0709308406615523,-0.0682728949924604,-0.0577472654227621,-0.0348158465143418,-0.0211727891258334,-0.00641908176141371,-0.00153214339475839,0.227407362262202,0.183499725027798,0.158751812268989,0.12676847314632,0.0980073091798049,0.0675805107334596,0.0403454254861548,0.0162441831800508,58069.5284570927
"774",-0.157206058069756,-0.0896158649009451,-0.0654672719798203,0.0891701706942,0.110091815675035,0.0772718201732703,0.0474213090355822,0.0152655961573454,0.0392216896001586,-0.0874815084969478,0.0296790458090467,0.215086756125863,0.503101155165638,0.647720200422643,0.810004186808713,0.948269643122241,0.92539575688044,1.0336078037143,0.929839398069135,0.718170285495556,0.4432172178597,0.305365007913379,0.170157785070959,0.0478259177257614,-0.0466821297783888,-0.0613045430088981,-0.0617412330999549,-0.0605318327434986,-0.0356722798467551,-0.0239015041930944,-0.00848428866546058,-0.00192938085160566,0.227802324935796,0.185156578285162,0.157781019319768,0.126866571375181,0.0951318752956654,0.0686191134593834,0.041183743082546,0.0167979473474796,58072.0840197468
"775",-0.139531968835105,-0.0821643213342214,-0.0317521843010879,0.126026121267662,0.0966020715370756,0.0676658672197718,0.0551192598098567,0.0122667546394807,1.10010780813038,-0.0805657034451586,-0.0522696009241537,0.213097356168952,0.519446312091167,0.663212696265746,0.80450356478797,0.949249956115051,-0.138900388591971,1.02614712236941,1.00317594041002,0.706188219614767,0.430177674943201,0.29303628057669,0.173030063959444,0.0478104730796528,-0.0614189181037937,-0.0688721479226416,-0.0740509444906719,-0.05913753706253,-0.0336200317901466,-0.0264265266525508,-0.00680771537491744,-0.00205374119100048,0.228615288728228,0.185875734018878,0.158406048934155,0.125513538904177,0.0948101920677341,0.0693408467553906,0.0403892991458544,0.0161335091580181,58070.2719723294
"776",-0.165953206772964,-0.0863918226192569,-0.0457736213890882,0.116061861081532,0.100806435308131,0.0768796748523657,0.0490910374522569,0.0138156436674078,1.01021437404706,-0.075124454856293,0.0331833619252259,0.176241849816259,0.50875572492274,0.645142091857614,0.808172186839636,0.949160308128543,-0.0446787633295361,1.02159067858239,0.917896888002273,0.747644259815823,0.440813178620013,0.307737257897729,0.170907694232586,0.0473116977645253,-0.0454766334624041,-0.0762376635315086,-0.0504166091302929,-0.0533301717933003,-0.0362930175672488,-0.0221846533954175,-0.00611223850702415,-0.00192030667091058,0.226925503512344,0.184843278980841,0.160137649406454,0.125740958816411,0.0989668584986298,0.069183824424443,0.0405552868560587,0.0163903253229213,58069.7250452853
"777",-0.137385324596003,-0.0838326437283817,-0.0516384848783172,0.102798120506193,0.0999610940398215,0.0721518767271963,0.0573733087537138,0.0134813489553204,0.568402174287755,-0.168316563443904,0.00454351552922263,0.227903413056111,0.507808680742732,0.660237735608434,0.805201515171267,0.950802692407072,0.389341383102332,1.1151501707379,0.952505998952408,0.697834684764017,0.44287503052282,0.293796644540663,0.171566857393999,0.0457351515935994,-0.0509829702384134,-0.0745653024148038,-0.0650871129246507,-0.0528013021260571,-0.040342773421023,-0.0236638984962941,-0.00943587990922202,-0.00350522498432157,0.227994061522819,0.186667695146574,0.154698222291849,0.124108324792116,0.0962879612285241,0.0691312001566015,0.0405511474332841,0.0164581964746428,58070.9661087435
"778",-0.126646790448583,-0.0658009273129908,-0.0590373896217547,0.0906206912006459,0.0991735293844622,0.0730043372877535,0.060754290132907,0.0154254339876104,0.955578318425872,-0.120874361658697,0.0089792920493909,0.209595173503006,0.503957379767866,0.638250197026447,0.800961278583858,0.94937110346156,0.000805009528960396,1.06001947242805,0.951662103030519,0.722957137611581,0.446028100849186,0.316107728271729,0.174870919336169,0.0464222985162282,-0.0549112282563334,-0.0691471300601089,-0.0766680394774291,-0.0538007011843111,-0.0306092520192622,-0.0201491522627531,-0.00893883066434553,-0.00243664955264456,0.223762923490557,0.187200433411737,0.156042458641896,0.126013247767494,0.094428103910712,0.0701445762813085,0.040098943173645,0.0162872218616387,58063.2871802112
"779",-0.146972485395513,-0.0752470932508942,-0.0547557693420724,0.130101283144832,0.105669358623997,0.0800193621305348,0.0592283193075923,0.0149101698495582,0.606509652127609,-0.168673835646215,-0.0316929213589608,0.172185472230129,0.485444079924755,0.646599961766911,0.799724865764972,0.946465666526321,0.353987582844421,1.11174616262517,0.989160863940833,0.746372619515949,0.465495744524795,0.305813411445403,0.176389082558989,0.0499313575776681,-0.0388225374065832,-0.0671255923419855,-0.0639197949966174,-0.0568181674064718,-0.0391164714941519,-0.0248392422445296,-0.0054168919952641,-0.00254035248938339,0.22787960397574,0.186256801356488,0.155089316819502,0.128658506654484,0.0959865521105784,0.0697641619367751,0.040658393473991,0.0164351588207884,58068.5967591506
"780",-0.179645401075978,-0.113455011725373,-0.0913254075113046,0.117815615406971,0.100180271470176,0.0819248330788001,0.0521063883151525,0.012276523692562,0.530956137026582,-0.159316082645179,0.0131852732626317,0.236368678744217,0.512541304493972,0.630829330500123,0.81014279275981,0.949290605968629,0.440604710848787,1.11606154238652,0.958177785456933,0.685800131372,0.437748063095075,0.320596095937643,0.168670673421605,0.0477613742511131,-0.0422082336302575,-0.0814593271453004,-0.0696945310490837,-0.0615674830759391,-0.038811119673707,-0.0215879995030449,-0.009760513717815,-0.00158352386624559,0.225500952935087,0.184553203635055,0.157407483090922,0.122998874242886,0.0950726088831539,0.0694067184196849,0.0400794399714823,0.0160513095032677,58061.893806412
"781",-0.170287265217492,-0.0910374645643452,-0.0536167808555419,0.105639128007372,0.0949911638512541,0.0826877643432319,0.0538790804916419,0.0144340237636435,1.10613319179886,-0.13903398924536,-0.0100545679489448,0.197683643370708,0.493804233636342,0.653010838817422,0.808521867000321,0.950944065826411,-0.14121345782532,1.0849816613882,0.967005835963498,0.728698045345167,0.459125410777198,0.29776937929923,0.169075939324545,0.0452010552494614,-0.0451092845547228,-0.0655366916683366,-0.0663521472446551,-0.0561134769069723,-0.0341574163735776,-0.0235530459961121,-0.00914807041891619,-0.00228667841565253,0.233295809767166,0.1881572269048,0.160900405726736,0.12640454732771,0.0974338943746892,0.0687586544423655,0.0404097766709691,0.0167130028798809,58067.8228134215
"782",-0.166917725209105,-0.0764853459251916,-0.053659786637915,0.106416921309046,0.101082912895481,0.0779307510866081,0.050680638302989,0.012158900505254,0.14314290334761,-0.111672485068792,-0.0264166200349469,0.231179138855948,0.507897763203667,0.64587157155835,0.810711463480699,0.952242117688811,0.821944480510014,1.05524192775729,0.982185949218441,0.694487399512078,0.443741482818479,0.307140291942707,0.167385591749524,0.0445345253753685,-0.0302226636505444,-0.0741881856053068,-0.0591801196916457,-0.0587756585854607,-0.0407179843029181,-0.0237631711050765,-0.00650057067572459,-0.00277679301816724,0.229350878240053,0.187024674520776,0.155171972560808,0.128476268190732,0.0951544096549142,0.0676178153706668,0.0401761926126199,0.0164568328350613,58064.7909512758
"783",-0.136893552417461,-0.0778775485915836,-0.052761003338118,0.107292390758202,0.0966186656051135,0.0577266893339122,0.0547953498898686,0.01201751102608,0.332516596726821,-0.10373520760201,0.012441035632442,0.220874077178474,0.521997357727694,0.670465697673537,0.801442326022967,0.949682226863168,0.625761387974926,1.0448479151099,0.94700646886716,0.704899824258807,0.428770262552141,0.288755861992153,0.175998839509441,0.0475131299033074,-0.0549663330932623,-0.0677016710915981,-0.0766091828514492,-0.061381453146312,-0.0369279722167658,-0.0246803690713334,-0.0065549358845824,-0.00255723690344912,0.226311805124665,0.183697752446655,0.156328020355959,0.126614874031071,0.0985615689746526,0.0683493785727096,0.0409778647612253,0.0161065408007985,58067.9385480728
"784",-0.20511849240097,-0.0832129338057162,-0.0825955843969075,0.0973083261946861,0.12124054036589,0.0748679781140446,0.0529898904181246,0.0144251472090272,1.06512721200217,-0.140620217120062,0.0330028338890938,0.2010044228096,0.486404457660137,0.644645402976497,0.809635170502174,0.949549421755656,-0.0823264799491606,1.08844409003554,0.929531558882115,0.730037038318151,0.458257145593546,0.309653368481622,0.168626192311736,0.0464548900048316,-0.0535869884157862,-0.0768426889205468,-0.0581081973947005,-0.0591180058456177,-0.0417026346925804,-0.0223325616362169,-0.0107468411501166,-0.00164982941647399,0.22583508743934,0.182122562560331,0.158788470303226,0.126336682854337,0.0969342705866962,0.0697764756053547,0.0398730731853268,0.0164658457243503,58060.5595492306
"785",-0.141235935431238,-0.0921260343234965,-0.0855126687352487,0.0879504401381522,0.113914079440403,0.068265229946873,0.0601190430227657,0.0109064611101068,0.30316767737583,-0.180327260751891,-0.00621340033322967,0.225029661639683,0.479223921802348,0.656136685431695,0.798627247587466,0.950099276825906,0.657119880495652,1.12842283680822,0.974629365934159,0.708694273874991,0.466844925452966,0.299396925643748,0.177077748399649,0.0473846577384158,-0.0561350877868001,-0.0679270999963358,-0.0689431043858637,-0.0648764775923443,-0.0334271661290011,-0.0216754838428646,-0.0059593149274736,-0.00162733286071709,0.220420446659574,0.185359782492079,0.158105762890482,0.127540525568989,0.0965737277113375,0.0680757972069371,0.0403893829825458,0.0162833141141065,58068.7473826485
"786",-0.162650811471266,-0.109844861443956,-0.0790705210752021,0.108135816106568,0.115554309542941,0.0720065237012326,0.0549016952300329,0.0126566319500872,0.718005892846852,-0.187606777497169,0.0555750408861491,0.22192871248871,0.493116571185222,0.648378962318779,0.806756693610636,0.94866309127206,0.248272347460633,1.14165693596919,0.908878013359664,0.702956130836354,0.4513575018307,0.304847655338331,0.170031528590174,0.0482549698335273,-0.05491960363593,-0.0693815917616977,-0.0631574194986236,-0.0580855773880782,-0.0324284239388574,-0.0203118208152198,-0.00539527104350358,-0.00222883603764133,0.227385592806325,0.185377275509123,0.158548512846838,0.124854111844249,0.095843583126201,0.0691790429857446,0.0409200650690752,0.0163415552205098,58072.0664680321
"787",-0.159366233911868,-0.0647059440460766,-0.0748554941119455,0.105045952406547,0.115065853503828,0.0703295142732174,0.0556829438109684,0.014164184285039,0.649732066861295,-0.143424083716092,-0.0191207560347074,0.228022628119809,0.491781820661832,0.660019152668464,0.806066403863447,0.94834536087733,0.313779869094983,1.08065294986739,0.984533625659075,0.699931508351763,0.453091046350798,0.295037887351309,0.170684490125305,0.048086654027853,-0.0431219745915485,-0.0601997599779542,-0.0705784740421362,-0.0582272328450143,-0.0304829093379934,-0.0230942837406905,-0.00612883119702369,-0.00226220346094266,0.221915203278792,0.186915000483769,0.158421203770339,0.128301245574097,0.0973585747919559,0.0683316597197994,0.0400214933340207,0.0165513759283837,58073.4308152325
"788",-0.145416393300328,-0.0948009685257991,-0.0728300972691698,0.107567802197016,0.125783350387739,0.0693334113824984,0.0571941290805445,0.0153736104553356,-0.000940158455502183,-0.0268964872432114,0.0583818960185263,0.209074610928152,0.470505575911459,0.661408384060675,0.805798911182864,0.950645728561183,0.959694450395579,0.971824046090665,0.90305229421306,0.717154569085949,0.470402804276244,0.293613258577274,0.170403812858675,0.0452358461967172,-0.0376339756598122,-0.0519739526016859,-0.0565929152570393,-0.0575442840989608,-0.0334506825722822,-0.0242884048276786,-0.00798523751017782,-0.00333221743473881,0.232962768187372,0.186293243915445,0.159369292199974,0.126062844926,0.0964749839432872,0.0693372292864949,0.0399705974455932,0.0161257643729574,58056.0418017316
"789",-0.173910573110589,-0.105661720783309,-0.0423266860118027,0.125748186585909,0.107096700680633,0.0833084379693488,0.0451293302217847,0.014477976830769,0.966359503334524,-0.131939690103498,0.0104777975127295,0.185401585939863,0.506023693849516,0.660512717605828,0.811228437870297,0.948897865725424,0.00130331400816393,1.08667986715018,0.941019706731098,0.736187329889051,0.44232054358245,0.290139874201285,0.170168526238375,0.0471903445004748,-0.0406375701842021,-0.0799687640435272,-0.0632111524771436,-0.0580672262349365,-0.0377443255114589,-0.0262145629807958,-0.0093816193375318,-0.00178214077989504,0.22727883237305,0.188312069885238,0.161025008357866,0.12681513320271,0.0956561568527281,0.0693454851096816,0.0400317329284659,0.0162773234296921,58066.8283513528
"790",-0.163799235405202,-0.13326764325934,-0.0326453493275736,0.0942450845969608,0.102863048017468,0.0740629792515354,0.0551964528042319,0.0132769148734998,0.385623726934922,-0.0387428398316235,-0.0764486012890887,0.251547625328843,0.511720510493722,0.654485839906589,0.799707708802188,0.949318473474464,0.580800820876421,0.998252450750439,1.02798606162444,0.67715747588786,0.436968829736746,0.298829731265451,0.178426265923404,0.0473440533560731,-0.0476351261054705,-0.054867674590376,-0.0653887792844293,-0.0568076105622477,-0.0356012672387066,-0.020969040645165,-0.00668181695429466,-0.00248097510704023,0.22388929268645,0.187540088887642,0.156565360512953,0.126588136191114,0.0950543128742364,0.0699479957467727,0.0397759480710352,0.0163583272151603,58067.1602005868
"791",-0.169988589796534,-0.09046733991581,-0.0504409683426978,0.0906759407902461,0.102721092741816,0.0746309730259825,0.0490740211787334,0.0129198953710913,0.461020645464521,-0.163736300933454,-0.0232372298205787,0.233056257703019,0.500134495151338,0.647314754054616,0.813766624283164,0.948648611638269,0.505718094647585,1.10674985756455,0.977642158176442,0.697739770344157,0.450512630120983,0.305871111787842,0.16595916577521,0.04792340662231,-0.0535644782110425,-0.0513515147677258,-0.0567307667630366,-0.0572423739940644,-0.0379836520644631,-0.0190633308484319,-0.0101403569088682,-0.00100408272710814,0.225841173709098,0.183418405121819,0.158404510407853,0.128278047568263,0.0971124636935904,0.0694063456464401,0.0401054869866439,0.0161668251088367,58067.3688651477
"792",-0.151389779690589,-0.104017399573569,-0.0614294671260721,0.109542502414166,0.0947220608108058,0.0619981243926013,0.0523975825161377,0.013265611752146,1.15192076198517,-0.120204527698354,-0.0395951388986358,0.214857552578466,0.512615415756596,0.664136213844933,0.807775643240717,0.950787565735486,-0.187452738134594,1.07212373200447,1.00109596770638,0.708545413729323,0.439176240805469,0.293203153882771,0.170895987924198,0.045510266330462,-0.0562825104571342,-0.0611966210711615,-0.0710650569358428,-0.0565831293031917,-0.0332416940456279,-0.0212171782866133,-0.0100510299676249,-0.00129848950934062,0.22980277411413,0.189583128889524,0.15883452721425,0.126300489256448,0.0971655124383208,0.0695985248734084,0.0400215077804229,0.016222214385727,58068.6682630447
"793",-0.138735911900672,-0.0939749205718002,-0.0480217062762107,0.117825153956134,0.0992538186554215,0.0699304312696627,0.0593018528691109,0.015941565409678,0.486543751109333,-0.17290725704306,-0.019252127789053,0.194778071544971,0.498734025801588,0.646891520350463,0.806288626671834,0.949034465522068,0.467029917787891,1.11994103380814,0.974305363400305,0.729307632002026,0.454324710330264,0.308949249380823,0.169702548736032,0.0466171690845257,-0.0335456928089157,-0.0573127085709284,-0.0673055607121834,-0.0564385200245432,-0.0374468723002524,-0.0249057523244834,-0.00834340137564204,-0.00208835431421658,0.227154388246543,0.184579986958877,0.159071867863906,0.126529162795758,0.0969348993373565,0.0691753744884011,0.040488990733959,0.0165679846468243,58067.9634498122
"794",-0.142042419683422,-0.0798391072509398,-0.0405365874669289,0.106279728390101,0.115913414744732,0.0737872175688594,0.055349962242086,0.0130280709501893,-0.0584022849337676,-0.0631138799982302,-0.0319663569624293,0.230569141137611,0.473606405915618,0.651424372731261,0.803864516056675,0.947176442547809,1.01813610113217,1.00593804596202,0.983759253149003,0.695004791096612,0.471302458813915,0.302136280245281,0.173400754785281,0.049838239007373,-0.0572373461647721,-0.0602330419096533,-0.0591258349455473,-0.0545929483129154,-0.0277997107933731,-0.0228402692675106,-0.00528043899870286,-0.00237140892034215,0.22597192819626,0.188831753769537,0.159294080099192,0.126951382515235,0.0942059785422514,0.0684902779620437,0.0408191559433165,0.0163943198738303,58066.2304875195
"795",-0.152292738529012,-0.0964678418056906,-0.0603984035870157,0.128237105719392,0.108407151375228,0.0734599393461377,0.0601386132776876,0.0120277355741245,1.02520844925958,-0.144586643257176,-0.000344926437410806,0.180723750855531,0.496922836228818,0.65885656888747,0.80031906799339,0.949490425089067,-0.0639695821861968,1.09352777457102,0.958997455341751,0.739047240625862,0.451268934006687,0.294269977803998,0.174792589839313,0.0476239887486242,-0.0410372523271772,-0.0630302089387007,-0.0591537996624668,-0.0629903868307771,-0.0367424374335861,-0.021597864090347,-0.00575329341254056,-0.0023770440231522,0.226518166105264,0.184284397266245,0.156648001303383,0.125849100699907,0.0956859066672995,0.0681914989453883,0.0405535753037489,0.0162381343998254,58072.4852756059
"796",-0.150938253843055,-0.0746392039469979,-0.0603002197641059,0.0963183590012031,0.0955310537992217,0.0796548964192654,0.0499507615484474,0.0153858108390226,0.366390986591953,-0.147359173266392,-0.00813365666240354,0.216429028553015,0.505866682992529,0.638554007913744,0.806422297653082,0.947660954362811,0.598466437866633,1.0909718720131,0.971139853849692,0.711631283573631,0.443358571571139,0.313363883030211,0.172655875176313,0.0482260717224167,-0.0679212566109623,-0.0781965300318249,-0.0821504382230511,-0.0520792844461988,-0.029375636055127,-0.0224115660054761,-0.0068282851431743,-0.00215144394795004,0.226614254943148,0.186896299720503,0.159678597447849,0.127695830608729,0.0965628741196739,0.0685733494564793,0.0412522353503895,0.0163810382978522,58061.8900859662
"797",-0.185813958740599,-0.0736374421025259,-0.0755725185133672,0.0997038294491367,0.11081916342,0.0609858069519565,0.0550577931398442,0.0136720032262529,1.09078710113655,-0.141786651577584,0.000170559283861009,0.245664491663838,0.51282949230701,0.653460517587381,0.807680366622197,0.949380098976312,-0.118075870514276,1.08072331845301,0.963710373983084,0.682516396544238,0.43327144873437,0.304649444983606,0.169424944308079,0.0471350474551545,-0.0426550841226835,-0.056994770816551,-0.0672345517547244,-0.0595278743317704,-0.0389257939611109,-0.023657689097632,-0.00816218506881854,-0.00178131681590431,0.224031226710999,0.184002798618985,0.15604604094921,0.126561355059507,0.0956876219052523,0.0696291544757325,0.0400813170602383,0.0167306054031031,58069.2860128397
"798",-0.158689992859451,-0.0989358912785299,-0.0842069395474527,0.121365552684127,0.101194240693707,0.0703314242830023,0.0532308414999523,0.014317183466977,0.551690151839191,-0.07731515350638,-0.0248937524932625,0.202180355001236,0.492846572201086,0.647206602929475,0.803608666202656,0.946808202621937,0.41331582217994,1.02748199133872,0.992026444421278,0.719042441611024,0.457439851159806,0.307719476511503,0.17424682775379,0.0495985885588468,-0.0411345533724362,-0.0683907516153592,-0.0616916278896043,-0.0559532983055909,-0.0346479335824694,-0.0228623177612523,-0.0052138877097608,-0.00185740826895858,0.225548849101621,0.184522624713255,0.155216860684243,0.126150639972886,0.096282249531645,0.0676908409466154,0.0398341317033134,0.0159609360834611,58070.4662138636
"799",-0.161101649059185,-0.0989433680296412,-0.037701210558196,0.0956260876401263,0.108846021199242,0.0706684715211075,0.0496548181575053,0.0123291540913058,0.755323591536585,-0.149107662946894,-0.0070861567433498,0.20976297224522,0.492601323263253,0.650943609969384,0.81164281164394,0.948431247885068,0.209544265843986,1.09912129981327,0.95971223292728,0.720402250794091,0.454959298175286,0.304053647716961,0.168033521686242,0.0487229125748331,-0.0562440848382662,-0.0613242816758348,-0.0688609013535254,-0.0595580501300835,-0.0337022298479614,-0.0225234001741791,-0.00973588375762158,-0.00212854067754604,0.228221435659496,0.186327259019168,0.157471343725513,0.127147756416705,0.096041442887339,0.0689671839262811,0.0399531229383669,0.0161882698792368,58075.6032693802
"800",-0.171407943423058,-0.10313990328044,-0.0679742835484646,0.116870981649654,0.0878895762794962,0.0756164955262879,0.0581416636466676,0.0158081107666739,0.810957606815318,-0.0775649180445052,-0.0471260606939007,0.232004436377042,0.526351958063859,0.651672038982698,0.804752921263842,0.947317909157742,0.161282332112692,1.02910433448557,1.01052829113705,0.690677295340407,0.428117578741903,0.301436812694318,0.171719081463984,0.0486765512107305,-0.0480026760884981,-0.0727379831328047,-0.0724095474395927,-0.0588610113645931,-0.0429051899656072,-0.0237970583203049,-0.00678912513530753,-0.00215675118947044,0.227391454816732,0.187309291508892,0.156387485505499,0.125450783791799,0.0971760363774773,0.069105986737012,0.0406249395271006,0.0164218379327169,58067.6850876226
