"","beta.1.1","beta.2.1","beta.3.1","beta.4.1","beta.5.1","beta.6.1","beta.7.1","beta.8.1","beta.1.2","beta.2.2","beta.3.2","beta.4.2","beta.5.2","beta.6.2","beta.7.2","beta.8.2","beta.1.3","beta.2.3","beta.3.3","beta.4.3","beta.5.3","beta.6.3","beta.7.3","beta.8.3","sigma.1","sigma.2","sigma.3","sigma.4","sigma.5","sigma.6","sigma.7","sigma.8","lp__"
"1",-0.218289400270833,-0.260692205112009,-0.148777583071115,-0.0173993653471281,0.0434320666953092,0.0892389288180083,0.0604055919659884,0.014306885855938,0.13359211213891,-0.276277799585475,-0.152213771885957,0.116628154700817,0.270747409493588,0.528301421511181,0.755303122180501,0.941015699801568,0.875547245653115,1.29813920520435,1.15113731791508,0.859047486282395,0.692123075126761,0.442531486826856,0.23036896490906,0.0547651190139321,0.214195183390922,0.162824339692854,0.1443524032195,0.127595724072056,0.105898263261808,0.0730790308151771,0.0374136440956237,0.0108927451989866,40206.9392111467
"2",-0.224680973511861,-0.242439553416115,-0.16574973611024,-0.0421246821271494,0.0395707854811972,0.0888880563554534,0.061318533114663,0.0121632274192139,0.193966321478724,-0.452478162720648,-0.190223618471442,0.184665904912241,0.273754087720371,0.52613110700185,0.764516859685532,0.942604608796918,0.816427385050795,1.46827153500549,1.19348282241461,0.797715413007914,0.688997222147436,0.444512853023909,0.220415847821876,0.05371229404631,0.209205230313364,0.163301932357164,0.148897466438713,0.12480422121552,0.104841075569391,0.073603633517326,0.0374894652235129,0.011112238535817,40200.8546749763
"3",-0.185092705408481,-0.218615260993482,-0.152147336210968,-0.0385222897483629,0.0359408087918831,0.0964254456222249,0.0596230377091548,0.0134613557098973,0.347787434264234,-0.27063425176796,-0.105739755147378,0.123432088994142,0.28631923125497,0.519414703361432,0.764396737187141,0.942798318092523,0.653077321228879,1.27986534387008,1.10435878841159,0.857674422740807,0.677587968288694,0.449819980985363,0.221103693841691,0.0531932979397985,0.213037417776005,0.164995639675648,0.145477280333881,0.126730008516126,0.104549913179916,0.0728694437870127,0.0371060007285025,0.0108248059953038,40208.5827181911
"4",-0.184419418477686,-0.25081999946027,-0.164564726205471,-0.0555307994417868,0.0499471624433111,0.108258704510415,0.0657931061401009,0.0151065256722584,1.43017044931482,-0.345443569342769,-0.0550827312514768,0.175334661423037,0.245968325508824,0.527000942456087,0.762588598818854,0.941807616944227,-0.430305310569265,1.364629903248,1.0578029109783,0.80930170335714,0.714184742066249,0.437971824550333,0.221121048742899,0.0536867205726294,0.210526622776242,0.165475863730781,0.145761209375641,0.121702970638509,0.104586585690445,0.073135951169278,0.0363925548753116,0.0109143329546896,40198.6510868855
"5",-0.201060287615755,-0.235507653198334,-0.134769350827767,-0.0456917486037839,0.0470170028173751,0.0932645089566522,0.0565179475925442,0.0125076896636435,1.22200317705339,-0.296137603062127,-0.032733013432706,0.118622314367949,0.277676874936727,0.52612264679298,0.761477363954641,0.941603124599959,-0.216414476565359,1.31009892258006,1.0257674288382,0.863650594477208,0.684012484524001,0.443907738788864,0.225198392466576,0.0546353288566229,0.216750432457981,0.156770487291198,0.144842525259471,0.12255383881611,0.103804457876284,0.0728433436621062,0.0380705804884104,0.011202093881011,40196.8617499689
"6",-0.20269552477613,-0.210729754083185,-0.145396869985496,-0.021376686418533,0.0142700776604026,0.087632015526614,0.0599098817975354,0.0117922479119604,0.96434831453417,-0.363122051540492,-0.0757664674317848,0.169247812506145,0.304671274928114,0.539589190181858,0.766944411409312,0.940959035653304,0.0409506801649254,1.37019023315101,1.07362816233284,0.807033047345402,0.665847411951437,0.431375082468667,0.218176009471935,0.055527287318707,0.208255943645818,0.159531366175976,0.145442883960073,0.125237814370199,0.103021449304032,0.0720808978028662,0.037526069231329,0.0108246209831437,40199.898071585
"7",-0.222707084525952,-0.222305013729617,-0.150510285558681,-0.0481918253970637,0.0476517602279001,0.0989278578583271,0.0579305010431812,0.0130825120386096,0.965081030062697,-0.24420391083699,0.00437160169837142,0.0980333900776169,0.249881464085135,0.526010681744627,0.766378012102615,0.941959506521648,0.0479677706268191,1.2554156036926,0.994419870035338,0.8852619232309,0.711975658011924,0.441522116037189,0.218918586716355,0.0542347101416783,0.21798106995188,0.163078995409727,0.146975450871894,0.123549061389424,0.103232024500079,0.0717402395690499,0.0373123660774794,0.0111796310603646,40194.0622393762
"8",-0.21750744166872,-0.235136019705053,-0.139717963821553,-0.0937619121380681,0.0354772908653571,0.0958402563343959,0.0589768914410212,0.0138961014997508,1.13108041822525,-0.306400232445518,-0.105062491678184,0.193340933746035,0.25609282155622,0.523626955920202,0.756362897073889,0.94001770663524,-0.122175729207221,1.32276138111141,1.10020792084167,0.802628565520394,0.708439038834691,0.445721160877684,0.230088166005371,0.055920013436282,0.212049833913347,0.161996376442522,0.147000786303124,0.126844248140448,0.103529140998062,0.074327441448736,0.0377633296147028,0.0110261253585987,40200.8397241026
"9",-0.203997859045566,-0.210955955267077,-0.123617707093359,-0.0351657906299046,0.0524409808785923,0.0920135351693781,0.0720847981743723,0.0140016638261965,1.3393196063018,-0.453179072868374,-0.124253847703406,0.145220513370725,0.292481619552791,0.517897561011555,0.75721452574597,0.940921250376156,-0.334217058306193,1.46199556944139,1.11535573096052,0.835521992485463,0.666565748234197,0.453310314053301,0.224983827791668,0.0550869112237116,0.211638401009104,0.162054428476911,0.145379324371619,0.125570145382578,0.105825042163828,0.0728630877303675,0.0369870602028905,0.010832891511976,40199.4246538323
"10",-0.194069988578096,-0.233187537690454,-0.132718560144949,-0.0378665787219245,0.0426718699730823,0.0957677018833291,0.0766621292862283,0.0140575387480933,0.0622145454432962,-0.330348906972545,-0.152476524082079,0.17497118932452,0.292385775550093,0.513300866989244,0.750601511926372,0.940387263673726,0.938784542340234,1.34433648169178,1.14668768582022,0.805359807143848,0.670559933474193,0.455336921461159,0.230649296946522,0.0554685636140894,0.207954912411399,0.164191360481438,0.142435897360101,0.126004275330678,0.100179983256128,0.0730434298722701,0.0362588945257489,0.0109091273762993,40192.8816340127
"11",-0.198246649269272,-0.20684323488128,-0.159805081600207,-0.0419928547723832,0.058494030028647,0.0978920473280184,0.06876454393561,0.0159650232841297,0.261243536935096,-0.448619699565287,0.00176049227630192,0.13978599780762,0.265605672444595,0.543796687114541,0.754862355128831,0.940391746520702,0.742147119078611,1.45633678083769,0.998725866227557,0.841929900277258,0.69236773547216,0.423622273354177,0.228546170643979,0.0549219965597473,0.204578781886693,0.165236957687184,0.1449398463356,0.125797690818417,0.104696204130664,0.0723647008773525,0.0374675556167079,0.0111466888899695,40197.8760027634
"12",-0.229251317179971,-0.243636651345366,-0.157051953905076,-0.0458109093477225,0.0250734922835206,0.100175568728864,0.055722942508269,0.0128811079933017,0.928646602829143,-0.361112146435093,-0.0896664215334396,0.132265201134895,0.281494572438698,0.53909786156622,0.770764277104189,0.939812257369344,0.0825940713237734,1.37637462859707,1.09124452149546,0.851566072792099,0.686602913271779,0.427220165344926,0.216220217123628,0.0563396342696787,0.209970792742531,0.16300788421832,0.147418083686537,0.1245159763383,0.103834787997828,0.0733863416832588,0.0363276780613912,0.0108730081626031,40192.9079488818
"13",-0.248024108913501,-0.259359390591922,-0.143383864996662,-0.0281547650599792,0.0483082175560365,0.0860966162721088,0.062385336211859,0.0124466165734395,1.23054431813435,-0.347253196525567,-0.0436416522176421,0.142318285021069,0.262217057762497,0.529607728996254,0.756014173033746,0.942994024164979,-0.211639804535092,1.36679135397435,1.04063252623395,0.834499204945915,0.699390806394927,0.442184422043622,0.229612057286163,0.0533478389102857,0.213489259997469,0.160850352862161,0.147072008402561,0.125818331264464,0.100929541795833,0.0724495835523415,0.0379056319997897,0.0107285583920984,40198.6970114286
"14",-0.224279048556149,-0.208265105230566,-0.153759211977943,-0.0223258009605944,0.0482456121451945,0.0929124256840105,0.0600607737512374,0.0126274118137034,0.232473981301439,-0.362036118972241,-0.0575536647642038,0.122318376096912,0.278373460526061,0.527408157639677,0.765857103351932,0.942224439105704,0.778800638604082,1.36843780784333,1.05876788168647,0.853958938526444,0.683007049861036,0.441999350253959,0.219005392270302,0.0539800775722066,0.208505909153015,0.161590420594119,0.147053137364791,0.123631472877277,0.104306138333209,0.0733833292255275,0.0380006804193644,0.0109207589703465,40205.1271266848
"15",-0.215839143857464,-0.224105596399436,-0.126383844576619,-0.0462294615269526,0.0397765146930059,0.0792830057471123,0.055964205151119,0.0137367812266975,0.606210446914155,-0.343821490994,-0.0515739497342943,0.102163352259832,0.253836673257251,0.5340591535511,0.761619404669314,0.94055144233889,0.401780391496692,1.35702744203819,1.04349851651134,0.881509400003117,0.70939819093159,0.439693888281335,0.225249526237038,0.0554777600513431,0.212510568108465,0.160866188966246,0.145168934130013,0.125182056433555,0.104169906345199,0.0740047813290347,0.0376987696111943,0.0108574737248723,40204.6544672882
"16",-0.219210048545933,-0.229833607694396,-0.103617087854407,-0.0304711149482195,0.0410069944443136,0.123675729677958,0.0625570511547574,0.0128234892671246,0.896137194479012,-0.38502757745098,-0.184504034088225,0.201354581530662,0.285556340178794,0.507864131851284,0.756083939494232,0.94017358271243,0.114433672306631,1.39716049387601,1.1686558727982,0.775076037771916,0.677426679103957,0.453381975610247,0.22959172156081,0.0560746111964648,0.210248938508044,0.166281412514618,0.143818888358495,0.125690628992992,0.105083198373626,0.0723214435627135,0.0373383345028084,0.0108898489034362,40191.3246084094
"17",-0.244129713650394,-0.26598125109243,-0.170897161730856,-0.0358846082573745,0.0255916252771557,0.0965648338006604,0.0555000711006133,0.0144575095198971,0.996496076442556,-0.319000947277487,-0.13025916720107,0.124829223411601,0.283744413182547,0.528173047249572,0.764930818633954,0.940659700002067,0.0196654155632237,1.34245959818584,1.13493540891036,0.855868470459472,0.683745587042912,0.441513550150649,0.221791214200725,0.0552026259890312,0.209939722082056,0.166380145704256,0.142732990120311,0.127303580746225,0.100944960798606,0.0751065768392785,0.0371578470775323,0.0112382992003758,40199.5360149389
"18",-0.180760599696933,-0.210237509716041,-0.173347038577571,-0.0412606933503884,0.0289240168497653,0.100941388997498,0.0629830086393511,0.0136545871036144,0.116940849335396,-0.405210497719288,-0.114833807821488,0.193826169784239,0.2908927110196,0.521394712651185,0.760389628730624,0.942266181819024,0.882904276723894,1.41230842717052,1.12104342266592,0.787748378043907,0.67637234810978,0.446307015155207,0.224206584884943,0.0537465012421818,0.206577770218628,0.163835524457299,0.147178895091392,0.125738148036127,0.103764794219409,0.0737038930889975,0.03682544153758,0.0109405187013789,40202.8641241323
"19",-0.197096832010782,-0.22807342794296,-0.128145365775693,-0.048835290929312,0.0353320148229665,0.0755533690562861,0.069155713396736,0.0118267352666413,0.490068224144867,-0.360595630894584,-0.063988797951441,0.10945585931174,0.259165318369082,0.542653178302613,0.756933027833456,0.941239237410061,0.514185213135769,1.37274322860937,1.056465954285,0.874919270244913,0.705834869895016,0.431749933515696,0.226149415832759,0.0553707859622546,0.214194431952644,0.162409756443871,0.143703158810472,0.123076724461997,0.103636437198591,0.0746637291443142,0.036648605371036,0.0108241818924698,40202.9337978009
"20",-0.214810599891734,-0.198898000610931,-0.164789340310216,-0.0389272283746441,0.0493752377706809,0.0909925567976839,0.0664925492062987,0.0113395383466122,0.270336523000578,-0.463022110930618,0.0081042599624598,0.133368298860933,0.274375539098125,0.54162680416466,0.754752569828735,0.943235077169325,0.737928229062151,1.46782064533291,0.99378373893803,0.848244510349478,0.686090109212355,0.427813809109597,0.229121059560228,0.0534664868220855,0.20633321401211,0.161769304338535,0.144674882756515,0.129851156429293,0.105086659147121,0.0721981484892357,0.0374939763559996,0.0111458641415776,40198.2787073221
"21",-0.244918156921449,-0.250749263077591,-0.158610401675235,-0.0114667385455979,0.0475460679964785,0.0933736629766325,0.0659715895948924,0.0111588226630372,0.690936165051857,-0.392639715873516,-0.102487116479986,0.0649644695029783,0.274281076604209,0.522882902908695,0.761906637542636,0.942042215394119,0.324798273025821,1.41186102861516,1.1041675865818,0.908728629450561,0.687423213861614,0.44686044090587,0.221334711306715,0.054716347565696,0.214446959213605,0.161278042517077,0.146012621257678,0.128514127924023,0.101716292407351,0.0723793550224143,0.0380728594411472,0.0109813960505129,40200.0774165534
"22",-0.223998819375831,-0.245960680422919,-0.112372357790396,-0.0328607362343607,0.053101338403329,0.098598568049044,0.0630587143540251,0.0133169664546943,0.14473971727699,-0.287451579669932,-0.153363867138345,0.153546770841976,0.264898754643619,0.528656426915775,0.753787408448079,0.941377315477867,0.866560985708175,1.30560304620579,1.1417943310358,0.825736527947893,0.694390676227376,0.438685090791324,0.231332387114624,0.0546931176605731,0.210327084831611,0.163080826002881,0.143118919509644,0.124803022337387,0.100264933844727,0.0720012222664449,0.0371525506368474,0.0111375935228631,40202.9588551516
"23",-0.225744731161222,-0.229180465272274,-0.146494591449835,-0.0249734480449801,0.0241789276838511,0.104934926092425,0.0708504446975779,0.0125168166589159,0.090254215577238,-0.423648047290812,-0.0741131200803801,0.102014678153176,0.276723661961152,0.52176960398292,0.758196518793332,0.941820852313959,0.920677483036507,1.4362755210489,1.07220307931093,0.875241914227688,0.691307411216864,0.444682642546275,0.224586344662034,0.0543523406712304,0.219518128745665,0.159856550124618,0.144105476657568,0.127271528951822,0.105739529514797,0.0732810736449783,0.0368677852832056,0.0108750229273398,40199.0490299295
"24",-0.227856591448618,-0.23791064147445,-0.169634964407927,-0.0311821159302439,0.0385998599673203,0.106167897712251,0.0679821739369267,0.0139595889341062,1.13960902008117,-0.261180699503673,-0.0996972120810923,0.117366894770171,0.296787883985631,0.510510375418233,0.757262196326505,0.939587219707659,-0.126866689505694,1.27667052288281,1.10495144487707,0.861251856350409,0.666652073275116,0.456815427018297,0.226175780730365,0.0564689457485952,0.210011295334472,0.162037502818198,0.143494868422903,0.127320049218816,0.102377678207112,0.0731141463482353,0.0370740535294976,0.0107560060600158,40202.6154435452
"25",-0.185063561902884,-0.233746685442568,-0.130987035265869,-0.0342977767200682,0.0391514337088447,0.0958727804294313,0.0558001689079391,0.0144832814800605,0.237714273335888,-0.431585380795424,-0.17078263953062,0.159851123950852,0.266566616371048,0.512913025091797,0.766705061187773,0.938612388261794,0.763423060560791,1.44518397398864,1.16502241458848,0.819356525083836,0.697468122731801,0.456578598209926,0.220153200425278,0.0573110064819967,0.213409273818337,0.164359281060069,0.141767770818352,0.127243713779161,0.104106113149783,0.0728274438399343,0.037115643973002,0.0110628324013138,40200.739047317
"26",-0.279072191578397,-0.253404128093671,-0.115036390906293,-0.0226900023363801,0.0496066409876125,0.0984849757498352,0.0663435923145673,0.013717764149866,0.488077010890345,-0.279768398135714,-0.111438578505158,0.10874090477991,0.280113083865783,0.535458648828556,0.7508360110792,0.941159254988958,0.536327029015655,1.30081243529129,1.10091939813676,0.86804225193177,0.679802936315431,0.431857748759657,0.233436239787013,0.0547414951216386,0.210902064346785,0.1675080299125,0.145381333924238,0.124029761658339,0.106095416787752,0.0731148116513659,0.0360491737068085,0.0109591981420717,40195.3084774818
"27",-0.195838327109947,-0.222260659722466,-0.135797321573516,-0.027038916134508,0.0627445744451759,0.104860682708684,0.0644341668229254,0.0144157097598499,0.0767445926647414,-0.409363577098833,-0.105001617753189,0.108797776620996,0.246944418651776,0.519504042007613,0.756848542005717,0.941032599901436,0.925921579051985,1.42006800322633,1.10059561094677,0.869304688629769,0.710387740517169,0.447091109711376,0.227726791967405,0.0547697735026459,0.211910543783156,0.160435943263426,0.145774637255921,0.124716751372612,0.104019811354589,0.0730495989604698,0.0370295269426179,0.0109245862975458,40208.7898488638
"28",-0.24718143715795,-0.242557064219025,-0.165461637284586,-0.0191659262273756,0.00777914891171076,0.101209422192398,0.0637772971744173,0.0147980629639704,0.99154798328044,-0.297811166643845,-0.104827801232141,0.0785091401978599,0.292051940974024,0.526109776935546,0.760442069627165,0.9399444208417,0.0255992893611272,1.31514440486685,1.10840433307722,0.899584398610082,0.680447286644762,0.442163929383602,0.224076381262451,0.0557639911434759,0.210249042047675,0.163504111511465,0.145923953923819,0.126662888237745,0.102206397335682,0.0718947877794223,0.0366244854588217,0.0107945580926337,40198.2905907313
"29",-0.210135036573266,-0.216067140854898,-0.13172281214141,-0.0248379631076104,0.0263915402025262,0.0970313483197421,0.0709460971972543,0.0134680376641893,1.0238749419688,-0.385824335915127,-0.101272454688418,0.132415924272272,0.254906676471103,0.528542815286434,0.756494514974502,0.942532929222248,-0.0162543092279786,1.39560354632107,1.0935522464713,0.842974192929287,0.713043907225811,0.438628314997312,0.226087744877071,0.0534935192386513,0.203371646190356,0.164013115207466,0.146172342700461,0.125248631511564,0.107842776038028,0.0727531557132046,0.0368899769018694,0.0109658335515775,40192.0758208171
"30",-0.227711792399644,-0.233056849711875,-0.142285575639572,-0.0393694475480472,0.0253525667868589,0.101504774675398,0.0644738020120187,0.0142164705622904,0.234010147270423,-0.431569121353446,-0.0490970804572215,0.156823167403795,0.269161741724237,0.526607091003773,0.758719636479671,0.941506143413083,0.778650452426092,1.44606834966269,1.04561500753769,0.82317484150677,0.697378165025331,0.439680525982431,0.225716786814917,0.0542007688007051,0.211835681326547,0.161947269295381,0.146186049595888,0.125203486228793,0.103955637173795,0.0743461310577222,0.0361066417638982,0.0111909586648096,40200.5358341988
"31",-0.218991328015015,-0.22774156331182,-0.163347426408681,-0.0498323942453656,0.0274230865945532,0.0780498331630334,0.0573689052433432,0.0124126010388978,0.314867117971062,-0.352143840200096,-0.105926514243889,0.146329902421798,0.274263145825485,0.534655186791135,0.762736984814827,0.941003853537835,0.694097152282507,1.36400293694634,1.10770805701017,0.838360481946943,0.693031384007282,0.439064330792577,0.223589077130647,0.0554055678708971,0.210517092696205,0.164438893325148,0.147129206099033,0.128265875115996,0.102759911889206,0.0740631318858884,0.0370666675590064,0.0108043995981786,40207.8056599711
"32",-0.208600165325487,-0.251607430754294,-0.182238393424837,-0.0382113271972459,0.0280435143696791,0.101896373924479,0.0560347457934783,0.0145970897202348,0.60326784181496,-0.31810135227724,-0.0779407047401011,0.126693019993787,0.266284188055309,0.523556718911558,0.764115228023904,0.940459161631,0.404220390477627,1.33700824698649,1.08521488188952,0.854216223519739,0.701838108718579,0.443326509849841,0.222900226622065,0.0554513936540659,0.208638164929608,0.163864397517747,0.14440780007767,0.124621706024304,0.102933962788207,0.073645602899698,0.0373602022913002,0.0110131934236609,40203.0103516666
"33",-0.196370901146417,-0.256106245733408,-0.180974961531009,-0.0409989988994744,0.0290822883620775,0.100310083866332,0.0623990764730144,0.0129842917582436,1.34095119228068,-0.261595162538033,-0.00671739530404933,0.11110038582328,0.268054150670208,0.519837331764388,0.763236606946765,0.942720611616241,-0.338790572098041,1.28050841661801,1.01409138299635,0.871701239841674,0.698126803266559,0.448022086810568,0.221178687129317,0.0534739949730464,0.212194597318558,0.16637166574764,0.14421832350315,0.12462968122056,0.106583121785156,0.0732984282306959,0.0367047907149484,0.0107271297214441,40198.9029541359
"34",-0.221594737434623,-0.254634449520058,-0.172511686997704,-0.0204999469305579,0.0610681258097169,0.0730453782318093,0.0606293220855517,0.0134116809052231,1.45269507491236,-0.408070686822935,-0.0928928371345463,0.106247012798351,0.252840680325911,0.544448711142963,0.759729043378343,0.941247066022194,-0.441119396063325,1.4281065842059,1.09748124065615,0.870414544079304,0.704818914007404,0.430424254868852,0.225870222663086,0.0548075881962194,0.212530526179319,0.162489917473387,0.146723066964413,0.127449039431014,0.1063827029396,0.0736273521844633,0.0372894262128837,0.0110088412777409,40204.5819413611
"35",-0.283029929597798,-0.197839092955402,-0.151708789431242,-0.0601919114439992,0.032237487389732,0.0878970470205421,0.0601987861543931,0.0142175493297537,0.38088357952467,-0.457205289144128,-0.0696671320647043,0.168708393756032,0.260489706164955,0.524440941687076,0.75532136815801,0.941849241238472,0.646978131453027,1.46058503121253,1.06882651108439,0.818369132182974,0.704767281454938,0.44771417200913,0.230558359265335,0.0538396263210054,0.207750572878156,0.162151613584728,0.145537820560059,0.127548263066244,0.100617596705775,0.0754866860677633,0.0363157961718619,0.0109010489245352,40196.3689960696
"36",-0.16263310299394,-0.258545362837396,-0.153872872212055,-0.0391933634075199,0.0568404790156231,0.0868495919188482,0.0572008265755361,0.0113109585794119,0.243756719140113,-0.400890743270636,-0.0788585758523985,0.120651004490695,0.234314552173503,0.523374712760444,0.769572695126482,0.94261709812281,0.749282339833245,1.42128446568459,1.07803884396502,0.860637944561617,0.725946949116031,0.448089254311331,0.216104479044076,0.0541372769313901,0.209856802732701,0.163810305728025,0.145880928651538,0.126702160216248,0.107357751640034,0.0738285176057297,0.0377186347024462,0.0109804159943338,40197.2288614918
"37",-0.190785012757316,-0.194946389273343,-0.161094388179027,-0.0196615605592491,0.0398644614584443,0.105325077280434,0.0645093251853358,0.0138653909956707,0.17395010380118,-0.312301400733897,-0.0261986995369386,0.104588895168547,0.273368610470747,0.514403867857031,0.760343026225535,0.941662615007176,0.827664364862508,1.31455370521773,1.02694945617478,0.871129113388716,0.689313407970864,0.45204294849453,0.2239126531181,0.054171562907866,0.207412949935572,0.163994763633716,0.147332621762273,0.122736764566393,0.103412239846249,0.0739323610402665,0.0378060373290891,0.0111072574058501,40203.8157463316
"38",-0.241199659000423,-0.204082787789079,-0.165272676479747,-0.04768666265499,0.0368947042131382,0.101189201393285,0.0611580681633919,0.0132662627728887,1.19847228020474,-0.312593651797725,-0.0625988905111093,0.132870928902544,0.281263325683959,0.525961066919554,0.761604834532155,0.940629050482015,-0.181066391502755,1.31796630868316,1.0636424790349,0.851044240573687,0.683108614271735,0.441029744627217,0.223226310959221,0.0555305148970492,0.209167649452912,0.163710565366263,0.145488752277009,0.125397856897677,0.106194211206792,0.0741077083491578,0.037312575765961,0.0109472562265489,40205.2134488028
"39",-0.252200007672772,-0.228108184395142,-0.204139398811166,-0.00073220970150541,0.0464575392292592,0.0981419473137933,0.0721598798310053,0.0140466227015238,0.0911063662196139,-0.303098377100444,-0.0236910802105547,0.0773998753096624,0.286032003053626,0.523204701480114,0.751968087360992,0.940826585147246,0.927756068166436,1.31711676309684,1.03831923906397,0.893494917180343,0.675391178540849,0.444807956215744,0.230410657723449,0.0550788813850918,0.212557071850291,0.166150962753432,0.150044380178922,0.125356548918228,0.104431729362233,0.0731686973045953,0.0369403210568375,0.0107035657462115,40196.024494655
"40",-0.237443419174096,-0.212519948103855,-0.154493242559757,-0.0199375547443544,0.0343625677847537,0.0956592778208575,0.0630164644234048,0.0150341313847523,1.13709168198505,-0.309460868975751,-0.10880444389668,0.120391715445839,0.269851099145394,0.536606405822825,0.758088560717053,0.941995424820352,-0.121949307344914,1.3182517948364,1.10855293615692,0.85555606041064,0.696129834323123,0.43097312224797,0.227045492740744,0.0534526987020788,0.211882944088117,0.162148950807444,0.145110876152598,0.125779150082276,0.104016446338376,0.0732167644284168,0.0378135785704763,0.0109612658270057,40205.5362331861
"41",-0.204112999932922,-0.234564529158823,-0.167369277512875,-0.0169774731424434,0.0539647207410892,0.0815700198505392,0.0580100855719561,0.0134498758319436,0.142942302328067,-0.309167155043881,-0.108820190556598,0.127435256604678,0.249477173357567,0.527935426397541,0.757715821622012,0.940930708772137,0.860978316227468,1.32381791077498,1.11246231211011,0.847097487606143,0.710414765950891,0.445446645491959,0.22886632383015,0.0549942142782379,0.204599849098366,0.16057636430121,0.145271373825855,0.126227611916545,0.101934138510256,0.073051599939765,0.0383674478708433,0.0109232988395932,40200.9473778938
"42",-0.233967200419432,-0.207969207669443,-0.148472164640256,-0.0394957593002813,0.0434006949044272,0.085264856096622,0.0608971837342578,0.0137100194433336,0.634310474252618,-0.526482416276587,-0.0843454640161725,0.0964247276017933,0.291716745774694,0.526014909903864,0.757455102845409,0.940863824149249,0.380213649132404,1.53311073375281,1.08425708916386,0.885238842570022,0.670655025768241,0.44665051104688,0.227903627977098,0.0551746549645584,0.208928743647692,0.16288087465279,0.148620599004432,0.122447526879262,0.104785269440979,0.0746991631306553,0.0370242599616589,0.0108007325329782,40199.6275885142
"43",-0.28257603673914,-0.180657420103913,-0.163953543193388,-0.0298498952804211,0.0641363367182428,0.0827364956383153,0.0551273485436388,0.0149075961671617,0.270731464866467,-0.301961242229629,-0.0344388316943066,0.121799172643739,0.233210581731627,0.52680775804442,0.769491339831584,0.940069992652114,0.75625586866645,1.30125669421052,1.03735125404551,0.856739052157375,0.722788591932209,0.446626742702929,0.217157191235454,0.0556940147844554,0.210066460677398,0.163322013265168,0.148545926418887,0.123876413804047,0.105516860671744,0.0738552118018339,0.0375784846674947,0.010955011901958,40194.5680717212
"44",-0.188705861020489,-0.231580487435794,-0.124328501535084,-0.0679392965678996,0.0363001856902509,0.0936928207023767,0.0692218947626357,0.0105077883940081,1.25550840698531,-0.319951635389017,-0.0775379382501343,0.165943893878124,0.282032080634217,0.529553740112168,0.753456301125147,0.942407276377235,-0.255854076969447,1.33221320183305,1.06915912926785,0.822159097062156,0.683007925289041,0.440051308883665,0.229936721434981,0.0543985548714609,0.210507620303304,0.163235498511757,0.144554167538845,0.125829666245614,0.10521116254842,0.0720447722680582,0.0379040143731677,0.0111737735436192,40198.840695085
"45",-0.26069294821066,-0.225208024999876,-0.11332201682164,-0.0261643633317298,0.0388461523045674,0.0745390947176621,0.0586339502293698,0.0139233667884919,0.207407690652255,-0.260269618171532,-0.145077747840706,0.10935570320683,0.244676465628422,0.553342843075018,0.756875138794481,0.940472875938843,0.813742373453578,1.27211774675519,1.13256420684017,0.868411823077742,0.719526971967046,0.420330381315593,0.229484783059677,0.0555059022368566,0.214240558738177,0.162468901049414,0.144573154454575,0.12685278160988,0.103947055956328,0.0741150577925806,0.0370447889598596,0.0109474539728069,40202.3235246521
"46",-0.216467611261499,-0.261635602555618,-0.150455386626225,-0.0561294670412706,0.036056533589182,0.0819901918502099,0.0586000898181554,0.0129262797934316,1.27965083103992,-0.353456764694249,-0.0401522080334652,0.178019264608722,0.278123131156992,0.528865542942975,0.762152738517038,0.943810244372995,-0.272023192195474,1.37499886270082,1.03804173730339,0.807864365865498,0.686050966744799,0.444964549906336,0.223638753313014,0.0521628738284353,0.217008622692988,0.163598203810839,0.144695313141476,0.128968578767603,0.10314751348491,0.0709797141850643,0.0373650224757959,0.0110610523708373,40196.7136544021
"47",-0.202135878337634,-0.251687600621384,-0.12928855767168,-0.034146671622286,0.0334928366496683,0.102279310391485,0.057721273466158,0.0139029570997825,0.16178935032248,-0.348610281758233,-0.183652635474761,0.125632532028745,0.27582727928938,0.503090278948951,0.762838226315281,0.941404805714486,0.84257279323558,1.36675823347135,1.17700506679731,0.853693795818378,0.688332970748354,0.464948470431279,0.223425070685758,0.0545264045578341,0.216794407009938,0.160484518837526,0.145809348586925,0.126586740277106,0.10448408673793,0.0745444784543397,0.0377625956282903,0.0111408987643498,40202.2941831389
"48",-0.213683182177662,-0.210953580263044,-0.143254443288622,-0.0421451164102733,0.0508685833825707,0.100237818531457,0.0654264549037055,0.0140487262833317,1.12530997810546,-0.414987666583854,-0.0735914866959417,0.124663007287114,0.235305239178532,0.522945671548479,0.759657933119638,0.939086996855929,-0.118727748740507,1.42212141640667,1.07008276099093,0.856915739298089,0.725361257774995,0.44522027850986,0.223872296412962,0.0569246126888918,0.212561577477771,0.16383826564484,0.148486084787942,0.121925796653717,0.105973462971149,0.0722753665356638,0.0384570553829762,0.0110658722197498,40197.5325565008
"49",-0.248537422681836,-0.208330252428887,-0.122307857947266,-0.0497830757505171,0.0452631597220652,0.0886216863469974,0.0573134298229572,0.0119564895923123,0.919046254713703,-0.362408995422769,-0.132292983118755,0.153775137396413,0.25258001091729,0.541272166160688,0.764763589310071,0.940075163240354,0.0991749619161322,1.36924775522524,1.12499020621489,0.829562811965949,0.710335209487503,0.429727719400068,0.221441534368751,0.0565006011639559,0.206235979715934,0.165080333488273,0.1497044517371,0.124954142018318,0.102403307974662,0.0727538258194964,0.0381288648674136,0.010943518468139,40197.5547703677
"50",-0.244051631046849,-0.234871593452172,-0.158629810884239,0.00582386069324991,0.00896250027580642,0.103277573869134,0.0529013649013676,0.013463875315375,1.33123069356631,-0.254725824037369,-0.154981467157126,0.103301418473595,0.336157760758929,0.519381676134841,0.766654799314552,0.941493550084105,-0.31374131108867,1.26797579076127,1.15527851307174,0.865429859845486,0.635524928642268,0.447411775862221,0.220883176880488,0.0545494783652873,0.213211353644574,0.16352667970242,0.146286594313229,0.129514703444519,0.104440950824468,0.0727072889431252,0.0377718330112757,0.0108926457979277,40195.2239675156
"51",-0.231561213625053,-0.21719086142912,-0.134318052671889,-0.0446525859307408,0.043448212278035,0.110247172039636,0.0676765631758412,0.0137630359353709,0.226373681035187,-0.324210893711121,-0.071211115465406,0.153641885833617,0.240120185323063,0.511532967825586,0.755892297074301,0.941585783271996,0.78652018292001,1.33293684028632,1.06370107366695,0.829599796949535,0.721416326439495,0.454477326586163,0.227775049148175,0.0544668107699764,0.209022224164319,0.163837264562701,0.142277844830791,0.126923593629955,0.10682770475406,0.0732004797050514,0.0378560497146379,0.0106844718863076,40195.9576815313
"52",-0.228525683991691,-0.246557416367245,-0.174401346768279,-0.0507697944307627,0.028451301950701,0.10516321371049,0.0621884315698128,0.0130642524084762,0.255454529957313,-0.349511692771465,-0.117573085429697,0.158700970556303,0.281228873692794,0.519003791652051,0.75498256030364,0.94171061733527,0.756295171189771,1.36804180121008,1.12317542482056,0.826198340936592,0.685654762137921,0.447916897368519,0.230469727828483,0.0544613650637512,0.208607591566022,0.162173244107919,0.145415308150256,0.126560876128994,0.100025126477871,0.0727529205330105,0.0372208661813684,0.011131141923552,40204.9900363919
"53",-0.206992391644089,-0.233973910821558,-0.13951869637591,-0.0265108795800314,0.0238495374791089,0.0818681486177344,0.0538993416971183,0.0112538191068874,0.19176901243338,-0.348123942030065,-0.0418171197672133,0.0983992855606267,0.286175419671578,0.533455372034494,0.770242656720249,0.939705274197485,0.814155330955318,1.36272379831753,1.03745618488678,0.878832208570788,0.682912565576604,0.439353787531851,0.217224043598919,0.0571236260088815,0.207712503739132,0.162030022025802,0.148891236939685,0.126911554256969,0.103939723027397,0.0722284174205244,0.0381286454237388,0.0110172244012254,40192.9028200441
"54",-0.254614171101337,-0.227556486043562,-0.15258504887548,-0.0271035191549324,0.0338935302368676,0.0896850572913446,0.0668880171387524,0.01431253958427,0.0755460331116309,-0.239392089202959,-0.0724156888663517,0.160285803599231,0.258684309224084,0.521316116832397,0.75103446826433,0.940623658667755,0.94342581459301,1.25052366290243,1.07118875011297,0.81711638353168,0.706440706696956,0.450394928040793,0.233040835015934,0.0552490110652048,0.211208701014793,0.164424833854056,0.147480870966759,0.123674987178231,0.103151586162556,0.0723049249464469,0.0367823383151077,0.0110064582475778,40202.2574372943
"55",-0.222862562723174,-0.235677754756099,-0.180583262762356,-0.0291204654342292,0.0443409194602134,0.0945791418650097,0.0533958242104852,0.014379867204715,0.666816408358058,-0.376153522407726,-0.130366635949815,0.161517836910749,0.263894479030792,0.534524382339873,0.772588133818267,0.940471282560294,0.343368192583469,1.39082371217952,1.13848584916231,0.816556183313215,0.698894081900676,0.434998096089797,0.214149847339162,0.0554091633331417,0.210257576571561,0.161530195355154,0.146028407752331,0.126161354980748,0.102334172277157,0.0724524653469553,0.0378397935755933,0.0109432593185205,40202.0247954996
"56",-0.241705157213724,-0.216506871190749,-0.124990950351742,-0.0390939489581195,0.0309042658387315,0.0990787891501691,0.0596110539508181,0.0127624562971203,0.202719496358751,-0.284052239126796,-0.00579816082534903,0.082268667370538,0.286390335868977,0.528218870541431,0.755441023503566,0.940529385025808,0.813017661838236,1.29435474610802,0.996424639817058,0.898614108149853,0.678379066103495,0.439257654296413,0.230660089032397,0.0557306825639609,0.21327256691854,0.165307414741642,0.142245004567776,0.126205129486999,0.104316834791292,0.0717311674787352,0.0376377814704869,0.0110833147650463,40197.4796992353
"57",-0.225436019023756,-0.228139165842689,-0.179079426031391,-0.0524191850459407,0.0229319290957262,0.0876597368216739,0.0556377899218385,0.016350129471174,0.202897921201117,-0.368095584321249,-0.0634314348762196,0.128744779225381,0.280156655109745,0.529739708805594,0.767856808367961,0.941758577439032,0.809045985360435,1.38106721530803,1.06939331825114,0.855722884321631,0.689511111016935,0.441913650543203,0.218961124360328,0.0533371503956716,0.21375551577125,0.165594210947464,0.147845961028415,0.12513770397448,0.102985357173524,0.0734673123500802,0.0378132438133481,0.0109784134857937,40198.843079137
"58",-0.249672233493471,-0.207355843726627,-0.155302073022565,-0.0403264027365135,0.0274251868025995,0.0992619717019849,0.064596026729964,0.0135818583157101,0.0904489396490036,-0.375838361582476,-0.140040505104744,0.10066963409075,0.294499716570551,0.516076500968159,0.761132359653224,0.940356849900822,0.930059995560738,1.38217732154623,1.14132075460686,0.881883945930345,0.672142880980333,0.451583335526703,0.223455848384327,0.0556117003479346,0.209470205486733,0.1646687532556,0.144700038166611,0.126085568295896,0.101488472579147,0.0744842213482841,0.0379965513317402,0.0110161011273636,40201.8031149365
"59",-0.250500337596431,-0.252226367175294,-0.184241548351009,-0.0521169845853943,0.0592764212510418,0.104790148543841,0.0638993534499081,0.0129216795716941,0.463830381384849,-0.378842889652036,-0.0965786222734381,0.156041913503052,0.267654004312317,0.527081245750142,0.755160236506642,0.944668989038256,0.553132158187639,1.3961533102826,1.10505542272263,0.829502568311751,0.689186221695262,0.439231131431005,0.229758218551891,0.0513643294129014,0.217250490006098,0.165185799030212,0.141476506217174,0.126308543235246,0.102237461163485,0.0738798052744925,0.037862133176779,0.0110487218410699,40193.4728495315
"60",-0.181829269289358,-0.222042418638882,-0.130679638485816,-0.0234744770351439,0.0573293686580862,0.0644542539677776,0.0596296664269137,0.0122211988675975,1.4519241484713,-0.407074146814354,-0.17381388902094,0.131242498759035,0.245401803229877,0.541503763865852,0.760251377380503,0.940965318672465,-0.453288567305489,1.41730184658382,1.16735873991826,0.844173583096247,0.713691279291579,0.435899491341872,0.225207809109312,0.0555326265107694,0.213181430353442,0.163527492004427,0.144763444832493,0.125283416059498,0.103049685955458,0.0732399794548372,0.0365604572069402,0.0111918740200899,40197.986929614
"61",-0.228206997138571,-0.264544491900782,-0.136710649214611,-0.0167224971722751,0.0226795920885088,0.0943361511578791,0.0610503360822072,0.0153585588253097,0.620171015511004,-0.302319803176087,-0.144104972472538,0.156434763143119,0.285921014033466,0.528844972124584,0.752632963159865,0.940424544117732,0.391181604903651,1.32437231437216,1.13927822693108,0.816984019645304,0.682889356699964,0.439586823987186,0.23355330508843,0.0551015823496931,0.214509992092252,0.163890348376835,0.145073829831684,0.125857539478224,0.103613049331048,0.0715610210324635,0.0372155087088603,0.0109768193857239,40199.5944597093
"62",-0.215606621135497,-0.272609905232424,-0.140765205438812,-0.0422548091490177,0.0491414681829881,0.116576273630346,0.0624656175430209,0.0149750601710376,0.308132654156371,-0.302087050222299,-0.0812037509563947,0.150041429926638,0.27657237181029,0.482622269207969,0.760661699124587,0.941698427385814,0.701801249603212,1.32674351071267,1.07728131146586,0.831869765865044,0.684068301848485,0.482622077495095,0.224558348070034,0.053845785168372,0.212777839656186,0.160827714798219,0.145201057076451,0.126280279554028,0.104417867164551,0.0752214415385531,0.0364475211993173,0.0109195113681853,40197.4731770437
"63",-0.27953445727543,-0.224165480734098,-0.141436810177345,-0.0271275922897076,0.0532221871684534,0.0961429432004389,0.056246597854708,0.0129569504836552,0.197544925692718,-0.38084994620454,-0.0883731119857607,0.145441711977222,0.234278419324981,0.524058698639899,0.765794550015914,0.943020453312884,0.828607095207127,1.39141597829408,1.08533414332857,0.833053631267253,0.725765849857355,0.44450584081987,0.220564131135819,0.0531073776132267,0.216266413124997,0.162131231800778,0.140446768624899,0.125007402590367,0.104735932343688,0.0731896392853838,0.0367691926043017,0.010998209264193,40201.3221788769
"64",-0.235804626813561,-0.25998370821606,-0.135211230873636,-0.00461335896536954,0.0508005516968169,0.0982344594443956,0.0712300525324633,0.013553390792032,1.10968099080533,-0.448988227142052,-0.123852312067716,0.132168073853272,0.241055100174402,0.524151141696294,0.751991402445174,0.942440481933335,-0.0957212016408776,1.47138504202219,1.1179007672486,0.838372819960181,0.71947689526274,0.443565006850793,0.230915342067323,0.0534306710512572,0.214696222924574,0.163802312554748,0.148192949493124,0.126309236837078,0.104835426364928,0.0724314852880676,0.0382816922093658,0.011045066245141,40197.3948078009
"65",-0.218507381479023,-0.238234746547186,-0.139961214238637,-0.0506891316486862,0.0331767618013269,0.0972898413764444,0.0592086652499239,0.0124858663549268,0.920429192379611,-0.400344319912959,-0.0901207466933389,0.103705339299484,0.267310725510951,0.519528509656605,0.760592071330469,0.942484192834126,0.0894009393624257,1.41457823054736,1.08446440730304,0.880827770457223,0.698101630019966,0.44919438190548,0.224718173818891,0.0537652047274482,0.215495872160672,0.163824277426989,0.145203965571998,0.125343066087354,0.107187772385139,0.0755472225586407,0.0366854864819458,0.0112196509788259,40199.0686090946
"66",-0.260742045706764,-0.227964460984185,-0.142388685466374,-0.0103653084729387,0.0644402900275393,0.0918375984945534,0.0612738796283738,0.0128188186946273,1.23814874259812,-0.357190643117551,-0.194384302216778,0.0847858761972783,0.266842870075856,0.537662340385132,0.754207430997864,0.939955170487397,-0.217093691280334,1.36837346883958,1.19145009944624,0.889391937286528,0.690517549067663,0.432001796728987,0.231677876563287,0.0564084740969644,0.21250790790164,0.164982423968457,0.14372097646759,0.126244180257979,0.106269053698326,0.0731972799793543,0.0377326945683333,0.0109952612165724,40198.9519624308
"67",-0.239855776742402,-0.198966037360397,-0.118811468138362,-0.013384896864246,0.0481428635339379,0.0970414143822554,0.062447445247664,0.012431451182322,0.464016922659912,-0.385591227009778,-0.0887908536065856,0.0431910154626529,0.293272523986705,0.516113431732993,0.759151160033149,0.943973263561947,0.551454318863557,1.38979811661252,1.07870944678693,0.931386433510324,0.667369073531757,0.452942770647235,0.226190975017001,0.0523187321629462,0.212260420920851,0.15910472254188,0.144493915464042,0.125367356110897,0.101253228334741,0.0729817160082454,0.0368715565395695,0.0109523615773974,40197.3404020797
"68",-0.217011742551031,-0.201604284276312,-0.163569467424842,-0.0622825273931618,0.0386336330573638,0.0891638316852163,0.0610925216812972,0.0121117824411391,0.940134049243171,-0.274961579278339,-0.0710720953286894,0.166865335944207,0.271557639459621,0.531365006604198,0.758380433187243,0.943461772694864,0.0684880538979711,1.28026998216258,1.07307100910145,0.820258288487306,0.691090888155436,0.440248789707314,0.227095109970081,0.0528746461562067,0.211763029001019,0.163726030219234,0.146253920128388,0.125118689163515,0.102263189335289,0.0743350031248601,0.0369867216685529,0.0110248419026811,40204.3265761939
"69",-0.238703214691291,-0.236072235838097,-0.140192384348957,-0.0635356234167929,0.0430052730219828,0.0982231854395863,0.0611517888445706,0.012646025193708,1.13196459037433,-0.330238386349279,-0.118632530313194,0.187303986239112,0.266952889941748,0.522244159769279,0.755582572827058,0.940618264092916,-0.117747620243557,1.34316564857163,1.11391880948255,0.800639696350655,0.696185796837165,0.445798120424606,0.22992246949211,0.0557223601752927,0.210648209832434,0.160248808740941,0.147431596522926,0.126301568644507,0.102873582460567,0.0746623899635414,0.0376993013656262,0.0109934363259207,40203.9961684917
"70",-0.252687586771909,-0.26531737473308,-0.145779440175821,-0.0338668986152571,0.0293087445190601,0.0855674119289497,0.0654588166298571,0.0143374207726959,1.00737330380489,-0.23997126454506,-0.0925617286760287,0.160258580732887,0.296681294157739,0.529683213264685,0.758417170499471,0.941869259915691,0.0119641574901358,1.26421777625213,1.0901490539864,0.819641805058556,0.668578914623399,0.442055389187584,0.225216048265014,0.0538294564119464,0.207960437702707,0.164835486147179,0.148273031152585,0.126040074562216,0.104327896644328,0.0721351329911938,0.0375613696162764,0.0112775901296744,40199.8605423511
"71",-0.246034036434567,-0.249685768231608,-0.177456320022825,-0.0259705205796795,0.0432566957118472,0.0897804306979932,0.057745964756953,0.0146731576291065,0.136564944916369,-0.332608012694935,-0.042284606586233,0.0831303706019896,0.278615198873494,0.527897537610509,0.762148956704605,0.94051322935284,0.882134402187057,1.35241235925259,1.04902560137115,0.894625085359001,0.684834614817938,0.443260131300026,0.224523716623192,0.0551594862699096,0.21076500582316,0.16325068496217,0.144521909178789,0.123270663928558,0.103750364702533,0.0751731692858365,0.0358191068610867,0.0109706435849239,40198.8483759872
"72",-0.202203030241081,-0.228470349253768,-0.124056472906142,-0.0232927097400236,0.0641922172153796,0.0864965925956624,0.066734952980488,0.0141149138023831,0.173434544440316,-0.246923024407066,-0.205783767026561,0.0830573327584296,0.24117374152294,0.542013934306102,0.750443900938503,0.940350677676053,0.831199418414742,1.25898509072583,1.19845249519014,0.894162765704629,0.714879271836196,0.429483047672252,0.233675591110556,0.0554779871597078,0.207516527520962,0.163625815294044,0.143958866782967,0.128868703464177,0.103747244930637,0.0718794455895441,0.0369027628220231,0.0110513057697595,40196.1327835528
"73",-0.184589402343491,-0.211463773406097,-0.128693253200468,-0.0825977306952566,0.0452684568547643,0.0947506159058113,0.0662906380309056,0.0139332364740783,1.18035454887731,-0.389907122071057,-0.127387940227975,0.18450459617076,0.266997778506092,0.53187433951046,0.758019478371042,0.939976561783374,-0.18074941147692,1.39653184168078,1.1214122784013,0.808086230320344,0.694036906478911,0.436939047582334,0.226136507131662,0.055956928492596,0.209564012377203,0.164161221258562,0.143888652469264,0.126041607358294,0.104939459290074,0.0718594347189372,0.0380503940622449,0.0108338511817288,40199.4396829945
"74",-0.223448719331401,-0.222887221589225,-0.183089964226725,-0.0260958894680314,0.06199244603306,0.0996526810353978,0.0579859853298949,0.012703875287595,0.887038748990368,-0.352728197437004,-0.0825341884894764,0.119542474049318,0.276950943821742,0.52101064804349,0.764406395298623,0.9422409827268,0.123410756686655,1.36349351810962,1.08985355304563,0.859165685973051,0.681044559598414,0.447591498260828,0.221808778505166,0.0540501394159444,0.208592412678783,0.165910418644955,0.141863184428355,0.12354964327907,0.102961170444518,0.0732089287839952,0.0381920401370541,0.0110007556841979,40201.6628384624
"75",-0.240503388426947,-0.248156449525735,-0.137469845580584,-0.0748810861261747,0.0322850095183098,0.0750271694576089,0.0702630447731468,0.0137616950578657,0.126335110129433,-0.339736354895574,-0.0823921552662852,0.157819188453071,0.259803909924081,0.51415916391676,0.754391095894911,0.941299818343024,0.890901666388293,1.35893979575458,1.07829737631331,0.834150752241448,0.706440243168601,0.462018872211151,0.228736468054007,0.0546569652038926,0.212422788719891,0.161205392826662,0.144998154023068,0.124080561347596,0.102512749904755,0.0742741111089645,0.0378135747000928,0.0112121071956754,40195.9525527516
"76",-0.236456625228981,-0.235980735604705,-0.137958177803017,-0.0279832310227621,0.0334970119281064,0.100879893575426,0.0613304534667827,0.0136771801234741,0.412599638135417,-0.290104589430075,-0.153878147658739,0.120799343175323,0.278963110577906,0.52641833566592,0.764390278162693,0.940314806525226,0.601612200183756,1.3047242378522,1.14958109306761,0.857566240698512,0.684373903447169,0.440850869061867,0.220642734131468,0.0557426931272106,0.210450808596973,0.162390892808819,0.144998081530326,0.128965063455848,0.102850516696983,0.0739748499765802,0.0385860930737815,0.0112143615789126,40200.3749705351
"77",-0.242828088952342,-0.209248119467975,-0.189322142734973,-0.0484754788674791,0.0451714522323023,0.10541936047688,0.0657359991955023,0.011939677722111,0.102716505045375,-0.398475759521897,-0.0547470318332078,0.164472382479054,0.292006320230056,0.520233584951257,0.756486987056316,0.942150953800895,0.9129924731697,1.40600101388454,1.06267265948474,0.81852907334381,0.668714133541914,0.44542229035406,0.22757889559033,0.0543228200179158,0.213062025567665,0.163064134681964,0.148528642825266,0.127674052482803,0.102287884159345,0.0730605375982867,0.0375041261107412,0.0109687115752461,40201.2101930841
"78",-0.243275223173204,-0.192315374015872,-0.157215785709797,-0.0313780831072326,0.0417708193342718,0.0861523701962482,0.0594743698918417,0.0132140162429778,1.21016656197371,-0.263955369142442,-0.0110771761937715,0.137089049974993,0.25400153559105,0.532281689321909,0.766562240923981,0.941206649755343,-0.192581653889618,1.26571182560906,1.01396048542898,0.842860188765479,0.708705920654878,0.439259083862129,0.218846771628183,0.0548923831332854,0.211707073780967,0.165073926548427,0.147081653057062,0.129674836489934,0.103911520180572,0.073164038305656,0.0374365572800223,0.0108898306635456,40197.7082733898
"79",-0.208159749939449,-0.233196824990458,-0.15695608320934,-0.0420199689671162,0.0269273827474906,0.0882606437285191,0.0563932629655809,0.013187154035157,0.389203914665045,-0.316817413939216,0.016929044714489,0.135272496680931,0.295913741793262,0.522192564680095,0.761458639066995,0.942355692398821,0.617574537316951,1.3308397509434,0.983249843547625,0.847148548895994,0.671163554245144,0.449768290721772,0.225091239091155,0.053499161002777,0.215558433026136,0.158960008795556,0.143453842667568,0.1268342223213,0.10317704908466,0.0733698778020668,0.0370119681332261,0.0112129795648594,40198.6314381577
"80",-0.213870340294689,-0.217790282850965,-0.130581312798997,-0.0234715566974497,0.0663058306867541,0.0851973230331571,0.0576180287145573,0.0134970376220506,0.91411780438657,-0.365151479656735,-0.114019157378705,0.136250552166561,0.273265747708184,0.528950566370274,0.759372812618124,0.941264855108168,0.092880533218489,1.37536238143423,1.10580107245171,0.840822799098937,0.682347453794991,0.442937174652431,0.226848007015117,0.0547755466968335,0.211808339647544,0.163483747408419,0.142053333187949,0.123000239657299,0.106877688457953,0.0715634064600091,0.0382511505746506,0.0110671725526081,40199.3961846416
"81",-0.212748442432612,-0.214809338229971,-0.152423560220798,-0.0248957234196564,0.00511002937046997,0.0839689828033879,0.0595678025832148,0.0157898844696427,1.21593912628746,-0.354690737329538,-0.129902788268273,0.145580941177382,0.319104923171342,0.536797071559352,0.759511724300993,0.939878642268703,-0.207310036990412,1.36176425190657,1.1297824235636,0.831807333970165,0.654554307051461,0.434781503077887,0.226430019476661,0.0554990753068579,0.214227628582289,0.162458167672214,0.145404393676297,0.121693752963114,0.106532209841938,0.0721097832296187,0.0380582679272226,0.0111575205248202,40195.81177121
"82",-0.172448178644072,-0.22424278579735,-0.165686563769943,-0.0432068997081649,0.0420320246544144,0.0892055755926738,0.0604432709271296,0.0142811119421093,0.915265226698731,-0.449040050203927,-0.112668483943634,0.124502901397108,0.275041558372666,0.515749968644704,0.758881322855037,0.941312979673156,0.0813266853243552,1.45855535114727,1.11593500186872,0.859012073238381,0.688833622292734,0.455880960216871,0.226733131330477,0.054418274340881,0.210157286141758,0.160669052386529,0.14339878502271,0.121598877477699,0.102909588105221,0.0738440335048225,0.0363888880445084,0.011008538590379,40200.0651187819
"83",-0.200965846070487,-0.205506742130535,-0.157009641779543,-0.0713865832936269,0.0150329812238283,0.102737575953116,0.062333439294512,0.0112114850670605,0.70108084725997,-0.288160102545164,-0.0685029353970091,0.146848795197386,0.284508464699298,0.520074163356844,0.760789346013339,0.941825572364517,0.304748118745011,1.29379438507261,1.06904577005514,0.844416951717924,0.685579162571005,0.447300431842638,0.224454854436272,0.0548654549422804,0.210714433950501,0.16652928536203,0.145661521883739,0.123794544413248,0.102010306699286,0.0737002133148992,0.0369856837078654,0.0109034339864836,40202.4707718925
"84",-0.208796017928705,-0.229720329545456,-0.155753885407302,-0.0352719544391325,0.0503560599393938,0.0922504341969092,0.0590913071233457,0.0131059622170717,0.0557167366990574,-0.375990158381003,-0.0770106495276212,0.156754477680594,0.239180690858632,0.527009522011226,0.759822041765601,0.940900209315235,0.949704507380192,1.38766104323628,1.07833805011665,0.823774654663174,0.721696631104388,0.443066788271368,0.226341321252681,0.0553074896618934,0.213233731867143,0.161835784666432,0.148685441261339,0.127236557289445,0.104805713668784,0.0726690267119585,0.036828608039508,0.0110486551909051,40206.4633261221
"85",-0.195022274966647,-0.245557653862446,-0.157127591891427,-0.0216772768567348,0.0479230111377837,0.0900075629124526,0.0584525633096335,0.0124551566866502,1.11922655194296,-0.24346823223933,-0.0774420859816534,0.143059487270266,0.275016455214518,0.521715397138767,0.762973670623409,0.942346916903794,-0.116349245581707,1.26089932787343,1.07804582814834,0.832317446433072,0.687273640368089,0.448439368737211,0.222793401679262,0.0539394479126555,0.21082596511056,0.162570340189993,0.145254535094159,0.126228807150537,0.105393844027532,0.0736071460602904,0.0363308054611871,0.0107973444634375,40202.8163811465
"86",-0.222515815111701,-0.234484189143068,-0.13716471856903,-0.0693111463349027,0.0505692763085661,0.0973117205608797,0.0580468736574534,0.0117464369018254,0.962486491090244,-0.382901484157854,0.000774361433311272,0.106240806268714,0.259388477895901,0.517273717787251,0.767182936687819,0.94208199872199,0.0488384619977694,1.39847573502447,0.992746324251471,0.883678247781998,0.699839497860944,0.45073002786274,0.219006308685865,0.054424946709991,0.208359736740079,0.165945630396387,0.141888080617801,0.126873187554726,0.103568039193434,0.0718954409079692,0.0378172147660742,0.0110874814397797,40192.2425570312
"87",-0.167167448352142,-0.240069349151106,-0.163315218488967,-0.0396509340504122,0.0313085074187551,0.0800775212856422,0.0692104836116375,0.0141370111820293,0.853013723265508,-0.302902780189318,-0.167230680548696,0.119782522284876,0.295364096042876,0.546901566588325,0.753027290303677,0.940007624701188,0.141153256463534,1.31987751587128,1.16835287444652,0.861961230750162,0.66959706785026,0.425133372411262,0.230125076889834,0.0560218908621764,0.204796846255692,0.17053632093849,0.1492585297768,0.123607903533344,0.105249205057644,0.0745347201449391,0.0372504105856014,0.0108503010730833,40189.0090962337
"88",-0.243504328434235,-0.248009850663177,-0.172864635095277,-0.0318150086983409,0.0410072175500953,0.079096866302189,0.0581156866615958,0.0132688556317602,1.23204281453412,-0.402811217018615,-0.0846298772491108,0.140476894214892,0.262932904404854,0.535089275435113,0.760585002421215,0.941353482437088,-0.216087501220137,1.41894502914801,1.08755773425866,0.838948066261689,0.700526280667868,0.439226497101952,0.225708669352432,0.054731716418854,0.211608260318365,0.16220161475446,0.144577810288517,0.125818731067863,0.106167787642297,0.0731318958110992,0.0370522339890878,0.0109622912467156,40202.391258203
"89",-0.226679265164109,-0.224407416474485,-0.18482813173264,-0.0564109292845814,0.0520123268907962,0.100545617646909,0.0655215317062243,0.0128933978895412,0.879333588657709,-0.424956759526082,-0.080240102444379,0.086468029380524,0.272189583157361,0.510664148974832,0.756532845108716,0.942948642466278,0.133289287133461,1.435933122753,1.08973959881596,0.900002147480952,0.686897640171686,0.457769786275187,0.227644253405161,0.0531726859454329,0.207390024334714,0.165802714778973,0.146958819735865,0.122770254020761,0.103859846797993,0.071358741680658,0.0375952041719117,0.0106989539033431,40197.857754544
"90",-0.239500471320635,-0.212335562215243,-0.131057021640646,-0.0772127751841118,0.0372325561721021,0.108341072534708,0.0655725364915587,0.0123623851112834,1.17369624843701,-0.238306937175173,-0.191468062855933,0.136654677842849,0.298321116252187,0.523083247465597,0.758796854628249,0.943096348627206,-0.159213109581038,1.24587087590111,1.18376491777628,0.855590311020261,0.664176890261018,0.441522756195566,0.225103512952416,0.0532674645484392,0.216779381116448,0.161283188078645,0.143885459447406,0.126395046362448,0.101320365361237,0.0713612297304751,0.0364343512870683,0.0108485653454281,40189.0150535996
"91",-0.1850404116733,-0.231392143769678,-0.129715690842867,-0.0280986491820445,0.0308960330660923,0.105893861217555,0.0611766637967638,0.0136599711254462,0.23327910508285,-0.449166801360217,-0.0955096446300567,0.119836720147558,0.294789046168017,0.520158657456838,0.756567425977074,0.941944384433899,0.768720837335089,1.46324243395911,1.0889113122463,0.858684616571191,0.670522597981953,0.446226757473777,0.228595572103032,0.054023792710308,0.205972071892448,0.160842490564658,0.142980675493464,0.121806254466649,0.100936399190328,0.074187173930934,0.03657264662082,0.0108991454264746,40197.5830873911
"92",-0.205226388564587,-0.248760335251457,-0.123024890913664,-0.00923516376690326,0.0300772387597452,0.0871689151224572,0.0630196619147004,0.0127727311254112,0.309875325344707,-0.280769002806317,-0.0474508123102803,0.142367244179357,0.274648723144009,0.534464581115439,0.752935869708074,0.942605011904088,0.69494188387965,1.29914946010672,1.03547419654233,0.830260168322048,0.691131201670573,0.437112357934088,0.232506093139182,0.0536463810783913,0.208608692829003,0.163712785243127,0.145188685478925,0.122431395623766,0.103813855323066,0.0730374792838392,0.0359968223756835,0.0108256214697884,40194.0980871314
"93",-0.1866605427572,-0.213809027080498,-0.171135299219235,-0.0537543448250647,0.057180208440262,0.100955560681409,0.0642500655076358,0.0159652022120115,0.895825550051005,-0.302468177738171,-0.100116750936067,0.165880578398671,0.264493245884319,0.520108889637571,0.756321352525122,0.940015348125944,0.103575825155941,1.31052151389767,1.10594146575076,0.818847505429723,0.694278146610883,0.446443573409671,0.228529659871124,0.055239118214297,0.208572230925,0.160945935017578,0.144021242446377,0.126127858651801,0.103454699918815,0.0730259029207232,0.0379089306903918,0.0111022044940203,40200.344071691
"94",-0.185681267630462,-0.206699151207211,-0.124554865908788,-0.0532816030579085,0.00232854450230533,0.0896206429832015,0.0603207636852586,0.0129166333887662,0.207476302351012,-0.376084635428998,-0.031013901966586,0.170971702750646,0.31062152086674,0.527097919881865,0.760820929005072,0.940408153107409,0.790070067284238,1.38313720766702,1.02238062114894,0.81346007947431,0.663569619239012,0.443449468481271,0.224720965282166,0.0559697302019956,0.217387517985692,0.163220343272944,0.14181982884542,0.122762378475485,0.102164649715755,0.0742900593129341,0.0368200339530836,0.0109300939865432,40193.9072888272
"95",-0.216452199590604,-0.219525821705541,-0.16198908092415,-0.0551860109384537,0.0241131415144278,0.105071023737532,0.0626069801916825,0.0110147991522942,1.25144988002902,-0.36733977477034,-0.168127712644886,0.179778130183628,0.277529391241621,0.529364300581617,0.76144706340946,0.942334635496991,-0.241649200071477,1.37733324301011,1.16986402751908,0.804060744585895,0.691405661122568,0.436958446614801,0.223274342052578,0.0545447715509145,0.208110639908204,0.164270146485876,0.146498526033814,0.127344530122988,0.106691656688449,0.0743135065192328,0.038027987809683,0.0108061228445562,40196.4102902581
"96",-0.265913894652599,-0.189481597994572,-0.142886199008405,-0.0323890052565603,0.0228382047524699,0.0839451315579347,0.0618414705390909,0.0121666616258767,0.0564424733426986,-0.356931727315524,-0.0539285348922446,0.0872314713034408,0.283913946917038,0.538130738737777,0.761036600269838,0.940633436367236,0.968234065873986,1.35940350620885,1.05104364225662,0.894021698352635,0.684907838918634,0.434063376870378,0.22374528874001,0.0558724947695504,0.214107249808335,0.163271136071619,0.146859019294284,0.126523253440675,0.102343599210289,0.073726221153799,0.0382259726524201,0.0108750457435547,40199.6917018151
"97",-0.18914335705901,-0.235423676053047,-0.150434300460597,-0.0433172768794891,0.0171071560931369,0.0881086978898608,0.0682796567871505,0.0127985497254077,0.818910808241139,-0.376404289691436,-0.0149802955378654,0.116923571638159,0.281041482745917,0.535711210915154,0.751851695526435,0.940507584053177,0.182362140094288,1.38982830120418,1.01557093642922,0.865226797575118,0.689583017252526,0.434685630955712,0.231743156321196,0.0558007021205859,0.215356978323116,0.159022607872263,0.146635573849487,0.127559679071391,0.102431015269049,0.0719694281230838,0.0374121553336979,0.0108083721339148,40196.4276903761
"98",-0.184495345299826,-0.226308180333456,-0.146655486718938,-0.030964390402709,0.0530104743214077,0.0890929485831297,0.0578220791505607,0.0121558551764443,0.0894389685523139,-0.347804602985639,-0.144437539774115,0.160477910522279,0.247633713109391,0.543824140408657,0.761801637342661,0.940604898958879,0.909630183608688,1.35850776137826,1.14245780621352,0.819116491989505,0.713266281054734,0.426486834877396,0.224253968366675,0.0559353350884318,0.207465511131241,0.163760702403145,0.144817820265929,0.124761012815743,0.105198122439926,0.0731138818947379,0.0365590051252063,0.0111372788444442,40202.1148249058
"99",-0.218994073344333,-0.22089402860277,-0.190545892444866,-0.0290843992285273,0.0531161583015135,0.101543492160031,0.0658917740430447,0.0117012960832873,1.11698627185251,-0.435758266561024,-0.10302090144735,0.122636975052006,0.300611263300851,0.52727667626179,0.754785752896793,0.942163699372851,-0.107144815699435,1.44594202015023,1.11202572717887,0.856589916607712,0.65897092865378,0.440608181064223,0.229859656507988,0.0543644922755692,0.209427717264003,0.168704854977877,0.147502935435444,0.127493986367117,0.102439499273387,0.0749026729999105,0.0372691352082018,0.0109803164522964,40196.6607410018
"100",-0.274633680820096,-0.287557257301673,-0.148421206579787,-0.0150332642751163,0.0528616644622389,0.0802897382263236,0.0615565003032931,0.0107360986705609,1.37494949355228,-0.408667890744136,-0.139005771188707,0.120628943706565,0.261190040725029,0.542131240060961,0.75548020185387,0.942803564104805,-0.348256386482504,1.43791388880942,1.13732326298815,0.853269686729804,0.698445047215196,0.431611228893199,0.229580934697948,0.0540115887110768,0.210642465237348,0.164772394372893,0.147122002024096,0.122311215289651,0.104244611278441,0.0729292395466728,0.0366599126536244,0.0110792136300806,40193.8109970505
"101",-0.222727075526506,-0.247819101556613,-0.135902236031301,-0.0645156262259234,0.048339673874272,0.0903043624388469,0.0715730984949189,0.0155378031200592,1.22167337785428,-0.350593687013865,-0.106402026462009,0.129427052065368,0.263918247180214,0.532761765536805,0.754609376181225,0.939584238562183,-0.211725775527766,1.36827132222765,1.10063264272094,0.859118769951497,0.696198189860125,0.437002225425212,0.22806356524055,0.0558615471251401,0.205334401190309,0.163960584756951,0.145735455848324,0.129729441825298,0.105358796232666,0.0746045290212386,0.0378804631623051,0.0111144783938644,40197.3876522558
"102",-0.204673032467923,-0.216890984501832,-0.149949410373043,-0.0273814658937112,0.0409203607499376,0.0949506332131342,0.0579603005222464,0.0134376605273116,0.221854748378424,-0.388226445591568,-0.118972792356249,0.157043897664516,0.28391023458784,0.5070809968289,0.758582197277405,0.942502334129213,0.784949326200095,1.3990857357658,1.11720291551538,0.820299716601282,0.679143927056692,0.462250878572878,0.228124245487183,0.0533403566188166,0.214443810087185,0.162691252993289,0.142841932665106,0.125728300215046,0.103605388122452,0.0727430365480503,0.0370181053314818,0.0107865089575876,40200.8486362439
"103",-0.270868400269652,-0.254710038669409,-0.138687344577952,-0.0213271140747416,0.043801009058833,0.110753841621449,0.0602629589849601,0.0137371242476111,0.851555155012399,-0.390874090775645,-0.10869998559628,0.151724543477118,0.263016409877207,0.516563131779711,0.76152192708842,0.943391394598202,0.172699937946861,1.40916825661155,1.10359202850372,0.824555786351222,0.698824730740476,0.448611482186409,0.224029592218856,0.0524117145290873,0.21316512378997,0.158633543750901,0.147079043968544,0.121297399067529,0.104456867362561,0.0723286003235625,0.0381173270170726,0.0109057185966572,40195.254273286
"104",-0.217259334256027,-0.188167638170462,-0.170384698278475,-0.0380998907113333,0.0428170381184877,0.0999086944360189,0.0610168432573933,0.0128177416518538,0.610961304934351,-0.37221591131663,-0.0645273698238999,0.0685824233108661,0.261945324626634,0.52434884887182,0.759819942744387,0.940073674696715,0.398864445788483,1.37171265408756,1.07033938360885,0.912748466084366,0.700203726704918,0.443772777850102,0.225380219710112,0.0562805976636748,0.208741196743397,0.162579963177594,0.142361552008722,0.124202255535877,0.102414100295687,0.0730185555038749,0.0370049931185895,0.010905143952391,40201.0833322869
"105",-0.217540130025186,-0.27826068924381,-0.171283812922054,-0.0206072653346747,0.0351818487841181,0.0928298568949273,0.0538510394921277,0.0149019953520869,0.246112159651595,-0.360662788381286,-0.123754766092339,0.122822050419355,0.285613412756458,0.52910646039473,0.758718100422831,0.942716292383742,0.764091531851883,1.38549896967079,1.12782350383094,0.854089792045446,0.680237399483058,0.441351583510443,0.228921580356793,0.0529486582220631,0.212856925595396,0.162130401469196,0.143829084917458,0.127395260205808,0.106288652521661,0.0746156369391194,0.0378501339415212,0.0109501749140101,40191.5701017842
"106",-0.262400295882691,-0.207452387510026,-0.192871167417833,-0.0218345225547843,0.0473360755700704,0.0955691379819202,0.0543636939050527,0.0127750893912198,0.410869169958021,-0.3761413571765,-0.0533936267085314,0.131052782551796,0.255989219762732,0.540984654786052,0.763736980490845,0.943647224654189,0.610091606566955,1.38285403990576,1.06347142004331,0.845056848128362,0.70445142023422,0.427314540761181,0.223689543496083,0.0524937855092623,0.208640104455761,0.164465473763957,0.144592432580586,0.125806913686787,0.103386508967619,0.0737665921414148,0.0375106682178077,0.011175592931655,40201.1813890086
"107",-0.198222928004732,-0.213447077605951,-0.164144272395041,-0.0311956070858012,0.0343509363453426,0.106747268968882,0.0639213257139901,0.0143215619859737,0.793871798387024,-0.383709760642664,-0.0618386683954258,0.0960353086711016,0.307411327470675,0.513304620190145,0.755797539681224,0.93973268437999,0.20916206882818,1.39014154569135,1.06314928184963,0.883559329861349,0.656764296118208,0.45313776866316,0.229554253986115,0.0562141869064367,0.214820983821357,0.165125279794299,0.142341001594663,0.125100429254213,0.106021688523819,0.0730936402833693,0.0378869716434039,0.0109788883026873,40198.8925003679
"108",-0.150759902712921,-0.255478988430263,-0.222419493751181,-0.0212745746871428,0.0425758689263106,0.10141698139124,0.0672733148889896,0.0143228128552076,0.0630192866183087,-0.325289155705434,-0.0339424138769203,0.141158610750933,0.245686038173716,0.524332818145827,0.753098497211076,0.9415821409182,0.927718001245712,1.34462266589985,1.05455754355568,0.835605807825428,0.718222883288342,0.443234455591615,0.23092655770116,0.0540641980134424,0.212434719574889,0.164579631334821,0.152060433753491,0.123338328190861,0.103976495508013,0.0731588633091144,0.0371290602005317,0.010974098426884,40189.1131540854
"109",-0.223405612595918,-0.22954309266305,-0.161161833171484,-0.0351611726114664,0.0376030863752638,0.085936695512491,0.0623960021225643,0.0117618599924577,0.0840789177400399,-0.388011761728203,-0.0844333902640788,0.167501487703458,0.269790037670998,0.529622523620425,0.755135835566177,0.942309684374423,0.926303744867395,1.39969969603751,1.08716557664335,0.812654830626535,0.693972780164718,0.441614169057262,0.23028856413604,0.0541358392616321,0.213874752479714,0.161754123774767,0.1504923149626,0.126724698590651,0.102941070082305,0.0742270658651561,0.0373735452141499,0.0110711241708499,40203.9427846387
"110",-0.262159243341442,-0.249702298324838,-0.152594542385605,-0.0331668122483684,0.0297080923006858,0.10210438113087,0.0519619280543251,0.011906945812942,1.01769182924554,-0.459831287848308,-0.0802835305499773,0.122831242158809,0.285743339104916,0.519444093409865,0.76237881729265,0.940263038234824,0.00456105317472335,1.47839036278523,1.07975722834668,0.857162367891156,0.68052583126444,0.448952906651757,0.225865602955404,0.0563398183937668,0.21015510671783,0.164477605904965,0.147394057383325,0.127112050228259,0.101169732972907,0.0731333646455105,0.0377720693973216,0.0109606805285612,40200.2242588176
"111",-0.263890120070269,-0.222778944024967,-0.16056138026043,-0.0474616529463118,0.0445778720376553,0.108039614204525,0.0586550233659663,0.0144971655985814,0.160763965206117,-0.355801742594272,-0.0823128190426674,0.154768992735338,0.25526250209485,0.521004462350279,0.763035551868804,0.942449156495889,0.863087861444602,1.36502217095573,1.08352093050836,0.828155112032834,0.70826688345825,0.444618798671832,0.222586424409631,0.0532174026921731,0.210135309136393,0.165775480874347,0.141320675876472,0.12941211247766,0.103413971368938,0.0725733923994498,0.03634381520472,0.0108972940381483,40198.4836912789
"112",-0.223813529290418,-0.216039767007734,-0.137702936887099,-0.0560397621873509,0.0461123809195938,0.107227993840084,0.0718970889453083,0.0139270401594481,0.256477141354046,-0.350300610514325,-0.0728847476826935,0.131167856104521,0.271784722964832,0.518682589101059,0.756695510363617,0.941641984486611,0.755225351132441,1.36004731578686,1.0676127437445,0.85441471612513,0.690811340069532,0.446677284037933,0.225443001148651,0.0543389761225697,0.211943209789254,0.166339276228713,0.144187152438567,0.124633959895772,0.0998495885862545,0.074769525554715,0.0368614256410418,0.0109999939721196,40199.8238337602
"113",-0.189060930867143,-0.221304051353262,-0.172561831147801,-0.0574801231931493,0.031915215409348,0.0981089727088802,0.066700991569364,0.0151302472495537,0.980247268101292,-0.413926745668963,-0.0442028658550453,0.132004350742395,0.327058040591381,0.516158000201883,0.759445198092658,0.940942507825968,0.0202179848876782,1.42479976809964,1.04901681029252,0.855629389191168,0.637475077822247,0.451626990897253,0.223775779182788,0.0545484818822044,0.212661729980055,0.164244698255364,0.144804556202522,0.124519715841345,0.101360784087961,0.0717398263167588,0.0362272866928749,0.0107757687889713,40193.9380976099
"114",-0.195645482848123,-0.234906611316229,-0.146606171707136,-0.0570578688878361,0.0320527210453991,0.0912409341965164,0.0608523749953163,0.0112070623186382,0.891161769183082,-0.375154090922762,-0.096781949544441,0.0822988340402245,0.284786533994339,0.536028423988102,0.758819172673721,0.943210684339578,0.111349128721642,1.3901720612071,1.09244396346461,0.904265407610321,0.68094818590114,0.434677862516677,0.226997010106319,0.0533805136061415,0.215599620822778,0.165399874468679,0.143040022006543,0.124875489187286,0.103824942213834,0.074980382371535,0.0373292738152452,0.0110796263140664,40198.9020001778
"115",-0.171164540746786,-0.243928713930288,-0.152427583133068,-0.0461212284960562,0.0432664286246469,0.104356671386821,0.0538395168578897,0.0132863070609507,0.303936386693021,-0.385143095859262,-0.0753977307657309,0.151733372381982,0.243097769161381,0.517442887431069,0.769235586008898,0.941617565070886,0.694047420704261,1.40253495218307,1.07445953710645,0.83188474565457,0.719248593613275,0.449879431986025,0.217707366038544,0.0545246266061335,0.214919891774007,0.164187381874666,0.143634304492674,0.127898947212437,0.101367132880129,0.0731609110324069,0.0386595301046013,0.0108113095991954,40198.773417641
"116",-0.182533504163045,-0.232086164449719,-0.151594357313969,-0.0569825101693332,0.0313894621836228,0.102808871290874,0.0585985838614631,0.0143828117459385,0.116214706901242,-0.302338811889764,-0.0320923002915545,0.143653493449993,0.282776154194944,0.52044974173797,0.759856859274792,0.940319622069845,0.88361746829311,1.31682243536474,1.03106019016458,0.840342254619242,0.683969494042962,0.446712938586349,0.226162252428222,0.0555636643214991,0.21296277131051,0.164016477081698,0.1453439382931,0.126369145095053,0.10515332230454,0.0740362349099843,0.0366408024106233,0.0109235107706157,40201.1492659259
"117",-0.221370617185411,-0.220712316727301,-0.128047856286162,-0.0289955721560548,0.0484239862700908,0.0831390117779255,0.0601512463000148,0.0143142848170846,1.03909003146639,-0.350771082141886,-0.0898737623885567,0.112478778686831,0.212155028242244,0.527949806092133,0.763727447748836,0.94210315330909,-0.028394620918971,1.36005148386322,1.08134462819885,0.866900750698472,0.750248468927373,0.44403623176329,0.221364306764925,0.0537486484059648,0.203391441795331,0.167044745798571,0.145380887640214,0.123561935128893,0.104127113486152,0.0744413499854695,0.0373235340810814,0.0109550406969422,40195.3155213808
"118",-0.223977367778818,-0.220623609466305,-0.127261473858754,-0.0312970168079353,0.0482853321736058,0.112795579080862,0.0585757723965812,0.0119045580668394,0.67924926621134,-0.361067004137775,-0.183172818252976,0.132925432496241,0.247798357610063,0.50802270107885,0.76275648555465,0.943232909624307,0.332323629446593,1.37203350170112,1.17557100837368,0.845602364955553,0.713520505959408,0.456821703640922,0.223148737410854,0.0531888858195893,0.214277420216713,0.165888126195746,0.143918869549726,0.123352365804257,0.103769327108759,0.07513853267606,0.0367167078262144,0.010574139149294,40201.184509319
"119",-0.177707746863272,-0.234849953873679,-0.141229996899014,-0.0451181201330865,0.022119463701018,0.0828131755988663,0.0595389228714102,0.0153049238501631,1.30754269687018,-0.346552492350178,-0.144078824253447,0.114413068115727,0.281348187487386,0.526639529304202,0.755279918369747,0.941522449885196,-0.311723880959407,1.36110608638727,1.14032311617065,0.868086301877918,0.686970481170856,0.445413872441543,0.230894800754348,0.0538581343248905,0.213369021828992,0.161764185800112,0.144456810600138,0.121729244493974,0.10308509768586,0.0739703309079201,0.0373710160880947,0.0110346631044224,40199.1756063497
"120",-0.251683921009232,-0.205172123080313,-0.147347428766036,-0.0256101911387021,0.0504908557399443,0.0748421684422542,0.0618678471364361,0.0134096727448645,1.00759971535561,-0.34747259617976,-0.112522769124557,0.134274750597454,0.258492257239998,0.540247418678661,0.759824788674355,0.940067590111369,0.0107080293772086,1.35314907552714,1.11185885935364,0.843112438810718,0.702227747878791,0.434882488775521,0.225125114685031,0.0559850055162705,0.212807534134382,0.162624985798215,0.144157100911114,0.124838514558041,0.101069024790351,0.0721184268581633,0.0373279330473473,0.0109070016407227,40204.2685468162
"121",-0.198321918094055,-0.216487988707988,-0.168418684743203,-0.0425768862953445,0.0831304759190041,0.0994591609002566,0.0617004979743098,0.0141692353497961,0.532212013882832,-0.28985561285648,-0.0977841420652297,0.131189197510138,0.238514777730798,0.516234768420955,0.754751050468865,0.941507770658627,0.471578895126325,1.29907717639381,1.10139024210178,0.852325678177175,0.71179475526976,0.452191918204057,0.230775087151014,0.054401278255228,0.209334525109878,0.16150984074937,0.145399607603256,0.123417948312945,0.104823819114062,0.0720786047770302,0.0364481710081094,0.0109964103527893,40199.2535843138
"122",-0.231548542857372,-0.187896759894147,-0.179434856745951,-0.0408469354974484,0.0561633636441706,0.0996334591096143,0.0578004634840228,0.0140949807870522,0.986378965399649,-0.431613377352996,-0.0415714140952378,0.104251873692546,0.235210157539843,0.537137028043288,0.764235847748431,0.940376630171259,0.0283168163238136,1.43216816765177,1.04771985183329,0.877468963657772,0.724029102944418,0.430278780500318,0.221938958473491,0.0555298683441879,0.212859766615028,0.169157145228956,0.146208485796135,0.126896769214516,0.102686465223767,0.0745827635581621,0.0370056336120928,0.0109731300111486,40201.3834422807
"123",-0.247600593424429,-0.245512066707114,-0.150216684721506,-0.0757305795032796,0.0295835990709288,0.110733163113812,0.0615054060033652,0.0113396757148799,0.346758609737063,-0.324251625782505,-0.108417978907687,0.0920063030380202,0.283926101244336,0.520362377576998,0.76195165936543,0.941340756634992,0.669667792871792,1.34303305669606,1.10515547352691,0.899463727122088,0.68232037028412,0.444058005534399,0.223236393201869,0.0553413793559203,0.210122576216635,0.162382993248297,0.141700700870777,0.124281884017773,0.103198443654201,0.07456005201897,0.0366171850155353,0.0109317649426754,40194.1098874324
"124",-0.174634817631347,-0.24089128271396,-0.133061910623086,-0.0474471282827629,0.013936663412149,0.0922552268951142,0.0526448356150922,0.0160991571950206,1.01832365386937,-0.173256867785466,-0.108649241565851,0.114030587805466,0.27500197630134,0.524386582669692,0.758529593293162,0.939603423799045,-0.02313640196504,1.18986881754415,1.10274991734624,0.870265991591043,0.695893107430473,0.446603316528912,0.229798101711344,0.0557864401415339,0.210493770512901,0.160784891940111,0.148702571720097,0.126743833471397,0.102702560695415,0.0732614218762117,0.0378789455677945,0.011066249395708,40191.8979663599
"125",-0.189971868586117,-0.224219057808145,-0.15790806046274,-0.0286019947046915,0.0272650535833143,0.101543132302458,0.0661340254906699,0.014152893158575,1.20650482219606,-0.342392666199826,-0.0253540550977195,0.11477563952296,0.28904227256922,0.504588324453805,0.759598516178342,0.939676975267579,-0.20585964908771,1.35490019640772,1.02577950352607,0.86344216338402,0.676622693896202,0.463806807582369,0.224341129551474,0.0561948128587178,0.210410689930043,0.164788237458413,0.14784316090867,0.126763950871867,0.104891723972438,0.0736025773133402,0.0369122034972822,0.0110827302783761,40203.0306487812
"126",-0.204228481531692,-0.213190130208531,-0.160496226561664,0.00126285343283685,0.0246896619611547,0.107872782524416,0.0598859063950072,0.0126349944269362,0.165324966407265,-0.41130406125563,-0.0866433837875561,0.0828852168822696,0.28680061894177,0.530714653925265,0.760517693390984,0.941480272422584,0.840062927578377,1.41996101888387,1.08851289082942,0.888890323078938,0.680227169318422,0.433974903949475,0.225212889430083,0.0548062551517425,0.218995381988432,0.160934328925918,0.145434676274836,0.123537262411107,0.105298563590012,0.0726917459179831,0.0371567456298191,0.0110073304310539,40199.8521835774
"127",-0.249009926795981,-0.260123177924345,-0.137145341570436,-0.0475137110964564,0.0389085828876968,0.091040114117747,0.0643408508952622,0.0125548874608496,0.807127621038492,-0.344685003486459,-0.0903044556640773,0.115982987913621,0.260908045196015,0.501655875453991,0.761018138157636,0.94373272357357,0.211399773646582,1.36695207906502,1.08456433969279,0.867442189595959,0.70241257138032,0.470101112691542,0.223200073738296,0.0524590781410615,0.209371503296557,0.163845934371615,0.139960088689495,0.124366922189893,0.107712674160183,0.0725645389727795,0.0374336955333754,0.0110776479148782,40195.5334661993
"128",-0.247422139806887,-0.238992367333319,-0.143150885784081,-0.0389224898071796,0.0250639052059562,0.0974219565411146,0.0600724111178412,0.0136541262543936,1.21638260602803,-0.363731719498854,-0.187348225281908,0.15716707050128,0.293400780857971,0.531723184057325,0.759570168631661,0.94129420078898,-0.199228013524868,1.37994348413611,1.18446419808646,0.82346957557087,0.673334641504862,0.437748822431736,0.226426904060091,0.0547717380388011,0.210769334344689,0.165364455613984,0.141952203086262,0.129415286026809,0.107017685026976,0.0735824505937379,0.0373812969455993,0.0110240156104871,40197.8484184117
"129",-0.237320739799589,-0.185872275259283,-0.177781248739013,-0.0654748346354071,0.0309453705304258,0.0929768357784885,0.0556326271167574,0.0133580601554776,0.66124502731562,-0.368756012494714,-0.0120096559881239,0.128320138569742,0.278066019186044,0.514201087783487,0.760025336274621,0.942752648265413,0.352789653241646,1.37048209966556,1.01653568460185,0.860549455036807,0.687743947124384,0.455698223435764,0.227240595628362,0.0531832544547652,0.211676794462598,0.163196698877653,0.142360314104188,0.127033328319397,0.106325960294832,0.0730196158847961,0.0375898103269783,0.0110431519720981,40197.5833504022
"130",-0.211292738597608,-0.242531876016014,-0.124630637605939,-0.0334113019346968,0.0287391045809678,0.0946993565336333,0.0534887654293233,0.0138205278236576,0.211385961909913,-0.355786067744492,-0.164404536533217,0.149206599809917,0.270185783155434,0.525825693118794,0.763851261808763,0.94202096341464,0.795579999535394,1.37157100306256,1.15440759728909,0.828732634346732,0.697045523391821,0.444066384696269,0.224028004580252,0.0537960444068402,0.215706093629509,0.157389876824068,0.143098629214321,0.127698947982384,0.104076462653268,0.0731010848763447,0.0370555119328279,0.0109577422842303,40197.3085497127
"131",-0.228183211962794,-0.248628160183548,-0.16783938475059,-0.0100906678557469,0.0257126191798542,0.0860668406043783,0.0625301959602652,0.0126782679813048,0.941495039206614,-0.478817179849846,-0.104712127052468,0.107550588455375,0.312101355552459,0.525943920637158,0.757429067181223,0.9427454424918,0.0703483698045595,1.49769013881645,1.10846066775307,0.864416928537528,0.654281660441067,0.445124229539954,0.228044412552738,0.0534649246740898,0.210739897252444,0.163335907667871,0.144925374180691,0.127272224408549,0.102706125261019,0.0748965395472466,0.036987554395396,0.0111107114818086,40199.4767109958
"132",-0.194379412159544,-0.204260125931197,-0.154394596420722,-0.0235225294887588,0.027124195591387,0.112552852815203,0.0547601555877062,0.014252409039644,0.675139231881379,-0.392602477842093,-0.1454397183636,0.0663002685214753,0.294344477074929,0.506936666043607,0.762016490577728,0.941816995566218,0.326243922494438,1.39779353555044,1.1446950196633,0.910988101664748,0.672024866605533,0.458229893723904,0.225195774583805,0.0539892991327575,0.208639674673734,0.163599698952139,0.1484557381097,0.125142695022331,0.102814426007884,0.0744349682033664,0.0373162028676481,0.0111689125351308,40201.5661370426
"133",-0.240709913118822,-0.242832217881662,-0.134663900218134,-0.0197395558271904,0.0340796623490186,0.0717577544346475,0.057337267621209,0.0154538664021118,1.1791955338123,-0.414622079230294,-0.0955030799487038,0.087837892503015,0.285497572920866,0.538435279781058,0.75680341689839,0.940247996403534,-0.163061131147756,1.43079634791591,1.0914830495931,0.889143035942394,0.680505432054692,0.436557229838499,0.230155766813958,0.0552739534875752,0.213472867359541,0.163446673494809,0.145554824664343,0.126879072054328,0.104079800116291,0.0730201348195212,0.0368388504125351,0.0109642473109671,40198.9858118648
"134",-0.226696811262913,-0.209990133067699,-0.153297465077225,-0.0553215909203103,0.00170338368893755,0.0892667937587357,0.0668865557223659,0.0129265883655304,1.17015072393469,-0.295955104355607,-0.0438775241540372,0.147051806056411,0.325063464706914,0.543005031556826,0.749520401403604,0.940833077965932,-0.156867737145199,1.30371106307275,1.04315627916493,0.839649881005517,0.647796991552113,0.427277688147304,0.234709162688809,0.0553401937665312,0.21386698525824,0.163778079692674,0.146569021076801,0.127160889253366,0.104014963222124,0.0727562480297499,0.0367801518832142,0.0110049969845331,40198.7162121467
"135",-0.201141994760324,-0.206872028570351,-0.176786644237257,-0.0471029611754746,0.0555437386539641,0.0742520823784872,0.0695114639805792,0.0140343299117085,0.817220607075014,-0.409814697536907,-0.111719476875856,0.129791585222596,0.255893042926611,0.544253863041828,0.750997570314641,0.940655185397219,0.186077463877262,1.4157553214652,1.11751944462797,0.853570721017078,0.702708949033194,0.430824658008813,0.23194094648317,0.0553467556403058,0.209566959021924,0.165015922235367,0.145874829897858,0.127434941960904,0.105379518293639,0.0745929050200699,0.0371088196567402,0.0110027871592389,40200.6158012818
"136",-0.197253709872125,-0.27314865833696,-0.140277187769983,-0.0502605658586278,0.053173945455359,0.10304758277271,0.0539002459463268,0.0144797008613743,0.866040857500977,-0.286568461665059,-0.0951548669813857,0.148301389349419,0.216570950213902,0.521583439111996,0.761923536286734,0.939767823385464,0.137516580278219,1.31098580338126,1.08994739493639,0.837559957399019,0.743925797314243,0.445730880297474,0.225677076136651,0.0559838586967235,0.207742393170566,0.162204101528247,0.143535019213737,0.126442785227546,0.101868384048475,0.0727368810336773,0.0375225424500486,0.0110016806507369,40198.3814214661
"137",-0.246519338411414,-0.220798565765796,-0.147999930052196,-0.0499526898585661,0.058218037753032,0.0916514238185369,0.0614363853242253,0.0136148974676147,0.5372975993295,-0.270722795980071,-0.0959456276486425,0.183371036801539,0.26473764723145,0.534271019123466,0.758472396888617,0.940084622813077,0.480313792067898,1.279708907194,1.09464736756606,0.800143540275688,0.69345278847803,0.435548887382479,0.226869702758895,0.0559437653121374,0.209782588036412,0.164035466054109,0.144590216280323,0.126398813366161,0.104031600496949,0.073929463083324,0.0374734352931199,0.0109762642844639,40208.0131618164
"138",-0.220031436147644,-0.265065040029242,-0.164392556080998,-0.0412433847473002,0.0336981429191913,0.0942420789969897,0.0638978767928982,0.00999819558235581,0.928316246626041,-0.458939201567971,-0.0774899671624177,0.148336311468295,0.28418804313103,0.535995771196476,0.760422935716926,0.944047902762079,0.0818698996911556,1.48241663502551,1.07873396581575,0.832992796596974,0.68200401229466,0.43268967335654,0.22399297384414,0.052909226016242,0.212992461572841,0.162115749113574,0.143339175398875,0.12591658653958,0.100752338567964,0.0724235732931997,0.0374570831556914,0.0109876853823141,40198.513988055
"139",-0.208889979566591,-0.208132369564486,-0.145804471613248,-0.0372820047880918,0.0219503881735381,0.0821691528432219,0.0601753962480056,0.0121399835968621,0.0326224338962401,-0.38419534039302,-0.121595880230778,0.0666982175646465,0.277482897377623,0.529858302162633,0.75892999136495,0.94069159225094,0.97543980548232,1.39236116280117,1.11966238716483,0.915259802722525,0.692197567913621,0.444305652587265,0.226836616517239,0.0558844481006354,0.213546511752905,0.163936711953627,0.144539611972821,0.126056305885248,0.10346675939574,0.071323350753208,0.0375422377584194,0.0110445488138742,40197.4025564265
"140",-0.210253048915432,-0.207109606403098,-0.15902922331582,-0.0318578601633354,0.033232999574259,0.086275881100942,0.0641074796749234,0.0125448842113892,0.152710567380783,-0.39124113982812,-0.0191219914238811,0.164136644245936,0.27486597294596,0.528538348713323,0.754140419146586,0.943016650530831,0.854133377605008,1.39844635303704,1.01942112030936,0.81414263504281,0.690223837820052,0.44285684202964,0.230572329463429,0.0532713602997106,0.212358798265574,0.167005641386493,0.15120652067784,0.126706919874196,0.102964897943688,0.0743724992417555,0.0370378065703894,0.0110405103813818,40202.1547772488
"141",-0.263856564214673,-0.212230022196085,-0.133246129555854,-0.0327488240335996,0.0364995747473104,0.0991319205303965,0.0631847649430876,0.0115875432134755,0.202598564622769,-0.362361631974038,-0.0847877132847692,0.147921927796373,0.292411094076602,0.527602164975471,0.764361193790014,0.942005593904811,0.819748922651182,1.37027342956802,1.07911367294841,0.832041274118491,0.671272944368229,0.440941352032436,0.219747687179874,0.0544935999232345,0.206210554022056,0.170626497405071,0.143507226691706,0.123078243679364,0.102523434007198,0.0731947630165145,0.0368255408231019,0.0109971919229044,40198.5310172983
"142",-0.209592326517947,-0.223173166352748,-0.14899825018099,-0.0468794875049746,0.0573248401165579,0.0787171602702145,0.0548936731317867,0.0142109807271061,0.905834275929889,-0.435242971658007,-0.106804718709171,0.147805640580095,0.266271848795168,0.527251754327862,0.764162200728981,0.941089794671892,0.1021116059331,1.44492834595259,1.10661324083647,0.836004259528022,0.692411730418639,0.44722740682926,0.223537763617374,0.0546918267520441,0.214077081817936,0.16297521411245,0.143943935309442,0.125718014279822,0.105774353659799,0.07354003944876,0.0386673608651648,0.0110037659082823,40198.6621716914
"143",-0.2238861770822,-0.221164488498799,-0.163942008759804,-0.0131355901504498,0.0427505913721041,0.0951416207138753,0.0514110998707329,0.0126525403685733,1.00319106465464,-0.387319720151517,-0.184996843593463,0.158669818886356,0.269448840741046,0.520555823001554,0.763080713113663,0.940647842656722,0.00741303693800155,1.396691985114,1.187706666706,0.814001266076207,0.692846752130733,0.448837439361144,0.224799229480764,0.0556124590122275,0.219383267987424,0.164654049583086,0.145044027344085,0.124426683393335,0.100840394106385,0.0740540567673998,0.0369168919162364,0.0108558394108609,40196.8212004137
"144",-0.210244595132558,-0.246894610394194,-0.146866061610562,-0.038997310445434,0.0250920582751792,0.084898544180608,0.0567159716080917,0.0141780246826082,1.31998014330552,-0.254650919078743,-0.0686665248073857,0.104815659447488,0.269757290804211,0.531638149439896,0.765350386353379,0.940459538412619,-0.313207442788528,1.27358094503673,1.0661991540628,0.876722140173706,0.697831141130591,0.44115875548011,0.220868762137497,0.0555411800860474,0.214287965325185,0.165518897164354,0.144150783703946,0.124568465640939,0.103823672494353,0.0736354270434203,0.0377941791184067,0.0110873216602922,40203.6545599167
"145",-0.240567831245034,-0.248916916014538,-0.156840058855778,-0.0343291869732077,0.0256211245430639,0.107231985117613,0.0648609882215151,0.0146074895274713,0.174772726992978,-0.281740470917657,-0.133991968085617,0.15311740440641,0.25091914901049,0.526179951986513,0.763774942793574,0.940346983200579,0.8426949945077,1.30017215990968,1.13443815693908,0.826481337710915,0.717212976840906,0.43937015888188,0.22039770992474,0.0553137338238133,0.209279716059834,0.163902684234833,0.14676505307404,0.123616108089629,0.10556339557085,0.0734515407643409,0.0370539363652373,0.011077300016792,40202.2950738506
"146",-0.18608511222198,-0.209610050009995,-0.137610846351022,-0.0284280403699948,0.0430950087068913,0.0761273166803709,0.0597635260539638,0.0127111888990442,0.933165817710502,-0.267776241957041,-0.144708789522765,0.110086727836088,0.291046482416017,0.544640336038554,0.763557332683309,0.943323607824203,0.0675815433043941,1.27416664191542,1.14100103798388,0.868104014546924,0.671331239359377,0.428498157017241,0.221735263719885,0.0528577663743699,0.211872642280749,0.163063432779024,0.146208283297161,0.126016034779312,0.106705426688719,0.0751108174477947,0.0365391856910894,0.0108987814202841,40198.5865916422
"147",-0.233895580960106,-0.229177817208661,-0.125663668576379,-0.064663650982138,0.0299196510420808,0.0799048019721508,0.0617433874504232,0.0115760637891503,0.887105699285573,-0.390326397977412,-0.216581088403688,0.102997018470492,0.256637078714138,0.540580372218155,0.750077901520216,0.941517979118907,0.128118511966629,1.40247341577966,1.21128750407204,0.887229510137818,0.711133418402994,0.433372782000468,0.235800367678612,0.0550221598648695,0.212779477050768,0.163636278377698,0.146875952581226,0.127760127986465,0.104487752329558,0.0721307044533786,0.0372269037693684,0.0110427624718024,40188.5337631038
"148",-0.248516408645097,-0.173800725268451,-0.120318888817329,-0.0224285372079966,0.030131495894923,0.109724515957981,0.0576045392309485,0.0153139259606896,0.885548030345135,-0.450110762212393,-0.10785109253249,0.138964796539844,0.27062328529301,0.524178935689612,0.76325147230987,0.939081546755742,0.131941232281304,1.44670711683015,1.09690120262883,0.837673285810462,0.696763011612425,0.441479428544431,0.222505931879001,0.056448403729725,0.216980417768133,0.164641167556777,0.14336271194409,0.123793190324051,0.101507791522917,0.0737316076954304,0.0368865296816836,0.0109844362946104,40193.1723300479
"149",-0.170207060283728,-0.280386498878768,-0.146386914346415,-0.0572194842047814,0.0529285981686197,0.110465817678763,0.0640548282469318,0.0138562031015584,0.731738132250457,-0.321237614552309,-0.120458935172034,0.170873137434495,0.242073207021051,0.521437050180294,0.7539238716197,0.940592758876749,0.2653555504294,1.3464350825069,1.11768408280704,0.81573042394866,0.717728611183981,0.443840040004045,0.230294383939382,0.0554949613327701,0.214936912902289,0.162120667628551,0.141385586855166,0.125994946265206,0.103185318703233,0.0737614224859787,0.0386003035944836,0.0110619295581328,40189.5198033372
"150",-0.270630119550252,-0.241918044446693,-0.178065791270132,-0.0563382980055433,0.0344846664529821,0.102800042490163,0.054133895569562,0.0126734783079065,0.675315236308537,-0.293673401896604,-0.0426416583242572,0.114060958098394,0.278266472022546,0.503388781916169,0.762099642779671,0.942648917333366,0.347922109586365,1.31080089383692,1.0500651747503,0.872204905367015,0.686146337501749,0.464032152930907,0.225389506604909,0.0536244829218425,0.211693660482475,0.162776756899141,0.149043302855785,0.125314385841153,0.104508230986795,0.0760222506273923,0.0377560756505284,0.011161346553265,40197.3909251249
"151",-0.232249012749436,-0.227262171911816,-0.14536923427283,-0.0504074033758216,0.0559451991676613,0.0836442367805057,0.0577309262794081,0.0116293355050823,0.985433917275086,-0.376852131388045,-0.0579290566974365,0.119530049130044,0.282493109534426,0.541669192047104,0.767116128583409,0.941385184787029,0.0284589404424641,1.38964246832373,1.05454340978894,0.863632659293121,0.675901163238437,0.430245075873945,0.218713977146354,0.0551109437365227,0.214550479329118,0.165437300054669,0.142690652063498,0.126250546336468,0.102434819957993,0.0735834140419229,0.0370207490490093,0.0112136251090048,40201.0429745278
"152",-0.227359338989668,-0.213417076067041,-0.185313908895593,-0.0371880803223987,0.0512093305356403,0.0821497905167868,0.0537984877545641,0.0120279176409738,0.618941259594585,-0.324316864071379,-0.061961318450612,0.168673945268583,0.257066732031644,0.52713343388908,0.769348186241954,0.943413735589973,0.392818994570974,1.33331403927796,1.07040978910218,0.811114679029936,0.702374366583992,0.445906243096894,0.217378688886958,0.0529914549030558,0.210336053970655,0.165604461428897,0.145143945366389,0.122719189186542,0.102486752190367,0.0748091581001742,0.0370428356420533,0.0110205611782681,40200.890162062
"153",-0.254038868628831,-0.23073194028645,-0.157624545726382,-0.044383491174303,0.0345895297192617,0.10410254954568,0.0541468653195195,0.01186642316331,0.210048821124674,-0.420227341185307,-0.0209347519803288,0.116210612441143,0.287073628856257,0.510258322512317,0.762667025266648,0.941879050356539,0.809355619413476,1.43396871560452,1.02123803238658,0.867142595972063,0.678252941080592,0.456214230734555,0.224718247503816,0.0547084702399448,0.207096211926543,0.1623231748879,0.145626691064882,0.12714832127273,0.102331010669374,0.0715671716171595,0.0375691378842636,0.0110787426297523,40202.0341269397
"154",-0.236611181181251,-0.229006651712504,-0.145424516732374,-0.0471546285641584,0.0136021818577941,0.106337989709925,0.0653537590485923,0.0145786640139502,0.535526189296919,-0.429363786960977,-0.0807988068853897,0.169416307275882,0.297494503349304,0.508352742472129,0.758235571062179,0.9421028784156,0.476960606867506,1.44157795455318,1.07686615989725,0.813493230204851,0.672520252865623,0.458317834502854,0.226008941829704,0.0536219399949996,0.213632689856408,0.166970362492465,0.14676323570404,0.12540623286724,0.103078834582719,0.0743738242353568,0.0371695372391865,0.0110209141599853,40202.4815154485
"155",-0.207182908064516,-0.221042750069891,-0.184050381934665,-0.0635209930898348,0.0340680796380763,0.100301657323877,0.0504944959034894,0.0147507633858412,0.995338840533204,-0.333870639975602,-0.154620512068348,0.220550013975845,0.274064030200163,0.522091857253253,0.766875115950892,0.940706380285245,0.00921208351516623,1.34217815072299,1.16610114328409,0.767193760434619,0.689883861738415,0.446433370566102,0.221493863451877,0.0549104129226759,0.214135652151915,0.166266112558047,0.147699014287341,0.123070995743177,0.103014021580229,0.0736392287482822,0.0372629041275162,0.0110658511504014,40187.2197602359
"156",-0.219203484296947,-0.255654851531155,-0.163825824537248,-0.044499700491375,0.0570452136457784,0.0986967514996704,0.0666318950326612,0.0120590276646933,1.14540284117389,-0.398634866565496,-0.152149528662519,0.131565945706326,0.211167285827609,0.52080614766073,0.758537330520822,0.943212638924271,-0.134167090164413,1.41804414075641,1.15291502626231,0.85113729681884,0.748275228961258,0.448203491894309,0.224650876342611,0.0531625395808423,0.212594179991888,0.162733987861921,0.14500245766454,0.125812933150688,0.105432326932246,0.0719006818014395,0.0383994495935636,0.0109121579277581,40194.3087917309
"157",-0.220954903234388,-0.219008062953308,-0.152164980752888,-0.0310335229141654,0.0155258326627618,0.107720362407043,0.0599266663159887,0.0124733526266695,0.0414715268364826,-0.303857867578814,-0.101264599427662,0.143661107044533,0.298305044190706,0.523809033129642,0.762311015500196,0.942420003232003,0.97002150561863,1.31402336795255,1.0992897488085,0.83577664324488,0.672725012334871,0.441624903364892,0.223087818973271,0.0538335209998194,0.209817133699563,0.160963139899052,0.144651763721516,0.124818642740626,0.10429740398014,0.0750641277989874,0.0373299001038297,0.0110286579191807,40204.7913455828
"158",-0.183925578497415,-0.224034489650197,-0.159260579662641,-0.0381137141457253,0.0358584849797353,0.0838518112873011,0.0694944994551634,0.0159106828127808,0.844213106390766,-0.363961174316605,-0.101751827985746,0.0848402200524249,0.271334191410531,0.53088155977201,0.751866896573623,0.940488204116796,0.155883281478491,1.37615374961193,1.10383605839065,0.897471388213458,0.692244752690772,0.441320764757823,0.231418377225375,0.0548558763435309,0.212218158744025,0.16659084300783,0.14432319823125,0.123968710110261,0.105128323584217,0.0733229525057877,0.0376768713958184,0.0108923614930019,40202.4855065494
"159",-0.198539501912918,-0.219458139932728,-0.141989512842238,-0.0569889451495644,0.0311117950657797,0.109210587537829,0.0597930306451243,0.0126364613422971,1.05219088519184,-0.309880009857451,-0.0873508449038597,0.153488012118283,0.284906177268899,0.527372939101261,0.759968407432612,0.94244606494148,-0.0501046843748817,1.31835576286039,1.08362757851952,0.831500584138559,0.679976590526059,0.437714916848017,0.225477775909508,0.0538145523964378,0.214563012841666,0.165529527009196,0.14777599682022,0.124422474589507,0.10309803381166,0.0720193052057276,0.0377609126757857,0.0111223275848193,40200.8686216498
"160",-0.224354252634799,-0.235121702869867,-0.105796742134576,-0.0569149693462699,0.061892999996847,0.0839952561184977,0.0645864263213331,0.0130735462737555,0.902150132505969,-0.453618344275616,-0.121242923270516,0.144521201258589,0.238546437158931,0.536575792603622,0.759995037787692,0.941595061856151,0.109145606336524,1.46644542034099,1.10901735182351,0.841937072703881,0.719099190057475,0.435197554722626,0.224160742096778,0.0545497319690243,0.21306903383489,0.162867295388846,0.143588835613255,0.126415535245149,0.104614236111552,0.0733190597836361,0.0377925794747714,0.0109196461810479,40202.5309239658
"161",-0.230043590703713,-0.228911954331708,-0.148814624002106,-0.0183501256527457,0.0488865980514014,0.103207827910204,0.0623961042129541,0.0145827670138843,0.872243218338957,-0.328352823384262,-0.125509713515934,0.12565877120042,0.260922270730565,0.512695160593142,0.757762695135117,0.940345404858301,0.142413469860459,1.34216055642447,1.12318874985959,0.849035758429369,0.700384094108468,0.455208444984207,0.227471827356817,0.0554097037788979,0.214214873510332,0.158093696382203,0.148297896949865,0.126368812726412,0.10375139696909,0.0745328099316223,0.0382183078998087,0.0109888327055233,40202.2742202162
"162",-0.180780686950296,-0.237557997163008,-0.18088985616524,-0.0184362485913955,0.0372844712789458,0.105732813639785,0.0570819172994243,0.0133368773613554,1.04639068384356,-0.187038817878282,-0.0845792226017886,0.103385668048562,0.235787813053116,0.513291267550398,0.758084075385334,0.942776584429593,-0.0466853187049147,1.20320520524066,1.09231274000482,0.872725966870566,0.729795323346935,0.45361119384812,0.229421047653324,0.0530335998410451,0.211244950810054,0.16314011395351,0.14348301804467,0.124880109679857,0.104917644520436,0.0730467717667976,0.0374895827606643,0.0109399548399956,40192.2135682723
"163",-0.206496479459973,-0.230375380753482,-0.143945330600236,-0.0206350741959335,0.047681188176124,0.114455139959406,0.0667425473905542,0.0119162420219562,0.345968277529687,-0.415732301996684,-0.139261530827824,0.0993329380096798,0.243275798978074,0.510651469940133,0.756735511908687,0.942129439217151,0.659515277027043,1.42907629960259,1.13612966731862,0.876205500126044,0.718354107485221,0.453087913819506,0.227083160810214,0.0544231185616089,0.211167974943887,0.163572463680922,0.1433453154337,0.12568801649459,0.105788638201879,0.0735327628514841,0.0370747246556578,0.0111115520625902,40205.7490621759
"164",-0.212147304012935,-0.211543056289537,-0.141733250752866,-0.046466598369192,0.0246542947359301,0.0978808164273681,0.0601142196943794,0.0153489869040131,0.658098355445855,-0.431134282545669,-0.0915043552650443,0.151415577539294,0.2659817356284,0.516118677593602,0.759653440943551,0.939625577649549,0.347741344963723,1.43867960501772,1.0875838013812,0.832507510318445,0.702188330336411,0.452401328773107,0.225759941137864,0.0557927267551832,0.211415598434679,0.161459581842503,0.148665081855981,0.127605282248935,0.105685503177001,0.0726660002972385,0.0375924314342257,0.0108816959636891,40202.4764905919
"165",-0.272614609971055,-0.251161213415198,-0.141264094146594,-0.0461286247148552,0.0538749001824535,0.0889621825028211,0.0578436197964118,0.0151592570857195,0.113612067786659,-0.388347168370186,-0.0599765694205857,0.198922249478544,0.258261488456636,0.525238788577174,0.76065171299344,0.939418759059888,0.909718715389327,1.40745957605906,1.05570554595474,0.783255731173875,0.701388915508865,0.445782383093477,0.225182478988277,0.0561113574045797,0.217249862560201,0.16462500885061,0.145825130259171,0.125547490340138,0.103824250062902,0.0731758205826583,0.0363299538370249,0.0109368642879904,40198.6445769103
"166",-0.217046195594627,-0.186988129790291,-0.160473293156745,-0.0191573477567047,0.0333371178903256,0.0885383585529606,0.0574763810742679,0.0143961507295846,1.28268258638664,-0.285842486624577,-0.117431460510664,0.105526991220133,0.290156954540105,0.537218360144749,0.759226962187338,0.940468288331309,-0.274096160899626,1.28574302281876,1.11918318076636,0.870019855979706,0.67504322432599,0.433100708912755,0.227035515854508,0.0552481164166537,0.210905462338436,0.164220798033077,0.145590298537666,0.125117429627983,0.103959842022529,0.0721541252143398,0.0377350721337746,0.0110358832446198,40205.1024614244
"167",-0.16242239651147,-0.212530327561314,-0.138579788750182,-0.0387438479195134,0.0650244752974014,0.0856932294474684,0.0643141118381228,0.0131678534678998,0.239380264336692,-0.501354750544786,-0.0637786200041963,0.129705431915494,0.231589592299872,0.546377301253839,0.754546632103468,0.941498925344232,0.754963569956433,1.50919713163007,1.05886229536456,0.851723217445216,0.724358624109433,0.424943877026341,0.229806461810597,0.0545732473791843,0.212537077667668,0.163775247949156,0.145135757730751,0.122625738228261,0.101902727925324,0.0727325877471862,0.0370892637752907,0.0109439034579042,40199.4349444801
"168",-0.177339328805845,-0.219029038119011,-0.139388225229354,-0.0497372511532685,0.0372873352447699,0.104688770175123,0.0627361308882827,0.0131445840092846,1.0371460687003,-0.533391029469558,-0.0923601802217486,0.149644171702137,0.309858692120512,0.519385328960804,0.758626065800979,0.940130247454476,-0.0379926516717854,1.54205440416155,1.08772428069463,0.834342143577221,0.65338534136377,0.446841938638146,0.226465086293512,0.056207634653021,0.211335062859314,0.161601385846303,0.14485150149241,0.124243393626908,0.106080860437789,0.0739152035727395,0.0374426436685504,0.0108976948296648,40199.1850488933
"169",-0.257519669173298,-0.21756493265345,-0.196807891523162,-0.0522870065329474,0.0285883543472705,0.110802227298216,0.0602773285897405,0.0138651727927327,1.23279924165475,-0.330852821142603,0.00812720855879995,0.142505747624712,0.260164060101957,0.505151571747969,0.762382062389441,0.940453615616212,-0.211802648621628,1.3416049847924,1.00374811126518,0.84284238665183,0.707641982811969,0.460427922932522,0.222710090943352,0.0555465264716222,0.214301743366227,0.161926606528633,0.149895123513396,0.12518437251985,0.104040462305075,0.0737936628435417,0.0378351370861215,0.0110326394100323,40198.3665186991
"170",-0.262109340658923,-0.223345847787301,-0.160601664320518,-0.00124823821075257,0.0447450797421106,0.0676392236708574,0.0621841083755017,0.0134763943921346,0.18685228293054,-0.453152921144482,-0.0678924497353283,0.061290153287351,0.253645246335619,0.542977537847668,0.757192208347293,0.940496430624754,0.834693444103595,1.46540507986226,1.06972154284518,0.91112470433179,0.709336784487087,0.433711803701328,0.228239503104046,0.0555310885355456,0.204349325001412,0.162981805331572,0.145415644049526,0.125194216489858,0.103839862085977,0.073779479879973,0.0372292779085248,0.0109395179773059,40197.8840361186
"171",-0.230466067704576,-0.211771363087734,-0.133971550366883,-0.022323929493157,0.0552452704257862,0.0948300802928368,0.0641829146560342,0.0117715959835747,0.099137412411652,-0.353294150256922,-0.142621183139686,0.110512937629752,0.278135272728035,0.51480578084871,0.757177405600289,0.943553018386763,0.913068489735138,1.360947671649,1.13771972359707,0.866979160803656,0.680022203226701,0.455284369095765,0.227695980883189,0.0528989991434637,0.210916663596109,0.16487260020879,0.149825852832406,0.125883774414225,0.103668169217288,0.0725872537912426,0.037667325492278,0.0110658792530959,40204.0026701998
"172",-0.197252494700701,-0.243391927252023,-0.169680112102958,-0.0273015742405407,0.0337006208535711,0.103799130158788,0.0638382757991606,0.0122175517935102,0.237138500043577,-0.374107668433047,-0.133097443949536,0.135827228192455,0.307837983763294,0.516675076797745,0.755291989286639,0.941365323162529,0.767660391582543,1.39044005097569,1.1388082448445,0.841326236411851,0.657653411198223,0.449738334097737,0.229492654294622,0.0549623443421271,0.213348559446832,0.164157418363049,0.145455437072658,0.124638222417251,0.103526580764149,0.073755747781909,0.0372762155941564,0.010930401192238,40204.1516361749
"173",-0.21148533572658,-0.198339843722826,-0.153671159190395,-0.0229147918476867,0.044976569234688,0.0989903456601739,0.0614499584976321,0.0118745756930216,0.764592356542309,-0.426478848991417,-0.0979852488826696,0.138025640705138,0.243583271070248,0.516647498153107,0.762460682208246,0.94230503252296,0.241337590696798,1.43055111718211,1.09794777979018,0.838015511950545,0.718866423341175,0.451823283214808,0.222530869302443,0.0542927917764272,0.215885518109845,0.163181392533301,0.143002568557554,0.1268548473112,0.103069615531163,0.0741236480596654,0.0370604334697753,0.0109609690535289,40206.457175704
"174",-0.217329948392886,-0.197613645445929,-0.175341691066936,-0.0580034634098093,0.0377328053273308,0.0987397294062052,0.059173613076802,0.0124218764824259,0.593982094104376,-0.412032645432983,-0.0295773784901665,0.108049656951525,0.300125431346368,0.521823048470502,0.762097819573733,0.942705876496882,0.41563535142584,1.41496423646042,1.03612104153381,0.878828910750433,0.664286891545388,0.446297687066068,0.223518661529906,0.0534718001148477,0.216838565307229,0.165796513341269,0.146185331329807,0.126650461016008,0.100194618335614,0.0743432125855351,0.0377291097862846,0.0109520169144313,40198.9878663535
"175",-0.173967890800498,-0.22985107289538,-0.17597809834382,-0.0229009324922956,0.0322871479003054,0.0819618034489106,0.0584836199812462,0.0122641474650592,0.608407685184077,-0.378656240112711,-0.0232285017396752,0.0683937079808798,0.256613725271274,0.523239074901101,0.767230492409458,0.943175114543895,0.388354050563634,1.39242263504203,1.02995238268924,0.909556408124765,0.708271614837626,0.450535331887031,0.218577129504398,0.053107914864756,0.209517366555904,0.162006876815632,0.143340450143129,0.124992673524258,0.102295353064692,0.0737885623131557,0.0373171141767086,0.0109258932155744,40199.4739073435
"176",-0.222148917359138,-0.165348262618438,-0.179379080894668,-0.0440780470225,0.0510847742123526,0.0979226668451299,0.0605252494960317,0.0149215769276799,0.254467731059837,-0.367053782586091,-0.0475755120348527,0.119419692662305,0.249257523661296,0.521767587934149,0.762909299317535,0.942639425139836,0.757087819056024,1.36103324998955,1.05470869352029,0.865123639065522,0.710083249951439,0.44709539211664,0.222229834216025,0.0530141579623331,0.210846993616703,0.164089930977098,0.145779174163145,0.124279889826156,0.103400516662684,0.0721679191545704,0.0381832717172074,0.0109887000052501,40195.0627653851
"177",-0.203268043819386,-0.217505624557271,-0.13094642337675,-0.0100322910427043,0.0475000433137725,0.0835418267872204,0.0696254926282217,0.0124799059772456,0.209980702816915,-0.283662203700569,-0.131629277673221,0.104797380913622,0.286100871421588,0.533918558255007,0.754419474787114,0.942650666038339,0.795627943089772,1.29303627630622,1.12519084233776,0.867717400037758,0.673971843336911,0.438520397656007,0.228611888969053,0.0536692716361978,0.21580312381799,0.163058542278184,0.141911014434888,0.124911545100208,0.10379267618304,0.0724235165097378,0.0382463008431319,0.0110996984104484,40201.9139863338
"178",-0.21774915045458,-0.22643606365277,-0.136281179555847,-0.0388611698908131,0.0662243541913094,0.1045002979986,0.0544988917700789,0.0116691095583363,0.96419182484555,-0.500510027861887,-0.0360387740365019,0.15614768260013,0.256505335945134,0.52116908717066,0.76985513578256,0.944587559668514,0.0443985628183977,1.51282927789893,1.0300466088508,0.825945960497339,0.700072902144621,0.444551076344218,0.216539393336481,0.0519043171365444,0.212297937238483,0.161132703648932,0.145313639974001,0.126963670849103,0.103128162672741,0.0714286537964662,0.0377467022771788,0.0110928775375566,40192.1901261118
"179",-0.179775230041341,-0.213457436043818,-0.136586741040471,-0.050193138647409,0.0333237422420617,0.0937739487228793,0.0609128145940785,0.0142896045974382,0.940608170474952,-0.40850318767011,-0.168299152916689,0.116563100277927,0.295723073793443,0.520558334572608,0.762127428502902,0.94256281387841,0.0575464852455799,1.41751056524247,1.16403384431546,0.868299267522722,0.669722873954475,0.449741902078963,0.223264000868361,0.0531094972832106,0.213869795267318,0.16404847628953,0.141791343351909,0.126739147593892,0.105152823380027,0.0732703373081266,0.0370810805854244,0.0109795021350381,40204.5108128327
"180",-0.233493271096291,-0.262528189143308,-0.153631282135827,-0.043721616799529,0.0480482888131309,0.101567601173232,0.0603928438234618,0.0115279358427697,0.872224616358919,-0.320199758940265,-0.0332052632389726,0.164501785072176,0.22994833475701,0.523049543953081,0.759940106778739,0.941869380822385,0.142924170635644,1.34159956560801,1.03040667041816,0.818606114043936,0.732876322986613,0.443958471379781,0.22555037823772,0.0547592650595278,0.209035863499938,0.163654121659906,0.146794335125493,0.126318348000196,0.104998376784489,0.0733892148243643,0.0380463705520694,0.0110026919930218,40199.7556169576
"181",-0.157535266011283,-0.203483091486353,-0.14844178051026,-0.0612764952061448,0.0606059420299489,0.0976058568688544,0.0545472328273337,0.0135034525469047,0.48924412865277,-0.364598710770839,-0.0845959858381457,0.171182888122531,0.235377763926958,0.526752292026469,0.765126365348296,0.940597957620262,0.50187947955533,1.36904458849541,1.0820381658752,0.815538796105692,0.723396844165445,0.44126271811554,0.222537553658273,0.0555260518606987,0.208846241893621,0.16559273754117,0.14978033843826,0.126171977131954,0.107080793555145,0.0749389967618175,0.0382953122770089,0.0111234599909998,40192.8164802244
"182",-0.242709364177178,-0.240243675664504,-0.127437392176708,-0.0521567550332036,0.0401262397074657,0.108402702254161,0.053033996458547,0.0141484509089452,0.144886648900872,-0.411326633674272,-0.178500771042781,0.165430713732756,0.294222984984493,0.508416881241137,0.763086454865668,0.941938685960286,0.873276327004285,1.42883606483154,1.17137981336511,0.819272945226354,0.668703220327435,0.457073262407956,0.224513403773456,0.0538061468521324,0.215697928312138,0.160938885970947,0.146492721972133,0.125190895301427,0.104820370390837,0.0731908767976498,0.0377508584460497,0.0113360425139426,40198.0033566936
"183",-0.221273371172878,-0.206108164661384,-0.16747516014937,-0.0611702180515189,0.0372505631770312,0.0782027563031756,0.0610780862739473,0.0143119931985174,0.475088245779321,-0.360460417787109,-0.0302627278955826,0.150876661620988,0.248670016754607,0.540012034861886,0.760669674662331,0.9378113429625,0.533658732004742,1.36507842826443,1.03293022741244,0.837783095773033,0.716137850723795,0.433429915791254,0.224624216395218,0.0582222152651356,0.207194701383338,0.161520630810728,0.144557374812318,0.125794669528479,0.101677526332066,0.0735541246327706,0.0374421580518134,0.0111830360282405,40195.9726170345
"184",-0.244365968199304,-0.236681783770979,-0.149899576244904,-0.0285912456430867,0.0576816915709013,0.0920247684515732,0.064455550227569,0.0112883304569891,0.737317303767773,-0.297148872788514,-0.108184140711444,0.0993608119734607,0.242103897267584,0.516848642027616,0.75673569373817,0.943229108057916,0.280714414066724,1.3122550359125,1.1073258108833,0.879465362321085,0.716730560864662,0.453554782905984,0.227234621837472,0.0532937167418976,0.208118774485678,0.165166132688907,0.147270799443515,0.123538852841977,0.102871451329554,0.0734689698986608,0.0365348422867878,0.0110974028916293,40202.396116024
"185",-0.257281921313089,-0.245605783936404,-0.163678992264744,-0.0463394889322528,0.0438666838722334,0.109874376755102,0.0526708400018675,0.0139786678545139,0.0942592598664378,-0.309299114029659,-0.0125149259492585,0.152371423383729,0.262523423839471,0.513631500587257,0.760862289197326,0.940528424585668,0.924594635032962,1.32617302162736,1.01378528230611,0.830492557328665,0.699209965220301,0.450381307486314,0.2276960322169,0.0553355669705659,0.21639314562694,0.163930652280372,0.146812504377091,0.125208602002657,0.103987740414813,0.0738730839300341,0.0389470487754559,0.0109659122960217,40192.21616384
"186",-0.239539067846531,-0.215567654126327,-0.171685600538571,-0.0502501183088786,0.0602938910534768,0.0766796523141383,0.0676224363439924,0.0155613949215185,0.116743773933232,-0.308646623826648,-0.107021390865699,0.122169244019721,0.217152894401712,0.532450220069316,0.754062139786103,0.941349873030427,0.898520387300342,1.31658927956561,1.11166212383429,0.862962008039037,0.741432093253954,0.441680464447079,0.22956567996392,0.0538991079210688,0.208490769583743,0.16386382702327,0.144617191270154,0.124997969561941,0.103194935089684,0.0752824936422544,0.0367944574319951,0.0108111678749193,40198.0885031726
"187",-0.273452789049071,-0.190051037409583,-0.145735051890917,-0.0426543857641619,0.0227929567268229,0.101900852357362,0.054660831068721,0.0149875537171596,0.692283944953646,-0.45205967622397,-0.0945499681824356,0.182652176570457,0.304572677387597,0.508272396825854,0.762291694313203,0.940210657378767,0.334013997801076,1.45314105905508,1.09038233290291,0.799384823407618,0.662866037908287,0.45926443208025,0.224977548249952,0.0554620341168503,0.212366894765794,0.160611253079899,0.149493777566591,0.127596196238237,0.104114352442653,0.0747273897379929,0.0376841540893232,0.0108083107448567,40195.7310621081
"188",-0.228400132769578,-0.226476773902909,-0.143354540494302,-0.0394753443427039,0.0280608455970852,0.095788223823606,0.0542581133250597,0.0137835317128959,0.186565965011758,-0.387841665621516,-0.036981765393656,0.107721521121874,0.272858057139378,0.515363411286329,0.765133525334586,0.941410047966769,0.824279712566239,1.40023886491045,1.03113981904877,0.873263044662474,0.693936314534728,0.453567288399899,0.221945929016337,0.0545223947850051,0.209335958082942,0.164886265986787,0.142214002255286,0.128101653269205,0.103416731490044,0.0735225869484676,0.0386493683300815,0.0109863659176158,40199.3726425429
"189",-0.238570158626216,-0.267757207329342,-0.19060356450169,-0.0573651192384736,0.0448790331545327,0.0818730587750129,0.0558972134914337,0.0152096823695623,0.432761769764285,-0.305652014457119,0.022235578935219,0.147830574775999,0.252707523785635,0.535136808067372,0.76528686002961,0.943037741624714,0.581550129501003,1.32970717279372,0.989338015423017,0.838520293923964,0.709468447744891,0.437365525704922,0.221148521733866,0.0524566951764235,0.208378485877191,0.163179366609867,0.1437231054739,0.124592314323991,0.103511626810934,0.0741083901103793,0.0376999742852248,0.011330896959812,40193.2553562114
"190",-0.279533668536423,-0.214940077621468,-0.198265677376118,-0.0518166119780313,0.0613379962027674,0.0961557004893481,0.0598386924893824,0.0128433939317545,0.0870885704362488,-0.453248572757637,-0.126691004829794,0.134358531751174,0.227236314671345,0.531290637418103,0.76257970370384,0.942453741597788,0.942610735736535,1.46255035418298,1.13905848133073,0.848426818448499,0.729687549538145,0.43715781237907,0.222986226645262,0.0537517499469031,0.206522308407039,0.162786107466899,0.146545379017963,0.125265936094855,0.102352423142413,0.0725696583763909,0.0377091623811482,0.01095748536492,40191.501012389
"191",-0.226226720113473,-0.230770271976449,-0.106156745254634,-0.0339739837290159,0.0355922976612465,0.102822630923242,0.0605775624641355,0.0147413453951262,0.181116107977711,-0.335924156560965,-0.133503504860173,0.153102905222555,0.305774695672917,0.529037568858109,0.762724018545168,0.940101410254723,0.829801004596948,1.34921872455811,1.12027250255136,0.827559234072226,0.657740091817125,0.437231035117599,0.222407992195195,0.0555894542383913,0.209469537681153,0.16419075779685,0.146888181273268,0.126627944391882,0.104744241633955,0.0746179035911516,0.0371388643388375,0.0110006523950643,40203.5125438093
"192",-0.215307393049111,-0.191709339595189,-0.161318557230198,-0.0467801018522012,0.0583534996522372,0.10299293626279,0.0636373309559935,0.0120023285694378,0.976988155351806,-0.394586685332961,0.00273057348186641,0.134718323823298,0.260242459854808,0.536918602609481,0.762691409078998,0.94210590885675,0.0334934308270173,1.3962545489066,0.999407109228068,0.849234048406082,0.698082113229753,0.429291475957289,0.221699651887877,0.0542372384040746,0.209944805739303,0.161827339438382,0.146069968113963,0.123604081808963,0.101172983131034,0.0727462556863032,0.0368679478581094,0.0109803101692252,40200.3935948799
"193",-0.208634348134861,-0.236537373501487,-0.116995618419212,-0.0351543815012006,0.0233953231323352,0.0932465219083716,0.0607107794808001,0.0138392986666097,0.893044595351602,-0.395512642471504,-0.105485161511121,0.127598572020672,0.271532479491368,0.526403948259802,0.762723457278789,0.940711419717285,0.113352703475841,1.41136720227356,1.09486810922993,0.8533343372377,0.697860296333639,0.443604694900033,0.222447715732683,0.0552995174763414,0.213902886673358,0.161288513639198,0.148185018521923,0.12920504938766,0.104365661389624,0.0728268397133457,0.0373907673398999,0.0109488367400133,40203.8837048383
"194",-0.251056539508294,-0.247430554961029,-0.170514193604638,-0.0464583039223671,0.0325834897571823,0.0924734002896053,0.0603614887075579,0.013356587862799,0.775947515838673,-0.305660620665799,-0.102292366335457,0.137702965066591,0.295069589627923,0.514776901641811,0.760767818328173,0.940709224107359,0.243707054852593,1.32302146569402,1.10682345569479,0.845792130669868,0.670333168109832,0.455802134118769,0.224677329875969,0.055449957281754,0.208302041399327,0.165384654533003,0.145882112566029,0.12410417796729,0.105415984516931,0.0718112495859565,0.0374560319501286,0.0114336004614073,40203.0329549595
"195",-0.203229687915066,-0.184558750524811,-0.159416261302304,-0.0189070965181434,0.0341039399687768,0.0866767981250038,0.0585630277833743,0.0136997461960236,1.28336917819054,-0.277084186812363,-0.11479769746588,0.124871549399383,0.278128126422843,0.537413328427301,0.75941968474007,0.942164256564272,-0.276887188827445,1.27632514511331,1.11604725722185,0.850488214456527,0.687040148003983,0.432963289906332,0.227287721857844,0.053654559271154,0.210564543840769,0.162156717021535,0.145967643232516,0.125562210612388,0.104070992941059,0.0717641527026517,0.0377383055828034,0.0108712561656812,40200.3850517199
"196",-0.232920858335829,-0.203275618233963,-0.164151090472307,-0.0105035745142894,0.0659883841945559,0.0851448448396172,0.062639651043811,0.0126623184889745,0.99419940347157,-0.387118237793578,-0.0447540567368319,0.136076158940665,0.236212568487656,0.537583282779662,0.755698871484646,0.940714746674242,0.0188856004758133,1.39061362260174,1.04662571221575,0.837103922973379,0.721003886834949,0.433626388102336,0.229360926051359,0.0556427742469581,0.211022325504377,0.162955290365242,0.14534807397575,0.123004506285107,0.105353191147609,0.0742457789760494,0.0379764575286909,0.0107532400189386,40200.2969635566
"197",-0.199488986042689,-0.258309489274875,-0.144596116631293,-0.042896414417286,0.0363530022013235,0.0880806440939795,0.0585169401532214,0.0142835815738192,0.414271174469479,-0.400430998720516,-0.084362013594514,0.137015706636573,0.276900084045896,0.546833836483147,0.765404870703635,0.939972338127904,0.590273051051583,1.42022925512118,1.08245452921712,0.845590437804113,0.687040285583654,0.423201465418934,0.22070309670626,0.0559526974584305,0.216017957702708,0.162732874679981,0.143936148662128,0.124277580455369,0.104117625111841,0.0728319782978743,0.0374593744891145,0.0111184884669914,40203.8099084295
"198",-0.161060897778343,-0.18856045409777,-0.155857359626234,-0.0157711182737181,0.0380905697194681,0.0841244112085006,0.0689275734786998,0.0152213454350671,0.524690418052962,-0.308374921699133,-0.068368541377443,0.0854768060870203,0.26965311169722,0.534119731042785,0.750375650982694,0.939771911773117,0.468545894005168,1.30840991323355,1.06714210075712,0.889100654582662,0.694371373501951,0.438295985005657,0.233054566743819,0.055699580442408,0.216633389074738,0.163538428025226,0.141483896794744,0.125049407087366,0.102818988229078,0.0731508592289036,0.0367408995992776,0.0109529510546679,40196.5244496582
"199",-0.232379631935361,-0.192708924132963,-0.167158478568717,-0.038167046128008,0.0428164872513733,0.0978746311245625,0.0608436185815427,0.0128860739964575,0.651325079974387,-0.41318577558004,-0.0177415682587644,0.112883227333405,0.267203058300905,0.532830377773871,0.764215119062143,0.942588668462773,0.362099401950402,1.41592989681894,1.0206788318203,0.868317650617927,0.694910108375065,0.435186398031345,0.221240671669333,0.0535343771017418,0.207841407632905,0.159829908385925,0.145255072569939,0.125419216649347,0.10422216823757,0.073963240067259,0.0382609016918436,0.011058917386853,40204.4079374171
"200",-0.228300622134155,-0.231956316384393,-0.154959495217103,-0.02513585134427,0.047103433681358,0.0979071860478667,0.0653856097872689,0.013868399405766,0.557346549733264,-0.512213001020434,-0.107202626618661,0.0752929597519712,0.266000858249976,0.526808979808372,0.76081262912541,0.9401242909825,0.454352134821203,1.52501525643301,1.1076140336795,0.903772068288564,0.693407770488754,0.441287985656903,0.222818226288008,0.0557263958553399,0.208834243281667,0.159579049757511,0.144750966734716,0.122420928102478,0.102810173347373,0.0743445286542902,0.0375405595906705,0.0109252370956472,40194.4363758326
"201",-0.213926950558771,-0.228842723575621,-0.163836501764906,-0.0451167848979099,0.0293153725679851,0.0900046035610169,0.0544587734117921,0.0147882084546318,0.944143427193577,-0.346319348648235,-0.0938636140944464,0.162555061871566,0.243183789708316,0.537035563781318,0.765876653880642,0.941959979956792,0.0635555169730423,1.35902711772576,1.09707880302526,0.821016588312272,0.723520727016043,0.433080582017506,0.221172100770632,0.0535734225261294,0.208867118938937,0.162408642719098,0.148323455501273,0.123886387819869,0.101853975675836,0.0748628946374774,0.0372153744574183,0.0111391593696153,40202.1179882467
"202",-0.229582619369208,-0.191737563926043,-0.171904074754433,-0.0316555606369173,0.0510714408129232,0.113213804932982,0.0623670041927601,0.0122654104237406,0.27507971245279,-0.401427310113599,-0.094449567530319,0.120344605007124,0.239578106441297,0.49966404870203,0.758098396417399,0.941301963948766,0.737790413588383,1.40289342592671,1.09955159543086,0.85891419436157,0.722130548994251,0.465801758659136,0.226887390669215,0.0550014699796197,0.209975121172677,0.161715081852803,0.148078206566162,0.122384792061587,0.105147759841196,0.0721821757799308,0.0381114552365867,0.0109221901877848,40199.7131969352
"203",-0.291775151142462,-0.235791164539564,-0.210720514325575,-0.0401618672297115,0.0455661973560312,0.10057198063657,0.0676851287874462,0.0145747392318224,0.104810880696809,-0.337048137818929,-0.0163379943733756,0.104549867608097,0.273180164309737,0.525012228142556,0.752200000987475,0.940001492636984,0.925509098843421,1.35090247049261,1.0311974260771,0.876695037512491,0.688332142793889,0.442606631082411,0.231547484127264,0.0556494446416921,0.213797566045252,0.163755592683616,0.150428353721684,0.124765968093612,0.104645109956707,0.0733067896840323,0.0371065806508214,0.0113171489270878,40194.1954489284
"204",-0.193685042663833,-0.229700890975874,-0.145004543549053,-0.0539950228872812,0.0349276761523181,0.0999499155421573,0.0598240656565048,0.0148474404875818,0.596047761326141,-0.373912541440743,-0.0852764495300848,0.127269324244416,0.276578588316489,0.531908464850974,0.758410239108235,0.940529669316135,0.407568193787331,1.38724391142128,1.08228160239105,0.8583734891776,0.687039938626971,0.435231512146583,0.22710569315964,0.0550391618872943,0.209217012098282,0.165559224182596,0.142907412325723,0.123274374529247,0.103457033076084,0.0721242803270029,0.0368700456720609,0.0108801356669737,40204.3981059885
"205",-0.183143498858872,-0.222520486547646,-0.137361977625196,-0.0594603690871982,0.0497992582883513,0.107512161990051,0.0647023334689588,0.0126303744014974,0.231042363764514,-0.386144762008528,-0.0978357179831732,0.120858288138992,0.251312406789888,0.520191372414132,0.75703951479103,0.940361013264853,0.768659559074229,1.39774582937622,1.09188002275361,0.866286212678441,0.709825686291169,0.445105731453893,0.227595180690482,0.0559222694557044,0.211444049051025,0.168921574499373,0.140003295011925,0.126728636187813,0.102103179824757,0.0729364511493214,0.0376896380424739,0.0108977193985975,40200.1407201466
"206",-0.225174246055029,-0.225673207511359,-0.140286905904888,-0.0590626506510137,0.0292639127247951,0.0834275716976097,0.0565355224449561,0.0118105232459333,0.528043812759819,-0.315819141120275,-0.176239326393103,0.220057223264164,0.278527643626388,0.539450371118251,0.764357429736551,0.943917830938665,0.483330398870193,1.32682077326743,1.17099300614515,0.766398758377836,0.688611827811537,0.432960154870848,0.222462835378073,0.0525757187494182,0.212733887347478,0.162453143708078,0.148203763909964,0.124153566635893,0.106417759010124,0.0739383528547746,0.0367961958717112,0.0110411854194427,40196.1559073839
"207",-0.197507462245759,-0.218095490686563,-0.167823269518767,-0.0525236213444525,0.0447911018194384,0.106546179879008,0.0671566362139603,0.0125521361859796,0.143887974916177,-0.388304140294414,-0.0389506270416465,0.117715158997831,0.266533388053715,0.524409485405305,0.755622817093302,0.941653613458689,0.858255337810425,1.39835183238143,1.04272206584167,0.867973836858342,0.696240036890555,0.440803538799661,0.228122057699797,0.0545961968930001,0.215343657160853,0.164943545095911,0.144568512504519,0.125082497614832,0.103540487750787,0.0732814873375669,0.0377478591672326,0.0110496819990809,40206.8198856293
"208",-0.212404320204137,-0.212171304332969,-0.179119139180046,-0.0492801621435541,0.0372014187431482,0.0755242412880176,0.0698020597220388,0.011994432049187,0.260267984659267,-0.283373683598984,-0.095504290614739,0.144305101045835,0.254171157506583,0.542423678704345,0.750169650016879,0.942932295130355,0.746645260261273,1.2916567498641,1.1018482979023,0.839931424580895,0.710678640982334,0.432502070696159,0.233479996528643,0.053422536015439,0.216443719694323,0.163500260614893,0.144995185293521,0.122302969304786,0.102924794998733,0.0732927596536824,0.0374413613591365,0.010800047673748,40199.5508462919
"209",-0.221142308053812,-0.205525004690473,-0.142872149366374,-0.0561471018124992,0.016851758549914,0.100451867176186,0.0630081156172844,0.0110183784825939,1.01177608400601,-0.377879293478548,-0.14634541981793,0.150807486540275,0.305577618264716,0.520005057672411,0.761526451573233,0.943778345271932,-0.00222378570566238,1.38394941434573,1.14434429263082,0.834448938329761,0.663607804712713,0.448407634553442,0.223047464277772,0.0528567611985291,0.210690238550525,0.163939882020861,0.145188723179385,0.122985972400331,0.102035308710677,0.0727588508849477,0.03692024818827,0.0109625980847878,40203.353870187
"210",-0.196441783843389,-0.235170578996929,-0.15021712438031,-0.0416346985322133,0.00860232323581628,0.0933621278561814,0.0540862592379386,0.0145279024690284,1.09255799119081,-0.283397158984971,-0.141866272142408,0.12658505372686,0.301005608246867,0.53013955227441,0.762186564781667,0.941249791156715,-0.0887022907350875,1.2975299104923,1.14094013973813,0.855563073817801,0.671441835468428,0.43986398188278,0.2248697367257,0.05455069291813,0.21524914958712,0.164713712858526,0.146251141931958,0.124334461176108,0.103744608946891,0.0738070846773809,0.0376739669855817,0.0111274564371013,40203.5547685996
"211",-0.199041524621813,-0.20995525114843,-0.150281293929594,-0.020025857858527,0.0371757448158008,0.1028351049704,0.0654000088496889,0.0154995406160136,1.31580879319913,-0.385889589327175,-0.0568008054451661,0.0820289500876647,0.296536537881184,0.532796029992171,0.758721671874487,0.941033315232901,-0.313297306014966,1.3930556238195,1.0552406053159,0.894984156325004,0.668311284613235,0.432718691638791,0.225029496606755,0.0543508067222646,0.212300806702827,0.164759432129787,0.145115361053371,0.129389429746102,0.102809658818907,0.0736247330037941,0.0370356579448099,0.0108849163225125,40199.2111473899
"212",-0.22302689251167,-0.223735156008725,-0.134914202505301,-0.0270191486116109,0.0314539457167673,0.0963897592868093,0.063816615109393,0.0159878492907715,0.268422808827971,-0.435128522310832,-0.159403464617975,0.112986047571872,0.260359177052364,0.543985849276452,0.754645777871825,0.940309136374668,0.741518234799693,1.44729224803253,1.15269017323086,0.864939738425332,0.705909493970858,0.423487833117405,0.230292728421133,0.0549890611048127,0.217175782999023,0.163860399633812,0.141563514470682,0.127073050636102,0.104633433187985,0.0730691257178587,0.0371291013465471,0.0109843037772035,40200.474665803
"213",-0.243885160170247,-0.208413394537383,-0.140220809328135,-0.0294053022748769,0.0402655784179677,0.0982824879777148,0.0622661222375586,0.0130968424189582,0.248014199347127,-0.487393760762595,-0.188684885050256,0.12361026036156,0.262639203341335,0.509289360819062,0.758923932671113,0.94207294800286,0.765194258736125,1.49449369144081,1.18619375472784,0.854609610604432,0.701665133343293,0.459819971191152,0.226495083991332,0.0539549758711803,0.215199432121827,0.162423738007817,0.141807847269893,0.129321562465668,0.101439464539706,0.0732541896262413,0.0378667994128166,0.0108851597422711,40194.6518937615
"214",-0.238952981482664,-0.225387352870989,-0.150129320701585,-0.0533545173148206,0.0474589257639279,0.0804370484680402,0.0560224687073359,0.0144933324542658,0.237774935148035,-0.342748829956458,-0.155008486979125,0.138362287795786,0.288233949946553,0.539828362043846,0.759608669776437,0.941395075462101,0.777051323259858,1.35371023848171,1.15365905139822,0.846021603803208,0.671760463546264,0.434109074704238,0.227432050876954,0.0543899085210517,0.210782779125635,0.166298060415071,0.146205043785518,0.122764201972586,0.105057296396333,0.0724395296237632,0.0374713829346629,0.0110555779858572,40201.4875928108
"215",-0.229449898583427,-0.22934037843875,-0.202092073372971,-0.018307450124715,0.0451569620683765,0.0886058518323584,0.0631426093791573,0.0128309436004586,1.26867400674728,-0.317426630057822,-0.0242160073491208,0.112417039470042,0.276598826550788,0.540605132091158,0.763174699577245,0.941129793803052,-0.25758537600161,1.33032599376667,1.03801331960144,0.862928178662003,0.685990326201242,0.42910361740382,0.220888225279756,0.0550867643330494,0.210091555654785,0.159997832452639,0.149766847458814,0.127979186000937,0.102284143403737,0.0741799358164308,0.0379414699056898,0.0109940551884489,40197.2145008507
"216",-0.206945808360408,-0.231891790450242,-0.121525569955649,-0.0480789962052739,0.0451103984630891,0.0881972304640717,0.0631806946021164,0.0141633431671867,0.593060850286644,-0.275283915606185,-0.108139168724071,0.138543642764891,0.268555546206279,0.525252148455923,0.761218331052008,0.941463124658903,0.412360576534244,1.28791898789971,1.09795147666433,0.845772057437947,0.694486717929919,0.445668997921111,0.223389347703563,0.0543523200117153,0.212006351128452,0.170694734737922,0.146347213447659,0.125737033611356,0.1058391794284,0.0726370058303513,0.037074598280817,0.01117784808223,40202.1914460877
"217",-0.210337446224526,-0.19393026777884,-0.176597081093959,-0.0262591790379657,0.0337984448167845,0.0965343188342402,0.0636044065473575,0.0118219435734175,0.744774682154052,-0.410477184860422,-0.0850558886970149,0.133467011410068,0.296132706272237,0.520834142791867,0.758858355354628,0.943894784262038,0.263094721072231,1.41362568985689,1.09240442072125,0.844959335847626,0.66871360023543,0.447519827258825,0.225827448026084,0.052589623370775,0.212470082397505,0.161230196307571,0.145844992219004,0.127225285515467,0.102040193976339,0.0735571452543033,0.0368916069405134,0.0107827869722937,40202.7903312322
"218",-0.206329691513893,-0.262275814805201,-0.15387435995884,-0.0595625100092106,0.0587160898369931,0.0897289412082715,0.0635041073432249,0.0125517231895935,0.627528251469912,-0.365274768446588,-0.0667465473082518,0.0947789323301575,0.24757765479422,0.522943451869228,0.759909771827577,0.943283740371067,0.378576960331534,1.38627565512794,1.06528549821507,0.893506866873431,0.710185607630504,0.447458543309685,0.224856496752533,0.052839469618566,0.213124381841257,0.165423073835322,0.142103042487588,0.127279636518115,0.102162347232233,0.0733626040252131,0.03735742322118,0.0112808051280901,40198.9527610323
"219",-0.232616675571007,-0.214176059892176,-0.15520980028706,-0.0451162095330358,0.0435917632744971,0.087607510590287,0.053290558698677,0.0128624626728959,0.329071311566245,-0.273790682876749,-0.0759760576623684,0.145373663104573,0.279452851998456,0.548147991043581,0.764585858871963,0.943644047328712,0.684844417227071,1.28127536616004,1.07577155959325,0.838912499596083,0.683609309366128,0.422104935745504,0.222840811516661,0.0524049756216363,0.211512578628672,0.164466086902297,0.14481204806375,0.125223703763096,0.105205818098472,0.0749450056356478,0.0366701393661148,0.0107657045588773,40200.5619048083
"220",-0.228021410650793,-0.251936057348465,-0.114185600543874,-0.0241377921019811,0.0542160906603258,0.100554378660528,0.0598288559189448,0.0153572644788104,0.99142182683204,-0.347862517592539,-0.148935447995721,0.126023424995296,0.253587939596972,0.507845575080502,0.761093069538976,0.939983051201836,0.022501636236317,1.36706521258577,1.13682633517698,0.851811443414391,0.70632100897096,0.460278205976815,0.224747658977197,0.0554604343534649,0.209403191927015,0.162943421920617,0.143812189308324,0.128376362650849,0.105790006262512,0.0718478212240936,0.0377809258788125,0.0111707565625558,40200.4443517046
"221",-0.261189481475645,-0.233975061081507,-0.166972017290251,-0.0274738760391645,0.0578395554724195,0.0935805730926955,0.0625513029030161,0.0135660925791525,0.165613341966382,-0.44848442028192,-0.0910241454392774,0.123039019402009,0.257190102789335,0.516903421638732,0.761304312689326,0.940979001507811,0.855149855432399,1.46161355230108,1.09501681727597,0.85518917879397,0.70141140773278,0.452887219112947,0.223830806258894,0.055064597175251,0.218052707288854,0.159720667366618,0.146364678433941,0.123016446242538,0.104711633021908,0.0725250292321176,0.0371223986821052,0.010946916252335,40202.9683577632
"222",-0.220369367267921,-0.216235912903421,-0.142508309618969,-0.0352213381831472,0.0581229863435742,0.103104990958247,0.0621386717495341,0.0119405818289401,0.406409706697969,-0.471895698123417,-0.0603744143143123,0.120397836783053,0.237326828574074,0.536129886416787,0.762649615046799,0.942353899767512,0.604399648299488,1.48218158238391,1.05639078106324,0.860103247003748,0.721666667441865,0.430415061394915,0.221633582504949,0.0539578871647659,0.20991660908847,0.164249783834997,0.145252731807408,0.126856809707129,0.104092444619424,0.072741151830144,0.0370363898868527,0.0110260343475858,40201.1417432468
"223",-0.221227599659332,-0.180069910224909,-0.176746362297604,-0.0230815555783394,0.0484302650140518,0.0938193227975569,0.0595206956592468,0.0141957830052628,0.975099088456703,-0.258780195629906,-0.0563909364951513,0.151039745102328,0.264067403606947,0.538679474591584,0.760260080773347,0.942067588089301,0.033835035636619,1.2577828008129,1.06245076267738,0.825082918595142,0.695894051176829,0.430456220302765,0.225418788753822,0.0537414656936329,0.209837821999478,0.165378518592139,0.14180950178553,0.125568511952794,0.104313301867022,0.0739478928631248,0.0383151676958611,0.0108864886834075,40199.3750395922
"224",-0.241089365858602,-0.208107210561629,-0.133445070957149,-0.0160506997972284,0.0524003375992578,0.097425887272058,0.0649284961049613,0.0118220812416419,0.261855161739273,-0.310370458685053,-0.0556181536472654,0.106796320758988,0.266034757459817,0.526988006707643,0.756609282219401,0.94215872285952,0.754376377211331,1.31715238423632,1.05084278215627,0.868747442609847,0.693715871494378,0.440808272741811,0.227675193967155,0.0544194377756394,0.20936665470602,0.165602302938642,0.144363515632534,0.125053885801553,0.105597243118302,0.0728752220284757,0.0369414375861013,0.01092937569053,40205.2739955548
"225",-0.25601735634876,-0.223867697967926,-0.154772004234386,-0.0270484192428482,0.0387799908711337,0.0829515677936078,0.0719095273888915,0.014034411476621,0.871563579288668,-0.33963665855098,-0.10698665552341,0.128056897203571,0.25352443898198,0.545248489804594,0.751689929401198,0.940148149102177,0.147986278533039,1.35169488487276,1.10767561433127,0.849842913955534,0.710879363620754,0.426447705519918,0.231299429024863,0.0556374724055635,0.207854906678292,0.159963455504783,0.148372466606748,0.122848444655524,0.105121951269152,0.0741567842636557,0.0372073931473121,0.0110560414624673,40198.5162434796
"226",-0.196124140504021,-0.235869645203958,-0.146809336058213,-0.0468127473909019,0.022435792723214,0.102806159653746,0.0621281429991842,0.012970761310788,1.21490260324817,-0.296478618324812,-0.177694740933184,0.148282632301326,0.295070333857787,0.537369419548534,0.760030191261905,0.94092547749055,-0.211529382374758,1.31109035866994,1.1757805141051,0.835568430020028,0.673679049850335,0.427569895000124,0.224976851562746,0.0552033304988272,0.210794698829513,0.16131491235988,0.143338920239023,0.125822279103904,0.10661665521085,0.0739173107085204,0.0373386877429274,0.011051635562128,40199.7930224193
"227",-0.200843859948223,-0.23675700620213,-0.167821437441623,-0.0280854940450641,0.055348463414151,0.104963904834715,0.0569343972565856,0.0120587702042235,0.947142934136628,-0.284852812554323,-0.101855773246073,0.0587304854116669,0.234934260103251,0.52028240830765,0.762064391231437,0.94108552249792,0.0587785396719882,1.29998812037016,1.10545625427914,0.92022364267094,0.725009405587281,0.44593389316605,0.22407532961605,0.055295597473803,0.214530463625077,0.163054555297512,0.141774509286523,0.125476484898761,0.104326579230953,0.0747782862621134,0.0369262367093642,0.0107161945712183,40198.8881837404
"228",-0.19379362159179,-0.270826590174132,-0.121244831045005,-0.0408129937895658,0.0470980717813962,0.091620138426541,0.0627798650259107,0.0135010754106782,0.506354775911339,-0.411881744272479,-0.156644468862862,0.129971198358332,0.230086867088219,0.527514965996121,0.759289758797277,0.942655347494497,0.494690311891829,1.43614630327389,1.14773795116024,0.852704150828799,0.731769006812774,0.442894258511949,0.225554873442964,0.0534709593070102,0.212670716050794,0.16263794416732,0.14636140505952,0.123423107152265,0.104084351992804,0.0736022404531513,0.0369293978547529,0.0109489541789059,40200.7677286045
"229",-0.245961625664933,-0.21842960348531,-0.189267445988736,-0.0583436541054907,0.0464416172231029,0.101616446528785,0.0622686968485689,0.0141294515414729,0.796410016852373,-0.278104914915392,-0.102982166804276,0.170501022751437,0.273507818873074,0.525066570025739,0.763186687646527,0.941086316663171,0.221991805067537,1.28634150856592,1.11222046406301,0.814726521962215,0.68695595645301,0.442382879144295,0.221449748539169,0.0547153294155008,0.208174247697407,0.166173052852168,0.146114005129767,0.12456519642786,0.101630960513661,0.0731380726174071,0.0377995770532894,0.0111235810623097,40200.3624440353
"230",-0.195738770622126,-0.247081990817545,-0.157081563794521,-0.0427085860254886,0.061209864182811,0.113238435143246,0.0621820770467024,0.0128669205604878,0.519962399677552,-0.455468823409814,-0.0531874509847941,0.132635134958771,0.226782663718662,0.505717310678465,0.759778592937176,0.940358558664491,0.481567777938786,1.47411453149462,1.05406724464885,0.8490015850892,0.732161012075282,0.458871174706902,0.22512462896188,0.0560003759989588,0.212304726985952,0.162350187480825,0.143317453734889,0.124355186854521,0.104588901861734,0.0743263613535037,0.0374788691701696,0.0108363337951094,40201.2187143578
"231",-0.240654906100839,-0.231461587885562,-0.177546460674701,-0.0461552048395517,0.0424867988011527,0.110863548643155,0.0594635413257496,0.01372182749565,0.773110045216238,-0.464112752697621,-0.0475718795998113,0.167428565225893,0.298607008452252,0.513465635518494,0.761491869175213,0.941692457906144,0.242872042636738,1.47732673638543,1.05406686857883,0.814719091625838,0.664103726438684,0.451421539993024,0.223885540264007,0.0541485171852802,0.207590809716675,0.163578590240201,0.147483998970749,0.125886590467266,0.1004975808238,0.0741882049103228,0.0374054816952527,0.0109382066783268,40200.9696510304
"232",-0.157572965588002,-0.211989432931969,-0.161657086557551,-0.044824486921644,0.0297861948872021,0.107920519600627,0.0630866061533977,0.0115142415877827,0.221155180633848,-0.428376699629609,-0.113200684377294,0.147613920092022,0.280442230137131,0.535916152934659,0.759081714424511,0.941220841857001,0.770866344255923,1.43668690503594,1.11517607965969,0.833957692777922,0.685663277504902,0.428431323529402,0.225902906422192,0.055427997814751,0.215690533935854,0.163246520933157,0.148052297313339,0.124095503755958,0.102149081880716,0.0734076422953742,0.0380621921779359,0.0109795570307524,40199.6989070736
"233",-0.197539321907493,-0.211678332518084,-0.129953724903488,-0.017363700085435,0.0386486176660715,0.0973933376784632,0.0534310043510169,0.0129805490072786,0.742019933284743,-0.402696270128244,-0.143747279474042,0.114185402465698,0.281743526361969,0.531623384204867,0.768970878404539,0.941264422374831,0.260105266184289,1.41001108801417,1.13607151558947,0.861307968572945,0.682174683013902,0.436132612301155,0.217863146983837,0.0549538136452338,0.215749611653058,0.160906120642066,0.145361580981593,0.126712747530303,0.101764213812667,0.0724374085701552,0.0373759810702612,0.0108729310618895,40203.8529475725
"234",-0.237241399137508,-0.194852016707672,-0.12601378765734,-0.0407994080050414,0.042366481050398,0.10281310254488,0.0553785041155105,0.0134992710045034,1.28765895819832,-0.334599310614737,-0.180049123674463,0.123181308545955,0.263827968981613,0.526679038460693,0.767112994566643,0.939983981888225,-0.274021243249606,1.3378194029119,1.17121286917239,0.858777587159669,0.699498626029795,0.440626287907904,0.219323072509323,0.0561840254144303,0.205713738113983,0.162617057886599,0.14221963902111,0.125612706621564,0.102256061130172,0.0757546310669675,0.0374039016611778,0.0110303445507073,40198.6362710597
"235",-0.191182122134279,-0.215140105813835,-0.120041202805877,-0.0468424121892779,0.0200099927173321,0.100405954293853,0.0664230565214684,0.0119692949946242,0.145401614293219,-0.351563482325862,-0.157247603476635,0.154397211967488,0.268753611173447,0.51496217619989,0.752879033746455,0.943051572927471,0.857323746513971,1.35950391843591,1.14812019380967,0.828716097086276,0.700649774511302,0.452757606444348,0.231026602673389,0.0534279659156531,0.214119063560683,0.164009121931832,0.140899973641921,0.125584977596189,0.103600737038171,0.0721859281404928,0.0383700055213716,0.0110946686108292,40199.7970300665
"236",-0.206126191149822,-0.243869099956306,-0.14690391109356,-0.0430840189896551,0.0418044402900172,0.0931349063789242,0.0587964623486459,0.0126268971122549,0.412249224762435,-0.517671147951801,-0.114910025042095,0.147820151272138,0.294373119290128,0.529665055221324,0.761716920203336,0.942447224539294,0.59214913805138,1.53461291971012,1.11207422816211,0.833930410145499,0.669875111955132,0.440677822900685,0.224120675375305,0.0538164241194704,0.209854544286244,0.16643271839262,0.142437926245856,0.124004711945973,0.102671843525144,0.07426554220707,0.0381941326473691,0.0109624761659247,40198.3288858756
"237",-0.184833424355182,-0.246021622125954,-0.151238501266344,-0.0380022357958908,0.028822932631432,0.105626583073117,0.0653771404195242,0.0126951118484406,1.36566228545678,-0.258092896096161,-0.0815258081331969,0.124755331231299,0.263973527987275,0.523274685164564,0.75222454198445,0.941704448689204,-0.365547285411591,1.27596293574268,1.08058965198945,0.855437523670968,0.702367235120491,0.443279548575276,0.232529389697038,0.0544460562373206,0.209699702655242,0.166472831022673,0.147137456007839,0.125116779672565,0.103481245975618,0.0724640742326809,0.0370870765447369,0.0110146219655724,40204.1096461582
"238",-0.197190719666454,-0.218711144957601,-0.121082171704351,-0.0376533035736425,0.0581067247637779,0.0950055281461317,0.0613651013576055,0.0146202783559066,0.795264129152972,-0.406677972617294,-0.156993065222295,0.143000712180115,0.261635830921769,0.499732187103241,0.762833734802855,0.939061651977324,0.207938491589645,1.41743674162911,1.14640744164472,0.837946079754048,0.695564897734601,0.470711277673022,0.222318921722122,0.0567526887133845,0.213156794503595,0.168741680198932,0.14300158548601,0.126561338131294,0.106266108484197,0.0739519704468683,0.0368246087033953,0.0109775662232687,40196.4896433863
"239",-0.18660084857316,-0.240271886823657,-0.110684932031467,-0.0111537215637264,0.0255969815903975,0.10208677418883,0.0543811302827053,0.0152231326178897,0.675574453105539,-0.388084150246732,-0.105557957286384,0.0548525906550162,0.307029129208482,0.506420117590664,0.762341830331822,0.940660487587963,0.3270929295701,1.40299676287895,1.09450032848102,0.919555632742951,0.660183686770123,0.461310845139983,0.224813349775655,0.0548076896020407,0.213618838394264,0.163005489423464,0.146939407332727,0.125129028661078,0.103901312940667,0.0746464390221481,0.0375297754450663,0.0112028401060963,40195.5995919474
"240",-0.201845241346569,-0.219685349472236,-0.132127118286382,-0.0198659383753832,0.0313792528180269,0.0923399498100548,0.0711273394927575,0.0149986495917123,0.0432774045619603,-0.330166024283945,-0.16694344534027,0.183644800371221,0.275559978459261,0.527242446745478,0.760560473351587,0.942070713668861,0.962973723251127,1.34108797668848,1.16237927388312,0.791566104572489,0.691613935847922,0.442254768567593,0.221837003880037,0.0533311861949202,0.211607534623694,0.16137075125631,0.144920241056107,0.12693438823441,0.102153649486335,0.0719239541969789,0.0374467074249777,0.0111034743182284,40192.5925316858
"241",-0.199979224860544,-0.239987991525011,-0.168904368039611,-0.0400841741173417,0.0349487352427091,0.104852791802908,0.066549900982602,0.0127981954753683,0.30827183139692,-0.423483739621985,-0.0659837719131775,0.0982834698293562,0.273535938895156,0.513327432397227,0.752874813208877,0.940162972298586,0.69943863433227,1.43861453239606,1.07029019759933,0.88379255961481,0.691670186411807,0.453756273850936,0.231595447705659,0.0560907217818157,0.208081637294511,0.162512959405299,0.148777117507869,0.127019590829643,0.106371578646166,0.0735801451681831,0.0374515609393349,0.011155961331413,40198.4813432822
"242",-0.19456983434975,-0.216723331658528,-0.159249106053147,0.00110762403117805,0.0772593291470376,0.0961835705543047,0.065109492137374,0.015666557022021,1.2795302468906,-0.402069477240508,-0.0292477220376904,0.0747645150559739,0.206029327870531,0.528480892530251,0.760015760494071,0.941130076726955,-0.275659251996216,1.40937327413958,1.03003601702589,0.895020824021628,0.748498002644633,0.440077935011378,0.223902400402083,0.0542075951119237,0.209389253657265,0.165445895022146,0.142420768569165,0.125471428536693,0.102473189169022,0.073995093728006,0.0372422326043832,0.0108626792741122,40195.1982272951
"243",-0.210305302887458,-0.237102585770371,-0.179747420798047,-0.041529522631346,0.0427274505003683,0.0971514503150208,0.065813182034528,0.011409069295011,1.07264031186056,-0.380293163570091,-0.0865511798284041,0.14011425380312,0.304521385432809,0.536382522660725,0.758537342162839,0.942672208134491,-0.0661671254146474,1.39591560647854,1.0945470136304,0.840939229828883,0.657174314327617,0.430323256356342,0.225681172410449,0.0539268807486306,0.218326004811138,0.164454023508375,0.145772951103971,0.125850402028014,0.104765135462844,0.0726885877096596,0.0367064991694685,0.0108886824122773,40198.5208050786
"244",-0.217134536748056,-0.238376997852057,-0.165288268175126,-0.00342614756109503,0.0532064687129239,0.092773833164518,0.0624677611545624,0.0107876387119394,1.27166458593692,-0.335637849771153,-0.0853632175547044,0.112026678673476,0.265310997815079,0.521594464571387,0.755829807065324,0.942010738837807,-0.26114724033669,1.35104629365713,1.08767170466065,0.86026506539024,0.694967026086654,0.448295361602396,0.229317508278841,0.054704711755081,0.212054528673543,0.163337093378551,0.145717558668089,0.124035640804432,0.105042084215876,0.0741498359235653,0.0380487351206472,0.0112124316492561,40201.3728376991
"245",-0.2195995909489,-0.18265837524745,-0.13981260727696,-0.0275297369914551,0.0505803788563573,0.0878271325444013,0.0629104046499505,0.0155253981906616,0.649389935101662,-0.435178249340557,-0.0845184025408404,0.0552868035438988,0.267751510879372,0.535460978372868,0.755387300873026,0.940147072458976,0.359592137990054,1.43497551917716,1.08049851891987,0.92309914086662,0.692307933002476,0.435094621564965,0.229855121621575,0.0554164019618898,0.208156475782945,0.166103648837881,0.143945069602133,0.125567698501292,0.104420572631874,0.0731285684754784,0.0373347208478687,0.0109707422270433,40202.0211624773
"246",-0.191778088104595,-0.232872426655065,-0.174924276795359,-0.059383504296524,0.0236309643750572,0.0974798213753767,0.0631984568892129,0.0137833219026953,0.205081798643485,-0.333791213851062,-0.0949046519667314,0.141812603959082,0.298311831026322,0.520176280847667,0.760002310023237,0.941391233181813,0.795634219039602,1.34595193577346,1.09992127068699,0.845914155827525,0.668756019548118,0.449006358032574,0.224732952235536,0.0544988763532994,0.210691756353009,0.165446300342816,0.145544243063084,0.129382333748896,0.103943593423689,0.0735427047809516,0.0372082169298343,0.0111214659132074,40204.610063183
"247",-0.203621131074233,-0.25034537518226,-0.129911552442098,-0.0666219633658866,0.0383747925082943,0.0976740821897086,0.0587760419004234,0.012664848732149,0.531190564821049,-0.338464407660932,-0.169168562599813,0.156762170446308,0.289589097300826,0.536204335097604,0.763511999694634,0.944377427793302,0.476121949401266,1.35682477705187,1.16322879443578,0.831813489182646,0.67396775134034,0.430832631128044,0.222086959316337,0.0518558994931963,0.213347910998804,0.16332389537676,0.145578779880806,0.123349902152438,0.103711520835388,0.0727613758011701,0.0376998240662989,0.0108790356666679,40198.1656198151
"248",-0.19834291277063,-0.252146451555583,-0.160581938462068,-0.0382546790550073,0.0309311985934521,0.0947247292226174,0.0616574460042509,0.012724154925452,0.459184022955005,-0.418759509190183,-0.0886540728922776,0.156426372145696,0.265940185499272,0.540600028593549,0.763504514354567,0.942267389105915,0.5440072032634,1.43655414370274,1.09062959559304,0.823635557024869,0.7005825832707,0.427623188046734,0.221359767640534,0.054017253494712,0.214581580405518,0.164613253553042,0.14449254007112,0.124816260342208,0.1048065491891,0.0726164789656915,0.0376577728077739,0.010999566605148,40206.2773559575
"249",-0.214018395957725,-0.232340093564745,-0.149172954557653,-0.0490678597001158,0.0432123695315567,0.0939630537671188,0.0637059452498111,0.0132463532727361,0.0941274250504115,-0.433976036425886,-0.0864738759293629,0.161069498142342,0.248655999105206,0.516053426733708,0.756912586315563,0.940443543145748,0.915415248302077,1.44480999466174,1.08430163464954,0.82208902238164,0.714768773717825,0.454222862970828,0.227782038272718,0.0557250224205564,0.210451754827888,0.16466941702704,0.149309892886499,0.125800296296941,0.102461756155595,0.0727634403538672,0.0377408870262689,0.0110464336889767,40202.9556662986
"250",-0.197876735337194,-0.22953971572542,-0.14417628419005,-0.0250183722874996,0.0180937323851628,0.0933815800636923,0.057449857454819,0.0138625248738904,1.31810539774829,-0.235092072404897,-0.140004172275855,0.112584238661078,0.248804069890319,0.514715895147425,0.763192172882575,0.941732269155033,-0.312670698912359,1.24727174217461,1.13648390099918,0.865851564744882,0.721308557498398,0.456506863110321,0.223131518515386,0.0541153844560227,0.207047591579792,0.16459806250161,0.149196870810653,0.123565018383228,0.102110819284992,0.074111872526312,0.0382732337514107,0.0112790493707681,40193.1140766839
"251",-0.230394537902496,-0.198543949399976,-0.133960762862846,-0.0677018052025807,0.0231133448257205,0.0879328418675855,0.0599441234287016,0.0134035481532275,0.133822983165575,-0.291210190370755,-0.121666934538964,0.165242541556404,0.295833214181839,0.525240419374621,0.762317713929487,0.942844531419336,0.878253888838834,1.29327944121484,1.11528920211546,0.823725027709806,0.67219484577515,0.446822497763,0.223019054406431,0.0530313497138431,0.208214532493352,0.1661337516902,0.143728403214417,0.128060674839529,0.105945772124763,0.0729331324092959,0.0375336250378284,0.0109211457792007,40199.722890713
"252",-0.204408716538297,-0.216625936320125,-0.182804356472197,-0.0268146944709753,0.0296660523915632,0.113000943290756,0.0611398622801668,0.0140197388218641,0.747964000973578,-0.416598633474043,-0.0469000953227174,0.11085233562427,0.287959374938172,0.517639717259941,0.758104359081979,0.94074125012394,0.257129968214193,1.42687352565628,1.0536473662355,0.866756857144983,0.677145165988649,0.446539097252917,0.226897862300859,0.0552670060045154,0.210588074865713,0.167957999970077,0.147308932376443,0.126876305500203,0.100311395550424,0.072731606541728,0.0370918995687758,0.0109421778094523,40197.7111745665
"253",-0.19471143432791,-0.214030613947237,-0.119021769519466,-0.0579079810841001,0.0377778887635293,0.0908607897928568,0.0515144979530613,0.0140573859976902,0.767757106072154,-0.367281109873339,-0.0856459690949855,0.168038291910819,0.270194459793667,0.527453599997142,0.76609983495807,0.941413923347393,0.233553854836722,1.37687676321806,1.07606840409106,0.817103058341859,0.693935377072925,0.443042662555348,0.221768378986352,0.054379782482606,0.214169227491083,0.166511395113699,0.14097336575575,0.124576779006104,0.10118658022072,0.0737185522345532,0.0368043267833948,0.0108472221911337,40200.0762919018
"254",-0.23546301724353,-0.248130248515249,-0.161297707017479,-0.0749872285030688,0.0469540243621339,0.0932030713937404,0.0594633577807244,0.0144372077176984,0.466015646576323,-0.409590177962971,-0.0692294674203832,0.152564891857628,0.257304951005315,0.52817489931732,0.771098382117889,0.937926201375255,0.547441387768988,1.42663119394664,1.07223392996539,0.839016372510015,0.705387845669126,0.441780021464695,0.214039765656965,0.0580483533291258,0.207737902616467,0.163613541548792,0.145728298518082,0.125246259399789,0.101452255325538,0.0724510185684249,0.0374945050292336,0.0107303302507543,40192.759224005
"255",-0.228011168032587,-0.237021444954959,-0.166463763511982,-0.0496163596387378,0.0293300953876296,0.0882286692130787,0.0520907278593364,0.0139067974935638,0.971541652955404,-0.50130056960768,-0.186808824448942,0.193508289539581,0.300431105557983,0.536900138855224,0.766652143220997,0.942154281760646,0.0416544160692025,1.516983277788,1.19105632075529,0.790495276223127,0.665886817604377,0.434607337317366,0.220491778765612,0.0537728767952236,0.206209679841403,0.162720497794204,0.142619252911819,0.126834536224753,0.104018849187725,0.0743547268401078,0.036763820132691,0.0111754228815097,40191.3341233408
"256",-0.167484319707158,-0.191861277027798,-0.141759427658355,-0.030343428650895,0.0408444942511016,0.0941551766939456,0.0655785750932802,0.0129248579960629,1.13650210780012,-0.397411508869523,-0.0781301279622264,0.0970988877670618,0.245546812891691,0.52733998453853,0.759862998815796,0.941964357013527,-0.142894750847811,1.399991793236,1.07561841382944,0.88116898351399,0.718961040385714,0.441953242249656,0.224492054192899,0.0541573575485267,0.214392994505289,0.165996334249252,0.148226438071212,0.121788906056927,0.105451687425625,0.072472878896076,0.0384167669552906,0.010989482048889,40195.9724790727
"257",-0.211478489246349,-0.281473477068291,-0.144986835984448,-0.021969292678632,0.0431966323944032,0.0863511928603523,0.071985509335435,0.0147306602151791,0.722738919517974,-0.395337760962308,-0.0786174360993062,0.116026475814134,0.266545946690681,0.520506329595322,0.753037058271753,0.93999702380848,0.284956778093595,1.42403101986414,1.07590261020545,0.860841702646566,0.696318080563057,0.45184320002401,0.228671206029501,0.0556549889646968,0.216923613173264,0.164152902641078,0.148913991116778,0.125150464441674,0.104373292927064,0.0730219540782027,0.0378443174537819,0.0110885384901133,40196.1924433129
"258",-0.225020862874396,-0.248371922176664,-0.187722138746894,-0.0359811772766398,0.00909330121730091,0.0994454449887024,0.0573813588785572,0.0131052813076324,0.767993724060962,-0.420536390607122,0.0234844327091767,0.138128822984187,0.30837309872809,0.524336132502044,0.762330283693431,0.940504555895882,0.242493338884105,1.43987729548424,0.987001605536802,0.841436425232405,0.663644270911568,0.443509861665435,0.223925956293388,0.0557150787309251,0.214502561691549,0.161102697315865,0.146911166814035,0.126501080537469,0.10264978472389,0.0738722984276752,0.0368401819381204,0.0110252416787627,40199.7774417282
"259",-0.220494758493709,-0.233242859122908,-0.153990789093425,-0.0315421158110013,0.0411187430918609,0.102731720598606,0.0610030576008662,0.0142576393939245,0.697451137542054,-0.327515907159564,-0.108625281903034,0.13560112952976,0.257808194638627,0.522369553516321,0.759435851334666,0.941109225860104,0.313271428322528,1.3407621725064,1.10880742886132,0.843058662969238,0.704508815247198,0.444928798565993,0.226271648329983,0.0546874887419342,0.210318559748839,0.160382551855637,0.145663861943708,0.123568981924973,0.104498514391742,0.0741491974917733,0.0374237198688616,0.0111778160967242,40208.1766854426
"260",-0.224410887028297,-0.215308337020798,-0.14702114690998,-0.0123950978282463,0.0378321152083798,0.0904774471563642,0.0566084374754912,0.0145999599100052,1.20394741749452,-0.350005780603683,-0.0950134672858567,0.132218995164699,0.269726486257153,0.536702557230449,0.765054852192609,0.941511623779414,-0.192244872308957,1.35840583143875,1.09336584868563,0.841290143344285,0.695235146780264,0.433717962323877,0.221683230189625,0.0541896015359341,0.215579044446423,0.165894121419512,0.14600782390656,0.121734366132063,0.103317878522154,0.0722421328437307,0.0366098197168256,0.0111000294620468,40202.7626285136
"261",-0.236849583506938,-0.2384404380881,-0.162015009518197,-0.036321862144807,0.0231355788720028,0.105816360098492,0.0669136398933549,0.0133296854446562,0.345443788363403,-0.271524931150328,-0.120408467529321,0.160717139755919,0.262669630535209,0.514368324501713,0.758642303311851,0.941909533273274,0.668932141288846,1.28742252711543,1.12248165907062,0.817682376619486,0.705790516212032,0.45145402422309,0.224979063027477,0.0540368836257469,0.208102171136716,0.165965603785664,0.143046749922678,0.125935730553961,0.105383516504559,0.0747852110413336,0.0372995460264391,0.0108354149971107,40201.4777161809
"262",-0.213233266089617,-0.196611636877941,-0.15362429074717,-0.0528936637178053,0.0347425568152278,0.107744770563362,0.0622268028134942,0.0120236990384738,0.256786338388765,-0.527209095169947,-0.123060870529309,0.099744133395225,0.260367384447646,0.514328218038589,0.755254422359147,0.940709808434625,0.750178879562333,1.52979574963723,1.12292798501565,0.885153630798527,0.705098613232223,0.451729360984138,0.229819347926197,0.0556923055003169,0.212877390568758,0.162666691113359,0.146691962890082,0.128699947367297,0.103118713105139,0.0718975163434794,0.0368204214351167,0.0109022390267036,40198.2508297848
"263",-0.202435831085618,-0.207334616820726,-0.156243904943545,-0.0452598498247993,0.0399819284382754,0.0884070389156765,0.0589776013483185,0.0135397874696233,0.512076667784476,-0.286402771067757,-0.0642075991194242,0.183787669252454,0.288458491937643,0.523583283818343,0.767204425712236,0.942801023545769,0.4941728712234,1.29402644505237,1.06411244898187,0.799052437458754,0.673795459604823,0.448023141508313,0.218358247175283,0.053208379192044,0.213478712944203,0.164822699459636,0.147169288117774,0.126966003646565,0.102870097325404,0.0721752309936379,0.0374802859875285,0.010961318135722,40202.7517565031
"264",-0.207411878799453,-0.248787064351713,-0.130958629465137,-0.0488677086036242,0.0481680926001861,0.100024542193887,0.0621236686538236,0.0131071009241039,1.38452543439656,-0.359192836264121,-0.180767419020215,0.134095467970365,0.2721379728311,0.518125838560377,0.760146109682967,0.94186487844592,-0.378516529872098,1.3779477683228,1.17490662528342,0.849450717744976,0.688885468710042,0.449008290597155,0.224998400677319,0.0542690476763147,0.210768896962269,0.165261820605796,0.14467881317813,0.125149784031285,0.100660887257508,0.0749079923186406,0.0372634297515562,0.010974175060168,40204.8175098929
"265",-0.20994531414728,-0.242881010470768,-0.124293115435671,-0.0245167990244869,0.0385161859920962,0.0772300841557794,0.0627194654343355,0.0141462798724369,0.862937464967627,-0.23117248042908,-0.149076535554442,0.123828133583981,0.287634804523741,0.541599867632174,0.756446556224775,0.941945227424985,0.144153817829013,1.24812698207336,1.14070102594335,0.853981132649659,0.674853534330672,0.432113364588112,0.228592614235125,0.0537659914832572,0.213280930985254,0.164177474400229,0.149195229058705,0.12495680881088,0.105019870560125,0.0736868250448804,0.036917529656376,0.0109146292543547,40203.0523791329
"266",-0.246339130585044,-0.243362318244457,-0.153171514659635,-0.0331047631016605,0.0278412626157271,0.0857656910600037,0.0600535250831724,0.0123968688909614,0.171876853592516,-0.340205118156827,-0.0680026652670357,0.0777394748986699,0.26167874998425,0.523210608103699,0.760203723162756,0.942026516321798,0.845642014326195,1.35736137430191,1.06808424077731,0.903515581896289,0.706614516177358,0.449613341956868,0.225597772693507,0.0543065847942771,0.214483143230083,0.162852417573383,0.1440664276152,0.125244450664077,0.101872938765728,0.0733494383699226,0.0383963560239187,0.0111030655797548,40202.6959046535
"267",-0.251381465641743,-0.194478912623527,-0.114902556879899,-0.0491381993383289,0.0363935666155754,0.0744131519887328,0.0548742617730484,0.0154389437782148,1.45581964201237,-0.401621033448991,-0.133478153177496,0.168528630080242,0.29154006715679,0.531442217756221,0.758800874380097,0.940316685620375,-0.435857524730382,1.40397755870253,1.12219833048727,0.8139522985371,0.672442865989265,0.443652893832427,0.22853179229795,0.0551433718799283,0.211678387938379,0.166089368657217,0.145499606542363,0.123980279550054,0.104476056963972,0.0735201967590906,0.0372821280762534,0.0107333890894109,40198.7579834943
"268",-0.19692709909937,-0.257526144990321,-0.14156068855293,-0.0340759658718368,0.0320874918051899,0.0826270353493153,0.0613980570030884,0.0137224234437454,0.586377289258933,-0.454164389954987,-0.0676546365564368,0.119542548336845,0.264045319003834,0.531368773662543,0.75283057330883,0.941317020667925,0.416257368158861,1.47384952760225,1.06451481301307,0.86104872512805,0.701710694868973,0.44168426786336,0.233135308236922,0.0545476273550475,0.213475027900339,0.162819381822923,0.146738836913578,0.125256182467439,0.102655147752147,0.0741513699284686,0.0373285176540359,0.0109942363608832,40204.3663596568
"269",-0.206561574054332,-0.267561820716007,-0.154292358233783,-0.0649296422943961,0.0603960360703402,0.0931019345978638,0.0585978879794951,0.0105855131407509,1.27379477553668,-0.163868270309732,-0.123553017863977,0.162465389203025,0.253726145319593,0.516046241615912,0.756423911960926,0.941580561738308,-0.268228595098558,1.18667626688383,1.12237075666284,0.826215044499199,0.704131121813218,0.454023495808878,0.229843389310073,0.0552893332543263,0.208593448880976,0.163001378305107,0.149650696717963,0.128150484165729,0.10451407169753,0.0754856298759859,0.0373901891452384,0.0112468140646669,40191.4986951396
"270",-0.197260174483347,-0.185540151426982,-0.174576426061946,-0.04620284429009,0.0532713025182594,0.11366960335939,0.0583358483679551,0.0133153548392586,0.480632482729292,-0.410587676524921,-0.0560904735674524,0.200244066513739,0.287291862598209,0.499069262259008,0.76374323803561,0.943307450594512,0.52184876516239,1.41054772584486,1.06114661789322,0.782124369739151,0.673921345521286,0.466158019502651,0.22213780850631,0.0527099063666558,0.210763269469568,0.160826367334464,0.14580511424546,0.1252225415334,0.104430413616439,0.0739199592120727,0.0378334605060859,0.0111099509299529,40193.9019092926
"271",-0.185466299075517,-0.265159850102681,-0.136799181189371,-0.0246744069859075,0.0552045941037277,0.0943664882717609,0.0670445633527748,0.0132362177343169,0.551803025086045,-0.392158914707418,-0.139199642486829,0.135894283407122,0.248045549702353,0.531189326657594,0.754521570331617,0.941686857831933,0.448615470467116,1.41537455273321,1.13298785293082,0.841783954137192,0.710735955482108,0.437751726842885,0.229210482742992,0.0544058252298322,0.206613723095029,0.164684267124062,0.146570177643799,0.12610252446936,0.102705506896695,0.0734340038640746,0.0379549269120003,0.01095199321392,40204.6465556745
"272",-0.214114606509111,-0.200706350523344,-0.19477226277118,-0.0329376676046024,0.0354927850099725,0.0825271969889001,0.0558717888040098,0.0123387755352662,0.623917490456181,-0.395067713599341,-0.0867562484061011,0.0904814725569674,0.283345499829054,0.5271841132247,0.768597074168328,0.941933724789161,0.384386359223901,1.40039288545046,1.09896976581127,0.890245325869002,0.682307543951727,0.445740862032917,0.218064126202699,0.0544461705467501,0.213963152997933,0.166200925928333,0.144585836349843,0.127009534406438,0.101761843125316,0.0748821142711669,0.0370813884726292,0.010939093880626,40200.3373644829
"273",-0.205344034634801,-0.195673512038798,-0.155599986664593,-0.0280657838995647,0.0572326723977774,0.0894603495583357,0.0646471912706558,0.0124502384613249,0.608287665428789,-0.410033448865775,-0.0762495571316529,0.153078238191147,0.259890637542412,0.526915112539395,0.758809167930162,0.941660001632453,0.398232414134282,1.41233474639021,1.07748001076441,0.824665701584801,0.698618746726069,0.444909212984807,0.225170821444756,0.0547088986274434,0.213174229212719,0.163264622641756,0.146070036899977,0.12545407781015,0.103257721290016,0.0744489622207505,0.0368695659038394,0.0112093198238692,40204.9120556076
"274",-0.244766344984109,-0.212157200194283,-0.180666466319786,-0.0479475668857564,0.0462292122615329,0.109128148568954,0.0586534273431829,0.0127033068307553,0.469808066342542,-0.401377852200958,-0.13933058786349,0.134369418297512,0.219669016787905,0.525134120964895,0.766398134549624,0.941618388120052,0.547404742426761,1.40952872131798,1.14664023823405,0.850202928665879,0.743441150938617,0.440127038649132,0.219383864275459,0.0546165491568829,0.207320652726976,0.160437583970734,0.147495774017044,0.127200577914588,0.104974420679385,0.0729238186944809,0.0376140035158799,0.0111994170172794,40198.9353488608
"275",-0.187558771754206,-0.243600799618285,-0.172149449391474,-0.0496107090930665,0.0436924247294402,0.0974899760107015,0.0570558567327827,0.0140135652771566,0.146067464776044,-0.423065994149531,-0.0812122837423293,0.193631716198748,0.266094980770907,0.519287515849066,0.759375539114685,0.940174830222413,0.85319185701541,1.43963478692688,1.08601817570749,0.78913590929801,0.69606276071947,0.448943180592738,0.227260571451625,0.0557751202630535,0.207276469825618,0.163249127073116,0.1470392857625,0.12396633938365,0.103401325373154,0.0738304411505129,0.0373093655164375,0.0109944712263815,40204.6916203994
"276",-0.182794750707667,-0.244002745207593,-0.155518854803451,-0.00447687314446695,0.0220926433072153,0.0943202726868721,0.0593834575089671,0.0130955156336255,1.12562125165517,-0.477059925250502,-0.0437575446948614,0.0532114786154209,0.291452202151177,0.520210719635517,0.757795354176394,0.940655792403916,-0.125571306955787,1.49351361500733,1.04383952407349,0.918801019325842,0.67804359294685,0.450221223761509,0.228372526379921,0.0556411794354576,0.208440494758212,0.166363818661051,0.143125242479915,0.125237825989152,0.10279860445437,0.0739074626285661,0.0362854917541305,0.0111017693403982,40196.2270063605
"277",-0.246741500901093,-0.241441521731313,-0.16029130221091,-0.0234836329281116,0.0511022975126735,0.109224577375523,0.061694186673969,0.0122768415981404,0.561113290742933,-0.255775072783673,-0.0596311826349738,0.0870755343576808,0.25615830912488,0.525219049448821,0.754728814287884,0.941420504654567,0.457496394525096,1.271292714393,1.06113731172802,0.890326696212279,0.703108577757009,0.439238067025989,0.230463840211787,0.0550397649802012,0.209524943887835,0.160162541571084,0.143629069570815,0.128022745911754,0.105395290856235,0.0723268349426106,0.0363744892933128,0.0109764959947398,40198.5518545618
"278",-0.212302965873462,-0.236675950669205,-0.102583700667001,-0.0650241564077058,0.0505504157224955,0.0862879556726789,0.0508667561544015,0.0122230900789878,0.13146147650504,-0.425274461042557,-0.164504466637874,0.12826304922279,0.276578909425983,0.527818952150384,0.76786617467109,0.94218516093659,0.875480402555648,1.43940102633786,1.15096251578108,0.860697397343516,0.68392615619355,0.443591370821858,0.220024565104372,0.0541258075605838,0.209214467763269,0.161607694298329,0.143808239973602,0.125749196261565,0.101886924551486,0.0738070173718724,0.0376831977435231,0.0109299812136848,40200.07990563
"279",-0.236012124651985,-0.265708140567662,-0.156319658317281,-0.0254467757872958,0.0443145698829281,0.100801448058072,0.0610694109661716,0.0112353436241507,0.70114996208499,-0.266598537913909,-0.0871082936731882,0.130688541552892,0.258901074959696,0.523478123433163,0.757812397236727,0.941785490355119,0.312933358216215,1.28969166070262,1.08749316437005,0.84648872844737,0.703442726148671,0.443508572734772,0.227483314591155,0.0549568803103509,0.210929664694087,0.160726612888816,0.145298695126598,0.125174286874188,0.104853138813726,0.0740182878340422,0.0371509026488469,0.0111158248771911,40207.175269272
"280",-0.19362356611241,-0.225730432964909,-0.152823461099313,-0.0249097319819274,0.0273648688401665,0.109725245065217,0.0656632705606989,0.0120369256589186,0.695189797852179,-0.382517786893775,-0.0822093519404554,0.108137944529339,0.316403480562302,0.513169087040361,0.755709612164946,0.940747278739655,0.306216492836418,1.39368471862926,1.08230119994038,0.86921681964219,0.650862635681766,0.452517566075122,0.228878425179189,0.0557426507896036,0.215238978061589,0.166328627469136,0.147129246079263,0.127173496182252,0.102441087805307,0.0736015163295976,0.036039975179946,0.0109719061097396,40199.4227585522
"281",-0.211983550197275,-0.211367134904427,-0.174591161912585,-0.0580961664683018,0.053557036720443,0.107027761883716,0.0614661946518915,0.0154786037358046,0.0242411655142524,-0.401772299501063,0.0194477383529497,0.0934127690335771,0.267319913059565,0.514815637638779,0.758276530903327,0.941019085564838,0.981441777159492,1.41016327149373,0.986283505770193,0.893855643857695,0.691885160349303,0.450208795310864,0.227325348373267,0.0544400358020906,0.208311992104282,0.162916418331122,0.144097317660933,0.124937386477648,0.103568279220988,0.0749060117431577,0.0384694292763125,0.0111321725890783,40194.827103832
"282",-0.268600573505968,-0.200372042800829,-0.146250272447506,-0.0704314113246918,0.0556907029711738,0.0926730572571012,0.0588956622385725,0.014140470580603,0.174081844485702,-0.329655048312893,-0.152989371270722,0.139340492710217,0.239196733818908,0.53235353914368,0.759350918424572,0.941319286428346,0.847505395215837,1.33320987765062,1.15294714678654,0.852115683918789,0.721102803052263,0.437808944954552,0.226707459831562,0.0545264161377695,0.212520234761175,0.165380571831908,0.143427368350048,0.127389248431269,0.102955595793993,0.0733126300330533,0.0364781675489749,0.0110907173938791,40196.803567518
"283",-0.203777130836858,-0.215840817499014,-0.132532210756655,-0.0423829449607261,0.059901125147935,0.0945442211375712,0.0620992700492829,0.0130887988325825,1.33009462667928,-0.423906648134878,-0.114443403279866,0.146137329186148,0.297398510116693,0.526802477278529,0.763159742264727,0.942077253154848,-0.326639594669846,1.43192211269203,1.10832375270779,0.836778602073835,0.659381716018146,0.443117971175577,0.221626898282359,0.0540473951509331,0.213619115390759,0.163977831761152,0.147825899854105,0.127405933032874,0.102974476048878,0.0727765469233837,0.0373923697972083,0.0112864113651545,40201.5054736563
"284",-0.185297552605679,-0.216721263754696,-0.14968721483886,-0.0163127938898989,0.0305809366430275,0.0790915017746762,0.0580183837100434,0.0136415345125527,0.587370975130905,-0.29666553294222,-0.123091071129174,0.128977511536801,0.284211308310883,0.525753687526086,0.766768063579636,0.941385199167609,0.414458957936625,1.30551367922973,1.12173841870584,0.845435123070469,0.682346460648128,0.447920522841975,0.21877607302753,0.0546837558486465,0.212321297314394,0.160447889245601,0.146818272784494,0.129944315030236,0.103154239099621,0.0744108945946071,0.0366102802180059,0.0109664583658591,40199.2518331443
"285",-0.259818298641939,-0.231686328432833,-0.166713801250718,-0.0362549443066264,0.0550137981156329,0.0935136579117671,0.0619186324801085,0.0148827876533427,0.169247633904183,-0.441152839479161,-0.0836194074825245,0.12693109778846,0.267684658401098,0.514562238327926,0.760590583956579,0.941639239645101,0.853269657832061,1.45468371282657,1.08653166138366,0.853897685280754,0.691711076575091,0.454426310712707,0.224733223723172,0.0540309131138408,0.217330460151928,0.161044534805445,0.146218643448284,0.122900959058657,0.104827483372387,0.0727595756855227,0.037158579859961,0.0111210915967771,40198.8749453753
"286",-0.197430290941164,-0.234366920390537,-0.158697157731186,-0.0551560546469127,0.0369543983934043,0.0786773840464488,0.0628520668547994,0.0132806724273272,0.234494699367161,-0.435186408346005,-0.028616898061757,0.145235384781929,0.261391522569796,0.531603142325614,0.756212762503346,0.942087322432626,0.768229369096023,1.44916349404869,1.02914586265247,0.839912872663886,0.703833606925144,0.442598975750958,0.229144732851444,0.0540676613624551,0.207887745532153,0.164500942854999,0.144824801572523,0.126104576611076,0.103173464704183,0.0726643414129198,0.0384785111334425,0.0109665350376545,40203.2257541936
"287",-0.250797419047359,-0.226319011509876,-0.124104110895795,-0.0537443274596124,0.0452862302050879,0.093158165537704,0.054955234304056,0.0132059540038151,0.229143242068594,-0.445305807704938,-0.16047844763704,0.161067156927948,0.270564675350385,0.543194815938584,0.770654642611054,0.941795443735407,0.789038106208814,1.4573609940679,1.15184531669984,0.823552659183098,0.690742523153923,0.425633806785151,0.216199439414127,0.0541839421263729,0.215123960165881,0.164100369240295,0.143487696697482,0.125501530788623,0.104866102860563,0.0746209098376708,0.0371114918893706,0.0111052538778424,40201.1229586339
"288",-0.155354350357985,-0.245545405582815,-0.19303186512661,-0.0725834971644386,0.0659767823334681,0.0847205279452068,0.0594973608908526,0.0122707754115012,0.153953775700553,-0.297726319330325,-0.00535652373616992,0.160698825943232,0.244081916349047,0.530519805046147,0.763128671811028,0.942226315064154,0.837379424165606,1.31581604688607,1.01620479776663,0.828467861946641,0.713003602778445,0.441674802953671,0.222774474131123,0.0541497196657876,0.207184967840228,0.16729410251227,0.145101910789589,0.127940528645619,0.103838683838018,0.0728484475962181,0.0367381253451488,0.010938064448865,40195.7080363846
"289",-0.214499164353874,-0.20092421404484,-0.166816424414437,-0.017681009894093,0.0665264889722408,0.0870536854674514,0.0629389173431831,0.0131047698654954,0.994171169199362,-0.398373251402849,-0.0490682342011682,0.120296697015072,0.233797237849586,0.536719411100784,0.754488879802134,0.942290113768253,0.0149334608585581,1.40146262052765,1.05280560851797,0.853745474802867,0.722375463872449,0.433413319031343,0.230797154914681,0.0538263965268235,0.211063502461702,0.164029201795586,0.145303242892872,0.121914408460513,0.105407186380616,0.0744843811038209,0.0379998291859689,0.0111147582955714,40199.0261295874
"290",-0.199707515758513,-0.243133045444529,-0.134209075567009,-0.0363514871680792,0.0333137873124793,0.100407157278867,0.0536022027332713,0.0150858272914714,0.541904525609701,-0.376507055473265,-0.141419660832622,0.150873508189493,0.271774936337066,0.519596065851472,0.767593359462372,0.939797153986376,0.462308915724602,1.39314536325464,1.13547304472278,0.829219006384138,0.693503788859608,0.448204896179303,0.219384952369035,0.0556643413703039,0.213497038942557,0.163506996662442,0.144722750530187,0.126374996245954,0.103371369911273,0.0756116072945149,0.038065509602559,0.0114349964428897,40199.7603779406
"291",-0.204057771321363,-0.241971585872645,-0.181674422481639,-0.0296113753509932,0.0360186528470341,0.0978315499499243,0.06183238117395,0.0131146551033655,0.379975904152561,-0.252087792797464,-0.0771255523864871,0.107456753072876,0.279825812814336,0.534986591214701,0.761417346518395,0.940497580244763,0.624267058131617,1.27006905382968,1.08609776668798,0.870703394977662,0.683933351864317,0.433100627820702,0.223260123245256,0.0557505703084718,0.207930903363256,0.165273065440693,0.142000342108334,0.12668973800848,0.10290104685088,0.0730057929362479,0.0375660620902148,0.0110102112332623,40202.2890285216
"292",-0.192018032518082,-0.219320185319385,-0.102569668880926,-0.0555565870734875,0.0473747015700672,0.102812997175539,0.0605005571706753,0.0140488746104988,1.23392143670189,-0.311904324282556,-0.230934947006188,0.145829028379811,0.275849196203708,0.505436731709962,0.758378040760744,0.940854020143738,-0.233337654215522,1.32259642631454,1.21623011909562,0.840483234266012,0.686274728444526,0.462600540643564,0.227710279648135,0.0550465334298618,0.209645471276101,0.161517253300517,0.140853521659814,0.128000467813422,0.103783845149736,0.0731775109324449,0.036906449702699,0.0109967456977281,40196.6482360876
"293",-0.209572490537956,-0.224946880724313,-0.133088167621983,-0.0537798948278446,0.0230076147415888,0.0934608071507292,0.0604128134208025,0.0113541929041735,0.0725089945046846,-0.355462730066479,-0.108510398817828,0.10370487631457,0.319658528604306,0.53671460867825,0.76052022454461,0.940760999984081,0.935291671381799,1.36586909512912,1.10218376044934,0.883890389832664,0.64872034080307,0.432665255854175,0.224925725424407,0.0558680617050122,0.214500395334774,0.1641171770318,0.142828371612231,0.128182476182531,0.10356898448865,0.0719505661965388,0.0363783609849186,0.0111465532741118,40196.3045654102
"294",-0.219796792738603,-0.207327828284521,-0.168142881974023,-0.0452333246682663,0.0783094139570005,0.0998241646993201,0.0616320880724611,0.0131802005258185,0.54108462072957,-0.279633606619899,-0.0937430578597072,0.139720298906608,0.242274997219769,0.515395528423692,0.753970728947443,0.940275808475033,0.468515711382241,1.2871078849289,1.09835548488355,0.84431418811684,0.708718101892773,0.453005123032699,0.231754718508854,0.0560181622220657,0.207562019687224,0.161413650525219,0.145514084581356,0.123338284154688,0.104902996584917,0.0716353429574313,0.0364260108074589,0.0109564351476251,40194.1528639049
"295",-0.248588449915137,-0.222215494042366,-0.179706564487178,-0.0408425867133884,0.0547639059125443,0.101630960772133,0.0639575370490051,0.0137366459626441,1.16259864057197,-0.458603761046228,-0.121136248028151,0.153913639516302,0.232517768615111,0.522625682541997,0.761015722117952,0.941035638218653,-0.144521843221623,1.46910717095011,1.12916312611059,0.8270426893391,0.727209970555694,0.44561469760612,0.223400417900809,0.0550407475481941,0.21231753847542,0.165864610846545,0.143821764540931,0.123826408037413,0.10492907821334,0.0727901629453404,0.0370100851060654,0.01063176030628,40200.4618431972
"296",-0.186672207345907,-0.244275521631281,-0.162296245853894,-0.029292809458477,0.0337108849134245,0.0997942422208078,0.0618603540067,0.0132734499034259,0.475777108580116,-0.419498761234571,-0.0784008266962666,0.144384244990627,0.257917759250787,0.51965521720968,0.756461435589793,0.941020823192486,0.524495356501857,1.43654544180196,1.0802808341441,0.834001275064824,0.707481980986363,0.447568048457359,0.228790937123979,0.0550970887090621,0.207710694657213,0.165931102695892,0.147460469096633,0.125279607274965,0.105389548512437,0.0718584588797957,0.0365818832396028,0.0108867370138359,40204.9330314751
"297",-0.193026747898111,-0.238882834991353,-0.140374300935346,-0.0457981756132913,0.0553159471894823,0.0660830303700567,0.0644571935251333,0.0125655495730517,0.386368970093374,-0.333076635339929,-0.127647233688804,0.117339315061966,0.261919490027196,0.553208755846726,0.753632323059624,0.942116452699346,0.617339131093366,1.34986565648176,1.12515931782058,0.864963431458677,0.696376230343103,0.423553457378882,0.231031653737393,0.0541636481123753,0.210940864422798,0.162494350777169,0.147538504565896,0.124406538234569,0.10328215076181,0.0722943606491189,0.0370550876131296,0.0111247240675151,40199.6303307454
"298",-0.214937346876437,-0.226328149607139,-0.200206563359377,-0.0285220971825829,0.0477574358570029,0.0789790487500585,0.0751989399406515,0.0125068697568391,0.252051130828938,-0.343648448330508,-0.0379666832632145,0.08575193636582,0.282101558500782,0.556910850074825,0.748373118998255,0.942685544853599,0.756751624349079,1.35505469584035,1.04969281163684,0.892851696243597,0.678622451387145,0.415649430801904,0.233459363708221,0.0535295852895764,0.2085093459835,0.166109303566499,0.147589476985124,0.124585560258213,0.10474372885436,0.0738046528103965,0.0370180701911032,0.0109312288301728,40196.8164860574
"299",-0.176647963303943,-0.222966020098134,-0.137865121815601,-0.0459561955945291,0.0558057354796282,0.11055596969124,0.0619693690158068,0.0146136561404304,0.81784695814413,-0.320010156192529,-0.0929363501952933,0.18024567853339,0.236548736921454,0.522776887652536,0.761915146235543,0.943227529623503,0.179154783650162,1.32912864412092,1.08834607441781,0.803073342055413,0.7222764713708,0.441637651603113,0.223031453562395,0.0523051827875762,0.209778765830757,0.166391859355475,0.145644671282859,0.127013863373989,0.104294501521041,0.0733815438091822,0.0380980016699956,0.0109346788052968,40198.667205153
"300",-0.23623083675236,-0.219925154163471,-0.139092275256997,-0.0196264679258412,0.0420924802877408,0.114746485300716,0.0629931247656206,0.0147080392061949,1.28007867902479,-0.356622760760782,-0.108449277565649,0.105455697799604,0.260643909816795,0.509632817590344,0.759159702377233,0.941057252121572,-0.263248693737489,1.36724057919617,1.10285784541988,0.869733952340474,0.70219090592964,0.453394502312326,0.225948221715103,0.0546665630549493,0.215563362880581,0.164801223778801,0.141672900506168,0.124450575166728,0.10308268871841,0.0728338261720941,0.0368769906298679,0.0106951861445977,40198.8493294902
"301",-0.193588596764344,-0.208193464541434,-0.147152350513456,-0.0524739159211158,0.0379556489252645,0.0972854046587861,0.058715734003099,0.0138195969927954,0.615742575217722,-0.377573517931734,-0.129818490288802,0.106614478739539,0.28491737917394,0.530877330001373,0.758296408588671,0.939945363491089,0.387024676697856,1.38509137824365,1.12633137601263,0.87841428528743,0.680403771461627,0.437738901548902,0.227745840132495,0.0559236609245993,0.210888775019525,0.170858203601066,0.146620630608634,0.124625570532137,0.104647612818837,0.0727850412320082,0.0367753123205599,0.0110342113735317,40197.4819706414
"302",-0.210086866044351,-0.210334820823927,-0.164196177085772,-0.0491833869877142,0.0323198629884494,0.115392889923641,0.0672688216279362,0.012098220896795,0.925677168699989,-0.38919393238103,-0.0809432609505878,0.105913305847638,0.296205132129129,0.51663112456771,0.756095955069946,0.940984134571098,0.0829963809566463,1.39661331998795,1.08302148441464,0.880430483099425,0.668466377347404,0.447494777152814,0.227254401813667,0.0556737335313992,0.206635690268541,0.161971119602527,0.140828610626834,0.126488033844463,0.104873002906774,0.0726785108847016,0.0365256749599395,0.0108445598258301,40192.8535502244
"303",-0.240026103563923,-0.222393697909784,-0.143812330989935,-0.0568005564235309,0.0396644257834763,0.103421776405524,0.0534031343797042,0.0132059990667158,0.417071825653874,-0.44840031225444,-0.0571079797094581,0.137389500221763,0.278697124718929,0.515675396370302,0.76380510422013,0.941137896994321,0.598160866842308,1.45825120713532,1.05372048295611,0.849151590601635,0.682742034047701,0.451086913890837,0.223315374675512,0.0548613182697198,0.213232290190184,0.16412392308928,0.14567972908655,0.122910037749748,0.103341700560781,0.0729434201050806,0.0373735325784488,0.0107192039587539,40198.7261619241
"304",-0.184971912519172,-0.241156972244732,-0.166457482360111,-0.0427055544947486,0.0282047986004224,0.113915367523494,0.0581626207731617,0.0137963316481277,0.170772351340266,-0.268301099603549,-0.0262571338314497,0.117935911078777,0.315938554342408,0.512338027928692,0.762292627551534,0.942318785576911,0.828707518837097,1.28578951242071,1.02948949725735,0.865212094248788,0.650655655278611,0.451320127296793,0.223826025003808,0.0536228132118263,0.214054884130451,0.162413798402396,0.144601204820164,0.123506182196861,0.102028816014644,0.0713874126949624,0.0378029602927607,0.0108756635282457,40198.9344689331
"305",-0.223505096294075,-0.257911230632418,-0.138886027142465,-0.0351997508827987,0.0455696239780701,0.0927725478921644,0.0575365318217821,0.012126737765431,1.18161630935882,-0.324752926056661,-0.165054633030507,0.186134155992351,0.283221762067251,0.525616646129239,0.766233520165932,0.940319588207972,-0.171835129391711,1.345176996047,1.16199357327155,0.79345996963121,0.678354925410337,0.444104774446884,0.220185601476097,0.0562214665650009,0.206270658176851,0.162677118400021,0.147899581846118,0.130045657910498,0.104789584917177,0.0723219251475567,0.0369760711639677,0.011044496441681,40197.0784300747
"306",-0.184795865160714,-0.205147141567072,-0.118492493463436,-0.0373747444268521,0.0516001977353071,0.0949541050802487,0.0571416996826132,0.013565604904346,0.158188326540291,-0.442414745359899,-0.121342748219048,0.154120772274235,0.296648769058341,0.531944889249131,0.764434735702413,0.941257299470495,0.840356507879528,1.44794920435329,1.11099990844034,0.826007733029346,0.663425041163405,0.436520895244949,0.222378597071276,0.0547984415708573,0.206411228532069,0.163877111079639,0.144776507405617,0.127339279890819,0.10296283863495,0.0739218722448193,0.037222885628946,0.011046632556238,40201.5908892674
"307",-0.216873141007819,-0.244863635262344,-0.125601783483793,-0.0528335482559027,0.0423182444144248,0.0862569905755676,0.0650252448499221,0.0140472176223431,0.157830570470226,-0.332926601973713,-0.161356683815017,0.116662213353067,0.272201691304573,0.532667266738683,0.753249236285106,0.940021112365752,0.850379614180733,1.35052741266381,1.15347223580449,0.868668921780391,0.689655056782381,0.438333373787439,0.231498064461637,0.0559465015069056,0.215653469395024,0.161301050227255,0.143965683830766,0.124354169946913,0.102816378102879,0.071684873502053,0.0367981749503492,0.010908426100089,40203.3938878794
"308",-0.23074765227578,-0.224957112920522,-0.140508526300993,-0.049852426895989,0.0560220258750799,0.0960752361073387,0.0590566907976255,0.0141630857936771,0.863108297570599,-0.332375818535032,-0.117669535163977,0.116349647953316,0.256578851340484,0.508738992572919,0.758119267583988,0.941728547868234,0.151608714944025,1.34277102282682,1.11311946514635,0.86760176198381,0.701988034634636,0.460565694828202,0.227516011454356,0.0540887960142823,0.21665891728513,0.161565693903151,0.148675741051407,0.126645268818988,0.103605194125016,0.0743040621589029,0.0381013687776173,0.0110308805942096,40200.5603287343
"309",-0.219317382522317,-0.225156829851873,-0.19029195481037,-0.0329488070194367,0.0576641133440937,0.088544205339241,0.0603408359787147,0.0140589314641579,0.0589206345319112,-0.432083546886677,-0.133440821192306,0.144197040427786,0.23272156636329,0.531390289626115,0.76141906198119,0.940824830404515,0.950331290835371,1.44405207472862,1.1439045108628,0.832957536073698,0.727337835221022,0.439368911482834,0.224154679010326,0.0550237429637363,0.207741652463239,0.167569005840911,0.147090030609539,0.125851069538904,0.102737197937296,0.0727586964096756,0.0376144986173784,0.0110242123798989,40199.261576091
"310",-0.234839150367391,-0.228953325613306,-0.180959601381783,-0.0461195721265826,0.0310363486540591,0.101458943657378,0.0604501416801266,0.0147028910857249,0.482416771174675,-0.459376890488006,-0.1151547152605,0.11736212943444,0.259741922978429,0.522950948033263,0.756268699561672,0.941747933082208,0.530975523357081,1.47211945359671,1.12332840748068,0.866669390353121,0.706374003803792,0.445368685508454,0.229621781754671,0.0538645388763861,0.209193881836803,0.1643156626976,0.146642336519187,0.12657490323673,0.105634964041501,0.0727499574787196,0.0363737652956235,0.0110741432101151,40202.5679108722
"311",-0.256811149155655,-0.209391373275274,-0.163766198891744,-0.00140676241486465,0.0479282720696383,0.0737985295410686,0.0594101066365593,0.0127971223228051,0.180001936235222,-0.323100450012865,-0.0659136111900723,0.101665396040637,0.277263363558533,0.552829827106534,0.76320799924323,0.941807915658575,0.838536651920002,1.33095193108512,1.07068593845943,0.868935364886405,0.68416335475696,0.421194845617439,0.222326602277811,0.054352563247403,0.210086134172152,0.168389014252573,0.144316291197065,0.127630352488128,0.103402188515033,0.0722338791448484,0.0375265420222971,0.0110456189000659,40197.4827188214
"312",-0.197179891624807,-0.210412491210678,-0.134883611465158,-0.0261298291607209,0.0151127626573852,0.0928362189941184,0.0572088018378073,0.0145031871404277,0.123274266193331,-0.30807242907836,-0.105864806514722,0.118006450730534,0.285571090951411,0.5226671780098,0.762019574745158,0.941463199522049,0.88173830045197,1.31390328002678,1.1000290925924,0.860099613782882,0.684468192816006,0.447878215772185,0.224311338774388,0.0542589135881019,0.211273086999377,0.166770631622113,0.142281857453486,0.126621408193064,0.10616892111006,0.0736532738191339,0.037350264778752,0.0113431634104709,40201.180084654
"313",-0.186062134712142,-0.21396969376841,-0.169016691540568,-0.046155525610072,0.0281736471059409,0.104601641879065,0.0562766684270343,0.0157745621716157,1.01086397732101,-0.321352361174672,-0.0848421549975691,0.155297821465368,0.306646589930439,0.520064956346507,0.760265722182798,0.93995320832938,-0.0121131409560285,1.33060613711266,1.08866379691231,0.827530272789124,0.659383804579651,0.44740679430223,0.226557981672665,0.0554604657663864,0.211683578839914,0.166252121436083,0.14346442930009,0.126047337077845,0.100286660112675,0.0725613748676875,0.0381641037684012,0.0109832199036472,40199.3362130805
"314",-0.26232605599725,-0.25321413722169,-0.143030388967425,-0.0280115858449599,0.0274483320434989,0.102143640470317,0.0651438270439495,0.0110885240074797,0.178384348265944,-0.318219720797008,-0.0713869762812472,0.125135263026417,0.296331557366774,0.515349007730658,0.756835906312707,0.942977526776648,0.842719184009597,1.33660119770368,1.06730842394118,0.852699524782385,0.670597891285673,0.452122378853169,0.22723593392844,0.0536438845400393,0.211684327495231,0.163455599665425,0.142095672520788,0.126560771836789,0.104149204078298,0.074042498018379,0.0386352554081416,0.0110551863022454,40202.343340587
"315",-0.236899056321565,-0.266022455331213,-0.15246788760312,-0.0310538577129938,0.0479577575018387,0.0819683168447135,0.0582902012650471,0.0120436900857661,0.649318708561738,-0.31367837814361,-0.148510242941141,0.159484368566285,0.274609296204724,0.538269693263681,0.767724183958494,0.942871149288107,0.366038395395913,1.33724796994829,1.14639076917973,0.819105931013321,0.68641080404539,0.434357415863396,0.217592603458171,0.0535495325512646,0.212310919406132,0.165229409838881,0.148835246977164,0.124707810040497,0.102465225180945,0.0728652344176817,0.037707088422418,0.0108976627841666,40201.9659519625
"316",-0.222878194714763,-0.238802982351638,-0.170485314600032,-0.0720731553206926,0.0521903563490656,0.091633151806263,0.0596394909578251,0.0132795258350039,0.154068349700879,-0.295133528380144,-0.0974781088438117,0.144303172682285,0.256044691317992,0.539837319097787,0.76073388644004,0.941883238861746,0.858338753222752,1.31150375047552,1.10221046898205,0.846296771237615,0.703976260647481,0.430121124986875,0.224826700853626,0.054157369031984,0.214823450144548,0.165042537367553,0.144235243893076,0.125287996255671,0.104931933296704,0.0737079641005701,0.037184767360212,0.0109117019374389,40206.8937990229
"317",-0.234295175505559,-0.241892938600234,-0.138618262847945,-0.0421790795433955,0.0435322386520418,0.0889854831799017,0.0762257267610744,0.0110899170025472,0.324354728277537,-0.392004393022854,-0.0865042576857194,0.112947462072495,0.253459961394869,0.537012238252926,0.751525436049891,0.944059964471184,0.688769155939024,1.40957507153047,1.08199046570933,0.870199600046563,0.70807084233033,0.433900248926838,0.229780514274004,0.0526985544046671,0.209005771917875,0.163043045010632,0.146317818287972,0.127837197522829,0.101425021996332,0.0723254686168222,0.0373855289130415,0.0106931047303581,40194.470571023
"318",-0.226900040342871,-0.242794580859268,-0.169486759420227,-0.0595477662889675,0.0433496929189025,0.0941730254804366,0.0654114113227982,0.0121199624521203,1.07164858658051,-0.47027131972465,-0.0874497181805721,0.129315858266778,0.254536075923101,0.521004829742751,0.757863926847556,0.941915886474179,-0.0589443956283897,1.4882932169856,1.09077920195454,0.858614038609094,0.70895873464607,0.44874414926489,0.226574702144437,0.0543852652942289,0.208250144414541,0.165377317578987,0.143948189507135,0.125726958575902,0.104384180555238,0.0753736891546985,0.0373713578946619,0.0108110808933394,40201.0449553095
"319",-0.258390429263995,-0.213679876007701,-0.107697033211027,-0.055783853922291,0.0402175592947342,0.0853861665306876,0.0630699279202185,0.0138409155820866,0.305672340652823,-0.381007334410873,-0.171527324509427,0.179279643513513,0.272032319647772,0.534233724337155,0.755117283692351,0.939790356623411,0.716563294755059,1.39026674470841,1.16101723093579,0.806133491188048,0.690796106901874,0.437442628266545,0.230187471499303,0.0562515211361196,0.211487542568732,0.162760653821873,0.143698868194104,0.131237294982971,0.103580553272894,0.0743581667755773,0.0370466515462186,0.011197441742922,40193.3529533174
"320",-0.252067631219106,-0.242202037334878,-0.166309359477661,-0.0465774857774753,0.0783368573237649,0.0896965903024647,0.0562836184499655,0.0121142653147858,0.177294873683308,-0.239020305321349,-0.122666089738046,0.121963037728189,0.253677683767308,0.511105136122598,0.767400601067853,0.941911753060449,0.841756836473629,1.25572769665599,1.12622651569452,0.861010860264037,0.699388006343861,0.460011877799547,0.219105350824239,0.054448371093334,0.208960598006963,0.163881407444111,0.145058491082422,0.125004999499432,0.103978428613937,0.0752530340829504,0.0371960013056355,0.0108735077685287,40199.3765990969
"321",-0.223712083634066,-0.211439153014503,-0.152799158753327,-0.0601737312228661,0.0357645441956033,0.0936055777302868,0.0666351802835781,0.0118210318828708,0.884529589091497,-0.424066898150282,-0.164003169920352,0.174145850093587,0.284785693857847,0.533236941167463,0.752643951336474,0.94090995846364,0.127486454175539,1.43005008017555,1.16465355773019,0.811521267757097,0.680635286144431,0.436881001905799,0.231519645037265,0.0556738144399292,0.213709038817039,0.165157641340648,0.145493662288285,0.12396779407962,0.102507899454443,0.0719993644367292,0.03708846258597,0.0109318232504507,40199.5581989228
"322",-0.215905121624929,-0.238582790475942,-0.138217837988255,-0.0398483721741476,0.050647458915019,0.102498760720594,0.0583108505458799,0.0127432603895459,0.258246655297268,-0.303842423927238,-0.177447837696745,0.124511149370762,0.264399706064475,0.519266593191013,0.765719704387094,0.942240037150219,0.752108045748536,1.31957915094381,1.17540891133566,0.856528852693899,0.695993327619335,0.447021251991107,0.2199822707888,0.0539671019796067,0.213374114043509,0.164936305481263,0.148883318349363,0.126156041695711,0.102201957647257,0.0733306780478001,0.0372170872183387,0.0108733457229524,40201.5713088069
"323",-0.244120949682548,-0.225410210108605,-0.152132182918369,-0.0322432022463991,0.0616379868919736,0.0944770245907908,0.0537599903405871,0.0123502653194256,0.116992864438189,-0.407722323739675,-0.0971656872381394,0.0889786892087424,0.229129267782959,0.542889884133476,0.763631608948556,0.941070464943251,0.900941451620074,1.41842617681807,1.09636771751822,0.890640974689783,0.729699029824111,0.425301442911607,0.223844764354053,0.0552155573513654,0.210072726054094,0.165649920681125,0.143307781698346,0.126391412276359,0.105037137508646,0.0714840702547595,0.0362113393333102,0.0111322280617293,40198.2955558885
"324",-0.237755637041506,-0.202462644945235,-0.149702297433237,-0.0417791901543134,0.063636582713382,0.102682262853337,0.0648957696565433,0.0117574099217283,1.19255359631988,-0.33646726711382,-0.135966364452719,0.157679951017622,0.235425562968066,0.510093193556995,0.762348886840066,0.941903338420714,-0.176501000174118,1.34151328867306,1.13451781372921,0.82423315916779,0.721054749942464,0.457860491086351,0.222159219545718,0.0545667253110111,0.211186345349841,0.162537675934423,0.144611343934766,0.123576205392013,0.103405203671329,0.0728692231782861,0.0366834393911433,0.0109156786035115,40202.4908242597
"325",-0.22192760717763,-0.226222653765958,-0.143595919228217,-0.0365374229090672,0.0518801521354524,0.10818942276965,0.0575630493330426,0.0134759061860084,0.365373951032026,-0.365607809995408,-0.0285977094910798,0.118865708617646,0.263194117618248,0.540752969477819,0.764761347217365,0.941057180000783,0.644371812263992,1.37626110149084,1.0241901670066,0.862043282487929,0.697199262694336,0.423336896946623,0.222103256953299,0.0550347763233905,0.210723315227434,0.163251579335549,0.144871631419562,0.123386343314116,0.10422055431273,0.0733800503636956,0.0369742494376564,0.0111081699336053,40199.6384140374
"326",-0.167074677159299,-0.239998130056119,-0.1360816942034,-0.022541843737329,0.0225236016764297,0.10716743008559,0.064489461408083,0.0139272588674649,1.39925413200131,-0.33903218161781,-0.0640974371819198,0.0926162826903895,0.27988246170988,0.533039702590999,0.75837119442246,0.941030556527116,-0.403976475972254,1.35535402254037,1.05872631429059,0.883781170492164,0.689051673043053,0.432088120020369,0.226382869091732,0.0549252530203254,0.210584041529984,0.160267764607898,0.143595402188566,0.126559572179651,0.102379910021482,0.0731280943783555,0.0370785565622018,0.0109055987861162,40202.2396624389
"327",-0.185116409108072,-0.171002930191359,-0.158558970781582,-0.0481395062601963,0.0192444903908927,0.0905642368787005,0.0700660565385041,0.0134590000667416,0.717797632844999,-0.34142335691309,-0.059017494890269,0.170013661369463,0.306060915659283,0.52011637348707,0.754902246407405,0.943082255001362,0.281946738296733,1.33644237730228,1.05933714172364,0.81291231229378,0.662543781622531,0.450808761079359,0.227347257920304,0.0527795615090685,0.208298426989137,0.16354687502715,0.149191943517961,0.125453009343819,0.102853406885224,0.0724426466011477,0.0360206704148389,0.0110537129920442,40191.4894862724
"328",-0.140015402239337,-0.218360490482629,-0.154871906742172,-0.0200197314442075,0.0429315396566689,0.0961581992813539,0.0624891113421631,0.0127290178538031,0.257283159384195,-0.224024781291396,-0.126303387355812,0.108685800892099,0.265494362667851,0.509648515922031,0.766191541640956,0.941024298069035,0.731786165039086,1.23455718057301,1.12704904079755,0.866692180740072,0.697614045365251,0.459586598388794,0.218165347467866,0.0551328516446016,0.215407491461594,0.161561880334726,0.149181033666024,0.129244587480071,0.103645166010295,0.0727623598803073,0.0360564239827735,0.0110110766639028,40190.3258277515
"329",-0.213288062635787,-0.23960968341881,-0.142396074902679,-0.0607714502119579,0.0324972114370418,0.0908533228775788,0.0730210175086362,0.0126005427487694,1.02943173770847,-0.32470069974308,-0.101997081413593,0.152408400768962,0.266399775381056,0.528876770913771,0.749700658161871,0.940746679828099,-0.0233077315727332,1.34203066696951,1.09914073607159,0.835716399025462,0.698964534048712,0.441083881922444,0.232718362465339,0.0556210778809164,0.212503942961149,0.160322912443976,0.142246138588931,0.124459423674288,0.105761395175371,0.0721519640971664,0.036617318007,0.0109054184347535,40199.4730723538
"330",-0.208942580066578,-0.238307679616281,-0.16454305790253,-0.0172403222667504,0.0383676353011086,0.0988948761952845,0.0550100205560302,0.0147793586069109,0.537437930792621,-0.307432214878939,-0.090801964039608,0.0729427251198204,0.274256394038056,0.532194744660727,0.763220947018149,0.940107934904482,0.470796419393065,1.32234020556525,1.09384874125228,0.90326291738144,0.688557976575324,0.436063107720731,0.223696438710331,0.05554806993211,0.21054019726219,0.170417371772394,0.145450328676014,0.125826908614847,0.102847411726297,0.0740487666374756,0.0372831807867667,0.0109221350061625,40202.5589897858
"331",-0.247770333961925,-0.238541466819707,-0.170149115088326,-0.0448622252137457,0.0653796735712512,0.0697848480363027,0.0525142211744435,0.0127032987093841,0.044387814591625,-0.410785488884851,-0.0735240302718196,0.104100288780435,0.250634141038742,0.542346127559894,0.763782109736441,0.941786200116893,0.971658431526908,1.42704354045297,1.07662118925804,0.879376987041757,0.705184861864033,0.433885321637463,0.224025538832503,0.0544391594161309,0.21452028423247,0.164541724466352,0.147719510654475,0.123593688659008,0.104308135762128,0.0721857268119536,0.0377675577973931,0.0110243655118267,40199.4208716088
"332",-0.20118845495603,-0.231409778824744,-0.196408960091866,-0.0227428552201059,0.0190811035456106,0.0896963161656423,0.0546293822739216,0.0132567200003701,0.84562328511913,-0.377997347927198,-0.0839027181976293,0.154208160663658,0.294054825164005,0.534357605377154,0.763922916207247,0.942425183549209,0.15965506673969,1.39218762748655,1.09653448189816,0.82129992046158,0.674966230567347,0.435934123297811,0.223615846602992,0.0535887896173376,0.210975329622399,0.161797018883677,0.146460314376537,0.125657125672198,0.101820091837338,0.0745425178532407,0.0374476507011205,0.0109866380476997,40202.4393887256
"333",-0.184565201344696,-0.250854308896839,-0.151692500003299,-0.0313513216876182,0.0225959448337724,0.0940659375858542,0.0610893063004393,0.0142967733117105,0.190015002315027,-0.328813968315455,-0.151918102991893,0.131154397018031,0.296636031613533,0.537844994244819,0.764623251329059,0.94081874741827,0.810422026727914,1.34741353326362,1.15138719939807,0.848844022049771,0.672318740920371,0.431405878666538,0.220574438415077,0.0548529275084438,0.218349851178875,0.165355310365583,0.142610912261093,0.130262021820534,0.102598791453914,0.0732195549181679,0.036761599856697,0.0108951745277082,40197.6988818356
"334",-0.176842778377361,-0.226123887832527,-0.168725156605893,0.00301317365743732,0.0297749343843466,0.0885141280221157,0.0589380650731535,0.0144105313478885,0.515021311092304,-0.386580718294368,-0.0399422617489061,0.147393606252626,0.251461475676685,0.539274139383619,0.761005134700096,0.938915823986424,0.483890133327031,1.39879439961453,1.04307538001057,0.821952592721231,0.715860063071702,0.431410237191163,0.224993990038446,0.0568681457800326,0.211580030536655,0.165265518826639,0.146962398381778,0.127509927039524,0.10630233091392,0.0718530884887831,0.0377119167538811,0.010940214007976,40196.449813066
"335",-0.216314424812794,-0.227234523946361,-0.138015137599437,-0.0277848435159551,0.0418784250626974,0.092119071828693,0.0563918372358277,0.0145501813924613,0.946518407694895,-0.353004779455764,-0.112968433154684,0.139580680610956,0.23564700344229,0.523627740310657,0.763688296745253,0.941877542973746,0.0619141320941594,1.36460323754621,1.11023300916342,0.83748324834743,0.728505073779681,0.446516880699062,0.222755469419917,0.0538423835337145,0.211662172073806,0.163634250023217,0.147499386045441,0.127905066962669,0.106780336242365,0.072160508633377,0.0380295990191446,0.0110008125673884,40201.1728982532
"336",-0.197241777759834,-0.238475875580646,-0.177611990316551,-0.0140311140551279,0.0326583594245876,0.106183756426753,0.0615566127474182,0.0139539966632635,0.0362957381781243,-0.344939150623127,-0.0684036542948199,0.164853753270651,0.26421937736716,0.513921849148128,0.756508284955672,0.942155692382728,0.968600856829756,1.36124227095809,1.0745864872386,0.808360635583319,0.700390664426925,0.453302514153335,0.228731146352467,0.0536860259939175,0.210328689474414,0.166859512101178,0.144279800180811,0.12777655768482,0.103885640299564,0.0748951822488903,0.0389059643614004,0.0109176655622888,40196.3408884342
"337",-0.192810082575318,-0.228831232725476,-0.110202057789629,-0.0119395881135262,0.0444002410549935,0.105079588691602,0.0652655455052325,0.0133014976521859,0.20184110150929,-0.319326691773849,-0.155848908773027,0.143976345925934,0.267446290443906,0.522795148732146,0.759596796941454,0.941832637605066,0.80000874831014,1.33273771093038,1.14430590813403,0.82856629570291,0.695473400604189,0.444095852465785,0.224512909037376,0.054143154338063,0.210732259275427,0.164384213872489,0.143775178716169,0.125880923491604,0.103296714126123,0.0732959096346907,0.0374815058299415,0.0110529683778178,40204.395467165
"338",-0.202253562512257,-0.247005152465117,-0.107237802849191,-0.0449034594600157,0.0453613808629575,0.0963288671325261,0.0596873833284639,0.0134590307572283,0.810649724784118,-0.501454207710416,-0.168524669804054,0.150090400167842,0.249595891339452,0.517298927349151,0.761155868756583,0.940186270847286,0.194287601341573,1.51820168032805,1.15513301690688,0.832255021827499,0.711223483304909,0.452075892648244,0.224258338929925,0.0558253006937128,0.216740342413278,0.163556227672362,0.144055801577901,0.124888367340066,0.107778902238039,0.0727989104212945,0.0371934005263209,0.0109331383681251,40195.7506175555
"339",-0.219551938054534,-0.259085254264601,-0.145180659064383,-0.0475667562157614,0.0671322284660564,0.108271003584051,0.0634022027965314,0.0132608032535868,0.272716024817107,-0.206899517657117,-0.0453032722347296,0.142956226930572,0.250726960035314,0.505336459255093,0.762925165638666,0.942017517584663,0.740840015207149,1.22600774200336,1.04111424142093,0.841640752578485,0.706121649767113,0.460697729893121,0.221793436707571,0.0539617221979369,0.21182306491245,0.166427756632053,0.148370398219161,0.122747218663466,0.102493896252425,0.0739909495952299,0.0368189349568843,0.0109961469963935,40190.1112391421
"340",-0.197789291986363,-0.241438657901033,-0.142674976478039,-0.0442512203702562,0.0413763174064457,0.0900918753428168,0.0608531214002651,0.0122695001132541,0.901344310668733,-0.369784568544819,-0.103056197407698,0.155231758931401,0.281990963240407,0.533148264801004,0.757345474335506,0.94318368236952,0.101478408976235,1.3850865357725,1.10183655353537,0.828212335659911,0.681312181532322,0.4382679544465,0.228321568723987,0.0531120900376432,0.216562066137033,0.16499187894666,0.142519029708303,0.127601428443851,0.103540484924683,0.0744791505809206,0.0373754545613473,0.0108991639728427,40200.866300271
"341",-0.182573433300899,-0.248605219325111,-0.187755312156726,-0.0599367394931841,0.069896776256632,0.0987368903406869,0.0668999397596515,0.0117152409810555,0.666904986922935,-0.382476482019775,-0.0445932897382257,0.19229996797465,0.241337043892173,0.522372822015099,0.755596234918287,0.942266492669055,0.333608625892499,1.40102703273012,1.05423584678105,0.793655065799761,0.713710141537582,0.445467375485489,0.227998751858604,0.0543503058458764,0.214504162854204,0.164508456879329,0.143376143708066,0.125395389200451,0.102184307823773,0.0717287681989784,0.0378316983856442,0.010811290824697,40198.8315233615
"342",-0.207418710917476,-0.240878627839963,-0.159601141102918,-0.0357751768468036,0.0413242507192769,0.094437325966356,0.0625218894822553,0.0142669273728595,0.38059474731306,-0.25571124829323,-0.128393485169556,0.136674101105071,0.284066258397484,0.518782634444592,0.75653805112492,0.940600839569658,0.626831227385538,1.2722718621819,1.13037414193849,0.844056881970768,0.680026637069687,0.450859387392618,0.228617098947381,0.0550518678631292,0.212037549168474,0.162390001648528,0.147502492815965,0.125649645220974,0.104962262628827,0.0734325595835469,0.0377562668327178,0.0108736211098934,40204.3255674447
"343",-0.251961483516495,-0.217188642669513,-0.141870262799974,-0.0406716946376911,0.0454945258222527,0.116222624850469,0.0624884557470793,0.0104377010755865,0.723800194872072,-0.408446147757568,-0.0663142413375921,0.127363120915547,0.272548328640321,0.515240111810302,0.756002833173557,0.943569038845527,0.296415550894167,1.41725638199451,1.06217972219122,0.854220820583909,0.689747475908153,0.448192764731989,0.229564232750793,0.0532586526656251,0.216603436364608,0.161824578886278,0.145640812440645,0.127187307358318,0.102175492422621,0.073137992850626,0.0367223543605839,0.0110861573717486,40201.8326201005
"344",-0.236871062196402,-0.236507242293093,-0.1481339814962,-0.0143438673214196,0.0481248310064105,0.0895856282386594,0.0659499786957368,0.0142584528884584,1.26528484591108,-0.334389447028043,-0.104041287955838,0.10464606979666,0.272863411290129,0.517610124569625,0.752957865157284,0.941807226501399,-0.25114046337515,1.34962158647879,1.10318080516421,0.870576035735369,0.688057107771136,0.454795715392867,0.231501420943583,0.0538538187182666,0.205638411339828,0.163814958785438,0.149000889411987,0.126095804690363,0.104270040324122,0.07451455444923,0.037306648125672,0.0112143060875643,40199.8525602038
"345",-0.239640302400091,-0.180600383773814,-0.153314775917779,-0.0603313978525061,0.0244668808025826,0.0966394599294686,0.0643796422508373,0.0152626856447232,1.38245072397826,-0.258010523031806,-0.0883249046075553,0.173513877408353,0.292446258858252,0.536787905629073,0.762760424536157,0.940686296905287,-0.367571770985087,1.25694835604787,1.08813669243072,0.812861074413636,0.67477883496157,0.431158299242337,0.221841587573921,0.0547598460359305,0.21285972329106,0.163152721245567,0.141142811146505,0.128479462310439,0.104991252984579,0.0713693881108716,0.0360705884401094,0.010701993915544,40190.5541715095
"346",-0.222083581992763,-0.263792694980986,-0.128920064829902,-0.0419372050426914,0.0326788132038026,0.0962966081192007,0.0636168678689523,0.0144401607218368,0.648783308417538,-0.3118842464688,-0.152831560269408,0.200343293622777,0.270412472299377,0.515679746932321,0.75371717457216,0.940355230241692,0.360816046195707,1.33444294943542,1.14534516583268,0.780242580940404,0.69468188935974,0.454112378504829,0.231313607862062,0.0553318904288153,0.212536302804391,0.161650805953165,0.144158561616365,0.126330292854517,0.105124209799213,0.074306200596086,0.0380066492878427,0.0109405182339591,40202.319729659
"347",-0.251377317902624,-0.257954471136617,-0.148350887644196,-0.0207505038775424,0.0283363233491504,0.101946709379365,0.0682554505474707,0.0117766852094338,0.15073626140623,-0.440509576342194,-0.208674569822991,0.109884157296329,0.292303291818064,0.52006540547345,0.751543319883342,0.940258709287337,0.867429690298473,1.46183829253106,1.20705876512812,0.866269525076406,0.674249751737203,0.447562240050467,0.232441309968491,0.0563164816174305,0.209196615044633,0.163485776951405,0.142435624801592,0.124494842268362,0.105444544878748,0.0736907312402481,0.0384787317617096,0.0110713033279792,40196.5546823456
"348",-0.245194651608119,-0.236056342677988,-0.162036219412465,-0.0575773089561946,0.0437004483157838,0.102715725261404,0.0604627301808775,0.013412801332779,0.521651380146193,-0.338119172035564,-0.00059689024031215,0.120560883044782,0.254696867414775,0.519662956163803,0.757853364422809,0.941794760872483,0.496385414704215,1.35284267360222,1.00253334382816,0.866218824855309,0.708581671796438,0.447711483371173,0.227396191131323,0.0541052284146736,0.208384186061888,0.167522702344472,0.14436436293288,0.128135735265435,0.103537781248475,0.0729217934129851,0.0369054148306344,0.0111140151226505,40202.4859834134
"349",-0.228965525970947,-0.208585808029269,-0.135981945126458,-0.0565381437193079,0.0271948626137446,0.100901813967762,0.0596297776043687,0.0136222790953667,0.165230326989558,-0.260483596911871,-0.0334117384549117,0.143490355140125,0.286829839785551,0.51813961293553,0.755697436699628,0.942617090010314,0.84806726984452,1.26727789278391,1.02809202654899,0.842470317179299,0.678930271328629,0.449767421737228,0.23046724340748,0.0532867589306712,0.215481414470732,0.164512319855619,0.147464342935461,0.126705296486962,0.104301557141003,0.074883190305992,0.0387261660300233,0.0108062568378653,40198.8614311888
"350",-0.240274346493511,-0.224979489016997,-0.175394318320522,-0.0199101463502385,0.0464713100998962,0.112943418395446,0.0589174514129509,0.0139997650829101,0.878707754521801,-0.390723783096593,-0.0300330623180155,0.0984218600844667,0.259723679417421,0.516026083875223,0.758242542372883,0.942467558885332,0.136157329926614,1.40178674113944,1.03454294322078,0.877701561357107,0.701889720525652,0.447481987006402,0.227903220623935,0.0533841484785171,0.207681332860333,0.166766541704336,0.14080307838357,0.124482397291585,0.10502891148094,0.0729881797306191,0.0379220808002191,0.0109251019200682,40200.6942806685
"351",-0.224381542333522,-0.197009931168549,-0.148954416742159,0.011315496439237,0.0144805379955944,0.0873408164015692,0.0577757818466806,0.0150308712473635,0.440308103897523,-0.348224373843376,-0.0372442735908834,0.0727048570103385,0.287503834818875,0.524141352700427,0.770705328185439,0.937770686120239,0.571063444160942,1.35347973300055,1.03536248661863,0.894846970696715,0.684115041776184,0.447143814131528,0.214877071514055,0.057883068340575,0.206805675539669,0.161642273520196,0.144414238011087,0.125215743238478,0.101993031584179,0.0726905591459827,0.0372078750683799,0.0107942427271759,40188.8805857369
"352",-0.306125661212389,-0.220592169923592,-0.169721531853366,-0.00644854635415259,0.0397800482021888,0.098434217640632,0.0600401550658834,0.0110800985672779,0.271832478174529,-0.353617801507209,-0.0645267132550018,0.10830619894652,0.254410528413939,0.512514782709871,0.768020166101041,0.942274892710761,0.761692838984834,1.36336571177834,1.06897769352435,0.864036744265592,0.708399393942897,0.45614635790139,0.217073097792089,0.0543212697548848,0.21599515455911,0.163762445908655,0.148596707618103,0.126179603922448,0.103461171291344,0.07369415381031,0.0367504560392724,0.0108708353306215,40195.759473473
"353",-0.232814892283131,-0.259910616444301,-0.169858771965663,-0.0463346427680277,0.0412755843352971,0.100514859568539,0.0655389829754557,0.0135933518547165,0.710113154553468,-0.282082192096887,-0.128146421147432,0.123127769586267,0.268962831154284,0.521654876306703,0.752102177728027,0.942526903150351,0.30331597264579,1.3037005012832,1.13172549172379,0.860750963412488,0.694516590121212,0.446173887081008,0.23277188972291,0.0533350438983921,0.213575042591074,0.169384655051877,0.148603633790417,0.12579822343851,0.104186708632008,0.0730066014081533,0.037844059335233,0.0111200377924219,40202.0462222233
"354",-0.241042392515072,-0.255394640624847,-0.166588204401482,-0.0469347738364703,0.0594192113110395,0.100179712088302,0.0638050532022425,0.012863584904143,1.15694265329013,-0.438200767870281,-0.138963449257671,0.148326311048251,0.258897738345395,0.525730432183582,0.76049573768068,0.942325978735949,-0.141623699308166,1.45994023368644,1.14491800550879,0.83416738077577,0.699241292024971,0.442205081620364,0.223919945968991,0.053838987351561,0.204521984205204,0.162344395830738,0.145493999430673,0.121884247458308,0.103314773920863,0.0728478193718486,0.0370286827486929,0.010898142185607,40197.2844668654
"355",-0.237558667994413,-0.219375516626078,-0.146833151247357,-0.0292881632044552,0.046557297320429,0.101593294618037,0.0628632024660086,0.0118173976941306,0.63855442738608,-0.353060010544785,-0.0466327276744273,0.143049437584358,0.273418842015652,0.513890399249103,0.760497943635063,0.943373176529045,0.376510116481563,1.36370473492806,1.04405737800201,0.835897334752208,0.688158532604972,0.453838166991228,0.2241854625313,0.0529824178505378,0.209566814961258,0.163976742087776,0.144126864165999,0.12582464048,0.103590456366933,0.0712886129110874,0.0368976191040119,0.0114266207862825,40203.4190526775
"356",-0.270375757285838,-0.237902396962258,-0.137134884853175,-0.0121651282203194,0.0601307241485611,0.0958887579291572,0.059162310815836,0.0138979588215799,0.483377218068451,-0.317563439796504,-0.0636858847519225,0.107910995033827,0.264635275462119,0.522850870438283,0.757745358769665,0.941085542736539,0.541104411514446,1.33365045120085,1.05845421935671,0.866500784495693,0.693608134852215,0.446817517755686,0.22846311188395,0.0547647846594979,0.212475423502841,0.166618174489709,0.146467737794371,0.123795658263257,0.103681239701829,0.0741319451572969,0.0369388027102258,0.010822391565086,40205.1972381616
"357",-0.189483263797075,-0.243341720787739,-0.169866858409325,-0.0336184728472253,0.0459586365782479,0.0889228820975354,0.0543853062429677,0.0141336296083567,0.32920345827071,-0.450784607820597,-0.00359587783616541,0.14767870216847,0.293668133925463,0.530158629871586,0.764080418577047,0.940749591226717,0.671388671226725,1.46701490215819,1.00748714013808,0.830711125435003,0.667658179448637,0.441014027593548,0.223170822017735,0.0551037811616578,0.210901457340016,0.162004844226038,0.142818990669759,0.125415022870311,0.10534189059713,0.0723482073339542,0.0366766839642214,0.0109117029952253,40203.2924170297
"358",-0.205110235406374,-0.220363040882538,-0.170971125682376,-0.0194630879141641,0.0631413725103435,0.100159217811222,0.0563719900776507,0.011784056753393,0.150331550512308,-0.380918854970503,-0.017030527791807,0.141727225148968,0.234499422846138,0.508907369444278,0.758286225942723,0.942391667386078,0.85370405136731,1.39250257415085,1.02199756842762,0.834094561112501,0.722482611540081,0.45971236581896,0.228725590463808,0.0541418210260495,0.216003065546281,0.161717578264709,0.141790019184346,0.121914604416633,0.103265793440477,0.0736024064983387,0.0362149059563769,0.0110732139718282,40196.8506385244
"359",-0.1684986912262,-0.265036291514878,-0.146567001282853,-0.048664339621988,0.0253154741295548,0.0849603309475888,0.0656464812953643,0.0143096461302461,1.00329779588931,-0.242737044676568,-0.123877901667182,0.119297879545169,0.301789997722849,0.532977182355067,0.757041132338058,0.939901427592634,-0.0113609842654517,1.26513677830866,1.12058887236408,0.864341169209173,0.665964155198373,0.438749330709535,0.227283491742776,0.0559721139516551,0.210294162090226,0.170674009291944,0.145907435438408,0.126689519603758,0.10406678027406,0.0721303740222338,0.0377124431356036,0.0113340980339405,40192.7009868631
"360",-0.170449288094081,-0.214314086350294,-0.140176133465137,-0.0386165558348469,0.0567134403861998,0.0796908217129614,0.0635701369039879,0.0107027563138537,0.144746301643557,-0.406111074341406,-0.0755416765102965,0.122970937812243,0.240884906889266,0.522572273428873,0.756472483445917,0.942227226501499,0.850991002843015,1.41548591592494,1.07084140316255,0.858086958766705,0.717827680105306,0.451508585236035,0.22812738761324,0.0546160565153388,0.208110972272532,0.165571702055585,0.142582795596234,0.124063521882492,0.104351709929671,0.0730699871153925,0.0370370934273276,0.0110358092428208,40202.733669728
"361",-0.236576340388758,-0.226218050984553,-0.147409427016639,-0.0058059691597285,0.0566585667585436,0.0956238717271413,0.0631947781600713,0.0145519285355054,1.1676491981673,-0.497992939626373,-0.0795797587068124,0.0963064345623082,0.223427455030606,0.509262999843015,0.757572892145914,0.939378623472154,-0.153398870022461,1.51087197937837,1.07607495430432,0.875732004713039,0.735396400830403,0.461375818993119,0.226959973829909,0.0565016295278197,0.216080426991691,0.167141189878732,0.143513999649646,0.125008721741167,0.103728052638496,0.0743240582015349,0.0362528684261128,0.0109411489846594,40193.7806389304
"362",-0.225114296453233,-0.222825342742371,-0.119627276043685,-0.0543767731715471,0.0503822286362947,0.088766407790028,0.0509157239564076,0.0131405078745385,1.06285933019834,-0.382533121232493,-0.193596783772552,0.131667788682687,0.293556320504414,0.522750229702752,0.767593256623413,0.942033599180521,-0.0511255688915018,1.39444218357562,1.18418854578626,0.85471989222934,0.665799416430339,0.449193857648144,0.220054754900874,0.0541616071377697,0.210111302191886,0.161740711015788,0.143678563523251,0.127207215497818,0.103986671407067,0.0730299852051762,0.0367957791054195,0.0109587126348477,40199.9426363593
"363",-0.24063031912059,-0.226379682938216,-0.128296570483811,-0.0305779304164765,0.0336631253816149,0.0953376736619003,0.0552684443831069,0.0137297632609673,1.33030768362316,-0.28695250178393,-0.106872734009539,0.137631696967565,0.247141847274363,0.527487339764327,0.764396162530421,0.940346202640581,-0.316183865773115,1.29955049382781,1.0997874422537,0.840519242047357,0.718749060502478,0.44098946628118,0.222719314699252,0.055657721160787,0.211691111867748,0.164404845867192,0.145218720692145,0.126267298854841,0.103818236345656,0.0723928134797507,0.0373747860939612,0.0112063506787856,40205.3422042821
"364",-0.226893133798599,-0.273449854560432,-0.169162431071544,-0.0364734235620446,0.034171438552147,0.0856343006327651,0.0572908789856003,0.0125012481754045,0.680332164282613,-0.389342037074149,-0.0923115998398064,0.167391723542467,0.286019264162462,0.525262270429867,0.760392150273475,0.94023220933198,0.331042274840555,1.41596733134945,1.09440369964671,0.812489464871918,0.678517207591344,0.44734783821422,0.226020618832005,0.0561246667492745,0.21169629495027,0.164895044802485,0.149581703744563,0.123502011173623,0.102865282696789,0.0752252568503175,0.0379258048156888,0.0112862183671099,40195.6583049472
"365",-0.21017332741645,-0.22901157157127,-0.159677818674694,-0.0562235176054367,0.060426971296307,0.103543501259877,0.0635146297394445,0.0128617918400441,0.478238911470034,-0.416911291186622,-0.139068706409516,0.178674173668806,0.233166694897273,0.515685920492531,0.754080542258132,0.941231523231447,0.52799325354441,1.42994716029152,1.1402809872715,0.807362550664389,0.725125192816132,0.451546627727914,0.231092357210689,0.0550837239004425,0.208926329183246,0.166961492896269,0.143800605286193,0.125196938850859,0.104050716183728,0.0725054172479443,0.0379466390223766,0.0110152446230054,40205.0248175108
"366",-0.18969819463046,-0.25220623549173,-0.128440503439116,-0.0479525362115109,0.0388953703314421,0.0998935967608234,0.0572731424434441,0.0139636726323892,0.377313112600843,-0.341001742431754,-0.0862400896878888,0.198075697269473,0.251481743001886,0.520913812590669,0.759834580069725,0.942638992579795,0.624572148700501,1.3598077659964,1.07820004011993,0.784316370746536,0.71165363142588,0.446631805539218,0.226281125584836,0.0531919261912424,0.208272660180168,0.160044739010199,0.144234720632226,0.123034746625948,0.104023437446466,0.0728868055241537,0.0378513326838735,0.0108040332339873,40198.6491906506
"367",-0.227577151406154,-0.222447902019746,-0.142723375290052,-0.0301656398217547,0.0464169823633147,0.0855488878934363,0.0615244342158461,0.0132460499123923,0.227593547137571,-0.411451516215034,-0.0867633306310727,0.161493959370165,0.251520616351518,0.522213179461206,0.760906754771772,0.940364530261247,0.783610541736083,1.42032562690573,1.08279801262414,0.816247095473487,0.710629701463039,0.449561394832622,0.223808073003651,0.0556647747826251,0.216652343923014,0.165301791427523,0.143980559787751,0.125891751675396,0.103678770251849,0.0751611522737979,0.0371260775906264,0.0109818140448913,40201.5946102386
"368",-0.22470291737804,-0.22961080007126,-0.138606547920613,-0.026968219881369,0.0402717029602014,0.092144909831504,0.0563612046394544,0.0116815709305366,0.947726666155925,-0.36361999494828,-0.114967596178623,0.136944707005339,0.234074404123023,0.52338813453526,0.764142700863243,0.942018782799269,0.0619459071383941,1.37767337692326,1.11192885753827,0.840021828456392,0.729168903596969,0.446496014919477,0.222994249078165,0.0545465465981753,0.211599521947987,0.163678538065424,0.147480441112706,0.128105941762933,0.106757014527249,0.0721184983570971,0.0380353691555417,0.0109797490353229,40197.9218884279
"369",-0.202651082809805,-0.246909735483641,-0.146781543303021,-0.0511776314036547,0.0348044249464608,0.0934192921025703,0.0570143155562407,0.0114334706445616,1.32462952150196,-0.270438552000955,-0.0839265954642982,0.139402231448626,0.237971100074522,0.524485771261657,0.76135132027185,0.943385043979403,-0.319956180112538,1.28723394443641,1.08146129245795,0.845015983343705,0.727570075804981,0.444577819759812,0.225089087648931,0.0532504881594627,0.209628150055887,0.163865173848356,0.145052131333657,0.125617844427487,0.104099605213489,0.0719618089571914,0.0374339336244477,0.0110865496300018,40204.126238615
"370",-0.219493087670094,-0.281582101616886,-0.155200057816557,-0.0594823503073562,0.0608115084842072,0.0956532779459684,0.0536825844189896,0.0131474884624589,0.367758530239146,-0.27112889123952,-0.100515922184984,0.127577285622225,0.263347902793821,0.526909817611835,0.762775405927065,0.941497341365442,0.643099181967526,1.2979595700038,1.10122164316749,0.85932499534214,0.693841734168809,0.441946902363581,0.224821459260699,0.0545952262980239,0.208191538282535,0.165194594509032,0.147389634169281,0.124417224595487,0.107481390128743,0.0727565668993012,0.0374157824025245,0.0107878332937347,40200.7546852471
"371",-0.265106682088304,-0.22972605268199,-0.119082943956726,-0.0257984317385087,0.0507550241445372,0.092882110352093,0.0599754973116994,0.0122568915040045,0.963974055982213,-0.358187950091656,-0.118278188690774,0.133761761109768,0.285809545991366,0.523106630663814,0.764649536872476,0.940509710513467,0.0592561559498667,1.37018231788312,1.10709287629693,0.843665778255409,0.674555009950262,0.446531378280099,0.220565793968232,0.0558885673774694,0.213666311803672,0.164266364619653,0.146874112653519,0.124053672307002,0.106011785799602,0.0742228976240561,0.0375498891644318,0.0110916637135316,40203.3708187206
"372",-0.210583726014735,-0.199175644749198,-0.163989976338042,-0.0528964463725513,0.0592920719688259,0.0874525061484019,0.0589540349115148,0.0153889004327627,1.33506271847436,-0.42150632817009,-0.149680069551373,0.166444252726851,0.267493791440114,0.534421791711503,0.761786944038573,0.940452483378523,-0.326768626097124,1.42701854623833,1.15267614954942,0.81770428147633,0.690056715903902,0.436934333862621,0.223833983133011,0.0549066998057327,0.211375474047978,0.160801033787109,0.145287037841311,0.126679895620821,0.103455003574836,0.0744773842699835,0.0378370974806467,0.01106038748782,40201.5931555748
"373",-0.239010991298928,-0.252243383727624,-0.172493709880594,-0.0302882321264874,0.0568305869885859,0.100172124052152,0.066181829426525,0.0130963244949595,1.14630179138933,-0.324083133354698,-0.126618012303968,0.131036626259767,0.261979793418719,0.528926265237957,0.765637339128137,0.941908809237796,-0.132435501356015,1.34542156394292,1.13052364764579,0.847970021616428,0.69698915719725,0.438603813991938,0.218077988347425,0.0542992189503239,0.204962854589818,0.164318140496336,0.145099577301512,0.124952246952195,0.10418197188068,0.0729567416506434,0.0374503332897332,0.0108139129149965,40198.3323303821
"374",-0.231112730024779,-0.246897710252145,-0.104223475060868,-0.0569134475715771,0.0451220587541956,0.0988226677785659,0.0564858023893056,0.0123022278830154,1.26949706210628,-0.422759889130951,-0.139811392745979,0.142412755463403,0.265698254191021,0.509073523583157,0.76499688392957,0.942213581213954,-0.255257977697089,1.44023857120288,1.12569252662881,0.843303562844742,0.697163836125373,0.46051433583122,0.221071468650632,0.0540658676966892,0.211992185356379,0.168245209438904,0.142513894795047,0.128859976694864,0.103445417628426,0.0720165640482251,0.0367930920046133,0.0110180801075778,40196.9194370996
"375",-0.202274241392792,-0.224388096855984,-0.165548621612265,-0.0489011733732725,0.0226811233238242,0.103125152349837,0.0601523627559608,0.0134784680157893,0.631655845113712,-0.441584779169988,-0.0952328402383707,0.141813840576839,0.285392411066292,0.538345961236049,0.760407880508788,0.941958571557594,0.373980061964597,1.45377146906094,1.09794105683576,0.842539808146325,0.684204408230069,0.42731180867242,0.225030240787209,0.0540535028006718,0.210793526636576,0.169185326476283,0.14136627704778,0.122975614133058,0.105208554004224,0.0739683860884179,0.0371982667969968,0.0109478379442046,40199.9980781508
"376",-0.230047966516176,-0.266188759853084,-0.149365984575562,-0.0260747433617328,0.0406741023282964,0.108067782707402,0.0640634678218729,0.0158209204436426,0.578080546538978,-0.334002274499882,-0.169505003222218,0.0862148036655356,0.250679715634235,0.513447921473499,0.756967846772356,0.938786345941229,0.437044493605934,1.35767775089108,1.16831016993003,0.891907928004062,0.71182415006463,0.452458423630906,0.22804649343134,0.056747658651527,0.211715083646533,0.162471035355945,0.146551612459721,0.124661821408994,0.103556518670906,0.0725154622313623,0.0363781533986618,0.0107682485214173,40196.4614234972
"377",-0.186519348142097,-0.224328829668155,-0.134843216783651,-0.0335395280209926,0.0340952487018621,0.0974234498322389,0.0616478143385225,0.0131183938467287,0.353204564082643,-0.44520352505623,-0.0931284215565705,0.111403289849133,0.271726749084472,0.525431022739694,0.755951696806749,0.943518294918159,0.647771258131909,1.45605178277104,1.08721107947405,0.86874318956432,0.693371881418448,0.442506132394132,0.22951292317892,0.0524911248440405,0.210827315415933,0.163986530690103,0.144164516079619,0.124461253546251,0.102020196533182,0.0751877291036889,0.0363072084629127,0.0108217242399315,40204.2829312087
"378",-0.255992771178083,-0.232522766317945,-0.132895262576376,-0.0445124570639025,0.0390735269882657,0.0994634586849985,0.0675565680268378,0.0139358246175499,0.567718108777596,-0.232732358568677,-0.0802625003702424,0.115082560538844,0.245307921644183,0.537316426780773,0.755525309071792,0.941478420009308,0.45233062596349,1.24752798811186,1.07253137028905,0.86896757809709,0.719222680131569,0.430145216300659,0.227901689004194,0.054381676565348,0.210269835561243,0.165932264899057,0.148349844584763,0.127265777341716,0.10210693984074,0.0731743127740553,0.037944938709105,0.0109749377984313,40201.0811367262
"379",-0.235183497552794,-0.18771439377002,-0.156705650414509,-0.0655489170413203,0.0639546733404696,0.0877132535020816,0.0637582457872292,0.0112717519079268,0.550784674186677,-0.388496430252017,-0.0475583408325532,0.168977322837016,0.26442337369119,0.522061603495387,0.755470674058575,0.944320661810507,0.461459089058193,1.39009291833192,1.04704638438351,0.820724891892857,0.69214522504636,0.449768129733429,0.229040970010681,0.0523495251696385,0.209628567380011,0.166724107864235,0.145230952875863,0.126718924087261,0.10503036493193,0.0748440030130868,0.0366951181003851,0.0110117361847997,40196.3514354411
"380",-0.210513358233337,-0.217694847403416,-0.165880663892987,-0.0755277087096557,0.0575886482908897,0.0769414778923432,0.0592303571029445,0.0115039430771625,0.343221243631824,-0.427412698212193,-0.0442380576699109,0.108378333742945,0.265904093174072,0.527530367711124,0.758460284488798,0.941843501252822,0.666366456656993,1.43614389563281,1.04944589367753,0.883914816707677,0.692426013624548,0.446673221417537,0.227731643475791,0.0547999337714431,0.212974161665014,0.163861213715528,0.146198240640537,0.12381198821463,0.104238705031223,0.0724887222936955,0.0387318277199918,0.01094390397995,40193.056446784
"381",-0.209911013546783,-0.247134150702393,-0.154258389386109,-0.0433069925428407,0.0251110729669695,0.0997307988983758,0.0500118394495501,0.0147955553168352,0.386796265815284,-0.408986126923221,-0.133548488401418,0.112494467454335,0.271013165156681,0.514171511210517,0.76464180019789,0.939070549612649,0.620666344063891,1.42791119408301,1.13355567848096,0.870943459714859,0.697802022152599,0.454364617644061,0.223760912200659,0.0566095264379397,0.214016099127053,0.162737623194728,0.144557422127753,0.126681843713606,0.104498721932965,0.0744808905593235,0.0371356362828045,0.0106267485037259,40199.3203094507
"382",-0.204314216414236,-0.178932858261854,-0.151661088237049,-0.0461838942205352,0.0266135109090237,0.101834923422057,0.0699190228527549,0.0133393836577549,0.726393542985484,-0.411272958957808,-0.0759420378239021,0.126021363993292,0.307809413087477,0.514685738185286,0.749406782666591,0.940415648198048,0.27748788816699,1.41130437310979,1.07446978610857,0.856705996551346,0.659321894228783,0.453628294651099,0.233236807335124,0.0555888307441133,0.210331511139735,0.159002411405753,0.145047417227807,0.12652474194329,0.104371832761297,0.0734256683244795,0.0380176792293464,0.0109099252679812,40193.1420887552
"383",-0.25734054235396,-0.204781487372733,-0.139212185344748,-0.0505411545875027,0.0510885995498129,0.0985392246772057,0.066556871810168,0.0132789124539959,0.468697370800131,-0.424911984589177,-0.161391124460067,0.163053185929924,0.238730269104705,0.514140278697794,0.758532414759381,0.941751902343938,0.553409076514113,1.42931720429595,1.15651249333696,0.820996308121732,0.721905842887227,0.455050657700908,0.225126968949288,0.0543634846714802,0.211218107337414,0.160600432613229,0.144720926394667,0.127262139533495,0.102140797567075,0.0742340716430654,0.0365164535630055,0.0111142316577383,40202.8119450821
"384",-0.189518071794192,-0.255588581472201,-0.138844448157795,-0.0556571599572443,0.0271053676573914,0.0997267049981922,0.0704206428704819,0.0144084003242176,0.0633589559145981,-0.265693384537205,-0.134641499037995,0.151630330141763,0.274898571256104,0.517223698607366,0.754827319680693,0.941345094507462,0.938429820015287,1.28600414183604,1.1311998229846,0.833440084236888,0.692664892554947,0.451182322229943,0.22803266378743,0.054342020507685,0.21418223284762,0.167244218251686,0.140648219639177,0.126704982761114,0.105040466063605,0.0723899965310873,0.0377941574287763,0.0110891320085046,40200.9917898152
"385",-0.168841202382696,-0.224243925277347,-0.125736308763593,-0.0429454177210107,0.041602683809124,0.099323016866797,0.0597353288674575,0.01384943158472,0.231071902566873,-0.395937353691578,-0.105272095787771,0.1345302939021,0.261151265477821,0.520268478806973,0.757886095931167,0.941242627439079,0.763263575884563,1.40673137717019,1.09918319838768,0.847340512376264,0.702125886788643,0.446904388947684,0.228015500713665,0.054671677366468,0.213721634117835,0.162195404640059,0.145756030570361,0.125273011663131,0.102642039398951,0.0721308693784634,0.0369237676148756,0.0108380650099235,40202.7685434901
"386",-0.177881630872857,-0.254881615714713,-0.168328586798246,-0.0200217836549514,0.0415605364028143,0.118207342010103,0.0617673343409642,0.0121558442720437,0.480835571476339,-0.339507298777436,-0.0327280449622529,0.161843088521067,0.234679389432893,0.498948297510059,0.761104135890774,0.943399667449056,0.518623205519756,1.35919381862127,1.03665050772055,0.813345437453768,0.727660617034074,0.464195299340625,0.224083745542674,0.0529386639570278,0.207368794836624,0.167160738119655,0.146972003123979,0.125216635942757,0.104105107964038,0.0741070529997733,0.0370014932016256,0.011148413309659,40195.6112077996
"387",-0.226439442338136,-0.236033875189599,-0.120755737506903,-0.016913317460585,0.0244666403856838,0.0908948275574032,0.0737918085357917,0.0151535162333062,0.0424507893228787,-0.326326169055425,-0.199219016327369,0.0449544206689219,0.274676389482929,0.524216745776274,0.75878681161722,0.941688198034228,0.967059984587655,1.34034812744347,1.19086196456775,0.930509572583793,0.693951819751744,0.445303771408439,0.222970043078891,0.0538878756298752,0.210627877492846,0.163653844149184,0.145696830500365,0.126670860756214,0.10238491610128,0.0723152031798469,0.0376134871660249,0.0109817929541239,40190.2219513267
"388",-0.18232078512983,-0.242912510263867,-0.154600046559167,-0.0703603664055875,0.0501938479816242,0.0943766271915975,0.0633907159559359,0.014916899637337,0.864740393443281,-0.218946407467471,-0.0246339991154838,0.142458799840361,0.263262439648813,0.526639102047773,0.762870235543725,0.941356161822452,0.134969410214159,1.23452000780357,1.022321133391,0.847043618188393,0.698377059009764,0.443249816740844,0.221329029997912,0.0542169928646278,0.208420767361493,0.163687497927709,0.144673264000049,0.126936771624698,0.103848509899961,0.0739069999467662,0.0377692541502913,0.0109598541471062,40198.0701631204
"389",-0.242943300921556,-0.185634921881343,-0.184187227894007,-0.0219724556709723,0.0477435016315457,0.0973242506094675,0.0624968902133713,0.0154471791923458,1.00884538816745,-0.41795451178516,0.00855551478321345,0.138914015300894,0.268747316740317,0.517266359083608,0.759855207550341,0.940464795954682,0.00770218015578265,1.41836709576202,0.999409499215103,0.83623354073036,0.692547736212891,0.450676166911862,0.225080841345209,0.0548695646575105,0.216601790192467,0.163761608415197,0.143938906711302,0.12370606589592,0.101329710736184,0.0729750858128958,0.0363101391515164,0.0112405096840766,40194.7451577622
"390",-0.252658838125562,-0.227001612257698,-0.172263836851178,-0.0285810485276034,0.0609995468732239,0.0787255635928324,0.0651035015059659,0.0155437592786935,0.50682194867247,-0.3933553993581,-0.110662486275904,0.10349100063253,0.276072807576866,0.547771640806995,0.756271045989786,0.940759405028423,0.512806529662258,1.4048261792955,1.11569676436194,0.875317964358931,0.681118096618003,0.425442786610207,0.228175237380173,0.0544549500596491,0.216227256109984,0.165902960781532,0.145201461994139,0.125558446067625,0.102306441235665,0.0729466098146879,0.0371572822003466,0.0112576267535431,40199.2702980393
"391",-0.246854163387962,-0.206560703497539,-0.149004416810213,-0.0269045545019309,0.0311132624735255,0.0797937182775227,0.0646400589341537,0.0135565138727414,0.0384583688566777,-0.369506341369295,-0.13326382925332,0.186024683686918,0.308095004504215,0.527421520362842,0.759239075305794,0.942531883131054,0.977875653844387,1.37514925034362,1.13046742276215,0.791023793889969,0.656123325566907,0.447563824294848,0.225050183870619,0.0534840789084788,0.214798004013261,0.167392467763581,0.143796981897253,0.123824713648038,0.103227557780317,0.0717890618977887,0.0374204292173115,0.0108722037367845,40194.3868417112
"392",-0.214492301518474,-0.206577256091574,-0.179388635618782,-0.012802085028395,0.0567421135166076,0.091311461346232,0.0548951165772813,0.0153554771646563,0.314920705849904,-0.42770195589384,-0.157993858414258,0.0789182164705635,0.252834025621814,0.54715822127766,0.766498867821927,0.939282997153872,0.693931418972041,1.43512709147013,1.16510628967708,0.897012527970817,0.705236528986968,0.422528280037646,0.22055581783922,0.0562209020003375,0.2146508876882,0.161597420497222,0.142458345731157,0.129445237559014,0.104854495786043,0.0746359103775307,0.0372560446475882,0.0110299296099426,40192.9098482032
"393",-0.20601566297013,-0.234670864771821,-0.139016338169545,-0.01525176920194,0.0350950513789368,0.0832199356658223,0.0598405570785151,0.0136078951239453,0.899004743644426,-0.328994774709925,-0.120996183950092,0.0850209931092396,0.273238598400418,0.542163645814354,0.754797304462221,0.939958723523996,0.108515534181889,1.34435047354589,1.11590349356795,0.891054220062399,0.692610447177653,0.428984079925202,0.231364624912435,0.0560445766468142,0.210066659365496,0.163548254337891,0.147285818390172,0.125292465932197,0.104197865922989,0.0719399765731589,0.0375456359643098,0.0110140780245251,40201.5643147515
"394",-0.237093677445643,-0.222138357388723,-0.168573352898642,-0.0553591323972095,0.0504510101137617,0.100345368998061,0.0676415419601875,0.01127712998235,0.144070272729433,-0.360587577642084,-0.0734511165540464,0.15613126316594,0.265449629885453,0.525156026259629,0.756212211146619,0.943511222620291,0.869424933088014,1.37003127419963,1.07671693797809,0.828689383739984,0.695682141719699,0.442009331147706,0.227352294978647,0.0531732622288825,0.216246959765982,0.163759323216377,0.143619760613948,0.125476874439351,0.103649417354288,0.0729582131375159,0.0377173568539005,0.010995359584806,40204.6481938474
"395",-0.244164343403275,-0.205972692168275,-0.1506538900014,-0.0720187858155316,0.00111868501448772,0.0897246902234367,0.0667140911968531,0.0123687326945687,1.17454474344442,-0.296024567615611,-0.0432716562517704,0.147191111620826,0.321757912705819,0.542707801517708,0.749499324146524,0.942263448387398,-0.156967768575176,1.30185776854182,1.0421356455733,0.844516383324181,0.652434898541154,0.426862382041668,0.23508977584769,0.0541233387233235,0.214039955047116,0.163084024807882,0.146698300899128,0.126288010915856,0.104132192580297,0.0727038692201082,0.0367487295860252,0.010944013441715,40196.7181933922
"396",-0.243906622109439,-0.229426892144723,-0.155061767318779,-0.0533934060630342,0.0643868927858229,0.0897622659289031,0.0597849114849465,0.0108695250490642,1.23048392343504,-0.291426486328069,-0.135522016028259,0.121004298932836,0.221310399034686,0.530850238504519,0.767386250054315,0.943327310444171,-0.215098996032164,1.30316584073815,1.13586169994826,0.863850871770665,0.735621407441095,0.439433507469946,0.218168920948002,0.0534791697218723,0.208748147691798,0.163545886985361,0.145746624178926,0.122577214516552,0.103436713808003,0.0734740811238235,0.0374908968632249,0.0110347094237048,40199.7497496948
"397",-0.260200824987892,-0.222431278895172,-0.128053362646554,-0.0332681510756462,0.0431448369204536,0.0878193132329424,0.0611753004858071,0.0130093482811177,0.210896025159522,-0.356396382637592,-0.186368175446063,0.170070898814916,0.263789919404769,0.530968432086595,0.7646482406458,0.941934640249274,0.809333977522314,1.36731845960616,1.18030839126069,0.809795439212495,0.698864755061377,0.440519395067817,0.219949556241504,0.0542084697012532,0.206021782838085,0.162842024280872,0.143204828004645,0.124181912970645,0.102619972409379,0.072877681829339,0.0371229189732593,0.01103506214987,40202.5817617611
"398",-0.187306949377856,-0.251183971472015,-0.138148557469119,-0.0357732131659722,0.0247136891635995,0.0937954217532554,0.0574623026730942,0.0124298298508558,0.20509916372403,-0.346909506689486,-0.0516741143994597,0.179321740526192,0.301924201581049,0.525275994520382,0.75607129558095,0.942496379693569,0.795900447392474,1.36654258392067,1.04695794527591,0.798392174136397,0.665538752739746,0.444574916316639,0.230951441398678,0.053708720100756,0.215557794268972,0.163910845596458,0.143318054305474,0.124691715273999,0.104190159260446,0.0740248867364384,0.0377412903233223,0.0108218087319767,40199.9969762885
"399",-0.236579039941981,-0.22391727198019,-0.127159509337556,-0.00323740419897652,0.0406346713608098,0.106668787318652,0.0619385134380466,0.0149604302403553,0.14872345081645,-0.351978255751573,-0.172555502001727,0.0750119671750864,0.293615825524364,0.527237443096896,0.753605641807041,0.941090464547758,0.865165530246294,1.36357801625488,1.1653867906731,0.897538579171793,0.66944954552406,0.438865263135774,0.232286402427982,0.0544245586863506,0.208197475318212,0.162627682512839,0.144787861299143,0.126709403122985,0.100337235606318,0.0728664846468109,0.0373524404252372,0.0111170950063605,40198.5971555689
"400",-0.235134455247226,-0.235117525398791,-0.167434441065753,-0.0466204705888337,0.0444293219152828,0.092943944923945,0.0604535296259258,0.0126892043758422,0.354421312547965,-0.403986786820818,-0.0967212562948381,0.143350546355882,0.254717302161159,0.52503358871867,0.758261299046156,0.943090823984647,0.661004312499833,1.4178721475141,1.09987895893847,0.840471985323941,0.708277224506132,0.445231973095004,0.227360042838058,0.053045986444201,0.207905965059648,0.162438334130697,0.146584173211909,0.124604764898016,0.105196041773968,0.074008381881746,0.0382789159334942,0.0110127793775152,40207.1662573111
"401",-0.238095796879697,-0.180986968468279,-0.142773995286183,-0.0313230627296382,0.0574122737267229,0.0761757259329831,0.0563078002406428,0.0127336255826636,0.312801375569094,-0.411817698309644,-0.124362786972159,0.107182031345377,0.268405171802476,0.537030653489115,0.764592974814401,0.94233533283442,0.70070797175917,1.41188446604371,1.12099015675929,0.873045692588363,0.690704876336764,0.437767244567656,0.221822639935306,0.0537882512986503,0.209964707169392,0.163604220925385,0.14336148179087,0.121876612890657,0.105541349905161,0.0732729712287196,0.0370208130242241,0.0112101588904475,40199.4047567867
"402",-0.250039145171061,-0.239388897158432,-0.118971729294976,-0.0259456101381413,0.0401323611838012,0.112636921946221,0.0623219371554382,0.0138640514315905,0.967012789860757,-0.362980003937005,-0.144626133162369,0.159746975213043,0.302379900988509,0.514492800228358,0.765344009063044,0.94201605234373,0.0502174626227922,1.37949411596601,1.13487499245454,0.8167063984946,0.661872566464274,0.450415855565466,0.218906202610231,0.0538943657724336,0.205702483900753,0.163155975279479,0.147718366220582,0.12520781448126,0.103569307656777,0.0759213015457671,0.0377777415246102,0.0108642389881376,40194.1546028662
"403",-0.238919209443539,-0.204513643974464,-0.140196824582826,-0.0226261271268603,0.0516842833424936,0.10262930688427,0.0665413832873261,0.0128839447195958,0.798479288867219,-0.336282652113116,-0.0796253596310847,0.112708428560439,0.260583879322318,0.531360742535493,0.754141860343432,0.940649060661776,0.215171573989913,1.34168314947896,1.07486036290506,0.865227961446741,0.699855610980803,0.435417393520249,0.229778732680882,0.0555739932241001,0.211815282152487,0.167044667609368,0.144057130643372,0.123398809987042,0.10122110284349,0.0736458676505599,0.0369930339839099,0.0112195126349039,40203.0706522283
"404",-0.221975789146856,-0.237388140695705,-0.142185830914723,-0.0297479355399864,0.0339138319666919,0.0954368117835835,0.0652832296971649,0.0128604188063945,0.392944510665429,-0.3902204124637,-0.195187899073132,0.123504478125797,0.262212682316002,0.516609956022323,0.762369634059398,0.942876536092124,0.616408570454128,1.4053300986326,1.19140613437025,0.854808261464978,0.703330790199185,0.452287376569013,0.222240913867489,0.0533099911737499,0.210146358019247,0.166774586482594,0.14397715331794,0.130506511344239,0.103761189763275,0.0744476630118686,0.0376226132083429,0.0107885690854486,40196.5500584293
"405",-0.157901932347195,-0.209661482295609,-0.177977583226756,-0.0185572899016847,0.0415150490991323,0.0846275259121533,0.065941678160325,0.0157814016179285,0.516031059534297,-0.338415951555194,-0.0733745172347083,0.128983148290887,0.279221348685293,0.522106555770254,0.754339342357942,0.938585667633056,0.475180305442502,1.34465536380939,1.07868164772501,0.846443399075813,0.683556975284099,0.450461354224251,0.230088197856246,0.0569751857375426,0.211734818816514,0.163086272045836,0.145459886349798,0.126337914156192,0.103388545581309,0.0728468134172081,0.0370558529840911,0.0110416316300788,40200.3066197876
"406",-0.235612798981925,-0.216253968161279,-0.140136975682933,-0.0392565827334495,0.0604586827843557,0.098412744444009,0.0506142031099122,0.0146086830103444,-0.441083720070541,-0.492628086693782,-0.0969936467334024,0.100441649177804,0.256711044482708,0.510137749307868,0.761684875513307,0.941868614554402,1.45291168242688,1.50087680765021,1.09272922750811,0.881932982578118,0.700835004040975,0.459005815227132,0.226961867544928,0.0537529112334839,0.212076125367348,0.165432126408614,0.143195523479418,0.128001150701672,0.103689044448926,0.073559923896093,0.0369964709982788,0.0109672224112377,40199.9857978689
"407",-0.212791012808475,-0.238009180004801,-0.109468289794845,-0.0477176645216042,0.0279918831494194,0.0888116736531099,0.0680514048131675,0.0103837464501729,-0.0530743819827244,-0.301867701945837,-0.174867020123115,0.125352405510963,0.269772604471537,0.525240001525476,0.754735646688488,0.941702267349989,1.0617543559951,1.3164153878444,1.16439670634897,0.85734063339265,0.696172299880227,0.445527968364662,0.228936100907655,0.0552910686213015,0.207923667059993,0.162156946899848,0.148371553421828,0.127352524110032,0.107885646237988,0.0717949505673467,0.0375755540226827,0.0109390414339349,40190.819216735
"408",-0.255484430065086,-0.257777935088746,-0.157894203616337,-0.0196722482635742,0.0407258706671762,0.0862278392088054,0.0592544413985306,0.0131452741060918,0.0804067033609402,-0.336181167223818,-0.125307779079521,0.0958716508076446,0.29794958091099,0.537411099074425,0.760680461067925,0.940191102833754,0.939182705576837,1.3566923808117,1.12685778372274,0.880099064348302,0.664015136568497,0.433838945182182,0.225293882358239,0.0559035406491981,0.209624668399874,0.1619547192724,0.145690466174312,0.124853462832512,0.106166702822411,0.0733898183958056,0.0372187232022369,0.0109342210119371,40205.0968374919
"409",-0.221334876588423,-0.217822973319257,-0.130932154399252,-0.0608201096145938,0.0294741751121821,0.0952092480344254,0.0638309729640667,0.0136992500577168,-0.186644444765645,-0.250344517532344,-0.0877091554626654,0.138586842053167,0.313386759834491,0.515367317323579,0.756969561005393,0.941707602975538,1.19647038451593,1.25986344445301,1.07974354589769,0.849365167952758,0.652443835728766,0.45522086002708,0.227627073777697,0.054248591883144,0.211560849598039,0.16257842142884,0.144789503985244,0.125539339633145,0.105099405786386,0.0734097730852842,0.037485566668755,0.0108878461656173,40204.3047194517
"410",-0.156256525697327,-0.222137085874196,-0.143482549797837,-0.0503535264216346,0.0464337506165802,0.0881191114676274,0.065713569054392,0.0138181262680505,-0.701176129580366,-0.382411894767383,-0.102004723310445,0.169738866168565,0.278067854564719,0.536402628805493,0.754663422458157,0.940909842476859,1.69156922749599,1.39220689100647,1.09828951427503,0.814068664264282,0.683411448363863,0.434294815726286,0.229827942254895,0.0548937699138139,0.211857615812216,0.166106258997709,0.142407704021756,0.126442833266033,0.103059515145364,0.0736734486343098,0.0375665033417661,0.0109821501312678,40203.0179463517
"411",-0.221584022273661,-0.227662750370193,-0.149413136960367,-0.0577568586241489,0.050989373970818,0.0933526427202311,0.055962312332957,0.0124743555342111,0.983528501756733,-0.346357062658425,-0.155775351055668,0.133177516337895,0.254604050063838,0.524422807588858,0.772009651301426,0.942219936146846,0.0259199242457432,1.35854610245204,1.15561791360592,0.853623720010156,0.706716831048935,0.444930617146335,0.214304937623365,0.0539885248454326,0.212409123515826,0.159888679377213,0.144236859393757,0.12298241916787,0.104551373438846,0.0719684821030049,0.0372998779576619,0.0107292382220556,40199.6927765051
"412",-0.22900133556061,-0.229027035625228,-0.147955027650561,-0.0479999575772947,0.0492003983418155,0.0982670388334054,0.0606499321633336,0.0131101269321573,-0.046173983116022,-0.442694574325378,-0.0830742502690103,0.0951198045265303,0.242075854091378,0.535173852918987,0.759321228259877,0.941541543936004,1.05819309557531,1.45516219806941,1.0817502691205,0.890158671451451,0.720038038336601,0.432190853308948,0.226406135536538,0.0546729420271553,0.210638931031205,0.160361809949468,0.150783971841677,0.129163816579745,0.104425412059276,0.0744880806825081,0.0372154849659648,0.0110795933989454,40199.8485269268
"413",-0.235316578051435,-0.244436795153578,-0.127437732836244,-0.0377107698732131,0.0483397021870149,0.090853419337269,0.0503239472552529,0.0141536160581738,-0.0791122918908182,-0.317996273837529,-0.10845604825136,0.135810415824663,0.259983184897855,0.533996495975897,0.77126145584515,0.940799858077616,1.09365180208274,1.33535737828348,1.10032000983553,0.844597259915831,0.700235356697937,0.436256395661934,0.21681376465478,0.0551221645957844,0.213429936879476,0.158445255439954,0.14372814343686,0.122624391088832,0.105130685963998,0.0720094786081493,0.0372512121309233,0.0107807844356113,40199.9002003886
"414",-0.276883027411255,-0.223090048865912,-0.115175110090819,-0.0343984104406459,0.0571973370421727,0.0844442315511396,0.0637967451698927,0.0128752865256432,0.909070437789905,-0.352505148778683,-0.18065040230633,0.138584938577105,0.268318056845943,0.528087694074212,0.75951823010722,0.939158096426192,0.11835693054304,1.36239798343911,1.16951605335881,0.841501077570186,0.690085537034632,0.444136398551489,0.224829655919376,0.0571904794368551,0.214879636079795,0.163375386879085,0.145111334406361,0.128505697695418,0.103942120293066,0.0737987331245963,0.0364928937945138,0.0110334583408029,40199.9688430956
"415",-0.134909185004568,-0.236809255544072,-0.135107538306204,-0.0265037783109217,0.0270372124796309,0.0827867611065654,0.0558336678451234,0.013431687600263,0.839854208081114,-0.433276623905894,-0.0445840004964918,0.14505126752107,0.267513379350382,0.527050997042329,0.760805286247522,0.940158597830288,0.144348453308765,1.44814789516289,1.03944010700636,0.832120728861189,0.699991521269638,0.445679342636931,0.225684878321179,0.0559360297065852,0.211347374074093,0.161794433882525,0.145016987964863,0.123224101973185,0.105449576604779,0.0742764040300314,0.0391921188752557,0.0113830353097916,40188.7164762829
"416",-0.225955360278704,-0.209324977757492,-0.17055638359348,-0.0240195734024473,0.046572027819381,0.0904766347538494,0.0766045113492042,0.0116236172815536,1.06404829997525,-0.314337188676098,-0.106951825580193,0.128764774181198,0.258051811609666,0.546330546845286,0.753550488157853,0.94124224228844,-0.0510800834825152,1.32135974553605,1.11197968334851,0.848331198565142,0.702684680982347,0.423193039772885,0.226997468216012,0.0554681772690389,0.215749825611042,0.167522321009669,0.144930899340479,0.124561751000122,0.104017080803857,0.0736323238108425,0.0372779646285004,0.0110737670671472,40197.1737930608
"417",-0.232123442638848,-0.261983225283151,-0.106202244337026,-0.0286007605955222,0.0489178745919468,0.0878875976402721,0.0563737868895413,0.0141266660333049,0.0554924666401054,-0.213453604614882,-0.126309267097596,0.057552360357216,0.257433968096062,0.538490179383476,0.765931245504836,0.942081583607092,0.957539930296482,1.23487640607152,1.1114177112992,0.921583363656491,0.704347210480946,0.431780026307965,0.220786521640955,0.0537617867389033,0.209629853329763,0.163315644729858,0.143210740640374,0.124656160293207,0.10655800638367,0.073279070555208,0.0378656594377682,0.010914375600815,40196.0364461403
"418",-0.272771867055864,-0.231191749062444,-0.160310210436173,-0.0400134838242613,0.0576922125814037,0.0964519285661931,0.0564435777360768,0.0138469956320586,0.802453733358561,-0.335158759781065,-0.0642624521201904,0.13940826452974,0.248881182374776,0.541761895438016,0.757286146120076,0.939790016104722,0.222064596377863,1.34843742947457,1.06620325669549,0.84367136594511,0.709283118777306,0.42621536040341,0.22934440775279,0.0562177642432309,0.211026160209182,0.163481157982674,0.148267281781472,0.121190888663353,0.104398406372386,0.0730893016860839,0.0370502868695281,0.0109152326618834,40198.2701470261
"419",-0.23464789855615,-0.193774830649375,-0.135125297333402,-0.0463062188673579,0.0372549505459178,0.104425783010098,0.06313698043635,0.014139433664218,0.552919716581762,-0.239853375073851,-0.132436427211633,0.158659215935342,0.269618430149854,0.494547794530063,0.758721645890916,0.942067729369128,0.463514593491084,1.24201272798748,1.12689695475528,0.824540167123605,0.695320720066553,0.473416200598107,0.225923252057131,0.0537147902846494,0.214447853476175,0.165189466461081,0.141399114665044,0.123428404313687,0.102083025559412,0.0733515867559335,0.0371551081663369,0.0110291945623995,40198.8033070075
"420",-0.248414226092437,-0.224750377531062,-0.17309793074521,-0.0462431903611908,0.0398366831840787,0.101610061771275,0.0533473384220328,0.0128544348005001,0.620372982881466,-0.307527594428178,-0.0627421998840399,0.142470367711426,0.265873390123577,0.502016514334187,0.760321199660427,0.942326148156999,0.398064346089379,1.31844275205032,1.06705083298133,0.840984983958095,0.697071463515123,0.466845571675161,0.227541339049545,0.0539430898308333,0.210969290343452,0.164342944194586,0.145720421523022,0.124768275893264,0.103928234314214,0.072971365462992,0.0378169556832991,0.0112440633679226,40203.9673793398
"421",-0.179754031594239,-0.227324700800602,-0.169194173815861,-0.020996602736292,0.0568423355786142,0.106908399304724,0.0647904838418262,0.0140442004026933,-0.949602723543244,-0.35313143314849,-0.0887112218200069,0.128395819095161,0.255920909551559,0.515861428319803,0.752635842416759,0.939712035842472,1.94911499587778,1.36528653664235,1.09457369943998,0.848788953768319,0.70389353321275,0.450745426149654,0.231693254060799,0.0562189905883245,0.215266058674789,0.161814456002956,0.147015018569498,0.125357137119745,0.103186369212719,0.0728503881930119,0.0370975495951697,0.0108083794350339,40197.64584966
"422",-0.182152409445377,-0.216913586792258,-0.12363962955771,-0.0219485319901557,0.0203950543107497,0.0951780913459778,0.0660940208783959,0.012177622642681,-0.530642395637601,-0.328129946246354,-0.152646470683065,0.149907778044627,0.285599289448525,0.51209795006326,0.762424610748463,0.943321746884088,1.52920893933251,1.33689832526055,1.14520522834557,0.825816684866661,0.683589703999119,0.457947556270518,0.220932037101361,0.0529854438389699,0.211564552367313,0.161797802839817,0.140663741911711,0.125056294218185,0.101536121949445,0.0730402198733509,0.0376513164136758,0.011186485261148,40197.6009198155
"423",-0.238426858727852,-0.227327823038086,-0.114704695558542,-0.0660434985169594,0.0620061941366124,0.0909050031500916,0.0621548886167418,0.0117242115518982,0.492736708521756,-0.249600535646535,-0.0462540727654765,0.19721802385776,0.257838778040721,0.531160879757432,0.760880611352019,0.942054103384315,0.521268409287156,1.26213743446764,1.0342986396048,0.792046550482868,0.699563623141271,0.439608221854414,0.223281396381445,0.0545272478668432,0.210295801016,0.165985560496695,0.14444595107782,0.124037465712442,0.103915123107128,0.07287057645919,0.038085889728541,0.0111217600229211,40194.6658615405
"424",-0.243657786473784,-0.206297514124156,-0.172467485286221,-0.0541992831094005,0.04432094107644,0.100699140656343,0.0647164826204908,0.0144105161737887,0.510995988848337,-0.209546329722514,-0.063038559250982,0.145414489003209,0.283472093253947,0.509050977994124,0.75817341461089,0.941615517841391,0.50637999820666,1.21782496220536,1.06574632631109,0.83983419774093,0.677395169130753,0.460453308294005,0.226080465835921,0.0541856604806655,0.208304448579971,0.162339101381319,0.144783279124536,0.125094564556329,0.102630081750068,0.0713683610328185,0.0369784395929803,0.010777150497273,40192.0591930421
"425",-0.19131597989189,-0.219763902413223,-0.176590582808757,-0.0391616549377079,0.0481078697574513,0.100241917652035,0.0626344369749867,0.0135311945932226,0.650494362278266,-0.341418464742679,-0.0476385536834798,0.141899469526581,0.240987935696912,0.530189896943977,0.762356507139555,0.940684019224215,0.34935685819245,1.34957886154879,1.05359430487581,0.840336415112239,0.720977587686097,0.436902759106846,0.222001830764739,0.055302177816182,0.207044646922232,0.164249534136882,0.14590345273692,0.124242774185253,0.103585619106737,0.075527245621291,0.0387098992170019,0.0110036179226251,40198.1273141724
"426",-0.289614443568468,-0.224604729310808,-0.13455614488729,-0.0288202698266741,0.0382004316119351,0.0901100797247986,0.0619396270152075,0.014995140827553,0.468994766828514,-0.436621960078131,-0.0356868374394068,0.0900989812206605,0.291471514476764,0.538320747476078,0.750770351240431,0.939759887280076,0.562022662844197,1.4468433600926,1.03026393258835,0.888405563818003,0.672763431490638,0.431470694623129,0.23497611511852,0.0558976625096543,0.216512660350825,0.164518398875731,0.144278251993268,0.125203938448117,0.102323237824399,0.0731873201666734,0.0368703997365761,0.0109184340169339,40198.1966867029
"427",-0.202515080912869,-0.232751144990011,-0.156051020938639,-0.041279123191325,0.0283004697908754,0.0958815484887133,0.0626956754756294,0.0120652315957045,-0.470807454462625,-0.407711020452796,-0.227575166171441,0.144205458390266,0.281729501445006,0.52622036660476,0.762834983117247,0.943458068761083,1.47522251631372,1.42167294443305,1.22667449730265,0.837796240212,0.684728126303586,0.442923573141941,0.221920920064725,0.0528632559529754,0.215485197184384,0.159887795988077,0.144824274512056,0.125108869721431,0.103785491272145,0.0721216437711117,0.0374335784437967,0.011111721249456,40199.4608745178
"428",-0.256835864705187,-0.212627305751943,-0.171068177381108,-0.0284259327602166,0.0324607070397306,0.091224372703949,0.0619026494677381,0.0140723723209435,-0.520308211087079,-0.336490497646956,-0.178676882515702,0.104737674160658,0.277116153666247,0.536424346702137,0.756921104813322,0.941742752969738,1.53945720192231,1.34383070141976,1.18356362453798,0.873339700052891,0.688634981213314,0.432576800541371,0.228629612207331,0.0541200200741715,0.212212154184258,0.168290929529721,0.144949963301102,0.12561741590763,0.103307286626085,0.0731478772663819,0.0367130789799924,0.0109254810798448,40202.3248011333
"429",-0.19566943698369,-0.194740888907795,-0.143401411484307,-0.0451830482132052,0.0178138863025993,0.106284535590675,0.0670003644692781,0.0150798193713523,-0.0726996260015674,-0.469212940111622,-0.0778878650395918,0.159068116607312,0.295312942139705,0.512853907411755,0.755259414213685,0.940802245530725,1.07595516785766,1.47232182928902,1.07544028051732,0.823411325981934,0.673545150466173,0.453710862074336,0.228636923826624,0.0546156142320726,0.212536047913227,0.161418248241895,0.144569084909877,0.124533588433347,0.101526067989966,0.0723356115358882,0.0364404486278268,0.0109194565555813,40200.1914158193
"430",-0.198092935924812,-0.262009750937034,-0.179164766561122,-0.046115666713132,0.0385030904473228,0.104027079816949,0.0658741356872793,0.0121998859436234,1.48804594351601,-0.405795123020576,0.00912963958326509,0.158037416033423,0.243256014499124,0.518254925072388,0.762610095739594,0.9430058349263,-0.483057898960925,1.42729208071353,0.997473368107102,0.825457162712438,0.721011225424905,0.448812937720208,0.221074108825452,0.0533310100289339,0.210512321932637,0.163363085377252,0.14438652779506,0.125375947600311,0.105155350386438,0.0749147871719347,0.0378305556616977,0.0111152492265331,40200.3379055618
"431",-0.292945721035276,-0.208669702658191,-0.135586354736058,-0.0201331041600746,0.0195599567194141,0.0870310117190578,0.0629938542232479,0.0125319528410797,0.440360879741871,-0.427144942830347,-0.0969269543097509,0.151455278042315,0.312809543213468,0.54410563498233,0.748974984501752,0.942478103993113,0.590063129316163,1.43390414085971,1.09295132670468,0.823880105486108,0.655421262146038,0.427052233400013,0.236395606555197,0.0538687385978776,0.211292490301022,0.164480062636743,0.14970748305983,0.12673809544585,0.102942214064597,0.073100807714485,0.036779880844292,0.0108324369298237,40194.1880761764
"432",-0.245456873088922,-0.231038482500938,-0.173383278755302,-0.0178296075507895,0.0514115029605425,0.097369275819978,0.0591943062598137,0.013881479779968,1.21083978001399,-0.373604803350207,0.0324922609503169,0.0756526706522553,0.248658067382069,0.52439248846182,0.755418864905888,0.94141918634631,-0.191960564750796,1.38741770816082,0.970858458085929,0.900901148536987,0.712223365886216,0.445012173790312,0.230660034518726,0.0545275671286589,0.215981396228271,0.161506623297786,0.145746442734032,0.123919067009725,0.100394707337444,0.073907964660367,0.037292681451573,0.0107057755611013,40194.9624813902
"433",-0.237382585631046,-0.258559121188113,-0.123158502115586,-0.00298080389230704,0.0486620364901305,0.0932857324224852,0.057492711353007,0.0116084409901239,0.822972832253699,-0.300376843154379,-0.100181839221385,0.096697915788767,0.309318344049024,0.532917361111302,0.764889848123434,0.942209129197572,0.194064969921233,1.32184324922078,1.09060983120869,0.87432861644066,0.651920256038434,0.436658451957112,0.220986764435041,0.0543290936273091,0.208533646036911,0.160599647214301,0.146664824029963,0.125155159883528,0.104602581579801,0.0733051139027298,0.0374768801495107,0.0110354276888273,40199.0870924101
"434",-0.233343883260108,-0.224150052671396,-0.124891783365127,-0.0355399060520018,0.0381283708379302,0.0975830980826262,0.0558621559567122,0.0131373674300502,1.45892311050922,-0.318163921404892,-0.122121664861425,0.116943040735548,0.264420033267728,0.521947032756966,0.763215076691431,0.941264046076035,-0.444961519807895,1.32915445218141,1.11355873821374,0.86242839385433,0.699598457981502,0.446583615913364,0.223604090280265,0.0547765220121232,0.208813420354347,0.162375623262298,0.142452204444093,0.127925682735561,0.105921149867333,0.0734616783653961,0.0364415976434303,0.0108115641404419,40204.6650415738
"435",-0.251415966424007,-0.236848874646852,-0.142931481090927,0.00505163984730798,0.0584761248380516,0.0947250299334769,0.063497633970938,0.0128610162820426,0.656227223542729,-0.416595174655652,-0.0415892692714073,0.0930095187443936,0.248633623838471,0.537727979972404,0.760462911287923,0.941922395323531,0.363725896596405,1.43320625957321,1.03828481885431,0.877735578152048,0.70992116643835,0.431601133144392,0.224174366205219,0.0542296508695051,0.212337172366514,0.161916255734054,0.149792502530147,0.123710545973096,0.103593226829313,0.0729328260181527,0.0368618971061335,0.0109751241159001,40197.5509037142
"436",-0.209954466769352,-0.239925052349557,-0.139717809651231,-0.0217462986667765,0.0188332579825014,0.0784959647769101,0.071877268533916,0.0118761801381832,1.70391993428864,-0.368287195127474,-0.125862104547605,0.110344073648232,0.295045221099524,0.540442477437512,0.752475586572705,0.941575485584745,-0.697135898069508,1.38331402983086,1.1221312998132,0.866858519888857,0.674963261787369,0.432844044028894,0.230134676716617,0.0549805739110025,0.212760509767687,0.166868272277826,0.146589419512052,0.125452073942926,0.105056637166948,0.0743984876098703,0.0376440502307181,0.0111574549335074,40201.6229098229
"437",-0.276070755033803,-0.209156595001199,-0.158438018937776,-0.0461263076386297,0.0370367385347362,0.0918639436343718,0.0536158926801334,0.0131736871343243,-0.220891712901122,-0.410807939948527,-0.0421322399007078,0.112207258596126,0.271601486701927,0.530573669609208,0.757774240140251,0.941977910007321,1.2466158526201,1.41840598348207,1.04349701985183,0.873522402194927,0.693618964711369,0.438948141149312,0.230010616834877,0.0540907279808651,0.213493907462922,0.159971294550683,0.146860553112057,0.126503451380498,0.103871762446946,0.073585303454353,0.0374192648155638,0.010806415237366,40199.0912999941
"438",-0.192339642599162,-0.225994416201946,-0.145984204478322,-0.0369515235417546,0.0372951423551212,0.0898907693376071,0.0572270915177932,0.0120238757949299,-0.19709051894223,-0.42146333348832,-0.105978287034545,0.152922892552322,0.28450114228666,0.522895438842064,0.764195261904518,0.942794137518301,1.2000755745952,1.43429647192271,1.10290910579374,0.82819884901809,0.679956625674311,0.447535544671438,0.221736549745949,0.0535474561681961,0.207894738310233,0.164945147590409,0.143886856450796,0.126825747166652,0.104829409836405,0.0742536156377973,0.0366725755750945,0.0112023566808849,40203.690307526
"439",-0.180329143149052,-0.214662408941582,-0.0852994449236657,-0.0467679310227285,0.0626725517225869,0.0986770604310465,0.0648111439439678,0.0131480494482295,1.19801182341511,-0.298159639805419,-0.285507865873143,0.0933927058878449,0.263110782286021,0.526164395899754,0.756164415250161,0.940190746656938,-0.197988375202899,1.30718458421464,1.2679290184897,0.890214099023265,0.694182910423381,0.442618637397594,0.228387762586,0.0560501451240127,0.210734736391156,0.164388178573423,0.148306197723799,0.125588271041477,0.103493428064964,0.0755805183655163,0.0375792359969018,0.0106081032800834,40186.5090109199
"440",-0.235987418206653,-0.26706945513865,-0.16213494857181,-0.0369269528422144,0.0523336357111696,0.0865448604047968,0.0479361731109608,0.0131964552311829,0.918310541954073,-0.38025931408479,-0.154261831382198,0.0825444637120075,0.237126267473506,0.527217817499564,0.768366779099527,0.939050723263205,0.0953468860621104,1.40230648742815,1.15576838026572,0.897567796538417,0.723201473347777,0.445096769005671,0.220902103010756,0.0573340844373487,0.214489818166499,0.1630235583167,0.145608172111689,0.12515730480723,0.104260751412661,0.0730064026279807,0.037994023119493,0.0110304141725256,40191.5410909363
"441",-0.205800779756164,-0.220157954859474,-0.153472282767522,-0.0437885366538315,0.0489589692630595,0.0942562694548195,0.0608012337242156,0.0120773569838243,0.319766527201832,-0.423008644543124,-0.0560801318852348,0.102307505126698,0.278413575086363,0.532767312150285,0.761195321942731,0.942579173443757,0.685824564128602,1.43281253740024,1.05357579795849,0.881685132726379,0.682013218036487,0.4368429019952,0.224855285114114,0.0537934429389644,0.21146161029136,0.161966265377677,0.146289615357552,0.121723785174842,0.103868259839577,0.0731156890109528,0.0370111105677694,0.0111658786339562,40199.9745369548
"442",-0.259568749155573,-0.240020221667612,-0.149955448203437,-0.00842530639892907,0.05086235237188,0.105165893209408,0.063148261858779,0.0121835716482503,-0.275796848884577,-0.225604808847951,-0.11961895551854,0.0725481875805449,0.283153047132536,0.512145988426855,0.751058042423809,0.94256990655498,1.2994425297901,1.24180505054011,1.11823750986738,0.902772548506469,0.676367785863461,0.454416999468454,0.234104510598971,0.0537862526891948,0.210097170002435,0.162874774811394,0.142082917289799,0.127139757588876,0.10217732934531,0.0740807089368489,0.0376945570211165,0.0113778985547444,40191.7107001225
"443",-0.286472046446778,-0.217142896240182,-0.139154795861947,-0.0796428791201238,0.0266613267991469,0.0993985996624049,0.0534676796795689,0.0144321748895349,1.51121325486364,-0.402518282464831,-0.141420206437844,0.15395692899014,0.295500885800587,0.510711741507477,0.768438388076119,0.940593294769837,-0.481852136869328,1.41102252712563,1.13748053186329,0.838367701574229,0.67158626643508,0.457429005576938,0.219040900585008,0.0552264876644696,0.20611527856691,0.162350591780228,0.144766601738684,0.124984505163524,0.103092305320439,0.0735124130092098,0.037233400267848,0.0111144122934512,40197.8054042669
"444",-0.190880765225645,-0.228219873195127,-0.167596188701163,-0.0375307850840146,0.0335893050978818,0.0854558510673004,0.0579274111628628,0.0126505336209592,0.677136518053116,-0.493956962965923,-0.0980473261312743,0.123266202901212,0.270527524264212,0.534590418167739,0.760303392752599,0.941005219632011,0.324977203916439,1.50693215346748,1.10208774673953,0.858293051610195,0.695752943325474,0.437012395851489,0.226077984436006,0.0552497477846625,0.210825338299086,0.162643651363922,0.14521301625422,0.125893166818942,0.101689478533306,0.0733432898779915,0.0376498359497577,0.0110255848165496,40206.6983609828
"445",-0.232246645935479,-0.230159867332035,-0.120749548731042,-0.0356862989414034,0.0420928568166736,0.0904400180660815,0.0607940078696539,0.0138797366593845,0.241367825756651,-0.434974124037695,-0.0249258875037693,0.0800197093510579,0.270157175967966,0.528589850441506,0.766400968990953,0.941102295486342,0.772148215255151,1.448540206734,1.01485215112637,0.900822512413186,0.692612913500285,0.441877302689523,0.218569501581187,0.0547719964350295,0.213043483279825,0.161704974984661,0.145490616851443,0.124576473379656,0.103222909249174,0.0738775779471552,0.0375350768834132,0.0109587848789185,40205.4707980177
"446",-0.251397593718898,-0.243964057534776,-0.123094286231421,-0.00803002280202498,0.0374990493072344,0.0966347610842633,0.0581944170373984,0.0114965723693833,-1.50834210171911,-0.329467851541513,-0.14454117486861,0.0766284928418875,0.277177449255469,0.511961687985014,0.765965779908726,0.942479616697482,2.52883324036518,1.34603454828139,1.13624928841134,0.896424202181227,0.68668990436629,0.457159503312152,0.220099457237974,0.0541767962262173,0.209545376999544,0.16256838478884,0.146454780615976,0.122503791801544,0.102373945250867,0.0731270081452505,0.0364423284834595,0.0112669450139186,40195.9808373304
"447",-0.238143321293283,-0.261094041162263,-0.139142614382409,-0.0618799546282928,0.0156968232318431,0.111109379968631,0.061487422883805,0.0129219129141123,0.998817424024775,-0.322631620181055,-0.204383341954734,0.114471328396924,0.264722806177016,0.524179257596743,0.758477021505761,0.941266894882531,0.0155825521148676,1.3445097869934,1.20105456384474,0.873393363414661,0.706431969293853,0.44024297013085,0.226748952935317,0.0548701176968098,0.211686866340197,0.163701599083848,0.142479614853024,0.125848003145244,0.100635440338709,0.0739983873777265,0.0370311529820353,0.0108605674610947,40197.9894738723
"448",-0.252464402843904,-0.188413347366768,-0.12621222270323,-0.0288826816103992,0.0403102373212359,0.100195117021487,0.0646382307118973,0.01282489387962,0.677442180180078,-0.381812383849838,-0.0761711016827216,0.107674615662284,0.258021740224274,0.530266179694177,0.757193237857895,0.940915152135825,0.342854752236913,1.38385980299898,1.06713159733462,0.871668675530565,0.705876671396225,0.436926302240326,0.227007072993131,0.0554782862879373,0.215386968798157,0.163063876996156,0.143646724175018,0.123848834827804,0.103581770243606,0.0743836863256085,0.036897222656219,0.0107683662777805,40202.2716182285
"449",-0.246229873102373,-0.219146188641345,-0.167680311638024,-0.0653275521618429,0.00403566749661454,0.0989621928181891,0.0622677403045076,0.0143791137308957,0.668694180850727,-0.312908053631414,-0.026404269057588,0.186995106248219,0.322098986947239,0.535231736511265,0.754585169607662,0.941682336704536,0.349585883839895,1.32199784313185,1.03050265128767,0.801752183318795,0.650071754215391,0.432930189778994,0.230564875613147,0.054020950220967,0.211979573184862,0.162547682192129,0.145287168162236,0.122935805463943,0.103639795808732,0.0733783875403017,0.0375783609603741,0.0109827115661678,40198.6504657689
"450",-0.214150256124372,-0.247341228803991,-0.167737657418334,0.0034655110838573,0.0423184457996804,0.0961783166233454,0.0607470860924095,0.0127632149041214,0.533074647572268,-0.216026606852957,-0.0830531195494272,0.100933128007975,0.25787129629632,0.528472051063399,0.762920331961705,0.941090609788354,0.475389567856338,1.23361270990688,1.08721364282644,0.867143099868104,0.705425453507153,0.440650285099035,0.222486100562341,0.0551000690069267,0.211115167655729,0.166073046633937,0.146707036549413,0.126645719126037,0.102944950827011,0.0734716555508358,0.0372690942599924,0.0108796815663984,40204.3563655087
"451",-0.250782062630507,-0.201654102324208,-0.17429677707259,-0.0187475359574076,0.0252571131482442,0.102898859710291,0.0589874102143149,0.0144430910336443,0.0857867364188303,-0.315339956033421,-0.0523763598390092,0.140989179497779,0.268044277908537,0.522872101654682,0.757016265811369,0.942346074550523,0.929679517287091,1.32071343141383,1.05814693124076,0.835339802564959,0.700408131951185,0.444175298571386,0.229696937596919,0.0533450452904569,0.211641170140676,0.165655219112424,0.14258165678707,0.123472656944602,0.102909017826726,0.0724897897710888,0.0376781279649544,0.0112699309706588,40195.9191617769
"452",-0.199163589938644,-0.215074641330556,-0.150587442395984,-0.0158082501969211,0.0221303271642122,0.0758362889584993,0.0575732467146663,0.0133251008264519,0.869485258315804,-0.300136206702361,-0.13384122248681,0.134206037176533,0.284048651140054,0.521490244525903,0.765125883283673,0.941323216551319,0.135641410520693,1.30996151076326,1.13399268107557,0.838798196625522,0.684338485044913,0.453608510999067,0.221272947148456,0.0549427834846261,0.212688828405206,0.165191057945485,0.142782860423238,0.122330382503748,0.102705557245922,0.0748791617587328,0.038116083046619,0.0111446376964074,40193.0007430379
"453",-0.19675928524066,-0.254351367321047,-0.155855432489039,-0.0149325146656329,0.0568204989623438,0.118769379910679,0.0578438073875795,0.0151495026356466,0.583887584222763,-0.34994530997549,-0.0323968145640357,0.0649050682468689,0.248988018205315,0.49666558178624,0.763138589802919,0.940508863114819,0.418994791175816,1.37072279753037,1.03211741151624,0.910291551570151,0.710138191357105,0.466430224947592,0.223017714360136,0.0551706797481402,0.208356527865253,0.163089441429086,0.149210555976466,0.125909255724516,0.10202733352326,0.072262849149636,0.0364695051864942,0.0109087835589457,40196.5542420587
"454",-0.221607664785486,-0.221585102514825,-0.129354011799935,-0.0311439934574046,0.0452357663692894,0.0975283447471359,0.062924434806487,0.0130620734137746,0.612979351624943,-0.301257143189812,-0.046528337603097,0.161347255810912,0.273171227708312,0.519501852931078,0.759011310492154,0.942518639074962,0.396638652623792,1.31120906101402,1.03933094932669,0.818450987365336,0.689753091668973,0.449752615521951,0.226502714736173,0.0534761075949861,0.209333541634005,0.162438206682641,0.142483631198154,0.125983743748777,0.102712737579047,0.0726484233615581,0.0371156665564004,0.0112358617398106,40199.2249778814
"455",-0.213124681196048,-0.229216493131621,-0.162697174131615,-0.0501949071117324,0.0306508422202877,0.0852071430514774,0.0685828788318199,0.0140218579478035,1.17498075992594,-0.498519881452929,-0.0546518977720403,0.168019800267419,0.269109003106228,0.543919932418732,0.755277369769229,0.940480049656508,-0.167768908884812,1.51090856617717,1.05691458081775,0.81672131862638,0.69676669316178,0.427404874641108,0.228263183934431,0.0554065985740902,0.209635715600923,0.167423301831929,0.144781686322348,0.125400261181704,0.105240821244761,0.072342608415648,0.0368825994857505,0.0109233942935578,40203.6506792376
"456",-0.220274507373107,-0.215235074718187,-0.137198558144697,-0.0487095679214596,0.0335360244684434,0.0904696362120279,0.0619404767199617,0.0135197848256552,0.235737804267171,-0.425687788690544,-0.0854313903839576,0.14261947428286,0.276622383457911,0.52239890258998,0.760641079053684,0.942976006221635,0.772526293523463,1.43409662737197,1.07879946303466,0.841901607560678,0.688596325987255,0.448126453521763,0.224116223731894,0.0530175677890527,0.215479044859623,0.166505513851912,0.144162550556728,0.122943557560783,0.104399959326404,0.072765076496289,0.0377634117003971,0.0109717980079575,40204.348832892
"457",-0.212109718689789,-0.215886257310311,-0.119189851904461,-0.0255690128802556,0.0460038142553084,0.103392908299574,0.0550080628253609,0.0127623189256381,0.563131647228525,-0.299624460199914,-0.0697070893826454,0.111966511975216,0.267354118538198,0.508112060239645,0.764756690020464,0.942088930147166,0.445823922453028,1.3078183540144,1.05962567529959,0.865273963253841,0.695058384604784,0.459279166904147,0.222237742353687,0.0540807391950357,0.210279928494511,0.166691147467228,0.143296707029996,0.121642127829245,0.103164624175515,0.0733321985722019,0.0371901061669978,0.0110129826638643,40203.8366933311
"458",-0.169483883769606,-0.271341435648126,-0.143307061703004,-0.0361173455941131,0.0561444299678604,0.0907004659556174,0.0640297042141758,0.0134017869936631,0.801472412992998,-0.410552647093661,-0.139166870089679,0.124968046661163,0.259708402503397,0.524001994690551,0.754303708196099,0.941869570966257,0.193248772979063,1.43495078514861,1.13752761163502,0.856465958103701,0.698840981729266,0.446833732900086,0.230753136858716,0.0540911214141253,0.216118992608967,0.161175510493905,0.143819390902233,0.126964667091392,0.100694159537032,0.07486649406482,0.0367107694397018,0.0107894288127422,40197.8683149217
"459",-0.256511464673746,-0.233255765428566,-0.191983371378058,-0.0597078747115157,0.0142938679014818,0.101372284951562,0.0575921798172713,0.0113785345685887,0.394730118748624,-0.258158259050218,-0.0284091951907711,0.189415293423818,0.304123724792034,0.526417154487596,0.754969812244711,0.942134707613247,0.627105167452403,1.27402696341854,1.03862358620673,0.795594111349697,0.665395892798826,0.44116846612463,0.231612822037463,0.0545138791224184,0.212019884154147,0.160857777222837,0.14412803739602,0.124625197274598,0.104401989251078,0.0736842173900066,0.0376538671642947,0.0109095838878927,40194.4315863622
"460",-0.168262369551303,-0.206218255955244,-0.157926199540617,-0.0232202902489872,0.0443251508765614,0.0965707544694066,0.0572998221195771,0.0107641199713476,-0.130569451807442,-0.238398142883091,-0.151252152730453,0.149433392873568,0.267212141756854,0.524934500293191,0.762548234121838,0.941936865204451,1.12493425434903,1.245850282714,1.15237773069151,0.827672292346216,0.694843364980925,0.443266950453934,0.224141406514836,0.054860422371171,0.210071761106171,0.164657308483627,0.142640395749451,0.126210662778487,0.104311963789787,0.0733804251394279,0.0366161528996048,0.0111912425981305,40199.2437372818
"461",-0.216169445039114,-0.209580375881872,-0.157022259615894,-0.0379565782122046,0.0574946502654892,0.105404842009184,0.0589096586802562,0.011692468131058,0.94040699163153,-0.421975780567302,0.0131919455459078,0.131986884771831,0.245266480305338,0.512200876349106,0.759118167811998,0.942059000874187,0.0684622483439892,1.42906797482237,0.986353729247321,0.849056199524959,0.713737062607578,0.454310645226579,0.227255972226908,0.0546333043280616,0.211460605912189,0.16636183831275,0.144761516931209,0.126463638902429,0.104851562447909,0.0750725665257943,0.0375348808696416,0.0107021256009458,40201.5035585754
"462",-0.187999507859242,-0.224470351608941,-0.139916696532654,-0.0362531817361227,0.0352913577664897,0.0907899740407525,0.0612136179297266,0.0129257973250493,0.617710778111605,-0.40085676248184,-0.127676127139237,0.135682997788477,0.247072371957396,0.528968925862549,0.762321697359856,0.94085742333809,0.385575163051336,1.41288160395683,1.1241326233632,0.845911992167444,0.717733980629213,0.442183058698435,0.222764789906781,0.0553198744982055,0.215700815563216,0.164053090459039,0.146840818239971,0.124340136608499,0.10454501600966,0.0731971883819355,0.0375313555257029,0.0105430463709986,40200.3713092678
"463",-0.168666067346428,-0.2101960217578,-0.178838503730717,-0.0587696348551249,0.0201835177207918,0.106210477894306,0.0629716969516694,0.0137632837430065,1.06927432059108,-0.374884808909741,0.0145197863933737,0.125726586325977,0.304215856450241,0.512984359983087,0.766981525114869,0.941544512542112,-0.0728551848160052,1.38284331928688,0.99203137864764,0.862069802832696,0.66458273808678,0.453746151629303,0.21755974296164,0.0544897005441311,0.211309910979129,0.165040327060791,0.145005267461738,0.129557691606202,0.103941460870786,0.0727774810822341,0.0369970359693257,0.0111084829973807,40196.654753671
"464",-0.259142560208255,-0.226824806815601,-0.128830975672833,0.0208856649904836,0.0490489937951438,0.0941278001525162,0.0652493773661807,0.0137355303863206,1.41635439559118,-0.377025937175503,-0.143057994590458,0.0341321519493343,0.255686235812064,0.52523033346823,0.761891047424154,0.941627743127397,-0.396188482349565,1.38933655418194,1.13653813489013,0.93154274631261,0.70542012551187,0.444197852898107,0.221832205602698,0.0542800822100328,0.214980297493002,0.161624957585095,0.148336060700964,0.126145120446985,0.104236748249788,0.0720005181163397,0.0370383015714735,0.0107802699912346,40198.0344588271
"465",-0.272327827324777,-0.208416511302608,-0.130091101581597,-0.0383015450972041,0.0409363782854602,0.0759418957760014,0.05980128345609,0.0142763001576409,0.176097390555785,-0.406236005408705,-0.127557505376816,0.14770049107789,0.286025647349042,0.547721283117458,0.757440380699441,0.940567072025284,0.847191668055233,1.41224815761196,1.11921156042064,0.832798646072643,0.676436060050284,0.426925408499313,0.228765892419067,0.0551751355108582,0.210786547501543,0.163903418231593,0.146928326956977,0.128147497758859,0.104739570591698,0.0729024191385823,0.0379563179286777,0.010919008842193,40200.7502805948
"466",-0.216561006991949,-0.240474760334832,-0.154113616125297,0.00267989307091001,0.0201888222715407,0.0989073344152638,0.0704421525554694,0.0136066775678086,1.36289121098818,-0.416165437529503,-0.126582272894925,0.098637354624676,0.282030434168015,0.527822064037643,0.749324729307533,0.940755351213825,-0.354301817837119,1.43314483181782,1.12736448308763,0.869954967057006,0.686745632305309,0.439856258372021,0.233832487244258,0.0552800979634596,0.206724570301559,0.161605758628331,0.146854428039373,0.126142527486025,0.103262102981498,0.0733268337712282,0.0369579190038598,0.0112389815245651,40199.6601972873
"467",-0.22306754943739,-0.203270206215306,-0.150276700451948,-0.0314147414904725,0.065110015840459,0.102791522349554,0.0589429751745527,0.0118473250922941,0.567848524694514,-0.40222484091337,-0.0124626237613256,0.14462094955897,0.235558899116807,0.515479642511788,0.763054329630867,0.941851064573325,0.443398331000853,1.40839770424136,1.01020958039976,0.835202184051418,0.720526913803881,0.451708048377141,0.222582322507328,0.0546819686628815,0.208724336407173,0.165077041486073,0.145378812720258,0.123056971898892,0.105701590918272,0.0723309699417104,0.0369205472140815,0.0111475778431857,40202.5545905009
"468",-0.238722398203532,-0.244933952086446,-0.16126257023687,-0.028406379202048,0.0655783693617759,0.0928037147652167,0.0538479584315363,0.0175354377909201,0.319047818050418,-0.464297000201729,-0.0755043118959613,0.111676758205459,0.241248074218229,0.523449308850301,0.762690649058032,0.939111446438649,0.696293476581149,1.48162989123714,1.07485549389728,0.866616176641803,0.714641785766783,0.447376470756516,0.224749859817612,0.0559339867848267,0.207937520089046,0.166814735277628,0.144529670306106,0.127351014287151,0.10354883250189,0.0745145775082911,0.038112428811639,0.0108360898008406,40189.8579358475
"469",-0.246861489044514,-0.184357293495344,-0.168574085153391,-0.014421973813359,0.038629645384307,0.095971556367273,0.0600719669738169,0.0142154877405733,-0.952506873573025,-0.402502789314619,-0.0947970425717646,0.126673226954607,0.290789464792376,0.522505552507931,0.759442739480706,0.940397015730022,1.96954596196329,1.40303365452241,1.09904491194669,0.846513529712213,0.67194828501119,0.446926900233708,0.22634715285418,0.0554789419878498,0.210343129463385,0.161141368812944,0.141405679509624,0.126827979446136,0.104643597296726,0.0728547130863807,0.0374887309317029,0.0109507744969912,40202.5172022629
"470",-0.267888780076832,-0.194759372457832,-0.17538868951213,-0.0417750019572498,0.0308399356896518,0.106109193720001,0.0581815095843195,0.0125770431836084,0.601423712218657,-0.444714882390263,-0.105517226671152,0.134172341700688,0.279576354932397,0.495884176122759,0.763251258242173,0.942667691606054,0.422748950391993,1.44796044524034,1.1123134284559,0.84769279251588,0.686850482982541,0.471882162031484,0.223123281451327,0.0535653149572989,0.213202567110547,0.160092174863153,0.146337602003062,0.127599450811812,0.101518600362774,0.0733352954899607,0.0381628366907922,0.0109050661713941,40199.3410266584
"471",-0.27538365621215,-0.217565312232853,-0.145905447223589,-0.0398401896651329,0.0385020801219959,0.106171828851206,0.0685047831168797,0.0149232501263018,-0.843179987812024,-0.365232954473986,-0.0263087748960938,0.067939178652521,0.284267376533987,0.518280316684989,0.750934511588235,0.941887703349797,1.868515032945,1.37384442447253,1.02417396881587,0.914301272489641,0.678975598141409,0.448180437310508,0.232889650220946,0.053716600633152,0.210657610583793,0.162051670734927,0.151396612486718,0.12417688059982,0.102481328037093,0.0741647929849693,0.03709341047754,0.0110202329726936,40194.6578782278
"472",-0.229474760375658,-0.212163313198689,-0.133334981153816,-0.014885980630311,0.0416680198342697,0.102292108663053,0.0615086939830219,0.0130020105068452,0.791297755201922,-0.421009923253338,-0.052497645265028,0.133486212720104,0.272979070774296,0.524719603668773,0.758966470972578,0.940913286407978,0.221184852031417,1.42892561599334,1.04623732913659,0.841587114836023,0.690341961439239,0.442677813638794,0.22592164560195,0.0553046562786138,0.211355404747993,0.163295370781066,0.144776802383693,0.12386651889197,0.102984665073869,0.0710291752299591,0.0372179385954315,0.0108604442965945,40205.0201730641
"473",-0.228747873339649,-0.229819677200076,-0.139539792888047,-0.0265480715999611,0.0430227807823609,0.0823059812675821,0.059345350776416,0.0122716267007136,-0.0212680164496962,-0.339213503945946,-0.138286131198431,0.10419241924431,0.284984231309115,0.535541143555417,0.755381254626674,0.941542748031601,1.03309651273135,1.35123497173053,1.13281473956078,0.873818753744373,0.67721134815569,0.437687797810994,0.230732800036789,0.0548419673533137,0.206744569738543,0.164864681450131,0.149367290238103,0.127981597436938,0.10587332335142,0.0723145528419716,0.0376948936747465,0.0108435271356667,40201.9947183567
"474",-0.239716982299425,-0.237940016976115,-0.146018920769104,-0.0141319978054494,0.0537695631808571,0.111182745865367,0.0588097534104997,0.0135023141000028,1.39518379754439,-0.231083787879114,-0.180352494554504,0.0789659293431544,0.245524877123172,0.511305945083603,0.760913266189369,0.940515320367145,-0.379703163790116,1.24589135402022,1.17959485862999,0.896239529709482,0.714221888673621,0.453409596383737,0.225162491843746,0.055627541872463,0.218319494294893,0.164592258626849,0.14663999781048,0.125792199705675,0.105808552557272,0.0736028191816515,0.0364553473954928,0.011004818765989,40198.4351152596
"475",-0.213886071200436,-0.225099879270251,-0.162163686521847,-0.0347790554938511,0.0287487831467386,0.0848327395904847,0.065048340478914,0.0129373265889041,0.775903453443179,-0.336873481499906,-0.115113525671076,0.106139501723579,0.289104858867964,0.517476017609836,0.758277291967903,0.940346633805247,0.233035477040014,1.34826020411092,1.11530949296457,0.874655467636625,0.677247558634153,0.454898535823258,0.226025650278849,0.0558481546288158,0.21247263489316,0.166631830993406,0.141593781661872,0.126415567318941,0.103530403753691,0.0735898171394031,0.0374218424803326,0.011107272408113,40203.6866138788
"476",-0.213061832736829,-0.219283226774303,-0.169718564422729,-0.0371163695306914,0.0130126571110625,0.0972479671269495,0.060552168651042,0.0118009353259112,0.604065006275295,-0.311560030685385,-0.0790414499099528,0.0637918706111124,0.29452128861299,0.5323292291124,0.76038391584029,0.94310581555917,0.403679834680028,1.32284040904415,1.08254835079661,0.918464015219294,0.676721935570194,0.436136530096972,0.22498243223132,0.0533861354922888,0.215165063785022,0.160068605043841,0.144780034205949,0.122911461279839,0.105321343343351,0.0721384005093177,0.0378914876558245,0.0109662740687662,40200.0245455782
"477",-0.199312651554189,-0.209546792975877,-0.126126632721613,-0.0310414071533567,0.039356583218049,0.0935822534928773,0.0598189081690839,0.0143159170501382,-0.0160577743969593,-0.333498775165915,-0.148154260712874,0.143816310727052,0.297903306499875,0.54330214033,0.764384724505262,0.94178678152105,1.02108152986536,1.34091211641415,1.13902650015004,0.83724937854604,0.665147045795898,0.425687465340746,0.220973149201154,0.0538753091058877,0.213703434782759,0.162640427217883,0.144775138973221,0.122202654190129,0.105654489707821,0.0757730901744186,0.0362866433812579,0.0110951288126834,40193.6829140313
"478",-0.229279669312523,-0.261692287968476,-0.183618774242555,-0.0237283504451692,0.045871872149694,0.103056781259392,0.0621913578026518,0.0129084922537741,0.83411648133334,-0.388363243452414,0.0316017719087202,0.101010484405277,0.267493961317917,0.529718338767846,0.764268284715116,0.941353490077899,0.178534333445931,1.40965464294238,0.974784923754185,0.875765206804327,0.693758133661715,0.436002456735482,0.220177941515956,0.0549254075492909,0.214651831658005,0.160933200805557,0.147364585318916,0.127204248508379,0.10330453588776,0.0740760893695975,0.0372575325719575,0.0109322326967291,40199.0599701369
"479",-0.233418094643356,-0.225542655431354,-0.127437792036813,-0.02608554347368,0.0340075391971943,0.103849304989815,0.0528309287884075,0.0139158915209282,0.788056520069488,-0.297270693606677,-0.0842474951616973,0.0838821736696637,0.290451673266724,0.512764424707063,0.762128893641514,0.942518361332515,0.22528909563628,1.30921051151823,1.07586934439984,0.89425299955932,0.673774131985898,0.454656722305211,0.225632440925875,0.0531797642521381,0.210278089781102,0.164118937635361,0.14549606439557,0.125854502635489,0.101947477179084,0.0733050223660666,0.0367269971847121,0.010840927098534,40203.7542567091
"480",-0.233846538188888,-0.231451163169865,-0.16349630328883,-0.0244764039190894,-0.00332409875493182,0.0974984860666282,0.0684370118671475,0.0159106325920278,0.69502535906657,-0.22984920964312,-0.0946467675601733,0.0932928571151213,0.291113605579677,0.519388850438075,0.754861999635016,0.939960996611787,0.319174970408223,1.24358759732256,1.09743657369263,0.883987792435961,0.684348881589942,0.44949238958924,0.228855102814848,0.0553401310652324,0.209837144830426,0.165936334481368,0.146033588359517,0.124467470370168,0.104105867934352,0.0731113047396651,0.0375310471653546,0.011213647299766,40199.4918524696
"481",-0.191145653341643,-0.26458695756809,-0.182238374655777,-0.0272110278836999,0.0277552570462377,0.0990683775684049,0.0648893137512893,0.015281717738919,0.99289003772885,-0.393911086748916,-0.0147995459854042,0.108686844006875,0.281259540967742,0.512180441118576,0.758022287357075,0.941544928952029,0.00919755383881943,1.41731140217422,1.02279209530562,0.869820968624582,0.685764667936747,0.456887907974224,0.226254620004431,0.0537771890157225,0.209793232746654,0.163722494457098,0.141920892295738,0.124686868531448,0.100742752117348,0.0752224336880102,0.0363306116675043,0.0111517410523894,40196.4580111876
"482",-0.257599583667763,-0.249591302166847,-0.134486201860615,-0.0513601177850077,0.0675071308499359,0.0942447175246629,0.058252303753049,0.0107502390908531,0.549636867869177,-0.3395284206061,-0.189141167496761,0.147781675886676,0.250285265071835,0.525680758325676,0.761058726091939,0.943841139261808,0.470454775637731,1.35795122981217,1.18415365427395,0.835539251007111,0.705432084922993,0.443791384687284,0.224836345814594,0.0529975965933612,0.216109903032948,0.162681899984154,0.147611525230172,0.124919948412249,0.101584715617404,0.0744339173915468,0.0374177309444592,0.0111959443669642,40198.7306045504
"483",-0.19819906088158,-0.241660668164999,-0.108416821238234,-0.00778515681960545,0.0611202305669175,0.09458507944047,0.0661982526632668,0.0124169686971903,-0.819354458074101,-0.418735636533876,-0.136185051906851,0.0733785711903032,0.248371053341615,0.533227382626387,0.756249950787639,0.942238564999907,1.8235011255338,1.43526514006328,1.12282513224367,0.899150250990186,0.708897600078688,0.435657581247991,0.227854146972735,0.054038429882653,0.212549467332889,0.167165272482558,0.142707471475041,0.125143992848226,0.101472306872127,0.0716989419944249,0.0363371583429796,0.0109030156805073,40198.0540969738
"484",-0.192818676708137,-0.212288319645846,-0.168253544364969,-0.0547572909316447,0.0543985050361843,0.0877831967357793,0.0615065062258598,0.0161643373513507,1.51835293814551,-0.306955880889211,-0.133689439796936,0.134858242963553,0.252879154755578,0.555284735826478,0.75370344502278,0.939965655451639,-0.517892436326529,1.31435945948408,1.13797457006954,0.851362489797109,0.706453150886837,0.414025458569772,0.232061346397825,0.0553507606932492,0.207505427462128,0.161368065372567,0.146211063802225,0.127953367679621,0.104503347326436,0.0740663102697043,0.0367615969472858,0.010762373127203,40195.5097933626
"485",-0.221005748102853,-0.216148994606256,-0.14896571912282,-0.0095861174474549,0.025886992755043,0.0916877560829559,0.0621496431551298,0.0150521399934451,0.504865514275349,-0.362036783584697,-0.0916103719308643,0.0816025935423243,0.310977142939507,0.524819821922084,0.761031379058935,0.939881097113133,0.506896490879636,1.36972083651287,1.08926487864199,0.892348160973607,0.655833545218869,0.445843836518222,0.223966979772255,0.0557562729564178,0.213940639853111,0.159669534350536,0.146996432059585,0.128519728037375,0.103083789891352,0.0746094609376004,0.0382057838848375,0.0108421528336733,40200.9881179681
"486",-0.207159774796685,-0.239433034419652,-0.154308777294472,-0.03917353544729,0.0480843885006471,0.105835243511948,0.0582496162552071,0.0140178599263668,0.432240537118999,-0.395823600925998,0.017620624074148,0.136755122073558,0.271520684689773,0.512118371743394,0.755964199522915,0.9399553871058,0.57385379714042,1.41187172366461,0.98179359029145,0.843547165717229,0.689088724267896,0.454727516164356,0.23025333937431,0.0560155871130704,0.207516052662915,0.162620459586458,0.149488262690405,0.126339015093925,0.106403540022896,0.0748828962429182,0.0376287891998023,0.0109718911900478,40199.5719575257
"487",-0.23401514760394,-0.229396655720351,-0.174674651959759,0.0110847837376792,0.0377999471338354,0.100139003514409,0.0645598386097402,0.0120168961980285,1.12202821412875,-0.2738032063411,-0.0829659018806913,0.0975012379292849,0.242414188970171,0.526295167392437,0.760238122517655,0.94339088885963,-0.106187903130807,1.28626833479455,1.08799385351629,0.869481764873871,0.722303113059999,0.440811390803172,0.224035741803054,0.0529466350133989,0.209346456028287,0.162818260847504,0.145979269528895,0.125078209708069,0.10220005188857,0.0725667907908839,0.0378503431711298,0.0110000340875077,40200.6550023518
"488",-0.230268763230453,-0.238562840041891,-0.137931571019597,-0.0585007589250921,0.0284636900564422,0.0882526170193901,0.0621033595475125,0.0144453344367406,1.44810418143839,-0.434496678542464,-0.12884943131733,0.147862491609399,0.276316079864961,0.534632180296938,0.760934806063464,0.940001571577962,-0.43480736112073,1.44992329335646,1.12331988831198,0.838056934421398,0.68922382534295,0.436870213425851,0.223695381885545,0.0557604642930387,0.214313740638147,0.161051427703104,0.140687829322646,0.126532566244446,0.102667146511062,0.0756406424067421,0.0365660560046147,0.0110441553284817,40197.9691304842
"489",-0.25741051145532,-0.228560031486332,-0.186118532357964,-0.0554067947681907,0.0466916506329266,0.0808506669296852,0.0611684676303877,0.0102311418439636,1.25061452852162,-0.357481500145399,-0.11116048867798,0.158677036075735,0.257985069101369,0.5380057263657,0.759783825916029,0.943130908309378,-0.229968588357731,1.37124361710239,1.12117089537268,0.827768785429047,0.703062951712669,0.435603521583762,0.225536301442589,0.0538635811826412,0.206338156162543,0.163754649461403,0.149929050378231,0.124002140739111,0.104201908967013,0.073253022540084,0.03722993922509,0.0109717873588,40198.6359982691
"490",-0.258381201697464,-0.233046141292081,-0.126586719276951,-0.0334417493656984,0.0265889408572543,0.0939618743980662,0.060809379213343,0.0126511889867385,1.83779443762432,-0.489761577142971,-0.149613680881529,0.143432301393832,0.331645206368689,0.524507522584304,0.760251403294918,0.940820078789141,-0.816330657663719,1.50385222807231,1.14206072950557,0.837125977022351,0.633474499807005,0.445213169485915,0.225072899533153,0.0554714773555417,0.209105812172234,0.165206096270735,0.146814350425699,0.125692368376662,0.105636401798901,0.0742519427705295,0.0374257344205073,0.0107421771891543,40197.4528967889
"491",-0.21528819556828,-0.240887380100069,-0.144638110481951,-0.0549441497809795,0.0285055809597659,0.110766053616854,0.0593441278164473,0.0108034917299215,-0.915892511112224,-0.346517778448127,-0.0790049574945152,0.127182920558942,0.280597354313233,0.516181945023974,0.762015190680289,0.942315498034867,1.92492021206228,1.36157984138557,1.07603818399234,0.859533139112637,0.685027305186714,0.448320933933292,0.223715826740203,0.05443531394658,0.215162484716431,0.165091320965472,0.148455576158202,0.123793981932207,0.105716370163363,0.0749438670460842,0.0366354924469901,0.0112121526364923,40198.4381336561
"492",-0.203693713794512,-0.200722450867661,-0.132146501431024,-0.0118998493589094,0.0586705353535662,0.083975578211135,0.0583468208336536,0.0133262324886091,2.1960642057351,-0.380538381059912,-0.0448869974159395,0.138321712413797,0.29688438794006,0.527326087437756,0.759514690806031,0.940346759433932,-1.19206591323925,1.38502096686527,1.03987265476917,0.834872313292897,0.66098603654767,0.445101901166405,0.226835975183938,0.0557744793644618,0.206889983516411,0.164105705794962,0.147282796769344,0.12786256450858,0.10311964921099,0.0757151537824968,0.0368892625487911,0.0112480819390769,40192.8568650888
"493",-0.234456808620395,-0.218247943473431,-0.161410122895993,-0.0418066765564781,0.0521646205960312,0.1109356036118,0.0641309394470002,0.0142059992244798,0.230271166768514,-0.292412716642046,-0.132550794071085,0.0612683179034532,0.266875159128185,0.528853974350685,0.756601530861365,0.940614124729727,0.782919027942533,1.30267176878653,1.13488481067044,0.921085695039375,0.693010101255868,0.435445349514657,0.227364422567256,0.0551705358767808,0.210646100868951,0.168902513426849,0.144630041163855,0.125646731025617,0.102295899223667,0.0738573793977983,0.0357340018188525,0.010636863584367,40190.3088401403
"494",-0.166200215781247,-0.247129494764498,-0.162293912321232,-0.0181818018942044,0.0543867676653022,0.101484825040086,0.0611321199874662,0.0112849510411594,0.897005675306723,-0.304509763643007,0.0169458757752312,0.15503093174562,0.260926676892049,0.5276051772854,0.758594805294106,0.942256159800328,0.0959108041294683,1.32248948530714,0.985648482675124,0.818557835207736,0.698682939489888,0.439429143439315,0.226286303342639,0.0545261753112941,0.211998176472578,0.163074879364883,0.145902457660617,0.12768462628853,0.104973593746093,0.073955950131342,0.0373314372417573,0.0111443520899444,40196.4030875064
"495",-0.26647030979002,-0.221812866011107,-0.129386378837882,-0.0252384402427175,0.037141698053964,0.0976785088115833,0.0599536264978735,0.013333794542975,0.727571586505016,-0.248230922860677,-0.236654044707516,0.0957833472059926,0.264652671404834,0.517291960596616,0.763076149356861,0.940422818891671,0.296807273711077,1.25884637462067,1.23080367898339,0.881403119461048,0.700212350487729,0.451348471716286,0.221906272399335,0.0556084425324487,0.213751103724746,0.166432951081248,0.141571717433761,0.125438449352577,0.102003095751036,0.071143860464141,0.0372892222692092,0.0109505533876932,40194.7877381282
"496",-0.200628191387315,-0.216825645403693,-0.163365517453556,-0.0485991436749493,0.0317871652312764,0.0941710168380035,0.0691988809149021,0.0113309844191447,0.804777374798557,-0.391082622273751,-0.123035210382359,0.147872304066452,0.269706470510873,0.528966177967388,0.754661362247826,0.942596022210464,0.200461624286531,1.40016131683539,1.12674804257874,0.835959566666956,0.696515899287659,0.440789637337825,0.228345628673158,0.0540521354967095,0.207513745338782,0.165804222536829,0.145526890745498,0.1254709745333,0.103633151097606,0.0733786091902552,0.0359735112780314,0.0111905580997956,40203.5832864993
"497",-0.217508124332433,-0.230922696670298,-0.14092517155612,-0.0472926785046323,0.0546677770190367,0.0883757815756991,0.0590994895609369,0.0124888798333669,1.55002505269569,-0.317220190198263,-0.182082088779814,0.122408694753776,0.258077339175928,0.527111968361106,0.761044494400325,0.942376918922753,-0.540859555725775,1.33005971913301,1.17732009935571,0.861955110351567,0.700871502695791,0.444182945814373,0.224968707806217,0.0538635537115967,0.213293439034146,0.160796267728959,0.14670465300664,0.126696609355375,0.104702774001341,0.0739657372548032,0.03775401666088,0.0110502637133883,40206.5687619292
"498",-0.240411136739732,-0.243537693149608,-0.134941161170231,-0.0268289314041375,0.0577828671475511,0.0822616198614047,0.0665568271680945,0.0141415723718954,-0.0735075316312433,-0.347230127892159,-0.147069812264988,0.158865492860325,0.226235753580478,0.539441770641777,0.753507632394722,0.941771363598732,1.08872153971684,1.36464235554475,1.14210684769096,0.817960003719262,0.732695577371569,0.434004806154225,0.230254180913019,0.0539626735902693,0.212691181802429,0.161372699142868,0.14531785959237,0.121900304367956,0.10433119632715,0.074183899853766,0.0375477098224405,0.0107670035512984,40198.8810867347
"499",-0.225869293057454,-0.222262026621689,-0.131373490423457,-0.014274757374144,0.0577095392586552,0.0935419469552014,0.0621497325849511,0.0130029582230498,-0.320869695262225,-0.33477992603383,-0.0695712221882452,0.108925989492253,0.234195516787436,0.531189179270784,0.757723199668367,0.94207962121225,1.33043728701436,1.34486728869798,1.0618994790936,0.864850407417126,0.725659882128081,0.438451908019276,0.227669124760218,0.054201806251303,0.214566124467653,0.164590762265312,0.148232346713243,0.125884210262458,0.103489155354592,0.0745246569943554,0.0377904701745902,0.0108004231283033,40201.2907862947
"500",-0.23599797638984,-0.217932383512893,-0.15432938322654,-0.05159315117718,0.0418005369525583,0.0998755647480233,0.0563673929110055,0.0152262948906052,-0.0487913981060407,-0.363974009084452,-0.204722443131944,0.131151233131141,0.300022755832987,0.533647578494211,0.763845139994668,0.940088264235436,1.06462275846388,1.37408021202015,1.20518852518218,0.85419621440321,0.663087543654652,0.433837861538913,0.222387202398935,0.055488806692032,0.209848506226998,0.16266280072143,0.146030206010374,0.125992491334042,0.101653341923036,0.0720947155168739,0.0365002011537731,0.0107800340701097,40199.455912835
"501",-0.204463858209193,-0.235887277745847,-0.141857800498515,-0.0176896014564179,0.0607291411555151,0.106909980844574,0.0631131169681165,0.0139229778931645,0.20324088067217,-0.330418734558331,-0.0798796261804764,0.127791849483773,0.270123640303871,0.516346628995066,0.756647305699208,0.943536173713769,0.800736542775322,1.34525572681868,1.07590794720074,0.848632802013268,0.687842289141119,0.449201873392832,0.227935119992304,0.0523237987068928,0.206570476673528,0.163335521172711,0.144785556647633,0.12440119742346,0.103985892878283,0.0745557028370552,0.0378953875405143,0.0109196934618317,40199.6085493383
"502",-0.214157408838126,-0.236774397790757,-0.173026555370936,-0.0286310239284742,0.0609118380217759,0.104955268935783,0.0692237869757288,0.0152549729992471,-0.479636148095665,-0.321479813809053,-0.0922279335616535,0.170683383706994,0.2579202451429,0.510958825214271,0.754690782910544,0.941696774814975,1.48887402228919,1.33574868135137,1.09828421108376,0.808190404630173,0.699098890008485,0.456736104432407,0.228858112733641,0.0537130041167836,0.213583104415076,0.162047067901792,0.148164855707116,0.125792182253438,0.102851327639543,0.0735874878901512,0.0366937121444642,0.0108916761131809,40198.1176273934
"503",-0.215550665924098,-0.221015404196297,-0.166630661436405,-0.0495547968157605,0.0513252372989328,0.088331661721752,0.0571971596166159,0.014067392693024,-0.0879189405244806,-0.371553654198257,-0.109924679038443,0.147498261630027,0.25998322882174,0.520745904701288,0.765542551960683,0.940721974449689,1.0957383250405,1.38207445664989,1.1150127724265,0.835680244675173,0.700148982758766,0.451489098603748,0.220338370432475,0.0551364167486273,0.210308596771631,0.166774179234229,0.146712245690781,0.12758286234284,0.105339228137252,0.0757014756211051,0.037518796257689,0.0109796418137382,40202.3336964932
"504",-0.220922841089904,-0.212636909590331,-0.163232616217974,-0.0202169626433431,0.014405852596214,0.101718222443412,0.0638026786571062,0.0139183115769541,0.827751969330327,-0.369416733895053,-0.0432763067732671,0.0936393290323051,0.274935484292048,0.519985161062198,0.752479449403375,0.941413546046948,0.181952318201873,1.37700096580429,1.04435994744271,0.882838979240012,0.696034760322477,0.446776391073749,0.232243913125283,0.054426995079387,0.213157067247685,0.164528752359088,0.141563893506247,0.128082081691586,0.103505975709134,0.0735748258646309,0.0371456274076964,0.0108986566910625,40202.7436287383
"505",-0.211215267086169,-0.215692907535543,-0.169311612518799,-0.0326920800165941,0.0407793564510964,0.100102183036544,0.0608850509835369,0.0157569153519344,1.00092980878234,-0.407667883008929,-0.0939512968764346,0.133363037355053,0.282320188524789,0.514339712777723,0.762276031571757,0.940421663225056,0.00563777640964075,1.41621689602472,1.09685064738125,0.846857886446683,0.681287842591835,0.454401579442946,0.223163667647245,0.0549453163128151,0.210506693656562,0.161719353598091,0.143152762156173,0.125387365098854,0.101492690107862,0.073055529273332,0.0372860539963592,0.0112337909711354,40204.5042227798
"506",-0.229754366291124,-0.27104216694102,-0.143873904036659,-0.0383297735722356,0.0208612945240483,0.0970158566276238,0.064257995553455,0.0123511588275545,0.1695415754645,-0.333284958861581,-0.0646663194112557,0.143042652546706,0.301000320640154,0.519423344432098,0.757182689768028,0.941206079427486,0.842177640524952,1.35920960435174,1.06093567292312,0.83814662730414,0.667135791962088,0.450056586590031,0.227294328596952,0.0551607578859171,0.209454304830496,0.162524874187626,0.145732063864356,0.123961021113212,0.104243319286702,0.073199239931807,0.0373758398825625,0.0110147177079114,40207.0219735339
"507",-0.270117742549731,-0.208448268905668,-0.143168765380168,-0.0362773769513105,0.0475423375276598,0.0788851616565656,0.05940841048724,0.0112153374860273,-0.125906709022427,-0.365352805609386,-0.0474579308830675,0.1107769061932,0.285708852303075,0.54485408679484,0.757232465843851,0.94162686021656,1.14850657845823,1.37352169268729,1.04350098405809,0.869843455872454,0.675759524652127,0.42832949690715,0.228866831633477,0.0551735446054977,0.211604170822766,0.164984776590184,0.144262700909724,0.127104355826935,0.103930280178508,0.0722432579296184,0.0370070526801378,0.0109583089056997,40202.687332119
"508",-0.249258278294719,-0.243609978025832,-0.103316484335548,-0.0360673026194136,0.0367573310775826,0.113343216786209,0.0664602527217555,0.0127341295578151,0.727212192620935,-0.338114809465188,-0.150256326942814,0.1114439216131,0.27221074509936,0.528844348665967,0.759419368750897,0.941008952604765,0.292322266956404,1.35473094983942,1.13570083503132,0.869447459620869,0.692345692579336,0.435009844030035,0.224341739612962,0.0551741870366815,0.208019361146571,0.166074488981667,0.144279086006388,0.124743209227029,0.10260683466328,0.0739177773228709,0.0369494775681717,0.0110535860284217,40201.77354322
"509",-0.189497393872703,-0.256743195290035,-0.16300489302152,-0.0275291659658425,0.0505258602577665,0.0873497461994233,0.0633040207649616,0.014151132724665,0.664937866533645,-0.410959929940914,-0.0241030401559952,0.115685288450624,0.264489700451609,0.539387828446478,0.753059857985889,0.940182925442398,0.33631470392651,1.43115543893894,1.02596178788041,0.862835992333472,0.696507129580867,0.431519688499008,0.231884839853379,0.0556064575162073,0.210068612504709,0.162997542685862,0.14760777957568,0.125023254495435,0.105491674347866,0.0743272425565285,0.0374573853950454,0.0109216532950372,40204.643010737
"510",-0.218068882419175,-0.216005069024286,-0.144358544010908,-0.0718516327870133,0.0278113102807138,0.0905857597715088,0.0646111168724109,0.01364227345277,-0.417586111817393,-0.416674057697918,-0.107671658705374,0.174050593758588,0.275906149770821,0.538768418767814,0.757711097856251,0.940352103549898,1.42836076604646,1.42542967644248,1.10278257477491,0.816707661389113,0.690844973461559,0.430546212414629,0.226806575483708,0.0557513788219096,0.214305098313724,0.164718573202005,0.14371767492057,0.124976801703518,0.104322579580241,0.0703136292148741,0.0369911188496661,0.0111639300400328,40197.9779137813
"511",-0.213742243405383,-0.196024574458989,-0.128017639508481,-0.0269897939263657,0.0390056105843596,0.0829172065973819,0.0639217804055072,0.0129714551895258,1.16887233429368,-0.376519790120854,-0.193430944413707,0.103923998742547,0.27785699947366,0.548777771174544,0.758671723022637,0.940443161975865,-0.158784153606119,1.37980813146763,1.1862371445445,0.874517864275639,0.686887521731935,0.422622369126403,0.22601090171703,0.0557185095482742,0.216764041953497,0.168879098618965,0.146316987580992,0.123241525675735,0.103374826734174,0.0717315228775353,0.0363750549392944,0.0110225077443139,40196.24649665
"512",-0.206740356081436,-0.224423432886543,-0.154805803460302,-0.036491648962359,0.0376022673724852,0.0836146667869159,0.0565783818163733,0.0146904766401156,0.786439801977245,-0.281989592873517,-0.119629841599342,0.136390155277232,0.288402902404135,0.524284019375188,0.757836733953888,0.940736224855494,0.2186413145521,1.29479174453919,1.12051428466984,0.844578771177672,0.675505581644498,0.448651284077212,0.229292097487559,0.0548591935784801,0.211013664905575,0.161734985617634,0.144599045836618,0.12930094917911,0.102487423158767,0.0726766072627205,0.0367687706465265,0.0107290729455206,40202.4479975473
"513",-0.220462801964832,-0.210683011249559,-0.168482960588968,-0.0312569243720316,0.0288730343714562,0.0849869554038903,0.0615193704299109,0.0131372289090586,0.05224239046823,-0.303496864745788,-0.147161320014198,0.0863962011572159,0.275463283844779,0.53894610649341,0.761331400760902,0.941679091348223,0.956350337462216,1.3103017101856,1.15027909404331,0.893043186315817,0.691211242903078,0.433172757735081,0.224149855032346,0.054473085353076,0.209594842943081,0.162990748973694,0.144561885742728,0.128254202392387,0.103032942657748,0.0752135761017237,0.0367876102694844,0.01087204804954,40203.265176542
"514",-0.212022718428773,-0.196602070628862,-0.150627931074043,-0.0194519388268806,0.0221976515059261,0.0947882212435401,0.0622600878731059,0.014711825737232,-0.247833980455051,-0.36355151472636,-0.121413291000756,0.105756407351194,0.280841122305653,0.520140293167897,0.762990383241101,0.941643811486783,1.25648325630846,1.36642731191224,1.12034540732585,0.871582982586938,0.687393686425414,0.448569264216821,0.221865623519271,0.0539275744029182,0.210773183406744,0.168074431983028,0.143843924162143,0.128396881556177,0.105222941948647,0.0734933743683495,0.03864983408916,0.0110295951409608,40198.9227248692
"515",-0.197539003269819,-0.257573511415118,-0.153967872745676,-0.0587676527990037,0.0410195467182043,0.0942816753609384,0.0520716323964284,0.0117306890775661,0.73680894478372,-0.251337962532421,-0.167334422487462,0.110455060687744,0.274813509490263,0.526036484608991,0.756403803612789,0.94154072771416,0.265227263908824,1.27256879247795,1.16814406849849,0.87675365021176,0.687999974285651,0.443315523458305,0.231957450832281,0.0549051588566699,0.21264644179473,0.165719711005089,0.140898808844047,0.122263865487256,0.106764791157811,0.0745628600273804,0.0377268725268373,0.0109147049369215,40192.8492391025
"516",-0.199713879458807,-0.2398262740931,-0.135930799825479,-0.0223970565334903,0.0347768007846456,0.10143090417178,0.0735267839617045,0.0142004633092564,-1.54034916201875,-0.281336661895432,-0.127456901444763,0.137995991336889,0.250656259389185,0.513589130857431,0.749873255598877,0.94093905496372,2.54410545875248,1.29626604124441,1.12136557911718,0.839831914977449,0.714510749701003,0.454518204369758,0.232551951267748,0.0548425990964952,0.209307654388975,0.164584306429683,0.14371309440823,0.12305922948672,0.102384537799981,0.0719010156340313,0.0369913425173703,0.010854758590276,40195.5250663763
"517",-0.223541177803872,-0.249023330468382,-0.165909925031918,-0.0412042149308613,0.0367887490833514,0.0898450580530071,0.0645279760429234,0.0130505779845777,0.519438863066846,-0.396714155096043,-0.0909047692169488,0.152294457682017,0.260150516766722,0.534508109698265,0.756610732360548,0.942409666272692,0.490216969068379,1.41540662981115,1.09430674865447,0.830495880738472,0.703587592425567,0.436510568316818,0.227279092707644,0.0537650405502187,0.21609855094799,0.165878173010058,0.143790755172853,0.123345373266612,0.10459090785265,0.0727568497202108,0.0371330987961475,0.0108492462511663,40201.7544109335
"518",-0.169543787116798,-0.241168397786319,-0.125752003820053,-0.044198630999621,0.036639267627768,0.0763351860944392,0.0567686781734595,0.0121163702014116,0.952424880956523,-0.284593613307898,-0.0835518202118686,0.0985726527764531,0.303140265847009,0.541873211054254,0.760198603026811,0.940774355236499,0.0430517522908082,1.30038502608899,1.07488389621101,0.884392765796693,0.660266786009671,0.432570402362674,0.226880743253088,0.0556411483807602,0.209528246641287,0.162820466631279,0.145161152445285,0.125719225896336,0.104756516623882,0.0729613033414614,0.0369267232003662,0.0110571364002336,40201.556225053
"519",-0.232794926952663,-0.227993081808021,-0.148467852272923,-0.0274422402314296,0.0217468550491334,0.0913828680158339,0.0689134814145791,0.0121763147962868,-0.936894551370335,-0.420442894879685,-0.112795718493016,0.135943918200396,0.273142292145869,0.52601873917785,0.756199506786794,0.940707055461695,1.9499301818248,1.43329614644202,1.11060413036051,0.842283074412221,0.696235386800925,0.444329008443581,0.226727890655431,0.0557790480603576,0.209327239762421,0.162016014634357,0.1444265598853,0.123249483481617,0.103411658396341,0.074178342146456,0.037217811407294,0.0107265006229168,40203.7472368812
"520",-0.246574567050997,-0.21876330490171,-0.173865746554136,-0.0393352024158972,0.0483549475385607,0.091380571291596,0.0655669252348806,0.013920702195376,1.22112642426791,-0.476986445891809,0.00830845545475709,0.114149385630515,0.235282480396086,0.526701463425247,0.756829798873552,0.939551113237445,-0.203059841695248,1.48801086935954,0.997182046733272,0.866988762924992,0.726701176722286,0.443700306418249,0.227396653685162,0.0563450902956072,0.21251986506477,0.163959236022475,0.143910749418521,0.123430303677122,0.10384362882903,0.0728161530948464,0.0377833701011225,0.0109390131836849,40201.6280726921
"521",-0.192145073528643,-0.215641720428124,-0.174459615363587,-0.0216436737563162,0.0297088333676392,0.0833488558713156,0.064237793488135,0.0134766985100442,0.476750680543323,-0.225446120433794,-0.115368380699931,0.113686547438407,0.285011760165371,0.544097561020684,0.756381811661612,0.940137928150176,0.524161965152718,1.23465350730598,1.1211480928856,0.862968450686673,0.680914910814337,0.427299270095788,0.228420106265126,0.0559629991132866,0.208214801065458,0.160250989556174,0.144260402305026,0.129680272556382,0.103425074544516,0.0744971290404788,0.0374679645298972,0.0108038053874986,40200.4981205031
"522",-0.256705209023379,-0.186218473351848,-0.136100880409104,-0.0449504419929051,0.0584592435043936,0.0996005595758395,0.0593603850259014,0.0135319748343145,-1.36190122416183,-0.338202344205728,-0.196073117603108,0.105594071338555,0.258458065036011,0.528008455211737,0.768025878063117,0.941356256404461,2.38331065527183,1.3367690619621,1.19165538905154,0.878717434921206,0.699204784449093,0.439340021646745,0.217138683587107,0.0546642249158542,0.214774221185718,0.165861016648199,0.143014907871907,0.125372493597652,0.104019344136601,0.0724559102025758,0.0376817913815214,0.0109130870145045,40195.6129543066
"523",-0.238942300981773,-0.241354306398558,-0.179233726738113,-0.0362558937733128,0.029715387476066,0.0956959535609834,0.0598399904359193,0.014090639248736,0.880157831835193,-0.382878605949219,-0.016584071123183,0.0981287042436239,0.273186006724099,0.536095828028014,0.759666525702657,0.941376330268145,0.135146182384298,1.39872211251592,1.02335314163408,0.883589012771274,0.693412057044792,0.431570515378525,0.22650805212146,0.0543982995958462,0.213855852493737,0.164265589322844,0.142469456233051,0.123366605177184,0.100621136524992,0.0749823866825397,0.0368402652816056,0.0110753788566775,40200.664282713
"524",-0.249015675511401,-0.23880183719614,-0.135706043500244,-0.0331754896448918,0.0491468419539383,0.101734694712155,0.0622561390856077,0.0130274526796956,0.0497117591857247,-0.415929554273389,-0.109729215342964,0.164305819283246,0.269375766596907,0.520808813975508,0.75891929310655,0.942304243628683,0.969305000449901,1.43227327009221,1.10511744471749,0.814516723526148,0.691995210703905,0.445854319390442,0.225321704256884,0.0538408208229664,0.210639473989428,0.164897208642131,0.145541721738241,0.12606050867993,0.107926015752507,0.0733348321477966,0.0370699110860475,0.0106606390875066,40196.5553779856
"525",-0.224774829599648,-0.224748148054323,-0.148710970270916,-0.0374771312321496,0.0418332448505467,0.0999915396084247,0.0636004672135604,0.0125839489410231,-0.693305400683231,-0.329408435406037,-0.0749380314456221,0.191009429370544,0.282548000398452,0.528378863005611,0.753242185869571,0.940775589658057,1.70580307531192,1.34159512741191,1.07379010591341,0.789569275600636,0.679771322334668,0.439867647220718,0.231681231109016,0.0554769925959844,0.209118131850775,0.164990773532434,0.145105585170251,0.121970715843183,0.10370658728989,0.0734689258926548,0.0364577576052304,0.0111486091199116,40200.0741154716
"526",-0.203576236767902,-0.209206379521278,-0.163403550238696,-0.0145138029795259,0.0229588170306102,0.08682306784914,0.0628329745073527,0.0122280057286575,1.04218411315941,-0.445804740478156,-0.110365012380911,0.101877246406385,0.274657944265702,0.514540780067969,0.750996305962483,0.941773660719727,-0.0383550523660173,1.45105523382934,1.11315681643063,0.873281975210739,0.692265246865942,0.457219889988011,0.234453222738748,0.0547153267326424,0.210664259739687,0.162528359117862,0.146050947768975,0.126134677004563,0.102586126567723,0.0735344522724989,0.0370658414001768,0.011006773348093,40198.4316942141
"527",-0.228628284380965,-0.264314540750065,-0.118276148601521,-0.0304082460273446,0.0389781835723864,0.0921258667532182,0.0579170030515119,0.0141758430797764,1.53162763632634,-0.211767527616066,-0.12226205158426,0.0912542513722874,0.284723036608825,0.528907444409905,0.763388424498125,0.940857565427553,-0.519214877523227,1.23350496292418,1.1113091315206,0.887454521967062,0.677895817703407,0.441117316031297,0.222814516511053,0.0549865526663503,0.20365293545527,0.166549876649937,0.148243659468172,0.126886516334609,0.101297501344485,0.0721281805371148,0.0375989260979592,0.0109597164983282,40197.2791064028
"528",-0.226702039291411,-0.223011962691139,-0.139118179099569,-0.0232288991725445,0.0341746268403509,0.088189393033173,0.0601475632347446,0.0126115978087591,0.958708667110764,-0.337644406865588,-0.131331887657443,0.0565096597129089,0.231383400462862,0.521421450886065,0.763264757757456,0.941842446584196,0.0538707465641431,1.34878997182576,1.12664863829907,0.921915735857689,0.734377592816242,0.449954527681174,0.221892152205841,0.0543777003552777,0.213107353988228,0.165663262573235,0.143694633076349,0.128112519157269,0.104185569429145,0.0718805456400703,0.0375439002217109,0.0108093267194454,40201.891964049
"529",-0.207355268596314,-0.18686092029238,-0.138687417080352,-0.0312030212238178,0.046830123416613,0.0994551133766089,0.0578625451811964,0.0127286398962356,1.27357415172345,-0.408635184583791,-0.14998730370741,0.0885685924620068,0.271798131387948,0.505261182983467,0.756816313701937,0.941723401887227,-0.265045558371006,1.4086948660101,1.14553041474157,0.891680612287838,0.689653857518356,0.464405046419013,0.230062897091058,0.0544896430079987,0.216097996946653,0.161192728677906,0.146947652816223,0.128890812481317,0.105003415397135,0.0731854133740012,0.0362999965764144,0.0109672995507997,40197.5653270467
"530",-0.214961903879451,-0.274560231535749,-0.153457756631515,-0.0135949395779443,0.0376414134434164,0.0910168394663989,0.0647476618189338,0.0131991657113504,-0.30203341753105,-0.341338015441004,-0.0526813377253327,0.120108947333323,0.2707384747361,0.529325615546459,0.754593730017954,0.941641244870526,1.30907241978912,1.36695784426258,1.05109313454279,0.852319321355518,0.693369740957109,0.440624561818603,0.230368956846657,0.0544283384419276,0.206540529820106,0.165794211451867,0.151369887926686,0.123385512650848,0.105319103149812,0.0734885205874346,0.0379737010009004,0.0111103923974959,40196.0181245084
"531",-0.231814330132836,-0.234945699183519,-0.131417156929538,-0.0695588654071377,0.0323627781771908,0.0976807719676636,0.0640626528537751,0.0131988363401201,0.167124095712136,-0.382013545863333,-0.136242101649528,0.137920278118886,0.309507973244371,0.521670886892226,0.760925742265109,0.940640043578251,0.844564971261692,1.39683340226206,1.12960258501414,0.852815197262962,0.655536059887015,0.446629704732929,0.22381658822103,0.0556102895702872,0.211011356677401,0.161991806015335,0.143683300627459,0.124044876346731,0.105432431284131,0.0735202055746107,0.0375246751930136,0.0111944466964493,40202.7456815389
"532",-0.223511759610366,-0.2322296103648,-0.105390431238613,-0.0467427183988055,0.0642064844402287,0.111831083880582,0.0684458425752601,0.0113851954948614,0.935067887121087,-0.325482965911654,-0.140529307714427,0.180165247441048,0.236596895108986,0.515944802456073,0.753829359829381,0.941677429040067,0.0761117011798368,1.33971004013756,1.1256693392475,0.801911732646947,0.719148916159475,0.447749111711122,0.229417659602648,0.0548730911737597,0.212512434151316,0.164028385929577,0.145429033421296,0.128968356038193,0.104061513918916,0.0742481066541923,0.0376686220499311,0.0109870888517424,40194.7976955331
"533",-0.25235104992131,-0.233915354585286,-0.152156697723042,-0.0228753110036764,0.0400313463905851,0.0940199451440539,0.0571200537498278,0.014064510035962,0.576664074038627,-0.432397720320539,-0.0974680449258613,0.137506486769351,0.262721033573024,0.538023401865809,0.766256895058224,0.940026544797744,0.441355323951065,1.44549263328387,1.09884019984288,0.839540034836263,0.700512520098012,0.430967698679435,0.21964328543869,0.0558332636483343,0.212447819240735,0.170641862966629,0.145893244856388,0.123368839887911,0.10531737433639,0.0739086404934562,0.0378436888479376,0.0110222950657025,40198.8151306918
"534",-0.218496565372996,-0.232265425488157,-0.149213590690349,-0.0311241478802904,0.0298551332483002,0.105774196610925,0.0563688024178455,0.0145069672105936,1.29880036200347,-0.26259810814464,-0.108495825272946,0.138623097134411,0.253139063076797,0.522116520129424,0.765645264718758,0.942348404069884,-0.289087349871324,1.27813302035459,1.10662863885107,0.840074802333924,0.712978390012632,0.444571334562874,0.220070796375987,0.0533579677525656,0.213474270983109,0.166814654556887,0.147111156570808,0.12687394162243,0.103884626079586,0.0742493003284037,0.0374486675939128,0.0113357599569539,40195.8701669125
"535",-0.23258093833009,-0.239876497462108,-0.145833451398409,-0.0393155952940299,0.0500145734134389,0.0981336223596972,0.0540030298395667,0.0130628680048199,0.70718970884963,-0.243995548148948,-0.124493243054252,0.123348349613984,0.274545518527145,0.527511982322794,0.764475718053464,0.943001301364616,0.305422345110626,1.26018061608174,1.12214484846346,0.857656956717559,0.686001155669326,0.439891778020894,0.222636988128354,0.0531218996492986,0.212642645743495,0.161098484658818,0.147187104544237,0.122470415807451,0.103695435121703,0.072217085709674,0.0370495845478554,0.0110617235991944,40204.0693729594
"536",-0.165751953839025,-0.234058556616319,-0.138713387788233,-0.0449592848965371,0.0109103520103055,0.0853878019355225,0.0647571756451032,0.0133367446255086,0.316708623585762,-0.38343710361333,-0.0637428497067515,0.0987988986561818,0.33224727409952,0.520890005487485,0.750991790552973,0.941920167483332,0.677696213531309,1.39695480313742,1.05855585334578,0.885162598677665,0.637153951961117,0.45117402449614,0.233871279758332,0.0541280030479719,0.211936532584483,0.156426065955755,0.144341963869802,0.124734815546302,0.1071967265234,0.0741238200753015,0.0379998103965118,0.0108964355647829,40190.1887015578
"537",-0.23262740887904,-0.245823627553683,-0.204710846842992,-0.0203316131392345,0.0442857400099299,0.0973212525326946,0.062800217725131,0.013120092661915,1.29731062554632,-0.345884307569798,-0.054023522526398,0.125558247278552,0.259254993401557,0.530917835144117,0.757138438569849,0.941624098479513,-0.28389517027817,1.36272496451403,1.06863080040145,0.849601734978051,0.702526980263783,0.437258183691354,0.228158878438467,0.0545514903111512,0.210226117050958,0.167711014127897,0.145007348170677,0.125996443385404,0.101382659817887,0.0729998098599949,0.0371260390834532,0.0111417555637883,40203.2046423656
"538",-0.232568301132535,-0.249833059178512,-0.129827424125286,-0.0506553954536677,0.0451809706824909,0.0926831516904216,0.0573888611829682,0.0141970020731198,1.63586366846885,-0.345764142420403,-0.130806455559684,0.201185680966666,0.268714873820301,0.526361539451216,0.763444976363603,0.940378921569575,-0.622723555873836,1.36408275057406,1.1229661148757,0.782097718984519,0.69357547838121,0.443801618868442,0.222127384694314,0.0554698132340694,0.209077796345065,0.165817049787907,0.14860407038424,0.126991604281638,0.105452402473873,0.0746886256897957,0.038170996724314,0.0109361646598132,40198.6275190058
"539",-0.24559688782788,-0.215743073392002,-0.120238032099073,-0.0268995553243989,0.0250769485642684,0.0993760629057226,0.0611298439442938,0.0113026722778284,0.718780541361556,-0.308614666021754,-0.112421843951089,0.0841436753164085,0.254106958643559,0.517816775056872,0.753969597438113,0.941919099535315,0.298689650487392,1.31773751734855,1.10294983287245,0.894370596245703,0.71426938555819,0.450390856164941,0.231580490756297,0.0548653080547662,0.208722540851339,0.163031013588203,0.144088764470764,0.127308402075739,0.105371433369315,0.0713325411383763,0.0370805954740906,0.0111832226854386,40200.2661011362
"540",-0.249092718176825,-0.242070628921888,-0.114110458712869,-0.00740402391839524,0.0454100745243634,0.0965297606800586,0.0566336306165798,0.0108182181696826,-1.48576256916557,-0.322249523256243,-0.150606532828481,0.0831319493786475,0.28110407208113,0.512235906940763,0.766467979732115,0.94231131070536,2.50545781212744,1.33813612327335,1.13975413203916,0.890131194926288,0.681345471954733,0.456878199482139,0.219542900135467,0.0544345247338733,0.208717264732371,0.161587965700072,0.146776493042057,0.122191287225096,0.102295213753663,0.0736921142467165,0.0366604337786414,0.0112428601644731,40192.5266636103
"541",-0.195535459598204,-0.222038394081174,-0.176242514174014,-0.0608786624776115,-0.00472189052642903,0.0931533840690202,0.0599773789755436,0.0144601381477446,-0.128758309550865,-0.464821724590919,-0.14322906105455,0.162983290601095,0.328685485944002,0.529284679904008,0.757842078767822,0.941529810183975,1.13279493754771,1.47471669629953,1.14916150614331,0.823479912779227,0.646936550303822,0.440190273803007,0.228056704391128,0.0542277022483744,0.213135585463348,0.160040895857877,0.145736451853446,0.126798808462217,0.108976304221039,0.0720447204396935,0.0369431975960699,0.0110986600841219,40192.1531250117
"542",-0.219482986650909,-0.229648036383799,-0.150857860017925,-0.0172146628822588,0.0337259110235225,0.0967699286999502,0.064975514116781,0.0135627969337476,0.668659569601598,-0.420986765861563,-0.0957089676106678,0.151500995308925,0.299788118661842,0.534323128573846,0.755642854153169,0.939115201170885,0.340850331696204,1.43327374978367,1.09478983549428,0.823551334285092,0.664988872090949,0.433355847918662,0.228598669868798,0.056930902250612,0.214021113451757,0.160609002051039,0.141055366751688,0.126335586012226,0.10264132988141,0.0730956892252234,0.0374550751805701,0.0108223852850134,40201.49658002
"543",-0.25335911879391,-0.240331970257533,-0.133739693692228,-0.0258317768830261,0.0485343692831731,0.0953595205923614,0.0580301442056772,0.01192864582648,-0.612203690093363,-0.383818836991831,-0.075931044106708,0.177130183819137,0.281304939236455,0.5279435469027,0.759576303473828,0.941648049929578,1.63185008837458,1.40102242126959,1.06914974252831,0.799670050692102,0.678933638328914,0.441593301035672,0.227365854853298,0.0548777321182789,0.212477550328709,0.164104162369864,0.148336863743562,0.126118392437337,0.103527144587584,0.0741331056148144,0.0374672669932037,0.0109236632201778,40201.3937283351
"544",-0.199231460538175,-0.244454807173699,-0.144952324188275,-0.0438677558700396,0.0472811573380295,0.0904571048970143,0.0673561479826292,0.012707044757079,0.579479797352568,-0.263519013216924,-0.133589997444556,0.129097840976335,0.288655504913805,0.518429744860937,0.759134168533862,0.941409993576958,0.425209282126195,1.28105844928005,1.13103292381334,0.855040055449589,0.672272084503583,0.451580600219182,0.224190111747616,0.0549815424651556,0.209199427814551,0.160824916768305,0.14406295626476,0.127148922938804,0.10530833716422,0.0723507240127041,0.036875387674769,0.0107985494274005,40200.5196897832
"545",-0.271768112620586,-0.224966725413918,-0.12729903126526,0.0271228105937315,0.0425032593293752,0.0932259070039308,0.062063293406079,0.0123796089513345,0.389059622839912,-0.364394186566283,-0.14870857618146,0.0357809775032595,0.267591495169181,0.524414939063198,0.761800870380318,0.941655985003237,0.636323862120679,1.37545510963489,1.14130426113869,0.928001626174782,0.695316698463634,0.445453701090553,0.223254382545575,0.0548145924702491,0.216097869703514,0.162515140658471,0.148290437959662,0.126792255551659,0.105210300680242,0.0722954794775632,0.0369872472047196,0.0108171170163441,40197.2472226419
"546",-0.16094258110866,-0.206099244842009,-0.160294105438151,-0.0221816078052877,0.0215140734094913,0.105636536192431,0.0642278673886228,0.0152206101089907,0.387800517164743,-0.391995795845846,-0.0557123442971707,0.111156940780826,0.275684543811199,0.510490424065862,0.756079080104202,0.938478291741911,0.606045608142476,1.39800070227926,1.05701990847449,0.86688209760326,0.69359179343419,0.456026546314282,0.228791126429329,0.0570766199156488,0.206335307833277,0.163140112221011,0.142866541837196,0.126324054145417,0.104428702355604,0.0728322519062046,0.0371806780422121,0.0108303641230183,40198.5805611367
"547",-0.207834692965892,-0.19579475816867,-0.119347718370182,-0.059494102898923,0.0541468250335578,0.0898869977262234,0.0715480077962891,0.0123533119134526,-0.228238874602701,-0.457702653384722,-0.0849189696592071,0.146480050755186,0.252542642474021,0.528781943310909,0.752486399999581,0.941673387618255,1.23304907406223,1.46196967062213,1.07481340330711,0.839746577688606,0.706698521382799,0.44208290029705,0.229851559135495,0.0546371927202992,0.206906473838793,0.158896134674914,0.142859596609811,0.126605587938266,0.103424682241181,0.075136370856894,0.0369433903374945,0.0111482318924595,40196.2472727863
"548",-0.221654199864357,-0.245596272606792,-0.156209251215478,-0.0405389793533433,0.0132634487642447,0.0933179043450056,0.064261904877609,0.0142809388055434,0.437023841170965,-0.346472559212695,-0.171503048245558,0.115890576459031,0.274961619575497,0.53585833211575,0.756093567792587,0.941650165558795,0.571927777383774,1.36470673589216,1.17337841293888,0.867094146884548,0.696500562147118,0.433371865880219,0.228198380488679,0.0542427405112062,0.214101069392535,0.162516821045669,0.145072433154797,0.127493345670147,0.101850236220029,0.0743174032566703,0.0377658890943997,0.0107964036528978,40199.9515732698
"549",-0.223784357604699,-0.217781168361982,-0.183340705129573,-0.058913551456513,0.0248701772047885,0.110112716222585,0.0627385179594743,0.0139302872903209,0.627834626337793,-0.364128997300402,-0.0449328556988389,0.15304520305025,0.294693619652872,0.507010554407098,0.762343417113334,0.942296516032448,0.384653197932168,1.37484839483939,1.05391877389104,0.834402787340841,0.673181344177219,0.458007745310915,0.22180458502813,0.0536118677399053,0.208953045769702,0.164832855188655,0.144719705821112,0.127012434071833,0.103434504139654,0.0709178664484874,0.0366684936580032,0.010634270154303,40195.0828583741
"550",-0.249072557540666,-0.214104986018593,-0.131236273682611,-0.0440322998291119,0.0595133478979707,0.0864230224248944,0.0633832178947303,0.0147228277442985,0.917131365447563,-0.465026371965793,-0.188288017123203,0.129098081539854,0.296580209001858,0.545887119579827,0.757422123342069,0.940529364459671,0.102613504580026,1.47450655350792,1.18289888870481,0.853529223658225,0.661127369868038,0.424917798043186,0.227488438472286,0.0551026185631626,0.208677517669775,0.164287328435308,0.146950222437785,0.123790929224547,0.103419015553292,0.0737901242429938,0.0374881371898629,0.0111778568475274,40199.6139439497
"551",-0.278050965350909,-0.223236918415033,-0.14224921877679,-0.0629730415799655,0.0327921930425328,0.0727885582907765,0.0598208462236143,0.0129859445916175,1.43208328079406,-0.452209458617213,-0.0344587000153076,0.170451563369036,0.275972768534062,0.561440064618528,0.755513346225852,0.941143874944466,-0.406432957988454,1.4625011555459,1.03131975000222,0.817154323563781,0.68965457303941,0.413313443930372,0.230552099091127,0.0551317823609077,0.213326773830639,0.166863393975987,0.146069188217668,0.122918839513335,0.105753031201354,0.0748412912496458,0.0370085753145301,0.0106980907832225,40193.9701295212
"552",-0.186635037437186,-0.283940030455494,-0.162044231737379,-0.008282052626664,0.040153528772541,0.102668053692575,0.0676032878825197,0.013323544532284,0.503964195316363,-0.343693016222403,-0.129104183838261,0.115108912563372,0.255859424605826,0.52044190904108,0.759787580926374,0.942079359718846,0.495108477941799,1.37259751845559,1.13139425456641,0.858275540443343,0.708036761333395,0.447385783342649,0.223499255468696,0.0539907790891106,0.210714924386664,0.166185565559963,0.144704125884871,0.124251164093958,0.103293939997515,0.0732426937660197,0.0376286977155011,0.0108984683535559,40202.6455225736
"553",-0.195295175450563,-0.239760774945653,-0.136351325515319,-0.0452040523175336,0.0238352788905274,0.0970212421012153,0.063214351935724,0.0158367695197691,1.195977448695,-0.343423818832192,-0.0819950724228758,0.169691224318869,0.284083500077414,0.530265996950013,0.755058074922164,0.942592114195969,-0.19226343445413,1.35822168532651,1.07802677573115,0.813441887035171,0.684414678132428,0.438039563847278,0.229914121442635,0.0526692517021767,0.205663112473958,0.160531527058895,0.145799050750147,0.126462020599747,0.102463296238336,0.0734882524076289,0.0377210795915135,0.0112581689407983,40197.6909716605
"554",-0.206984608814489,-0.239512852469191,-0.138600944983414,-0.0563872576186425,0.0617540798482974,0.0988543546532897,0.0569168624584879,0.0150546053022132,0.502275398636645,-0.382189584638204,-0.0926937406826538,0.171901136795758,0.301250399164349,0.520921875049689,0.765619914111428,0.940221672569638,0.503973308500441,1.3978933711287,1.08805036251856,0.814340992500223,0.654629681395245,0.447493526973647,0.220933118581104,0.0554389041809259,0.21088062792674,0.161141377248578,0.14433000433541,0.127396986099486,0.103516637193192,0.0732534212064765,0.0369990710594378,0.010724856868776,40201.9035748321
"555",-0.224983847731178,-0.203577851669659,-0.134381077201043,-0.0486020181265824,0.0639204845612313,0.0940476010265516,0.0610986552622503,0.0137208247283195,1.05087148056072,-0.360000869992156,-0.172518827730289,0.10387819042195,0.226487366210145,0.520521525465097,0.762481925832777,0.94154299027809,-0.0410810922556802,1.36538787516109,1.16870246479345,0.880781726077269,0.730033923688394,0.44961865835812,0.222939621268902,0.0543364207375888,0.210655638803834,0.165232701402285,0.144406185551744,0.124732580126934,0.104247264338075,0.0739236381006327,0.0370373908347954,0.0110750529248918,40203.0174884461
"556",-0.234575187684657,-0.19864763895531,-0.141469592177731,-0.0552588534826546,0.0376155376997554,0.0878722248401814,0.064344218246041,0.0126868351290034,1.14223259001322,-0.274268340927524,-0.145419648189882,0.130008451659045,0.27535685790229,0.539751294223215,0.762411101390973,0.940023778142588,-0.128467415299769,1.2792757017547,1.13982463679562,0.856192830917132,0.68951330373912,0.429772340979508,0.221704333871801,0.0563369495302218,0.205702175746278,0.163545726920031,0.143332129934515,0.124841698323405,0.104848889756969,0.0734812799829378,0.0382164197357437,0.010804155064023,40195.3558275721
"557",-0.223540728343217,-0.241365999325805,-0.123602108824678,-0.0252969100428381,0.045304065193571,0.0935978929285569,0.0630038934581323,0.0129926225075901,0.907962018590471,-0.383392010793687,-0.122429790444799,0.133913935924379,0.273250563270384,0.534138759319533,0.76074897158581,0.941128370894329,0.101042851322292,1.39931150557508,1.11213867375636,0.843652234885602,0.688916352402406,0.434990565496209,0.224145518841342,0.055125603914419,0.202825099357759,0.166059626908192,0.146298415260325,0.123789109327967,0.101399228226917,0.0732975141932206,0.0370904798544459,0.0111351972296077,40201.6298047297
"558",-0.218692975350535,-0.226655191509275,-0.141122338122166,-0.056981810870996,0.0407787066269018,0.0967156481778007,0.0606886359138848,0.0153644364035752,0.985379945046335,-0.431380560387189,-0.120135599574297,0.135115630090552,0.273277246973958,0.524763102986836,0.754941271823631,0.939385004653528,0.0253294778301208,1.44206212859035,1.11632243929198,0.851464892687244,0.690606492137775,0.444004908374428,0.230871039880534,0.0562585105367173,0.211324735476027,0.165874172779462,0.144322169819832,0.124714596434252,0.104523878131203,0.0713710251126943,0.0368674368066554,0.0108411659062838,40203.8063366499
"559",-0.246150532672207,-0.238143193641862,-0.183289609711821,-0.0132536782102041,0.0246209414573389,0.100767739213623,0.0594753085187528,0.0127010045294045,0.926219653410316,-0.34848305546754,-0.105964131136837,0.0829294050821995,0.283901018486976,0.524423606207061,0.76185957288428,0.941396180712186,0.0908259489781315,1.36445470019007,1.11488756430027,0.891550424599068,0.683405325855641,0.44386407986708,0.224150004763853,0.054897378505812,0.211354851879326,0.165173962809518,0.146674923705616,0.126371077432614,0.101605700649736,0.0733659341718577,0.0365236369732618,0.0112614361859718,40203.0366755358
"560",-0.299494596084476,-0.259342438007578,-0.143256833994426,-0.0471853005372846,0.0229141250730862,0.0948079543450921,0.0654709314370072,0.0139786913436138,0.923510060616434,-0.381807818690226,-0.147019520274729,0.130376776218655,0.29928368827196,0.524237341047242,0.757057611551964,0.942087643699595,0.110970492830001,1.40417647156345,1.14362414833385,0.852886202875918,0.668912542185579,0.446140676229036,0.227357681293542,0.0539303328317791,0.211010594285018,0.164312546041273,0.147555499496122,0.126471651418373,0.101410941344189,0.0732895352541121,0.0379067496153528,0.0109098864649052,40195.4240324508
"561",-0.231231374461973,-0.198693766395229,-0.141067164807409,-0.0382246688497215,0.0392836156322432,0.0979224074634739,0.064922082787128,0.0111418650520073,1.30115331333743,-0.374238026076701,-0.0703493707931332,0.130025042950706,0.28657300194379,0.518262985490302,0.756826903830843,0.942191650790877,-0.288148602679225,1.37752560206648,1.06596884111889,0.850919732385945,0.677141354722329,0.450517518001492,0.227670573951978,0.0544796353514286,0.207739820634327,0.162744683060806,0.146477885143726,0.123428005333696,0.101791738948163,0.0732128464606299,0.0373886219215466,0.0108848331010206,40207.2516453929
"562",-0.18778980065563,-0.221428054993341,-0.144875654414524,-0.0607475626933837,0.0496645096469028,0.0940583388117707,0.0662210650805432,0.0137663505487279,1.08954985216398,-0.426013334550915,-0.0681415891656725,0.175612856253576,0.29049271894,0.527144362768292,0.756833195175648,0.940250592743373,-0.0888523018607058,1.43675151707908,1.06587790664896,0.811939827211166,0.670826649253586,0.441897170818671,0.227438005622254,0.05568188899638,0.205188349124792,0.164543096524617,0.140831372579201,0.12627921880438,0.103599634321213,0.0752188467419191,0.0373965894224826,0.0110903331787285,40198.9611237074
"563",-0.212485674371387,-0.267741593756573,-0.160254844801029,-0.0264903248067359,0.0592008820659917,0.086943859347442,0.0582546241071757,0.0119731715739006,0.792829387885621,-0.483728028954392,-0.0514176601025583,0.137432481105778,0.251906044655374,0.54763521653604,0.759085073996525,0.94308720506147,0.214984288297276,1.5085400258655,1.05154515742608,0.840898756599827,0.708245885598071,0.422900282582264,0.22680669417296,0.0532758729711159,0.208087147756564,0.162218715417593,0.145222776184622,0.124582954454166,0.104651268931559,0.0736390447007162,0.0372591274658737,0.0109864559660453,40194.2801235672
"564",-0.19564771510679,-0.253879026507788,-0.155083554685917,-0.0383685519569272,0.0514395892704515,0.102036506172374,0.063594992467794,0.0140030960352393,0.36685871273389,-0.341287812318763,-0.117362923831608,0.106381180949932,0.250950767914801,0.528408031254403,0.759164056204385,0.941275112486796,0.634168610788898,1.36139828046685,1.11864526138395,0.874308856366408,0.709256167604544,0.438939461256373,0.225828771335805,0.0546691150181702,0.21004192707207,0.162103180070617,0.14670261718489,0.121837420434294,0.102675151309406,0.0735525385558391,0.0375741708294385,0.0111808037651056,40202.9026792976
"565",-0.22633809379269,-0.198716682602004,-0.149329546640694,-0.0219067234282971,0.0269421957755939,0.0923091843186966,0.0650978702518326,0.015120046101147,0.90828314188613,-0.324105849607193,-0.0886908330128431,0.110933063556067,0.295738627667485,0.525889772937982,0.763284245321794,0.939741942412943,0.103079237223074,1.3268603073841,1.08696602812175,0.864625962788962,0.670219728408326,0.444115044268434,0.220898324930772,0.0559500709104946,0.214767876730023,0.163952503061548,0.145188655485177,0.124941810034031,0.104969520256326,0.0737540783244542,0.0368007691904561,0.0107508443058399,40201.9532356717
"566",-0.206761623992804,-0.185920731784687,-0.142234521224127,-0.0328745263953033,0.021444842582831,0.0820992360763041,0.0644192418510901,0.0127506811715006,0.140787303628075,-0.471752240368614,-0.190141995596711,0.137874509967642,0.279614235344331,0.539189510970416,0.758663569795899,0.940960988823072,0.867167006863053,1.47328144909316,1.18704448049341,0.842882420818977,0.689814905239482,0.433581465939775,0.225691200827534,0.0552684308009139,0.209225051607726,0.163497331976035,0.148906493597016,0.126327320369371,0.105170347870722,0.0738172461243128,0.0383251169337857,0.0110246676936536,40198.07679946
"567",-0.205402450642677,-0.21461980959376,-0.148859155187095,-0.0480074465891135,0.0417120221519263,0.0863775959574241,0.0601866124841092,0.0120044061692235,0.205117111170904,-0.432616524964052,-0.117067376323905,0.143860793143534,0.291832097351775,0.53120648953412,0.752970914076998,0.941832089225525,0.80155245095481,1.44147043501238,1.11585177445449,0.840351611937522,0.670384610097082,0.440597388705546,0.233443789356922,0.0547675593810314,0.207112485665212,0.162048587246928,0.144292143965295,0.125129712950635,0.102873447116357,0.0742748064451636,0.037768558011154,0.0107793331201709,40203.6945969953
"568",-0.22357477652849,-0.210885175575486,-0.149617713923543,-0.0500242791854119,0.0555511645152944,0.0731155847139245,0.0568012408480107,0.0128380021162345,-0.0470366198037382,-0.481765017303558,-0.0815039886624684,0.164695313322144,0.293871879675213,0.559892653671804,0.767761302133541,0.942093593832656,1.05721799012596,1.48759793017873,1.08032847767315,0.820343748050554,0.665004083842258,0.414620116303943,0.218517028377054,0.0539989291292911,0.21154113910421,0.167289343245346,0.144135419572723,0.124513120414163,0.10433679957697,0.0759908407339481,0.0369090635948069,0.010670606062846,40192.8729179146
"569",-0.24145740851401,-0.242957117043696,-0.138756589561975,-0.0397658263858412,0.0443316037668334,0.0917490407312723,0.0614994563265131,0.0138284282725206,2.36268786998086,-0.298303084078527,-0.194678328390406,0.0968026684360876,0.262585496622957,0.523360609094843,0.763315146704012,0.941418541912917,-1.34715208602137,1.31631754251656,1.19060991807084,0.885084087583039,0.700589856958643,0.446374288461031,0.221095364555366,0.0544515742585685,0.207111143791028,0.165598113462546,0.143904552709123,0.125538158964551,0.104953610793886,0.075144513742598,0.0373750802582096,0.0110799694212643,40197.5130158726
"570",-0.209539659362667,-0.214748864580497,-0.1431477986724,-0.0271500727727252,0.0662887279142236,0.0845492572058192,0.0575251870265781,0.0110063087882372,1.2786799893344,-0.388818874567856,-0.0609405860742658,0.170921825996905,0.251498943990108,0.531173837435335,0.760496864659977,0.942920619570481,-0.271714209077172,1.39633632172781,1.05868803868737,0.807869193429147,0.704907167685868,0.440995273763567,0.225764580892724,0.053796987039495,0.208556180637159,0.167060296088108,0.145186403516233,0.127018960005083,0.101810353358319,0.0755133647049355,0.0364219336420827,0.0112413064742342,40195.9604767558
"571",-0.185365661189299,-0.240334991419175,-0.149820979133728,-0.0310282148556107,0.0212394315913789,0.0996737490072778,0.0628539909264143,0.0130152900164212,0.619386125097095,-0.371119581344629,-0.105166203563762,0.138187757528087,0.277557633386091,0.528711994455928,0.758150275002114,0.942657769137935,0.379630614897435,1.38771065897893,1.10378993303726,0.840543479257553,0.691378197019504,0.439083157178005,0.227153330872959,0.0534916558967373,0.20752232920408,0.163391168430109,0.147186996513624,0.124252214196148,0.105444172968953,0.073799105144498,0.0376026771642052,0.0112547930359156,40205.6344237324
"572",-0.157800845251592,-0.198233934885385,-0.157511021548388,-0.025930230095788,0.0282568127421287,0.101770342976025,0.0594095689180604,0.012228657481684,0.74143979541078,-0.3160366305089,-0.132718049337903,0.104043656410823,0.268829799762584,0.543346365159521,0.758143602804151,0.942771209762053,0.249968413526323,1.32092624733589,1.13333946262526,0.874173939831004,0.697870605455304,0.422553646791576,0.228184561834142,0.0535308007550334,0.211391569621299,0.16496284919508,0.144841616912844,0.126027652619055,0.103016189784172,0.073786503262888,0.0374466712806549,0.0109091287432987,40202.3452420846
"573",-0.180594702094015,-0.214481683865725,-0.159780521414649,-0.0417733702066813,0.018255050944236,0.101998529463009,0.0647382747765177,0.0167679931220953,-0.0204934255111633,-0.294166470984318,-0.162251918486153,0.124140866666243,0.274659006805841,0.514845123116676,0.754714185150081,0.940603965291927,1.0204524367506,1.30189125302537,1.16291882208184,0.858634863635863,0.694759950854819,0.452858330845325,0.229581662828637,0.0543350184281852,0.218036536510511,0.163616006402352,0.148173098930079,0.123163681534061,0.102168001244098,0.0740610519135727,0.0369689658432681,0.0110411117203638,40195.1395231001
"574",-0.241662130357998,-0.246923935161888,-0.139477540148243,-0.0523095128083987,0.0297439078657133,0.0899046943259063,0.0576264292691505,0.0126187819019373,0.745154450733773,-0.245987193196752,-0.0841854019607929,0.16205483372795,0.305738166541116,0.524975702190046,0.761298524072131,0.940737738569374,0.270662416678265,1.26290642414109,1.08035400147642,0.821577954547563,0.659463018124566,0.445062426710726,0.224617865139681,0.0555175524884365,0.20899656290189,0.164980620243733,0.148638241954561,0.126278066551472,0.103879971048923,0.073472274275398,0.0370039600493401,0.0110743669550295,40201.070735189
"575",-0.240850472118648,-0.208214409441675,-0.136889106329049,-0.0257256397164266,0.0327041474472828,0.078832970477954,0.0599484064857591,0.0139927498905578,0.735319222633006,-0.310369226228216,-0.091280602105497,0.158973342218989,0.286564393803646,0.539307082016954,0.76110884944903,0.942055019096255,0.280439174837753,1.31762722238973,1.08531768136813,0.817206002262282,0.679062571725528,0.433828760832133,0.224870605350133,0.0538519821850209,0.212846493280867,0.166087742274552,0.143074995150054,0.130028412451066,0.1042666399277,0.0735104724377177,0.037006924825555,0.0108080321441963,40202.29856091
"576",-0.204585817407414,-0.219560975850215,-0.19822380833049,-0.039991747626963,0.0262533025942533,0.0921217939763842,0.068450960490823,0.0162288402329898,-0.0669366230180319,-0.253435376969751,0.00562770467652995,0.15225971326367,0.282538141890997,0.522167526391562,0.75968143986094,0.939930317789063,1.0724815722004,1.26472413839514,1.0067634212852,0.828691800232364,0.684258999029621,0.448181940361648,0.223260455203384,0.0553044438180785,0.210443048548252,0.160423878270602,0.143719783975619,0.124827277732323,0.106746172967707,0.0734313964942951,0.0372435013088566,0.0110270141351243,40197.9623802653
"577",-0.235583342041484,-0.185654871833741,-0.139692105172892,-0.0151013892988992,0.0508354325536922,0.112726495492928,0.0616426161086732,0.0150614096334998,0.92696064170528,-0.511837370451941,-0.0791439224601406,0.0969890661273677,0.247911964587554,0.519428179606546,0.758702168496466,0.940700689493007,0.0879704354175572,1.51151994473227,1.07727856052843,0.876647180167614,0.713405221643697,0.444375971665086,0.226630890123633,0.0550200000402558,0.212445165691386,0.164661023699834,0.149445770163944,0.124186811054606,0.103308637506808,0.0721686327787179,0.0372721871050306,0.0111590241979541,40192.9091496534
"578",-0.248991252656478,-0.215051552577671,-0.144562091572314,-0.0218344321735778,0.0455755571459488,0.0920709361614863,0.0607871744460981,0.0133286645095129,0.9572607879139,-0.462869702722523,-0.112207522398023,0.123220877901441,0.263118441026043,0.534986052919751,0.765512062200498,0.942202456341147,0.0614318764555829,1.4717425586283,1.11145961047041,0.852575626595877,0.697782779773563,0.434498028395035,0.219537642015919,0.0538279668378829,0.210556602672733,0.172435013807028,0.147673202418289,0.125896836740625,0.106381329732708,0.0735215799550898,0.0380973410008518,0.0108497419458866,40195.7946055919
"579",-0.193340640410124,-0.222855240683289,-0.141507476185919,-0.0513411437463657,0.0363668597906335,0.084717239116166,0.0615540055620003,0.0138617359794297,1.42237136800661,-0.296982487082506,-0.136953697932169,0.151019843374694,0.287694785472617,0.551418286718309,0.752568484908565,0.940892785725731,-0.422708454236482,1.30755042898919,1.13492833405641,0.834696128816825,0.676828023973807,0.419481267919574,0.233369083929059,0.0549733991730675,0.212736979943349,0.162804302025751,0.147058457667431,0.126273385462408,0.106300871448374,0.0744446516268055,0.0371119177724058,0.0110843170416278,40198.2089544297
"580",-0.204481634463822,-0.264495251741791,-0.117384519419802,-0.0523573260697895,0.0257044830241739,0.0848745456065199,0.0657325166451573,0.0117285112514484,0.484546120523014,-0.296502667429766,-0.139038263492392,0.127189990835571,0.290289506706962,0.529240305391786,0.758427965209539,0.94130954509014,0.520518811921485,1.32076557865748,1.12754459920717,0.858366165489848,0.67731567056253,0.442828188574463,0.225352324854165,0.0551328771990351,0.213426357288335,0.161370767027326,0.146636455742358,0.124381230474034,0.104703151255805,0.0733477757684613,0.0376918527905577,0.0109201426225343,40201.8769500594
"581",-0.208501290434373,-0.2203871823299,-0.127069774473891,-0.015598120150792,0.043118342326728,0.0776542569833858,0.0564074222446089,0.0142332688356098,-0.15212368881899,-0.337311514919266,-0.150952352824955,0.103454478160464,0.290232546196591,0.532135520227508,0.75716708937501,0.941511586491992,1.15873089344152,1.34757394766231,1.14327358645248,0.872453085261317,0.672052372791258,0.441645600230006,0.229998466895394,0.0544343188029342,0.207679727260671,0.164176317802282,0.147973620177709,0.127720545010893,0.106457415920264,0.0719158069976552,0.0376342334148251,0.0108227186316802,40197.7089432785
"582",-0.212900834637094,-0.221603323875134,-0.142249730744746,-0.0520833972746832,0.0383514459402928,0.0929253103370029,0.0591040342569981,0.0121246192368408,1.61779530790682,-0.443819195049186,-0.123385500722492,0.12747596729431,0.28194850901206,0.529187732670467,0.766273902320677,0.94249021450748,-0.610780665255248,1.45433406824293,1.11874387498207,0.85643830403436,0.681681998125082,0.440147556874182,0.219758534656099,0.0538550897529073,0.219116547214751,0.161901095153947,0.141129376850771,0.126929362874497,0.10126372297738,0.0749561327688916,0.0365383570050635,0.011045950412458,40195.8427676566
"583",-0.221592102559103,-0.246799585327636,-0.155405790337748,0.00422261857512656,0.0513483181447526,0.0982126320047135,0.0623319936298561,0.0129326855450516,-0.135355440207804,-0.247116039286912,-0.14140216835697,0.105305151234483,0.269804391789314,0.528353959923301,0.755635341066525,0.939879017127681,1.14862999872027,1.26541398520799,1.14030717502118,0.864443851352933,0.689459564692018,0.43941518489338,0.2298728346215,0.056350452004816,0.207927966220855,0.162168729498539,0.14716695937961,0.12274914013617,0.105010965364869,0.0724568208628481,0.0376497126386894,0.0108857118376538,40195.5398096799
"584",-0.243035097023733,-0.266593167456158,-0.156954745065119,-0.0603619737832861,-0.00669592185889198,0.0852649268781804,0.0691820172467795,0.0151856434642821,1.47587006951061,-0.337586704707915,-0.051781047866935,0.156282887934997,0.298547661712875,0.519879770814472,0.755488885682411,0.938934170628609,-0.459947569534978,1.3621638174088,1.05315827585645,0.829807089009407,0.678579624966153,0.453093372393468,0.227577418772524,0.0566643454521895,0.212466185696127,0.163172292063379,0.147903634113184,0.127019016683561,0.10316168950111,0.0730760776418119,0.0380798194415671,0.010987381934241,40193.002514911
"585",-0.2184830843851,-0.220270197774063,-0.12877411889689,-0.00906009199037877,0.0614680914958757,0.0946660837054402,0.0638735714768404,0.0135032374802559,-0.275320022675609,-0.338487932365426,-0.0599915020720043,0.102100369107245,0.237039071948963,0.527422437559666,0.755893678206765,0.942085138270925,1.28285161286307,1.35004561560075,1.05170482593242,0.872320645468504,0.720011724531469,0.442229483735783,0.22893787750699,0.0540454794459134,0.214637579150922,0.164521756984634,0.148648987922648,0.125010711001379,0.103138617527465,0.0744266685772516,0.0376636950254077,0.0108417057944067,40198.4063075576
"586",-0.216015165519161,-0.246860482809792,-0.122640623091373,-0.0483694885157816,0.0669818400714397,0.0966871798628703,0.0663432279653068,0.013752739175553,1.60232600438451,-0.382672088535044,-0.0907118533057381,0.148842998841826,0.251974750551356,0.53253649075065,0.761071875551554,0.942775801647416,-0.593386514316758,1.40040791866552,1.08140378975994,0.834447089636218,0.704786422646481,0.43603824869233,0.222625811434643,0.053093704176554,0.211205475282669,0.16670179347624,0.146942623427362,0.126353301603508,0.101000974082859,0.0737656132120871,0.0374767007236237,0.0109445137978887,40202.4034105522
"587",-0.226719285108472,-0.208421873101349,-0.18184886430384,-0.0479551072880741,0.058274475444234,0.0896296799686492,0.0572200888677146,0.0135811964185001,0.700879300508472,-0.37379386317129,-0.122505600150303,0.123416817537393,0.21847347672215,0.525771787467727,0.763967932027649,0.941993887268283,0.309984241466797,1.37979140573121,1.13044137752028,0.859722998211735,0.740314778075208,0.444803761506997,0.222591420328215,0.0540862866355066,0.211317100653567,0.159993511443273,0.143714106475578,0.124175346832838,0.105316870134964,0.0723709367986127,0.0384271425450738,0.0109404438114701,40199.3338270397
"588",-0.223371750503635,-0.217003456068218,-0.150350872203285,-0.0205714680539327,0.0388656106661782,0.0957414799437788,0.0642348232542623,0.0118292574419491,-0.508744863732343,-0.342794525621504,-0.069176629371655,0.117775026045896,0.297431709260015,0.523795385592859,0.756327197242254,0.942765048295384,1.52028884291201,1.35271401660333,1.06687444631773,0.857242321510898,0.665128209830514,0.445357726176024,0.228305051509116,0.053737056619252,0.210963547101724,0.158944249132632,0.143513385584229,0.129726479663889,0.103551874396889,0.0728961906405867,0.0375106831696169,0.0108144652612109,40202.6728485966
"589",-0.250827152649265,-0.237091637472392,-0.146404671511894,-0.0278502801719318,0.0551198692461157,0.0701063924181278,0.0563585678267147,0.013212851337659,0.352734790468088,-0.347110137595271,-0.150316179895602,0.0684187989248029,0.248698906578372,0.521505368550553,0.767220035768875,0.944625343104487,0.664461089587883,1.36216488324539,1.14707290155271,0.90925508257036,0.710887792616662,0.455079525224312,0.219597051084159,0.0514820678986088,0.217028002505123,0.162753554801122,0.144527085697649,0.12635635929053,0.102584576481507,0.0743038427330495,0.0378645357592712,0.0110602750907752,40185.7536737871
"590",-0.20241477082794,-0.232775328488777,-0.140336242313282,-0.037252868863028,0.0450563859179095,0.103641702986068,0.0589993512487803,0.0132639633157576,0.498456057144512,-0.370193822530256,-0.162716736677863,0.125897400235282,0.277395502999431,0.512238896564534,0.761087866130911,0.943207422105695,0.505522365145438,1.38406095202489,1.15868516041451,0.853996931852126,0.684292392864931,0.455062871232134,0.224969944758077,0.0526863460113396,0.208725225369191,0.164190273487669,0.144311776757104,0.124473592949831,0.104628330603255,0.0748036839743827,0.0378053101445334,0.0109523399617494,40206.6112154929
"591",-0.282539663691863,-0.199398377405449,-0.110669257508157,-0.0403618081348861,0.0451677009751456,0.0892337042869116,0.0691460419140893,0.0141817662547982,0.450456968031815,-0.283510541839581,-0.151594408461251,0.14421468508738,0.280117455344069,0.537249192454909,0.762947892618626,0.941802209963674,0.57830043192979,1.28722681444281,1.13878723748051,0.837489294931836,0.682006709599011,0.433971807547795,0.219465994251262,0.0538713769663261,0.210327102862572,0.162433973698408,0.147567768819924,0.129250276536912,0.102618930265234,0.0727686170154242,0.036646386887272,0.0110808821807319,40194.4240099442
"592",-0.163878567471892,-0.246606839778606,-0.171070309362932,-0.0255689811415524,0.0496060407046623,0.0898951089730173,0.0552871684289066,0.0156231819038653,1.29357533112339,-0.331693546942415,0.0173130371938109,0.156630980397615,0.252541906249767,0.525307535281124,0.762072618948796,0.941104290830992,-0.298043966122544,1.34859821451874,0.986154279270206,0.820919743058069,0.708605016991624,0.445675084429054,0.224339568223135,0.0542219439691223,0.20731859322874,0.164467438439874,0.145882765500591,0.122873539529932,0.104411175788858,0.0740300590452674,0.0373439390500771,0.0110731583561199,40195.5806662658
"593",-0.216517587408766,-0.193927796093056,-0.17613465377497,-0.0210136499017907,0.0473557116794049,0.103660025637841,0.0526953299233037,0.0132325102370478,0.64124543559017,-0.323387413238497,-0.127422055490498,0.161463028117484,0.275363162799862,0.517198287838408,0.764138095576016,0.939917143800925,0.367182427390677,1.32498903143064,1.13241034298456,0.813332061654993,0.685387291011503,0.450378805495184,0.22350513695107,0.0562037047399426,0.20961851608869,0.165605166061494,0.14413076524957,0.124833379931111,0.103930301132535,0.0742937446563805,0.0363763282633847,0.010939144371368,40199.5564098439
"594",-0.206638310240001,-0.241278251794674,-0.182386771116629,-0.0145014035368672,0.0404461776502792,0.103334222857058,0.0619698346398192,0.0132086335577301,-0.748749036207644,-0.304102739661237,-0.0173240515704009,0.101277132889415,0.254708380476151,0.514510179351916,0.754944928421956,0.941751989788681,1.75549925156552,1.31936760670511,1.02578900986532,0.873566809013937,0.709222377462733,0.452844615828399,0.23051825921908,0.0543345776426361,0.214651174921369,0.165422743979096,0.148410295830509,0.12368886710305,0.101684287805782,0.0734988032265337,0.0381741177063034,0.0110921074353193,40201.714414742
"595",-0.193787976643227,-0.220750044936309,-0.126984427793487,-0.0622271500377797,0.0522281558758474,0.0895155867783212,0.0615143081148126,0.0128263527610567,1.1653397199113,-0.326634508021074,-0.120437610011681,0.0999590256289028,0.240778790519716,0.535691714628076,0.764629498661965,0.94345099868953,-0.163058375238023,1.33767657206256,1.11237640285672,0.889673824122251,0.719375834285845,0.434552906266306,0.220548418891202,0.0527430521280351,0.210491780962844,0.162706890830454,0.143839615842442,0.126377196869065,0.102751721497438,0.0736993280268102,0.0378283353831781,0.0108737094441291,40201.9567121881
"596",-0.148122683745693,-0.220830408887802,-0.154328472261335,-0.0231583865648844,0.0530237696849117,0.102361783137771,0.0566974598696218,0.012153831404673,-0.586819241846308,-0.393248098909499,-0.0534072372605446,0.117824893366677,0.275821766842351,0.512998373630817,0.762581695013405,0.941720727323154,1.57688468592295,1.4059436405073,1.05430911957093,0.859128481169606,0.68402740159665,0.454671627321732,0.224047030542296,0.0547463792329567,0.209690196648375,0.165093122476736,0.146490765658943,0.127604108234149,0.10319981044989,0.0736432386136565,0.0365849864076707,0.0110110330421854,40200.547142299
"597",-0.248967504847694,-0.235092740606378,-0.110430228737651,-0.0439838305221027,0.0516095871503993,0.106244358847844,0.055402328959109,0.0151059869973275,1.06162236016436,-0.315284156352423,-0.195046725477957,0.118735284216408,0.23608581930026,0.52671755063504,0.765723414376971,0.940779618985665,-0.0424573581376914,1.33085834286763,1.18382201944198,0.86420708323662,0.724621133327864,0.438974710978619,0.220867113417845,0.0548444890089874,0.208798337653869,0.164432145700245,0.145405914017321,0.125525264002801,0.103136426725282,0.0750463300266928,0.0372435322391698,0.0107828055783579,40200.3927089302
"598",-0.23515113955888,-0.241568414610178,-0.194065041142782,-0.0453091769890763,0.0454909927174856,0.0830573991916887,0.0692082129225653,0.0135673030952968,0.917790509097782,-0.383675664224347,-0.0636979402044498,0.129899441257766,0.247460198164311,0.528223443159659,0.755312319361987,0.940620773586661,0.0951971918640323,1.40087365474045,1.07717532322722,0.852896128602011,0.714967781010177,0.444506928713891,0.22795389251356,0.0553809472875551,0.206516065195991,0.163734295140173,0.145818569904301,0.128185786058407,0.105490857045566,0.0737256430861649,0.037674803399687,0.0108401878008549,40199.3860443194
"599",-0.206216271392202,-0.225001247893537,-0.128786897960234,-0.0511004877323287,0.0395784493735967,0.0994589373159831,0.064907127897015,0.0135697251384795,0.790938687253886,-0.336868362749958,-0.158154856117735,0.150496248360365,0.282300199968259,0.522159435086108,0.759135141733542,0.940878465486033,0.214670882820542,1.34729884250287,1.15124986906946,0.834097025275258,0.681167379590545,0.446078511024357,0.225505665796969,0.0550740599619438,0.20535234835324,0.166366172061223,0.140952316397405,0.126809495277276,0.104872014866993,0.0749837711516866,0.0375027509126726,0.0109194426608592,40202.989132943
"600",-0.230737001637993,-0.231965825770265,-0.169938631559534,-0.0244652396130423,0.0426875652327615,0.110348574672054,0.0593801795145489,0.011761136150845,1.17813104902626,-0.274284643471922,-0.0422896501316856,0.137346871388208,0.280520479895586,0.512527576425774,0.761472595156559,0.942528094942583,-0.163453256169027,1.28815857781634,1.04707811004759,0.839534649819711,0.681276494708205,0.452174696199321,0.224173755708678,0.0539910941504288,0.212219016473244,0.164586255715145,0.145067104651791,0.124622013809971,0.106365847360113,0.0733676930933291,0.037054023005964,0.0109808112228324,40205.573395093
"601",-0.247044550122623,-0.228091414956968,-0.169464569799117,-0.0550002468161944,0.0482141220493681,0.0883087831932474,0.0535764327723942,0.0125630763045424,-0.519596149238932,-0.304469375835051,-0.102489630348887,0.164043662844786,0.289434482854548,0.527211350153228,0.765448779321423,0.940627313178764,1.53650727900268,1.31586440865773,1.10674919303426,0.822545939331868,0.671208576688474,0.443956811860331,0.22199333864438,0.0557656616825116,0.216732945244313,0.167421413449865,0.14451679573929,0.124939318908125,0.104202629055304,0.073214762677147,0.0369610905606437,0.0107269608404781,40201.8396401874
"602",-0.213924577868809,-0.270812377868061,-0.157515233061399,-0.014960819597169,0.0382657504933579,0.0828882321412291,0.0596801530825547,0.0141874692498169,-0.453204386098167,-0.280020031532985,-0.0977649729284002,0.121632596124625,0.298167406312718,0.53727016407673,0.758730184687933,0.941265116008865,1.46023552596577,1.30393505685542,1.10075145470233,0.852549480630064,0.666130298083966,0.434617411151061,0.227224152568976,0.0545217136808195,0.209130019816217,0.164846713259623,0.147155069348519,0.125756989940362,0.104713842042952,0.0759505069022606,0.0376207187868985,0.0107416462209894,40197.7828633639
"603",-0.22110319554449,-0.251708637205727,-0.160528297890965,-0.0362106397879607,0.0429670717994689,0.0882939191511903,0.061389531004246,0.0132717853189841,2.29194947556391,-0.454816219825478,0.000549637337734543,0.139628198097674,0.267796067464579,0.539073632315474,0.758309889637869,0.93964380328952,-1.28060446935827,1.47362082916103,1.00215360011896,0.840210374044413,0.696133773113651,0.430928811219426,0.226925530191761,0.0565887913998143,0.212014663559599,0.16488604976855,0.145608122694363,0.127458680079988,0.105190255066238,0.0740562352026906,0.0367725862761755,0.0109190660698173,40197.3446490276
"604",-0.244011417537078,-0.218247247024518,-0.15670436548048,-0.0377932174124293,0.0450486677202992,0.0781312904779057,0.0611103664839671,0.0141895961605488,0.71270692454325,-0.314955780214697,-0.0592068503879676,0.108273297051422,0.297854829720042,0.54631180954658,0.761406435181016,0.941257260450472,0.303414581359153,1.32523918941795,1.06014897080997,0.874206265288045,0.664310880774084,0.426620655334429,0.223801106785421,0.0545380239040318,0.213191317182797,0.16394908750544,0.142856140682221,0.127015113794052,0.102657375690919,0.0731527178439057,0.0370184842912165,0.0108023911403461,40205.0779507567
"605",-0.231330329391899,-0.220052634216724,-0.161559606385958,-0.0517638394466426,0.0227028437985798,0.087395432993684,0.0637870515341045,0.0143719886172477,-0.850336649259697,-0.303624588096754,-0.144247934726591,0.139365217797656,0.309675452752115,0.539984709403207,0.757704452418601,0.940565183925795,1.86401928271167,1.31427927469723,1.14719613771399,0.845992908194089,0.657848567692652,0.431457410953012,0.226776188877067,0.0551189701665527,0.210439663124677,0.161889082341832,0.141475050007858,0.124645687379696,0.100870324831645,0.0718699488527236,0.0371765668426045,0.0111590808497886,40199.002377464
"606",-0.194059763586022,-0.244961338099851,-0.156689107500284,-0.0370217224699765,0.0442382180157438,0.0933091600480541,0.0618975471087167,0.0136132232557771,0.595220681096441,-0.33048920296867,-0.130876869713208,0.171535562731953,0.27118336989027,0.530890619084901,0.76153922710862,0.943277822603615,0.407714732055489,1.3484908502557,1.13138632382567,0.810547456653847,0.692111108756822,0.439375110396662,0.223558475490216,0.0526398667304401,0.210635285498966,0.166025343220021,0.142654842657132,0.123843321410438,0.104064465226235,0.073224533165936,0.0370651062205602,0.0110876666193419,40201.0411803719
"607",-0.212178045254448,-0.221748142400949,-0.154360458956538,-0.0197568694295324,0.0402256538628947,0.0882872483271651,0.0592866425669148,0.0122980987709836,-0.314004791710018,-0.333542952354611,-0.175245547868303,0.0707452783643541,0.284578226596224,0.519187606483342,0.761593151794876,0.940105157220597,1.32204016539273,1.34376854095238,1.17645269755894,0.905576539866766,0.677985782642448,0.452449467687,0.223517629251252,0.056367366540928,0.213888483490456,0.163579026102044,0.145942127150185,0.12411715022962,0.103623448575706,0.0738095321750317,0.038044202076431,0.0108483334888478,40199.5262003559
"608",-0.221521232688772,-0.232258234477712,-0.132118368046795,-0.0281469554503921,0.0340867719631244,0.0959775212417834,0.0541208461266237,0.0128209773474459,1.26172268742289,-0.418036722119049,-0.0482265355882175,0.0937750433471156,0.26951831154138,0.523522687028792,0.76953296493464,0.941593173603028,-0.251617792876053,1.43198219442466,1.04210064310354,0.884256273568751,0.695615595656055,0.445277365706255,0.217378493141028,0.0545663335677333,0.211118127763059,0.161654675495989,0.142919433812263,0.122786328972163,0.104764116071913,0.0740494491683267,0.0375383424154739,0.0107954914175658,40204.2653341223
"609",-0.191293222338983,-0.225915057038469,-0.172519185167577,-0.00729563143699515,0.0269231994651133,0.0851615843330855,0.063248597911809,0.0123273205539369,0.300590857250358,-0.317321892121225,-0.0789259774385712,0.062512702471602,0.333351570366914,0.535443142227531,0.759997234738956,0.941829895710809,0.701469070127113,1.32973418557232,1.0844359984618,0.910226604966029,0.631403891178501,0.436743249799211,0.224649988482789,0.0545319024152738,0.214394878337078,0.159523029930118,0.147853825476794,0.129125988757036,0.104669801892574,0.0749307596184596,0.0379555089934596,0.0108437612263989,40194.6055378673
"610",-0.242609529593759,-0.227194693894534,-0.133588001978603,-0.0442277022218458,0.0498035484416201,0.0729256141147912,0.0619091536505907,0.0136026945696614,0.433643173566242,-0.478663538934242,-0.0651963664877949,0.197584396975431,0.279340480468354,0.552137993860167,0.76627231977401,0.940892128829674,0.581904258521419,1.49243624712709,1.05739546552704,0.784144173571923,0.681299626953225,0.422057386572532,0.218627739622719,0.0551709880730513,0.211041679422679,0.16600753815557,0.144557779875128,0.123858089330654,0.105005446092671,0.0742787057544018,0.0378024503002462,0.0108716025436092,40196.0242817658
"611",-0.267304670187645,-0.207615498071313,-0.165409608015753,-0.041895315805933,0.0353193508552505,0.0910582748508354,0.0580210684408223,0.0140692095774079,1.49707285818099,-0.380577554657016,-0.0911973744003099,0.169131882364178,0.292343071992119,0.534523847432678,0.761410435955739,0.941507937633806,-0.472042219658722,1.38593547664098,1.09368395674281,0.811901121646245,0.672603562583635,0.43623208642198,0.22486831873074,0.0542455917502552,0.214337433974007,0.165250823400917,0.144795673998411,0.126191166460063,0.103951917823412,0.0736204286756964,0.0367665574934911,0.0112567766210882,40202.7409548334
"612",-0.257770580827388,-0.229808333249593,-0.0950388275970282,-0.0251949675026191,0.0494906609047288,0.106360163633857,0.0601861724435261,0.0115366438514098,0.0225096211793312,-0.29369043940985,-0.037089142081186,0.106056021833408,0.272788169997829,0.499738774048248,0.755785099307365,0.94183179590439,0.996994953939216,1.30668521808459,1.02039529308712,0.872130381858457,0.688139155116639,0.466795930470076,0.230527102484405,0.0546804090472057,0.207737673643957,0.162048362000752,0.148851413379088,0.122897058955128,0.102526190716212,0.074455900010288,0.0386811476962099,0.0111631181748748,40188.4648263266
"613",-0.205067933193381,-0.238632623819614,-0.13863676304916,-0.0596105595014567,0.0336318310572278,0.0900113892576569,0.0596098275424836,0.013364030490551,1.30072499494598,-0.435848608584616,-0.127355599772975,0.140259712788883,0.271228519384864,0.527375370718678,0.764208856370187,0.941716908804439,-0.295696260365528,1.45117433148848,1.12294423960985,0.845876802596972,0.695216077869179,0.444033394132908,0.221642383386942,0.0543686069925914,0.216313850380228,0.161142867791148,0.14030470731988,0.127101229783789,0.101572707723446,0.0746439381296024,0.0364896204556131,0.0110731529758887,40197.9065604639
"614",-0.229024272853592,-0.228487047542065,-0.135965454331855,-0.0415965440839599,0.0344414103491311,0.105732990798472,0.062825364695769,0.0121956836401529,1.98346659928943,-0.359984863254305,-0.0460886100654308,0.123276596026624,0.28227297122688,0.521981288949778,0.756778904973084,0.941242937109329,-0.971201110998779,1.37230294954816,1.04206391048766,0.858825414548963,0.683188904578802,0.443039885023385,0.22839383969133,0.0552432709711586,0.215509763444221,0.167612630119498,0.144902836409445,0.127275994969032,0.102459096662654,0.0734317678414751,0.0372448630111116,0.0111555764336772,40200.47389747
"615",-0.197305690269482,-0.229778127129322,-0.120717892517515,-0.0424021416148589,0.0527679895086445,0.0979034215300648,0.0625474154380329,0.0134099175745083,0.324743592820804,-0.303133627843356,-0.0682622895025662,0.140153704194165,0.280845931003217,0.518593335351302,0.758428218330929,0.940014522682357,0.679360052198076,1.31654091407748,1.0583453039826,0.840998737372384,0.678477432938651,0.450610806205163,0.226140616394262,0.0560345065153197,0.209527688445396,0.164533346277201,0.144281360645754,0.125840898254469,0.103101487912049,0.0747308844546331,0.0376454200062359,0.0110895500640186,40204.4297631052
"616",-0.203912171464487,-0.223361051246782,-0.167222572673055,-0.0461869595664095,0.0576929160751416,0.0721589285705799,0.061058283399313,0.0139507619920882,-0.881835286480016,-0.3101182964548,-0.0556186822668289,0.165746249895508,0.27574358632547,0.551619163268134,0.762110554978904,0.940350878301331,1.88895243402772,1.32011749103547,1.05833059101048,0.817761952702989,0.682906583303367,0.422577432187099,0.223346364531024,0.0556048717103342,0.213318358464314,0.16108343359608,0.144509744610327,0.12457692178318,0.102822353532457,0.0740705501517321,0.0380723178664323,0.0110646907617357,40199.2377379327
"617",-0.220603867349818,-0.239280616496845,-0.164215698070676,-0.0829313397778715,0.0165141138396362,0.112240138506046,0.0665773807507485,0.010598971470154,-0.737278413051827,-0.506318631656598,-0.15519125717709,0.180050686793367,0.283101251257719,0.507634445008847,0.762247873474411,0.943552510375424,1.74660153014778,1.52069661122898,1.156880289378,0.814314625504315,0.686376654021239,0.457330779632805,0.220972646538127,0.0532723949530958,0.216096071139349,0.163590155443537,0.143353512953895,0.124342734947062,0.10577696449503,0.0717722595123292,0.037848679552936,0.0108051908267201,40187.7270251847
"618",-0.167961448128699,-0.208633154938883,-0.157373895623987,-0.0146076791482427,0.0338693692469652,0.0971781313615194,0.0550731307219716,0.0120359545745341,0.261238487984685,-0.461447563772444,-0.168735800520671,0.105812711144472,0.264072261966468,0.528508625542057,0.763619382316718,0.94254085138718,0.732262701466836,1.46781038736213,1.16965342036125,0.868102115336085,0.701480789680203,0.439830816914479,0.223802018821662,0.0538054169466895,0.206445114584928,0.16302896000126,0.146790892505884,0.126221488457058,0.105396293376307,0.0736070989788095,0.0382208417392097,0.0110072508757566,40199.9629112026
"619",-0.22137176930347,-0.22414349478537,-0.129724112083128,-0.0118477485398436,0.0321227873635637,0.0742472464340599,0.0635678376119578,0.01371935158593,0.24042322534812,-0.359905125340561,-0.0739475204195598,0.132309300709071,0.258180357245308,0.530683788740588,0.764095632736593,0.939425306847741,0.771578827210538,1.37025598075646,1.0669047020722,0.84147870810406,0.708285352844022,0.444718463047001,0.220253804449818,0.0566004222126219,0.21379725621403,0.159803343931723,0.143510710442666,0.127302587179136,0.104569298386766,0.0728630300013941,0.038244837812247,0.0113255740533166,40196.4538784196
"620",-0.222472381280434,-0.23808797370573,-0.137628294993908,-0.0362088606120572,0.0577708224715618,0.0783362570589188,0.0613120882465798,0.0122253036312649,0.627384197804485,-0.395637910511949,-0.0824626547817785,0.121086514816898,0.260225356591514,0.524592747062716,0.762432855032179,0.942822993143924,0.383793852475767,1.40942214486664,1.07709971837057,0.85987227368389,0.697859558636245,0.450124546400501,0.222991219501157,0.0535026962111678,0.214368616791729,0.161724946541731,0.145298669093191,0.125818061604004,0.10348397418211,0.0734543354214957,0.0370304319254164,0.0109789637271672,40206.6214446963
"621",-0.216708894910516,-0.197688371288827,-0.160274701727856,-0.0432515721663113,0.0357842282185006,0.0971259981200769,0.059854418415252,0.0132974119768381,1.44830668120036,-0.439497683087644,-0.145820001867371,0.107759015612098,0.251726838014789,0.534295675843168,0.759757825107385,0.941724197739453,-0.438835237168843,1.44248732951099,1.14776871951916,0.874435577846401,0.713768062812156,0.433721990734592,0.225838543704223,0.0541905188282365,0.206462903255378,0.163849062375701,0.146571650592144,0.12588032248338,0.102181666268763,0.073202687392723,0.0378159099548807,0.0109087911550034,40203.2085393077
"622",-0.199743455246418,-0.221815253974812,-0.181673739484786,-0.0441738972317676,0.034828081389435,0.0979976522926258,0.0563452863711861,0.0137560637495241,0.252489105924945,-0.376999007143503,-0.052248918489441,0.119602970312068,0.276707325142476,0.532408509368519,0.761384780350842,0.940689261909469,0.751511684713878,1.38907065836633,1.06049952090707,0.862890250037244,0.687778680568207,0.434774305618302,0.226096296226833,0.0553006838180668,0.211118417848353,0.161423348639949,0.145586307989498,0.125534611454968,0.103975350019667,0.0742521735591417,0.0376280228274931,0.0109861082610407,40202.9943853993
"623",-0.222551831598223,-0.234573860054254,-0.131493379402198,-0.0276767962705655,0.0319117468353603,0.0883188893074481,0.0659142948536474,0.0132275697357086,1.45634629387482,-0.350018333606396,-0.124384320123392,0.0947554043834707,0.312583726423448,0.52760313588575,0.765028936048917,0.941921222793028,-0.445422143036464,1.36251882412107,1.1181576802409,0.881969173141213,0.652224952729199,0.444307648084511,0.218331130640864,0.0541554999392685,0.212617733985809,0.164232586809684,0.144660178860671,0.123832169928838,0.103891471370822,0.0744383797215312,0.0382310417187562,0.0111400976919417,40198.2048879816
"624",-0.203540347122857,-0.259437969351975,-0.18487414375387,-0.0358276911987988,0.0317332018352191,0.0923773871528923,0.0659333180187357,0.0113245797907437,0.221582075285912,-0.30791288515138,-0.105668344358725,0.12168637462937,0.274315635620051,0.528519964197569,0.75822239808316,0.941716181278589,0.783232444580409,1.32879946947987,1.11368387233866,0.859233955590071,0.691184793470055,0.441083925417057,0.225772602523246,0.0549895482889493,0.2166533596076,0.164694059252959,0.142948188545607,0.126666746646121,0.104979945760888,0.0725365098656373,0.0364075716496289,0.0111160026662814,40203.6699466677
"625",-0.207643914272452,-0.223171080096479,-0.164287039958018,-0.0408351169591457,0.0404296464464421,0.0792501006238039,0.0661708368163016,0.0134783351909824,0.977651831844218,-0.305450348751711,-0.153677533312873,0.0741773678895619,0.273730530048257,0.541891617978871,0.757190127305808,0.941540616612466,0.0297157281986419,1.31702805215702,1.15641343839996,0.908609059569264,0.688867642491825,0.430924463631598,0.22696573283105,0.0544344393609645,0.211251279106603,0.163885670258901,0.142883179976351,0.126112602677603,0.101537744031376,0.074267989876314,0.0363073636747226,0.0109675767194151,40202.698985588
"626",-0.173434751033169,-0.239470598202412,-0.142863702598795,-0.021131621181169,0.0446370611685013,0.0962743435458424,0.0563087615268685,0.0134760007848827,1.46855918465686,-0.348117292512906,-0.0570314741139367,0.142677001769107,0.266264649602182,0.531310683743828,0.760991926028782,0.941492584640136,-0.472126134429689,1.3638100295764,1.05363690228183,0.833775538274931,0.695994951130077,0.436640248866615,0.225605287483144,0.0545596532852605,0.21438415516598,0.163193941517964,0.146073204630376,0.124881531959831,0.103159293034192,0.0734202906748139,0.036980632031408,0.0112157387555915,40206.4280230889
"627",-0.24977907975084,-0.241351003430934,-0.17611122154038,-0.0476809916363409,0.045517748893376,0.0947886431270005,0.0613832537655106,0.0152593420121843,-1.01054186091309,-0.299385700878155,-0.200808976303123,0.127180290459954,0.264805575183358,0.510720122633402,0.756253540844184,0.940429122575701,2.0287511103653,1.31582404162312,1.2086423219339,0.856233176983322,0.695894148423046,0.460280413667317,0.229558911334629,0.0549944922956622,0.21504743911035,0.164889225266378,0.146525311395807,0.122216958479893,0.103508513184588,0.0708181496797388,0.0362825787463986,0.0108888672914831,40188.1657450524
"628",-0.230287880536448,-0.265996597465164,-0.159269531821341,-0.0222683476541269,0.0549614894788617,0.0770948161643068,0.0547025288394512,0.0135024084035821,0.663801283003329,-0.406585704641595,-0.138937907902124,0.0952246534004232,0.256839038383145,0.526879297911386,0.764887992638437,0.944030198105512,0.348022669299097,1.42832370633115,1.14154826309643,0.882487043429625,0.702287080603064,0.447670707628026,0.222022557392787,0.0519128438056847,0.213037046585643,0.161608583519471,0.145955402798425,0.121162730137055,0.105283409496155,0.0730105842717265,0.0379595412927689,0.0111039001381725,40193.781332139
"629",-0.226056173016319,-0.183564287827291,-0.147623072085658,-0.0352918137841665,0.0323029795219304,0.0904317694277046,0.0614609883883893,0.013513515256939,-1.19469779950049,-0.424054765792653,-0.100008369558699,0.139160225067588,0.270779540160977,0.532161723243855,0.758403477120403,0.941119809371138,2.20650589488204,1.42391442074299,1.09821769598397,0.841365477805197,0.694121000432471,0.438114676281878,0.227367173997381,0.0548848902354948,0.209747880167191,0.164249358142442,0.145370367552269,0.125629023614899,0.100739685308274,0.0724027113702139,0.0373008056389115,0.011100913760803,40203.9113680717
"630",-0.227517570177186,-0.245055877554671,-0.13269651738356,-0.0340980400152317,0.0374688108076768,0.115199714583765,0.0621144970979333,0.0130699910912977,0.262277011419779,-0.366580668024551,-0.0577252413538655,0.173511848744901,0.28249863766672,0.508883372357273,0.755264737934342,0.941136986441334,0.751122684833454,1.38462612189596,1.05154960703613,0.80544715516598,0.681487013554755,0.45535227182968,0.230325456122507,0.0549160949349633,0.211302129436158,0.168068291237541,0.147573618943296,0.127276891229705,0.101881517602447,0.0745000546508066,0.0362617595823675,0.0109927408670365,40199.8516785228
"631",-0.20047118707001,-0.240640432819294,-0.156723470926567,-0.0765405115144961,0.0418615550194931,0.0963361967565687,0.065260072582967,0.0153320354236392,0.807336382911713,-0.34679433089906,-0.149773491592376,0.177788583995115,0.297876282905381,0.534353769200644,0.758262240024743,0.941414597888272,0.198406868251395,1.36301224118036,1.15018349601001,0.813347866452062,0.664373057766082,0.433957725501645,0.225675499813672,0.0540083735968412,0.215822419853851,0.162238332046146,0.145591007785806,0.123536824402658,0.103586039518237,0.0711078936464293,0.037503306905462,0.0107957200999285,40199.9144984214
"632",-0.202960942321539,-0.194467661966266,-0.142677395561793,-0.0529874313490074,0.0731450801187575,0.0994891677968778,0.0497662324688549,0.0120126164506491,-0.622618239946339,-0.422705139495372,-0.0848326147339983,0.127891231867459,0.232026842933326,0.513334565529484,0.764363740178492,0.941765383515339,1.62689702541019,1.42475064968361,1.08005746672361,0.857150103991142,0.722654222363415,0.455333920234107,0.224329689471206,0.0546658296219741,0.213656328754742,0.163747655545898,0.145459425605569,0.127418495223495,0.101996230006619,0.0727298516574974,0.0369002775284893,0.01071837405498,40198.729650239
"633",-0.272165769491292,-0.254362372886593,-0.146359580075359,-0.0220068271381972,0.0284648334447298,0.0968966954708231,0.0596322840576465,0.012887809160638,-0.537086825939073,-0.40065133396795,-0.105502993178499,0.121977602428189,0.289634461090747,0.521723497757412,0.757617526605571,0.941378083695526,1.5618349860226,1.41891238243252,1.10171344606229,0.854400169574129,0.676295981925368,0.446538145890163,0.228139092776633,0.0548325163193042,0.213773405638795,0.163927033518556,0.145923478982639,0.126431526786542,0.105326647083868,0.0748196178954386,0.0364791785942233,0.0109741065321645,40202.087124387
"634",-0.142064163403266,-0.225844255920971,-0.158999945742286,-0.0324062230338102,0.0256590976978973,0.105510698055978,0.0608495916167296,0.0122966147109484,1.19235085333162,-0.404501487760646,0.0274950661800252,0.142422131440887,0.30004969710454,0.51301189108261,0.753248694675268,0.942229929623929,-0.204912703340406,1.4172136397306,0.972911411114167,0.837069376377229,0.666265387423973,0.453969304306865,0.23238382738479,0.0541924337457544,0.210799175845714,0.16444149276481,0.141499226655933,0.127252734951785,0.101837490718795,0.0721980351344202,0.0371048778609026,0.0107878641614779,40194.5190371331
"635",-0.228833262448228,-0.222473036527449,-0.151819623254722,-0.0437962463079881,0.0464479732407672,0.0928829758138815,0.0588104718687064,0.0106885964714553,0.297626367141577,-0.332215797087672,-0.124187352511763,0.128447056242481,0.222208425273333,0.52545704568221,0.767291828358224,0.942545414577055,0.714467089477458,1.34338105186533,1.12390183130763,0.855192730657253,0.740264885735759,0.44482278722983,0.218536261736308,0.0543305596136359,0.210108377082987,0.165618200809304,0.147280355977239,0.123120358158763,0.104672694680865,0.0729343816004448,0.0368115233304112,0.0107551506863314,40202.0349839242
"636",-0.231752460406139,-0.208597930257802,-0.156721751101709,-0.0297765518820826,-0.00267272527726411,0.0856499659458553,0.0625654548322624,0.0143865074810481,0.604667309883826,-0.394146985778475,-0.135734093285407,0.1184580439222,0.29839816702351,0.532333668490125,0.75436017857772,0.940987275788026,0.409245665346054,1.40077841379556,1.13637929963468,0.860121993035534,0.678300741212734,0.439135625206683,0.230770437315726,0.0548092626264809,0.212119348543705,0.164424118297155,0.145150746895613,0.124160536666081,0.105000190011465,0.0740603111365129,0.0375539183375512,0.0112718039706637,40201.6162068603
"637",-0.243579414977069,-0.219865772593295,-0.125159671715452,-0.0421802193702114,0.0451846829997814,0.0909324472893107,0.0587741815072798,0.013023835956526,0.641047429886022,-0.321940946204179,-0.053419694350028,0.16388504801422,0.285945782233011,0.533463536463606,0.758110095105542,0.942592496667182,0.375437908322051,1.33204583371429,1.04375286935651,0.818250641203392,0.675998277758353,0.436334846205362,0.228253111429277,0.0535324065830627,0.210794022438122,0.168677143189564,0.146037606100006,0.124754087449301,0.101527951705882,0.0736327303843326,0.0381852732170445,0.010932945143901,40203.9597114682
"638",-0.22234201834771,-0.21765296482588,-0.140637534013221,-0.0572260006516553,0.0635231131319657,0.0870161843776467,0.0649504020475495,0.0146422251299012,0.108876172582906,-0.354308859633671,-0.180874523944557,0.147469742410783,0.240002814205871,0.535742251861793,0.754707275570959,0.941896174306133,0.902822735541709,1.36434830027312,1.17704493400396,0.838269934514111,0.716417827552917,0.435055159610721,0.229752755680142,0.0538015865089122,0.21152053850864,0.162852531327694,0.14410513134455,0.124422612425959,0.104863123778185,0.0738484221066955,0.0367223999109844,0.0111401641894558,40204.3365770301
"639",-0.20631913343996,-0.208376738617017,-0.138991242007253,-0.0369004225861213,0.00583636386786475,0.0940046603849355,0.0592067913546988,0.0132099986365541,0.247694948405793,-0.448852832280829,-0.150495088568359,0.134264746432021,0.300831223012588,0.550453149270082,0.764608540970926,0.942295085938108,0.758730156662323,1.45438394309339,1.14732096299098,0.846357915053209,0.671804657058949,0.417729922645287,0.22102593515803,0.0536830469329427,0.208602573659691,0.16658592022251,0.145813662681923,0.125175605736238,0.103625492898781,0.0747475617610857,0.0361489065517176,0.0108723041638723,40198.3386458906
"640",-0.200350444773528,-0.208515950420967,-0.144486560355791,-0.0325594418369259,0.0331658405496811,0.08834866035626,0.0626169037090487,0.0155737908280354,0.311557202627268,-0.281924117605865,-0.109638600751752,0.149035013027658,0.270961668987237,0.534814188862528,0.755412291470239,0.940855980936184,0.694618147639511,1.2897260416427,1.1076169368276,0.829414432137177,0.693448146082504,0.436253620820189,0.229749134008506,0.054462372213641,0.2101996293843,0.164494738491845,0.144664755320084,0.127154604688858,0.101949290234503,0.0737488946846788,0.0372209149820355,0.0111602807430533,40203.4721602869
"641",-0.21838989475094,-0.241679481203385,-0.136485410769933,-0.0344503789712323,0.0270872733678174,0.106057004904794,0.0625742914959874,0.0109917675584114,-0.7363481755347,-0.3769095475139,-0.0189023615925723,0.155141034505604,0.301719118733624,0.517324534144318,0.759802442097569,0.941970340782009,1.74615282810262,1.39412434202659,1.01358163985187,0.825184083193339,0.665512873054561,0.448799763522314,0.225137520354463,0.0547719141934847,0.213491189317448,0.163470409698548,0.140560934114586,0.126278121762531,0.101088148314954,0.0721870394173305,0.0368184386758284,0.0108471405881305,40198.8820380311
"642",-0.209724789761114,-0.225369904671986,-0.148064893508841,0.00217714753744234,0.0409529352040771,0.102880748925134,0.0645762803212383,0.0135484156722684,1.24718023426666,-0.243545925342627,-0.102057649303202,0.114002689837483,0.281760152951884,0.497355162038286,0.758891160402888,0.943010318458396,-0.241879644355038,1.25368579220032,1.10153950012959,0.856433845201922,0.680495022483478,0.470602960680803,0.225405737951128,0.0528298461847283,0.211352971009586,0.165864693924112,0.140119402757149,0.12316364876508,0.103374786747747,0.0718668887290587,0.0381925952835895,0.0106656731382555,40188.6782305783
"643",-0.203523831932323,-0.247210974765518,-0.14082894961272,-0.0414255530889735,0.0258726629550128,0.0799116944658247,0.0707851630231485,0.0123411221910437,0.881325311373335,-0.355742036754749,-0.116648793733659,0.13910452292392,0.266604005151695,0.551534444517983,0.755648481434745,0.941972591103452,0.125824409094927,1.3743147685848,1.11515535874989,0.841494104284883,0.701185180120259,0.420596030079878,0.226957253097163,0.0544225126214896,0.211484628781775,0.165019975377355,0.146851868810569,0.123379956020072,0.105232590205244,0.0733304036189907,0.0369749667770663,0.0109836110861603,40198.9409722304
"644",-0.200181532808521,-0.221249483965821,-0.16699633710127,-0.0447154188935877,0.058951875430688,0.0736158080761711,0.0593659195695692,0.0129977626142109,-1.42150294381113,-0.305253931018665,-0.0480795692288863,0.159017845948872,0.276716053927023,0.554457992697801,0.761970643875799,0.942064660231145,2.42378239372552,1.3169432400102,1.05132209832312,0.823094939233196,0.681667219330181,0.420197170103857,0.22388321041963,0.0539721581142063,0.213413734095096,0.161674596946173,0.145248315241032,0.12558979751542,0.103849435255178,0.0737653855452659,0.0376558082226364,0.0111225022155558,40198.9707515743
"645",-0.215011477567103,-0.20171301967291,-0.174685896236171,-0.0283580425069443,0.0322239898698972,0.093589087582527,0.064303953369231,0.0165517616449072,0.900702990176472,-0.368847443904166,-0.145850534020479,0.12013193205141,0.269397196933147,0.5234807490287,0.75410703540272,0.939995762682622,0.109189897726408,1.37383861165733,1.15357383126527,0.858506782635058,0.695778694520126,0.446187364945752,0.230819693942782,0.0550091706309144,0.209992300811826,0.165966311373096,0.146799552270642,0.127608895817172,0.102980282031149,0.0722087562890873,0.0371810825578056,0.0109763804978533,40199.9152062462
"646",-0.241408048194661,-0.253954521643223,-0.168110774239388,-0.0417233785037599,0.0904395270884704,0.0965438741121317,0.0583855964419142,0.0134039595582977,-0.822760004549126,-0.286260212247595,-0.0467387339609003,0.125000854389929,0.230436830342357,0.520771997696301,0.759852442950474,0.940078791670119,1.83831574518258,1.30588246458866,1.05017927015734,0.857176149409045,0.718508085848619,0.448343766676388,0.226168048327003,0.0559702231435514,0.209475026467398,0.164327717831429,0.146228194743295,0.124464382283699,0.104289300079183,0.0733596500283651,0.0372624626149109,0.0110604418189799,40201.2824850553
"647",-0.235207679815001,-0.256896747024977,-0.133450834596502,-0.0286816096343687,0.0394301314194366,0.0853728764301626,0.0637669497923601,0.0125503702073057,-0.0427858071348927,-0.337030672084166,-0.0958203286319538,0.139523630813176,0.272062649318364,0.530079930773101,0.758509154606624,0.941661054340793,1.05500086977657,1.35696447970831,1.08770479727226,0.83848815818957,0.691176833854243,0.441426378994335,0.226142690331976,0.0546070714592944,0.209526557520738,0.163972467121419,0.142834197769929,0.124854382287704,0.104142924412812,0.0750064465083995,0.0368788661498936,0.0110854675865021,40204.4354270033
"648",-0.202241357537112,-0.225849601824419,-0.162694809459083,-0.032509475072072,0.0554340867311187,0.0990178362039547,0.0635285761792876,0.0128540139697387,-0.200351094708173,-0.451817304959327,-0.106592329621415,0.127322313581744,0.226200620410859,0.516288774756248,0.756697963145366,0.940438509348724,1.20519512966651,1.46314206510981,1.10874188717931,0.852572618255689,0.734101239863677,0.451375952930023,0.22860606041688,0.0557785764497656,0.211718306679644,0.163248204391666,0.141630381740859,0.126212674917866,0.102760968254021,0.0730091078880894,0.037215232902274,0.0109962823176193,40202.866307268
"649",-0.214390363052865,-0.22055288874047,-0.151282009853085,-0.0428413572065177,0.0493250978621539,0.0846418725786236,0.0621025472391815,0.010908953649105,-0.576979737338835,-0.44343243402121,-0.150690573110107,0.110124042672762,0.260559319015663,0.533391511918848,0.760629952776,0.942769947762718,1.58627474870902,1.4533382262812,1.15013330020931,0.871755273556375,0.700313453042253,0.438605572217831,0.224492165150475,0.0539230663847612,0.210489407900781,0.167846190342816,0.14484218202363,0.127303778576079,0.104035855102137,0.0717971470052297,0.0370068562669909,0.0111063742893598,40204.1835240873
"650",-0.220013807713225,-0.236128811499769,-0.190523659401861,-0.0583485168148677,0.029314344843313,0.0865639438044586,0.0637844984482926,0.0141745612520163,0.345585695939713,-0.435015966964285,-0.079893896216578,0.17125131155889,0.270236748368416,0.525917985916783,0.753965196347035,0.941017832262023,0.663102459922778,1.44917712494228,1.08959049833823,0.814920912210472,0.695934308835666,0.44568006674251,0.231111580172064,0.0547937881825737,0.213095494528267,0.160640015005209,0.147724725111952,0.130052427952818,0.104210601868194,0.0734266972410958,0.0373648458156379,0.0109091359156933,40202.2718386734
"651",-0.182914915299676,-0.205156598878843,-0.141834871207082,-0.0769899744774493,0.0198316926893588,0.102110551241176,0.0640056026496428,0.0140609266845286,0.945223159341093,-0.381385907646273,-0.077199421906436,0.155121111834959,0.300154655394577,0.514445364091382,0.758111050414137,0.939404589785401,0.0545827410978677,1.386948651278,1.0735987690693,0.83608745163316,0.668923589790194,0.453279269193254,0.22639967145351,0.0566879629264581,0.213275332174397,0.161298882270115,0.148299850089636,0.127255495008195,0.104122128630501,0.0713512171097156,0.0377926075266817,0.0108871294148316,40198.3111359864
"652",-0.251621941963543,-0.224769276140084,-0.189568400368478,-0.0392145676250323,0.0318995864025166,0.0843831896726295,0.059312616225504,0.0135434353455889,0.975091203777254,-0.459068300279777,-0.0812323709106338,0.0900438827262588,0.286228740878652,0.533354030636324,0.759642673161215,0.941248562865476,0.0459822803281598,1.47098711808224,1.09140611889673,0.891283617097065,0.67898204932241,0.438952264102271,0.226050316636564,0.0547038565223944,0.209750827837753,0.165042772634617,0.143696260238728,0.125778296541391,0.103670258032259,0.0726230604935935,0.0368723301175514,0.0111084164660654,40203.9461739182
"653",-0.225381357503712,-0.226211247054393,-0.158172272856094,-0.0504473660066185,0.0359128686445488,0.0825867816401096,0.0657369680442289,0.0122766930562026,-0.318706023938039,-0.414770996630719,-0.0741426719491522,0.104494223141166,0.326293913082212,0.547677666368083,0.75404926330962,0.940455502510917,1.3310574593384,1.42687706251383,1.07457811949568,0.880908998154074,0.636943404181335,0.42441230142546,0.230359601810078,0.0560473792693664,0.209336612981452,0.161195824898426,0.144045696903244,0.125062478371116,0.103526586082382,0.0729040425700401,0.0372403292114371,0.0106032060378397,40198.5396860307
"654",-0.260459182290112,-0.245230744127954,-0.160481173520379,-0.0339775413027873,0.0161602274994054,0.0863552880663166,0.0506576490683542,0.0128401931509851,1.12279761151522,-0.372980432266361,-0.0862146708189138,0.118263715618989,0.262247839669071,0.536108780184035,0.760264983119096,0.940916745580402,-0.100804633289968,1.39020354759305,1.0880371823596,0.862108224365935,0.709464067510498,0.434492348420806,0.228408665897578,0.0554470788944702,0.211333655088221,0.162644807527798,0.140288676340841,0.126355052922636,0.105278271654476,0.0741393504346651,0.0377301568926404,0.0108956360084793,40197.0476183288
"655",-0.2036153200799,-0.241570664620246,-0.150083100576399,-0.0539947726173898,0.0480215013517159,0.0931774598556135,0.0619430477813282,0.0148575197739336,-0.504286341726705,-0.312579547657155,-0.0706634291558867,0.134682737343876,0.275097021410016,0.532736058458287,0.760361330357283,0.940485198973759,1.50833841654313,1.32793716660626,1.0689364594342,0.850601075529039,0.685153241832323,0.436383389751108,0.224619768492479,0.055144827143475,0.209996176572722,0.159744998223996,0.145126744894464,0.120998636018177,0.106197682650204,0.0731220119641978,0.0368920562215717,0.0109809291109253,40202.4689481036
"656",-0.264383839072359,-0.212279193853882,-0.136882865695666,-0.0330016298760097,0.0422362274467632,0.11273848187081,0.0572020291231853,0.0136420457614397,0.640746044725994,-0.40338484909858,-0.12652627728187,0.172572962066239,0.276905096823723,0.503630984871099,0.764515120617538,0.93957113439471,0.382274273246957,1.41069460384133,1.12154135987138,0.806511719054416,0.68586864127515,0.461678398171826,0.222004352461417,0.0565636297591932,0.210064756923737,0.162622159469712,0.145169309350664,0.126522899983088,0.10126714231079,0.0736166700392971,0.0382606764274314,0.0110610495530077,40202.0623816069
"657",-0.17670869006039,-0.251023781435488,-0.131570077251815,-0.0214691467048211,0.0269300973552005,0.0768849876352552,0.0589666226134574,0.0148024595630391,1.10041080248661,-0.399917638563014,-0.0444548621771702,0.157756937421751,0.278656205398239,0.526053167023373,0.761252324769082,0.940527480334939,-0.102208679304857,1.4196309502945,1.03676318505,0.81718399819864,0.688781928327595,0.449511020835222,0.225348078540555,0.0551648011283964,0.213957380329638,0.162634962569156,0.145944822543918,0.125440256461236,0.10469613605663,0.0733612682425332,0.03923791678757,0.0114857104907784,40186.2769715375
"658",-0.249504273214802,-0.217683982434149,-0.179590078415528,-0.0642898887044755,0.0547398918444922,0.0873135580733506,0.0602809892441483,0.0141178644032973,-0.84168561353811,-0.331785197697905,-0.0555267173737245,0.159759532013091,0.244436552658716,0.527283754718999,0.762184475292386,0.941585343831298,1.8599458911292,1.34086335022358,1.06169717945762,0.827803424269096,0.715305900105395,0.444714245505327,0.223425870094312,0.0542405192120735,0.206538571725144,0.163533047809562,0.142422034212437,0.127778889821322,0.104968989967908,0.0732542832908685,0.0375205465435293,0.0109537423700725,40203.2607052283
"659",-0.20831642434241,-0.189214451710709,-0.116770179834,-0.0215219150015155,0.0382038133389913,0.0948598029505744,0.0684702266556073,0.0126083855260061,1.63268856921011,-0.394920769852098,-0.238073871876903,0.103717908750831,0.268381182300684,0.534782115517103,0.755023748981115,0.940621039178712,-0.625139455468875,1.39648308817265,1.22916835026005,0.872154326266755,0.696103577164801,0.433557071797039,0.228448194285978,0.0557682002290427,0.210690617163335,0.16034023046757,0.147275016109242,0.122543779654964,0.103947822436352,0.0753475492734407,0.0378948813964992,0.0107815300552857,40194.1877884263
"660",-0.195695923312253,-0.224870376880577,-0.170413725342388,-0.0601612361906019,0.0318606241297293,0.0768328794875925,0.0526683017279983,0.0111720263403415,-0.126019972628238,-0.303756984239564,-0.0462571577702847,0.193520961169509,0.288475485381319,0.546675137903137,0.761755413193522,0.941957004399509,1.12848814994881,1.31690281459693,1.05104541986589,0.79296974515901,0.676693077683424,0.427083208793074,0.226143818390569,0.0547424541596957,0.209686988234239,0.1652993063588,0.144308532246418,0.125057031117143,0.104221021903998,0.0745567842314764,0.0373229604463308,0.0109623674898434,40201.8776723246
"661",-0.203876302237996,-0.219221758264727,-0.129765385099846,-0.0207219346066806,0.0382504809164712,0.113931555386312,0.0599619722568605,0.0141644833511064,-1.15332238489124,-0.385729710724189,-0.180013754072943,0.126875294721431,0.277567339952596,0.499726885439967,0.758824473963145,0.94121480476284,2.15852855120765,1.39431753877312,1.1731039541088,0.84900541788667,0.685126223534944,0.464520756271727,0.227336940097237,0.0546673975534613,0.215483681241615,0.163698163714272,0.145942119919698,0.124880846695324,0.101070619616461,0.0723447698041374,0.0367751317658649,0.0109871235883892,40197.8903700192
"662",-0.17620776774343,-0.26610990982461,-0.216087876338193,-0.0287286818223434,0.0217985197061765,0.0934545867453326,0.050771047995274,0.0138234278406024,0.480273342900682,-0.260641972847759,-0.100153872360557,0.134768160297544,0.303373432878971,0.534189303861207,0.762772287297533,0.941510125828286,0.517256553554339,1.28362335524108,1.11775766638592,0.843940434804324,0.66431884360002,0.435143228207893,0.225784670205296,0.0544400246635603,0.213986705483748,0.166815260666356,0.147323023890561,0.122903142979851,0.103693131438346,0.0738041288997263,0.0375319619629615,0.0108867682428437,40195.666306743
"663",-0.197421687989595,-0.20683429778935,-0.121657967737004,-0.0634467380721893,0.0378555607568554,0.0958215305638335,0.055604072092381,0.0128959495984346,0.651541240795375,-0.429593060482456,-0.106418940787674,0.167669329848118,0.30930737974137,0.521593652861878,0.766968952376905,0.943046265121438,0.352967858858805,1.43650877399492,1.09633177251612,0.820058357787746,0.653443374506238,0.44751269786775,0.219385803910194,0.0531583718329433,0.209646584868646,0.167716387788898,0.144168184820519,0.126071828929751,0.102097464245977,0.0734305328550657,0.0374915763657263,0.0109702960695095,40201.536035952
"664",-0.223240315162674,-0.214109099060323,-0.17252999949388,-0.0517538305732346,0.031144953485853,0.10116339386841,0.0653619755200411,0.0131829920023414,1.45766185018712,-0.407644741331489,-0.0463976387341705,0.142745096609417,0.274573921045137,0.500951297285444,0.752682286766744,0.943741102535482,-0.447473394115369,1.41692495481394,1.05353220298592,0.842299481641821,0.690609578739574,0.468816555411949,0.231955845202754,0.0523395890928061,0.21199911024623,0.161440170092002,0.146953103104439,0.125968921731862,0.102522688163654,0.0735081642639755,0.0383952271315548,0.0108142681027833,40193.0365525523
"665",-0.20080563342063,-0.253601893649171,-0.168271756655133,-0.0146772393813548,0.0374229376438684,0.0724313626934894,0.0707516695598116,0.0138345491167173,-0.768856347976711,-0.409478487374899,-0.135162540635245,0.0714233570167671,0.304240028359561,0.550289596427157,0.752780863713903,0.941691493608177,1.77390074386015,1.42902344303404,1.13848233894568,0.903347211102562,0.659033349088932,0.423915660662461,0.229329925022584,0.0541909841481498,0.212621013590901,0.166458597356942,0.145029825749391,0.125122934868775,0.104794478185507,0.0710101669571956,0.037415009414754,0.0109047702391812,40191.5708691445
"666",-0.211361304678588,-0.22562914255132,-0.154180803815532,-0.0634661585918641,0.00867599150001682,0.101179120937016,0.0608618321565824,0.0126428356213794,0.71020412813401,-0.360157664184679,-0.0424712725124462,0.126287215895429,0.28035267986053,0.517647875822673,0.761188062249344,0.94238423143703,0.298571277039029,1.37128936399229,1.04168242700927,0.863482842882306,0.692007744033273,0.44965336734609,0.223519535195424,0.0539569588255683,0.208545323025558,0.166916083590874,0.140844733535731,0.127079401275547,0.103242476312543,0.0742881812740244,0.0370103682835656,0.0109404032131586,40197.10907581
"667",-0.282190106184035,-0.21284273211973,-0.170435066437171,-0.0359530468123183,0.0606465890642558,0.098727839640454,0.0563822397592601,0.0136492186981504,0.917901490553418,-0.331028117826299,-0.15675402115644,0.132109921217088,0.266301197187017,0.523380255787875,0.76171931977752,0.94130034193035,0.109730708696666,1.33849842244435,1.16257474875397,0.847210877906006,0.691710448216017,0.444551280607772,0.225036267484675,0.0546502686187335,0.209552510131859,0.158338406069715,0.146234832752305,0.127359053562663,0.105249403894352,0.0744334659551181,0.0378778032473812,0.0109827919120519,40200.2481592527
"668",-0.204044236977269,-0.207432321412536,-0.148419701337002,-0.0301951209909416,0.0400656683958771,0.0876316578406357,0.0629360833959685,0.0150392580736756,0.510905437371618,-0.24762776682537,-0.0775457081188054,0.127169248325441,0.259126473288882,0.529639325093363,0.762345867489465,0.940149195395519,0.493484843029577,1.25436060159565,1.07617009235981,0.852432897489785,0.705848787151867,0.441213942422161,0.222477794712249,0.0554962838944328,0.206296644339515,0.164120240907329,0.142954569547551,0.12575299761445,0.103144637775404,0.074380736448248,0.0378294021752419,0.0113339700328049,40200.1435552819
"669",-0.252341302297598,-0.213962988797406,-0.159208941708438,-0.0431828381754613,0.0336764463325905,0.0893664777094871,0.0630787052527025,0.0121677559599201,1.5565660164067,-0.333573370579756,-0.00095358147435421,0.127857549669104,0.249482342035418,0.534581385113065,0.76221124609415,0.942733491518675,-0.539628897432422,1.34328770806527,1.00085175750667,0.852914347243004,0.716141675434503,0.435337744493305,0.222521941118585,0.0537947897710064,0.214060239197665,0.164747315782228,0.149831796772338,0.127046996065395,0.100146288329877,0.0734937800771377,0.0370220833457298,0.0110741124922048,40191.8687144235
"670",-0.192496073743257,-0.222130471763692,-0.163111568629116,-0.0257932370823373,0.035917015416397,0.101197976604167,0.0587445712009787,0.0138035228604186,0.22662229829809,-0.366175290175492,-0.0925376997294242,0.130323187763719,0.278380978240777,0.519992452509709,0.765549177951276,0.941674040095242,0.774640574118892,1.37615727713794,1.09472077355731,0.847461414137043,0.686645204747796,0.448052597769969,0.220231699649901,0.0543640938774697,0.208469770926193,0.162452059622846,0.145100455739838,0.125587986707681,0.104005525154983,0.0738420579952717,0.0377016400830441,0.0108753236029592,40208.5535825425
"671",-0.226057444602394,-0.228679890256413,-0.186846867702172,-0.024642418663559,0.0224668359584013,0.0761785441773266,0.056713534282983,0.0139150603326615,0.20704221518754,-0.348091255493915,-0.0777442753992919,0.0703646978481516,0.278687311096315,0.545863398852725,0.766392434789801,0.940731553219459,0.804757657418076,1.35968826250819,1.08564278249176,0.907233140087768,0.688478064227061,0.427512928819052,0.219761647199312,0.0550521743980235,0.210601276975188,0.163216303773294,0.145162446603902,0.122594954974549,0.10410884240311,0.0725979542780839,0.0368343152248875,0.0110096046672818,40197.5337619712
"672",-0.229759944202762,-0.253727117884419,-0.138464814581281,-0.0416330385912149,0.0460150485714759,0.111671754872202,0.0574819893294107,0.0132736088787172,0.583635145566627,-0.415550382620928,-0.0796700344111479,0.135710971598277,0.292439018179554,0.518792914970828,0.763899203354014,0.940767994719334,0.428212449294591,1.43753081202622,1.07570403764695,0.846333503727701,0.668836971894564,0.446036039178731,0.222441264122604,0.0555121570201801,0.213897123103362,0.162522224683323,0.147116729415072,0.125682336718009,0.103604342131236,0.0710161845800903,0.0376782830815725,0.0110242812214834,40198.9031013665
"673",-0.228584123514566,-0.235216770133237,-0.161029177818826,-0.0588414517886472,0.0242111436254676,0.102168827662241,0.0614678021691002,0.0138466808860021,-0.701077859512918,-0.271672513285128,-0.0782565857309043,0.10735539224289,0.30193272274834,0.505937399864363,0.755000690408685,0.942237297378029,1.71327490359687,1.28596765690585,1.07905571981312,0.879325614401814,0.664889561929064,0.461823196378935,0.230486868437552,0.0536024023290989,0.208607760817489,0.164357300120882,0.148945888422869,0.12523924615739,0.103354253263312,0.0713991717453577,0.0367297993793888,0.0109931139196849,40199.2718088535
"674",-0.222654847579614,-0.185849813221335,-0.16243715644117,-0.0558798361536038,0.0432796157931366,0.0911677051008999,0.0590884217785988,0.0137914433066096,0.0359852109978497,-0.378005810363988,-0.113787050662833,0.158317263811281,0.252424168416626,0.527185237505986,0.759298180313745,0.941458213163045,0.975621476480898,1.37836196023699,1.11461334369817,0.826348638005377,0.710529211027182,0.442781954512203,0.227040964760949,0.0545337181213056,0.217789102206476,0.164592858357724,0.144809782950208,0.123740451245713,0.10457594394788,0.072002888273634,0.0366779984054918,0.0106914636838751,40200.5903507957
"675",-0.22209142787946,-0.214304056749394,-0.156575171197362,-0.0250516648748718,0.0051795873090413,0.0879513314947479,0.0541646126301279,0.0141072849892656,0.141021544366699,-0.414930107493933,-0.123370992374995,0.147434066057836,0.309730811333629,0.529767605677418,0.762812677641855,0.940923635457517,0.869407956161905,1.42356096642923,1.12229907204178,0.830227772919409,0.663481041687885,0.441427097790826,0.224865212359889,0.0549138535544691,0.212415292807342,0.165127485184756,0.14600449124309,0.126708076683666,0.104039977773353,0.0711388658873294,0.0370912944368348,0.0113660692167017,40198.7483267646
"676",-0.243429409234234,-0.234790119617587,-0.143035947671621,-0.0395135086832334,0.0532920759787705,0.0976311590525272,0.0651573735097976,0.0110477326263068,-0.0239432774906314,-0.440364517530795,-0.124039995921746,0.162975650647644,0.267386801268409,0.519178902916252,0.759216890487949,0.940603135258931,1.04040587727004,1.4546246433812,1.12174273703415,0.817549168462191,0.691705893577547,0.448832570533474,0.22521516529243,0.0562739816141656,0.210902255459628,0.165408286079633,0.146745924343865,0.126335148699913,0.108755334647278,0.0735681850309655,0.0373121678680163,0.0107449001576951,40197.0210265441
"677",-0.178749557182801,-0.249551139158104,-0.139949825340198,-0.0548722670658693,0.0312068947782404,0.0877947129268428,0.065271905554668,0.0115788199157059,1.32899223862894,-0.355220184936229,-0.109055955137752,0.121192967846362,0.295406518212335,0.544107195955447,0.762545581559608,0.941557404363167,-0.330677763800828,1.37283105689329,1.10436369248865,0.864726085620283,0.670570435103769,0.426086887617763,0.221327448996985,0.0550487636744528,0.211241312334123,0.163245845066081,0.141313611858138,0.124218887966634,0.105536321501513,0.0735342434236819,0.0382030922517314,0.0111860120111429,40200.7890720383
"678",-0.223584838220306,-0.235694113022288,-0.161916983447594,-0.0569986404113665,0.0397109691122804,0.112367327868055,0.071303033842705,0.0127688559004872,1.03642461329219,-0.443327964635197,-0.0978070031162967,0.159059034885179,0.258572915162215,0.494786661580762,0.757285353568982,0.941572841780906,-0.0272659058182577,1.45820697584846,1.09877366631965,0.8292334216992,0.705721899922472,0.471256639987087,0.224906184691604,0.0545839671818166,0.21031720478102,0.165990048833976,0.145252050909108,0.129124507080469,0.101571827878559,0.0712754206807952,0.0383710527029928,0.010813299406631,40190.0699005646
"679",-0.203506378549132,-0.243134550590018,-0.129141271549175,-0.0369227056938372,0.0447780959020988,0.110493782970328,0.0613783159785274,0.0126762945534864,0.929315620570056,-0.419616716124795,-0.125230663073815,0.131540130266056,0.269926176071641,0.513742815443209,0.761933111559608,0.942249743706033,0.0768904084633438,1.43558284977503,1.1169606614841,0.850033709569436,0.690993869411981,0.45131269269602,0.223328789917117,0.0540758078547683,0.213615499705685,0.163992280029939,0.142438380054725,0.125527874149784,0.101620956840812,0.0738037007336298,0.0368587399113167,0.0108092823408542,40203.6275399255
"680",-0.236312911840326,-0.220547681353406,-0.147212163737019,-0.0556511994161092,0.0272815482765526,0.0879200106343975,0.0524995892035951,0.0126519890876296,-0.666105034857116,-0.358809987777932,-0.0755057936377684,0.180257802331126,0.250003946518125,0.53382425897753,0.757738763415086,0.940420769260947,1.67952033638815,1.36818025015697,1.07292325631786,0.805517798781767,0.718815773112274,0.437930509740405,0.230652966818372,0.0558322070593205,0.211879456311119,0.159465153637774,0.144731206786662,0.124253854892772,0.104339909833064,0.0747584262604685,0.0372983290901037,0.0111050301266525,40195.9190212302
"681",-0.197155718582932,-0.215903142536856,-0.157002720678707,-0.0322347737933633,0.0405694127758836,0.107680604785749,0.0598618893311271,0.0155518569931021,-1.34340390067677,-0.37550611031411,-0.118689295816078,0.117017725713367,0.290634913864929,0.518874047891858,0.761008432752196,0.940584291813161,2.34756468251405,1.38392727045388,1.11930094404725,0.862442764924186,0.67226946448297,0.44676330326049,0.224821123795775,0.0548325724270071,0.210944801892839,0.162658144658067,0.144325774883374,0.123462657747922,0.103099546781124,0.0733957830702822,0.0377529469901447,0.011003674761244,40205.8478106013
"682",-0.205575178852341,-0.212636030420446,-0.141745522062138,-0.0160673639795379,0.0307049786524791,0.0915905047049277,0.0593784880715212,0.0128259878826296,0.453890789923114,-0.510190712410773,-0.152602159768551,0.113278167377623,0.264801841665109,0.51797292018524,0.754898051776385,0.941716346214945,0.551234438098169,1.51626399659517,1.14908305662317,0.861818106936023,0.701958338777309,0.452222787266805,0.231417871348183,0.0545050504734746,0.213434294606966,0.161031293858703,0.147019258553664,0.123137726608295,0.102709401773937,0.0743569961824929,0.0382777006070506,0.01098167284314,40200.3746936335
"683",-0.247022234978088,-0.214252482237161,-0.1519218595564,-0.0310341855332375,0.0396811095364874,0.0962811754339154,0.0580960781692902,0.0138239005315926,0.926802790523066,-0.440059090451342,-0.124408234748473,0.11780933155038,0.314588905633532,0.531234703538065,0.758776630242678,0.942098037856177,0.0899323217726295,1.44877969007128,1.12462346575908,0.86002664009909,0.647645507379711,0.437773130091511,0.227601790985074,0.0537251113972354,0.206531381927455,0.162720683931543,0.143461594110646,0.127007487768353,0.103957409250787,0.0739291115023408,0.0371118968216702,0.011356085391192,40200.2657646103
"684",-0.223415124895665,-0.218913684559974,-0.138364568523348,-0.0678302247123951,0.0223866363687813,0.100853137957264,0.0555584751512308,0.0123489676645575,1.34538408669508,-0.39184890513051,-0.0710048236242933,0.140833439137742,0.29229619413817,0.505623634270827,0.765547612671001,0.941560290979745,-0.333099448181902,1.40217632507685,1.06800098270858,0.847475296999493,0.677031710144587,0.463437828931814,0.220993481509762,0.054795021014671,0.20948345418736,0.166584635580272,0.142465359751387,0.125891476468775,0.104303184050768,0.0734997677145953,0.0379391741390785,0.0110389443303464,40198.0868044494
"685",-0.211343554292189,-0.187949733160736,-0.159162914317582,-0.0405549719107815,0.0390163162838673,0.0943069742454732,0.0569602182563537,0.0143569235473493,1.62871424552208,-0.427195458447206,-0.136981529813071,0.0987066962343071,0.253840601609884,0.534953891921553,0.758350788764624,0.940149159158592,-0.623939317096574,1.42811225174909,1.13968516791364,0.882520795979862,0.710382948992338,0.434163353920662,0.228337961684058,0.0557047707708904,0.208906846770379,0.164144119768985,0.146460595187504,0.125157529636342,0.102195588930999,0.0727891041654257,0.0377559103045947,0.0108438012049143,40200.8648812515
"686",-0.272498734245039,-0.229860551566092,-0.134614368489571,-0.010722399953538,0.0598889047283009,0.0864858473645221,0.0593423841404693,0.0103799680745521,-0.626939474605975,-0.357648547343227,-0.146618490248198,0.0981527039092377,0.289558287964079,0.534368083209322,0.762200022252742,0.942529968636378,1.65132177320213,1.37071064151762,1.14053971831735,0.87516330287926,0.668012531229444,0.437116590426288,0.223538837448293,0.0544327821244746,0.210873919189988,0.158328413760806,0.144648820276072,0.122448890686168,0.103060973213271,0.0730706490536032,0.0369880170785292,0.010995633974789,40198.6966394485
"687",-0.196592615008073,-0.228088019823905,-0.144791853588421,-0.00946757597877201,0.0360860782946759,0.0993711576400382,0.0697293526241622,0.0135148165286465,0.953451416272929,-0.426275057380136,-0.105713754899012,0.0716831644760175,0.266109005387774,0.521994426134328,0.757359490963655,0.942010757675377,0.0509458280760874,1.4392785648207,1.10273469469674,0.901820714724743,0.698647996804824,0.445925215737688,0.225346837299128,0.0539532130059003,0.213646137491714,0.163546535737211,0.142324327429962,0.12266476404873,0.101299183253676,0.0760506860608395,0.0371944789726322,0.0110800413395468,40201.1102609844
"688",-0.216390342374144,-0.22998761062771,-0.154465191099589,-0.0439064035950435,0.0363987360298574,0.0748633215258673,0.0669204871466595,0.0125972357179153,0.0899172001343646,-0.31110483266555,-0.136571648497421,0.0812515852347666,0.276971980713188,0.538649987355942,0.754643595529582,0.941421642807123,0.918460040421096,1.32380202728315,1.13696306001702,0.902204698780564,0.686999436811925,0.436451271172374,0.229283958182136,0.0549511062175008,0.211901582753332,0.165591436903139,0.145062101832881,0.124823471841174,0.100833554391675,0.0735600269712703,0.0362993466248572,0.0108228176709071,40202.9963229807
"689",-0.187732133121945,-0.19289109873196,-0.149005433333843,-0.0126719098236525,0.0685629436869646,0.0890339484123052,0.0568975830121421,0.0138194890717818,-0.280112950057076,-0.359490356735729,-0.122216262598381,0.090195849821614,0.232828334533692,0.538905476568439,0.766028999817394,0.941455058351263,1.28162902702056,1.36161708823717,1.12149300051792,0.883914976829461,0.722396823934386,0.430632554916925,0.220531592717441,0.0542929395674255,0.213232096633824,0.161666248535803,0.143392795447525,0.124336479018042,0.104003552604855,0.0736159933449649,0.0367127676764667,0.0110237804274938,40198.3925045563
"690",-0.22093350228325,-0.220809932995363,-0.153893522268307,-0.0217623404197179,0.0330874674600835,0.0763159918546906,0.0615685625631481,0.0143111725194915,1.08676839500977,-0.442814535554504,-0.00879134646178997,0.139796952769927,0.257247362948465,0.539797671934243,0.758040134778666,0.941786534920282,-0.0750203080996417,1.45310208134499,1.00887964400373,0.836589955638875,0.708707131141185,0.434760775938862,0.227637488855904,0.0539322826435413,0.210598115576756,0.165298849548059,0.145758603007069,0.127398019922861,0.104317595688265,0.0753789868820117,0.0375240741341172,0.011116566566485,40202.4543609904
"691",-0.246648797014052,-0.221601918803411,-0.148289656360326,0.0109530158653668,0.0477971410516985,0.093171614062342,0.0543092640348726,0.0138347449160247,1.56439952065666,-0.391953272811483,-0.0826396558074672,0.0818961245171022,0.268851095245758,0.537348802805709,0.768346360639145,0.94207955807779,-0.547844802847841,1.4021776818262,1.08070656170554,0.885545532189242,0.693138969510677,0.431483248139769,0.218537897171271,0.0538434961305521,0.212800373587708,0.16374513323482,0.141780035992442,0.126591270147772,0.105078076968217,0.0753800262271104,0.0382663286301913,0.0109523857257474,40199.0890770748
"692",-0.242378655920185,-0.237119186621091,-0.181851204084558,-0.0190719642823252,0.0151204060578672,0.0874172901960082,0.0556260020059321,0.0131614310087967,1.10512256240127,-0.38649627953078,-0.0556210523953998,0.109245289735688,0.271519547445965,0.531068359354833,0.763752322350187,0.941806968121135,-0.0865780779368935,1.40178348062739,1.06319785569034,0.866310541083666,0.69908459382186,0.440003989480521,0.222844834770939,0.0542603029439721,0.207559200280795,0.163857518080818,0.144257890132755,0.12619588899924,0.103696034598032,0.0724886572053064,0.0368058725848333,0.0113053130164641,40202.5018777021
"693",-0.222557309347594,-0.210561023126668,-0.138403396979898,-0.0303292174335143,0.0683335134732894,0.0883205967059563,0.0533068107262459,0.0138296475618854,0.518765693216782,-0.36919253538255,-0.101591209941125,0.0927414193440143,0.290094034241956,0.541219480049954,0.761944858063367,0.940402922166573,0.492955009632731,1.37573609177908,1.09714827791419,0.886474765674692,0.665035524267288,0.429108162809127,0.225516021157027,0.0554612116974437,0.214059744910859,0.16407299214656,0.142436393275323,0.123738456113242,0.104635548994708,0.0752502405157477,0.0373386292350938,0.0109957212844236,40199.970876813
"694",-0.211061585687805,-0.244847445541704,-0.139608402580044,-0.044149854945491,0.0264949183400583,0.102517034981812,0.0641453900401338,0.0136241442718787,0.572040527273276,-0.308653059807876,-0.188306635249307,0.134058317102321,0.277897310654319,0.526492143804883,0.759230537223022,0.941907226491725,0.435137438005165,1.32599909215744,1.18490333765842,0.849461485397709,0.688912894679502,0.440574412273983,0.224720080873477,0.054148241113224,0.210895850699577,0.166197728007334,0.1418937485379,0.123086539818452,0.102770956512911,0.0731739272213293,0.0365111476415019,0.0108565359251219,40202.3208555789
"695",-0.186489088548722,-0.257543624771278,-0.14993364776389,-0.0355517946210582,0.0304344901553911,0.101081421402262,0.0573703838735423,0.0119152269681629,1.48804952967859,-0.281428663700817,-0.0889012658622587,0.101571360855048,0.262031605060426,0.512856508702188,0.763224976864501,0.942622343580689,-0.487642181870373,1.30327067701345,1.08689493652102,0.879155186069679,0.704106162532022,0.455572928980649,0.222969428779478,0.0538448616815887,0.207331553686598,0.164490082062914,0.146443155146186,0.126096011689612,0.10282586905893,0.0713221267844279,0.0384897847994696,0.0110444522797806,40201.8592023204
"696",-0.210326656113791,-0.222879738333678,-0.155233743505668,-0.0445000101734783,0.0544459676171823,0.0972787429432484,0.0583328767801621,0.0115558296381851,0.507471031291119,-0.313355304651755,-0.0407920767146232,0.0712324242924105,0.236438333627265,0.509104903231163,0.763741625524727,0.942849904954332,0.499718202974223,1.32493541678022,1.04112405225631,0.912698313837398,0.723495996124561,0.460689717040898,0.222048320961486,0.0537361988655257,0.207878250935055,0.165109114089752,0.149602755827186,0.125065212959099,0.103902305468213,0.0736318179185568,0.0370590018997592,0.0111806840472773,40201.605305229
"697",-0.253663243366474,-0.233441580479881,-0.151463763232975,-0.0329596285598005,0.0292303228197425,0.0932904451642045,0.0653935203578378,0.0123167222363791,0.386032412753608,-0.384066699276144,-0.121028987380267,0.156059530483494,0.292692261055889,0.525564508181087,0.759467402297749,0.94276079005533,0.634166452967401,1.39639403861245,1.11985599946404,0.823270575176675,0.674062850587957,0.444298259734827,0.224899252155935,0.0534951278488995,0.216004002523563,0.163801699780379,0.142801187954135,0.127351198447449,0.103702398087117,0.0714025599366454,0.0360688423319051,0.0109377171373817,40201.6911007757
"698",-0.251715689657301,-0.233496297851015,-0.157400499237374,-0.0427085823806979,0.0372727487838057,0.084347032555858,0.0523340052171579,0.0130713974843476,0.657359917881763,-0.41536432662848,-0.0596940591948449,0.117976027708104,0.231488376922032,0.536676987946529,0.760541549624512,0.940319948086818,0.362924174318411,1.42819022804409,1.05994974264499,0.863393150253041,0.733458724714969,0.43453902777465,0.226929241760494,0.0558496991494922,0.213119197765937,0.166406579743893,0.144029459076479,0.124183635438457,0.102240150590238,0.0731764749297287,0.0367450674031956,0.0109947875772953,40196.6547696638
"699",-0.19809061081486,-0.247658115999111,-0.146742923106546,-0.0288492010289166,0.0359356941708128,0.0937593694179009,0.0593037423839753,0.0111099280101238,-0.0362163387292118,-0.274719484784177,-0.0583897479318243,0.13226894842093,0.297978021875334,0.541337687887036,0.768380479959865,0.944573283946469,1.04006102573706,1.29153189253244,1.05620833749759,0.846108368070022,0.664955786072334,0.427621916975804,0.217087257477197,0.0520174436529762,0.210861371321325,0.164491671746345,0.143436130367118,0.125461347833202,0.1037608688439,0.0740486204826757,0.0369004955537381,0.0110801462302059,40200.0745006005
"700",-0.208156979317216,-0.173822957827648,-0.136247050011539,-0.0595580379839089,0.0267732837149386,0.0926616413399266,0.0597630859823155,0.0124352749680034,0.73520801151724,-0.38320093375403,-0.0895926416836607,0.157827189310944,0.293362362663429,0.532625282826506,0.753539373239321,0.943460327991299,0.271217197956158,1.37950212956421,1.08496412120846,0.828472729007142,0.673808114596729,0.437693432338877,0.232779510483566,0.0528732626110736,0.209472953048724,0.159080064103878,0.146029535354639,0.126645408802459,0.104311190687314,0.0716335247540031,0.0377788301955441,0.0109584875625145,40197.9168426176
"701",-0.229515865250049,-0.248534916419314,-0.134367106529401,-0.039708237096696,0.04267315210543,0.0900917503713624,0.061898623187451,0.0121032826399298,0.0659097324784226,-0.36482910371002,-0.0844514346657168,0.151880720628787,0.285364606768616,0.54809422222886,0.752848669653586,0.940630132113631,0.945461261522163,1.38150073856629,1.07948507441907,0.829142113049815,0.676741603847421,0.421469091515531,0.232725186817798,0.0557377265746055,0.209115101568538,0.164042480711443,0.146083089959834,0.127281417947724,0.103607671336444,0.0733336108676416,0.0366737530024628,0.011000530818107,40201.591894775
"702",-0.191479458042838,-0.174259063608266,-0.146619360673579,-0.0210053629189713,0.0273195536804057,0.089308060302124,0.0699988632510145,0.0138683129040449,0.15038434058054,-0.410202975151755,-0.0956087770851808,0.0823441194039968,0.271192023909051,0.540327113700075,0.754492564756166,0.94352726480069,0.853536308016704,1.40732655335798,1.09141268410973,0.894395945470488,0.696271180774354,0.430530718932049,0.228873632486468,0.052428924029216,0.213860042404468,0.161364902639077,0.14639293134905,0.122602598201998,0.102167214601975,0.0737498620145668,0.0368925659494855,0.0108665592959741,40190.3753715419
"703",-0.220818425287513,-0.197140943548602,-0.128051192169892,-0.0514512423681177,0.0377628065283458,0.0966633974126296,0.0646447118818918,0.0148065876462793,-1.21684772150811,-0.413157005639365,-0.100558845849119,0.130901174437401,0.239050673582436,0.528901214240432,0.751919572120913,0.940182953404933,2.22742421747407,1.41785763103952,1.09317617794969,0.854628594026089,0.725991430834377,0.439240960245656,0.233066602251069,0.0554973378967312,0.208445052661856,0.162384643660299,0.144453358891546,0.125899409766946,0.103031735077895,0.0741067594072886,0.0372565269972088,0.0110515452543706,40201.82813699
"704",-0.242302586794222,-0.271495390277168,-0.14613151242412,-0.0473695713819715,0.07315724281607,0.0843695501403153,0.0623003113187284,0.0127320028812254,0.187961778450483,-0.295768790739003,-0.046615493500544,0.139628915107273,0.233552745988834,0.513461547807184,0.764712125405935,0.943418175597009,0.82856563539318,1.32123889073784,1.04412759719628,0.844179499333565,0.721353755812288,0.459419792356012,0.220206283738501,0.0527894175099768,0.208453873195549,0.164050072087038,0.145845830632431,0.124384090735753,0.103799997051449,0.0727363684082075,0.0371057027999544,0.0112014656086539,40198.8308546114
"705",-0.240297990122125,-0.253243214352695,-0.126288683987454,-0.0138411930494067,0.0418227282764351,0.0970949020391886,0.0594596598701299,0.0138946093288538,-0.4382883206305,-0.357933025518964,-0.111550176570836,0.157307288330499,0.261480536979628,0.537452760505732,0.760092478798231,0.940504568346317,1.45331164286115,1.37664856840662,1.10313409214444,0.816348553954415,0.701477841688855,0.430652687966199,0.225775208220914,0.0553897792633763,0.217138805959958,0.164229431871519,0.143676112982325,0.124899182100248,0.105189791553497,0.0739667352724388,0.036725671710628,0.0110505446362509,40203.9013785563
"706",-0.26053843927037,-0.203241441309844,-0.133615638802465,-0.0283529231369692,0.0550233224209796,0.110924074637853,0.0519906968966504,0.0132566225572926,2.4971010517555,-0.253542783716416,-0.105202978833311,0.103707344987776,0.276960810800804,0.497400804180785,0.766956974417611,0.940286946999565,-1.47761077273979,1.25905466496548,1.09846607911594,0.876137755913299,0.682220196244843,0.468632762135444,0.220556331910952,0.0558279066212962,0.220321316539955,0.164653629959485,0.146252576064012,0.126611891064857,0.102709549260865,0.0742389456594327,0.0370512828263394,0.0110417030283451,40190.9974336333
"707",-0.194244382126763,-0.184420164415882,-0.169006106029018,-0.0283720230592329,0.0486402457721513,0.105166676845041,0.0687669849304749,0.0129399300288733,1.25085991640811,-0.439762845217387,-0.10832455650018,0.096788213444064,0.280844805677699,0.516607776312828,0.757748753471615,0.941840205714766,-0.24685399363774,1.44005782369582,1.11242748513989,0.882368107489042,0.680432728720197,0.44945484110282,0.225299217093156,0.0542882365062409,0.209642730366172,0.168692106438839,0.144500685830613,0.12662441214693,0.101990871582241,0.0743095335583019,0.0375269545189032,0.0108400715397359,40201.6712430487
"708",-0.232601430309335,-0.20715229709573,-0.161488058668955,-0.023388179953686,0.0360722746592321,0.0927097242781538,0.0660398798104406,0.0147955686082597,1.04218710383839,-0.379896230201935,-0.128743569242041,0.174070520267546,0.26935058369529,0.538166083197276,0.757497787876925,0.941799543831705,-0.0290874341463321,1.38657119441073,1.13078657810767,0.801964437353434,0.695705700846317,0.430782918455327,0.226796613612191,0.0538638537303645,0.207530176500042,0.165718636926846,0.142606011690693,0.126130522457245,0.104484490189967,0.0736990595606187,0.0371297127375248,0.0109635385865992,40204.4170904851
"709",-0.241840969857829,-0.221202818832896,-0.161127819872699,-0.0582778548374147,0.0611313350932173,0.072409333313935,0.0635394029179384,0.0138795104945101,0.496550542869509,-0.239328671979774,-0.100043979940115,0.129145421353191,0.243492186807338,0.549753115959247,0.761039486135704,0.939844021467585,0.519794854078505,1.24934746476217,1.10165622045804,0.857691320784743,0.714482114596157,0.425192305609659,0.223531274301794,0.0561494979893442,0.210897592970637,0.165381985979887,0.145762249576899,0.126731761012238,0.104563245460613,0.0733930645475228,0.0371132418239381,0.0110265179745298,40204.8674048436
"710",-0.215244075849934,-0.240092960652042,-0.121431451364588,-0.0320914016424222,0.0395811892871853,0.0782555116852613,0.0636998621566536,0.0126323020376968,1.56015711488254,-0.389596951634161,-0.08246717560807,0.147398456364532,0.275862963346863,0.525280493596266,0.761637789127445,0.942563181564802,-0.551455719208622,1.4053510092785,1.07289720414263,0.830863569979427,0.686825905201234,0.448943446077218,0.223222574216717,0.0537280227197063,0.213364908575299,0.161589206932015,0.148247520899228,0.123259954506092,0.104266440541541,0.073960745406753,0.0367125744427295,0.0109235576929984,40201.4033372209
"711",-0.255627804074639,-0.230977713014617,-0.158362715874698,-0.0365135769892547,0.0517477364580226,0.105060537150776,0.0601578941932414,0.0124417732776988,-0.180621591141548,-0.250353690570417,-0.0959483936605322,0.141137491496154,0.284855838591042,0.515546343399755,0.761215399513977,0.941360837183642,1.20210233513828,1.26277500920576,1.09720993092368,0.838657699878218,0.674835414071742,0.451191414550266,0.224204153635644,0.0549338299064523,0.207894845118498,0.161950874619438,0.144267364692146,0.123247096050042,0.105484286060696,0.0734490855484001,0.0365795483875535,0.0111075813094957,40204.2473104227
"712",-0.162563583376558,-0.212329114522872,-0.164958062031198,-0.0257565753737811,0.0385947401566029,0.0966890530205911,0.0518095721028354,0.0122988204289506,0.590115479601014,-0.44541737713899,-0.166261294978409,0.0975763398462555,0.257414938109317,0.526610550570997,0.767067868323353,0.942917564926095,0.401723190183199,1.45227051033447,1.17008469558174,0.879771717689358,0.706048979922295,0.441943563469795,0.221044220956109,0.0533654407906034,0.206880139258067,0.163065229709557,0.146322543517601,0.12613462813877,0.104781202384766,0.0736269591522813,0.0377669405652173,0.0110314328571446,40200.0735476972
"713",-0.203364595297724,-0.214667422416269,-0.196279192903009,-0.035753409655124,0.0406522791613282,0.0867706712175135,0.0560273273512039,0.011909017527934,0.869142458410846,-0.401570019300469,-0.0480207999282929,0.116990114672547,0.249262619225586,0.531387527623088,0.769478673546304,0.940924613954159,0.137322796654416,1.41018247035569,1.05992808722305,0.863313763083563,0.714744895054526,0.439613588397375,0.216854699375848,0.0557879938237123,0.209993630963273,0.165357300402753,0.148163386117648,0.125550774355858,0.105306219751966,0.0737294473930486,0.0387151604040967,0.0110660900698246,40197.0420324993
"714",-0.255962613811518,-0.23567181661088,-0.168981620535379,-0.0497123748054643,0.0256185299967677,0.1087963774151,0.0646981539845277,0.0123996448244725,1.17383635382735,-0.24168119388156,-0.11967785165591,0.136052277426591,0.298702205872614,0.519428365594148,0.761539754607097,0.940808560541792,-0.15362917660265,1.25596174123514,1.12409156813344,0.8490585511963,0.667987539442251,0.44654034025197,0.222195059736216,0.0554928262706734,0.216471944161776,0.165180640512571,0.145196751483655,0.125816760406888,0.105441266350353,0.075514318690845,0.0364749391427089,0.0110131512040821,40198.0386115028
"715",-0.204483862936507,-0.257473134498058,-0.119196626659948,-0.0395067960739802,0.0475799831892889,0.0871836660104588,0.0581326194454858,0.0151202722131798,0.660196167877439,-0.398259858138806,-0.173320935026945,0.143524162812407,0.258548638395276,0.534175178259855,0.763809535248433,0.940060860784674,0.345351854785078,1.41886424682002,1.16515910193112,0.837970160115335,0.702220487323876,0.436974401923712,0.22222739624137,0.0555782269804412,0.214558462010603,0.160116003987589,0.145519426241858,0.122263851713728,0.102373668066162,0.072020367821235,0.036748682043587,0.0108768303547369,40200.41476368
"716",-0.200296458208137,-0.256264820318587,-0.15241886068764,-0.0210473081326807,0.0229666773242644,0.0932814922279078,0.0632850711335007,0.0138335623349376,0.683343660400964,-0.384248508609231,-0.0578249637166812,0.111977125487343,0.274814638092453,0.53268335231816,0.761679022541533,0.942583753459654,0.320076512516268,1.40520251393184,1.05753957184766,0.86343574615638,0.692435389044315,0.436871377801572,0.22286525587162,0.0533175315761708,0.214612082491537,0.164452141139657,0.147412598956499,0.124443783120726,0.103356064381897,0.0729224879549473,0.037393082065126,0.0109387580174685,40205.338954174
"717",-0.15566837491243,-0.237471884614763,-0.163019522881294,-0.0473457592198105,0.0331139347740578,0.09232089803185,0.0530475803238622,0.0122174061092343,1.84178050562548,-0.341842236633497,-0.0942772335670743,0.186407592337113,0.280014256559917,0.534091820522325,0.767262732444216,0.940367967347893,-0.849930458885853,1.35611196778818,1.09736773279435,0.796674719369478,0.684877716038426,0.435246338413219,0.220084973017028,0.0561014670849422,0.212380097458782,0.166506653778807,0.139746319928869,0.127140333441691,0.104988977242779,0.0726567435869552,0.0375929035686054,0.0109291109464677,40197.5671355421
"718",-0.200520255196505,-0.226737589285961,-0.165657551992667,-0.0184974547408333,0.0470033949236431,0.0995874632816772,0.0643975203632544,0.014742399804731,0.628150041368401,-0.243140635890312,-0.142178767802257,0.1049696857489,0.27048126685412,0.536245770102788,0.754597946484302,0.94142838660871,0.377320290586969,1.25549042446531,1.14626905517403,0.870917973812,0.690087529143068,0.430398069201116,0.230096808825194,0.0542542498423782,0.207045493010442,0.160743424537999,0.144332045535299,0.129841961555336,0.104375250054668,0.0746065322003721,0.0374036994775147,0.0106011871972154,40196.5707019085
"719",-0.205062180439743,-0.220822753654875,-0.152289017382599,-0.0474793315132901,0.044629030208165,0.076677886364339,0.0544118646170641,0.0129072288759633,1.40458525102778,-0.377074132946872,-0.153393908054262,0.0772378957386585,0.249514425437619,0.540171143335469,0.764407527058168,0.941773293948079,-0.399441412196691,1.38742221443893,1.15349630559601,0.907393637545425,0.712911012284803,0.434607788255108,0.222836692532768,0.0543737525023336,0.21254005643798,0.164117772201487,0.145313837569278,0.129631127091812,0.104953399814287,0.0734332790492846,0.0381354721994074,0.0107798403235261,40200.6376765568
"720",-0.246563382742864,-0.225987767658938,-0.160495425483948,-0.028502548391209,0.0271058848897063,0.0983684445396012,0.0512354359812714,0.0118470299085316,0.452387535641918,-0.415768995385074,-0.0486710697467114,0.139143000916555,0.286908836423024,0.523225252233057,0.765530483222962,0.941889531579992,0.565811790999767,1.42721815267622,1.05034016235075,0.840866815198373,0.679880027621308,0.444345327805428,0.22247471787605,0.0546154267463576,0.208151665359152,0.163917233551261,0.144468587380605,0.124624033368491,0.10485462033257,0.0732093389722459,0.0377745432344391,0.0108539480746592,40203.2997461675
"721",-0.211716534744809,-0.232210343036605,-0.127866659649671,-0.0560498644285781,0.0243280197569327,0.0951110345210743,0.0678354195453344,0.0140017380388774,0.786305199192895,-0.31387610022134,-0.13929722994489,0.129764255579634,0.270590317356383,0.52629816673588,0.754560355442471,0.940614910302452,0.222565556570806,1.32769173169689,1.13245310547525,0.857799772798311,0.697936682863042,0.44413658455178,0.229028786817549,0.0551163837213947,0.211006891994203,0.157315889526007,0.144547025083051,0.124000992584996,0.104699574960652,0.073699672053859,0.0375708293819296,0.0109742667469488,40196.4091936291
"722",-0.258937562350787,-0.19433878993078,-0.145551532288995,-0.0256902027828492,0.0468386072404121,0.109618778838062,0.0596031562652653,0.0147172954568718,0.539848168915828,-0.309545589045886,-0.146279132078151,0.133973135791824,0.274167941430632,0.522389865081721,0.758651799032282,0.942448305954186,0.480910348543508,1.31369692161884,1.14323344711252,0.842189047882362,0.687925079028933,0.44213797236179,0.22710453339221,0.0531590818465887,0.212342578010653,0.166086806936597,0.143919206260934,0.12622362538458,0.105788534769124,0.0752496382383698,0.038000515627352,0.0109779796761434,40199.3357650114
"723",-0.169042636694695,-0.238899623173264,-0.166111005067319,-0.0334380580423036,0.0340895118260725,0.0871291368267584,0.0589649113005408,0.0147161499205761,1.52509070156862,-0.348180288140233,-0.097008985062773,0.187440441787838,0.275763038624078,0.53292718599696,0.764360871819298,0.942070725945713,-0.529453755398061,1.3630646434402,1.09933148262766,0.791362090703783,0.690376890124735,0.438725754403207,0.221622601668423,0.0535208102892375,0.215523427891611,0.16798012165768,0.139553633291443,0.12676789046762,0.10431832408171,0.0728854208568901,0.0376343978998542,0.0108124013165584,40196.0260560055
"724",-0.20272381340841,-0.233586343909023,-0.157668656822963,-0.0400916662260695,0.0256861926682146,0.093691099248157,0.0566966516329272,0.015316158335398,0.250614829506003,-0.359562070706321,-0.00710063993287962,0.156376436012292,0.284312784427677,0.536566442971221,0.760874295276672,0.941365606298686,0.755168649659369,1.37290353164915,1.00716343386151,0.824413457958157,0.6832123972113,0.432330342210654,0.225932411922783,0.0539806374099614,0.209586522479999,0.162385405820757,0.143992512469971,0.123239175688103,0.102228193017141,0.0739869739744952,0.037124787960958,0.0108673074336774,40204.6465169996
"725",-0.209327745717047,-0.270983352063764,-0.149344968707262,-0.0519689402604092,0.0308599845260981,0.106856281794938,0.0636761737071168,0.0152064228030368,0.940060521934254,-0.354940745321936,-0.126071238658961,0.181122273981101,0.264123003088366,0.522655139676603,0.753062065782371,0.940010499451982,0.0660140305443593,1.37929478054696,1.12349400002859,0.803184333625813,0.702018561577342,0.443330910100899,0.232207811517082,0.0556148173520148,0.212125241255124,0.163898031241355,0.14695161536692,0.129749118517341,0.10168428843263,0.073433644595425,0.0374691927064851,0.0107630445205134,40199.5926609988
"726",-0.248952906042598,-0.225471519908811,-0.158707818808307,-0.0168905161466993,0.0161102797917366,0.110992271947089,0.0632297132887543,0.0112178263008656,0.745813575461453,-0.323445106839321,-0.0500251622169654,0.0933898274383515,0.294611233023333,0.516096571599528,0.762125056826203,0.940704807130135,0.27184317453768,1.33443821803254,1.05109110645481,0.881616787023536,0.675472959611066,0.448487431175917,0.222251410545754,0.055927640043386,0.213591679522141,0.166426029232162,0.145979048471111,0.124155927976739,0.101940330664993,0.0745930168108822,0.0376406206299394,0.0112236430566688,40199.3132970331
"727",-0.212657210204492,-0.253436120847504,-0.141122513540164,-0.0213829335926811,0.0160045112526904,0.0969420210676026,0.0551368643800239,0.0123424099012794,1.10364868182561,-0.291437569120124,-0.0810458735239705,0.112983462124051,0.320112829186426,0.530865698346154,0.767450252891245,0.940605484372108,-0.0977740075257602,1.31091599170223,1.07673023058341,0.863477680737633,0.648412919383414,0.437688269891761,0.21949293648982,0.0558286084011906,0.207954321539353,0.161276693050677,0.146948548173162,0.126481764716852,0.104588178744508,0.0735635396079737,0.0370322292828352,0.0110539849860366,40201.4101723782
"728",-0.274166077071427,-0.220376456569465,-0.119488352752157,-0.0407582491324005,0.0429390426900013,0.0901768980789887,0.0654502632525855,0.0133869813326894,0.970445822445065,-0.309987869003096,-0.186248675845671,0.119603829983018,0.293679760898321,0.534545275395518,0.75793608210329,0.939474250829293,0.0557666916463569,1.32009938849501,1.17547250295048,0.86257317451276,0.668649299444323,0.435595203558233,0.226352337313538,0.056653693286248,0.207787442349078,0.162595177393678,0.143167319055205,0.122338110354634,0.106756056682795,0.0742209902677522,0.0367871641834696,0.0109429922437966,40198.7704762549
"729",-0.257649805517218,-0.222168385798012,-0.173099002402362,-0.035547225451639,0.0348867496890575,0.090403884917753,0.0530658981615666,0.0118219169419743,-0.0382508973913607,-0.369408870009151,-0.0617852330432212,0.115713435708631,0.284763439086223,0.54400892649411,0.762825789932831,0.939765194126464,1.06011291931139,1.37912413193707,1.06552637079004,0.864657345929071,0.678705468213635,0.425201304704569,0.224753322304219,0.0568338984511087,0.217505573754099,0.167078442952685,0.145178880096561,0.124730454458511,0.10510733909468,0.0733890316540238,0.0369949158842962,0.010741146461275,40195.9259009235
"730",-0.217471599391499,-0.195625440044012,-0.144846136005013,-0.00935497539912112,0.0435752892451405,0.0947806995980602,0.0526637201282516,0.0141653098578372,0.990550506424543,-0.381106965344511,-0.0696546947672475,0.136221023394135,0.270811548133526,0.522608304550397,0.760434860549593,0.94170596947537,0.0184560799364157,1.3837162670482,1.0676347092214,0.83392335281186,0.692157776051945,0.446389499448239,0.227331496484358,0.054104231298798,0.212786807688331,0.162652473313735,0.143835428002391,0.123483473776442,0.103934692652253,0.0727234906394656,0.0366221046690948,0.0107676898757625,40197.8187736001
"731",-0.195539005710357,-0.268328890994255,-0.171872590755022,-0.0336778895930535,0.0485515631998021,0.107525603867676,0.0562254043294525,0.0141131586797455,0.798489991580592,-0.346427841264884,-0.106946312966658,0.10121159336295,0.274994737699972,0.512603092851192,0.768136984465594,0.942376803027188,0.204008310012853,1.373156606335,1.11201481055573,0.879142692317695,0.686102464810571,0.453180988685899,0.218151328494933,0.0534544160350557,0.214845153445473,0.165349146651573,0.149611858871446,0.122976598027046,0.10255153088273,0.0729312125107883,0.0376890096915985,0.0109980842259081,40197.3363352415
"732",-0.237452756187496,-0.236887204786186,-0.176240171864434,-0.0165615559625041,0.0482542476862199,0.0993240245412041,0.0552644058989565,0.0131836340346902,0.803500332440905,-0.391913528534713,-0.0737788793953581,0.100217497406417,0.294800672609614,0.521804055668666,0.765250896417075,0.943112420386236,0.209099104780979,1.40598277774146,1.07879117636757,0.87434045226206,0.665031878499195,0.445975107651766,0.221762613568487,0.0529216472074353,0.211868126270609,0.161701176765981,0.14684109179182,0.123430658521191,0.101247606507878,0.0729483801836623,0.0373848674849438,0.0109594399165575,40201.1452956154
"733",-0.273406291200126,-0.216230815154229,-0.148199601753153,-0.0273102716975858,0.0382488258663549,0.103629689676362,0.0586664831533357,0.0139204038773603,0.863384309106866,-0.287617110017849,-0.136356756560254,0.0927194074861073,0.256479751907253,0.510889427000855,0.764663187851037,0.942913449372558,0.160508517202155,1.29756042841444,1.13492240522505,0.885913696075634,0.707372759751738,0.456620348780278,0.221358372732416,0.052826953775147,0.208197952685511,0.163152025567955,0.146972463579264,0.125120250323591,0.10531385863794,0.0741422698299758,0.0370554576677943,0.0109127652086441,40203.2938386799
"734",-0.228040201277515,-0.237745711946225,-0.163285328803212,-0.0322565172689164,0.0442305821140738,0.0839842731002409,0.0572720350887531,0.0117284720295854,-0.0298515572660294,-0.38565137338326,-0.0532287252972441,0.129995179229605,0.285301824384961,0.539077560136383,0.756985843122813,0.942480394631711,1.04184893235028,1.39986345892178,1.05501864726571,0.849980591889186,0.677093307823739,0.433305844309305,0.23043622938486,0.054143032498943,0.216065945481369,0.163483884655749,0.147361248086681,0.123416711319362,0.105078119678852,0.0749254229357892,0.0371041959867314,0.0106733823156836,40198.5591328218
"735",-0.237506312313481,-0.276520988879439,-0.154108750931074,-0.0479860376689991,0.067415489538403,0.0951218477901239,0.0535222328621403,0.0120572945582094,0.935786476388623,-0.350304979219654,-0.096744052651574,0.106551476333916,0.23633078188934,0.527694287112969,0.759364398414292,0.941939776862456,0.0785873911733739,1.37605986839706,1.09737338198026,0.877638605980589,0.720197811220673,0.441579520381889,0.228064336978433,0.0544646602640274,0.206671504509515,0.163026855860442,0.146976536018845,0.123558157548269,0.104684889749108,0.0743420679372456,0.0370139066444215,0.0110922147067575,40200.3388650637
"736",-0.227174186404588,-0.220680722302768,-0.167794597809964,-0.00655043686718229,0.0399412898656011,0.0968106902222531,0.0681810241677201,0.0128068106128881,0.494219361538902,-0.340557434001776,-0.075605127206468,0.113016039482075,0.243314938780194,0.530212470102768,0.757307531042606,0.94145743489592,0.519833533126201,1.35158870827529,1.08044144367744,0.859659771851444,0.720599755562059,0.438204787289386,0.226070965635483,0.0547514845615367,0.211652613913492,0.16043961800294,0.147653339910248,0.125138867724723,0.104008757936686,0.0727472757004039,0.0381759633432953,0.0109200315094623,40203.8896233564
"737",-0.236956763686074,-0.260869686378876,-0.144501401342284,-0.0584473109111613,0.0382999874238636,0.109532074728434,0.055790175828314,0.011514476997704,0.673151738028618,-0.386507915977046,-0.080162475236937,0.18103378677115,0.314337528611561,0.508195526509427,0.761670478372177,0.94128301967844,0.340304905477326,1.40964213172532,1.0774955919477,0.805933120169405,0.649415839218788,0.458316200288192,0.225289121590821,0.0552128804693793,0.21425951192917,0.163809337167093,0.141819833399671,0.125130953463859,0.103192481507553,0.0731860545385536,0.0364874361361805,0.0109734575388977,40195.2558623637
"738",-0.213767281180883,-0.225395276859609,-0.143317875813478,-0.032823528694798,0.0449013850145928,0.0926443400569637,0.0715758932401401,0.0143624110946321,0.0971071294289147,-0.330138928079783,-0.124994801382107,0.148827452730119,0.277343917260663,0.522175981178128,0.751783427722252,0.94229030526535,0.909810863242027,1.34369891981606,1.12189468638024,0.830342989351453,0.684831524217112,0.448146140191643,0.230807679445065,0.0533468861225724,0.213128144763564,0.166059700282574,0.144643570283373,0.125833154278302,0.102048389084602,0.0745824915002942,0.0367492195615459,0.0110028609218141,40204.54871115
"739",-0.236913542903333,-0.214145013143081,-0.143998766053118,-0.0367723268038153,0.0428664529835211,0.0767632377471182,0.0673057043236822,0.015445961650345,1.52778678098598,-0.27255429570892,-0.109916836809017,0.119379900619949,0.247483848934148,0.540442864525366,0.762230326075417,0.940252487958391,-0.513239783705555,1.28085544762177,1.10707155805819,0.861103618589031,0.715905967656209,0.433548627591709,0.22054992502808,0.0552103204645606,0.209834540429282,0.163330484725867,0.145158448902181,0.128510202945121,0.104397227404952,0.0737642460331396,0.0368183875751406,0.0111717360732624,40201.3286126287
"740",-0.261210665831682,-0.204367679349047,-0.193067335650471,-0.0297623639823944,0.0352994918604963,0.102687472518664,0.0585199152558076,0.0128140517618816,-0.368993942536069,-0.341577475693252,0.0145703875439559,0.12740779317622,0.297155535778316,0.518241082699123,0.76179999970338,0.941515948062628,1.39044137854068,1.34616994489135,0.995540000022382,0.8502525045811,0.667577790613457,0.448196650555735,0.224107566280022,0.0546730639221741,0.206498697713079,0.164772153396645,0.145417373485498,0.125035146257031,0.104540184387235,0.074544473834916,0.0369761225391193,0.0108856502034409,40200.5688155019
"741",-0.2297057589505,-0.19402130073251,-0.154472341646622,-0.0401465983270677,0.052894837409676,0.106121953815012,0.0686521812022663,0.0140021640087686,0.0945051221719526,-0.432298731363812,-0.0914644705107162,0.163987710140903,0.279281569802668,0.515304960070323,0.757121615394138,0.941540890576701,0.91749916295226,1.43572639813655,1.09127064171193,0.817431667754963,0.67961644296987,0.450821629802359,0.226023653197785,0.0543279406386124,0.219600621206384,0.162342915176251,0.14385218757951,0.124967568388598,0.105124944256636,0.0757852709135492,0.0362483713126284,0.0110138364032726,40199.3244891484
"742",-0.213476046338973,-0.19782799129911,-0.1557993644174,-0.0402545571031385,0.0450054284530369,0.0837649937925036,0.0634865443989483,0.0125410925754647,0.394572910251263,-0.325657283432198,-0.156091768375532,0.126611838439495,0.247594542130708,0.539121078010484,0.755588579115325,0.943242036977514,0.614760895978004,1.33142824508374,1.15588114963787,0.854705034420414,0.715435091205425,0.432671824346604,0.229350998638929,0.0528764265832237,0.208982877374413,0.165620296797733,0.142832265500149,0.12670613316987,0.103929569934335,0.0758276404747883,0.0368703017624447,0.0109428077539702,40200.3305977606
"743",-0.196952708656001,-0.237788895008459,-0.145928575737546,-0.00289652018064776,0.0328767260050599,0.0673142620523267,0.060414108289703,0.0125934345838279,0.405903901109131,-0.386520373671251,-0.0495298163720098,0.12435486138308,0.26656451256474,0.532311528422962,0.76326600487088,0.943308419402229,0.596464954268998,1.40256876567005,1.04703661694079,0.847282888051563,0.699649104592465,0.445075925741005,0.221607911517662,0.0528412674436524,0.212577054447927,0.160074508337855,0.146786136188074,0.127101431378511,0.105152263666858,0.0728333862561378,0.039085565229399,0.0112993812769334,40189.8739078453
"744",-0.219228820135655,-0.245336075326951,-0.152693015017692,-0.0105005046568536,0.0441899500888522,0.0942511077134403,0.0679509373659654,0.0135781991306449,-0.946553298340904,-0.332489893976334,-0.0452666991001055,0.110678075769701,0.265054758701763,0.518901609506018,0.758315099585651,0.940928365548856,1.95513186160189,1.34991441273028,1.04392332190166,0.863638599417234,0.697265268621104,0.45112583205933,0.225317747314371,0.0551582848916442,0.210823954788601,0.164762527461922,0.144237749719787,0.126981678139524,0.102764103944805,0.0746810577203207,0.0371712732428236,0.0111016745985533,40204.5322361359
"745",-0.232737778677721,-0.247124970182828,-0.179615887377217,-0.0564087975680514,0.0432052663903681,0.101644903009515,0.057229425769008,0.0139195294718621,1.82082922758457,-0.338682138142017,-0.160753025092396,0.15720697812966,0.289530057788529,0.52469673040385,0.761594651988346,0.943490467421859,-0.808506884224622,1.35602281265393,1.16986457465911,0.82882037574639,0.671760439106889,0.443301610447786,0.224710758299386,0.0523091430375269,0.217492766662938,0.161675279993671,0.143414035934656,0.124229992612582,0.102705155408579,0.0751997736313462,0.0367548611665049,0.0108724192389549,40193.7177163874
"746",-0.243571996617492,-0.237455981345915,-0.157375184430794,-0.0096861846724154,0.0523454694008366,0.0994009198479775,0.0639615225242636,0.0107640285260687,-0.215341764723617,-0.287234700863809,-0.107322707009079,0.104437131690509,0.266106580803954,0.523826635093405,0.764336307988707,0.942169746504499,1.23244400484349,1.30219504755398,1.10884967896758,0.869500149011207,0.693405425983564,0.443933946211974,0.220194524902256,0.0546109319817705,0.211153270140136,0.164835018548759,0.147764011938518,0.125455657136293,0.102826024594191,0.0730738374460837,0.0366876088948144,0.0110644625101432,40203.1324776997
"747",-0.235843176546406,-0.230123444329233,-0.160716510169151,-0.0590745626061785,0.0253895964649638,0.0923418186773067,0.0642559041350018,0.0143083656554194,1.08709967195221,-0.263798193858526,-0.143223622136418,0.135067339127746,0.286226125880846,0.519488313136112,0.758625824048207,0.941398899656737,-0.0720446134919141,1.27737011262422,1.14510327492856,0.851279431128375,0.68058091437167,0.451380144920042,0.226162332959698,0.0544541067000356,0.216186578433794,0.165381646122392,0.143473926250871,0.127388660728827,0.105505972496981,0.0757844638939138,0.0369434233924476,0.0109536018068405,40201.0297893965
"748",-0.236593449142781,-0.235474318385997,-0.166061549064505,-0.0327226773912191,0.0169707466561809,0.0838428491574468,0.0669642422960869,0.012930765563329,-0.639837092117919,-0.352208316599253,-0.102106797241467,0.166813591943216,0.287453756246884,0.544150765156167,0.754715526829041,0.942290566106025,1.65690465285641,1.36564876977105,1.10595265794906,0.810922053157168,0.68177035113806,0.427570803250835,0.228843141205945,0.0539460114464482,0.211458349664204,0.164942548172357,0.145890248935706,0.124392847230762,0.105910251336964,0.072705176833971,0.0367753708790658,0.011024357627055,40199.9095391078
"749",-0.223204186522259,-0.223457059735252,-0.151333957650361,-0.03082524647108,0.0305770988672158,0.0970666020337331,0.0569126110335526,0.0127132337805384,0.651559072875431,-0.379592409114194,-0.172558701000149,0.110444323644695,0.283019544916212,0.517303949728079,0.762456496169722,0.94080090936583,0.359243142385247,1.38992203417966,1.17262099399289,0.868577152389287,0.6831407230923,0.451490051029535,0.223752348444784,0.055517175328631,0.212959208259733,0.162101818584336,0.14752301773479,0.125095504329219,0.103151138703489,0.0715021260974049,0.0371331907222157,0.0111715522909292,40206.5805710387
"750",-0.239186837556861,-0.230520199857401,-0.140798569373516,-0.0390269498077815,0.0310769812471938,0.0962096717471479,0.0664514374884353,0.0142353229265252,0.98280681934395,-0.401398080347808,-0.158160848613953,0.136598842120346,0.280191031814384,0.523607632049637,0.760123555139646,0.941250769065184,0.0316231565035957,1.41463090020606,1.15466556616689,0.84527529471094,0.685453891594002,0.44541358998307,0.22372966292753,0.0544567689683964,0.216453460405724,0.161504086943522,0.145016498420458,0.126174538551207,0.105004979515163,0.0719926350325842,0.037051440301643,0.011191885405225,40205.929618361
"751",-0.243150054820641,-0.243606866646812,-0.187229082183142,-0.0548603133435917,0.0147871745990087,0.093915211908423,0.0653128058346764,0.0142550013303702,0.801710094198136,-0.28333703214595,-0.0129548765046128,0.210273352865345,0.299834045138396,0.533125254633901,0.759052911905661,0.941795621071215,0.212973334185089,1.30212557204464,1.02187011856544,0.773653602593369,0.670105035322733,0.436265915542056,0.224938174146697,0.0539055283273302,0.213512762644387,0.158516323543347,0.144466789923259,0.125495047890061,0.105496071253908,0.0735655152417561,0.0378772384327102,0.0110226307826407,40195.554037665
"752",-0.236894453477457,-0.217957519287048,-0.153401185982997,-0.0174829723930439,0.0402149919814692,0.0996936678973008,0.0615303793156667,0.0126351717213508,-0.43005770545035,-0.36950943824774,-0.0843859958129936,0.163470819219663,0.285580429014438,0.522665029818399,0.762496495264546,0.941068737257638,1.44511860871556,1.37895006541375,1.08333033169882,0.81111048521295,0.677511399596704,0.445929436985953,0.222337298757653,0.0551109488815176,0.210797439877226,0.168983725270516,0.143928826842374,0.123255617624064,0.102521345726178,0.0752563235497347,0.0381704685281323,0.0109457861871994,40200.5143160284
"753",-0.172657774876031,-0.193992064089198,-0.16745191367154,-0.0347329302361215,0.0325066519026815,0.0996998150194597,0.0601029588437274,0.0166146716102701,-0.323184712666645,-0.410113288530917,-0.126972391637991,0.122033304893832,0.251372704658328,0.523615210593952,0.758494448207026,0.940213871148359,1.3188588124686,1.41193190011607,1.13268508579737,0.857823486202084,0.714465134528785,0.444813944962853,0.227185148353972,0.0548202653902022,0.211008847415702,0.166347433912047,0.147648903789288,0.121188022330652,0.105661188737221,0.0727941242981229,0.037790869516504,0.0108002405685874,40194.2804345573
"754",-0.215081148080036,-0.218096523787774,-0.129859275938076,-0.0281955534290378,0.036093920174447,0.10090256752167,0.0606256033091685,0.0137174204595608,1.02174864217783,-0.407579297601438,-0.153992183810019,0.0876714422947351,0.264801390059721,0.521011902184481,0.762176448284201,0.940122160217442,-0.0134702610565533,1.41799019368659,1.14791172950604,0.890068178104029,0.700238438395883,0.446639508201037,0.223819112516822,0.0559119092332743,0.206859904033085,0.16568735729005,0.142453770626316,0.128074648015042,0.103403675219948,0.0721918425767806,0.0377233578077339,0.0110564433246563,40201.3089736276
"755",-0.204887564678756,-0.251314957338522,-0.189241946123411,-0.0593956512914414,0.0213751666746617,0.0922888481392733,0.058063801251131,0.0148017402197306,-0.473051351807735,-0.262039859251321,-0.112602167299594,0.181835822579745,0.282152704111877,0.530324660727259,0.763421531846107,0.94176805914633,1.47879909449426,1.28162504907027,1.12234034208868,0.80342129796011,0.685703625223609,0.439396860717314,0.223148301644651,0.0538915045611107,0.212985535748956,0.160901157253487,0.147232288941096,0.126975170167908,0.10481155827917,0.0739793489521537,0.0369508576563039,0.0107464872481219,40197.0939831821
"756",-0.261423532799759,-0.218768059299226,-0.172631135734958,-0.0268221031465705,0.0639460216492712,0.0816769644038816,0.0627189834860935,0.0139048591243874,0.36710608473575,-0.395211411323754,-0.083840765042901,0.155893210143287,0.234890279880424,0.546504789472153,0.765891444050369,0.940920590961135,0.65546699273374,1.40521993710332,1.08913457170923,0.820956999730026,0.722134596715021,0.424589653302716,0.21856656222961,0.0548088533424048,0.214401091244963,0.171356060967122,0.145882488327892,0.126647051474345,0.101734622807061,0.0731843326023993,0.0368997243748168,0.0109999965789214,40192.3151183752
"757",-0.269075770102641,-0.240781722411931,-0.163623834774115,-0.00675825990880249,0.0493934997353115,0.0905947852644218,0.0578070979254186,0.0114646297771748,1.75392552809726,-0.375437727580729,-0.0686753880655463,0.0793038004528567,0.26585800414562,0.515730354293647,0.758211158340607,0.941121567239508,-0.728111035723459,1.39224636178885,1.07098250193882,0.893153800165136,0.695224709593843,0.455670187991204,0.228461648715656,0.0556509587922341,0.208845397612991,0.165433891507705,0.143960602770327,0.129195844994364,0.102816677928611,0.0732947116780163,0.0376021049583683,0.0107814994102868,40198.7926702108
"758",-0.239378856691985,-0.268526370077845,-0.141836994409585,-0.0274538671674287,0.0203468145650695,0.100903202954984,0.0639292478232895,0.0130378071942314,0.67983364319236,-0.239022509683881,-0.0728756171710512,0.102516306910749,0.270869177110048,0.521377840930407,0.755781635038297,0.941634339479927,0.334736530799247,1.26317322674005,1.07006111724669,0.875356212635203,0.698489917861557,0.446373049598603,0.22874690442367,0.0545861604058664,0.210743299623834,0.168843684861118,0.14871974059887,0.125428784913511,0.102749034277181,0.0738569055338786,0.0371166614117737,0.0109432439052548,40203.1509910748
"759",-0.248627197316463,-0.241800767871502,-0.130262384394157,-0.0503120207961545,0.0297327413232947,0.0883563769080642,0.0614756154441696,0.0142629249978999,1.84598377694267,-0.404759195407689,-0.11721038410928,0.129503838345997,0.299178435366975,0.538047905163287,0.755234600778769,0.939877334920815,-0.82868114903599,1.42090393748573,1.10977018364791,0.854411780818474,0.667025072312438,0.43282201072704,0.230166789478967,0.0560119987914694,0.211923366227671,0.161823132419246,0.146476365563455,0.124288190202515,0.107031970043857,0.0728414307073347,0.0379214462752856,0.010838046436841,40202.0733872976
"760",-0.212562273996752,-0.189773999490275,-0.154483949282768,-0.046179220230121,0.0569919306471333,0.0847124820962098,0.0639001318028445,0.0138488994781496,0.236730634374881,-0.379865519234069,-0.0974397528607325,0.169893074454108,0.269622562112464,0.544875483928777,0.762164084887829,0.94068725637237,0.770119529592171,1.38140836470507,1.09578373734536,0.811858846507704,0.689105014322586,0.426543290569331,0.221923373266314,0.0551811558237175,0.209496705781071,0.165004851940491,0.148369736704272,0.129018135597987,0.104315991876778,0.0724162320366658,0.0368900256890787,0.0109299153306342,40201.1346878087
"761",-0.180511691636968,-0.238480719651216,-0.144105747794191,-0.0569469152555671,0.0573377501544231,0.0934784882259231,0.0742872289678409,0.0148522094502283,0.287915444428287,-0.359489966154971,-0.12275028051777,0.182250582313188,0.289700715003858,0.523323853138046,0.756958801348971,0.94170943129961,0.710084084711814,1.3748071028516,1.11956134322838,0.803692435753223,0.667211083898075,0.446351362737693,0.224297939810152,0.0538285888378737,0.207952222531595,0.165812162431624,0.148070346110516,0.128385929966653,0.102511956386921,0.0726930204729023,0.0368623067157555,0.0110799362438305,40196.8092975008
"762",-0.183382810180324,-0.214987277852479,-0.131070531419992,-0.031079434385124,0.0181606847159698,0.0962233506497403,0.0655489735457723,0.0146197500201919,-0.349112057078714,-0.332787450792936,-0.150649242160905,0.148937461704017,0.278529496631531,0.51345631032538,0.762160075291947,0.940755861037118,1.35026407386581,1.3408986402808,1.14381933226774,0.829816509770314,0.691309258140826,0.455986624322272,0.221846156367921,0.0550284085853542,0.21232345909977,0.161232205146984,0.140341893870755,0.126631147926066,0.101790319190458,0.0732372761820023,0.0376429366036901,0.0111374385090726,40200.0261686243
"763",-0.224693428908283,-0.242993673930799,-0.160708515966489,-0.0587080772854425,0.044608572783829,0.0984620528643724,0.0690948163613522,0.0129266537083338,0.564729348341735,-0.381051275724793,-0.0642638216864433,0.0926666964777416,0.278126086994215,0.524212328745896,0.753279653194469,0.940277630237917,0.447746974305836,1.39817084012145,1.06511957589534,0.894740468170406,0.683930111775872,0.44418234975781,0.229709530507985,0.0560311281879131,0.20860202732779,0.159365782602605,0.142733355326026,0.126406415030913,0.101785220909816,0.0724182603363933,0.037606316738934,0.0111037105758487,40201.5039876239
"764",-0.247751207560813,-0.21906437488014,-0.168025965156507,-0.0657611764465359,0.0455906217949477,0.090390677260432,0.0569164281016233,0.0143832301490334,0.122831003940422,-0.304737499597944,-0.16811278341936,0.161205361428087,0.279959252046794,0.513227098991396,0.76149508177886,0.941021673995984,0.893539035905786,1.31411078771006,1.17210916225392,0.82750892906063,0.681740001286609,0.458742999504646,0.22514340041828,0.0546199689292756,0.209391617233493,0.163041615485391,0.145953464937521,0.126499191890929,0.10517477993391,0.0723318125463631,0.0367382760507462,0.0106677512863494,40199.8377200294
"765",-0.213881075466833,-0.258244614028551,-0.14804243363733,-0.0285128230605527,0.0351639736921353,0.0979863674400153,0.0652548807621274,0.0153229787668285,-0.426324670574056,-0.365755353124278,-0.167931098929004,0.171543094210496,0.283207313307205,0.526380333201712,0.7567187496581,0.939944292579106,1.43269475584151,1.38597629817124,1.16447689207082,0.80674044311547,0.680731666350924,0.44202316953522,0.227383837824834,0.0556478251458118,0.211840817056159,0.163332388964461,0.146943337236257,0.126241790677085,0.10389836150209,0.0732358294185434,0.0372658911758907,0.0108503838869753,40201.6112668408
"766",-0.237149279738354,-0.252982850518451,-0.119177172446554,-0.025166940959508,0.028521106048255,0.0934863295653796,0.0605000344890052,0.0125175899574123,0.850614501542681,-0.218103923004271,-0.107425139377479,0.100281275534011,0.286597916621962,0.519294962357321,0.762861102378775,0.940789499415675,0.164221838375087,1.23887506401919,1.09796142977491,0.877286647388882,0.678922980339309,0.450823372974869,0.222363672091693,0.0556361917141599,0.207544998476675,0.164095440753411,0.145308437004502,0.125362076375442,0.103410596198061,0.0712074711923127,0.0369126096796528,0.0109127563284674,40202.1829883337
"767",-0.187340094668006,-0.218089671305368,-0.158410737765146,-0.0748259409653989,0.027522121373876,0.0937496585300994,0.0567097669262738,0.0149663108681128,1.12943513855906,-0.385347261316928,0.00303997596154524,0.166116044683852,0.280863615642128,0.518055252436401,0.766457167172086,0.940734394045623,-0.130765931017757,1.39412889121599,0.996123245507673,0.824414228083469,0.686248841163856,0.451354369723524,0.21966262126643,0.05483605832027,0.213843890672189,0.16228515926064,0.144783243535558,0.128458382339167,0.104051921526747,0.0744508798055458,0.0379044973182107,0.0108333207016872,40197.9446756622
"768",-0.20742886739385,-0.233892977884451,-0.200173509992295,-0.0363777199640281,0.038805998152184,0.0798012889034846,0.0674287965820223,0.0140778652074039,-1.1448969660857,-0.429859420563619,-0.0534132789816722,0.148102412413319,0.285757580858474,0.5313828607823,0.757346734791167,0.940810850851818,2.15014955857182,1.44556085086407,1.06761102319094,0.832138240632423,0.677175043447158,0.442904507164291,0.226052752213537,0.055072557833697,0.211831235347049,0.164074686408459,0.144037513596514,0.124947003380366,0.103676924012779,0.0720964953848315,0.0371917343288247,0.0108819667540137,40198.8207112368
"769",-0.221217519488619,-0.263697913930873,-0.142432365234333,-0.0685718423565962,0.0186380504848461,0.0931757260811487,0.0588626425974435,0.0137268862191591,0.262958522441922,-0.350463688445824,-0.136264885314742,0.169925424057887,0.277225273583896,0.534768504114624,0.758130895671559,0.939867142033835,0.748772512327776,1.37271511191504,1.13508752119045,0.819560780894658,0.692214812618406,0.434535776833849,0.228027226671855,0.0562117749261137,0.210961554536334,0.161797931348029,0.147267202406617,0.125622490574693,0.10431862408095,0.0737498481824444,0.0370812320058485,0.0110633717506309,40202.3257298136
"770",-0.169684187969098,-0.222213181263384,-0.14950811924492,-0.0460014513835194,0.0190970403788964,0.105335945393925,0.0582980783887916,0.0146779301001369,1.43428264306423,-0.366368770119513,-0.0418892665383599,0.177242681620184,0.320426227891745,0.514912118051108,0.760811971820429,0.94036555924804,-0.438669077621094,1.37715949776174,1.04003924381266,0.804691627059781,0.649173426614802,0.452022027696828,0.225715328336645,0.0552866107352418,0.20971651062246,0.160657049393583,0.142671468431483,0.122091472391646,0.104214773748059,0.0736280705819519,0.0372231833990548,0.010738177387783,40197.5396126948
"771",-0.22033941896904,-0.198327335084767,-0.143438633642102,-0.057336725182684,0.0468907886476119,0.0928848412675213,0.0644917918832688,0.0158345706256451,1.08610746743564,-0.284852385496469,-0.136659346771986,0.127136399706965,0.268547887489873,0.537406528926053,0.762210254715179,0.939544934698569,-0.0757679541447977,1.28835975784859,1.13564962162335,0.860734797573573,0.692094927481697,0.432161891658366,0.22197415449025,0.0558483070190238,0.205427666528764,0.163526076209927,0.144280375622877,0.125085807755831,0.105031266765139,0.0739915034574164,0.0383630225374774,0.0108009450746187,40196.4281243881
"772",-0.248512640332767,-0.239433393860463,-0.1645197495098,-0.0593938881244607,0.0398582075801521,0.0817372142142556,0.060731199005551,0.0158740103416499,0.339265738123075,-0.432968288246819,-0.0933957978799275,0.122024257112226,0.265057680513706,0.531690307654528,0.761032794583606,0.939721979988711,0.679540373901187,1.44842915910684,1.09558402742801,0.865200873505535,0.69860779982407,0.441038467867606,0.224169029493502,0.0556543173936955,0.212204138209068,0.166627406008259,0.148953621969754,0.124436712241063,0.103217388907544,0.0735054847462496,0.0374925690715079,0.010901044849023,40204.8000160636
"773",-0.221192173962296,-0.22588669545181,-0.118595726827944,-0.0260030966399639,0.0375208949577759,0.106265115560892,0.0619657863336152,0.0138004409923267,1.41651687549824,-0.349255756181053,-0.0999253758827432,0.134030628780636,0.253732056849669,0.524440628407285,0.759890351932187,0.941495473145641,-0.40831838023023,1.36060450028216,1.08945981870409,0.843348631876284,0.710553230017458,0.440978361635672,0.225251816436012,0.0543719772606427,0.213422781941547,0.164178033701038,0.144083297908326,0.124248003187764,0.102153590487241,0.0743436076493937,0.0374850817592306,0.011267486400405,40204.9089228724
"774",-0.213095466602675,-0.252643860140127,-0.149546316849449,-0.0251536835433004,0.0296096582017313,0.113479270513725,0.0647414301988171,0.01278597664592,-0.0236717581043198,-0.335113839856719,-0.029621452640297,0.159965091637865,0.290059996745547,0.494455996741026,0.758139277294797,0.941345770726451,1.03088626190051,1.35566903990627,1.02735277193349,0.816258278673573,0.676141918851671,0.470686152020353,0.226194777708249,0.054809423603336,0.211270097523686,0.165201419980263,0.148102188002232,0.127481790058034,0.103068672274265,0.0751964638325284,0.0374348120877182,0.0110980645771046,40201.2938023326
"775",-0.252851972160619,-0.22678242989826,-0.14282431580998,-0.060034748518038,0.0281896960266263,0.101625458349111,0.0599459192362897,0.0144481924480637,0.260395822063009,-0.397055556686141,-0.02025516575292,0.114061954966843,0.285542744559915,0.510024908617558,0.759058396047468,0.939628828289117,0.757979712006013,1.40987063799074,1.01669491222478,0.873354602879069,0.68062423372249,0.458402113970303,0.226971669354917,0.0562796374554772,0.212901655235551,0.162788795002881,0.145971876382084,0.124207167692874,0.103677473933629,0.0737473019444257,0.036543466297101,0.0112560526866089,40201.7338693191
"776",-0.241157642189421,-0.232401376525666,-0.159478602804883,-0.0309204944821836,0.0350681577439969,0.101875380730664,0.062687465443465,0.0134383400946729,1.00539910872364,-0.274153891346266,-0.0486791183735981,0.149174796744343,0.269633497839019,0.523916040221298,0.754688100902774,0.941389168159987,0.0086284660787362,1.28974156184703,1.05016411253171,0.82949494270871,0.695184403656124,0.443923714433537,0.230645634732209,0.054790635850062,0.217712138364591,0.161281392612202,0.14823846778815,0.123441052194263,0.101874216841963,0.0726445420859579,0.037775988814903,0.0111064324967817,40199.338728159
"777",-0.178458229811054,-0.22326812149335,-0.186327744091717,-0.0307932123294735,0.00869554729692176,0.0955648591076642,0.0617548122124245,0.0118727399661964,0.117134540225361,-0.245048558430219,-0.0795501579369858,0.167147185897455,0.298342259927329,0.510815288613874,0.761178094471886,0.942983954849898,0.880543712199879,1.25719064837708,1.08839461212009,0.811200339155951,0.674298962618097,0.458360159512431,0.22420044562508,0.0534558312584921,0.211375767470383,0.157487027791621,0.143421071707929,0.127850004851217,0.103665141848632,0.0736741691085075,0.0373325261152571,0.0108514824910138,40195.3346722311
"778",-0.139937909686062,-0.242784237282376,-0.182376841696403,-0.0360351162681953,0.0600303851484477,0.0937972791883964,0.0656805881746667,0.0150548267024869,0.858254857939256,-0.217508550687899,-0.0634370745695658,0.146655609682394,0.264069976553278,0.53029065071477,0.75838799800107,0.940803913147928,0.128504051192566,1.23396345148811,1.07139766338473,0.834311252118084,0.693114284166068,0.438986361166471,0.225135674305605,0.054754375004763,0.215887237549207,0.163356145398327,0.141418789309122,0.125513024567321,0.102236725365692,0.0724453421139846,0.0376559044683096,0.010951544679368,40196.9513345592
"779",-0.232734882445371,-0.204168148285349,-0.131180585122173,-0.0502467405329045,0.0371287190182019,0.10454860418785,0.0632922605607401,0.0128594958875899,0.59422074459282,-0.243972664101409,-0.126903569478048,0.162067490876995,0.270063853187753,0.491841580168832,0.75802641472931,0.941799215637333,0.41742628630632,1.24909011657177,1.12065749848388,0.822646273264248,0.693842451801602,0.475472597174528,0.22716826810187,0.0543322433364707,0.214689972123698,0.165521670847174,0.141321115397473,0.124098751918292,0.102284800089235,0.0736654371659,0.0371571592342231,0.0109848540950123,40197.3510923735
"780",-0.203055762527022,-0.216675671127731,-0.127095696226229,-0.0575021404189154,0.0122542167698692,0.104017886288803,0.0621774704546177,0.0132719299689616,1.74918945580689,-0.401209835403826,-0.0814514835646023,0.149209877457403,0.29843738507027,0.519529542614904,0.757083974117503,0.942857929931065,-0.742796242758421,1.40998935477328,1.07327305290671,0.837764597347405,0.672624002017386,0.447100859047218,0.227964623343637,0.0532028659620424,0.213410678932006,0.160578951122723,0.146275296522862,0.127870953571458,0.103929475494426,0.0716336142009247,0.037483092405381,0.0108432852678084,40201.964417533
"781",-0.212251213668609,-0.198445235867955,-0.181485451698426,-0.0386097151468196,0.0499305816601606,0.0796269428064514,0.05666281311532,0.0136281187843064,0.583071629017422,-0.346320338710443,-0.0833114788259245,0.0993667163498308,0.29488414104875,0.549660455119882,0.768142288855558,0.941886296400598,0.424096211299053,1.35072077068096,1.09136701236303,0.881703180483171,0.666338856472876,0.422595002203882,0.218288371239439,0.0539776313389948,0.207144858544519,0.162261366974748,0.145750246711403,0.121765262950529,0.10423375748331,0.0724912721163249,0.0368398032060027,0.0109117819159534,40197.0242968314
"782",-0.172301098712887,-0.236890767548186,-0.130517893321797,-0.0357304946543854,0.0471979708183476,0.0923077558454835,0.0654808070514022,0.0123481063669013,0.0947876549175413,-0.335645740536557,-0.120963973266572,0.120595146005296,0.247113177296973,0.526636758910415,0.755927993441045,0.942135637047315,0.901397032960218,1.34935738059532,1.11378340589774,0.861885306351942,0.713612743599516,0.444230643117302,0.22834080714166,0.0542496696354753,0.217721396689155,0.161874992912921,0.145152198353744,0.126108333195414,0.102438211938241,0.0722835377634155,0.0372003837655647,0.0109391760344682,40200.2096984351
"783",-0.21483408847399,-0.236069691111712,-0.17264223459756,-0.0237779822982116,0.0174723390160394,0.0977034091173953,0.0697348923892658,0.0128677722957337,-0.0441633193449666,-0.369896332361958,-0.124219383735076,0.145788822104186,0.300597659768192,0.514312808119769,0.755916366949477,0.941924491671115,1.05209786649073,1.38426575778307,1.12940661866141,0.829805081488409,0.668190300493572,0.453941038973087,0.227044278579583,0.0542497544611641,0.210081519313979,0.166328313948041,0.143476196113351,0.128203272879863,0.104788390365598,0.0736756639304242,0.0378451093868359,0.0109389983712117,40202.9280739991
"784",-0.235268910041848,-0.236749742836345,-0.107879502775055,-0.0610517514815708,0.0401220823957083,0.0934806829774164,0.0583547982225936,0.0156714392486688,1.78803350266239,-0.292969188567954,-0.0976806538237493,0.147762270891441,0.328672394375589,0.535565327568768,0.75732022406586,0.938993262826757,-0.772970600799287,1.30663492657184,1.08342112583921,0.840317148181597,0.633091202138192,0.433802710549876,0.229202829704636,0.056500579522602,0.211021781123517,0.163941717374288,0.144371522301343,0.122911383035756,0.103563227495735,0.0725359923852586,0.0378038643104193,0.0111236047357752,40193.9288429455
"785",-0.177820750391139,-0.224577902625792,-0.16411054315054,-0.0163238445445772,0.0252560796748559,0.0865399743700787,0.0619819456524553,0.0129035331200841,1.21587781538286,-0.412528956506041,-0.0789521498913202,0.10618040562553,0.28944747610966,0.53029768478275,0.756140954663185,0.941333309047465,-0.218014160811419,1.42339263069748,1.08171872926823,0.868740602331572,0.67773252435669,0.441658880498704,0.229239508218982,0.0548321971551916,0.211953557199555,0.164655987105363,0.146971411826899,0.12357033455779,0.103988541763391,0.0732729592082043,0.0376575091073675,0.0109172038058768,40208.4805613451
"786",-0.255256554892783,-0.224793858395862,-0.165758801609526,-0.00685599220580641,0.0191668418211229,0.0927973643600372,0.0564762909001925,0.0122918830037608,0.0221148730148678,-0.375926105721965,-0.0799251722267776,0.0675628530688986,0.274907750420993,0.52843027784193,0.761233742543303,0.941328727071045,0.997960066273843,1.38627142461331,1.0832961884998,0.905068807101,0.693829187776158,0.44116934678517,0.225193980819602,0.0551152938140254,0.218869559208041,0.161670222641903,0.149788727234111,0.124751408646006,0.104478235344738,0.0715146623487028,0.0372086941877011,0.0110324429696433,40198.5412567115
"787",-0.171193273643232,-0.220536160777579,-0.0707004831430445,-0.04431681797259,0.0683480688965204,0.0916529280828703,0.0635772375980321,0.0122389084301173,1.34150533327334,-0.297878839939829,-0.287305076234565,0.100023794303626,0.262102983532896,0.526219821104487,0.754818709364586,0.942038939701997,-0.346661532203331,1.30783043869025,1.26555067467285,0.882757865336441,0.692738121908079,0.443568117764873,0.230052079907822,0.0543717482307099,0.209892785937034,0.164683968571236,0.147649618314044,0.125189171402158,0.103629189383507,0.0754514652924143,0.0377029767861603,0.0106910389072194,40186.0413344141
"788",-0.246587565877572,-0.210069583094178,-0.0969833268579277,-0.0566692071163352,0.0257900212520081,0.0902929374358213,0.0665869604015802,0.0131244311640616,0.589904939281528,-0.399993406136001,-0.0912005410334747,0.166062985802125,0.322939313400374,0.53918844624588,0.753774885765959,0.941949595908792,0.428858265743302,1.40704169840578,1.07460094539196,0.819430821055809,0.643804650486026,0.430876843622686,0.230395648667145,0.0540966284769095,0.215117775253739,0.163802401208551,0.144293361969818,0.125130524100747,0.104863018012594,0.0730341524127868,0.0364739305255305,0.0111339258274252,40199.2346740212
"789",-0.243793176214078,-0.187712904874718,-0.153285494309973,-0.0472709863035277,0.0449333370744693,0.104325133438418,0.0592847162190474,0.0129978123166834,0.252803402913566,-0.480365141171003,-0.0850434967920744,0.0871626863983746,0.252585209594792,0.510614182577065,0.758880268727848,0.943090809371281,0.765390011051968,1.47993943852283,1.08508015385668,0.898580718176791,0.70925570747159,0.457548647467954,0.227195232201782,0.0529502550343161,0.210704485189115,0.163577738126749,0.142776111650068,0.125931892130036,0.104251822061466,0.0738071568238787,0.0374786405681877,0.0107485780773356,40198.8889320344
"790",-0.230774782052543,-0.243475379291715,-0.105110318965854,-0.0363789144925589,0.0364407323805346,0.115684989036464,0.0561809230713998,0.0130991425784012,0.424437392296534,-0.35309705046957,-0.12378634585917,0.144827001795318,0.29985577121071,0.51288168940714,0.769516604444252,0.940455401442661,0.588178616915002,1.37037286804056,1.11077477296038,0.835484302132849,0.665396564339747,0.45033247911691,0.216399358217955,0.0556678990496765,0.206621171806708,0.163514412672784,0.146027602055182,0.126010161022151,0.103347537460042,0.0758449905109425,0.0377049640519273,0.0109026884656215,40195.4363326321
"791",-0.213174654224218,-0.263455327203708,-0.160603914444967,-0.0215854951994582,0.048164044102471,0.0609118009957142,0.0653116779116913,0.0122319435730642,-0.451095824907741,-0.405988816052354,-0.146200589181529,0.0847661083853262,0.309779918366329,0.547026125497071,0.754915121035901,0.941845987200208,1.46016719713488,1.42916563546772,1.14955525427543,0.89234249498767,0.650834996800142,0.431401094171697,0.230197371454952,0.0545352485828546,0.215431730612473,0.163316758326558,0.141868206005288,0.125570018350705,0.104450603614777,0.0721505911910573,0.0375116687520599,0.0109959873520764,40188.9993042091
"792",-0.193475531200428,-0.213120147421948,-0.158727553309875,-0.0409743364237774,0.0298244113392887,0.0846066527341682,0.0618860559091476,0.0113389817038043,0.862385273454623,-0.354867323099523,-0.0679556180644777,0.111705251206611,0.270849735657513,0.53204186951163,0.761878474682806,0.940604964561067,0.139529339284442,1.36475258813607,1.06755664075969,0.870275428119189,0.695373253997764,0.43918988140031,0.223076670063308,0.0561151872815978,0.212414700010495,0.162226154175022,0.143411646843492,0.125260055414734,0.100317346360604,0.0729466532199967,0.0372675406537836,0.0113210787480076,40198.6629393535
"793",-0.236047260469531,-0.251969132066487,-0.147958736272585,-0.0399393527447064,0.0373316812226886,0.097086983594472,0.0691191981326139,0.0141548721882336,0.309565716439232,-0.404571141988025,-0.123508383004659,0.206364323325402,0.276790881135221,0.523579478718426,0.756710121340961,0.94148032881513,0.705332943472073,1.42316012010762,1.12163175240769,0.775044480598121,0.686927745868549,0.444250643791677,0.22638582090696,0.0543768986239702,0.211299675120995,0.166844849911847,0.144485890304426,0.124957561856962,0.103639194432354,0.0723907769458979,0.0371598184831424,0.0109657695955423,40203.0560232951
"794",-0.21584595251467,-0.193568759686856,-0.150074461423326,-0.0466927968751699,0.0315039277678804,0.0827146927520335,0.0551472489191542,0.013043837169179,-0.158025727505085,-0.37515049704097,-0.0989732646096017,0.184580606881841,0.309467529965619,0.517632321271362,0.76620706234901,0.942179066739319,1.16596467068138,1.37828511878977,1.09689559040666,0.797619023938005,0.654697856274915,0.455426441003664,0.220776004246949,0.053978875182966,0.20968272062385,0.164338922137914,0.142985795582563,0.128877177886141,0.102322425504294,0.0734559659526142,0.0371011714211727,0.0109545878484223,40199.8492467537
"795",-0.224304948144837,-0.226254990949178,-0.195219297586355,-0.0229089023728747,0.0328146281019072,0.0979375493341387,0.0612783679019334,0.0117047114821887,-0.833632314174767,-0.407155221136839,-0.0917068256059081,0.141933764664108,0.255691046605472,0.521402388434596,0.762371778052252,0.943037200780082,1.84578667999381,1.41901461871283,1.10314018502151,0.833834419739837,0.70969179878335,0.447124686417656,0.223406048762601,0.053524677612398,0.210387284693677,0.164241484964608,0.145519025531868,0.128339851802624,0.102059375375709,0.0746395299611847,0.0369986114094081,0.0109074682617893,40199.2327186093
"796",-0.206042243910482,-0.245176526540599,-0.137854079412209,-0.0208793973098602,0.0349136883808641,0.0980704116511674,0.0572939474526272,0.013384689793495,0.272893270184089,-0.206705281894197,-0.0965431625428944,0.105118061337984,0.256831053577657,0.533904192786691,0.760493225149703,0.942278554111539,0.733223218840555,1.22398075443536,1.09256984176345,0.870944402291109,0.707693681589806,0.433909390233579,0.226153947766592,0.0537416571059582,0.211580012500573,0.161315510620374,0.149114055159676,0.124909193879427,0.103855383245417,0.0735357153781972,0.0371549488397393,0.0108286396598779,40204.7957445944
"797",-0.2278873879656,-0.257309039275217,-0.153208565929003,-0.0727419843531344,0.035453059926094,0.0825962352449585,0.063731582454263,0.0127139741197136,0.736048851461225,-0.351170997126185,-0.0910525469004599,0.171684305388383,0.238190688046833,0.550753366504067,0.75782271116825,0.943289636922834,0.275805733608001,1.37146732179397,1.08985237833373,0.818626270961906,0.726546238543092,0.420602793808474,0.226556857851109,0.0528713754318757,0.206916209970084,0.163320793771095,0.142743409316843,0.12578345191803,0.104791185631309,0.073235004863492,0.0372059732708558,0.0109236797620904,40201.1602762154
"798",-0.193287443679546,-0.232503348541821,-0.139875271673148,-0.0284490570955911,0.038684081993004,0.0953293375129831,0.0686723160457039,0.0123275491055904,-0.513004492976129,-0.337590762464156,-0.115578548169569,0.127469127513007,0.279766248340062,0.51111066696882,0.755467799477591,0.943223743172507,1.51174352274785,1.35082639308921,1.11101122697069,0.850339077826408,0.684362364640731,0.457847057194726,0.22734205468446,0.0531841629673635,0.21690808942724,0.163944102559387,0.145846420094908,0.124179266294688,0.101564102314072,0.0741845955626276,0.0371708611804072,0.0111347683473423,40195.7695722551
"799",-0.221690376937356,-0.255721435795378,-0.140647290480516,-0.00949589655153821,0.0680265668558848,0.0872282405139968,0.0611593722499691,0.0118880599580411,1.35885907619037,-0.42129980382642,-0.0960783452793141,0.116755669670027,0.279780443362582,0.532667366297996,0.763526405120806,0.942282660690174,-0.349349508848671,1.44297933844977,1.09268686773632,0.856113972811806,0.675668915784868,0.437913820562724,0.221280387909665,0.0541374745039886,0.213055624660082,0.163754970296709,0.14637208194519,0.124761424233382,0.103086988002438,0.0730981851156718,0.0369237887726483,0.0111371227606156,40200.7348473031
"800",-0.255139988849243,-0.224536542704963,-0.126620200612122,-0.0311501837961045,0.0564368760149895,0.0872671995212211,0.0605367345835518,0.0137340136575163,1.75203941922827,-0.299877190828363,-0.0524225546930313,0.146294706356546,0.258523861196399,0.540384165926121,0.758842991402734,0.942826773629454,-0.731964018141082,1.31160816833773,1.04424499864852,0.832405739492044,0.700750578080623,0.430296969806159,0.226490193003031,0.0529960158592404,0.209076805688349,0.166548684878877,0.144501370120058,0.124008649703372,0.0998558806392828,0.0746313438721532,0.0377819276876889,0.0108507815842497,40199.5080453615
