"","beta.1.1","beta.2.1","beta.3.1","beta.4.1","beta.5.1","beta.6.1","beta.7.1","beta.8.1","beta.1.2","beta.2.2","beta.3.2","beta.4.2","beta.5.2","beta.6.2","beta.7.2","beta.8.2","beta.1.3","beta.2.3","beta.3.3","beta.4.3","beta.5.3","beta.6.3","beta.7.3","beta.8.3","sigma.1","sigma.2","sigma.3","sigma.4","sigma.5","sigma.6","sigma.7","sigma.8","lp__"
"1",-0.252260416498429,-0.109326671548911,-0.208942885833222,-0.0981406016661729,0.0179827055065045,0.0269046374810828,0.0382262827604048,0.0109257907999729,0.946331729351231,0.144048402275571,0.335029212023725,0.236952511625005,0.476108444070007,0.655142626826233,0.769957139426955,0.956207473939153,0.0744717322061397,0.838214615386625,0.675813710680238,0.755794458718417,0.488578235460633,0.320919865148956,0.211856115751568,0.0409603210929025,0.215205445374197,0.187309231664932,0.161357330535743,0.131228367445443,0.112310453511145,0.0709407512177421,0.041808180940403,0.0130311623347425,38670.7661689268
"2",-0.226606614661977,-0.121983119485621,-0.214237769726021,-0.0806003261628219,0.0207432006421662,0.0243087044444537,0.0383801029233417,0.0108739166899505,0.409806198804418,0.182157694548388,0.241851455648745,0.237106842005134,0.470223021595208,0.652831630296408,0.765832793757267,0.957016274187324,0.599810552789909,0.803574025000782,0.769241347631865,0.747514701116879,0.493413797947465,0.324917908434012,0.216390867259626,0.0400761206560777,0.217013512653337,0.191872137612802,0.161062132283263,0.131218952189518,0.112057835899937,0.0724020388169169,0.0405568296927094,0.0130328370861784,38674.6722346083
"3",-0.27229831692476,-0.139337668405642,-0.19701834109417,-0.0848783198542707,0.0147384866404394,0.0254349120763901,0.0392366972114853,0.0111639826071306,-0.253518197143132,0.171852133981301,0.216609137200433,0.215492366371814,0.475153757186402,0.646459770419732,0.773792454605339,0.957070754518853,1.28049890773181,0.820465080053731,0.790529474387056,0.772597229300998,0.490364504427132,0.330781537622221,0.20800213466206,0.0399091039889378,0.217684405410019,0.180310414152878,0.168363864614255,0.132676407011433,0.113962786425085,0.0693468127341803,0.0416900752383129,0.0127301980184778,38659.6038894026
"4",-0.218272233665862,-0.176296404433104,-0.211685599453018,-0.0892169779200392,0.00460730427599758,0.0356560080929485,0.0374893713768549,0.0107960055536773,-0.269334855163171,0.346101388371901,0.230296722170042,0.223806228209879,0.472747384834671,0.656519907110164,0.762801316729683,0.95640418988066,1.27784480252682,0.659788500466306,0.779591653753487,0.766314455890663,0.496519949491058,0.315754081041545,0.219316117251337,0.0406284392894018,0.221122622805448,0.188902414004104,0.16278761590056,0.13364229531976,0.111721679504581,0.0720500547284342,0.0413071604685635,0.012992851762597,38667.5467402497
"5",-0.274308742249391,-0.169429167884763,-0.247655719686958,-0.0775210176511656,0.0217990784999023,0.0298344339081158,0.0388187921985756,0.010763962126374,0.0735700784118653,0.18320026144331,0.203893500116665,0.160380539535666,0.479428681637965,0.641903620604226,0.766141865816415,0.956066006480983,0.953939699508279,0.818239239490128,0.818469101213741,0.823875259344309,0.483333899899067,0.333874924461637,0.216384861214721,0.041236543996795,0.221584825837909,0.191621255006572,0.161887830329732,0.132309729555603,0.109891395412366,0.0703304635963448,0.0413594346116043,0.0134036670223535,38668.5553186026
"6",-0.21052007623422,-0.151388399976951,-0.183160964726103,-0.0958649705086792,0.0281136567205995,0.0323601240934465,0.0346119398142167,0.00980981603942164,0.653849984358777,0.129764058834228,0.18116127167999,0.284585933969933,0.457103727730608,0.642886785599657,0.771753762888297,0.958292407690445,0.354743078667314,0.866458677912143,0.81997417958342,0.704414724186421,0.505559411716644,0.331849312126649,0.211516473289411,0.0391740036507267,0.225995108247551,0.186097082689761,0.159221229862146,0.131349207983753,0.111340813373905,0.0709355026151548,0.0411061433790641,0.0129545991932607,38666.2270301619
"7",-0.25702762312166,-0.149524360620811,-0.219910398528216,-0.0963115821006829,0.0257473140305964,0.0274106055286398,0.0414528304687011,0.0121802101096454,-0.0803195869823367,0.198468701925121,0.264859654715025,0.247034845403383,0.461455107758633,0.648976582797146,0.769876636818128,0.956896031159269,1.10246218976051,0.796986823170111,0.749591899849734,0.742975359605841,0.501230931326803,0.327174023807902,0.21115453171218,0.0397972944630476,0.219153748141325,0.184941699877758,0.160257717111353,0.127829899515673,0.108535902067974,0.0690198067424128,0.0411668723500241,0.0128491648187158,38670.9041967528
"8",-0.208324295590674,-0.117779157115966,-0.211451707627678,-0.0886267329714936,0.0506472883604166,0.0367892322177417,0.0330292565988664,0.011979007895715,0.878569526637848,0.160600289496337,0.188903074045987,0.239954286578017,0.439302479695002,0.642440937253787,0.76454414045821,0.957229465784683,0.125527488786157,0.825201784079769,0.821857544558291,0.747548249040009,0.513966905865079,0.330327546253044,0.219525756851752,0.0395017449568072,0.215692923914809,0.191744596007116,0.159005530554699,0.132009327444137,0.11241043122966,0.0693329348009577,0.0411530193484606,0.0130192235165556,38670.2660962696
"9",-0.29568631634772,-0.155051920380587,-0.227051003587779,-0.0808302915910865,0.0153200306965807,0.0302168574256986,0.0318613478584174,0.0109648769330945,0.00851189107736679,0.238903455789346,0.236869437521066,0.268523358113405,0.481640571086453,0.653373164353437,0.770303567178575,0.957118747397697,1.02577005372994,0.759638646244788,0.779269637014231,0.717377940496731,0.482989254257435,0.320781776332097,0.214039629602124,0.0399084777231844,0.222328578330348,0.184701079992145,0.159040956729711,0.129066215061456,0.112849596422747,0.0704234692370822,0.0424099288599784,0.0133810130940606,38669.2488051198
"10",-0.233639704790151,-0.159615170392048,-0.24189293830422,-0.0889070059412518,0.0268703644700564,0.0308810630671756,0.0379347191633049,0.0133828074359383,-0.117540669323656,0.146398735586005,0.186671599630091,0.224663999813493,0.436355436244391,0.662832412219822,0.763641553977596,0.956574567122978,1.13277826466397,0.851209118935693,0.833559223446888,0.762850031909611,0.525060475636219,0.311056015638884,0.219443962665628,0.039779441376036,0.221940734915718,0.189074843875513,0.162602017147878,0.130362957012618,0.109641938770466,0.0708259728576257,0.0423045843437417,0.0130700511142408,38668.5380972069
"11",-0.219557491289957,-0.155640576768994,-0.218121792636368,-0.129226164766813,0.00552129551282552,0.0292570217881856,0.0449740966463992,0.0116195947506683,0.169578356374244,0.165022371193783,0.238095515694881,0.251909720491676,0.473515420006597,0.644540600406863,0.763187305791537,0.956796916364385,0.839291043020244,0.834051494821543,0.77471658508264,0.747816646519936,0.495056440256686,0.331188496766021,0.217352691847892,0.0400560920843418,0.221195401809847,0.186968137020867,0.16432679812759,0.133796673923733,0.11175947539726,0.070946749294268,0.0421450171774096,0.0130662897668818,38667.5862534488
"12",-0.168265985332869,-0.166485156971268,-0.241108140066176,-0.0915800685636456,0.0163718501298785,0.043131395448338,0.0339904914946303,0.0116516535557834,1.38302080636428,0.187757013480358,0.201640415329015,0.237209948703856,0.467381775302883,0.638648202616965,0.767910516684884,0.95515391098906,-0.391463224172227,0.814765746971208,0.818205561913317,0.750529766921887,0.497336515581589,0.332054663758396,0.215429674764683,0.0418143294235774,0.220347828617539,0.18724733298522,0.163986028999202,0.133393159370657,0.111434518781953,0.0719824388018694,0.041382195650603,0.0131521679700572,38669.2493790048
"13",-0.240950839640328,-0.153906431465574,-0.20939358881962,-0.0768825170486324,0.00481179657223586,0.0365363264775419,0.0363776379440904,0.0115420226389596,0.538513648507184,0.157593601363271,0.266241202438608,0.232607822416255,0.482774739770183,0.647754065594157,0.762123135938589,0.955822862917162,0.475586371040151,0.836576780939467,0.744247364682001,0.750247886410523,0.485159240657363,0.32550477417538,0.220854887938427,0.04122029579605,0.212798832688537,0.187966134403185,0.163336796925394,0.132600553694738,0.111204744135527,0.0712285281837768,0.0411114686373165,0.0132017664029321,38671.714890403
"14",-0.241145595931346,-0.157763818150219,-0.197585768192391,-0.0778814890256831,0.00728656003136179,0.0434108854495423,0.0306396818278886,0.0106024997700561,0.756099589624702,0.199276980534425,0.310824358250262,0.258387485877912,0.461652239394407,0.64869445775547,0.775508347339529,0.957786051307954,0.262808248831518,0.799255565883879,0.695590528017555,0.725549165117275,0.505564053037268,0.321671315256189,0.208949118342654,0.0393497163123892,0.222232162424717,0.188759020053529,0.159853915777308,0.1292238787635,0.109844306609928,0.070844143211061,0.0415246268953238,0.0132718314485046,38669.6912226415
"15",-0.259883843304987,-0.150747172458404,-0.23248280602564,-0.0378566511814562,0.0305640595425365,0.0303383540671235,0.0335423704879909,0.0106323573316904,-0.259019070668716,0.154436944887378,0.217518043139641,0.205547766923168,0.456532107602859,0.657594127399422,0.767690817281487,0.956630871540355,1.28022431154801,0.841551512143542,0.799073324582061,0.76483936192696,0.503715178527244,0.316321207544297,0.216157065647402,0.0403352647441681,0.216668558613311,0.187479500032381,0.162866884153938,0.134548024512415,0.112316009448169,0.0705399831765049,0.041282784043512,0.0129899953983792,38669.0771584362
"16",-0.258268434954215,-0.159939580186526,-0.235221520478473,-0.0854052844225547,0.0278249141458622,0.0358941399184885,0.0450920617043771,0.0107967104459907,0.841693332086368,0.199896322353988,0.255580442019769,0.250006023696951,0.465549493935783,0.645984534030708,0.760341921190229,0.955932650272845,0.180324793155181,0.799773708442132,0.763203046075963,0.73651089607623,0.495550762911138,0.326559253666342,0.219538268622785,0.04112167301259,0.217094603784455,0.192883532355701,0.159666532507715,0.135132587074052,0.112767314955449,0.0704297899883828,0.0429533289972789,0.0131534122104703,38670.6905330437
"17",-0.238811610287823,-0.154554078708318,-0.2266846274962,-0.0764026310557886,0.0222016358011293,0.0285593430543432,0.0368112121772848,0.00999351002162667,0.687039938978188,0.219949205159831,0.256622960952276,0.210011838772223,0.410379620679227,0.651230860533993,0.768926408965925,0.95911407555843,0.326015597081775,0.777449183812213,0.758592201035636,0.774890781954187,0.554695526433665,0.323792521406208,0.213851969353021,0.0382184753446345,0.217095397548768,0.190572727088258,0.16481080606108,0.129726524802312,0.111061621897672,0.0692089217158482,0.0415877258387752,0.0131255702193206,38670.2923501303
"18",-0.225068352410918,-0.154125401097651,-0.238822898593722,-0.0868746648414242,0.0349745738995137,0.0379633533149638,0.0368664459649782,0.0124620761721679,0.700116819005011,0.248773683697076,0.256046687165621,0.231222555189233,0.447546309043876,0.645015259608318,0.767125272649542,0.95694768626024,0.308800761278054,0.746880878695254,0.762918805059038,0.755873731954965,0.510910522403457,0.326714184612806,0.215480184673841,0.0394159852191071,0.216222088798533,0.189268086286034,0.161559642505813,0.129127443178855,0.111431291143988,0.0698309074309059,0.0426589084624001,0.0131513556244814,38675.0301599936
"19",-0.235441932123431,-0.155162320627652,-0.244520898629281,-0.0878246978419982,0.0122420898120134,0.0371593223183721,0.0357398043852616,0.0115675644513754,0.153934211035238,0.327509294316235,0.242810131035999,0.266513774303325,0.458676106326058,0.638751846939415,0.765767714022564,0.957064913430114,0.858497577995706,0.668339516434116,0.777302896497945,0.722065815814301,0.5077307265592,0.334876333953966,0.217203614192608,0.0397127723705578,0.21791371148106,0.19056833371155,0.162596703279029,0.13263056533353,0.11108941078897,0.071331235367249,0.0421452863927239,0.0132998732794658,38672.4178702549
"20",-0.22525580213891,-0.140011311217263,-0.229576184502735,-0.0762277156727906,0.00885600853046655,0.0290686387732023,0.0351197514210461,0.0107924125212539,1.06955737506884,0.154330814721451,0.188951309040065,0.206019096787841,0.485051162806951,0.662712353876755,0.762259808804153,0.958490992579534,-0.0602555102539241,0.838615349259038,0.829152414474864,0.777153979904727,0.481776123752054,0.311447708814028,0.221554509015952,0.0385457532272589,0.220927624051659,0.183801163454583,0.162085397987605,0.131779758683129,0.113857737872426,0.0708424566025058,0.0402254285840704,0.0131988820999211,38668.4236547015
"21",-0.228580268679782,-0.141041995326487,-0.227350767479945,-0.0812083230550667,0.0161563272344732,0.0345774462893878,0.041777645504965,0.0110911798592981,0.351197912199037,0.122666014763067,0.253413058715288,0.206852418476531,0.445861255751926,0.65700747492885,0.762037424192691,0.956412454589685,0.659552453267728,0.869532723816198,0.761667939329964,0.779666813796,0.520429651627151,0.315752381296776,0.218995009730311,0.0405257271594711,0.216745577379585,0.188223483146733,0.160623510398334,0.133290140840063,0.109101304875941,0.0708606302637069,0.040783864897975,0.0129136750158399,38673.9750260052
"22",-0.213624705508772,-0.143465957932761,-0.20572666764563,-0.0842738663216593,0.0247842804714726,0.0345717133548348,0.0312480307247432,0.0123981780094198,1.2562768195861,0.15834600886379,0.276928122092497,0.207039707293274,0.44075374023316,0.647052444384942,0.770641338624446,0.95746474030438,-0.249470953046868,0.83460145381982,0.733501913026981,0.779640434304088,0.522131787421828,0.326078031446759,0.213724461988325,0.0391601831686473,0.21806442030263,0.18905157551345,0.161836085101759,0.133450455898358,0.110133162601244,0.0712408028049247,0.0423587663508353,0.0128496207429218,38673.9620392137
"23",-0.250302435285661,-0.131895655567808,-0.240330257282213,-0.0824711138148788,0.013987783100797,0.0277098910106853,0.0364519079962036,0.00933295782277047,0.649781852935852,0.27142952892036,0.298454638639914,0.237170659095405,0.465676994132127,0.654096626641148,0.773977435968163,0.957988923837871,0.368482072969466,0.718356291594442,0.721464485676343,0.748852261908192,0.500744676112107,0.32138071816727,0.208621953278603,0.0394617424142427,0.220671306973136,0.188678256295443,0.161744771729343,0.132664183472994,0.110623313066065,0.0701133887533133,0.0412008151354498,0.0134993308272979,38673.1665140781
"24",-0.269910059687713,-0.190214570576324,-0.209699563359709,-0.0827672254703303,0.0341892537824762,0.0325061724732695,0.0345448969410896,0.00957992985983941,0.228303735739963,0.255424949267623,0.240934221655092,0.232066325485998,0.425601712094478,0.651623759152201,0.765477884475436,0.962081749082053,0.797168078250491,0.751548691045815,0.770362089048084,0.753870065486488,0.534408192865044,0.322439722924978,0.218452533159112,0.0348839091313459,0.218021223149626,0.190651127275561,0.162828628744076,0.129732761528877,0.110848515051877,0.0718680991668712,0.0413114363635715,0.0128141187993912,38661.962967936
"25",-0.220378157312346,-0.172456408599572,-0.241784815491133,-0.0827038661588026,0.0203287184540327,0.0416013373642614,0.0387738555050173,0.0117028552326457,0.223378509950118,0.150229199385418,0.296736601609758,0.23557627387628,0.456515278355752,0.65392388956567,0.758888016265031,0.956890691811637,0.788089447758923,0.852500224010449,0.727560330513924,0.751604499170287,0.50784042352221,0.316746871617112,0.2235425895894,0.0399015414425984,0.218971962761968,0.185664815933728,0.162207612569264,0.132839858136864,0.11379081798961,0.0720404179609943,0.0413339545976644,0.013203846860753,38666.8397708606
"26",-0.211748513085098,-0.144807820352457,-0.216245689667959,-0.0959504139236457,0.0128207079348205,0.0477942086448513,0.0284517031713795,0.0118961069038458,-0.0723102699223286,0.191234828480197,0.218586367613829,0.20301214859587,0.469031177284618,0.642002751763924,0.769053942732211,0.957482372167619,1.07762783787587,0.801815178394332,0.792868653713344,0.78835448799384,0.49776419698175,0.327190423176745,0.216008119820066,0.0390577852738897,0.215517484342827,0.186414098697928,0.160256005810631,0.132734528998205,0.112733704744369,0.0711674511953226,0.0416152897994817,0.0132754497106102,38669.968294412
"27",-0.215587434781727,-0.188092137268922,-0.242353460334579,-0.0726186314018958,0.012304543193744,0.0364420891947694,0.037812520925812,0.0116276608332662,0.983655367542489,0.261536515205476,0.261630959324549,0.207438469624194,0.458969474340553,0.642161507236448,0.764183065917961,0.95769878667812,0.0219455274492569,0.748962540799221,0.759860113460925,0.774134557761907,0.508002667312115,0.331293084483916,0.218545350143192,0.0390367677708544,0.213939461365254,0.187489284821813,0.163044006217861,0.129807009422746,0.109227897137056,0.0703892582154151,0.0419413477924043,0.0133746220415271,38671.8797774748
"28",-0.253497669869715,-0.146212837744083,-0.250797783021103,-0.101273791884274,0.0199883045925098,0.0271764672977004,0.0404453634160715,0.0111443184072067,0.792007889246709,0.258633453404872,0.252294086674706,0.213972268748963,0.455493358957629,0.650036455205876,0.761647049408332,0.955683048291199,0.228320872665979,0.736684693786553,0.770613807503685,0.778781989796601,0.509079377207858,0.326289153026205,0.22028455662472,0.0414538024487593,0.219022037603998,0.186459710959374,0.160061285355195,0.131738405469364,0.110630215240534,0.073872622869213,0.0411224205803782,0.013544151195276,38667.8141234
"29",-0.240869369917185,-0.169127838484468,-0.203343122028117,-0.0920860101812565,0.0345161923366104,0.0395173719852017,0.0342215133333464,0.012669157123238,0.307204761280439,0.259195446907507,0.229905962985958,0.195910834419626,0.429693232646726,0.642401414456888,0.764104178392205,0.95779326991142,0.706906446252676,0.745392606280473,0.777711997563228,0.793971036805945,0.530637771356687,0.328473568370185,0.219643049767516,0.0384280103487256,0.220430552901276,0.185852490218786,0.159280770814141,0.134292027461089,0.113528295361664,0.0712292245717073,0.040751958403987,0.0129840392120274,38665.8295638654
"30",-0.240113877483096,-0.165708082299194,-0.242774721873268,-0.0815583443648262,0.0396193694350676,0.0459232840867847,0.0394427977127572,0.0103875525665381,0.14877445946297,0.191557578454579,0.272331740445365,0.250124787865381,0.433584604962804,0.654195534887668,0.762779899227951,0.958396782643809,0.863615014066579,0.80832624372118,0.747087004377187,0.734416543265307,0.523904501518913,0.315229568142322,0.219195170884787,0.0390304985677277,0.215403455607552,0.195136650272457,0.15954882476426,0.134813081577068,0.111636294500647,0.0736059680311457,0.0424492118514532,0.0132577157778583,38656.9526265409
"31",-0.267165517175949,-0.169930383348724,-0.220780992975578,-0.107323863441112,0.0266254907116362,0.0370891878387388,0.037567498009724,0.0109932620165733,0.92344020836076,0.347352306070298,0.239288911077372,0.244685320282187,0.460914824223287,0.632553959680799,0.762204153518762,0.956768804185205,0.100211407406515,0.655080326310615,0.774692502322222,0.749129665112673,0.50057037729125,0.34049122783151,0.220850382933941,0.0403955532081198,0.216317878346331,0.190404250868902,0.162575677728347,0.132168918255101,0.112887635761508,0.0713562758924476,0.0418448076293693,0.0130387637868573,38673.1134367025
"32",-0.199475431789296,-0.131140291785466,-0.25077199332503,-0.0910074323941895,0.0234319316732888,0.023934899149986,0.0335639772097014,0.0103193179804703,0.564305865660363,0.100897583722142,0.155042252092994,0.265699010098144,0.481329611580839,0.646017186877161,0.771984746673355,0.958497585511634,0.43869701474915,0.887487587498405,0.866307994231353,0.72256456271939,0.480441479367327,0.330977807642519,0.211320107129778,0.0387031408263384,0.211775997489199,0.184993107184895,0.160723500512834,0.135481462586694,0.11334199349347,0.0710281184639486,0.0419767068007162,0.0129601294972654,38660.1395485114
"33",-0.262973117328974,-0.180765760081325,-0.236277075840463,-0.0755641749742914,0.0254185275574341,0.0393110057865867,0.033724429468493,0.0141073618494354,0.853085410454516,0.273616612810666,0.285764002230458,0.233100358462592,0.459027709134284,0.63678246053094,0.77098493186139,0.956190418189685,0.167482690119954,0.73336256366771,0.732558032531619,0.75027696812971,0.502853986097016,0.334761142287486,0.212221283245094,0.039616646067603,0.217652227339121,0.185305287781662,0.159895718577479,0.132968543688618,0.112982069191092,0.0711348979598143,0.0411955577791271,0.0130756472292616,38670.0887583866
"34",-0.212957243397817,-0.185634593041725,-0.218590715369949,-0.0939992313572565,0.0168189305601922,0.035597946214847,0.0416402324808246,0.00980852372628134,0.0430362218297798,0.267385039306463,0.213298253802739,0.260103083538796,0.478724164984407,0.637243367410443,0.763649279643569,0.955536593077843,0.962986848669315,0.738950734526724,0.800298648730169,0.728603651179119,0.485715595234382,0.336302489847398,0.217757598805877,0.0419170784162261,0.218011247576641,0.190051509113136,0.163007042185684,0.129437404941619,0.113303076946581,0.0703943970922807,0.0406537854201844,0.0130396852609088,38669.8426583708
"35",-0.225491266382167,-0.162183843543087,-0.224780004145282,-0.0643104731988342,0.0348574368447868,0.0203992687615984,0.0389000351555881,0.00916658219754972,0.563366654941693,0.207675644247675,0.217283440189775,0.217875027336474,0.44131353072234,0.655552323997666,0.76444839400823,0.958190055787596,0.445835466448906,0.791496667197258,0.797477352744107,0.763262721893446,0.51853488004443,0.32322968266637,0.217404201079998,0.0392693920723843,0.220522781157296,0.186880808226446,0.162340974114355,0.132549654291604,0.111617098037305,0.0708289314974966,0.042014259533414,0.0129910054191968,38673.7925264874
"36",-0.222954504793359,-0.154699776996611,-0.192092961368465,-0.0831859168497982,0.024355264383963,0.0314361018434736,0.0310430559508278,0.00961046740228708,1.31388334330497,0.171802564951226,0.269777500398285,0.212160069452389,0.449021235232303,0.646408962671724,0.768511699319591,0.957974358019393,-0.302885596545819,0.825926157726186,0.735744080788087,0.774457353615904,0.512850096191233,0.328129357555343,0.216139132392988,0.0394799667246854,0.216823077884712,0.193193351769125,0.161430572372382,0.13229416153336,0.110785709310792,0.0708515233328997,0.041617221113271,0.0129627792825434,38675.4503231282
"37",-0.247728912059397,-0.173409201648405,-0.193316482322011,-0.0634690572066229,0.0176920123088615,0.0433056258762332,0.0433059032459555,0.0111092623171396,-0.0472642249639464,0.235635696018925,0.235097299892076,0.244974306748096,0.472696660301336,0.649602732386156,0.764911676264115,0.956027834882085,1.06555871087547,0.767255208295211,0.769592820862701,0.735244839909233,0.492023293848969,0.320798774838377,0.215109699674368,0.0409202501579523,0.216440964145239,0.192144256084745,0.159498467653721,0.133014601469314,0.113771714032758,0.0716740957804692,0.0422695735336058,0.0131178202154384,38668.8021340117
"38",-0.229777059552327,-0.150589582108759,-0.250265335854471,-0.066477678139832,0.0348631253155853,0.0432757598447599,0.0327578879183336,0.0124732053075715,0.331863197085772,0.221273726683857,0.287708731720212,0.171271092465885,0.431202981905804,0.642165553614938,0.764455964434209,0.955487409612449,0.6820362645854,0.775631274485884,0.737118876604305,0.810418621209178,0.527631377182005,0.328920432571987,0.219889869802765,0.0412039719910818,0.219649150881734,0.193342922225843,0.161453063523961,0.133780379348341,0.114105852202524,0.0702272212904086,0.0429848121035221,0.01301850992789,38666.1944333645
"39",-0.197160535331195,-0.167354425146366,-0.220213743496925,-0.0798036860314767,0.0188513269895955,0.0246420887946289,0.0430208454153822,0.00966662444504549,0.907219154473076,0.118158150650807,0.271267201980008,0.203411017168978,0.454094622103144,0.673196602445337,0.761345238824455,0.957543471427302,0.0930981685588776,0.883867553129223,0.743338381743244,0.780519229280312,0.510217332405237,0.302971884533181,0.218880596473613,0.0400118018519428,0.221769718856627,0.188284254244221,0.161858536773062,0.131066103849879,0.113024392077734,0.0722823935775062,0.0412077622238861,0.0129197204023242,38666.8577745668
"40",-0.276908996879056,-0.167973367070495,-0.203344978008605,-0.0784645584298259,0.00449718644247889,0.0147094275121392,0.0364072311070325,0.0123193983280896,-0.0646313356799133,0.205589294018416,0.237714304930392,0.200602990475051,0.486645820074057,0.664365537128206,0.768570259653658,0.957467321921651,1.09299199934207,0.796851921026798,0.770771364344136,0.783405609641149,0.482441020675914,0.315968840344274,0.214165655437656,0.0391610746108455,0.218199371503975,0.184213833820559,0.16353526490623,0.132516183909438,0.109813099476701,0.0715541128963458,0.0416313033540278,0.0130621018638531,38670.2801708843
"41",-0.219319292435604,-0.148340571716416,-0.241235920317243,-0.0877624842336291,0.0213108007789455,0.0298653133757256,0.0392098020349737,0.0118882010365572,-0.0159093466765567,0.42321487437885,0.241803446277302,0.217656481123791,0.453772601053387,0.658275926803767,0.762635364619743,0.955355335735009,1.0255771653871,0.571511982518759,0.778257022745218,0.769267348944432,0.510302556867615,0.315347436101443,0.219260147533129,0.0414189438691211,0.220992071750028,0.184376296433946,0.158064382715662,0.131338016304746,0.111841199631762,0.0710025957159001,0.0407998479773979,0.0130775644836544,38665.5122276188
"42",-0.243310252978771,-0.156189806130916,-0.197479709277808,-0.0729665777013506,0.0284826145233182,0.0351537750172362,0.0389904102674535,0.0117066555613878,0.295542011661889,0.171506001224144,0.171159865341212,0.208080172844209,0.463229970886006,0.634845015574021,0.771520978520345,0.955583879206965,0.722559856282281,0.825723685152521,0.835354529805872,0.775098180092773,0.497191103133821,0.339119267532935,0.20946825898458,0.0413920082286006,0.218109371532811,0.186609598045543,0.162872305284933,0.13261871464954,0.112011789684142,0.0709382200956696,0.041545634960396,0.0132328369758337,38672.5255437385
"43",-0.252844535235477,-0.160002632203836,-0.227338042559327,-0.0769477009171925,0.0252765924894994,0.0296151433010218,0.035317682348483,0.010247391845824,0.152909333855149,0.282237622356453,0.188885768984883,0.182157004050869,0.451849507165495,0.647354692448674,0.770085672422345,0.957343916452337,0.863692453552378,0.716518619766993,0.82644514034835,0.802918058293895,0.511614675871479,0.327227026351938,0.213570481354053,0.0398610499662252,0.222688537202262,0.193260513346462,0.16286326336821,0.13351068947368,0.11073645867056,0.0698093168995259,0.0408895284633655,0.012781751532024,38668.1381607072
"44",-0.24062938302845,-0.179163888769633,-0.214784080855324,-0.0950686133231237,0.0283796397535702,0.0273391554149482,0.0419061488014933,0.00930057074120993,0.414983027783959,0.231613371935397,0.272704092539281,0.26214232349974,0.458610840482047,0.643963840009729,0.761254715801761,0.95583168980365,0.598948253499517,0.771739210936813,0.739699392247414,0.729177113165755,0.50386821484094,0.332165130853315,0.219543288431002,0.0417958315370769,0.216552461701869,0.191844825799968,0.163140310234875,0.134922417723021,0.112014710965021,0.0723280695714743,0.0421478853957639,0.0130571058173375,38664.4358346414
"45",-0.246821266917795,-0.172875044057512,-0.246763312958856,-0.0771149951491433,0.0114554972714568,0.0196276458663363,0.0454589380331936,0.0128843166298764,-0.321453963558701,0.247044915623919,0.320560140283457,0.219861357212141,0.465622224616903,0.655064191632288,0.760831253152915,0.956505574938687,1.34143305003939,0.755331490921893,0.70432903752252,0.76452010843893,0.501490302010945,0.322720460201106,0.218960719640129,0.039823574921587,0.222124531584397,0.188615668872143,0.159622018166335,0.133556606242168,0.113763286065056,0.0718614551297955,0.0419992701849863,0.0130948669987896,38667.3296719
"46",-0.266695158940139,-0.134171061597803,-0.240593190696314,-0.0884779597911565,0.0288343380383257,0.0332408691793621,0.0399806563575131,0.0113175342489468,0.257541958526296,0.17082657295502,0.184586872467201,0.237796190310402,0.447994609385435,0.651530575463049,0.766653416908421,0.957120396122913,0.768093904915024,0.816524101139231,0.836048855001412,0.749895272707037,0.51362125860662,0.321611949676687,0.214857859120589,0.0399186664787705,0.220602582483312,0.189633585978746,0.161926440737083,0.133040323847644,0.11499094229281,0.0716337144694451,0.04111054882062,0.0130371793557602,38670.210690537
"47",-0.223883233529008,-0.183839067366312,-0.216431060262475,-0.0875670677715522,0.0180155902100835,0.0280094870232316,0.0355431255645074,0.0109582275819662,0.511823661021166,0.264986696284413,0.317682826783946,0.247417024132015,0.463215357583636,0.665462261367765,0.772496388409468,0.956069262852168,0.498135877482052,0.741049794924052,0.695496271839319,0.739878398244593,0.501203563106987,0.308400175364661,0.210119870404495,0.04103530239034,0.20997401478807,0.186459737585248,0.158912551332499,0.129774617042145,0.112071125176508,0.0712482830295136,0.0413386429565656,0.0129545732848093,38669.5040149653
"48",-0.258345291983839,-0.158449173335703,-0.234212296063906,-0.0994359674865142,0.0158120941345312,0.0258137588457853,0.0414903711602517,0.0115869354227104,-0.0701456632007928,0.233952368870086,0.243440178682523,0.261372932186344,0.475219248451631,0.654917315614422,0.765712150486477,0.958010268859106,1.09279233414527,0.765757280666448,0.775881845996018,0.731705573172119,0.490339663112666,0.320796388523277,0.215415480993008,0.038749433685896,0.219903672003142,0.184199914911037,0.165295443897263,0.13311353652389,0.111974811711811,0.0692098218704098,0.0411486591366284,0.0131277988440876,38670.4599198253
"49",-0.27301392895867,-0.157148540411478,-0.221859156032127,-0.0704745817056836,0.00114498611774375,0.0356464802250489,0.0385629651919319,0.0116256760575851,0.364986098029781,0.20010658848508,0.212811959117992,0.185085326470209,0.484912310149951,0.645338666805301,0.768265074801952,0.957250619798925,0.659933567361481,0.797045252943905,0.801498892584356,0.796211347164468,0.48490722269245,0.327595123704432,0.212891358885557,0.0395934150239384,0.220771471431498,0.182856456530104,0.162238202879956,0.129690438170907,0.111418358417212,0.0693624126128945,0.0418694841449525,0.0129564822635795,38669.6371718422
"50",-0.241813375794649,-0.163818755785607,-0.248843596642481,-0.0636274930417944,0.0340958294167715,0.0329174248950814,0.0353528220064213,0.0115795960808567,1.37652803163389,0.23984840039599,0.28938157555557,0.176642805237021,0.469249484286901,0.654392318456665,0.765076170179289,0.957281603000808,-0.36096660107872,0.760183055698173,0.733108273059514,0.802998720362871,0.489935726326596,0.31827625052037,0.218220552053756,0.0396054122784339,0.220805123524288,0.190407661918032,0.160672180946252,0.1321059187918,0.110968961418722,0.069516670347254,0.0431023841391628,0.0132884731674758,38669.6650696043
"51",-0.212892483766014,-0.179347747479065,-0.25470847960886,-0.0780138517655272,0.0209252093913789,0.0277845585242287,0.036086317301411,0.0111865628159402,0.656024618157357,0.159882437757801,0.298117287866316,0.199107540821462,0.438263815987568,0.64821839265223,0.772614425948271,0.957287264957017,0.350826311346451,0.844003598304576,0.727193121510907,0.787422663747158,0.525714486598767,0.327840977722662,0.210351149715191,0.0395372047500058,0.223107221117427,0.186478548809462,0.16143337715033,0.133341897939979,0.107469183834762,0.0704409642853954,0.0417281613281471,0.0131877533371107,38667.2291856893
"52",-0.267094007068147,-0.159552192751429,-0.2210215277529,-0.0762048750890871,0.0234512246841405,0.0402008033329757,0.0374642224389943,0.0117813537733043,0.588404116047375,0.250948681321298,0.31801623660073,0.191916629735025,0.448253879229553,0.656362879009607,0.765661542929786,0.955755851817194,0.435475225443401,0.746058338289819,0.695382362145332,0.792129835546518,0.51454575612034,0.31534911246944,0.217041958082979,0.0410617950183765,0.212965322218039,0.186451721570728,0.16439886590957,0.134093524756061,0.109800342839973,0.0702059329221923,0.0412163360139942,0.0129910757082855,38671.4483251626
"53",-0.21612568826403,-0.201692834501787,-0.220380150909569,-0.105675555540257,0.0280820621458857,0.0354043539626036,0.0409084784960399,0.0114668449617002,0.504511067528957,0.285763778815014,0.177215066350843,0.244795345231341,0.445968237717218,0.641848923807084,0.763318574082262,0.958095996423967,0.504989733534902,0.727773115837439,0.836336069739654,0.74830642204827,0.515531221106639,0.330557779796153,0.217969525894784,0.0386059004846218,0.224334082748971,0.186734202291,0.162219844879136,0.133007796264093,0.110283500717497,0.0707315912391058,0.0419759630911919,0.0128900025428858,38669.3956357701
"54",-0.291849315055099,-0.181717357751527,-0.222880848618068,-0.0848107306287822,0.0306998758099928,0.0321474781727609,0.0359370880092754,0.0116801325599047,0.305990542528221,0.360908265037284,0.256290179205432,0.24041252758196,0.432715555700294,0.651044639668857,0.76666482921916,0.956504984469292,0.72394417017454,0.645353027650054,0.758711715654641,0.744913964303936,0.527711595119634,0.323300101385938,0.216273857346483,0.0403430829813385,0.219407139448603,0.183550908873923,0.161942845048733,0.132490883780076,0.110017278001603,0.0718428847823055,0.0413855693317452,0.0130234884848441,38670.9818399707
"55",-0.23648857146596,-0.179899877472452,-0.247887849566404,-0.103651139770933,0.00424884896613153,0.0298890999896458,0.041377852463877,0.0113062978902177,-0.145510369075789,0.230042281304621,0.306540917772929,0.23882448078904,0.502133269379056,0.654351582611471,0.766464606062879,0.95646696437501,1.15900194736165,0.776907385630071,0.716751775238594,0.753689662860149,0.46620361034715,0.319217426282695,0.21455820480098,0.0404590904927727,0.215612304670315,0.184804381612209,0.162482368624158,0.130867213793715,0.110497465114916,0.0702844873097764,0.0403784813362353,0.0130402318255834,38667.4433687749
"56",-0.219846964391747,-0.179501289919271,-0.225307847073095,-0.0786578142333764,0.0148273970307187,0.0384066701965843,0.0312598086416839,0.0113138418334951,-0.0196672537537392,-0.000877631569751614,0.208420879770369,0.216625036375516,0.439370078666972,0.641461968877865,0.772394602797712,0.958503186612593,1.02963886489251,1.0086479647362,0.807442631537712,0.767036105812048,0.527541910741074,0.331946895330425,0.211696023063839,0.0381595726905251,0.218981173622631,0.185255311611592,0.158815991382992,0.133241779357399,0.110958757477568,0.0724337450372407,0.0419167043162937,0.0130720223145819,38660.320771046
"57",-0.253364659227273,-0.143555697011706,-0.213897689287474,-0.0724944263361274,0.0107395615932278,0.0326291838303047,0.0339890269420381,0.0124700710066975,0.824290659973083,0.210911263293436,0.194714643908332,0.206732134517178,0.425950274929703,0.648433688923989,0.770954536687914,0.957572002695514,0.19541489252213,0.782518910338898,0.817571506884141,0.776998055247867,0.542386951545819,0.325542611579895,0.212104988343362,0.0389745602086301,0.215437430857417,0.190213158476465,0.15844152934447,0.131393673984973,0.112137341932936,0.0707927375993574,0.0415259168496044,0.0129198306938493,38671.6741110554
"58",-0.233656225692112,-0.148862893432249,-0.227375476583583,-0.0847368286819727,0.029594266639483,0.0307286256148081,0.0369724331072044,0.0123195121311529,0.297397319491228,0.0611830580351142,0.180081912219092,0.222593844430094,0.457245874116837,0.64667597287911,0.769726954732969,0.956274022537055,0.715401541620867,0.935958956087449,0.836503347674742,0.764319865457637,0.503255164010423,0.32882856612641,0.212390211847204,0.0404504948299149,0.219030246205243,0.188714696032879,0.162449620093554,0.131762798177082,0.114633065512956,0.0723205718320594,0.0414300587826907,0.0133153117810464,38671.0774866812
"59",-0.218719975110711,-0.139912632938883,-0.192744220390167,-0.0614988547865387,0.0179200869769988,0.0221418474692465,0.0322378575311099,0.0130072896989684,1.32769004954225,0.276160870900728,0.236170335280088,0.206687379976717,0.470177302302217,0.661697915865386,0.772195751341206,0.95645451828796,-0.321485722500434,0.715172915394425,0.767766870136763,0.773252913646124,0.492888571672299,0.315685272376772,0.211612539437675,0.0398087966164451,0.215648015946386,0.189923103055551,0.158736948664253,0.132281740154809,0.111218019643322,0.0719141316440866,0.0409424030221457,0.0130581345050332,38668.7250295405
"60",-0.215163192822815,-0.156980369447896,-0.211969608988985,-0.0482402473068505,0.0251905209041592,0.0366502013797985,0.0352991594082998,0.0113155303660198,0.340032603691304,0.158672293169634,0.288435781189448,0.199762360420575,0.437279656493272,0.654878538481712,0.76922708971717,0.958017797179195,0.668098691647681,0.841532721190771,0.723445588048893,0.774138857601632,0.526612382408447,0.317507190139446,0.213693043449461,0.0387461217002779,0.217044663327172,0.187097434753321,0.161920877557555,0.133202910020452,0.111293582328359,0.0708266933612339,0.0417927062191226,0.0130916424191835,38673.3543994149
"61",-0.246095682746334,-0.187870148388714,-0.232826576320192,-0.101641516227528,0.00793419395571192,0.0257142233412483,0.0414737404640095,0.0113945497607026,1.41119121835547,0.206767681692509,0.184582546249857,0.206471801184416,0.465378580065752,0.650091627503767,0.76531442621771,0.956877163429063,-0.392786874564759,0.802101913445955,0.834048516527602,0.78664768793221,0.503000095838406,0.325159484342805,0.215781000468632,0.0398898894405875,0.214595846949928,0.18995507372151,0.162249753062109,0.132397691052606,0.111929200067155,0.0704380456015766,0.0429290330390225,0.0133620047182184,38667.1832590534
"62",-0.194240200733218,-0.182617505523161,-0.217827466166818,-0.0675665608132146,0.033282714468405,0.0449079534927644,0.0399734225354758,0.0128829291281448,0.663870305207781,0.196076994454137,0.205405995084677,0.215228352595175,0.444680415259092,0.6370479561953,0.758305019596694,0.955749453216236,0.335717271076321,0.809303454086306,0.80687955042101,0.765828513836589,0.514923224386241,0.333251457550837,0.223720906837173,0.0406017623582678,0.225059893195418,0.193191909664269,0.163431499136595,0.133783080098305,0.111902981108525,0.0711648635339352,0.0421555878386364,0.0130471131532767,38668.6014532661
"63",-0.262110177404264,-0.150746954566928,-0.210534013509599,-0.06023452365168,0.00586001088249447,0.0454684731409591,0.0337157983548695,0.0128160007459844,-0.103751695662918,0.206077990042174,0.18417386918854,0.185605136399162,0.489735420086855,0.650129662055771,0.764642239869913,0.955971548296331,1.12738510199825,0.790437076431784,0.828436905467832,0.792448446842551,0.479378742281541,0.319324653013358,0.219289484614638,0.0404185179268927,0.21617009287612,0.191534123294914,0.159395415880551,0.133363373859713,0.110000000594104,0.0697140550409245,0.040530559145073,0.0130347489815405,38665.8769322784
"64",-0.269659367284538,-0.161438145348014,-0.227382621456302,-0.0960421094938,0.0335386407989111,0.0351322903078838,0.0341498827811962,0.0115334731195817,1.44849810634943,0.131218606661832,0.297111251964464,0.262007920863721,0.476401411913684,0.644466448425361,0.767640091829667,0.956980345343461,-0.423210952086953,0.870066063659865,0.721116108408322,0.72684409178135,0.482517040254972,0.328978182377393,0.21614983620898,0.0399809833395215,0.214891206384937,0.194934829705984,0.161330677842734,0.13003809654226,0.111662348876,0.070432982617027,0.0416251020021057,0.013208958788724,38668.9774269829
"65",-0.25117856995448,-0.134829444144646,-0.23458330005781,-0.0588748344958935,-0.0140154508633403,0.0294712762427074,0.0315014696978307,0.00957247168128259,-0.0470080388670211,0.177023802223047,0.187129115597281,0.182178088851729,0.475836932103339,0.648107223578862,0.767862249392722,0.958921461482652,1.06397056267532,0.813839826230938,0.831190575733588,0.796443500657634,0.499526881963042,0.327180276382395,0.217133803127055,0.0384751237873618,0.221265065347763,0.185951101311221,0.161558854788798,0.130879580022543,0.111710734134861,0.0719805238720516,0.0408398191483752,0.0130501386553889,38667.3181705348
"66",-0.221083832123209,-0.1736604493042,-0.226829127080892,-0.105542597983321,0.0266563563362477,0.0250180327521034,0.038819446576615,0.0130183828932192,-0.52379372723309,0.200873902843648,0.225543253399993,0.243850736663825,0.471512878861381,0.650143399956032,0.76585806128925,0.957541688602792,1.53169276224026,0.802779869796357,0.788676043897203,0.750921442170668,0.48996216935316,0.325722535243986,0.216686117000053,0.0387941663090456,0.221875139156008,0.186391463776689,0.160437151534356,0.129568198886343,0.111995881434599,0.0703991123447385,0.041233645692527,0.0132844678240109,38667.6969243654
"67",-0.233130019756615,-0.158281772788441,-0.220632722114652,-0.0868703468286375,0.0272711342648483,0.0336457399953152,0.0401309158085511,0.00992980110753214,0.695880429507155,0.217526589021688,0.169127064123118,0.256022634151848,0.430125008021456,0.652194951651845,0.767433867257862,0.959073225449091,0.316032208213837,0.782943565313131,0.843482511119,0.731324802565877,0.531850794411853,0.321201157933832,0.214083946769682,0.0381852070394026,0.220457988236942,0.190030409581294,0.162258181966073,0.129894332920531,0.114064141990811,0.0706246340882096,0.0405573484552492,0.01305281218376,38671.9594116634
"68",-0.245346206401289,-0.154335670665927,-0.227123217007909,-0.0900199171216642,0.0269274205121038,0.0426366051088609,0.0318963086771678,0.0121657008952233,1.00737306917492,0.238179779435733,0.223138741003956,0.238599635830528,0.461812877432468,0.645337737700662,0.767913414189744,0.957707590776243,0.0118293692670977,0.757785098397191,0.792094222825013,0.749383890822921,0.498413561845839,0.32531139830601,0.216591530371258,0.0386692645864958,0.215915699541751,0.186192350622844,0.164077805334968,0.131328404753274,0.113569539322971,0.068957685651889,0.0416257686375718,0.0131664262870787,38671.9609682353
"69",-0.19515129863282,-0.177859511024633,-0.220426485734647,-0.0925692203073569,0.0455703287023837,0.0331789327989779,0.0440243882539886,0.0093084955506387,0.227597286261714,0.262387740846261,0.302294795888498,0.250557015626735,0.43460460970407,0.663937628116615,0.763361220016598,0.957643301845053,0.772817092766308,0.738762900050626,0.714786121055928,0.739586727299695,0.521739927475178,0.309491333152072,0.216717442899544,0.0400076231560416,0.219147117421081,0.184651493267163,0.162640204423964,0.131982780425157,0.11161803876044,0.0710685706796565,0.0423953851958323,0.013041923155884,38660.9185348416
"70",-0.210370942405454,-0.141820669821448,-0.228322085567767,-0.0426819263715093,0.000378387151674093,0.0344238370172452,0.0352560286090064,0.0110375370479838,-0.442801117758555,0.233212498874023,0.300109894212609,0.204542424344308,0.47690428453622,0.655763562513825,0.766946299960481,0.957330440300054,1.4501149146236,0.759772687297617,0.715418027072871,0.769886468361026,0.492981903374795,0.316276447761675,0.215882768501715,0.0396062634343712,0.217110171463108,0.18555873927225,0.164846834038606,0.132686076874066,0.110524862410853,0.069459107373143,0.0418692565923275,0.0131681453551071,38665.7473336605
"71",-0.191931743354311,-0.137540016097005,-0.24545150157985,-0.0762182623524464,0.0177851125717167,0.0381587318075271,0.0314182797721169,0.0112802918208828,-0.267576486385856,0.212418262219291,0.276289305762661,0.194822678896018,0.473376628687479,0.654771169119316,0.765615182573822,0.95700923655252,1.26664478092096,0.77807165725516,0.746816029859527,0.790077929223903,0.490881423147962,0.316139977690201,0.218847041690297,0.039939759535005,0.217591547591723,0.197364849837861,0.155489825815557,0.130362730466445,0.10915124478257,0.0697756076026769,0.0411746808670574,0.0127441763769507,38659.9842269387
"72",-0.193095729678871,-0.138298363339004,-0.215342191242507,-0.0744971588854796,0.0245811765446156,0.0346607723300993,0.0428591147016261,0.0109629736846423,-0.569403229377004,0.218786757015819,0.242166351663548,0.242257611256271,0.446051394844112,0.644097775596573,0.766179768623338,0.957698773195476,1.57030178381166,0.773566829685375,0.770988763223289,0.740396523944089,0.516310413515126,0.329477357153312,0.214674237643862,0.0392326917567023,0.221425804262326,0.185591833209042,0.169487599966805,0.131556935852631,0.111859300138282,0.0706615373257036,0.0417353657251576,0.0134445711927111,38668.5332362954
"73",-0.256800353043987,-0.109847824696021,-0.224634559083173,-0.0827631966939638,0.0147663661086254,0.0308830487091891,0.035786149722024,0.0107710871091095,0.0567949952726345,0.147684603252776,0.250315837729159,0.197171789600878,0.448142880914615,0.640314130551397,0.765926007808954,0.957597975496336,0.961869905857633,0.836473531275502,0.7633878305161,0.78936685332001,0.517449157039115,0.334433851183811,0.217354279103226,0.0395716486270235,0.213739134853948,0.190593075100071,0.160265657605795,0.129508596258762,0.110918944458846,0.0701793169694991,0.0417982217646435,0.0127395743024506,38669.9397695285
"74",-0.261155133790668,-0.170329764333258,-0.222152605151079,-0.0898264710284312,0.0257432314952324,0.0222310644113198,0.0401446849070037,0.0104960717550535,0.344929792069453,0.302541421332015,0.191094980519937,0.280614928862133,0.436496806643876,0.653656695845409,0.760468888329433,0.958109769477007,0.67823285483722,0.70153761559804,0.824315861773369,0.705948849378801,0.526978067195027,0.322912336099827,0.221582037600738,0.0389703289689383,0.220104323039893,0.189653525137556,0.163730113940822,0.13007050002994,0.110074911047431,0.0703943299231576,0.0414886976208109,0.0131046713309236,38670.2654280622
"75",-0.242791359347874,-0.207114992399725,-0.264005040973309,-0.0726412658970564,0.0317331511196248,0.0303590186111796,0.0389544812264781,0.0106917752807314,1.29128333293852,0.259986067773594,0.318044866756963,0.168324299503702,0.467736567658986,0.643997156804307,0.76339404912232,0.956831441441628,-0.274322423792401,0.754305831113492,0.710853873072093,0.815693211286573,0.492297633211041,0.331053289276193,0.218556600371316,0.0403798018017321,0.222387247896444,0.188806840893701,0.162793552185274,0.129760633304714,0.112212355542302,0.0698421485508773,0.042969221903437,0.0127416756297378,38664.7956233068
"76",-0.262969160958015,-0.177858976765181,-0.195692304595165,-0.0845538306144903,0.023007857726362,0.0309427994688303,0.036995149352813,0.0121015535893076,0.939113586476989,0.174889588215772,0.193345851056685,0.215656481632394,0.456582744230383,0.656563437866233,0.773640719650632,0.956459897559101,0.0825464025327756,0.830241271222421,0.810943519798583,0.769649449684831,0.506205136553111,0.317985284212286,0.208669552142362,0.0402775214194192,0.218357925219148,0.190498781914531,0.162249525586973,0.132755357315933,0.108735099061547,0.0700824860081068,0.0422867546171908,0.0132831068270269,38672.4184160295
"77",-0.24354519208574,-0.144567370836525,-0.206554887285536,-0.0739115946227055,0.0358515498860431,0.0279185378288879,0.0360485678745751,0.0109679806812842,0.625326405182146,0.189824998358728,0.289845266502806,0.23797389479937,0.437638653523974,0.665884497330989,0.770273933787441,0.957344432787305,0.389643333294756,0.80376841187854,0.719263151462173,0.745379945142749,0.52064647215796,0.308495615307533,0.213319511573897,0.039594754643276,0.223165715873565,0.190342322474151,0.161657440971546,0.132197923283741,0.110466426737069,0.0706620786587981,0.0418734897019642,0.0129390314405969,38671.2437146405
"78",-0.229302005587601,-0.146494700337347,-0.241238772479396,-0.0974425219086411,0.0358409526209323,0.0337903226246307,0.0431021162475989,0.00892031302412932,-0.331904374391425,0.200382502303223,0.276071293211996,0.182540378168237,0.448268359883235,0.651274187960977,0.763027748985221,0.959105863691092,1.34363007409371,0.792000456674148,0.74476354463129,0.809913438966383,0.510673569655831,0.322478011627024,0.217411964640488,0.0384615582880224,0.21497234650186,0.190710014005264,0.158696173975064,0.134496628856925,0.110317529989318,0.0701389345564356,0.0413656717045063,0.0129280572010744,38668.6870340031
"79",-0.209515678946042,-0.150543772721266,-0.219253251948909,-0.0870729057491942,0.0410558873441877,0.0240772876499408,0.0310966177620258,0.011763334884128,0.466228986394298,0.160159130038356,0.201949154461845,0.211128826511472,0.433557205503838,0.643600335251702,0.775909206624935,0.955985465263146,0.539531248073545,0.834539950052625,0.811187787773962,0.775610548504222,0.5231539481348,0.33415789053681,0.208432156007674,0.0407131667873721,0.223537750077632,0.19258951278159,0.161752428616957,0.129046360812895,0.111397608299987,0.0705559292221589,0.0421315827969475,0.0132751739863918,38669.1920255408
"80",-0.247455601046092,-0.152923510484561,-0.228851228734699,-0.0904668792878754,0.0290186624481032,0.029977180165702,0.0396510566256268,0.0103241796519941,0.0250713687772083,0.130187437691801,0.337565454830697,0.211421770771233,0.440699771178697,0.647990956501017,0.764638475290455,0.959293012460682,0.99439874127104,0.865377870691416,0.679404548763783,0.775815399574884,0.518657775055328,0.327032558845163,0.217021089234481,0.0379052135420811,0.217444659685577,0.194421208837457,0.160867839593682,0.132314211513957,0.111537191272207,0.0705606486902758,0.0416817139987626,0.0126417066712569,38665.0028259211
"81",-0.259581081937551,-0.150023571689791,-0.220972644952622,-0.0672977111811341,0.00791878348014811,0.0333901458046532,0.027802081952366,0.013405807163624,-0.497519147330519,0.214062747013647,0.224936686471777,0.219172237815689,0.472587163884003,0.641974166813623,0.777300999936603,0.955364076243431,1.51887491013455,0.780753769724645,0.788664905578482,0.76048604546964,0.495145875674302,0.331837012819358,0.208192558914005,0.0409818963874777,0.220589885444744,0.18643634871869,0.164801389668499,0.128645302893052,0.113221139707586,0.0702940598179596,0.0416480760388391,0.012924620761586,38670.083150461
"82",-0.242152376650355,-0.12894496597235,-0.248434096676804,-0.103105136855179,0.0329269403279119,0.029221126080597,0.0326492252233739,0.0123501685740187,1.02026791714219,0.29117471349553,0.250462475418891,0.249066955436333,0.43917109445943,0.644477353808065,0.770698009315358,0.955861429656432,-0.00553866311705722,0.698178305371687,0.771575501846476,0.740608326424817,0.518914623388207,0.330532695396685,0.21325127832059,0.0409403873391819,0.215894696439004,0.189169153738104,0.158861149241009,0.131767046130346,0.108861723864643,0.070812582357481,0.0421382440351075,0.0128952557264782,38661.5384941009
"83",-0.245493860540858,-0.164440056140292,-0.254014121661004,-0.0796862740729931,0.00978519269602911,0.0252893719364127,0.0346828897893022,0.0132069191597036,0.504317785787809,0.271155001062437,0.345875711386331,0.178093888429837,0.472601282961776,0.651928667654971,0.768046500376702,0.955100413286751,0.513195318610894,0.727733551033341,0.680043340062702,0.80697012239595,0.494818671492488,0.32474272161671,0.214811958702894,0.0411943656942707,0.22218158909242,0.190472509576293,0.165351400764326,0.130122912945346,0.11365356718523,0.0721551485897918,0.0410283391624582,0.0127793131575662,38666.1280361386
"84",-0.255377929640786,-0.13695758148933,-0.227779959221685,-0.0700017548527728,0.0133354461551456,0.0245566993360593,0.0368603505325282,0.0131882095491965,0.30047081287381,0.180021911384548,0.303315548735573,0.229387114095534,0.472256039492172,0.658105480342535,0.774098706603955,0.954009291967634,0.720401654435918,0.811030065281226,0.712930506612216,0.75169527223906,0.493807030323309,0.319099629966403,0.208445023136994,0.0425396836563257,0.21720112993261,0.190474979791907,0.160227744824117,0.131986069395811,0.112831765120258,0.0717000843872587,0.0419110995109996,0.0130028963231768,38671.6579111978
"85",-0.290091593301724,-0.133177835276754,-0.218857657404137,-0.0675076453526681,0.0206600594571549,0.0297759558493742,0.0392590453323118,0.00962247494316635,-0.0370425000905532,0.241833096470674,0.256851827208459,0.206198745190141,0.44592516701914,0.652070421974905,0.75922538174854,0.957139469290002,1.06971188482874,0.74847680237009,0.757342130106019,0.773073411062787,0.519004647149397,0.323881384614371,0.223076697235799,0.0403695936155443,0.217446388363911,0.184886143660001,0.163539446185688,0.132424648814343,0.109093917961559,0.0707524558602459,0.0409743873042227,0.0133824287972129,38667.3197039033
"86",-0.207485630356177,-0.147259141665208,-0.217659370053821,-0.0944884509310312,0.0227664517507628,0.0362649199399759,0.0366352160730452,0.0121962447044157,0.0277095144095922,0.143568118249692,0.188107155154388,0.238450863568856,0.474701532983456,0.642775011184487,0.766235642173204,0.956589271249521,0.976460439398709,0.851228288544079,0.826449841720899,0.751308501056352,0.487676817448323,0.330380055607431,0.216470134684727,0.039978340115472,0.21510998366399,0.186281061140583,0.164238590463429,0.130833496502626,0.110543860874643,0.0704775713981805,0.0425440489944224,0.0131536856569479,38675.2686291817
"87",-0.232302923822651,-0.180057039460304,-0.217068495384013,-0.0741250148424443,0.0156242190464957,0.0290692569089299,0.0337599263343968,0.0118263375990497,-0.193614438372613,0.209693756929496,0.218110275739757,0.19685296416307,0.460520233514283,0.64833479901617,0.767352269587205,0.956471740870664,1.20437311217265,0.795242372676402,0.794627801197925,0.786622041715641,0.505761768243053,0.326349856348112,0.216068821033801,0.0403154789069641,0.217016158254725,0.187169246338445,0.16499623163221,0.135132657268912,0.112164756863977,0.0730708566461849,0.0421714222645318,0.013360207483421,38671.030903218
"88",-0.247282985164701,-0.165993427034311,-0.22007168503574,-0.0877999569673323,0.0282041244917816,0.0417295742446383,0.0348351864339363,0.00846019034794352,0.418115855656056,0.223754559266037,0.216354048029741,0.239756428273041,0.448465512105259,0.640987872181803,0.766123664704096,0.957549611514927,0.598647309222761,0.77610340077862,0.797951448448729,0.746909249098706,0.512996921313338,0.330272392329051,0.217170303227015,0.0403482148582684,0.218436100563333,0.189638440214726,0.167053232925446,0.132146887225725,0.111999733594327,0.0696885685215654,0.0416536120086804,0.0130841967923767,38674.611484147
"89",-0.260479047346447,-0.160453200867792,-0.223475043271123,-0.0916072330375129,0.0109021355196404,0.0349419795728228,0.0294552375093975,0.0122767249278399,0.36155493418989,0.249640402746311,0.273854288764569,0.230363033298164,0.446142946280473,0.644167587705968,0.77299480504278,0.955129917375119,0.659626975454246,0.7481658684178,0.74096826624281,0.757263156988741,0.521296387553492,0.329837583807858,0.211512835828694,0.0415209760036361,0.22022668861351,0.185552829059307,0.162113483809707,0.129730833789185,0.111241559969886,0.0712507879293421,0.0411253130086943,0.0132349891379037,38673.0934648112
"90",-0.261424607499574,-0.145567132261461,-0.225199051236961,-0.0832026291970106,0.0290804248234463,0.0314197596980645,0.0376257484515732,0.0108820826098322,0.506853915578249,0.256624633597807,0.215774267788921,0.216154944322748,0.453410847834031,0.646267076047482,0.765512519720838,0.955791350672808,0.517745116046403,0.739834869697284,0.798857987849021,0.770568868838663,0.507922704404285,0.329043962796553,0.216438287136895,0.0416247161475862,0.225676740859414,0.188055160405649,0.160791540701503,0.130911716879231,0.112005220300601,0.070274272172314,0.0420866438557734,0.0131887431372049,38669.3625447122
"91",-0.230340704339664,-0.159792669790318,-0.21623942645704,-0.0710455475000441,0.0202564813339564,0.035309226973758,0.0411036721186224,0.00944142534052591,-0.377209276876803,0.276127864158267,0.229280743420796,0.216230833780165,0.4712390222137,0.646294542988467,0.76484403146603,0.957486733910586,1.38890558703255,0.722574940128864,0.782275980096601,0.765406251772453,0.493811101293052,0.327653397817604,0.216167081906713,0.0402017312549311,0.216210332734187,0.188295649145263,0.16041364209626,0.133094273197541,0.109525759569457,0.0702612893747601,0.0419807382361881,0.0133659709693238,38673.3024463477
"92",-0.224454237614286,-0.179478769096625,-0.21687550257246,-0.0941102022778981,0.0278808922130433,0.0470760945614468,0.0366850963400435,0.0113833965997016,0.8779069744364,0.299706381656216,0.230141074507606,0.239008552602705,0.454311179046696,0.623051765242345,0.764813536586859,0.957489567698537,0.132780379008671,0.705772610009329,0.783199663905486,0.749377087922537,0.507489485448436,0.3470311992574,0.218145680367439,0.0393343219219926,0.22154988833087,0.190015786283939,0.163466432551476,0.128880372254349,0.109290439710017,0.0707370457642061,0.0408228238306512,0.0130131679640076,38672.3319567884
"93",-0.221343912579679,-0.144465113974812,-0.246193658809859,-0.0918105205747695,0.0414575678612449,0.0346522311220721,0.0404285210377858,0.0120526486668786,0.841528688008981,0.248009522669878,0.185226639661792,0.208483104687795,0.447910234308757,0.644690419007745,0.764837998606797,0.95769442251053,0.166770682997506,0.743532053495477,0.836184085325381,0.779788782451428,0.508337656858024,0.328815017983498,0.21646618108338,0.0388831127197541,0.216581932941872,0.189537350280211,0.165027116708443,0.131181829878658,0.111457471414116,0.0683827364126271,0.0416473663258315,0.0127728440954075,38668.2230725117
"94",-0.20430558322777,-0.173494438813351,-0.212684994627646,-0.0835862532634904,-0.00777783555710976,0.0353656810658745,0.0368936317893147,0.0107893207540409,0.344952410619242,0.208440117936301,0.153697167244743,0.230056301428191,0.488255793802558,0.653756402117103,0.772212040435215,0.956940467939676,0.658357795707745,0.796984489636574,0.856513201506497,0.756168168963632,0.483468834372456,0.318971422829536,0.210772778257812,0.0400330363661375,0.217858790485729,0.194612285487866,0.163964172889145,0.133429752051221,0.111182400948795,0.0686018507564464,0.0420979408966523,0.0131872898832964,38663.7472672227
"95",-0.237138269017706,-0.146151327629142,-0.235636125902179,-0.0860804037974474,0.0237323173039314,0.03912168011078,0.0380203035132789,0.0105972219670294,0.367000012283023,0.10236185161813,0.230741547250755,0.244933026228139,0.450943737546728,0.647770188365117,0.772265926880608,0.956392972774036,0.646200485819656,0.890901624308021,0.788441636422166,0.741324710664775,0.511535256649684,0.324037837212547,0.210122980816926,0.0408299392336676,0.220371345440029,0.187581762051648,0.165869850558295,0.134323736855188,0.113308271247198,0.0695122907455218,0.0412981125776515,0.0130762289608113,38671.8327620088
"96",-0.213616719547171,-0.186774915626008,-0.221727838039361,-0.0998506846522476,0.0141669262428417,0.0132583082620528,0.0414523144350645,0.0116032362918867,-0.0260913613258598,0.262042298781038,0.216376095642121,0.258605332454701,0.479437759953635,0.65849882859027,0.769848899320444,0.95705447511723,1.03149523978031,0.746045446707963,0.796487503708934,0.732760380797204,0.485062342272095,0.322009195146987,0.210763238390646,0.0397872584819904,0.219249145732396,0.192556589774515,0.159174616791472,0.13108382927086,0.111227627991821,0.0696690896453916,0.0408045117252571,0.0130060749963133,38667.8582387228
"97",-0.244678813304202,-0.155424259735439,-0.213442427609739,-0.0889911382503593,0.010373653095513,0.0357007716234963,0.0374544171030935,0.0106568779680457,1.05231339162975,0.266497352677764,0.254820482748193,0.232587798057894,0.47764270023933,0.640680580622911,0.766170004095252,0.958058055032394,-0.0367731521171586,0.730635592914054,0.757236226956386,0.756063495518404,0.489310148932219,0.332521047015319,0.216542598672927,0.0391550870727036,0.224923173839845,0.1890676319183,0.162658434475801,0.132087702851905,0.113612209364417,0.0703295995735108,0.0413839358367476,0.013204034711999,38675.6245356288
"98",-0.237253277742116,-0.140605408889134,-0.23560761120603,-0.0857885428718464,0.0242281433640239,0.0384033135146454,0.0378305187505662,0.0109768992692766,0.368280171634626,0.111270166079894,0.232286481736529,0.237801654307955,0.451414165735245,0.64790690366432,0.772114538146938,0.957866576194334,0.645693908552412,0.881308471617602,0.787092110110481,0.748755410300407,0.51155720893472,0.324105142846052,0.209861048189295,0.0390663914730013,0.219736930329373,0.188717113790764,0.165972344246063,0.13409328194717,0.113201808818763,0.0695562709589535,0.0413033138787592,0.0130753765639765,38675.700282769
"99",-0.22830409513305,-0.159634082836599,-0.212510931915464,-0.0838966715608063,0.0134519555090324,0.0259007191151854,0.0392706789188394,0.0103233900167095,0.203397023146794,0.228869695314253,0.282828457971861,0.213397386745839,0.463894469753826,0.648246140345587,0.762432262380743,0.957350806747916,0.811262115414749,0.770409024625978,0.727937076582008,0.772821046683437,0.501218217896182,0.329126498582808,0.219999063532231,0.0399800815230123,0.221482580013502,0.186539935154203,0.162381576257832,0.132798005840681,0.105978198586158,0.0716359590669579,0.0418415688387725,0.0129739381053597,38668.2839095974
"100",-0.270031524928432,-0.133591234684337,-0.225040334463105,-0.0851671946004171,0.0280539110226631,0.024497892354733,0.0380332147529941,0.0144792485912561,-0.104411693529067,0.108051570907488,0.280954539055221,0.248722329021854,0.422095984606287,0.659065285694277,0.772588930876682,0.955522454889337,1.13014042443587,0.885124355941341,0.734847536433593,0.736983023565488,0.540889209483379,0.317773312187251,0.208985660629171,0.0403659884774007,0.219632923481451,0.188426975231028,0.160612889825794,0.131999005717282,0.109233478594713,0.0708408409394934,0.0425671832173243,0.0130340872513587,38665.5913367638
"101",-0.23111265375774,-0.146920559682158,-0.209288929965491,-0.080045414804881,0.0400755944422921,0.0181224808894269,0.0331672909075843,0.0099198808214084,-0.339846755871488,0.10889455670298,0.240592308814496,0.18064214218896,0.450514254917602,0.661432756150958,0.765894549296958,0.957815086098413,1.35247146940375,0.884002691850459,0.769569819564802,0.803330213259032,0.506372252265043,0.317862176197265,0.217605142386867,0.0393966529480349,0.218238766424415,0.189415004440355,0.167286178305636,0.131832384082784,0.114392377494299,0.070461794347839,0.0408365038825115,0.0132292038885612,38662.8471234139
"102",-0.237627468976946,-0.169500466536816,-0.210368152725925,-0.0757974715828125,0.0508216350813561,0.0208939129425529,0.0289177678519789,0.0111664404858162,0.631905192422855,0.163758691039625,0.331039333600331,0.241834309935978,0.449403066532627,0.652900844933797,0.773760238429641,0.958554827479009,0.384188401829778,0.837764765963415,0.68041002850688,0.740057284778498,0.503946064375434,0.325016306658753,0.21158274234642,0.0383542534770331,0.214432074964485,0.193165456827216,0.161356348632793,0.132477281033253,0.11410233009913,0.0711529228635905,0.0407420778055579,0.0131361106767574,38664.4485622622
"103",-0.248669282207997,-0.130968596702707,-0.234961408888873,-0.0761183754764014,0.00452268578176148,0.0418798332795438,0.0351249642615356,0.0134961558777909,-0.544873537521334,0.274295201887276,0.289825405712993,0.214126822678596,0.469488611522682,0.637304169922946,0.766443705822353,0.955457466800672,1.56326572363443,0.712956276550133,0.728909100933441,0.768640055199008,0.498488074470444,0.334236904042204,0.217378052313507,0.0406583618967281,0.220678016314556,0.188814529864559,0.155736665001027,0.132820337552414,0.108360573463956,0.0710505081223406,0.0420785200632121,0.0132142608458214,38664.7888678385
"104",-0.214407170416298,-0.133465210121341,-0.204521608975003,-0.0633260469883781,0.00540523103696891,0.0335113485347323,0.035749901439214,0.0111083082540608,0.0598373023244017,0.233475122828313,0.21568517531468,0.246255239853045,0.472765986529647,0.64266111616357,0.773392209506379,0.956615818474878,0.948734500417743,0.756857544771657,0.793412484264116,0.732404888881818,0.495571940421089,0.331466315518581,0.209568773544974,0.0404248415262633,0.215090889545665,0.189313033566725,0.162208993400234,0.13344273586206,0.114324500003249,0.069792414040777,0.0414517372977297,0.0133696417971908,38671.7327149034
"105",-0.21392239052571,-0.158402829773774,-0.233509263186389,-0.0735838299174835,0.0149118568794676,0.0218581741700048,0.0351356765053191,0.0121508039374801,1.46998752740823,0.30944857570032,0.208994460228386,0.220641942046679,0.453888504297124,0.664645631063064,0.77028290877532,0.957074304138085,-0.462502975846459,0.689628315408391,0.80928689228138,0.763156379785941,0.511973682566169,0.312312179972973,0.212674968614625,0.0394947449051158,0.222605916474575,0.182930350724391,0.161478743542315,0.133263820385705,0.110125203289009,0.0716987531370913,0.0409334390801261,0.0132898353048868,38671.4781568552
"106",-0.208940034747732,-0.165888074850026,-0.228253085080267,-0.0652374070533737,0.0257789006638894,0.0348319544892005,0.0390923028318764,0.011172921550835,0.496815629090195,0.148791076515791,0.174384025855472,0.241122008186634,0.463662459760103,0.656702477268704,0.76251619936699,0.95935590188241,0.508032822263081,0.853465017162295,0.842084814054814,0.740212177871567,0.49875983985242,0.316900636491252,0.219142002718334,0.0373464704264759,0.217840172137397,0.185710844905474,0.159944314447546,0.132877739124404,0.109732127754706,0.0710979439551848,0.0419922444331445,0.0133772586321328,38667.9787141739
"107",-0.310072340284714,-0.191064895104322,-0.196662110073939,-0.0825996561037793,0.0322006808646212,0.020072256754897,0.0305841019885892,0.0128508413013145,0.943273288374113,0.288296780650789,0.231199065701503,0.217518524406093,0.451238048107886,0.666491208378425,0.772494554380572,0.955897628756014,0.0942507319810561,0.718721361639191,0.774551522060636,0.768752934682887,0.508625264156636,0.312004067121912,0.212096773544779,0.0406726283059665,0.214338093637528,0.182597037090086,0.164920594423318,0.129871280976965,0.111608826327029,0.0694096039339233,0.0407737605324999,0.0130088420174537,38660.1376342856
"108",-0.22708827596375,-0.169009146167574,-0.233373878557063,-0.073818035762638,0.00811853059376316,0.0313856048430442,0.039341740305781,0.012015674849313,-0.306416579993887,0.164817296260292,0.27007594967524,0.222759033204546,0.504026138451586,0.649353952277729,0.762751046559019,0.955671678830218,1.31540477805355,0.838277992939527,0.748048600175861,0.759621066762985,0.464077565959159,0.324640433135389,0.219115056285664,0.041109333957279,0.211861601313711,0.187685959790188,0.15809347245384,0.129135094434644,0.111355176795918,0.0703587670381109,0.0416096061706519,0.0131561490669214,38669.0979232267
"109",-0.219821599089654,-0.168713131284089,-0.218478851061542,-0.0620900438654945,0.0291022788753821,0.0331628730590182,0.031398473418327,0.0104096382465836,1.29890156264002,0.243783418976075,0.225800370849982,0.230991896446165,0.444205726110002,0.637970338778921,0.771537592972644,0.957505118318876,-0.290471273509663,0.757486324877066,0.787599775429692,0.749259523750809,0.517613575434757,0.336695224337884,0.21271295956485,0.0399029710828075,0.217513899382727,0.187760475176745,0.164634388286452,0.130938578188335,0.109886606405746,0.0706174377941459,0.0424032397768585,0.013167144007665,38673.4094422553
"110",-0.25600289765389,-0.172089700070028,-0.243568311775472,-0.0683403008015483,0.0153956934918199,0.0280248629786341,0.0360221845718836,0.0095299283951099,1.06555618223141,0.267295582719941,0.228050868998893,0.233877688366384,0.475011835722262,0.6617974475973,0.767149803025841,0.958814104480317,-0.0463848506201872,0.733995147631335,0.795065400773245,0.747159396656814,0.490384661154024,0.313677680250073,0.215873365701511,0.0385178769804953,0.213151458989645,0.18968145802727,0.16273055731493,0.132583458170742,0.110082662976284,0.070766153279265,0.0422467692834032,0.0130033545629275,38672.8002999108
"111",-0.227786590709149,-0.166911278271893,-0.205363096207363,-0.0695942342090563,0.0220963193757599,0.0396876352845248,0.0352567878184333,0.010102364692307,0.111426956229127,0.203502987518492,0.236198900375776,0.252995147223181,0.448217187906985,0.650653562115532,0.768792751125451,0.958336471321897,0.899753811893544,0.797735432651241,0.774254971767747,0.727760833453357,0.515581496875497,0.320770941440293,0.214535447864554,0.039015672559562,0.216531321089759,0.189858842312436,0.161504403837256,0.129387641358605,0.111067016005582,0.0713695143887294,0.0421163571261439,0.0131259141682933,38676.7679713956
"112",-0.222522126041408,-0.156680965192039,-0.227987170838514,-0.0867951430795918,0.0297623156077192,0.0222675027384162,0.0309373469561525,0.0102558040687347,0.7130320214866,0.237753158906282,0.233632126744871,0.22970182704851,0.432878850218437,0.662673722650448,0.77769687774168,0.957405731857662,0.298252723272808,0.759397537305637,0.781816228395189,0.757398392497054,0.529536674995968,0.314354849656959,0.206268749202329,0.0398222287949388,0.218589477875105,0.18953833222914,0.160467214697165,0.13154695686749,0.112212369605583,0.070687049797939,0.0415599860585027,0.0131066102729889,38676.1291657612
"113",-0.273218076482895,-0.145475917468284,-0.207869501871848,-0.0770861188490938,-0.00640225664455326,0.0257914144429007,0.0436504604991337,0.0109588632448013,-0.018164634393148,0.211004028905323,0.217031410388038,0.228824940402394,0.480111382465639,0.662294852153537,0.766075877161238,0.957560846739286,1.04501225525299,0.782936404163278,0.792017354700918,0.755241764688372,0.492883462533874,0.313135953390999,0.214355708677166,0.0396361038733172,0.215901537491586,0.191968849834331,0.1607483296397,0.133642612576624,0.110477285211928,0.0699573735660812,0.0418936158479001,0.0131824056566268,38670.5542574041
"114",-0.217250330532511,-0.159230101824695,-0.244038929163022,-0.10777251471731,0.0415319245120186,0.0342443180018764,0.0349667665799856,0.0113553620975477,-0.472687290699237,0.225963714436054,0.193122272872952,0.281830250580897,0.455074984373401,0.641037037657192,0.771102624458039,0.95672507177863,1.47930081298833,0.770377260975931,0.827637758345666,0.712301933651554,0.500897011489278,0.332735119574417,0.211689219999833,0.0402227728230046,0.219220716582663,0.184427262671063,0.161524629233444,0.131158121669542,0.109586022290405,0.0712756281331431,0.0407068855160749,0.0131258060990518,38668.2358456848
"115",-0.270085237183263,-0.161462963662823,-0.272412228798881,-0.068666456428255,0.0247782018894663,0.0422977747392522,0.0348761743340707,0.00794568507544974,0.593696079599884,0.291307923659613,0.242833061104378,0.200387422602172,0.460129066691384,0.642490913852128,0.765293838258175,0.957845419602248,0.428887590530129,0.706775895398845,0.789738562907577,0.781785726391811,0.502400491638021,0.328843197936973,0.218073674866473,0.0402097762871498,0.21575501650678,0.188680114042641,0.163038537727744,0.132649624207575,0.110083725350261,0.0706388119995542,0.0422224838813203,0.0131976689371633,38665.7765204817
"116",-0.242385083731976,-0.179021061293418,-0.228805298346514,-0.0913414996925283,0.0192349382633091,0.0370851749651886,0.0400270287694661,0.00825552588780397,-0.366438944126815,0.205847492815564,0.269700398253495,0.183795943533878,0.458641540298424,0.64456666017888,0.768343970625304,0.957991651680217,1.38239088440266,0.798480004125701,0.747367372847066,0.80574514633652,0.504091198715624,0.328846317260409,0.213403541425564,0.0401046645405519,0.217949889047723,0.187961096240579,0.160034281842421,0.131963356511717,0.109880858603645,0.0708030010944387,0.0415388519596568,0.0134139881110749,38669.7849101262
"117",-0.216111415859136,-0.149361930149499,-0.226945849692206,-0.0841901424289885,0.00862707723778251,0.0293423069831889,0.0312120569242543,0.0115310281537125,-0.0847368867878877,0.167363419446887,0.255148105267635,0.208934186532175,0.473226925742574,0.64489606590406,0.769490160031363,0.956710637662028,1.0914255146948,0.828088402064632,0.761393447303181,0.777078937970983,0.49365039069122,0.330131565917394,0.215369750072956,0.0402571933861786,0.218584447540153,0.191568622580242,0.160892614758982,0.130426208655953,0.109955240368574,0.0715685412339271,0.0409663950442699,0.0130054874818243,38676.43110162
"118",-0.206958663342824,-0.174361262524599,-0.201269761972917,-0.0710421383257903,0.0181401168545446,0.0322481329372971,0.0424379482749173,0.0107358020259794,0.842918392718453,0.23279756224991,0.242033548184338,0.246295095615374,0.44413899987915,0.659701747891054,0.762576391036379,0.958232456945677,0.163327458717154,0.771383254778741,0.765315335136418,0.735241930726743,0.519975624374411,0.314071583323473,0.218376520789235,0.0387049538157589,0.223926349346583,0.188651041078068,0.160036551859989,0.130766926306324,0.112508344373223,0.0703710028679147,0.0417983287618626,0.0130787025716147,38673.653122649
"119",-0.231411714672917,-0.183867612007923,-0.20106428249481,-0.09274801858593,0.0201334339088659,0.0321968222986187,0.0323322020651704,0.0125318110235946,1.24385374078303,0.183470853057707,0.216492872601329,0.252989137146246,0.461550098189365,0.657973702240626,0.773993024625967,0.956423059602336,-0.232758770267685,0.823268182381051,0.791351561381912,0.735611452514623,0.502352144354327,0.315733086988981,0.209854926528844,0.0401447557641481,0.214102094892559,0.190766426557156,0.165142139466944,0.133165252122783,0.111727064804803,0.0693550532287597,0.0413556222635138,0.0130225976551323,38673.5112496873
"120",-0.267207822100442,-0.144643703223084,-0.209898834832164,-0.0838908245562486,0.0271036736788258,0.0316300203402476,0.0435679049561054,0.0128286460596427,0.106409635764699,0.12985585796824,0.221731414830986,0.225057110892244,0.464779094379239,0.661700626340176,0.767266064205374,0.957307119448017,0.917096655061767,0.863062109719463,0.787724934367939,0.761184110497454,0.496862564927625,0.312595416069506,0.213102742690395,0.0390473781949205,0.220481898212059,0.191127218915208,0.158965903382172,0.131017572874627,0.112585929771457,0.071274250543614,0.0416691826593808,0.0127503063740777,38671.0158473805
"121",-0.230612819292846,-0.137701891008513,-0.237714490747993,-0.084749240700233,0.0361367322994463,0.0376037368513013,0.0355634898192262,0.0117383089849746,0.253412412991097,0.198278223163518,0.252672195010452,0.222719012321816,0.441497365846303,0.644408896282797,0.767990645984228,0.957451559189113,0.75936811791314,0.791209196517632,0.763554976305994,0.764699715315836,0.517848354875797,0.328662572492308,0.214963614327698,0.039113676623238,0.215976527346119,0.186344682942314,0.162588987106811,0.130297158678379,0.109791574726725,0.0693605038369024,0.0417745097494446,0.0132253873882307,38670.724516528
"122",-0.241251149692998,-0.160732567695768,-0.19742262952847,-0.0773727644899995,0.0322828038058934,0.0186574417774366,0.0430443501529698,0.010543395603369,0.1789562789318,0.274450019667463,0.243164528543526,0.22003600704737,0.435263437433459,0.652058939927272,0.763558223597657,0.958353852956959,0.835469671584318,0.722403676621424,0.761888877680419,0.764253584502306,0.52539755625659,0.327078758684307,0.21683664922805,0.0387697308843477,0.221120891509187,0.196658405745358,0.162336498438676,0.128280394177504,0.113381382761776,0.0723932899448961,0.0417215934597572,0.0131689481152109,38665.3625935906
"123",-0.256945891613239,-0.159829143682188,-0.200078143994667,-0.0718383423891487,0.0203881572077571,0.0267820490427709,0.0385844183851419,0.0100440612328058,1.0421105559952,0.117346044463773,0.301774795774675,0.197143176100221,0.468555351668923,0.654826423002757,0.770173861201236,0.956175801853013,-0.0200557092942985,0.882024317314516,0.705783330013369,0.785539528378138,0.496331280220976,0.321367945355733,0.211591460363908,0.0411591029369427,0.220835559182629,0.185934620682798,0.16001303141312,0.130496068575941,0.11157151999943,0.0688002686551423,0.0415760443739641,0.0129259753540158,38669.9488657182
"124",-0.251380861086505,-0.171415419735982,-0.221754184756469,-0.0951359260924283,0.0390014118582738,0.0313303900951944,0.0375659984299263,0.0105853771366062,0.771278063863944,0.218832915344649,0.167740767784506,0.219237867277198,0.442874843340745,0.643797293277687,0.769928645839838,0.957366756544097,0.248661058841433,0.785308519343677,0.84793989176226,0.771048754997681,0.515024900647092,0.330224771747499,0.212400502977735,0.0396992283556409,0.219204678203565,0.188389256869679,0.160835585004099,0.132925698910002,0.11206825693266,0.0712767598832503,0.0418894257136838,0.013232316403493,38675.2776235204
"125",-0.238745687825443,-0.185650899649319,-0.213342588098006,-0.106291079085058,0.0152703132874875,0.0264308710794346,0.0309269258029507,0.0117940049727214,0.341083488120168,0.139811006520717,0.216456590423208,0.238893915849106,0.462902960516766,0.658675830344504,0.775343804419709,0.956452058832839,0.671065411159294,0.867850107003309,0.794891916594237,0.752455175986734,0.504581919492718,0.317071755523708,0.208531971819796,0.0405620531420453,0.219377362615675,0.188403724081194,0.159694282549719,0.131189350121383,0.109913567278699,0.0706148549219935,0.04075073855939,0.0129722735700875,38662.7143279622
"126",-0.225979122366571,-0.173739089669768,-0.212549894247454,-0.0718837698456381,0.0112526510462568,0.0298838918891633,0.0370846173790498,0.01047583153309,-0.191858470886408,0.238415247545179,0.176664659709184,0.25412389532734,0.460819248872755,0.64461485216821,0.769073717146435,0.956718284082484,1.20483822496492,0.765080606920488,0.834614309627908,0.727652969544476,0.50692409546753,0.329404347968389,0.213044215360799,0.0403417697353635,0.217377874329999,0.189647093777614,0.165898011487522,0.134409550839501,0.112012046837536,0.0725896903589797,0.0420274350327505,0.0129034876992342,38667.1885974296
"127",-0.243527384233276,-0.161100013286178,-0.212508737063067,-0.0850055362765714,0.0398944428697737,0.0179847362137223,0.0360606139578734,0.0111001646634535,0.561844219443503,0.13695431496066,0.281802165631551,0.206884790491285,0.444640444768442,0.658784240444606,0.769746586564929,0.958445402958421,0.457698600338216,0.862721362059181,0.73191736952605,0.779799577860448,0.512631124424217,0.319218771379649,0.213263784543813,0.0384144526695247,0.218506432904499,0.188284953316892,0.161288438287586,0.132490124040142,0.114224816780989,0.0716864970394852,0.0414495645224769,0.0130266909790357,38670.1840914629
"128",-0.259062830060065,-0.183132136515157,-0.222252307956186,-0.0923304378543431,0.0285029113861853,0.040354979361208,0.041234031680366,0.0112799722676896,-0.121369698835945,0.257107406905563,0.243463638444116,0.219084204371781,0.490059115220059,0.639030301810201,0.763738475359106,0.956488516229836,1.14262687956019,0.75098109168792,0.772285939794859,0.769779212096846,0.469999170688144,0.332496729853401,0.217510296103565,0.0405049939706127,0.222773600672313,0.18831806227255,0.162363292603881,0.13144640355955,0.108495853620382,0.0717954976175988,0.0414469766055482,0.0128914575903477,38670.7660214206
"129",-0.277035017393159,-0.152511464316228,-0.195706378182066,-0.0826871711384641,0.0174125819084575,0.0296584998987743,0.0350294738047022,0.0114930233549797,0.740626331830644,0.229371909834815,0.208675626172086,0.26773997139741,0.451608946067294,0.653564137450188,0.769101257543993,0.957742178224895,0.285319063535175,0.76710403331383,0.797993476064879,0.717704510540644,0.513678328102758,0.321139826721537,0.21448593545754,0.0391496907997122,0.215443712668919,0.192060023883959,0.163974281732077,0.131242661496368,0.109598231611261,0.0706871140755444,0.0401880322167431,0.0128677532815687,38670.6604514826
"130",-0.253955771295879,-0.143979210231464,-0.175471936129158,-0.0745442046735173,0.0241310351718903,0.0144196192602366,0.0460038313167674,0.0112807683161993,1.30384414722645,0.213145026038968,0.151011567575005,0.251577763848661,0.443107344666171,0.664838502147425,0.764114734228106,0.957741008642753,-0.283496460743232,0.782351778717415,0.847718870882367,0.732146775977645,0.520920071066062,0.315408636407263,0.215106258305063,0.0390067846748361,0.218522100073915,0.190018167861088,0.159598337036618,0.130870532426684,0.112323239021776,0.0706393744774217,0.0408378438524929,0.0129778917294864,38663.4499968206
"131",-0.231745438495201,-0.134721347775671,-0.212750261104893,-0.0807178664985707,0.0261663360179313,0.0400324215121839,0.0395675674408407,0.00957658539490901,0.043552623630199,0.158863723413475,0.231255625041622,0.178637808743778,0.45903829962584,0.648781495373449,0.764616708884848,0.959361703285985,0.969162334382481,0.832791489314955,0.781970300765052,0.807313863404048,0.503317994585703,0.323262491143859,0.217363756440576,0.0380185950094853,0.215869543604461,0.189548562184572,0.157848539790064,0.133477810329575,0.111744549166994,0.0715115166765128,0.0425158449684278,0.0130730517209983,38672.1649129282
"132",-0.248003854762845,-0.138646587571485,-0.226473438098503,-0.0731080211519729,0.0282508079994043,0.0212218475401184,0.0358884347099068,0.0101640160992086,0.434835748074365,0.108801949490127,0.229014023767833,0.229103039819624,0.463994495090381,0.654055193235364,0.763849800915901,0.95693601967009,0.58417635309053,0.884780674666214,0.786232857193665,0.75441666222684,0.498514114293658,0.323607692198636,0.218862633388289,0.0402736627414893,0.215984580894748,0.187312953137531,0.160757535637588,0.12892013649567,0.114480084107294,0.0705678980613217,0.0416994041933703,0.0129906084653017,38670.5714079162
"133",-0.236245453244791,-0.147076842981298,-0.206101381818696,-0.0688872042056934,0.0222275713433827,0.0165778735163533,0.0341143911667844,0.0106298554136336,0.251158186678549,0.31654857174639,0.237748063818718,0.232146713825181,0.439179309143117,0.652232791494754,0.770440652124476,0.958096504614497,0.766414342376517,0.678889385773404,0.772717757617045,0.748694976818188,0.524969382463431,0.326819480154498,0.2129844614949,0.0386578999688313,0.221044018242547,0.182223434575818,0.160085641758591,0.128763691989565,0.110956166793736,0.0713746471860764,0.042535756940503,0.0131080698429544,38660.9041547327
"134",-0.246056461175179,-0.156141767925179,-0.227259002550512,-0.0769314986679262,0.0238921357236972,0.0258332571833376,0.0413177730134928,0.0100450978165447,0.14478080670445,0.168617450997829,0.304108693830223,0.239509174706786,0.463459997251664,0.6519481125262,0.769785523088172,0.958322157369383,0.872921116873973,0.826546703639916,0.713400443816673,0.742941498518496,0.500293153084834,0.324466743444725,0.21101928479594,0.0388461814121561,0.218985274141797,0.187414287204427,0.160523907539939,0.134856200789747,0.110344260662202,0.073203099874145,0.0411615204782522,0.0127182570825238,38666.6263005667
"135",-0.232264999788718,-0.142751225740167,-0.22892308503647,-0.0776644211713203,0.0114788101063266,0.0432847144564831,0.0382363505885735,0.0098485327469898,0.491510100986715,0.0952540608223281,0.295692194836219,0.181357475199053,0.458423927230074,0.637912575269693,0.764892766617504,0.957015703637963,0.525161146558858,0.899589445806337,0.720095847120711,0.803285216475684,0.507794905786526,0.333579730015641,0.217018978650775,0.0402239039238628,0.219284732223562,0.192503319045011,0.160439820336593,0.132568786601258,0.109828355779971,0.0697971413808205,0.0413055255282234,0.0132192071331775,38666.6409037881
"136",-0.252943692236914,-0.155892195769067,-0.25336217251335,-0.0730938967375343,0.0412657619049612,0.0257349988837542,0.0320571280951966,0.0120649093324982,0.408660728885519,0.261455823138708,0.174174852285524,0.192569246842892,0.450322845647197,0.658346385077377,0.769455387798885,0.956292172643531,0.613497757262154,0.737739726350773,0.850684409708531,0.790458051294959,0.507694715400624,0.317576141693178,0.214582106354797,0.0403460733471356,0.21670605230466,0.19300231597571,0.162012489353266,0.131036899038691,0.110503263562113,0.0712547936285195,0.0411933688121321,0.0128239187591256,38669.869385607
"137",-0.247651404217082,-0.147511257476486,-0.240847607630901,-0.0730447937308601,0.0199686228818997,0.036462453484674,0.0387120817553689,0.0136645651768434,0.470044995835887,0.202544538193558,0.250745721814542,0.232683358237232,0.461588807196271,0.647889899837083,0.767693140443348,0.956673776995899,0.548853931110825,0.794400678710935,0.770530643292867,0.750117533803481,0.502840490719913,0.324138734571796,0.214413043398129,0.0393945174411958,0.220255266997739,0.190288170665803,0.165578324957854,0.131501442559165,0.111972935285827,0.0713268270194876,0.0417318189272528,0.0130959190555064,38675.3121621204
"138",-0.265206275610766,-0.133758590676871,-0.202232036371253,-0.117515069210873,0.0261715114695473,0.0411191129774865,0.0404220077631651,0.0107210318912251,0.791793556492824,0.234556285185213,0.246268850276242,0.232127958258579,0.441472899044449,0.647481470576174,0.767905622627561,0.958135858629711,0.232573304068767,0.754200411660288,0.76055111951677,0.765678060107501,0.520490735981955,0.324584403415792,0.213541988263634,0.0390186586498749,0.222950154442962,0.188014968117057,0.166289636434219,0.133989750491855,0.111906151277458,0.069792755778499,0.0413273023280716,0.0132465308262824,38665.9601724588
"139",-0.23601888316571,-0.146644857228734,-0.216422041377064,-0.0694653027987087,0.0130309542923523,0.021771707916365,0.0375212910166257,0.0108335075128206,1.2966070515951,0.207875744250852,0.339739799995846,0.215721747888473,0.454290831788108,0.663927681118946,0.767358524481813,0.955753551559497,-0.281712233040851,0.787108167419515,0.673154477414877,0.765214966930705,0.511485603891462,0.313035259229982,0.214774304014882,0.0415336502655283,0.217839137936216,0.190711655471075,0.158543827447199,0.131761272057638,0.111003630349223,0.0707700834715057,0.0409375574049329,0.0131886962501424,38673.3274898055
"140",-0.188021822734971,-0.165003880042284,-0.223083016159813,-0.0803084613546825,0.0135340029597902,0.0300379343283809,0.0415274583075688,0.0090904615896877,0.488084653250443,0.195588801458255,0.229983199734356,0.221836028490504,0.463639587885983,0.650885262506186,0.760262356471322,0.956892480002104,0.50843272314129,0.806752509825326,0.785459834677593,0.762270917184739,0.502845537728058,0.324920667989364,0.221095218561049,0.0407933814383111,0.216512026101865,0.195587145995627,0.160561103383911,0.130543273723214,0.1089672631417,0.0703496068734663,0.040897556521396,0.0131701447524536,38667.4148191326
"141",-0.224328039141121,-0.155088468140064,-0.253989341710473,-0.0875309093624646,0.0506408920181698,0.0227936353842005,0.0391926519504314,0.0111892126811098,0.778352290480085,0.173125733208778,0.191119212229551,0.26120855590001,0.426138730990901,0.650932967186012,0.76321784270533,0.956250502851689,0.232133291214756,0.823733378492344,0.834992916341995,0.724576528741332,0.527753762801553,0.326456629465044,0.218460548590047,0.0406692026339975,0.211352651812822,0.188697117211321,0.163025864157183,0.135628858083,0.111874983971834,0.0696596634166421,0.0418393446356947,0.013222103914096,38665.1227220944
"142",-0.238012621001794,-0.192104078179265,-0.22467637151482,-0.0946564797560814,0.0508603056707878,0.0208742578151618,0.0391245302816889,0.0107121388045878,0.555153699581218,0.174426813290089,0.268505697336145,0.272671262939005,0.418591336846206,0.657006143683245,0.767486197871551,0.958827886636519,0.45825129038488,0.836012545065368,0.746597813952132,0.71826877644555,0.53690602988133,0.321399155621501,0.214222912740256,0.0381890997254097,0.219655725809646,0.187475680077739,0.162757301110633,0.130036722178648,0.11232960283492,0.0703969945998033,0.0420599787953579,0.0130087987145322,38668.2419708886
"143",-0.24640757086871,-0.126690923523791,-0.186663555446282,-0.0831570301623448,0.024965051454909,0.0331060783520122,0.0314359212352697,0.0129211117581375,1.34455883489597,0.211543653574928,0.280337219159026,0.211604877379006,0.446945546942114,0.647606392514467,0.768261132966937,0.957352589667485,-0.327060824818936,0.777433414070488,0.723231155742876,0.773715835590084,0.514807822929281,0.326513043911672,0.216166073525319,0.0390329849588225,0.216852796249056,0.187416090096265,0.161829973216648,0.132135001203084,0.111521697883825,0.071045689303648,0.04145979947089,0.013191310482081,38673.4029567012
"144",-0.208830315789929,-0.189219010564596,-0.242313191757311,-0.0672945839460221,0.0430658603831345,0.0322367522222346,0.0342909170709283,0.011300244612899,0.647363515014797,0.230780627285319,0.340470764050442,0.204232105035675,0.446726762633766,0.647011015502972,0.766966458086024,0.955707699836302,0.359894121606141,0.778160247357806,0.67951740482332,0.777295835174647,0.508813754984358,0.326891633068476,0.216536042564451,0.041337238937188,0.220472333457678,0.194921730727348,0.159905682358614,0.130981812164406,0.113039767642954,0.0710141583784352,0.0418218119647585,0.0129961976970264,38668.8090768966
"145",-0.219335837155069,-0.11687513425911,-0.216599398584146,-0.0612854258657585,0.00960292571891402,0.0229953983676724,0.0386185136616507,0.0089629431060425,0.31798244816643,0.284637984860592,0.262588561923949,0.181346034078701,0.464198968889008,0.668448262253821,0.769650086304851,0.958565158310767,0.689037209525861,0.69993499302049,0.74857300836266,0.799438370687715,0.502630941987204,0.308358930810414,0.212148815430835,0.0393081368863212,0.218895144420882,0.19075443542894,0.157198734412992,0.129680577989657,0.110695967033014,0.0709976164849183,0.0405654261407945,0.0130984837018499,38662.4669187758
"146",-0.23141435006167,-0.170408715619093,-0.20414202211213,-0.070956323604432,0.0133469575276596,0.0295202524261383,0.0363417953774631,0.0114559857007156,0.682380767297942,0.145675405564169,0.261835078454152,0.220228604039908,0.438523590586153,0.650633069324462,0.768046791031584,0.957574608922145,0.328949997332325,0.857037556757744,0.745850004138967,0.762125953090907,0.528359231803248,0.324672555990682,0.214462632399546,0.0392436764919001,0.216323866954596,0.191679597990021,0.159076035282278,0.127586435556489,0.111064796145939,0.0708577892288311,0.041958837473865,0.0127963186387838,38672.7561266792
"147",-0.242915478185753,-0.147500308545741,-0.21703782385669,-0.0912455017843579,-0.00852596914772183,0.0207027460654342,0.037710205522099,0.0103353567592425,0.637450162066975,0.199818615675145,0.209779221052634,0.231925162224438,0.482351876879297,0.661033250870599,0.762559279832082,0.95788232493192,0.381444434574411,0.795367752254804,0.802085036008097,0.75702445495188,0.490118015608382,0.317229078820284,0.220093232322362,0.03943075211227,0.219956366895754,0.19180253932432,0.160008248376829,0.130140775250653,0.110860130821784,0.0696259956350554,0.041393742004828,0.0130549263492041,38672.385945816
"148",-0.248650539703944,-0.148993578432311,-0.244016848813585,-0.091480097079053,0.00673635296658746,0.0443901397459111,0.0335087187944252,0.0112113028845098,0.964157672459445,0.284650270879719,0.287664034598444,0.234903382649175,0.472927315165053,0.635951655618954,0.771882472432372,0.957660169659292,0.0546770395533151,0.712268662590646,0.734076734536963,0.753348131803608,0.494977315676474,0.334259024344201,0.21151017529852,0.0392957959367543,0.211837013248788,0.191164979990616,0.164855035795171,0.131743948496463,0.11270458947322,0.0704510219951736,0.0422417930326279,0.0131952947228975,38672.0898794946
"149",-0.238172681439707,-0.141189253146982,-0.20892991374196,-0.0775230389949878,0.0297356662439321,0.0287115346945739,0.0340793736327661,0.0107783578480874,0.464312274771513,0.225248166652128,0.188276402700736,0.282733519736531,0.455266532308347,0.647383783226873,0.769624592468876,0.9576687082145,0.552228130964555,0.768731205332475,0.822169325990841,0.70115809983166,0.506527438047246,0.32895323890777,0.212952596302274,0.0396018107245839,0.21403048728996,0.185132628962194,0.161416714509729,0.130535116029583,0.11377279548944,0.0712352631944867,0.0422132178794822,0.0131435583649705,38665.4689685374
"150",-0.251483449919169,-0.118946737486014,-0.226595679735404,-0.0829472414527525,0.0128174170552226,0.0250356709177741,0.0380348001107425,0.00922601006860352,0.313934887625834,0.159813417617074,0.279513859151413,0.226276181554864,0.472714803285755,0.656409054648336,0.772635709649222,0.96117125512609,0.70418780887753,0.825955395588573,0.736389318746652,0.759679164185527,0.493285220341118,0.319242186103726,0.209128543572118,0.0362057623197688,0.21737686858647,0.189208748783357,0.15920040591424,0.131680585276152,0.111788279324536,0.0718232844441698,0.042100006001807,0.0129330899978931,38669.2741711667
"151",-0.272028159499906,-0.140919799293673,-0.230206462404038,-0.0801506970563033,0.025121427467221,0.0243925995890283,0.0322027121247596,0.0127390622581496,0.987633540097144,0.225075304640188,0.229678218357482,0.218844964894188,0.459865725574472,0.663083212433424,0.776582052504766,0.955742005219667,0.0377045157765748,0.766009580317612,0.787009208915265,0.766152874244646,0.50211783845185,0.312408909512215,0.20721154577152,0.0406178159962581,0.22458399248255,0.184079901978419,0.160413015404261,0.132296904657572,0.110515886536594,0.0703315306765691,0.0411945813821035,0.0131026174845176,38670.8615378302
"152",-0.243897182171865,-0.164306651538448,-0.216981858830715,-0.088941908700828,0.0442882345992889,0.0337553538720625,0.0372446337931549,0.00958387518772835,0.729077712836964,0.227632906911872,0.198270909260146,0.228923892467117,0.440109093160658,0.652908188776817,0.761418365006572,0.957386942504277,0.287900932254968,0.771322570627802,0.814364749221756,0.759913506153855,0.516276993089415,0.320345110417227,0.221864028999506,0.0400273846893153,0.213225527671676,0.188035359051824,0.16318973551763,0.130641323460176,0.114096525278663,0.0711894682102444,0.0413497480897594,0.0132944220767126,38672.8802485259
"153",-0.215594341726963,-0.124259775562228,-0.246706059422441,-0.0795727585831298,0.00240962265574516,0.0372470983798064,0.0412025291237076,0.0108557259842768,0.937543411867492,0.137639641528197,0.31350685355015,0.218529941932015,0.465074058852621,0.646689942709271,0.766671953386544,0.957708195008568,0.0727778923563492,0.84771547383573,0.709271652995962,0.766604841796493,0.505648393688136,0.326123026351871,0.214408574060267,0.0393107486977761,0.216769029616397,0.185216111538993,0.163010635080395,0.130387099297194,0.109250925622075,0.0704700696023997,0.0406545277133744,0.0133873534593268,38668.3086722582
"154",-0.246278162339091,-0.154971303738306,-0.224842492838866,-0.0925242855561088,0.0214433201440442,0.0183207769103356,0.0422976811027983,0.0100559069128162,-0.141657450612732,0.188067421532182,0.284009345475661,0.258686247906507,0.446478815102357,0.659547921888417,0.75579500870271,0.959760529200582,1.15732184388945,0.809556433997643,0.731502055328497,0.72979270193736,0.516740398671969,0.318697292462444,0.226304609711785,0.0375585374346014,0.219894377175775,0.190647425727273,0.165812096281508,0.130596842810899,0.110321180604582,0.0702717154885905,0.0420328594369498,0.0131946177951349,38666.5223840032
"155",-0.217430680590505,-0.159996845244061,-0.203786115571675,-0.0692167027207466,0.0180154605388526,0.0475572280124388,0.0369133725830122,0.0111855075766616,0.72192202849971,0.271055558424527,0.176378661820344,0.193809577217121,0.456781935239866,0.633557244834802,0.765913944279914,0.956409637475648,0.285111280924314,0.728888586752196,0.832334699800661,0.786514335667435,0.508662441935495,0.336148239940577,0.217025187558061,0.0406517283255409,0.218199593341812,0.182023791088044,0.161713106325818,0.132214583253794,0.11228703915491,0.0701269718369396,0.042063389622488,0.0128273535923252,38670.4747929979
"156",-0.262294027123357,-0.14842105115975,-0.222919242012107,-0.0886888647401435,0.0339955775078474,0.042917188556071,0.0347721715722726,0.0122625676164393,0.194761170633272,0.245249366883909,0.247909945850282,0.250962679991219,0.468733050347636,0.641896527537847,0.761782889545079,0.956422485298646,0.829304824041407,0.753164793825421,0.768630305377118,0.7362111153697,0.488606263670075,0.328851967911493,0.221743436709108,0.0401296430063457,0.216142931831291,0.19044147131038,0.158361322425381,0.12988241357429,0.10915216251869,0.0704423280140948,0.0412020095001852,0.0131935299266954,38666.7833679841
"157",-0.231884225308015,-0.196021573118506,-0.199858965514044,-0.0662857755445124,0.0188486365958696,0.0318265660747565,0.0378135185868525,0.00898225343439964,0.376281946391035,0.2299786471889,0.230461604011205,0.207065878972794,0.457706836681321,0.643300998937179,0.768867701460051,0.957289026199921,0.633942769548347,0.779846152610793,0.778231316964696,0.773126275137278,0.505808231533504,0.330525957075826,0.213886761709317,0.040377720909073,0.221542785414285,0.19069343178226,0.162955381121409,0.132734554260296,0.110757505744644,0.0714303700649867,0.0416563337512298,0.0133057549560514,38668.993795452
"158",-0.259773493071737,-0.13232657681586,-0.210804171752387,-0.0598484762677306,0.00634965003230548,0.0461923036819118,0.031434018497297,0.0105924515751426,-0.128114653436439,0.190631449135403,0.234955932309419,0.21561620636421,0.489582531569458,0.647390575064187,0.764341442866947,0.956897378491492,1.14996465590209,0.79891868018041,0.773538912884409,0.762231955968345,0.477288145321087,0.322294036940858,0.219949068187299,0.0403296993689373,0.217004095221292,0.183985051125194,0.158872487396101,0.131990289479423,0.109451626230779,0.0692666588205063,0.0403861255971357,0.0130715367572803,38662.7487721541
"159",-0.245523077902321,-0.198212544286936,-0.219207832990465,-0.0687493539019145,0.02359993952002,0.0260872745011835,0.037637109961514,0.011967116361281,0.285670633761505,0.147481139556823,0.291193853666417,0.213343880536984,0.462083738713906,0.639163872739606,0.762913258627107,0.957300392560488,0.731747749687495,0.865874765063745,0.722139998054165,0.76764678649252,0.500379726558261,0.338263381415308,0.219675244893429,0.0393437386209791,0.216972995774397,0.188125642764915,0.166700090671074,0.128778447336391,0.109137430635542,0.0697960879805009,0.0420406660209891,0.012940412876796,38668.2218943767
"160",-0.264628031671273,-0.16336203947669,-0.232696899949709,-0.0824193281716621,0.0224888784543084,0.0283705612256675,0.0318913628469065,0.0106207400451687,1.02309438579922,0.200407303810416,0.242027183523139,0.202486713112845,0.463810174233661,0.645196373669294,0.762199249085706,0.956788737533364,0.00129949178734556,0.799492132008486,0.777132875216494,0.782018191165137,0.500686968627918,0.330660870122952,0.222530326048728,0.0402923118559143,0.218189255813272,0.188999039526614,0.162919867887013,0.130911337720376,0.111097597265216,0.0700800991250123,0.0418175746581866,0.0133597604426007,38672.6670255902
"161",-0.232239074438777,-0.164334155978147,-0.229347415910548,-0.08790622049642,0.0419106047400865,0.0284733508001568,0.0339583538689399,0.0119701339509752,0.519866216283021,0.221196261597885,0.252977064091043,0.229133418060543,0.445000102695377,0.639145394311106,0.77330176007956,0.956439083275493,0.493913369606782,0.780569965092389,0.765158666348343,0.758396040155029,0.51236665324889,0.336300674803064,0.21014739778033,0.0402744307608716,0.220735074576036,0.186526434578919,0.163131260352,0.129626803278977,0.111838563289134,0.0717021287360532,0.0418357738669833,0.0131328514315575,38675.6597530084
"162",-0.249298496097658,-0.168131803102622,-0.223513625239603,-0.0963688224556647,0.01241611451588,0.0286375049121797,0.0385622932266494,0.0114971212823945,0.0192230923554029,0.20386207428265,0.25914038091312,0.225683138067921,0.483302333902021,0.647103306809852,0.767929508129923,0.957136663834974,1.00081749060666,0.79776301579286,0.756175333667665,0.765231296840009,0.482877806599866,0.328771752620677,0.214092567687065,0.0398333281959893,0.221541662779621,0.190345037218585,0.161847783415686,0.13403652631814,0.111621657571378,0.0709360292610398,0.0418502854323454,0.0131833091800848,38677.4654665836
"163",-0.221223077345643,-0.168587572691123,-0.207242679757429,-0.0774577061346359,0.0191077950464511,0.0407131745606665,0.032325676794278,0.0111622731977527,0.800498974863759,0.19757429663377,0.210585657380903,0.230924947696289,0.472710557781167,0.637552731952647,0.767465439759935,0.95651870635149,0.20978105435798,0.805229697401124,0.799127274985147,0.752787777868536,0.492010399570675,0.333845905062525,0.217016486876947,0.0406706385998349,0.218048361667498,0.190620337633728,0.162320678121024,0.129493259187285,0.109238195782281,0.0702766648356252,0.0407735817077197,0.0130551865417735,38674.703790348
"164",-0.225353322535216,-0.133062712606481,-0.212685279821944,-0.0819176216390582,0.0451181491093284,0.0296145746765423,0.0442543388744615,0.00983521913748644,1.3617423631595,0.114196994512219,0.201650658660098,0.2193128010457,0.433897763213482,0.647525015198629,0.768283128651222,0.958091677706563,-0.352143285264852,0.876333442934049,0.810196297926003,0.766784825580276,0.521553048575802,0.327758641554528,0.211519371750064,0.0393224034698601,0.219229197293787,0.191916288894526,0.165254360736945,0.130729712000001,0.110507656391645,0.0722247350912958,0.0420257505224218,0.0130294336028867,38670.56645566
"165",-0.23881960948866,-0.157130058834872,-0.208536674178093,-0.0876164971568839,0.0216479056858959,0.0474235547026389,0.031368458669121,0.0128393693163184,0.141962340192849,0.118815278396593,0.285584145507401,0.185007937987766,0.458845272062708,0.632974966868925,0.77357297342972,0.957328749957464,0.871920041911837,0.879578399753622,0.723433324965491,0.803824260887141,0.502698753877967,0.337210277326156,0.211038203134097,0.0391213226200861,0.21084642724694,0.184188395847749,0.163628888530359,0.12999777634902,0.112773091533423,0.0724046702468602,0.0415340786876394,0.01267068695706,38658.7070075415
"166",-0.256239017925233,-0.133484469980028,-0.215127022917656,-0.0917138215515117,0.0367242190224772,0.0277516463810657,0.0375822888792289,0.0106542439144691,0.833274626546608,0.181688660128433,0.267025062727155,0.201694134163717,0.455322632621367,0.654583049365674,0.75934642250919,0.958655688748271,0.186711913428863,0.807394723895648,0.745933763495021,0.785555469442998,0.502929171150816,0.321517278440238,0.223369602729934,0.038403527505498,0.219971559066506,0.188871670023378,0.163398426979155,0.130350425449406,0.110801273400657,0.0704018022312265,0.0421353442677563,0.0130129946818896,38672.6210005196
"167",-0.239099843643327,-0.150710479459945,-0.220693494596527,-0.078016294582984,0.0234370150916865,0.0367449597044074,0.041842013039227,0.00958954599716867,1.10082471110383,0.244774894197954,0.267019277635056,0.216505499152531,0.471096092187336,0.652789511028009,0.765564937786587,0.957648060486234,-0.0864954090540455,0.750074784282102,0.745796113431616,0.768148884379684,0.491566828035984,0.320222059642651,0.215426569318595,0.0398597419166922,0.217096842811726,0.188277268683306,0.158412083178901,0.128800885731593,0.109748408673588,0.0710615213256553,0.0412024962215701,0.0130021132262228,38675.8840058037
"168",-0.245711430561376,-0.154723852679277,-0.229077125368943,-0.0672402931111052,0.0164985967972707,0.0223861103715112,0.0378709875607801,0.0105113665127875,0.0262003751203749,0.252373700969514,0.214480680519457,0.199055691113405,0.457671282089083,0.657375260963244,0.764642734829692,0.958645039310012,0.992861459579549,0.744674698150721,0.801991767791324,0.78192941764317,0.508699656028969,0.318876057305125,0.217912061245951,0.0385740278666862,0.213999090676482,0.188869369965984,0.161767112524364,0.133053075463336,0.111440464422101,0.0708459276871553,0.0412198526227033,0.0128828673643299,38673.7863449277
"169",-0.253063405853017,-0.109899629851614,-0.270964899160364,-0.0649502362684702,0.0167881045698242,0.0386861119354385,0.0308492074397965,0.011152299885623,0.924388684920883,0.183615596988726,0.173534574058939,0.198643560551448,0.438661234491616,0.643163644311404,0.76817969768405,0.957840639874924,0.0968555711765211,0.798912069339367,0.856692507053889,0.782855200983648,0.526516767535416,0.328722629461784,0.216429210903352,0.0389914698807841,0.222009249687862,0.189651162425648,0.162129264673796,0.132301069096041,0.111476239453891,0.0712169920373614,0.0413152333679371,0.0131068879009327,38666.4687994275
"170",-0.237807290000269,-0.185813994237061,-0.210833716434811,-0.0962325667373061,0.0459862272836735,0.0370951728893381,0.0305177529717743,0.0110351180437541,1.00641199668475,0.201067978030981,0.32931143578837,0.23200708432992,0.421183609114023,0.646374859529879,0.770493048534581,0.956476221545522,0.00807156844905471,0.806674812745292,0.682735600363666,0.758943807213695,0.535537620789572,0.327627254947926,0.213811312506898,0.0406960865063084,0.213398516725008,0.189195568147399,0.166160271345811,0.130476462568651,0.113843846229661,0.0719266702116644,0.041723134981579,0.0130737273865478,38663.9860104053
"171",-0.241333504542175,-0.167011440846619,-0.21797525890908,-0.0731327141651318,0.0357942789085403,0.0343084457477131,0.0365921187220147,0.0105502781059247,0.568197182015811,0.145649617700162,0.25729760470835,0.217819911314361,0.447464429888398,0.638612466034275,0.763131739776158,0.955581883722504,0.44947469368104,0.856983953520364,0.755927869361127,0.765703964556198,0.510604861576114,0.336180704985093,0.220406071292056,0.0416095222978097,0.214539687625843,0.189043585239842,0.163557698716857,0.133080837325196,0.112649485621156,0.0710407266675828,0.0412772453798391,0.0129887471013898,38671.1090326022
"172",-0.224569132928895,-0.149783486568377,-0.236224659307063,-0.070966649918384,0.0130650686868362,0.0281991801999416,0.0450882872008985,0.0102081950853833,-0.275658716187375,0.251719368588108,0.294875119721067,0.215024959966057,0.470200480735184,0.649683131440374,0.756023595162218,0.958390144003159,1.28521889156039,0.743302086693791,0.723080374163517,0.767445982362479,0.496641955092007,0.326238934849673,0.22445695021272,0.0390142077183168,0.219171358587932,0.189668393413664,0.159628612350685,0.129059048381027,0.111035648498011,0.0710170977644536,0.0414823102536852,0.012939116159197,38672.0943188062
"173",-0.251577192520977,-0.157118587123724,-0.237769604571907,-0.0785227064239773,0.0137293830804079,0.0320269820717494,0.035883557884705,0.0130866943651854,0.256517355532312,0.25032222491243,0.295847026427853,0.164221593339811,0.475777287508132,0.663304642646521,0.766683694021248,0.956940347334003,0.762472883207382,0.745744872350813,0.722721431326945,0.819740015877048,0.488432562699485,0.310791927547177,0.216576793832428,0.0393939273303659,0.226937508002969,0.184835363668877,0.158801221545967,0.130845487752003,0.109327156233458,0.0721052727168861,0.0405477536279107,0.0133609684843587,38661.2794396261
"174",-0.252664953689473,-0.186136625623054,-0.219112872679391,-0.0846191855524313,0.0200749164840007,0.037058336332985,0.0350690406455678,0.00966245802195754,0.33206510839392,0.181092589747835,0.262717191081926,0.237111798467293,0.455606539759714,0.641458209422942,0.770351910789085,0.958369377525726,0.688212810793825,0.827204209602797,0.751138529622238,0.74829812307327,0.508943532433574,0.332045330179628,0.212678844013645,0.0388600283799928,0.221553507597225,0.186963201158555,0.154464930990812,0.130165109989085,0.109721818720104,0.0714535504702539,0.0415679504872088,0.0130730378265374,38670.1583535965
"175",-0.238489791588808,-0.177369327732782,-0.237145710284808,-0.101678751888175,0.0109283356525125,0.0322236889896381,0.0321807948442736,0.011081379374493,-0.0230699979429521,0.263087809286814,0.245431881112661,0.281379669439623,0.47905404857159,0.629913241449708,0.76631601301795,0.958099367866222,1.03835404526182,0.741558679406576,0.774037879015163,0.710989000469722,0.486854454014649,0.345503868799561,0.218308133807755,0.0388958864361601,0.219820639868908,0.188872017479021,0.162569215214324,0.129886038280015,0.11057913045484,0.0705484318281109,0.0413949932966545,0.0131123463425098,38671.8800326085
"176",-0.252303125443963,-0.172913885819854,-0.210061953025448,-0.0910463283630596,0.0286442124253643,0.0331162879146336,0.0315095403216763,0.011910957307831,0.996692877290919,0.266691332228613,0.221944627018718,0.236138741930699,0.449626947929995,0.654770806786342,0.770237319642224,0.957993281326337,0.0208197762930291,0.736100371188222,0.789362395239111,0.75270900236572,0.511510823715055,0.318178477709993,0.214045893196846,0.0387138431232792,0.217024693176959,0.186296678649175,0.162527417120956,0.13086339263518,0.109242077143805,0.0694101417819114,0.0416548508805904,0.0132646240250676,38674.9592171337
"177",-0.239085884237284,-0.161946995503661,-0.222875893595608,-0.0583726669798507,0.0235751443898538,0.0264391389471542,0.0366654154387564,0.00957332138883935,-0.5005501314785,0.301900108986648,0.224899821029672,0.220112559515507,0.481038173180037,0.657336751162711,0.768943648187103,0.957131737307069,1.5167987500272,0.696271050981525,0.789038752057142,0.757153673675205,0.48122915502972,0.318343340628092,0.213271011867589,0.0405348691343855,0.217657377670198,0.187301650495237,0.160294431804199,0.130740148347354,0.110569752337076,0.0717602810559857,0.0411265987226848,0.0131282390908357,38673.3142846023
"178",-0.242854365229208,-0.145832983557094,-0.210396654282386,-0.067594226883745,0.00196812300085671,0.0321593807691158,0.0403799573889394,0.00905381229527854,0.255938844975777,0.324730953491807,0.299591237673209,0.219166541951474,0.469515556740003,0.657033108165499,0.760032175831831,0.958251227270677,0.760365309917793,0.66897085536279,0.711332951969085,0.760350372903294,0.500395842034513,0.31614555959655,0.221396676372415,0.0394799321177363,0.215279064812583,0.188634581896645,0.160576232798674,0.131376752850928,0.112132931756671,0.0688748082051466,0.0409848742696229,0.0130726352198215,38668.4435365947
"179",-0.270016743265249,-0.17379375783411,-0.224520046632704,-0.0727353849079057,0.0105789814143994,0.027089720670412,0.0283907562432718,0.0123946846208479,0.0823753880736426,0.212831236959563,0.1813552252497,0.193335208494107,0.466795443892738,0.642646134847634,0.771605893067372,0.957247392107824,0.942668486938533,0.791124899781191,0.831456090699086,0.7892211400143,0.500226121681378,0.333866216870429,0.213866519714703,0.0392576766091429,0.220810720958958,0.193320562711454,0.16358848120551,0.131545763045908,0.108612532134235,0.071552263534706,0.0413578689577482,0.0130574849439598,38669.8921251287
"180",-0.211722444048291,-0.124966744245559,-0.246685983781881,-0.0858550957734757,0.0360321439981083,0.0378107266340019,0.0400430378306585,0.0114183835654555,0.661846387855489,0.267886272420146,0.336521912745641,0.26403287059654,0.453221457043992,0.635875907820953,0.764007720109519,0.95750236782041,0.343225619714086,0.720150486379131,0.68631977354403,0.72298081135981,0.505595251908394,0.337579950567122,0.217711079984783,0.0393053734658735,0.219156262335044,0.19091346709097,0.163463112633646,0.128289410327652,0.112616540537343,0.0701282331570249,0.0414788018001899,0.0128786909124894,38669.9673274028
"181",-0.241041205881152,-0.156347471380749,-0.240375103165382,-0.0727686460323002,0.0266081909340073,0.0286319994582558,0.031644653615916,0.011390621740207,0.337982721258076,0.222086034091637,0.323602649475395,0.224293140303098,0.441268901170313,0.656028127174988,0.765995132659411,0.957084561870325,0.676854404764782,0.775824500552429,0.697411092388666,0.758437726708234,0.520489813025217,0.319134790796801,0.218664412436194,0.0398092808049844,0.217163735033067,0.1887779304276,0.160820423075452,0.130328109625216,0.110385090341939,0.0705670296958253,0.0409647251671248,0.0131292041085235,38678.6537577703
"182",-0.22617977590248,-0.119726966653999,-0.221544146322016,-0.0831118691271504,0.0137530216724189,0.0361679101687142,0.0273894473908728,0.0123188486041628,0.262063340848787,0.137307875284204,0.186660002852711,0.236621055320686,0.456923010027204,0.644627182292592,0.771697725707989,0.956065709972719,0.749966746665042,0.849869916335812,0.827858548493567,0.750557238097141,0.510476416666822,0.328272660676726,0.213978681321281,0.0407056432296721,0.21762843339538,0.189239472296242,0.157479228984982,0.127755174139631,0.111955209661899,0.0716678922412298,0.0407157159476352,0.0131780664200624,38667.4677863541
"183",-0.267359534880449,-0.156220363734155,-0.199941108706834,-0.0932393106019581,0.00404113513571805,0.0288904667184154,0.0366026122967894,0.00993289035291184,-0.135533877841788,0.215424237487686,0.195401326804654,0.21527287062242,0.469456584167963,0.646982299817232,0.7721604090159,0.95686033548503,1.1599773200233,0.78228881745728,0.811679600483083,0.773454341214662,0.500112911118423,0.328554334523098,0.210141293709976,0.0404370701971431,0.21562767768192,0.192280973598634,0.164567572297591,0.128633043777254,0.112482964623003,0.0716998939002195,0.04175174401333,0.0132379573648224,38671.7393720316
"184",-0.257884183692664,-0.164888551890676,-0.247419293277287,-0.086775818381101,0.0265853994839381,0.0234272875580622,0.0346634683412118,0.0111767445862865,0.061656908441904,0.210556848882826,0.273442434935975,0.244084973258775,0.462013961917484,0.654458988124613,0.768101002072227,0.95561466853277,0.959468709200732,0.788468393510622,0.748616688487495,0.743694557639083,0.499254735086083,0.322764913484122,0.215549138067212,0.0414206872786425,0.222805730392179,0.185932132693669,0.164251258190999,0.132741222753511,0.109665296018809,0.0704933008069499,0.0420229055814036,0.0131668802215542,38674.6974928258
"185",-0.235785951410277,-0.14072019818696,-0.247867673474988,-0.0487042228491572,0.0178193737008903,0.0245384861041684,0.0419825435104333,0.00963378772808059,0.0562860187501887,0.217301383520258,0.310419633742418,0.176200183973586,0.445546780795455,0.653770787284269,0.761941715915937,0.957458828281307,0.960002351181648,0.774856223501881,0.711380174939946,0.798162579551827,0.520592681183689,0.322631240057293,0.219477680260868,0.0399952253696442,0.215595018610699,0.187229388878433,0.16464324555601,0.133523789400364,0.110637288748705,0.0690855541099178,0.0421795728396808,0.0131815856912036,38668.0823609981
"186",-0.224635785238408,-0.143165106137068,-0.225901097113375,-0.0747674508196552,0.0224799090620136,0.0375154473818965,0.0363469941031245,0.010239149169922,0.382075630950342,0.15962674910994,0.315597318012844,0.230529400204676,0.451033689956879,0.646385945646795,0.763988022280907,0.957700348873152,0.62916757276544,0.834290788204211,0.699984241732753,0.752763746523495,0.513444704901481,0.327004678900186,0.219272160239445,0.039490808066251,0.223078625521524,0.187394925489751,0.165563715444712,0.13445543598764,0.110325277933861,0.0692552504477933,0.0410666427312792,0.0130138850755546,38672.2431259491
"187",-0.245327875440548,-0.198581110286466,-0.205859139437019,-0.104025893108165,0.0257202417024749,0.0321823340899068,0.03976577743277,0.0134949829954041,0.835295055801778,0.279358263419142,0.204734550171289,0.295637961570819,0.437095668220177,0.651688170032001,0.767056971972129,0.957081794279092,0.184002195865234,0.730850682997925,0.805390934340057,0.696873043704092,0.524642266507148,0.322456324576358,0.214717937568077,0.0389989049847429,0.21454641057961,0.192640004012018,0.160025610260527,0.131366164482992,0.111622646794214,0.0707151758448955,0.041445849070015,0.0134723137074229,38666.878578853
"188",-0.232625332372759,-0.107298763736911,-0.224720765551915,-0.0758292379071092,0.0335177997147259,0.0245958163232168,0.0394085272928454,0.0103596807077948,0.575780765239743,0.163073672522361,0.255410585026443,0.208575749047795,0.48355111973287,0.660068679805771,0.767460351624316,0.958267024485943,0.439448118033411,0.820439033828828,0.759067272824087,0.774337910344329,0.476144921353661,0.316885443175323,0.214322788846563,0.0387472174654277,0.216633840380277,0.189531975354006,0.158147641688143,0.132259515573103,0.112319198271804,0.0721528584287579,0.0418060853353873,0.0130726423051195,38668.0082668509
"189",-0.22167170210875,-0.168739904137852,-0.21317449482685,-0.0670755819786566,0.019012647029588,0.0338670032815548,0.033272881868321,0.0122514785549852,-0.263013630444572,0.0858203078968892,0.247724397035272,0.188155679677242,0.455062085788052,0.642915982589084,0.768608501562612,0.956749701166168,1.27409698435195,0.917452787949301,0.76443058812,0.79289770994551,0.510842292926121,0.33003116815147,0.214971794151086,0.0399000361137514,0.217356357305394,0.189218033011011,0.163238408461853,0.129914547886102,0.114204539209056,0.0709352742743587,0.0421216823708766,0.0128268319566472,38669.085090762
"190",-0.254092968566664,-0.156677698049109,-0.220148513802464,-0.093171007997933,0.0183304364789106,0.040075462337427,0.0395362052390582,0.0132900126811162,0.163586137542466,0.149623248636396,0.263510568617886,0.205375348231321,0.465055200246913,0.654515356363207,0.761264258743066,0.955955046584685,0.854845655470221,0.848827771199035,0.75048498359896,0.783794366861138,0.498780521789235,0.316401957150267,0.220671071053994,0.0403794616333364,0.216054766290632,0.193717830863903,0.158439104212636,0.1313628009459,0.10994291814802,0.0713363307938916,0.0410572082047694,0.0134136859287919,38671.0446961659
"191",-0.246672390387815,-0.151098460104903,-0.221357047429542,-0.088709924481728,0.00782959502556547,0.0489561648388729,0.0410840233645514,0.00924183749736862,0.557984171399139,0.211414225305355,0.264571420314132,0.294310205427977,0.463165798340153,0.627082506886497,0.761104003614368,0.957034240079361,0.461170217220828,0.78439432496554,0.749203276412823,0.69275864164532,0.505705173759464,0.342562103813445,0.220629502256955,0.0408401339170838,0.21749354462853,0.186067320039658,0.158932276367954,0.129392681411991,0.108695196910329,0.0704898305603184,0.0411905426463213,0.0131858017508735,38666.398489215
"192",-0.205467088452657,-0.189251747100911,-0.234523310490723,-0.0688047805160862,0.000293454978934895,0.0435164559249612,0.0304148146953295,0.0123834705652702,0.714246838263016,0.132880815284989,0.247913671496887,0.205092567326719,0.457389849517027,0.64312069503181,0.769036791516825,0.956003223181896,0.291622937909618,0.877405954472794,0.771010135826435,0.775499519258678,0.513397438869715,0.327511401540211,0.215712526587563,0.040558817186159,0.214944530796546,0.190567438937647,0.165008042081196,0.136902839606133,0.11355722973193,0.0703900290845254,0.0410570546936213,0.0128364855911003,38663.2137336255
"193",-0.236938911363587,-0.171904157008033,-0.201516287032842,-0.114911115737666,0.0218214455042682,0.0415679074933016,0.0382360766316034,0.0112775915276433,-0.238561228626241,0.290616850624322,0.236226401663793,0.247715098512592,0.461149244344837,0.650938712040344,0.759497312125904,0.957713630009454,1.25256421868565,0.710519562262897,0.772366686003009,0.749269897727872,0.502241967540011,0.320098688222598,0.223156812621887,0.0391603757630035,0.220821738504068,0.187825003526151,0.160939435363845,0.132008880660842,0.11037004580159,0.0703291639517013,0.0413624437345547,0.0131251294827981,38673.1131140879
"194",-0.236136098829556,-0.166840265487399,-0.195195718834904,-0.0925439660622031,-0.00370656058031946,0.0399166701656608,0.0323396427157162,0.0103521863806649,0.703493038077413,0.197943912667259,0.282851334798706,0.211001898347129,0.481027942913299,0.649533455633332,0.771596189929892,0.957151627674544,0.310043767870988,0.802493618777148,0.721581565941818,0.776952512834894,0.49000792561438,0.322231530702476,0.212242067262952,0.040105116204069,0.225654992724133,0.187822137676348,0.159773628495051,0.130195683855764,0.109143183754335,0.0711750201099102,0.0423441716544191,0.0130440529018501,38668.7888177119
"195",-0.25120507396398,-0.146483231171868,-0.227660675810567,-0.073127964656645,0.032075015078791,0.0329515634767821,0.0277104098859822,0.0111316185455795,0.734469188096424,0.240661830416338,0.265247160222277,0.201715401753908,0.449299392457028,0.651399049296796,0.777893842980692,0.957599254085057,0.28788430322802,0.753799004596608,0.750101916703824,0.78079371037007,0.511651835718166,0.322196072322674,0.207276721806847,0.0393012571696393,0.2144195705314,0.187752476432635,0.160074321726882,0.132759692059808,0.11324410776595,0.0703977271016468,0.041917990550872,0.0129179865740999,38673.5954042805
"196",-0.222607098067468,-0.150046380657846,-0.192594550664013,-0.0883085041016842,0.0128687111984641,0.0262555723570106,0.0319295546919888,0.0119523884548611,-0.171406990684477,0.0918692828573662,0.256973144934855,0.246298076919808,0.484158123699415,0.652737158396677,0.769935314274037,0.956802345915992,1.18080094707238,0.904881904404412,0.749258762652544,0.742249310767252,0.480999741698279,0.324102444398959,0.214135591625372,0.0399539110203507,0.218766314463975,0.190819118916674,0.161052706234681,0.133173284774396,0.111189970022349,0.0715963664208116,0.0413999788324079,0.0132896308337396,38671.8610287657
"197",-0.236221576405015,-0.132510683969868,-0.232487769957848,-0.0623808344344335,0.00316250368860034,0.0391601882303509,0.0361283843912867,0.0120876318124313,-0.116587211484552,0.202485553690218,0.271505313860082,0.218003928355593,0.49271067235164,0.649303254151172,0.761513040263407,0.956958791795042,1.13149819019386,0.786335717803515,0.745846206228797,0.760973635284288,0.475660137727723,0.322282572576876,0.221768651800785,0.0396978766281288,0.216398287049559,0.182885844810056,0.159740703202573,0.131932303736409,0.112707099735517,0.0711063122729883,0.0399661449871858,0.0131229978358669,38668.938842813
"198",-0.211023769944537,-0.185411073706116,-0.233758183361317,-0.0650060362510814,-0.00154686603019273,0.0439393628311384,0.0293889871227717,0.00957842454618013,0.720907846042857,0.202742619923816,0.24096180428437,0.222302477969986,0.457720675435718,0.643463879930438,0.769451317407246,0.959931726478733,0.284563446317631,0.804554683632438,0.776597509327588,0.75681056437077,0.513754901124425,0.327081310656252,0.215684498182892,0.0373148689004559,0.215179599041111,0.189963937107361,0.16560861671965,0.136775873400701,0.113273433537955,0.0703204452453152,0.0409566654475037,0.0133461954890117,38662.7288835541
"199",-0.238863150596904,-0.154128222155677,-0.206842538879342,-0.0849823093668224,0.0203087463924928,0.0344737255642259,0.0369260202858241,0.0125664896919102,0.516051033594918,0.296360243655971,0.268979618163791,0.252413537838828,0.445864582383449,0.652820347913682,0.767066959320617,0.956692249090372,0.500928936677381,0.699687827097641,0.741021957746431,0.734788307061066,0.519032148813022,0.321256345731247,0.21558824426723,0.0396293986408535,0.217462191654582,0.188516312788279,0.161952495517276,0.129800394062364,0.111016236955344,0.0726524249306344,0.040565358604763,0.0132074581709404,38672.514295199
"200",-0.252897888419346,-0.178686743612632,-0.250600460431567,-0.0894389857401074,0.0184553286974321,0.0294906823435681,0.0339318065006913,0.0113804162554259,0.824975226431538,0.192298346010324,0.308661857418538,0.24289794989842,0.476553905961347,0.641546681286222,0.772847797178539,0.955597063162571,0.19400011850259,0.812387662967222,0.715069307583839,0.745211530644183,0.489756762168983,0.333014906305214,0.211402458710363,0.0412401933962687,0.215683344268144,0.191396156876194,0.161773778349467,0.132417334188677,0.109214382689456,0.0715709752998572,0.041439416659652,0.0129850590439903,38662.8583278343
"201",-0.225095553947512,-0.148883054875734,-0.205091699749718,-0.0846464770350131,0.0151209404081702,0.0347031549433117,0.0328766852796298,0.00998592851127371,0.124631969768054,0.247362335599761,0.18671529242642,0.232383901633705,0.451223054044711,0.653925104371615,0.765047238600748,0.958358539540855,0.887181679868995,0.748986023172447,0.821159631499047,0.752917932580571,0.514863122747379,0.319049551742025,0.219332482974076,0.0390404887441903,0.215946368417141,0.192434639755811,0.160106212162966,0.134235374992423,0.110868604004964,0.0718083248741738,0.0412225284404566,0.0134112983592618,38672.4479829666
"202",-0.234378790200991,-0.158054563278174,-0.196773778790745,-0.0785740457912415,0.039973668644718,0.0304115978633942,0.033340272460066,0.0116742349431766,0.577698101654564,0.139688085044028,0.271722304267848,0.236653808048454,0.451730945204234,0.643043527847778,0.774132334630148,0.956212760767067,0.436505274081413,0.858057726270712,0.733343836571243,0.746838998236125,0.506510484993544,0.332663690473719,0.209602354619656,0.040527041689698,0.219840263378349,0.186602099305774,0.164781908119456,0.130969958554512,0.11374880399112,0.0694624048940189,0.0421955028111898,0.0133195244960627,38670.1157010162
"203",-0.240253480576373,-0.146662222171524,-0.218689247294097,-0.0918723509084522,0.0174731661480761,0.0405264426152682,0.0339399033006299,0.00985711416525071,0.378418348253679,0.102082217759372,0.15279118307335,0.251910078370495,0.469898270025426,0.644297708756769,0.769422035767948,0.957850606967003,0.638178965759764,0.893315234870478,0.85772329262228,0.736183949672877,0.49470079690084,0.327510156243643,0.214464124606109,0.0395632599279384,0.219982126597865,0.188080509698574,0.161756032160135,0.130637565675415,0.111751657256185,0.0691168944407588,0.0411974668095303,0.0133327898256787,38671.226329609
"204",-0.214771330288659,-0.147394521188113,-0.193312221984063,-0.0924773585351341,0.0328348868892048,0.0380535262380575,0.0318754430191854,0.0114809993585735,0.580550024256409,0.215087805438903,0.266033449311057,0.22185702939796,0.449834650248521,0.650816816468481,0.767916681182787,0.958313980472441,0.427818056892633,0.778430658932656,0.73846367578009,0.765937358462776,0.509948915235734,0.321730512994752,0.216939557989117,0.0385692806320456,0.219352445180399,0.186502686613819,0.164248013838695,0.130349234465067,0.109736089312265,0.0722728642709771,0.0418064688030797,0.0132484388231042,38670.5644388633
"205",-0.226794124065013,-0.145391096190954,-0.268178014348032,-0.0671478387524298,0.0203732022537457,0.0442524620307587,0.0332939707678939,0.0119775820933611,1.34556488937611,0.116939506642084,0.299736052810601,0.172779832312065,0.46202581216532,0.631617115741071,0.769027389908108,0.957340048465584,-0.336020406614409,0.877576875680662,0.730885992391331,0.808770249916215,0.502141577545596,0.339427386686291,0.215072595055567,0.0393892019937149,0.222062048544842,0.18998868398,0.163859027522813,0.130379686560965,0.111656967084662,0.0697504324889497,0.0422001932749138,0.013065671527767,38668.7866892352
"206",-0.253171055251639,-0.131596980685353,-0.228999519147451,-0.0921089293387936,0.00331591195278109,0.0230905373796633,0.0355401776360112,0.0092658979653405,0.309369501105471,0.234575598899249,0.254584699776143,0.208145311433257,0.462740794307716,0.653036353289907,0.772108918503417,0.958694982802496,0.711804244056213,0.756585317074158,0.764006922306065,0.781261714513332,0.507636023411987,0.323998273293991,0.21051720181032,0.0388624983828727,0.217915921314224,0.187969071766494,0.16299381573116,0.132559126495448,0.112174614696698,0.0703601832600366,0.0414123804107656,0.0128981061052726,38672.7140956778
"207",-0.215184835141624,-0.153551478530762,-0.207338773656056,-0.0993349217835352,0.0345948426879889,0.0274557369972433,0.044760636618881,0.0113280801789063,1.2550374080585,0.255376839737136,0.173643163627859,0.209549804625209,0.459789373695709,0.668233536292136,0.766296719310961,0.955690703017432,-0.247035324291631,0.737339906891066,0.834646128693351,0.78066659431684,0.500225509121233,0.306179522141018,0.213474494301062,0.0412342397254125,0.221809863715333,0.190074909850139,0.159660403712093,0.128884845525188,0.111611566705855,0.0700259536541558,0.0410686693341042,0.0132613499534832,38660.2995731281
"208",-0.248591409682694,-0.147672328567272,-0.204169995548545,-0.0725508421901127,0.0216001340387391,0.0307362595966104,0.0314774987754175,0.0125308812210456,0.347981019134814,0.228869013451984,0.195270818630102,0.203179255054927,0.467469981893113,0.648655341712271,0.76875956492316,0.956079371343346,0.669223748544263,0.764322461651125,0.812198660499129,0.779914078591579,0.49526693664485,0.325789655570513,0.21640738536571,0.0403934548306868,0.220907843039388,0.188318382540962,0.157595625910027,0.131314895634868,0.111268629378691,0.0685433118178794,0.0427496515471348,0.0132044908728489,38669.672465226
"209",-0.186044236513191,-0.170517787590764,-0.192101145471942,-0.0931348085858064,0.000457713133726877,0.0268796728218823,0.0360403179543801,0.00989255338615313,0.31087528868724,0.252143616028519,0.160289790833973,0.226867730133074,0.47656787337257,0.642881775478878,0.770106047681477,0.956671104672056,0.686584115880919,0.747758683546761,0.84679931533415,0.761824072901274,0.493494463024407,0.333719095075357,0.212578037241824,0.0407806138137062,0.220895004476533,0.189831424806077,0.161347772513207,0.132930464427583,0.111009146914818,0.0690206664236627,0.0408499690827564,0.0131716091931647,38664.5458832745
"210",-0.26425645140026,-0.162347580511146,-0.242188186706377,-0.0701100777110225,0.0216368591888663,0.0299924675551993,0.0302063273167164,0.0101973728879405,0.944753745217272,0.0708279521009274,0.269352433168385,0.225806425467134,0.459071665307683,0.650443049580854,0.765621714306135,0.957749885392876,0.0788629576758605,0.928601824206594,0.750620650172679,0.754562693413343,0.504370235244103,0.324945669624866,0.22049984937968,0.0393982924721837,0.213746950973486,0.188214935368481,0.160179582127915,0.128625352913979,0.113389013064001,0.0713053346546106,0.040965625080527,0.0132139472191728,38663.5380181183
"211",-0.258463948203154,-0.185294618897917,-0.241227485284735,-0.100269226100848,0.0156157231030272,0.0320863513012946,0.0365550810991191,0.0109507865461995,-0.40916958868017,0.212440546314115,0.271214725843323,0.19883049780084,0.465711788275207,0.630825730962923,0.766701121139802,0.957082434573211,1.43013819014369,0.793598623576529,0.751117200920941,0.792771935105589,0.498861081857796,0.343821404333671,0.215967836603434,0.0400987053060882,0.21878638725189,0.188101577843867,0.158995080055924,0.131254533364457,0.112992600122976,0.0701638697523713,0.0412496975894213,0.0131242323764726,38669.6875885113
"212",-0.241419636539121,-0.159378110038291,-0.231861651636153,-0.0775879175697861,0.034012207684265,0.0260815036430456,0.0304239216863205,0.0117109250141066,0.555630453683067,0.247173837390678,0.268746036518822,0.23872194739861,0.43670130278672,0.65663471331747,0.772005124022323,0.956656733953608,0.45969976775898,0.754697000001398,0.74895525877655,0.743298176785387,0.523672472918059,0.319871848369103,0.212251968446211,0.0402433687756962,0.213649810961504,0.194004675841374,0.160016921836462,0.132940022009909,0.111165503155168,0.0696693725166071,0.0428515638090632,0.0132067937244592,38667.3052606589
"213",-0.197095255926451,-0.136212501781705,-0.239276177799429,-0.0809030868184767,0.00564043564560095,0.0319309242826147,0.0358726688783879,0.0113088436096962,0.998319280996793,0.22455138425716,0.255618093166243,0.216637533978453,0.476892839522432,0.662675834353905,0.765516375309461,0.957611515566291,0.0028543997173886,0.768483549680183,0.765657498094416,0.768338744083867,0.491686140150807,0.310118680344417,0.217398228382683,0.0393855910346811,0.215063074942733,0.186634514943456,0.161430834076339,0.134112203463455,0.110333751719212,0.0716060015206356,0.0418975713834917,0.0130284196059597,38671.3422810794
"214",-0.240372281614008,-0.144166048932367,-0.201683961687669,-0.0698991947063647,0.0161078250723633,0.0167705268328905,0.0345423952202029,0.00981112291194672,0.25929524496867,0.117341740044223,0.264243513638416,0.2083112502081,0.445793021829396,0.653197510213522,0.770194142166462,0.958106343588189,0.759476170401091,0.876720383494817,0.742760283044784,0.773049945901934,0.519328914489492,0.326491968351536,0.213050032621731,0.0393743953275262,0.220749608532366,0.195129855479414,0.159843839433782,0.129258653194716,0.111000944638233,0.0715621396533701,0.042526117153596,0.0130675521463484,38667.5189873961
"215",-0.235071166549356,-0.165675673593272,-0.222860883546362,-0.0708477969555433,0.0255039483626087,0.0377358432488162,0.0279578402118344,0.0123245621906121,0.0117355304246149,0.25427392686463,0.184928020050728,0.19973084050019,0.428943055903111,0.652575065729253,0.773106088555012,0.957363254546311,1.00275250404598,0.746547676749854,0.828096275071642,0.782452624966372,0.533200575671584,0.319229932741509,0.212366430112327,0.0390718201937158,0.214286668113645,0.187875845695757,0.160256265877955,0.133219905815866,0.110786692085028,0.0710634199716035,0.0408866897260156,0.0130389894919099,38672.5592371883
"216",-0.217614558522336,-0.159321414880321,-0.23173032014594,-0.0791669081103519,0.0325588616164087,0.036084139887482,0.0387906970893649,0.0114204563199763,-0.00494720050229948,0.267415851435532,0.282893048344214,0.179215224025353,0.467414342117986,0.644827494757642,0.767847453325853,0.956661198062561,1.01166577532201,0.731486913766742,0.733675297588007,0.8052452533879,0.491740489263567,0.327965235176565,0.214003301704067,0.0402210656860574,0.214670452129842,0.190015568992093,0.159837841684241,0.133468797630444,0.111033349108402,0.0709574367654105,0.0418344904072233,0.0132997686101891,38675.7340602509
"217",-0.217309377959894,-0.147062074361478,-0.244076911264063,-0.0930071855096881,0.0417104013584317,0.0334852115265862,0.0407647722030485,0.0093215685153146,0.846522861748198,0.23571413019171,0.183741343120439,0.205087837454487,0.449670781817209,0.64475578737585,0.76510780657724,0.959129153890493,0.162414066694821,0.760284457776699,0.837070239807521,0.78369676702482,0.508290652125806,0.329489567618431,0.216865031999691,0.0383784409026802,0.216569205203972,0.188344915771648,0.164886692552486,0.130940476224382,0.111569883453573,0.068248247872008,0.0416375652359323,0.0128985276757056,38667.0679512068
"218",-0.221815562200017,-0.158711230284047,-0.199694412275293,-0.0705312271731064,0.0181904000233784,0.0300483774421408,0.0348632414359259,0.0109542131996021,0.989047308581176,0.186495422478005,0.232262457719823,0.179609845538457,0.48333261378469,0.651207394951176,0.764133076779511,0.957047444232222,0.0225361243513625,0.81275483013312,0.775032349401165,0.801785891660622,0.481203931627116,0.323937786486403,0.218981629125975,0.0399504820569496,0.218657323866658,0.186840703583124,0.160521429783324,0.13265409147459,0.111175666957568,0.0722322206473023,0.0416291198530221,0.0132811804063685,38674.359152878
"219",-0.226343503533552,-0.165776782355215,-0.206460247157392,-0.0866771928969563,-0.000279642754802928,0.0336249984410433,0.0399102473122623,0.0121973130047111,0.414318597761446,0.138603171822853,0.293285440791918,0.264226231280794,0.480303172074964,0.649156036675223,0.767411253455224,0.955322724549456,0.597928218737654,0.862726622595382,0.715650458212437,0.722777188871214,0.489101009598773,0.324475671889009,0.213842266977893,0.041365292065873,0.220858550649992,0.184376441251376,0.16233576171729,0.132084248312306,0.11003213524156,0.0704212341847538,0.0412412849574866,0.013173866268861,38672.7734366452
"220",-0.238472709177034,-0.16550052645025,-0.204843387207338,-0.121483793991368,0.020059412930705,0.0406500932316088,0.0387317005917192,0.0107351421311607,-0.250122118688039,0.271421323367265,0.240109756476178,0.275659437300316,0.457892823704046,0.646141277757105,0.760004225958999,0.956800605461512,1.26503604869733,0.729591199489021,0.768035944425061,0.72312521450433,0.507148710713996,0.324292337807483,0.222531020572814,0.0404024372171822,0.2204236018497,0.184730258527577,0.160853856157462,0.131509731634618,0.110839402632474,0.0704953103052871,0.0413148101004858,0.0131504942864677,38670.6502377729
"221",-0.236240695464473,-0.173839787963387,-0.251141339855418,-0.0681419480274444,0.0162323012934423,0.0431053894280152,0.0408566578133845,0.00862466055308231,1.56141195389067,0.401577310591238,0.20135332190585,0.198886389632432,0.490348546332118,0.635714106783309,0.764344053533594,0.957753378579218,-0.546276793166491,0.60144407686972,0.821549923592212,0.782104248174004,0.473270750459843,0.33510037676473,0.216787993717594,0.0402518233303367,0.216902899226177,0.190655601719826,0.164850413981286,0.131724107600096,0.111717548076841,0.0696196305560631,0.0424123741215282,0.0131501869511032,38662.8114781319
"222",-0.224699485776452,-0.183539732538735,-0.215748416168883,-0.0914714766099393,0.0468650412149264,0.0359761471080643,0.0376513231901778,0.0101766634033072,-0.627163964566136,0.220818501715167,0.22815935310653,0.212583003072692,0.466972384527815,0.645358525004048,0.771139353672449,0.957470405114281,1.63891108031494,0.785660053579512,0.783955702392832,0.777084680527077,0.487010471183936,0.327167280219865,0.21078606777917,0.039969593754833,0.224559157795979,0.187035628893729,0.162161554321013,0.12918808476535,0.113396514218113,0.0703198179386071,0.040432910838002,0.012921494932988,38666.0195901427
"223",-0.260241855175195,-0.196802086687419,-0.18752382284564,-0.0836689755386257,0.028634971256461,0.0331555202665732,0.0356085509998328,0.0115493996081472,1.35910511260171,0.217027961825431,0.302186021423387,0.217826556684384,0.429916234238766,0.647886163298372,0.759271109832272,0.956128764695487,-0.335871468594681,0.793919441005846,0.701074614127925,0.768043654755892,0.532938026592142,0.325770582218641,0.224598647112767,0.0406663402522634,0.216687798627909,0.189784279161863,0.162393520336157,0.13140033782436,0.114548964536259,0.0710204082161699,0.0415047690878329,0.0131142681921246,38667.658052981
"224",-0.246702650168482,-0.162469636279318,-0.228926431373361,-0.0976435269441326,0.0230179189592744,0.0225771963232468,0.0366746148731381,0.0119188498169872,0.774276084172113,0.282466369635719,0.269812506566458,0.243537926470344,0.446180256126619,0.667012142698854,0.770023841700075,0.956090756244186,0.244030654131978,0.714982463808908,0.746993951395508,0.747519525125117,0.516192059675424,0.310014781581762,0.212307343529821,0.0405924333189216,0.219998205716036,0.186603850031485,0.16142996006691,0.133112900781604,0.111817199447813,0.0713502659457894,0.0419405713855667,0.0130749252861451,38675.4908558638
"225",-0.220219372040447,-0.150898034693411,-0.245032218970914,-0.0870822866671374,0.0326382803793039,0.0270913563706683,0.0405052228209416,0.0119200563630262,-0.07334073990154,0.330331678500126,0.269608014672942,0.202727203485945,0.448417069863102,0.652934809952674,0.759712948537348,0.955399029556155,1.0817432802954,0.663561005304013,0.751716758786249,0.785760639932106,0.51210938198239,0.322861164844924,0.221713501913254,0.0413850645056493,0.216108845804002,0.185003160173403,0.155292353001542,0.127598879599402,0.109002986643747,0.0715983554287975,0.0416980335672652,0.0134703069258471,38662.57269338
"226",-0.249630970093741,-0.169429755284709,-0.225820441756655,-0.0989241034222652,0.021361851332177,0.0341858550056245,0.0438390939167104,0.012077686126584,0.237039154219361,0.230970346098349,0.231510209076338,0.230743658078166,0.457270991582901,0.646911745177437,0.766560139937889,0.956803981184074,0.78154397358339,0.771562981099803,0.782304780961891,0.759496726580706,0.50715663645164,0.326152911730332,0.213825547345153,0.0396835626139838,0.218637071996757,0.192177990745368,0.164651120344475,0.12789479428794,0.114178042364669,0.0725138835785973,0.0420903545553176,0.0134030992250111,38667.5033058188
"227",-0.24277372742045,-0.135131381594918,-0.233067820173203,-0.0509094018996411,0.0249650332437001,0.0389832173181761,0.0357759942990063,0.0126053972169621,0.781143271067731,0.146450940901048,0.237696705068945,0.213002779122014,0.456683424449197,0.63943871826929,0.770371155490701,0.956932884442814,0.235742346902722,0.843413148611083,0.779464894683924,0.762188144862603,0.505992459214818,0.332790773456379,0.212479573918846,0.0395418578868407,0.221718309163776,0.192548031603331,0.16213678020718,0.131255611975248,0.113400540662769,0.070749208404223,0.0416514808177891,0.0129088785331423,38674.5280548313
"228",-0.283982320009737,-0.181453435463746,-0.247246652387161,-0.0599922635871109,0.0117018145021734,0.031027536231897,0.0408414158655883,0.012571510659307,0.974983488244393,0.28020107210461,0.253517188773732,0.20525587434992,0.465594981364168,0.665708861002368,0.763426985669578,0.9574653613054,0.0559931232468108,0.727686074646516,0.769381029635298,0.77348151223123,0.501250309878197,0.307265851357452,0.218041310292128,0.0391434616840414,0.220515857815999,0.191333051398075,0.161028770660132,0.132283692389289,0.109142446600901,0.0716825311498618,0.0416712987932228,0.0131997559631409,38666.5249240283
"229",-0.231848404414981,-0.172511378008129,-0.234412883492249,-0.0893168857795253,0.0372670477913191,0.0284673785548846,0.038120950633353,0.0104498748094786,0.914504992234452,0.287483284471227,0.164756263598114,0.251211508289448,0.425728093056297,0.656676008081426,0.771498967112268,0.956665170097965,0.0992541701091177,0.715455798440451,0.853284709933363,0.73548920582017,0.53419593696104,0.318210099836243,0.21085860415325,0.0404654758856995,0.223014681028745,0.186798822644494,0.161871458447388,0.133448252278284,0.11083935024892,0.0704477990456804,0.041389005614197,0.0129681818466429,38671.0754245253
"230",-0.265561993972318,-0.204890829244384,-0.238377906342672,-0.0885466401594388,0.0179343461947737,0.0382119139377894,0.0427796670897154,0.00949415892858105,0.465331611642242,0.327889496658353,0.226058724732193,0.218392185521256,0.459697524268421,0.64125863657522,0.768275934795864,0.957685222966613,0.557612750421249,0.684719482333174,0.793300953414453,0.770061751392196,0.504762055642516,0.331708422036529,0.212074710329694,0.0399213140935622,0.220481754135489,0.186240394121317,0.164468122832347,0.130513878855141,0.110293959626867,0.0703242804421606,0.0416005948158064,0.0132630154993275,38671.5871438596
"231",-0.207618480958426,-0.154744056670851,-0.227793143726931,-0.0894808305024265,0.0200917582780552,0.0439470466049302,0.0340981468125229,0.0118595874932911,0.104377097371299,0.229277279277826,0.285085218883941,0.280007666069918,0.467590735164915,0.631491933745904,0.769251781763013,0.955335514997383,0.901192883009472,0.767622000782371,0.732134978257613,0.707675714921611,0.497209195225472,0.338037518812019,0.214466932778646,0.0415743805501228,0.221831187627575,0.187459449686863,0.159165911447422,0.129627115314491,0.111141370150673,0.0701369759556224,0.04267311719907,0.013432065067413,38666.2440439625
"232",-0.239466469132089,-0.133655481137306,-0.241864570251599,-0.0600947049722691,0.0155751787776222,0.0418994722594776,0.0363940104999618,0.0103802640645957,-0.335569058684443,0.248292557482154,0.288659764776241,0.192017372726479,0.446792186475653,0.632530214395015,0.7694050989024,0.955033826491107,1.35144531759994,0.741854796071535,0.728785403818575,0.787268816253579,0.518991996708555,0.338624266789944,0.21373277464418,0.0423480630566337,0.216324827432095,0.189038914535324,0.163876286322789,0.133333793637442,0.112542650542861,0.0701334647404705,0.0415468418644608,0.0130257828240592,38664.7987468629
"233",-0.217821785761862,-0.178883712257638,-0.236238091902202,-0.0857988648889963,0.018607384565135,0.0227901070632612,0.0368878115166629,0.00881593615308515,-0.133860715545036,0.22812013905642,0.300878611514846,0.212355088039857,0.479802427679556,0.662647690944154,0.765361996447621,0.957294860560429,1.13992764676868,0.778455424879575,0.719138008053195,0.773994084652981,0.484927199483578,0.314206064253547,0.217601949900825,0.040259589779233,0.224508253004823,0.187406238185516,0.158033132240976,0.132781274261623,0.113570972397532,0.0701287695800524,0.0410143248933585,0.0130672606050641,38664.987799024
"234",-0.248571089751868,-0.15490812158704,-0.210309443201563,-0.0634345921982289,0.0197317840815228,0.0315315458706029,0.043069935435442,0.00901008217894176,0.0859636828451944,0.161585816329663,0.229136899920424,0.243709390927561,0.461345146725419,0.647889670076374,0.759453670083837,0.958604845078335,0.934206174962119,0.835415304650351,0.782109955987783,0.734901143060019,0.501851573175782,0.325288902828924,0.221683713228172,0.0391825213869064,0.21470249789034,0.186845665744622,0.164967730179614,0.135371946671932,0.109804588436591,0.0716427476309476,0.0417952685254906,0.0130170059784646,38667.0003585154
"235",-0.263605960003068,-0.148024576715958,-0.249282558493595,-0.079463635912573,0.0278364601178432,0.0291248323516087,0.0382720555259067,0.00924198484693987,0.0647458251463558,0.227077050737754,0.201689735817545,0.212717417725447,0.476195469852197,0.644977849384195,0.762962924731163,0.957196537222814,0.959113920113811,0.767809422752339,0.821854312140492,0.772764876080876,0.484737050495032,0.329941578987553,0.218856631154722,0.0404902609004394,0.221134517582334,0.189102245622013,0.162524840284575,0.131438340573696,0.109212350467458,0.0704307348184125,0.0413077370424137,0.0133207831496875,38671.6001187453
"236",-0.217019785810325,-0.147175770777867,-0.19263191460964,-0.0778100112181619,0.0170044195530999,0.0383587611587539,0.0355298435711528,0.0119861089475652,0.63147623834116,0.28882315993329,0.191079660382981,0.233352979150358,0.478545437210664,0.653483016480866,0.761181611977516,0.95607591247671,0.376604729581742,0.705482079900211,0.814214471080192,0.751519784178279,0.486199601784215,0.317880121830194,0.221957631055586,0.0408127120311364,0.215971416264511,0.18825556277747,0.162139698093237,0.130473865576074,0.115506107306237,0.0703798494801426,0.041329687638008,0.0132094060063803,38669.4184530003
"237",-0.264909248008274,-0.169015696525842,-0.228649691141679,-0.105056881814122,0.00978573884201195,0.0369268338897249,0.0330913411648615,0.0115042129293982,-0.0345296325461198,0.163812945051223,0.222218119041989,0.21755588145102,0.456199885582454,0.638738962541438,0.768144607027976,0.95670146438298,1.05940277715132,0.836777954342572,0.796483016463336,0.776769451284944,0.510972208025371,0.333956585709083,0.215706932925459,0.0402211930746119,0.222865795491787,0.187936311911886,0.16224717125717,0.129847565143881,0.110452854283309,0.070570471761183,0.0411237515542424,0.0128882416887894,38671.2207235997
"238",-0.278527701851337,-0.168073045830108,-0.228661907566943,-0.0650544166702022,0.00529394724998669,0.0372577677570311,0.0311770275514958,0.0105843730118545,1.0392222649468,0.277890423767538,0.317540506665828,0.189469655273711,0.480037109038872,0.633921141835699,0.774989154800718,0.957768616497155,-0.00954035557284246,0.722662779718567,0.699730556261748,0.791622624119794,0.488727470539083,0.339408811352702,0.209256718243512,0.0394157016024552,0.219941974407797,0.184417772231528,0.162152050464231,0.130967529552569,0.110621438924583,0.069880833234918,0.0421548661844181,0.0131537791141087,38671.0010506375
"239",-0.236661916157261,-0.134026820240003,-0.191754903830179,-0.101549218637115,0.0130143839840382,0.0159398140662159,0.0386123317688116,0.0100869377998815,-0.152150889203312,0.231819939925893,0.314434112797139,0.239252622632685,0.49265762000339,0.654262110357729,0.769334978084415,0.958101358688114,1.16710897995864,0.757100685914098,0.688231769942388,0.751875506117123,0.474033060624235,0.324782324709523,0.212660265890936,0.039297691357654,0.220428741871033,0.190318898672242,0.16151202175328,0.131470195095247,0.110990013494182,0.0719912390908234,0.0412547497309065,0.0132428301622839,38663.8664977804
"240",-0.230109981419733,-0.140029945924391,-0.254291986738155,-0.0724750249571814,0.0327530880119793,0.0432650379485371,0.0306209627469421,0.0102718664580925,0.285452610381361,0.260889562076887,0.209303071066967,0.203830421228377,0.435840596434941,0.653825869956159,0.777488989037391,0.958914320433124,0.730206757878944,0.733459927063848,0.815534238017713,0.778880152275446,0.52414615440163,0.316439178321095,0.206671451568487,0.0383324388441129,0.216261647381497,0.184303548923845,0.164585734585542,0.133980848229067,0.110904581919154,0.0715529383648733,0.042467361797275,0.0131265215021986,38663.767907033
"241",-0.24622607562843,-0.141878349345569,-0.215054590715404,-0.0684566209034452,0.0243213029244046,0.0400772472890306,0.0357743927757456,0.0110468390522939,0.690633030531405,0.195329312284038,0.295528904081426,0.221778360042279,0.460103331599018,0.632885005253958,0.76006026747422,0.957427067586696,0.328695464560279,0.800258113018658,0.715993810890214,0.758851015865688,0.50274840331235,0.339186784942148,0.223013185403709,0.0396783047872992,0.219683291026231,0.186567507783489,0.16367611282441,0.131212770112104,0.11133336373212,0.0687876500789659,0.0418212728395348,0.0134624594309274,38668.8601853802
"242",-0.209270342302905,-0.147623300691835,-0.205844702829179,-0.0700789437032986,0.00839975328379548,0.0372862932004583,0.0390897126018958,0.0119757242697243,-0.109633723203775,0.185261283108773,0.213929186917956,0.166741495862569,0.474301073116562,0.634560378694061,0.772993300392068,0.956239857011243,1.11853275258123,0.811358050017796,0.79577143098779,0.816117705660059,0.491937315955802,0.338318618456065,0.208306552492543,0.0404464252910016,0.221672628283928,0.186576959218707,0.157986727762623,0.129911388364532,0.113114584018212,0.0723989735811177,0.0415964346268153,0.0132630500109717,38665.2512963296
"243",-0.209450198318397,-0.148563326423302,-0.223924443067955,-0.0703608139624723,0.015856365625733,0.0238314153392827,0.0336233123381983,0.0107931786802379,0.359049634016626,0.243575244820411,0.299777239871771,0.176339829483788,0.455135488078118,0.658499809873766,0.77489675254514,0.956302324162628,0.649188077462534,0.750583236056894,0.716226683709328,0.805792115674095,0.510799190223038,0.318186172183889,0.208775891586192,0.0409174682257236,0.221392151597268,0.193085291908864,0.160582899031921,0.133644672704485,0.111030509521408,0.0722691627961164,0.040957165511982,0.0132159370625234,38670.5241360444
"244",-0.258252778540325,-0.168495458271072,-0.238403123143901,-0.0788259771632944,0.0160080019364864,0.0221687703927566,0.0427030479775004,0.0125799173551848,0.357559288772285,0.245682690956292,0.18969912659495,0.199557075215381,0.465892790034627,0.652482963496252,0.772131082626491,0.956431400487177,0.66446040755919,0.756133243771086,0.828218177589708,0.785399166435311,0.499749612836592,0.325033125007254,0.207955147719628,0.03998334379139,0.216049450198958,0.18676882329018,0.158525027593794,0.132725028072541,0.111753819838356,0.0676577765086749,0.0415764562592558,0.013293212723127,38666.0947031001
"245",-0.248601040955044,-0.147704854668128,-0.198301134579573,-0.059596928992977,0.0224081002929293,0.0294308214464345,0.0354541950662423,0.0113313265198588,0.566567179253667,0.136902331735877,0.194019302326636,0.220357969514884,0.458453928404859,0.663329306175103,0.770323476575172,0.958487532766947,0.450167591701938,0.859040047054189,0.813139303225725,0.758584932317182,0.505008103065359,0.31159365672584,0.212626472414257,0.0382715806441946,0.220666431082284,0.193244320157634,0.161966775701305,0.13280047528053,0.110129910297321,0.0712639318949085,0.0407291890071626,0.0133459244291765,38671.8995086874
"246",-0.222364342765166,-0.121712787023246,-0.219039962729699,-0.0680622752239813,0.00399450187323527,0.0283091148564284,0.0401553054616503,0.0091679661316786,0.390291394613948,0.193813351262187,0.285339932649859,0.250443961568594,0.467275210861146,0.65307778086178,0.760770343907159,0.957371774961494,0.617484723685173,0.792147818301968,0.729049444787781,0.730833353940951,0.502890149250755,0.321360129729006,0.221178487607764,0.0404189544866243,0.21155618412547,0.195156137329197,0.164796742268259,0.131731967227609,0.10889043583454,0.0704751952198055,0.0423973094406065,0.0129382760776198,38663.1073240326
"247",-0.218169720713703,-0.198495150700768,-0.205405650496204,-0.0432207237390093,0.016592695855507,0.0339488541939952,0.0359072785699376,0.0136582696724199,0.41434087751763,0.294993200690523,0.222726808982979,0.228372655575347,0.460710898627861,0.642703597959134,0.768892300260095,0.95657199817062,0.591462592362784,0.717129974974809,0.787365128935053,0.745789715839768,0.50472819926616,0.33024837440452,0.214583230076132,0.0395711809369213,0.22117780979223,0.186489046563377,0.164288745428536,0.131534488070664,0.109856933606725,0.0718119648400282,0.0412391066109638,0.0128970289784286,38662.4189635673
"248",-0.222764354877277,-0.16365476268266,-0.209980235384233,-0.0738378573180055,0.0395417826031841,0.0376053378862583,0.0334283786269882,0.0122544841387833,0.597281762547568,0.277410396010621,0.182358989752542,0.195911840825608,0.465379434799801,0.634091443241496,0.762574184054594,0.956732159020993,0.411555490298245,0.722771982689415,0.828971563797457,0.786814588658814,0.492398154475746,0.338722016265166,0.221587770805024,0.0400183614911013,0.214207492581148,0.186327546084679,0.164670094022587,0.134597545084431,0.110176222607297,0.0709800754045602,0.0417145016595729,0.0130489386726382,38669.6325377237
"249",-0.26917582604524,-0.163976930570863,-0.256123666824374,-0.103568744220746,0.0226049126691222,0.0254221091689036,0.0383371955896015,0.00959504801855123,0.526987705943137,0.154816103973378,0.279908226085934,0.296242722170612,0.453384200957282,0.661475334260437,0.762003539417413,0.958298288945806,0.500771275085086,0.845959908554189,0.745542229760149,0.69631209318862,0.509099975605774,0.31474566207866,0.220556358133582,0.0390884675520389,0.225456455164005,0.188290134685898,0.164258727006582,0.132413387846798,0.111637260903375,0.0708695384541332,0.0421093555872218,0.013163924223074,38668.1905310179
"250",-0.273209132020345,-0.196013111963928,-0.224789458321779,-0.093160755874789,0.0333504010152748,0.025545640391802,0.0400995218917993,0.00917524179652412,0.933865028616419,0.191263964165705,0.273772000944497,0.223801323627238,0.435126823735661,0.657774074543558,0.759574190542282,0.957849280512593,0.0949270767973881,0.819529503149979,0.741427453875247,0.766053825577368,0.524264887387683,0.318183061722912,0.222388906066577,0.0398109406820633,0.22406743452236,0.187469405899126,0.165729721027939,0.132755329281456,0.114284678771575,0.0717316643066742,0.0413938966904479,0.0127589738164575,38665.7269541777
"251",-0.262524321545633,-0.183010049361777,-0.202506033027163,-0.0727344868983609,0.0237386712414822,0.0426001793616394,0.0432249337159011,0.0120267506278084,0.391935439632617,0.234928360437753,0.284993470963962,0.251606470675149,0.433937991581591,0.639540217346099,0.763330426803066,0.957160113372982,0.630253952629944,0.771312579760701,0.722934481650877,0.729903084481138,0.529161572971191,0.330596644790641,0.217279771634953,0.0394492056906893,0.218554864353088,0.187642160339156,0.168023659614993,0.130187457823401,0.110049534249584,0.0715864053274006,0.0416916718027951,0.0131026151352091,38669.6598235825
"252",-0.229804635587279,-0.179192804862021,-0.250193643174866,-0.0489033073323318,0.027059038655822,0.0367669118539756,0.0346055915863165,0.0113330386918988,0.634802461288652,0.300608847895165,0.252602882875933,0.205307603879278,0.482589316574507,0.640696765402398,0.765667574344424,0.957489700201902,0.377035530568005,0.704940864658609,0.773165796619859,0.770568195808207,0.479066052017088,0.332496407691104,0.217621026845652,0.03945462481401,0.221955070881256,0.189546912383852,0.161866296686877,0.128393881063149,0.109523231215601,0.0712836651103428,0.0418403662012232,0.0129935433814998,38668.2701061214
"253",-0.283431062173661,-0.158584640410132,-0.206461899592559,-0.080240378210311,0.0260763164055918,0.0218942071157058,0.0371000452921928,0.01127811876492,0.536849484931153,0.0602372462864842,0.200994377071994,0.250753928276632,0.452772323644477,0.650495731676157,0.767460038915979,0.957360222187428,0.490469227150167,0.939008519260145,0.806119470088757,0.7345364823674,0.509207358239404,0.327147101550667,0.215150139332332,0.0394469177333713,0.214899349796189,0.191788469573928,0.160183071968454,0.133557899549655,0.114321934571925,0.071835606733999,0.0411232702311566,0.0130235126173771,38666.843247221
"254",-0.207347651645275,-0.170594697966952,-0.232139141933739,-0.0916906091979984,0.0251111665324859,0.0352423616780664,0.0405643913882609,0.0122734750253563,0.38236569644617,0.164585739896837,0.267367360497655,0.2233345961002,0.451778768262099,0.633068652618581,0.762751268382228,0.956656845549642,0.623671175977766,0.838313709926469,0.751451446688072,0.76655980465568,0.51166957268445,0.339916995890894,0.219099041073875,0.0397905101769238,0.217629057337355,0.188148197523933,0.164356465834864,0.134734962036533,0.109981095891011,0.0702593608919183,0.0418872821079943,0.0130212488011152,38671.063709603
"255",-0.235380751604001,-0.159389344226967,-0.255962349454692,-0.0760516991088199,0.0301811420476924,0.0238728790835523,0.0420299950590161,0.00983792381804163,0.590807144844032,0.164903437091865,0.184961871554306,0.190579418230094,0.474762261858561,0.646576799910097,0.761103030627167,0.957042372014467,0.422630377944077,0.833034743040745,0.839089173194188,0.793533857023846,0.484230938263461,0.330814631481483,0.220230831362314,0.0403999712946687,0.211113748022792,0.188231825019264,0.162080886729925,0.134393221814735,0.111944219014534,0.0704817104710117,0.0414027881076995,0.0130929597304285,38667.8796053507
"256",-0.270602941889688,-0.139681798244363,-0.203186590345166,-0.100814234139979,0.00562094301928734,0.0198161946581954,0.0397920422059937,0.0113108917787155,0.422622904175864,0.205553182476163,0.256922504752663,0.224231280159328,0.469927948701232,0.652184918998792,0.767523298289993,0.956707002394668,0.603589250224238,0.785851494212024,0.752180629518551,0.766998347890793,0.497060492697412,0.326513634651084,0.213713506110298,0.0401193854760775,0.214876409843166,0.185264625724004,0.161600421766436,0.129726076732376,0.111356362837948,0.0698248820653144,0.0419035097838322,0.0132126402445008,38670.001744816
"257",-0.2306439738271,-0.16138117640105,-0.203741792313284,-0.0923462741162393,0.0271691292950203,0.0300730929625323,0.0354547699140313,0.00985160032639192,0.119564436125453,0.261276639268309,0.256196990481021,0.21602050925518,0.458690512838552,0.655551070278846,0.767241397738178,0.957824678430606,0.893533665285801,0.739437561836654,0.748997629094941,0.774678572338697,0.501000346921135,0.318871117502271,0.216062729269461,0.0395703442951729,0.21496579883334,0.187168267760547,0.158867192196359,0.130398409772205,0.111996608976316,0.0721652908621829,0.0413885711960022,0.0133054135155554,38667.9285556531
"258",-0.238452137395555,-0.202569641185304,-0.185180193308942,-0.0880739885941646,0.0232880657264108,0.030357781487157,0.0247230963615683,0.0120526820057782,1.34438800712921,0.26170156715216,0.25602256233503,0.26947870061159,0.443192711207836,0.650893721035373,0.769567377991813,0.956250226872856,-0.328872493379175,0.753288948622418,0.745278829763649,0.716892410236781,0.520771357075414,0.323997897085159,0.217546950254826,0.0403315699611277,0.220270389749944,0.189550492613315,0.163374420019078,0.130744365598433,0.112632697976215,0.0712000655528834,0.0413679164512611,0.0131552790226421,38665.4248002968
"259",-0.228739132445387,-0.168565285168899,-0.200306864226888,-0.0781355840953715,0.0148813925936921,0.0364113712958323,0.027776174141524,0.00867470154283144,-0.501142300864622,0.326944987995905,0.266705623510944,0.158101326098249,0.454972840409144,0.648759890164995,0.777791091672007,0.95973239476851,1.51207142109415,0.674411978863606,0.740403011512494,0.827128765490648,0.512022543639347,0.324151226362775,0.207125445046267,0.0377921526900527,0.214692125010711,0.187665490189158,0.164349077478309,0.133206265481725,0.11078657837943,0.0704121753045974,0.0423032351372703,0.013247459159619,38664.7072926464
"260",-0.240366069668984,-0.166488885214974,-0.21185113424202,-0.0582590349535052,0.0368548379877955,0.026505787871464,0.0414416737652949,0.0116735677088463,-0.105674289584461,0.190810301217907,0.282308140239972,0.23757834994535,0.448159983134399,0.664404416029764,0.763448169330774,0.957368888308426,1.12263005147735,0.808588845391041,0.729494367607391,0.742724139430267,0.510699738398907,0.311605348999109,0.217421745417648,0.0393305942250812,0.221161025308013,0.184652812450153,0.161094153395832,0.12836803749602,0.111022594419981,0.0699390902955612,0.0416491178456204,0.0130600414444612,38666.2609037195
"261",-0.22160735280743,-0.12701227459584,-0.214656801172954,-0.0727183260334166,0.0343565927332787,0.0369407391650173,0.037412528321494,0.0113252767141339,0.549906915004606,0.183374125190086,0.252507297830736,0.215804507803927,0.451318994718511,0.636897084711506,0.771943498155794,0.956741547349337,0.458958921964466,0.808510406608999,0.759705060057331,0.768304491001721,0.508038573269555,0.335342243823305,0.21049852776948,0.0401348061781269,0.21990387277948,0.188951095285998,0.162188589767302,0.128264777921448,0.112373083401274,0.0706129484618269,0.0405569096912871,0.0129932844044449,38668.8676130439
"262",-0.223965128402341,-0.18565690374202,-0.202840724396787,-0.0932552997592494,-0.000348727269638611,0.0332308139497456,0.0311929536935654,0.010679728363225,1.21011591339093,0.210370552364744,0.182185528260558,0.256949558156203,0.471361976493188,0.653431241980562,0.76741303154858,0.956549222086521,-0.199476045059449,0.797095381580029,0.826641508203971,0.731949961458033,0.499234999654245,0.320143835742591,0.217582482597296,0.0404741068350939,0.213653968196077,0.188573775765221,0.15935670415204,0.13364746673889,0.111298449268577,0.0721380671646078,0.041582404045667,0.0127610977480334,38669.2792496135
"263",-0.226571526837026,-0.16066830631597,-0.213139671679688,-0.0563812679949328,0.0440225062269749,0.0460618409209074,0.0311935734539079,0.0120380747113167,0.398811869592125,0.241389084543661,0.168813320421582,0.154025677992997,0.458187005514033,0.646533831091578,0.77060528303653,0.956690827588845,0.61378171747854,0.757184910521251,0.844212293894703,0.825025063004673,0.499240282518623,0.323440693373682,0.214081939483034,0.0400320525542956,0.221714185115466,0.189043969908723,0.163776783617047,0.133339649080329,0.110684164627705,0.0712701883882263,0.0407316566253295,0.0131367935936143,38664.9343932769
"264",-0.272536325039339,-0.124940902704281,-0.241370798727082,-0.0883283472242086,0.0430068395376788,0.0391850662155495,0.0357779944355269,0.0101550576289272,0.720930651461551,0.227158366962533,0.182175689907719,0.234725936015703,0.445979762503492,0.648114074217219,0.768194710144493,0.958863431352975,0.304390691765313,0.761728497899439,0.838597113658141,0.752326529825092,0.511574523069649,0.323127816052859,0.21496771896842,0.0382778053980736,0.219438244296799,0.185440954780373,0.161335697387888,0.131677506599397,0.113023259728149,0.0706533489566012,0.0423595949060152,0.0132690095994647,38670.3728972199
"265",-0.208237707368207,-0.116769751444879,-0.232427726582734,-0.0650915122240527,0.0328740118720854,0.0323633921551934,0.0325925622139647,0.0120730114185141,0.31714956597457,0.287517636745981,0.214411885809446,0.201056762885231,0.434015667400277,0.65062703904548,0.76386687680864,0.953908675300522,0.686876975763809,0.696129384678033,0.802272321840215,0.779400554816444,0.52626568932037,0.323328006882471,0.220743610950376,0.0431314388073344,0.218390180206816,0.187259517972134,0.167135232610113,0.131830125109989,0.110618887759072,0.0704714966835693,0.0420330643804861,0.0133977799784981,38663.948138428
"266",-0.239985401157054,-0.152337592487247,-0.215264782317851,-0.0815399422667336,0.0381174642489052,0.0348160541641043,0.0314096415783188,0.0115264674132603,-0.488979957799587,0.262361270545513,0.208249881333777,0.245357320201573,0.428547481863568,0.654537259431811,0.76672977223724,0.957864825805339,1.50502213056771,0.734469666169406,0.803210404966016,0.740384272145149,0.530321811512722,0.317939477439634,0.218175958545626,0.0389166336800369,0.21494849144017,0.186103963340529,0.160656373535896,0.129840059471312,0.109715970904355,0.0715883532277257,0.0406509412857733,0.0134808320552686,38671.0200868653
"267",-0.242676174919146,-0.173004450979634,-0.24309667263942,-0.0778500481439325,0.00529948096094434,0.042058273593689,0.0378531378200374,0.0120286904110884,0.352424130693697,0.182644172185164,0.233354015891075,0.201916176581995,0.482705648338046,0.647749208318791,0.762689444896275,0.957674501924017,0.661990026537775,0.821546313683185,0.787120994400892,0.781424496735134,0.484546015214262,0.322821093385756,0.220371307772482,0.0390639883408458,0.219088583510067,0.185856228768313,0.159973570198361,0.128738156251492,0.111616515540391,0.07065697580887,0.0416335977722775,0.0130395446182866,38670.8391781002
"268",-0.283848395800982,-0.128098915814593,-0.22730970889988,-0.0791729712173849,0.0263293195247564,0.0416507570105098,0.0408251486725799,0.0114031374243964,0.449165178097699,0.334562723516823,0.34130613078062,0.214624193697006,0.441956371233137,0.650032404058838,0.760182469659184,0.957814425483181,0.580617486055195,0.653616015696615,0.672524075221879,0.769962440838448,0.520636865543065,0.320748450639965,0.221626389090295,0.0390337951463915,0.22562476576513,0.191934737491117,0.164273004632946,0.128302184769218,0.112321844455384,0.0704323810663776,0.041552612216194,0.0130704577514329,38662.9874814612
"269",-0.224485687938497,-0.169432303294235,-0.195639472448434,-0.0860840898771871,0.0228811173977823,0.032538688690578,0.0373519809043783,0.0117002395218856,0.937910621841308,0.223352022649648,0.200663731913412,0.227663708894927,0.458295148092972,0.655245107967689,0.772889704527274,0.957521494979238,0.0742250555676836,0.778126949912957,0.804959347347456,0.760488754411601,0.504383533145105,0.31881132340878,0.209193082123164,0.0392105185691932,0.218965660309813,0.190262930916766,0.16184030582736,0.132276295574003,0.10837808032297,0.0696757889966116,0.0423782867543187,0.0129510993018746,38674.5612536976
"270",-0.267218119977909,-0.155864097353803,-0.220942934566228,-0.0497060737869542,0.0192374228719367,0.0353540493183022,0.0406726438979533,0.0118224729198146,-0.184303595791346,0.269014155865674,0.188488031762451,0.167347260740591,0.440782254735871,0.62613672702066,0.765979767284092,0.957892366736537,1.20746210484275,0.730093115694226,0.826446874152513,0.807688221257059,0.523191377632004,0.347894544437557,0.215541960118754,0.0387086940340284,0.215912161393538,0.186980881862429,0.159135170192063,0.132783377139457,0.110503838523799,0.0719244690674779,0.0411956928767114,0.013153020254492,38666.7761210096
"271",-0.20658341437635,-0.176576886983087,-0.240212665492019,-0.0829615670125364,0.0221016237944187,0.0295292085729661,0.0383297047167364,0.0113446631193517,0.99699355540427,0.205391179210795,0.297999219923889,0.237969369613849,0.457395770609208,0.648129902491206,0.767001246399484,0.957549786486936,0.00755759412927368,0.79696307839899,0.720699379663998,0.747466815603359,0.505657118550977,0.326853738993389,0.215355308254215,0.0393831132172689,0.222731596487129,0.188130433983819,0.161664185054689,0.130306185418598,0.110312095092759,0.0702287070699056,0.0414544297720261,0.0131889286850163,38675.7715087535
"272",-0.215410080154371,-0.1393198519295,-0.241323161709717,-0.0731940543591311,0.0455140867909316,0.0319810616895725,0.0428110844647179,0.0115049358610471,0.858081054339763,0.328614915878926,0.261918852480189,0.224730054751747,0.418701211995683,0.654666676263768,0.760571918248401,0.957480668578148,0.151343731867119,0.665424627944895,0.759720537561089,0.75791726846236,0.537549156161573,0.319493358913277,0.220836203668446,0.0392957301813098,0.217651346168797,0.185336971087872,0.161622767774246,0.129615313181859,0.108488057369904,0.070843015416237,0.0422102310026486,0.0132063655378082,38667.2425710441
"273",-0.300924002549868,-0.153628230112032,-0.213630197860275,-0.0687065237230138,0.0266625466507137,0.0350471284280436,0.0391588176257376,0.0108237733982497,0.0185710649467764,0.183062447736835,0.240510902575509,0.213906951095593,0.463318071009282,0.646195438468257,0.769759463986645,0.957289943732731,1.01625220819733,0.812560294877099,0.771949061753443,0.765878940294972,0.498649282132596,0.326015373288398,0.211840975845487,0.0397457513271826,0.21993337737938,0.184562043577848,0.160040462270332,0.133184638304801,0.113770117138725,0.0711839531987847,0.0423880790424352,0.0128853153122319,38668.5991001551
"274",-0.265768775538858,-0.161421241321251,-0.186208557885274,-0.0741461051265471,0.0200951629573571,0.0320172631230659,0.034828743183641,0.0142246808421071,0.47888623527225,0.292634829994248,0.265882296595175,0.219658988773054,0.446369414606424,0.639111564213946,0.770565311029684,0.956299589882835,0.543195939673164,0.707527707022369,0.736931606221952,0.762751995378971,0.51833781438911,0.336380953034057,0.212154212854994,0.0394835288673939,0.219634536853202,0.191403460564004,0.161076317618626,0.130540079554245,0.114139791680715,0.071171146184516,0.0418507779681531,0.0133524829442525,38666.5445112482
"275",-0.245529831873185,-0.146256201948047,-0.20842812562854,-0.0743808167591412,0.016066099522862,0.0318300145015296,0.0270803838180256,0.0103862842416372,0.143515301165189,0.132175299807736,0.221189065825086,0.25957189141658,0.477711675597918,0.643381467981583,0.775814287886278,0.957606715699474,0.874757627903661,0.862141459997855,0.789785097649919,0.722089244903632,0.489184024718808,0.332216718567815,0.209429455494576,0.0395038348928022,0.215238991236708,0.192603121506315,0.162187730262357,0.131120633388954,0.112469484472523,0.07253656596818,0.0418492895587635,0.0126737562827874,38663.2632403585
"276",-0.223109933034106,-0.150425664613651,-0.218080059094013,-0.0469784176753777,0.0279911460601748,0.0466201671464697,0.0300655287294035,0.0103169375297522,0.052973793990964,0.195336576112152,0.233152828862299,0.178240240871242,0.454918820511643,0.634542043310003,0.766895668435418,0.9570656776275,0.956007730514925,0.80030463152288,0.780563538318327,0.796054170756594,0.506833717169045,0.335578514704671,0.218172207173795,0.0403439655386579,0.216258779922225,0.188068827730765,0.161513650681414,0.135502136729492,0.112067082379606,0.0715017597289079,0.0415436710643036,0.013326398338747,38670.9290674307
"277",-0.228803018873809,-0.129499140607976,-0.198956216924279,-0.08491669345845,0.0390443390035153,0.0275428259943531,0.0343018637132691,0.011130053191453,0.594011248770542,0.265179696701036,0.259663842817445,0.220837634158883,0.452240134613578,0.642155543756602,0.772258921669659,0.957877750329567,0.418242726148181,0.723322187601698,0.747665153382434,0.766246693420962,0.504667116121577,0.333747047021904,0.210854418419634,0.0390718808070536,0.217807955779002,0.188298204418456,0.163139587193111,0.130809200220222,0.113505058679582,0.069509516355862,0.0418129035912637,0.0130447774892893,38674.142423022
"278",-0.25721252225475,-0.158929584589623,-0.205275765803606,-0.0764579315130322,0.0364488569326612,0.0211021602236255,0.0419239059763681,0.00952541454221163,1.26412517336874,0.198720840043552,0.163459483038891,0.208940960843781,0.453315931301194,0.66695026939684,0.764144209829145,0.958194982336842,-0.242548420939025,0.799902733592534,0.846375271546052,0.77617122551966,0.505113550998799,0.310824972255665,0.21753220993949,0.0393824347120423,0.218338500850135,0.185182958522583,0.161191989596737,0.129397494098345,0.110238511889306,0.0703720691257528,0.0411785339467364,0.0130449236324359,38670.1314582997
"279",-0.248945486929314,-0.155112312536409,-0.243067455202569,-0.0718866194922376,0.00840630596066734,0.0265765207353378,0.0394346364697967,0.0102275692319103,0.919170782897549,0.313380792038635,0.256451344886985,0.230404351043994,0.473023842525194,0.663125070420358,0.768793128654005,0.956364307163101,0.0989237813003453,0.684341381732942,0.764714492406973,0.751124662482908,0.496181623275508,0.31287365063229,0.212310777061629,0.040955846078219,0.218627117276215,0.191043290891177,0.160754645230634,0.130511999864453,0.110846816840854,0.0708885401729469,0.0414072868511892,0.0130268572997373,38672.0264203298
"280",-0.232729630655072,-0.150982921530994,-0.218467308281414,-0.098884213080538,0.0384819331251156,0.0403463395453417,0.0367267356807891,0.0113728745840837,1.34967998165242,0.224737909707385,0.272983538154882,0.217525076529966,0.435965405970645,0.638857096697972,0.767043716212814,0.956773208156465,-0.336785296046211,0.77166856690659,0.740289748055399,0.773253802514703,0.52199851313737,0.333218053083175,0.215775979460787,0.0403290131745652,0.215412011019783,0.19050216253422,0.16659819103109,0.132759705189535,0.111439996616502,0.0704952164868772,0.0428058771341803,0.0131900043317023,38672.4727849809
"281",-0.24576828404686,-0.149474402820345,-0.218534210513509,-0.0775251101195403,0.0183052021767786,0.0396300618373275,0.0405213054004604,0.0108836064524733,-0.22874529587438,0.0930744835504836,0.296074368412389,0.238982186811207,0.447303534601496,0.635944907428755,0.764207471361194,0.958472630348673,1.24758690582212,0.903393251849853,0.717117298486628,0.744777163672697,0.519439286789402,0.336918991580003,0.217047154256025,0.0384704679051505,0.218503102423562,0.188740718054422,0.163477949193447,0.133021462632033,0.113870722615733,0.0712129548162201,0.0420642870493208,0.0132166236341436,38670.423014136
"282",-0.263269844901782,-0.145209716839044,-0.19329610809444,-0.0692863281404765,0.01951209306016,0.02383184934559,0.0266982009855069,0.0126468476194427,0.677820942386277,0.242236098930716,0.245318505981778,0.270190055272553,0.426099646324112,0.656095010740339,0.769445545949594,0.956188320970991,0.344248883404159,0.75120179684585,0.760096667700424,0.711585461187907,0.538998394357794,0.319911607493548,0.216483101496094,0.0402225391751108,0.219745805255619,0.18391346704863,0.162118443779193,0.130818122483538,0.109372311837118,0.0697396695400598,0.0410721198213316,0.0131226155219258,38664.4276189899
"283",-0.20562947326931,-0.136059282387435,-0.206785005331193,-0.0955018681812521,0.0207682192443157,0.0219258692271061,0.0390762483608294,0.0106775113542088,-0.210283148136388,0.200688659064249,0.26721895331518,0.263842841696133,0.488624284669844,0.657531800795043,0.760002288603695,0.957748375924295,1.21271869387109,0.790662634450755,0.741094073668205,0.727678200294624,0.47402277511188,0.31949384140137,0.222674570318955,0.0391925658455404,0.219457761493415,0.188212661293058,0.160299714538322,0.131348272615331,0.109435846888815,0.0722436436948581,0.0413874439696895,0.0132670922144821,38667.3875048105
"284",-0.230675035635172,-0.165591930878867,-0.213378340709435,-0.0639166200939925,0.0162300305073401,0.0387373312434639,0.0351144170447146,0.00827270318914195,0.00627815937977541,0.314166197028282,0.224400558029751,0.234018152190319,0.45018584201941,0.649530448768472,0.769938986878539,0.958693658024629,1.00541968911428,0.685455997276667,0.78718174170374,0.745605901618636,0.515231938418048,0.322208926593019,0.21302553334144,0.0392653486558758,0.221117947510228,0.18463232392113,0.160789799818492,0.134084413352379,0.110104395287561,0.0700110797298884,0.0421482901031309,0.0128058914587437,38671.3184003895
"285",-0.258863878395802,-0.163949125404923,-0.189480279091237,-0.0939662874817921,0.00872967386364286,0.0285582250201646,0.0345192880793723,0.0112434742242054,0.39621775286787,0.211144260360116,0.213816487328405,0.257387078176454,0.476444843299274,0.638268998656923,0.772068657919045,0.957858952550778,0.625414418374006,0.790342549100346,0.788533596879429,0.732159766413592,0.490549673469326,0.337940639021486,0.210704862101304,0.0388011903731637,0.221589756931084,0.183661956464819,0.160749209369657,0.130654454242171,0.112356188148631,0.0712154261128677,0.041566213683734,0.0132250587199191,38669.4960843766
"286",-0.210262724691291,-0.154631278188708,-0.216938483508715,-0.053320534178017,0.0256926986787644,0.0171681392396516,0.0402712389093666,0.0109675535671087,0.344781840739774,0.182105860824986,0.241046602891191,0.166209113554861,0.453277125476814,0.662925225365909,0.769633322275344,0.957120372404502,0.66201716483102,0.814213971206624,0.770175738109962,0.809897144916359,0.510081371906804,0.316123485253633,0.211693893069898,0.040088655653295,0.220340874720612,0.187831788766483,0.160885631043042,0.131945992236303,0.110192748340779,0.0707939868839964,0.0416221482549871,0.0129487039370396,38671.5255023362
"287",-0.255321523880579,-0.170354582377371,-0.236499437166359,-0.115279110763238,0.0256288403812618,0.0302048899785253,0.0420599566177284,0.00984083122906476,0.754837183512715,0.181846703996442,0.250815976896024,0.273676106068095,0.450149504648895,0.651893549577212,0.768013501478009,0.956933764410426,0.265241119593453,0.820231106432743,0.769516738567732,0.72153936844852,0.511762310419862,0.321932766682991,0.212490212418092,0.0407689278439855,0.218908986020184,0.188478197106445,0.157575461493336,0.129887236615768,0.110730495435041,0.0707573095758314,0.0417361840262173,0.0133097387220993,38667.8414448241
"288",-0.244660368792137,-0.159752151343029,-0.203261459570738,-0.0886049133790249,0.044923802001923,0.0295862134237586,0.0324908346998897,0.00892232756484889,0.0804065530598103,0.13030850955229,0.271215822823285,0.275165908694208,0.433767022260339,0.646590356024739,0.773491081667766,0.957619434686289,0.937747577659897,0.867658594676285,0.738502476794314,0.712139234338048,0.522466218211505,0.328499304918635,0.210323844250326,0.0403103409550414,0.21522701460978,0.190027968734876,0.160779639696014,0.13023346201293,0.113497015996919,0.0708388307515271,0.0401840942680678,0.012700069230905,38664.4505110035
"289",-0.241873562504256,-0.183622246787961,-0.216057124814243,-0.0874128647649722,0.0116655564870859,0.0322293522969895,0.0375245585612879,0.0134309727114016,-0.15736734704085,0.198127176753758,0.297424274649721,0.205406824989655,0.485423071655484,0.645496756803366,0.769004765667631,0.955319174129117,1.17406306363791,0.809492465770598,0.716465586994095,0.780546135996677,0.480119900493776,0.329295745615802,0.213255257612548,0.0410057579750444,0.217261712196012,0.1878148268947,0.161988567706605,0.127673025948068,0.112411569362097,0.0696334724425254,0.0421478521919994,0.0132604337678116,38669.857473561
"290",-0.202487884843625,-0.15586844434807,-0.237502620608739,-0.0714666227455068,0.00609511730273224,0.0270139191009261,0.0328420161912564,0.0112578917992573,-0.00309727314117076,0.100486222459551,0.278632106704946,0.18891977458424,0.47151981693161,0.65008111211072,0.770835473525496,0.956656566343975,1.00764381689608,0.897607932022143,0.73939877668576,0.793367542167878,0.497454650481865,0.325788984667571,0.212430627333834,0.0404007091235563,0.221881279592576,0.187753000007173,0.164166490535096,0.13383380733274,0.110478846488027,0.0705951030066744,0.0425693355781203,0.0131598376043557,38670.2105538874
"291",-0.21723342641916,-0.153371315138383,-0.182809191454948,-0.0828131897747797,0.036985493913573,0.0235944072896151,0.0415135848831212,0.0120367180152118,-0.548942227460583,0.188434467892731,0.211602868708177,0.229977002102941,0.431611349618644,0.651947976860528,0.768147985043462,0.955861126620275,1.55748857407354,0.807683264602621,0.79067814281845,0.755472164990367,0.527059936395214,0.324636682554274,0.212634456248713,0.0408970182166225,0.221932103996181,0.184914279577529,0.167064137549314,0.132973881888095,0.112439927790445,0.0714959709028036,0.041591670533971,0.0133824812626732,38668.059325837
"292",-0.252105842296032,-0.146235591418372,-0.203888412060246,-0.0882233828013574,0.0191657038949533,0.0412721744697157,0.0348009585723147,0.0110579990011813,0.295981919867329,0.371320599433015,0.285049992728641,0.217760833566027,0.447377130847109,0.639620116899015,0.77137029371655,0.957424811219318,0.724294033727218,0.622099894156164,0.723423889257025,0.771031007731701,0.516699804070039,0.331752129698048,0.212014878620451,0.0394152788470716,0.221128991860632,0.193991872752655,0.165916358540258,0.132410097673339,0.110566688301919,0.0708641665203321,0.0424171865943874,0.0130865377597888,38668.9845427088
"293",-0.223143547927395,-0.161506953125017,-0.231578889330804,-0.0921614707157072,0.0192485716573691,0.0236440093884492,0.0336176393951837,0.0116527005982944,0.230433843680645,0.177710321057201,0.270810782521443,0.187940656649069,0.469238466737546,0.656356626196049,0.773352915050708,0.957254665291982,0.78107268343573,0.822187085235863,0.748950023856394,0.802232020836934,0.493202542794048,0.32019299474944,0.210211961423945,0.0395844018326771,0.210508671888228,0.184565854458386,0.163891827369227,0.129897807698096,0.111357864161684,0.07202461538797,0.0411639055644136,0.0127402350803354,38666.3865244958
"294",-0.236057959795193,-0.126972508770252,-0.218880557117264,-0.0821934290997185,0.0233204439897898,0.0226143998453998,0.0491849542854988,0.00962511948138593,0.305359843655352,0.22076786796978,0.201366884427717,0.256507416478433,0.45930174316022,0.653106705422356,0.76144835544555,0.957266482131308,0.710705001302596,0.766766687983973,0.810428615418374,0.728658678489464,0.504544525885817,0.324477669078553,0.216809635720243,0.0402978735389385,0.216426065710819,0.193407916999051,0.159757750937193,0.134308125236806,0.111313530254239,0.0709629200321852,0.0414166932652899,0.0132802472910863,38667.315281611
"295",-0.261854492154087,-0.167822688056354,-0.213107813669526,-0.0766748630619933,0.022407396996221,0.0362550091091879,0.0395827253695831,0.0107160803712845,0.0862008731787639,0.260732126760942,0.193108562121173,0.25866688870046,0.457500258106466,0.646999527501006,0.763790388657117,0.957520365796038,0.934627773908994,0.743312832794533,0.819204147345264,0.72433921201285,0.505017265984017,0.326151677831835,0.218219546698986,0.0394644072326215,0.221401656223293,0.190763680489303,0.159995358967809,0.13447700251689,0.108674849735737,0.0675001451684466,0.041912232967792,0.0127141296063969,38664.5674675113
"296",-0.244604065547967,-0.13473276529612,-0.207163396580822,-0.084605805243618,0.0270196494394483,0.0401990340295963,0.0355485544270749,0.0113904583201836,-0.22944911499793,0.268610722537865,0.238112915380696,0.248471896975679,0.45104479653957,0.633762623135951,0.768838039897462,0.955728516768036,1.24964076752451,0.720822419491934,0.769831224678312,0.737125795525876,0.509705069316182,0.338108369406291,0.214106761368788,0.0412071085410962,0.224695221729268,0.189946676903328,0.164664630309163,0.133550035230475,0.109604098261855,0.0714426976087097,0.0421792279702433,0.0131546923961528,38668.683639463
"297",-0.194238851427226,-0.143278962585782,-0.223319193881768,-0.0599319990815137,0.0382493631062744,0.0351647403046862,0.0386668586025719,0.0128616706747624,-0.586149882987621,0.153714388868128,0.231337733727669,0.210939836567886,0.462396595262495,0.648698703060532,0.765492591550872,0.954393150671311,1.58571671653045,0.840270840572524,0.781897647074482,0.769048487940509,0.49455160766942,0.324450508183014,0.216683088455488,0.0420372662736971,0.217193885759341,0.189598631739674,0.16148849520079,0.133366933166355,0.112618811790726,0.0700208313057442,0.0412120234326425,0.0133231186571766,38668.3606237253
"298",-0.233724434679854,-0.163104241862388,-0.198217359880158,-0.0800602899764309,0.0373122321904912,0.0214391620232674,0.0424761097448913,0.0117881271902697,0.286184037347203,0.295003558915353,0.284920894721328,0.236346075140768,0.441596333476481,0.656314669808063,0.757536100377841,0.957245561020292,0.726754374333405,0.702529798453764,0.721675237414313,0.748873390585966,0.51595563315653,0.320891727761075,0.222960366424157,0.0393334840629572,0.215104168815545,0.188294636055037,0.162420142080079,0.132785262478405,0.114017521333529,0.072218824331201,0.0411914509570192,0.0131053342899866,38666.3426798103
"299",-0.238353167019851,-0.172407492949054,-0.195131196448272,-0.0781412098597705,0.0341394547856766,0.0329536225188775,0.0354235962572797,0.0107253551234016,-0.147877967995887,0.251844333920558,0.184899492314083,0.251493327283697,0.422138323216689,0.643169418117348,0.765503522297958,0.956933289628179,1.16417401467519,0.754723513252111,0.820038486281951,0.730583479574129,0.537709756900243,0.33049268718729,0.218119673587244,0.0402413752338453,0.216877753907608,0.192980027056315,0.160542350744702,0.135479438526855,0.112128090278743,0.0706098899392016,0.0412493000032906,0.0130491657548202,38665.9365232568
"300",-0.229549708098391,-0.153095975374954,-0.209426148968915,-0.0773388460363032,0.0400037458542611,0.0334088630777918,0.0428676610583505,0.0113754889353066,0.670166746019355,0.180008522750724,0.197146366010499,0.20903053386528,0.45685688143972,0.65668718165716,0.768527814566687,0.957016983068832,0.341042644313687,0.816869747793191,0.814256737208871,0.775110456360747,0.500275749345178,0.316934581203532,0.211839868270561,0.0398752344526431,0.223790896309888,0.189874636485176,0.1630259383779,0.134854184602685,0.112304902663523,0.0703038861833352,0.0408899716029266,0.0129531241956928,38673.0893826167
"301",-0.279435011775998,-0.139404510552366,-0.18947859823041,-0.0926498908951275,0.0298568461523768,0.0286673260943259,0.0399112274982165,0.0150808170971302,0.849886308858184,0.191766868724962,0.195119614209526,0.236142554963759,0.455570262636741,0.652853346574879,0.769854091815557,0.956343519824133,0.177132313196843,0.799705034315616,0.808408880374423,0.752806179724604,0.504630897795687,0.322912953390584,0.210582167287195,0.039135605089065,0.219038161807341,0.189295478902005,0.161320995462935,0.130935869678629,0.111983974374217,0.0708657204527776,0.0416032666828857,0.0130980225239697,38664.5750354093
"302",-0.253512932725699,-0.134256975011048,-0.221592119047935,-0.0868484845667214,0.0334379184806372,0.0224149338053529,0.0409812316674695,0.0106897923363844,0.57140388703757,0.145301304588919,0.219544413832451,0.187371399244429,0.434921462131846,0.664015683001385,0.76297366666309,0.956321798053274,0.446957515075359,0.846047817148984,0.794391003437606,0.801991957437838,0.524518419064002,0.313601889395581,0.21824850800794,0.0409667845599493,0.219926180066603,0.18942066482914,0.160593015732007,0.132319283330805,0.111213517400697,0.0705119727138476,0.0419912107790393,0.0132443225213758,38672.6647690785
"303",-0.211336905028142,-0.124512617398204,-0.211582018185001,-0.0396269981284781,0.0423620237670618,0.0480490387779057,0.0338559280976378,0.00724867691650992,0.424974048175805,0.153886882242236,0.185330957457879,0.171162015837281,0.455868384800162,0.646206856818174,0.769477442659471,0.959689074296388,0.582963876637652,0.834681538881808,0.826245444844633,0.801989834348174,0.501541680837976,0.321580983308148,0.214348983648152,0.0385864823704056,0.221789581486932,0.187444542149883,0.162972835965677,0.134403553816551,0.110342851110527,0.0711431940311617,0.0406303527321968,0.0134445644324803,38655.003814933
"304",-0.246654828783331,-0.135940587832752,-0.226205966336168,-0.081735429040894,0.0164589990276818,0.0416596644199854,0.0297679427022679,0.0137013291689775,0.426660874051538,0.188845373123901,0.289630462231042,0.245136694705316,0.453336409316286,0.647953820865243,0.763322743692099,0.955592719263398,0.589357508126284,0.803414960973804,0.72422596217706,0.741678958895135,0.512461456652805,0.323967994312337,0.222355604276439,0.040630673441404,0.219746279087538,0.184654710554764,0.162990335785872,0.129157218871082,0.107751901710649,0.069373329605854,0.0417703504443218,0.0131702129171486,38662.3985351647
"305",-0.228939528566893,-0.131822123314951,-0.219342273053918,-0.0816040455410426,0.0236638464934749,0.0224092273328046,0.0489393184075069,0.0114460964417709,0.302549303930724,0.221514514679466,0.197918420368947,0.251428078405918,0.45867630588104,0.6526443112638,0.761717381259485,0.956702838278723,0.70629076223616,0.76869897406168,0.813328890985108,0.734991631117879,0.504309054815054,0.323870204357404,0.216979184046696,0.0401594340561681,0.216564934745285,0.193134255362015,0.159872402131378,0.134227364404529,0.111300496343818,0.07092789651094,0.0414346335127666,0.0132356031816976,38665.8335749505
"306",-0.241256825975312,-0.131465127826535,-0.214997348001814,-0.103331553000324,0.0406267423544304,0.0363031213925939,0.0411454536976466,0.0102516837253348,0.710130491685175,0.211797364028022,0.181996807373155,0.232932202095515,0.436967577785704,0.649510623450373,0.761703440142172,0.956286874031443,0.306057320560581,0.779311256581153,0.830641783409115,0.758225145244951,0.520749755549511,0.323362121874094,0.219223206048861,0.0411367103273884,0.21007122489604,0.192179720480876,0.163670388362696,0.130300971849762,0.111764242502401,0.0708790806309726,0.0410392948397448,0.0132757252183183,38667.2882302774
"307",-0.240517766224842,-0.149362155159639,-0.232397718911809,-0.0840416866038018,0.0441750854314866,0.0364225999308413,0.0422974067645003,0.0118279322918353,0.765433402744108,0.215151834851123,0.214872172961965,0.230068107625075,0.452159421946458,0.640448004267567,0.766075325730496,0.957467683876043,0.247545202882177,0.77899514977207,0.803143531177924,0.756574987660735,0.504210542938204,0.333079789021014,0.214807910044083,0.039096098532416,0.216317791145663,0.185387943768178,0.162646011341473,0.128357638267316,0.110465578380134,0.0706306336587343,0.042078016052539,0.0132535588504674,38672.6888127118
"308",-0.252426808786993,-0.179748499587552,-0.195751330067843,-0.06166367727888,0.0213178777878985,0.0375331464831677,0.0356030190624496,0.00980375525695884,0.853547158927052,0.24640274587043,0.181042563779657,0.230901073838465,0.459279368026698,0.654871716181501,0.767358720739056,0.956316690980419,0.166857099592242,0.759482909033284,0.824510747143475,0.747789680151259,0.503750559653859,0.3185369828266,0.214733945479727,0.0413125957917624,0.219758747532185,0.186986558173626,0.16147581249594,0.129750530353754,0.111457186273209,0.0711633428432693,0.0417253171389388,0.0130778572506497,38666.2462517657
"309",-0.215013879064545,-0.158765344491489,-0.238399280249928,-0.0717100095669241,0.0013708990814387,0.0259472571963018,0.0367365289059347,0.0102775211188534,0.0997377895148365,0.212268092771829,0.246558832703121,0.210505745315964,0.470519938153601,0.659913040022931,0.76224398777836,0.957366793793843,0.910845911122512,0.786879593693217,0.772580940094595,0.771760975166084,0.500535455048908,0.315910038866761,0.220795239104527,0.0399885642346004,0.213613249220664,0.189094690033789,0.161678133247973,0.131520072758639,0.112795666804904,0.0712117257257391,0.0421783228138627,0.0132625886965206,38673.103283408
"310",-0.184237273462751,-0.179412453173181,-0.225213581661472,-0.0687166354819087,0.0293423623516359,0.0323414425274098,0.0339141521012201,0.0117635685346086,0.295124352016788,0.332119986601437,0.226110054100445,0.211071183543722,0.453434881903091,0.646168517528103,0.775235750149214,0.956671869511894,0.703784104098081,0.672578470752569,0.788875213154303,0.768833651747442,0.507944428370758,0.327110786602335,0.207941301568384,0.0400566631356517,0.218291429631018,0.183373240424655,0.159864375817119,0.130929637424978,0.113303195721339,0.0712701399947026,0.0426190871440762,0.0132122549778866,38667.7327113627
"311",-0.238578799305263,-0.170500626236517,-0.217780416783511,-0.0765447844402494,0.0337659381429597,0.043456520467761,0.0305909591060897,0.0104966996206517,-0.283879976781108,0.246079901930376,0.217003662871556,0.206650910317305,0.472213364030567,0.651954799715064,0.772897573600476,0.957410322547428,1.29662909479323,0.756886901044721,0.79474651021118,0.776165772100497,0.487160608630287,0.318595469033067,0.211989085369222,0.0399899974233923,0.217472369838005,0.187071864037988,0.160679518775915,0.13118597526477,0.110165329617344,0.0713508859402949,0.0420263929162215,0.0134145648714164,38668.7721826169
"312",-0.215297035540596,-0.130360636294382,-0.210548149511604,-0.0701753752967389,0.0217568347211514,0.0415015929175219,0.0339847499051227,0.0107759014251876,-0.13524513535335,0.190212667135086,0.199643556851598,0.229416696843812,0.482343392370397,0.642578454489449,0.769557673263068,0.956461647397873,1.14195324050116,0.798716528385606,0.812747120172552,0.752664367705701,0.479651781691376,0.328671039884436,0.213884872124323,0.0408012699104883,0.215009588063661,0.189609160297729,0.16351680526105,0.131671312899895,0.109267109563702,0.070931140413293,0.0415037945359521,0.013352148972508,38672.8805334471
"313",-0.261718533710745,-0.153347863380042,-0.232284741675211,-0.0759036133775154,0.0215164928107325,0.0245074291133424,0.0407408346095372,0.0105624905884608,-0.253699143322003,0.259941311359144,0.255710167373164,0.212908091635964,0.458036066464695,0.656620990059954,0.757103754027639,0.955920800917979,1.27541942874918,0.735435688793596,0.760847246168689,0.771680826599784,0.506005000669549,0.320058968101238,0.224739333447249,0.0416044390640869,0.219207162956226,0.188218344012842,0.160292664246491,0.12858932221124,0.111406215568375,0.0715694537415611,0.0415277117650549,0.0129439892999811,38671.1054818443
"314",-0.210248684209085,-0.187600654806673,-0.219562637221942,-0.0780307506840488,0.0242257476322881,0.0291323269732786,0.0381475609300012,0.0107103274925909,0.549939982812519,0.282173147265579,0.214110787744625,0.241957398694298,0.453972512274657,0.653330525276629,0.768747937018762,0.957573499814396,0.456992329985867,0.726754247147958,0.798583182783914,0.741466986889255,0.509591918924768,0.321737931423006,0.213031329655626,0.0395470630855162,0.218516057666517,0.186378453596867,0.158552376304793,0.130957783479836,0.110804391245872,0.0733321877373877,0.0419118067837484,0.0127248947657255,38671.9342910353
"315",-0.250474079807253,-0.175164418548968,-0.237296774656779,-0.0889290882933679,0.0308638787241294,0.0284579612355783,0.043658905857188,0.0109484486275671,1.16781572443727,0.245298877279144,0.308019803589128,0.243315147835622,0.494846174942146,0.650454205646413,0.764761159868367,0.956111778737388,-0.149528580206962,0.758296830322748,0.712694989652635,0.744483494200261,0.465292446519328,0.325063727995648,0.216177490573814,0.0411741500059284,0.222187007882592,0.190246251377758,0.164006860721822,0.129482897881739,0.109479236932357,0.0699540767497469,0.0415860351636445,0.0134593790898144,38664.8816317604
"316",-0.250276495931748,-0.180800594027308,-0.208923569855885,-0.0593246261938575,0.0278609236025959,0.0229836899309614,0.039477409741591,0.00969993599319073,0.627920871567474,0.231034935519188,0.155719687741537,0.213517028452355,0.417298773293478,0.655438790067663,0.75972135421037,0.958696278299439,0.390627265272647,0.776076991954818,0.855052750847181,0.765044202002109,0.54550649452906,0.322734934551269,0.222911340044263,0.0387400268091751,0.225931392393552,0.190767630479346,0.161782370191573,0.133391244824655,0.11199368020746,0.0708025317559559,0.0410344079047136,0.0128920497908331,38663.8397377723
"317",-0.251386342152026,-0.15315372225092,-0.219398317306835,-0.0698903824332285,0.0184694229220977,0.0338638885684213,0.0342698802523132,0.0130942450758702,0.108774827057235,0.138399512921876,0.160975783214225,0.24631088797135,0.463035589742156,0.652060033109874,0.774888652529355,0.957691719811525,0.909601910798854,0.857423788258008,0.850820727957125,0.734854644465199,0.50009688093399,0.321646259433203,0.208315085019564,0.0383401726558091,0.221628232741908,0.18828885626458,0.162366502228198,0.131387877082238,0.111278053800638,0.0696789280234411,0.0414247660015018,0.0125831991964941,38665.9650761081
"318",-0.246822236445521,-0.126298107436069,-0.237504013565649,-0.093164338777335,0.0215063904133796,0.0336957453077371,0.0396161930827615,0.0103668607199834,0.446628883177695,0.129629190710644,0.288471574845626,0.24796345991188,0.472089469391305,0.63591620737349,0.7722549615022,0.957830991876287,0.571820304763649,0.85831973862118,0.731943340563681,0.741366324494698,0.491153031886247,0.338405366544585,0.208576163977369,0.0392853064955084,0.214892356283084,0.187788111365974,0.160594965238565,0.130744690658321,0.112888672335316,0.0726953962182705,0.0413540210152094,0.0129086191941014,38671.0547974856
"319",-0.228184389780253,-0.18593839194737,-0.228562115258208,-0.0777729428868905,0.0282354134447389,0.0365718775792256,0.0292692487919139,0.011757259138925,-0.316080381996974,0.242652411502556,0.194570977363329,0.207347011549089,0.472874749635599,0.657683535167809,0.770175718041812,0.956778469236706,1.32987647124385,0.76553793133369,0.820550702602527,0.778776307322271,0.48769133455462,0.315271355336648,0.214640617646231,0.0400588217040318,0.214291211621952,0.188056865388525,0.160382030585483,0.129878059438237,0.108904019720094,0.0710054070289494,0.0417944827675615,0.013249889192963,38668.4220183887
"320",-0.247073959244438,-0.166336595041969,-0.187113868046302,-0.0808830319048746,0.015411494540248,0.0203518522688581,0.0279735908295107,0.011267934084162,0.694138364695119,0.170209993997479,0.254496449237875,0.260515094290876,0.434925306086468,0.664338603829628,0.772147601655833,0.957091217987597,0.325071823574633,0.831253017961692,0.748926809153481,0.724891843045473,0.530893674669962,0.313469169826843,0.21342408398139,0.0397864576373453,0.217780267826277,0.190178996710789,0.16187922665989,0.130542125135529,0.108448029159653,0.0695823376152661,0.0411282440626371,0.0128784963132355,38669.0335868085
"321",-0.259799252080766,-0.172365170202343,-0.212928474213322,-0.0812233738309118,0.023023897132786,0.0339833949683526,0.0423020401699006,0.0142357706207457,0.486211243741094,0.257672704426745,0.20504394661765,0.220255928974334,0.445112102415747,0.655415018621927,0.769343361375064,0.955563577907198,0.533759390688297,0.743872841872846,0.804557982460197,0.765661097144517,0.518081443978109,0.318777400729585,0.210844843976067,0.0402771935582785,0.217382562277901,0.184620471288107,0.1640600086765,0.13132840613454,0.108879883745902,0.0692906884925351,0.0416180214901455,0.0130503969414761,38666.5532040839
"322",-0.263441846899843,-0.164628917513202,-0.186069917654837,-0.0955308312753249,0.0152628043028662,0.0347651945818785,0.0308765577045979,0.0104435640143738,-0.153581850800052,0.186650769196815,0.201132216854181,0.288010219691319,0.463009840673946,0.625375208337161,0.771147111865127,0.957102327726226,1.17494263587736,0.81245103822623,0.802055357931855,0.702958152289018,0.501359991345373,0.349353750041906,0.213668146422746,0.0401788503521823,0.215907452523317,0.188996826607008,0.160252584550348,0.135336855918881,0.112093621410373,0.0714622678320288,0.0414511178879182,0.0129407320951913,38663.4521399271
"323",-0.193718889442806,-0.144929857003795,-0.214825724478387,-0.0616966107115948,0.0210920174742199,0.0248237333692995,0.036855949967032,0.0110188810538814,-0.270117637941089,0.204763250958226,0.177607005104136,0.162367886738778,0.469001517306564,0.658012900029503,0.76430862135834,0.957286534695183,1.27114649790158,0.786374593716386,0.832534000471818,0.816501871580297,0.495054582179141,0.318606704090125,0.218192707920111,0.0395642776265566,0.220503230234796,0.182385356840076,0.163238404758077,0.131296584635689,0.111978023513464,0.0706257184899328,0.0428199018552036,0.0128827977733651,38664.0432576641
"324",-0.234693518006907,-0.134541209999765,-0.229973380393854,-0.0871660478117541,-0.00405988473588966,0.0354240724294534,0.0445231956878243,0.0117386376477692,0.43512143381684,0.191668339985044,0.284237472256624,0.237704807270416,0.484781521317479,0.651282776922401,0.761533892265289,0.956910984645614,0.577556025787856,0.800811368358184,0.732997089228417,0.749205430421466,0.487310716759102,0.321677036815306,0.219538342752232,0.0397463922850409,0.215335734693856,0.195905103872957,0.161940680772809,0.131096243681208,0.111900141234907,0.0715601652220987,0.041547458408693,0.0131069106748289,38668.7678522976
"325",-0.258329493454163,-0.180801253664187,-0.231735146375441,-0.0701330798769469,0.0223484998330096,0.0427474072616757,0.0410374297650855,0.0091456175018002,0.402385686215569,0.252940120866024,0.19742708432825,0.176714999805916,0.461884931697598,0.643525564881949,0.758639812700318,0.960377139701958,0.617692644348358,0.751455539109181,0.81971758015584,0.804986986716773,0.50105202256971,0.326909232326509,0.222748772234899,0.0370199258022861,0.223057205872478,0.192385785407638,0.162674129624289,0.131207534519239,0.110620118823681,0.0704977732483974,0.0424555750591374,0.0130578830481357,38668.3844932042
"326",-0.254365496191308,-0.131612011667647,-0.197198365842124,-0.0857138059608461,0.022622906296532,0.0392699744517414,0.0361689810153085,0.0111853989997424,0.493849403274551,0.20858711487534,0.240516230249619,0.222257884882898,0.444104238135372,0.640973204714764,0.761700964574984,0.957723122233106,0.527596432937338,0.782634068504233,0.764581355220583,0.764625088196192,0.51970449982904,0.330187894932711,0.221603187357206,0.0391797993026793,0.216092041897755,0.188118690447351,0.163736579047451,0.135137562370587,0.109832329274359,0.0705673078465484,0.0420328902556337,0.0130579438350167,38672.9152076451
"327",-0.233143604189758,-0.149268538218303,-0.224931586510515,-0.0897946780805561,0.0219308803825933,0.0382656162249455,0.0338121606846007,0.0121742341562914,0.325319723120312,0.241894922250404,0.179730204926424,0.211648312295288,0.452759911175124,0.633696232787774,0.770662000638745,0.956143223109906,0.687621057455326,0.754840044762203,0.833905604264339,0.777507097041352,0.511430486255845,0.339718940280286,0.213309183018044,0.0402832249514654,0.220446636904189,0.192685097276486,0.155109919126417,0.129991833990367,0.109708303239156,0.0706872088863735,0.0413691746067281,0.013181657887142,38666.1443777256
"328",-0.284251872041955,-0.167741217488789,-0.214105332451008,-0.0487456119526863,0.0341787694933364,0.0341884459692721,0.0348934556578632,0.0107624327573229,0.695147802862746,0.227816691700552,0.246574983715866,0.170267503783657,0.457495570178353,0.630849797584965,0.759191695555848,0.957611255726828,0.333009005286018,0.775183209705051,0.764409308475467,0.80539757883203,0.500751139318829,0.344441979371872,0.224818766809735,0.0395042105434794,0.213176187457385,0.190452219209853,0.163836698769285,0.130234806700568,0.111803405007433,0.0681579054786806,0.0415604919732094,0.0133544326590659,38659.5145039605
"329",-0.263279263437207,-0.151688872611999,-0.219022752400484,-0.0657893916465334,0.0260670425167106,0.0351084939592369,0.035416301931245,0.0117476772320637,0.418338547846966,0.267735880642626,0.306632361414799,0.200739955929403,0.444117589925611,0.661168577250194,0.770115775137047,0.958181830459042,0.604654221508467,0.729399937397865,0.708914675481351,0.779649386756815,0.519021090548148,0.310889981575976,0.212944291965667,0.0385706373022226,0.2137475221645,0.183528440258497,0.16376726143938,0.133665877501709,0.113153355466513,0.0697718477048314,0.0422344898174817,0.0130576420055893,38668.4072029654
"330",-0.255298580407795,-0.146676591558857,-0.21889483177713,-0.0833825247350445,0.0108465252662586,0.0207142754265692,0.0400090131512419,0.0126058308291399,0.926067538003659,0.134125654184731,0.320471690546566,0.245286068158763,0.450276179523934,0.669388440841774,0.762268246067906,0.956495031484244,0.0955968804147356,0.860294306074403,0.693952004821316,0.742160560807766,0.516919127718888,0.307651407259348,0.219268109282022,0.0399443719939144,0.21597885161903,0.187391557726806,0.156711642184232,0.131566484345355,0.112182046562029,0.0718229987718203,0.0417693453714183,0.0131147494492022,38669.5351162621
"331",-0.250760559555192,-0.158805284882377,-0.215062285466847,-0.0801232155445016,0.0240490831369301,0.0339663344784694,0.039064494474796,0.0120290435606215,0.53714351163781,0.216461835123389,0.215581055133261,0.22147788422804,0.442722111365803,0.649499739056761,0.770707361400045,0.957483185393297,0.481579728982825,0.784479290563197,0.796464441251668,0.765166263490203,0.520541711910105,0.323817273081599,0.211243105039187,0.0389811054729935,0.224930769752946,0.183700683268797,0.162694852020147,0.130231119424245,0.111576600848031,0.0715626895567823,0.0418526926266759,0.0131861639350019,38672.191017432
"332",-0.259907079511043,-0.193571453900526,-0.252323228830037,-0.0750105429427069,0.0142537293291439,0.03018197325262,0.0326234713602333,0.0100005372418101,0.400365879994348,0.218593423254789,0.257617104507666,0.220010429502008,0.472643628520778,0.642609829610216,0.772556390306367,0.957425261351043,0.622401827525774,0.79323945180689,0.767093263856178,0.763605682935339,0.493434294246358,0.332713216117061,0.212053820797579,0.0398454077662217,0.220893747952677,0.195392962746097,0.1605791782923,0.133057759641882,0.112435811659813,0.0721555930666951,0.0416928210207688,0.0131559157931452,38667.8555919072
"333",-0.222826338382626,-0.155037759817048,-0.209403580763348,-0.0792146204012546,0.03677102081408,0.0357553727152888,0.0336278020366415,0.0120809100556243,0.803797541154808,0.185765091737814,0.259032380965363,0.19210494149308,0.43725947937091,0.646894630084159,0.771520823371497,0.956029282494114,0.205867109478538,0.81164885981284,0.752284148666794,0.792754123428753,0.522441646377914,0.326446811323367,0.212278456328183,0.040658930566103,0.219365408247744,0.192887691677836,0.162867022790709,0.131100975497185,0.109652267732569,0.0717614303682228,0.0414512871807453,0.0132735490416935,38676.4229024314
"334",-0.220340678831194,-0.192400052919807,-0.202392430789132,-0.0800630405386704,0.0255774827384825,0.0341757981429885,0.0447897833125146,0.0125362291994751,0.51276368793803,0.270488097868285,0.175307198089002,0.205857182694507,0.470093826276676,0.64619123576915,0.760719916289041,0.956430471458744,0.495274111477762,0.735771920173533,0.831853739370435,0.780505282130194,0.493404981965113,0.327939228489788,0.218960461501287,0.0402315844031263,0.216722202054708,0.188144768135489,0.159717450012682,0.133877174239215,0.110345776404958,0.0716292786770271,0.0418981957345036,0.0129745873936073,38664.6792821952
"335",-0.246166485737727,-0.120249570137196,-0.23993346773116,-0.0841521202015414,0.0412319946249501,0.0342776120565942,0.0347086506774652,0.00978837973312912,0.475819062129154,0.1736468000528,0.238452667386036,0.268747942127963,0.432398635305762,0.642040918000438,0.764795164404649,0.957864420783073,0.543664413859693,0.812483771954697,0.78341718886848,0.715514176841017,0.526162133529407,0.331020085026336,0.218933331414765,0.0393759055478365,0.218146523424323,0.188582102491925,0.16348483231452,0.131560098024408,0.112824825650458,0.0714959355356805,0.0419777397578053,0.0130250493695267,38669.2195562119
"336",-0.238899569204639,-0.189725800795947,-0.224773248304137,-0.071658046214916,0.0225464804495492,0.0356123464477399,0.0403643824036152,0.0111911552787192,0.13047504156299,0.387098152738905,0.207042601970636,0.205349772347437,0.453755223366728,0.664664173363202,0.76510431907574,0.957342135904712,0.886652266515608,0.621233011807545,0.809797836218741,0.776659396769714,0.509950216646303,0.307494676856845,0.216531400491598,0.0395456091624211,0.217757776860788,0.189499489300095,0.156281299576421,0.134116806042476,0.112027645962084,0.0717981423608828,0.0413505154927168,0.0128908660959957,38667.7717282756
"337",-0.250230095808864,-0.148380241588162,-0.193346039191131,-0.0893333618037757,0.0260101892116937,0.0337814069428675,0.036479448609149,0.0117625229404349,0.696946322458973,0.154553762088012,0.200523401370857,0.261783386133595,0.449746679339536,0.648883339947275,0.774155543495272,0.955887304934025,0.32246147654418,0.842667819928185,0.804867735793448,0.726359858610154,0.511957942871589,0.32431183102647,0.207932213868102,0.0409487829201684,0.216695564455585,0.18527448861868,0.162208977191962,0.131254277239481,0.111397869390143,0.0691361111533794,0.0416996683550819,0.0126835511182332,38671.3592544196
"338",-0.242661372709133,-0.13945367284339,-0.224760387385196,-0.0812187331207966,0.0227960492381834,0.0318612258966457,0.0358391481532411,0.0136539929440208,-0.22574503652456,0.174828780723709,0.260705036040481,0.186406217866678,0.454897697136362,0.644425975128005,0.773062130325456,0.955300222099551,1.24377859230833,0.817955336337393,0.752936137911124,0.800643340317093,0.508998581373226,0.330613439765599,0.20923107630509,0.0406662177026284,0.219592169312624,0.187477960771839,0.16350188606193,0.129673304162379,0.110839212435543,0.072436690016683,0.0418538543323503,0.012976882447592,38669.1732632037
"339",-0.204923013937452,-0.149452170510084,-0.206554728430605,-0.106590421981216,0.0201797089689004,0.019313748064674,0.041204645821558,0.0115252360511709,-0.243396129330394,0.203147955825303,0.310101254926309,0.20315502939736,0.44818420138617,0.664174920533001,0.766877259036158,0.956357892668176,1.24560398598806,0.792088476670275,0.701294715209249,0.791242480683058,0.515475334215513,0.314200375524986,0.213855576625033,0.0403925407674076,0.217122625010938,0.186573853963205,0.160965682115533,0.131678943378379,0.112015247400917,0.0712884566568492,0.0423003381005601,0.013126430488984,38668.1441901982
"340",-0.240181186216721,-0.164497425385349,-0.230337732878381,-0.0863588054430556,-0.00217621501641086,0.0403503731008216,0.0361524391067415,0.00960225717927714,-0.560476468249999,0.13137144964962,0.282343746436313,0.243085199897307,0.459196118366589,0.637029200275892,0.764874400013931,0.956484982452741,1.57703739471395,0.871472195099591,0.734692801448704,0.743423488289136,0.511972409955438,0.334911623343123,0.218291828855265,0.0412051406265861,0.219788304265141,0.189805187825307,0.15683539521885,0.132341049414284,0.108734272200787,0.0704344017474855,0.0418064231776882,0.012881990772798,38667.7126350586
"341",-0.239603543372214,-0.165784045611525,-0.213396001646761,-0.0698906996731474,0.0293971420816993,0.026071969720441,0.0392053569939063,0.00913204965889922,-0.146051478741676,0.24863166848296,0.335544905940685,0.219706728670154,0.448888267317172,0.659267860768465,0.767518532276856,0.958564071434072,1.15993418262499,0.751916779762907,0.676926253823589,0.761109060623364,0.513335917397752,0.316321545438855,0.213724148950301,0.0388191585036992,0.214754464526162,0.18948373957811,0.165525726198639,0.133340712835256,0.11175266898082,0.0704219622360561,0.0417455657813555,0.013128669589824,38669.2854526618
"342",-0.276306387997509,-0.180503742022715,-0.201054189551013,-0.0747958581037229,0.0205318573448868,0.0203688541333567,0.0396501141017,0.0126899096750667,-0.186307043243903,0.251994074666301,0.27029938061597,0.19932536504583,0.48110551301297,0.66651959348969,0.76588297986696,0.956727224122729,1.21323310252735,0.753635127827928,0.740270363186243,0.78358262891522,0.481849529959046,0.310505293077692,0.21620159330111,0.039650420110422,0.21633901171681,0.188272040156649,0.160084625002517,0.132421987388151,0.109825120357118,0.0713141180087427,0.0416644676903247,0.0131999975910537,38669.1619176201
"343",-0.215493258965252,-0.175314372014116,-0.226523553655084,-0.0798470439188168,0.0193740748271484,0.0344561447861665,0.0308253425539565,0.0110057555142573,0.576594737972363,0.247268500438867,0.313724700272542,0.222811911398929,0.499464989289114,0.644037467289675,0.768750677748249,0.956835579818266,0.430159558011042,0.759531474521452,0.703298134827882,0.763192456660649,0.464629437434673,0.328569218985026,0.215371288710926,0.0403830339180064,0.219125555190617,0.190598998021582,0.159002626054219,0.129971008159243,0.110982950974691,0.0709130901603087,0.040588217014114,0.0130152326905849,38663.5276021969
"344",-0.191545255376966,-0.19376843441991,-0.218580725054561,-0.0773963182674652,0.0425047494785726,0.0327004650980691,0.0335375168077196,0.0109734330546063,0.897760761001118,0.331063507379209,0.21406270686711,0.195100114357441,0.430533031193033,0.652544828014124,0.770592029840354,0.957367430458198,0.104279235726391,0.679157168403211,0.800515261361676,0.789535283858202,0.527328667662217,0.32151369741239,0.213195164560143,0.0397398577465343,0.212922772845286,0.189598013174154,0.156450029919331,0.130309190471726,0.109945583670041,0.0702304089871395,0.040405206072587,0.0127438763606598,38663.9879666149
"345",-0.256884872855247,-0.161472027272154,-0.221406732749729,-0.0617792637080568,0.0143289801670598,0.0197204898955848,0.0327535876465172,0.0134967528968575,1.44858291938074,0.332902656808259,0.230876737320748,0.216151914855206,0.458564505078839,0.6607635870676,0.770348357582221,0.954802184067663,-0.42900756022528,0.666351019294919,0.783762480474308,0.76316893014882,0.507012341390309,0.317566702682433,0.213771826797999,0.0414971863268194,0.212339259093395,0.190255937640087,0.161494045733735,0.132757550515546,0.107826120423194,0.0698997419061001,0.0412661936199138,0.0132118288173509,38668.6321337338
"346",-0.235866395124434,-0.181116991530395,-0.231182627258215,-0.090749845387009,0.0195408317794844,0.0274442269056909,0.0359998465401744,0.00984749622874318,1.19612531556885,0.311959671887459,0.257833910102654,0.249746640705657,0.455512886474026,0.650091034261956,0.769177279984248,0.957591878785907,-0.180317413904821,0.694245485430597,0.758200334174003,0.738855579420866,0.508546989793185,0.325820770227346,0.213404621260515,0.0397276606288342,0.223147642196781,0.186476028684642,0.156542211442405,0.130329744003244,0.11128571390218,0.0717931294159658,0.04167657471843,0.0130233145229272,38673.2077385314
"347",-0.248714553637589,-0.155729580343497,-0.206807048853263,-0.0769052409624224,0.010608406309717,0.0391432512870147,0.0354324132552681,0.00952364369371443,0.132092012955336,0.176654915019367,0.208450759282852,0.211233936223441,0.489028320067562,0.649158272014489,0.769500391366253,0.957905300298411,0.883748943784994,0.821770745959056,0.800323173844238,0.772473787999839,0.476987656000943,0.322584916613306,0.213495008735656,0.039554121910612,0.214741660453894,0.188375098434848,0.157503547641799,0.130376040879717,0.113042913090048,0.0714801272027821,0.040723153980139,0.0132706949616035,38672.7367838127
"348",-0.248379126304665,-0.146187762189725,-0.210649714711342,-0.0857337548419193,0.0211426039292884,0.0300735951178096,0.0332409378316486,0.008074627174326,0.00665507817396585,0.220123893737359,0.233896598533556,0.242745743435923,0.438958526672651,0.655814448769629,0.775551902373853,0.95811228198034,1.01181777622489,0.775196373016771,0.778419724896004,0.744117172532971,0.526034921171941,0.317976767758866,0.207840000043841,0.0397173339274077,0.215564767783453,0.189237658274226,0.160739785494247,0.133162487089756,0.109653630995211,0.0713647722501681,0.0406656457364492,0.013010290933209,38668.4691908795
"349",-0.304186970698651,-0.177372586854936,-0.226793483744709,-0.0631182154670703,0.0115169672814266,0.0325158232280908,0.0414105684668617,0.0107395780884803,1.11177468735534,0.292783331275011,0.175697538352753,0.216908228036622,0.498132713007246,0.657693971595775,0.765107314157563,0.956459159373122,-0.0765529855354382,0.713667672273885,0.841596098346795,0.763162073130332,0.467193315151334,0.315779552487531,0.215923520277354,0.0407848719996137,0.212703908360034,0.18956443060097,0.162766069477181,0.130532439855775,0.111931910505259,0.0708824012338167,0.0410930916002421,0.013049434012902,38665.2523423924
"350",-0.253724334494553,-0.166422239343428,-0.204719507597091,-0.0830795009659182,0.0335742262898291,0.038221446126552,0.0359108197258819,0.0106004453363524,-0.41942183315411,0.365641142531963,0.222273419897561,0.219998976747591,0.466783244022009,0.651267558566121,0.758829329705991,0.957764545106952,1.43981401989229,0.63565514965573,0.785695827128095,0.765675663867972,0.49350001369593,0.320179469891311,0.22470286289728,0.0393748461015548,0.214408584769531,0.190542182683883,0.160348167843443,0.129751346516093,0.11124774485776,0.0700093125738208,0.0410954039349056,0.0130262070386068,38669.8875698764
"351",-0.234321533897913,-0.151178325157562,-0.259617799681068,-0.0727225302906968,0.0272779409695257,0.0394464488114291,0.029361030520256,0.0120752409859634,0.972758922424087,0.193971589683922,0.200747354489065,0.238452836766272,0.439129036863105,0.641575187194686,0.770846450817363,0.956272882590529,0.0419402372335266,0.803929070615072,0.82562134165979,0.742762322437727,0.522647996311622,0.330801214645476,0.214770797867751,0.0405567792062888,0.217549184270159,0.187142055267613,0.162877660990144,0.132179023568129,0.111881374520846,0.0692489991584708,0.0415248178714126,0.0128121394414478,38669.2950281625
"352",-0.262118806705191,-0.160955087967505,-0.246436516457131,-0.0894118460845998,0.0194050576823631,0.0215039060845594,0.0312188278331861,0.0113437169184881,1.46609182361624,0.229039294382936,0.19892179578078,0.221885173663597,0.459533927881729,0.655258724904809,0.770936410691525,0.956151317644016,-0.44046029962779,0.769456826288247,0.825014823539575,0.767181085285329,0.505254048781063,0.322297806954355,0.213631271517356,0.0407542593244148,0.212459685072363,0.194519119901986,0.163117652905708,0.130827531800566,0.110519656183753,0.0711315671320894,0.0409418194848176,0.0132075257768822,38668.3606838215
"353",-0.225718323137758,-0.15485686016576,-0.232604980370399,-0.0397193856948685,0.0190522905271037,0.0393144139231437,0.0325273010660576,0.0100949830772074,0.178633740527786,0.226649092333544,0.214813908628066,0.134632950886537,0.457604744135216,0.64476815754194,0.771199051765127,0.957084115853485,0.832229013947796,0.772244348895223,0.803422158622856,0.838046523834736,0.50753376053473,0.32686327752394,0.213178342256029,0.0402675213623437,0.21636585033586,0.185449006584547,0.163180987147852,0.129387045457649,0.109337762463586,0.0708164995231134,0.0424179691313525,0.0130831782984254,38669.2447133131
"354",-0.264603577306002,-0.137642939759221,-0.249034766266503,-0.0641454249198913,0.0158238300168295,0.0576848206725227,0.0377189872926787,0.011135082897551,0.691990372528748,0.112029151895908,0.340948512188231,0.230390626131485,0.451662096400429,0.620460202355402,0.764554808730094,0.956722798136616,0.330595621914209,0.880502392880552,0.681047946482963,0.748936032720055,0.514184345446445,0.346664158250737,0.218082590596628,0.0403573047516006,0.225166951231097,0.189431462810427,0.162626719850923,0.127970759070427,0.109770436838751,0.0701158754655754,0.0411443410719483,0.0132244753440546,38661.6354457399
"355",-0.265803081791691,-0.172654633363977,-0.23414267826656,-0.0544040308100061,0.0346555584548934,0.0287091612919846,0.0325736209077446,0.00990392901713037,-0.0905576994319395,0.281203431202194,0.324210588881845,0.213014716589026,0.453512014920502,0.674135311618456,0.763825385724556,0.956067101387139,1.11557849972053,0.723699947629737,0.69530855020411,0.763847827410688,0.505020976386026,0.300524124483222,0.22049351989639,0.0414398056501098,0.21731467228991,0.185241919655897,0.163088106137508,0.131557055157283,0.111688406105511,0.0702176184226204,0.041961001830032,0.0130120409815318,38665.0425866608
"356",-0.214946083007972,-0.163094836389381,-0.199551634191708,-0.0887647862242505,0.0286380063641251,0.0272969610918159,0.0363487029287648,0.00767724687499376,0.390755324438861,0.125273468831794,0.279890394592454,0.226393106486042,0.442522659075325,0.647765560717473,0.771593344897735,0.957793637927089,0.615721593321654,0.873642138454292,0.725641497857465,0.76077153048548,0.518913907989642,0.327811927973274,0.210952046267357,0.0405007398100031,0.21792521691491,0.18867667892839,0.159128382039078,0.130573835490049,0.112723834232318,0.0711033825773612,0.0420337869633346,0.0130920544732712,38669.2664719541
"357",-0.249100214795764,-0.121361950550378,-0.260678733987347,-0.0818118140313366,0.037701395472354,0.034706036653752,0.041525391090613,0.00709842359031571,0.505288927286932,0.174693385874712,0.261305267963168,0.228759145212204,0.459887122593513,0.64284706320069,0.766668831527832,0.957968644846784,0.514437096738035,0.812597804022545,0.7667521722601,0.757454685325678,0.498742499099997,0.330251763655558,0.213805333882783,0.0405634558369225,0.216519253596763,0.186978686026248,0.161062811914112,0.130686163894028,0.109104505025932,0.070780924260484,0.0419454898440664,0.0132236583112752,38664.0165900061
"358",-0.256006592038058,-0.138984969000925,-0.233616206298705,-0.0997398344732923,0.0347056706380342,0.0352933285882296,0.0388106871791479,0.0124232174624801,0.497347777567779,0.235526458393071,0.212976586982797,0.185421441886477,0.466100312928665,0.646494792738376,0.769905875896918,0.955966435186302,0.522061001634473,0.758544783894442,0.805159889169556,0.805941350989997,0.491792500220469,0.32786958288039,0.212177183130475,0.0408197430095385,0.222374617585816,0.182576828042899,0.158106074308729,0.132374623592304,0.112819446176152,0.070899692791369,0.0417320322752657,0.0131550947061134,38663.7207896252
"359",-0.246264419373178,-0.150263115249781,-0.248778673694267,-0.0692693196094721,0.0295950331079599,0.032027480831337,0.0316823694987657,0.0116569345935162,0.311780482998947,0.257824624774688,0.315078143296223,0.20950226553206,0.439174517607772,0.645779073612934,0.770398627038332,0.957260293393278,0.704443712613762,0.740462938712528,0.708007242210399,0.772229399186439,0.522705528795853,0.329217134862179,0.213855454525244,0.0394391151838476,0.215991370158835,0.188141866737636,0.163153317265199,0.131003346168001,0.112581588623083,0.072381725295225,0.0428439994258403,0.0131874815337513,38671.8619056311
"360",-0.21061968333763,-0.147383354112897,-0.237846204935507,-0.0759457473966284,0.0313008363487599,0.0371703417169941,0.0368195836179977,0.0124208775782882,-0.085873950726974,0.154569872553816,0.269957059427117,0.159315069778467,0.460871672551009,0.648746262177219,0.761790234860051,0.956506177085718,1.09191865311546,0.840471966461706,0.74961293762435,0.823859538497465,0.499708026052088,0.323574283330083,0.221222926412783,0.0400489234730219,0.222994566375101,0.188446565098184,0.162075061413567,0.134613414997454,0.109238010196609,0.0723504457162255,0.0416241335979239,0.012956275738736,38671.501211561
"361",-0.246344654352621,-0.177510158427276,-0.203424203824381,-0.0768973015016423,0.0177737939035514,0.0359364236573017,0.0372103657415826,0.011527199527471,0.74036018756939,0.197006953687226,0.242631472967821,0.180747335223069,0.461214720637917,0.644514510610049,0.768907871888701,0.955718892285934,0.277821342421509,0.808609103025849,0.767832543889833,0.804670288080761,0.502683964537891,0.328753255845239,0.213579132846736,0.0413068678671245,0.213540104384637,0.187257027815264,0.161239769685017,0.134860364952057,0.113117660421132,0.0708700027436804,0.042372140779637,0.0129919968608599,38672.3643812893
"362",-0.225003745530619,-0.142673700348107,-0.237396093004316,-0.103037506092755,0.00621118447994906,0.0349544077935175,0.0401540889435473,0.0117337993638908,0.594460437245942,0.123089719202471,0.294923421430564,0.272461447306074,0.451869976536491,0.646503637533326,0.765732748596804,0.957543519244061,0.416468880713265,0.86794676251067,0.722400891860692,0.720712438911489,0.516342963136935,0.327065412277241,0.215640866146795,0.0392311135457592,0.214576718974853,0.18703815840631,0.162339076819972,0.135110071350391,0.110208254749621,0.0711379013617324,0.0410110458550819,0.0129573722166615,38667.9644081196
"363",-0.260590552918813,-0.17515900534893,-0.228309914764773,-0.0811121314417943,0.0260039514572612,0.0275565770229353,0.0364201486680913,0.0104685877222218,1.01175499167228,0.304510208762069,0.274421258772542,0.213336940905758,0.444459162274064,0.645092430241296,0.770269385265399,0.958438625139786,0.0131051510537909,0.700520698659016,0.7414875907907,0.772517879992826,0.519788734856895,0.330856523166197,0.212319648735799,0.0388211769640479,0.217610446060616,0.189334843737064,0.159567391240754,0.131848365135418,0.109962397705485,0.0709809860896945,0.0422376922908392,0.0131530374032108,38671.8385129471
"364",-0.239206018446611,-0.137429736208912,-0.199352627715359,-0.0723461648771447,0.0125461010332108,0.0291662175297018,0.0380823022808793,0.0100917800918329,-0.178286124662751,0.127574763464829,0.269501486129059,0.225697454273565,0.437857552463426,0.647984357624321,0.768017806998671,0.957240770550971,1.19392898129598,0.862541870431542,0.736676035142847,0.756926193422985,0.529228663809306,0.327073984899947,0.214734744718796,0.0403086398547992,0.215143126469963,0.189371949168062,0.160289228936229,0.134211476441258,0.111986583751866,0.072215081862199,0.0422718309108616,0.013023684259425,38669.0931524221
"365",-0.244859819250734,-0.159748894074635,-0.232141164530869,-0.0609111045127434,0.0342483839731244,0.0407272474420621,0.0330902622981931,0.0131488937597378,0.493310054303218,0.192129505159649,0.246329683421829,0.217582964051604,0.418962089776402,0.639209331657954,0.765899494241739,0.956691291685538,0.521410020558246,0.806834707388124,0.771353396057349,0.762645238951879,0.54185451407962,0.332150339630695,0.218415720928033,0.0396778549934232,0.21907650560632,0.186180571493149,0.158981023807832,0.131020151874013,0.11021834362056,0.0695375256110077,0.0418680956690659,0.0130297141330925,38670.3659161032
"366",-0.26667560236972,-0.180400134194783,-0.231449046772455,-0.0750277103626516,0.0312037925983984,0.028092221341941,0.0367779957343985,0.00870408662336354,-0.161103898441766,0.246717781669245,0.202263390799748,0.191193411173765,0.432944947856067,0.65940869449689,0.770625138455405,0.957505592589027,1.18440902955148,0.76146573383384,0.814260353061965,0.79318553558736,0.529010237047511,0.315976496332562,0.211886119977967,0.0400911393391763,0.212649505590448,0.188744502097569,0.165245643461639,0.130221352194416,0.11051187968939,0.0699894280757449,0.042831949533035,0.0130486188447867,38663.6839290809
"367",-0.214682295655079,-0.157377232666644,-0.247638503009831,-0.0770517888736284,0.0255960535681792,0.0258602369905061,0.0311846431094528,0.0112647183344629,-0.159402142748956,0.198239852308725,0.26083429132473,0.244160541270201,0.463883920364832,0.666707032499844,0.768853570472406,0.958077055409577,1.16806673086768,0.800978156282595,0.761191433579003,0.737405573729034,0.497539150331957,0.309605047076571,0.215949328017676,0.0388418738169423,0.215401222134837,0.193648950156815,0.163643777516514,0.130321234153995,0.110150739469235,0.0711132646997092,0.0422448199324836,0.0131167396258288,38668.8154641386
"368",-0.248680564616804,-0.180723396424685,-0.245035046091958,-0.102414534832329,0.0239419335019526,0.0373241789478388,0.0404007482355694,0.0101877505989482,-0.0189974268350535,0.234275380069404,0.33106864687801,0.227257720214657,0.483701320434103,0.64814837601062,0.768269539770628,0.956789005989179,1.03744051554972,0.771332028298881,0.689052878535866,0.764136838661565,0.478681353795871,0.324129706621396,0.213129200362508,0.0405945724024784,0.215435498165539,0.189524099477861,0.160994321435168,0.131887227369653,0.114227825637679,0.0720955033174181,0.0419833875321047,0.0130721894882495,38669.6246090399
"369",-0.253574749537541,-0.124597785191006,-0.223523566505616,-0.0706098881420918,0.0221246441421126,0.0357911224888119,0.0329741696134009,0.0134480337112022,0.209878442356879,0.0667068629313867,0.239094580667958,0.222838363664047,0.472233680109449,0.639024292158125,0.765956607281485,0.95575416079728,0.811735842785751,0.921493594135306,0.774213472457255,0.757466164698372,0.491004146550186,0.333962192736361,0.218474169581142,0.040524045392762,0.216010144638571,0.186750481400045,0.167320630790325,0.133403447587649,0.111118599286306,0.0703941664313513,0.0423154850759808,0.0131193655710944,38667.4886329904
"370",-0.250568359505594,-0.169810035145608,-0.23607293155167,-0.085489424082545,0.0256500320004289,0.0295980572222039,0.0328006339129976,0.0105739756837671,0.343616832140462,0.164751214188897,0.279322555881217,0.263767364699471,0.436155771253158,0.656311950088495,0.776497674984795,0.956518474928719,0.672831128020978,0.835341674735258,0.740053358413533,0.722402162663447,0.525669019843293,0.318742096123483,0.207048619883488,0.0406747995944013,0.219054727317138,0.189484367042251,0.163783835973998,0.13063688755895,0.112298640991963,0.0712038987534646,0.0422089533975637,0.0132402983385304,38672.3752362747
"371",-0.22513742636142,-0.124224243208698,-0.204840299563986,-0.0782487876458804,0.036112636749167,0.0211492456616017,0.0380439788379702,0.0117094897051303,0.629980323255194,0.172811980639593,0.286616962900767,0.194770705812711,0.43212743615646,0.666986745408358,0.770701823174716,0.955522027807754,0.381509432646442,0.81422727466609,0.724200439978749,0.791071098908099,0.5266027106719,0.310832913614776,0.211164264777187,0.0412738094156087,0.22136512383848,0.187361609320666,0.160674186491537,0.133573042182125,0.111067482356713,0.0712232580557605,0.0418526619940284,0.0129725188742548,38670.2589029809
"372",-0.219154869757892,-0.14263215353855,-0.218365695292548,-0.0682450988920924,0.0296053325366852,0.0257719929729095,0.031773378628475,0.0106596967154428,0.333891296908372,0.0244413661744916,0.188243644669433,0.21933391507929,0.46073657178721,0.655037568097825,0.774161721529448,0.95784786213182,0.677654427412793,0.969265741508452,0.823906651883529,0.759871320438664,0.49796729375578,0.321100251973067,0.210213341280016,0.0390970869512602,0.216474716626414,0.18496878362362,0.161595711200227,0.130817097160744,0.109618044290989,0.0706051531306201,0.0410524943348265,0.0130435797250148,38663.5519059479
"373",-0.263078606592228,-0.180596847879202,-0.21450483068111,-0.0812441540943471,0.0272126479927902,0.0282907174738191,0.0308198687618982,0.00860334161336321,0.891986909075756,0.292237838763102,0.192001834793238,0.262257857815512,0.440726060648235,0.649199575677871,0.771183321737138,0.958143324930015,0.129046730120842,0.71380993950949,0.819738330189545,0.722545363660684,0.522489961349513,0.326579934805957,0.212920522699689,0.0397644055203735,0.212847378644017,0.189197616847307,0.164182076077251,0.13220651078062,0.109941511177205,0.0717223136612868,0.0412878400615107,0.0128027014150213,38668.2383079967
"374",-0.257897369780205,-0.151317936519316,-0.196081456002569,-0.0987943112201455,0.0147397681145135,0.0331341177975445,0.0353051660417742,0.0100279124139502,0.393556360746718,0.216133603189356,0.203395240425025,0.2642127533328,0.482569967115932,0.636455325899645,0.769508680919273,0.958377943438321,0.627211771851566,0.78123829392608,0.801627749209571,0.726787386617583,0.482791417394943,0.337974441102098,0.213330294615332,0.0389486535718974,0.219068216751802,0.190739476616412,0.16049621342595,0.130485600375567,0.112030362803409,0.0710367205059752,0.0413308302289677,0.0129015269657509,38674.8285127056
"375",-0.246440818678787,-0.155304471955129,-0.243213955487741,-0.101483807492929,0.0216661876639592,0.0350452806355565,0.0377065299189946,0.0122339840025249,-0.392157511492526,0.239655737366316,0.259223842147547,0.241153035358031,0.465080493719363,0.630914570275651,0.765808316168175,0.956682123352314,1.41042406393181,0.755929847967379,0.763693016586382,0.751395565043332,0.4995848947632,0.342681175578166,0.216584933615282,0.0397777321691746,0.218747063640536,0.192443869833402,0.158978409871217,0.1330603658864,0.113162980208266,0.0700597496994328,0.0414613165728154,0.0130610207145951,38669.7651999161
"376",-0.276679182876252,-0.142585256472819,-0.22217489042766,-0.0758155899342842,0.00839113911709888,0.0314991030116836,0.0380128828892415,0.00825740297648464,0.922269531684735,0.142794482452388,0.288139996000743,0.228126919777752,0.458171791746323,0.670127286706189,0.769123440290019,0.958848383960511,0.103163372096416,0.850864993310919,0.726185305348178,0.75657165645474,0.509444671563936,0.302851250205776,0.212640653986135,0.0391150879873287,0.224370639155009,0.188865012631465,0.158412061488888,0.131852377802311,0.112818864832764,0.0718413252193677,0.0414555849972453,0.0132503434451175,38665.3870011128
"377",-0.252964108760177,-0.152931138862981,-0.211334052093861,-0.0859166328612418,0.0316389441364838,0.0227702062850212,0.0341909992716774,0.00972197052724252,0.0546613069782901,0.241000141617156,0.247405044941195,0.247378856313358,0.42566613059691,0.65792814823268,0.768488498201597,0.958147450503785,0.96515363300529,0.757522427373866,0.764768005794579,0.739091036457238,0.535106689672511,0.319222177827891,0.215201986253729,0.0394686151042973,0.220668040350473,0.188631032551184,0.162511671044318,0.129380489292008,0.111693313542396,0.0711865473734982,0.0415182654841396,0.0130748934877644,38674.3959677004
"378",-0.212848966093113,-0.158336969570227,-0.201735925915965,-0.0631650728466525,0.00976559832296221,0.0461345030878775,0.0375465774164891,0.00877982586190517,-0.0156262087663832,0.205874617866639,0.23537046416501,0.226455876234774,0.476280315234082,0.630688427294372,0.761299996352848,0.958373057215816,1.02220949419057,0.793073357436973,0.772030427303958,0.752206380683104,0.491128347524735,0.339739287943657,0.221592863547161,0.0392305312486039,0.216118797438047,0.190996176387094,0.164186586956755,0.131539275370992,0.111321853734766,0.0722854058998531,0.0418149262815519,0.0131036066854927,38671.1543792187
"379",-0.209880944644707,-0.133439975211308,-0.208997590474405,-0.0936483629450666,0.0258175370664901,0.0242664753910273,0.0421613593794091,0.013113790118764,0.730784224692718,0.18426527082297,0.195075486537928,0.231695448679113,0.473017867433591,0.658905058619165,0.768383464566937,0.955736127470058,0.27573856265139,0.805589546935702,0.814441325590315,0.757157583719871,0.488503710338531,0.3175758254657,0.212158585024714,0.0406572441306626,0.220524857715261,0.189503253244681,0.159488876434243,0.130097324248374,0.11143742760622,0.0713576441812388,0.04162179246274,0.0128534498417372,38673.7701461946
"380",-0.246045846313362,-0.135675022375826,-0.235218381395668,-0.0891443304710772,0.0408172244243949,0.0179474412397667,0.0403161950197679,0.00780828802473364,-0.552789025018505,0.283176274758887,0.204150459614445,0.188379939190715,0.432175658627186,0.6639011518058,0.769785296862504,0.95899021701991,1.57113678136664,0.707159366964535,0.814812061404512,0.799787644339324,0.523598532520777,0.313981898382527,0.211790584687863,0.0391349418377794,0.220316464697382,0.187881863608559,0.161163542870268,0.131963640100044,0.108435982491361,0.0718923218739439,0.041056171374329,0.0129009159120406,38661.0561303483
"381",-0.24566063335325,-0.155778915613256,-0.255158394160285,-0.0716387793626847,0.0235940085295356,0.0357551664562807,0.030913182023549,0.011292378030015,0.975901801988124,0.238982169047446,0.216810433631574,0.193037082929912,0.433699463114762,0.646317725174519,0.770010093281654,0.956676503541098,0.0402524156102174,0.757323800608838,0.80820065147897,0.790685789488002,0.529426379686485,0.327290559020978,0.215116388697071,0.0404196324447516,0.219763390058291,0.184755038255183,0.16333888729661,0.131586399660101,0.11150912020267,0.0694405463567905,0.0414494882317681,0.0132087984961271,38671.1292789138
"382",-0.243045676021509,-0.160000874787142,-0.216139741491513,-0.0708423975316858,0.0153879195307641,0.0377864491646807,0.032835050614176,0.0117832345772137,0.193701410475932,0.253897065205489,0.165821317405857,0.226484198298704,0.459268156492067,0.651609848311052,0.763635725633138,0.954920614119222,0.822159913323483,0.747332408383966,0.846627991992244,0.753922988576454,0.504619689779055,0.320775814505618,0.220381040645968,0.0418749714289836,0.217552293366267,0.193517656062189,0.163099470406401,0.130398393147804,0.111781479344745,0.0727616172055519,0.0413325977423223,0.0127065882211648,38664.1424413549
"383",-0.225817428630875,-0.14630177195665,-0.236135803037435,-0.0946675541048584,0.0352618092074243,0.0262822359507865,0.0314629988871974,0.0140679449757194,0.0210603443922062,0.223080287731307,0.268170683654866,0.249589632457177,0.432307106637763,0.646450596468955,0.766226202395796,0.956699735489343,0.99032230219525,0.771706796695791,0.74943865926284,0.739359278070522,0.527410851912655,0.330629692086056,0.218401197311393,0.0390642294158324,0.217257310086129,0.1863809819717,0.160249368002222,0.132721875185301,0.110804547870351,0.0710588302399767,0.0413382624395697,0.0134691350631054,38669.7461521678
"384",-0.181977154530497,-0.166005752629763,-0.208728861640599,-0.0918011971428123,0.0199826143816086,0.00601759354937127,0.0385159765800415,0.0108917944807677,1.40276044663098,0.327544629988998,0.283534229413993,0.227776547690132,0.457388079395033,0.664946951225513,0.769810893876066,0.955244848881026,-0.407370587000051,0.672842929466519,0.725204728962657,0.761654535011103,0.507134623789259,0.317900701087726,0.212081050801024,0.0421224375860107,0.220255109749091,0.188200326584335,0.158693755477686,0.131760742755753,0.109572233052473,0.0697215138337483,0.0416196611835959,0.0131100692804831,38661.8000928304
"385",-0.230832411009832,-0.148768024437968,-0.20742951047221,-0.0848866662309365,0.0163774356524693,0.0433062100976403,0.0341450195035253,0.0105631895920741,-0.192341548216147,0.235570478832188,0.227062792745498,0.219805765579711,0.475960129600611,0.643663890128053,0.773372101591276,0.958970727779513,1.20382022227666,0.759691593866902,0.782065804013424,0.767507486351442,0.488176495712697,0.326643877703257,0.210158491224514,0.0379404720795963,0.215989646726324,0.184765990951749,0.16168918202012,0.132485025877035,0.112422860474928,0.0714910633216447,0.0419427322048539,0.013043142256482,38674.7383379015
"386",-0.239568006916848,-0.123026872886351,-0.203837161653015,-0.0562936430850163,0.0195317519626982,0.0350906834989042,0.0339808022609904,0.0118968718254811,1.38924977009382,0.0633588588303294,0.29875943416109,0.184671824808609,0.46399265524683,0.645702609139021,0.775323893824436,0.957343497645105,-0.370444685260551,0.926054868191782,0.708941901529263,0.793155250907639,0.499581803831483,0.327802330341175,0.207417117806102,0.0393517513823605,0.217460957121973,0.189745557382733,0.162155605016384,0.130289862518576,0.115827546327863,0.0707523574461891,0.0413178294179073,0.0131841325799048,38663.8429786978
"387",-0.224543087071143,-0.157675289953719,-0.209572737861898,-0.0786826162066047,0.0356654911825762,0.0382729223994966,0.0378859148556983,0.011626635724556,0.608783064821876,0.143717429731857,0.209836065829604,0.215579624406848,0.466835073115294,0.63802112396141,0.762314557684113,0.956918272924295,0.401531419891666,0.854918447276312,0.800887634276379,0.768507100988137,0.491636663937301,0.334252290053484,0.220316032175654,0.0398141641811386,0.214344761086341,0.187180531797796,0.164656943407217,0.134784037251188,0.110558919692859,0.071063144111512,0.0415307804470796,0.0132601042048507,38675.2518395978
"388",-0.233967797687155,-0.162567406274845,-0.246873139639505,-0.0715677433808023,0.0280720494768387,0.0254043146226276,0.0443679765849241,0.0124653121917645,0.0425164223164471,0.297254120328139,0.298600786998134,0.199154019451577,0.446765182137503,0.649606793157542,0.763355896524607,0.957045296975669,0.97416424840462,0.704305589139961,0.72299224578553,0.782709340917772,0.515523476044576,0.326969911193712,0.216963408962992,0.0393695214796143,0.216064333644169,0.188408914304094,0.165041597055446,0.131812993591226,0.11022631379595,0.069463590748419,0.0421422233885791,0.0130681909599335,38670.182047671
"389",-0.211916502932005,-0.145337401585255,-0.211804487126817,-0.0910360249877892,0.0302386849113688,0.039329123529541,0.0457325421964446,0.0104966778722663,0.00739465222821588,0.204975025462307,0.28381769013608,0.24073129613371,0.480316442935877,0.639997295472583,0.7563914734963,0.958141058938237,0.998272732948409,0.789283624190823,0.727441054456285,0.748226333113937,0.479519679475336,0.332328147099192,0.223553019394189,0.0390247058183922,0.217939880030208,0.187672603832811,0.164544064196645,0.130206662694226,0.112068810921397,0.071730536376148,0.0412945259443532,0.0132719849335143,38672.3234753143
"390",-0.279027054254817,-0.15085321511384,-0.210900752827707,-0.0776816196850729,0.0252692754085467,0.0269448924523504,0.0372598103038962,0.0119167474604328,1.51765866065581,0.26298038958974,0.238878609468609,0.199663004267332,0.455683259315992,0.649730408048816,0.770851014575213,0.95662368448197,-0.489246195263787,0.733308080340466,0.773093879518067,0.784485761787966,0.505167701008454,0.326410402857979,0.211747514705226,0.0399960037839098,0.221819561735706,0.191496828155168,0.162111674605384,0.132800325648011,0.114151795707091,0.0704394027548321,0.0417954819380646,0.0127810875483714,38671.3914790986
"391",-0.271873775946007,-0.126950303465482,-0.216813285379893,-0.0744703279865244,0.0350197482738674,0.0330082531003028,0.0379968760004575,0.0108444317547112,0.290800603284549,0.186722126601993,0.201788288155404,0.226678484911701,0.435687201727462,0.646599814383116,0.770213388808489,0.956532438176611,0.737239249094069,0.801150976183754,0.810760052230489,0.757357357223198,0.524337434329916,0.327050998388596,0.211822283775849,0.0405763979308438,0.220755010044502,0.188392373262061,0.163527424671253,0.130993425858421,0.112548997018741,0.0715887728561396,0.042232536637068,0.0133196051210333,38674.7202638618
"392",-0.212666833520299,-0.157123728293325,-0.233938583652066,-0.0900284830526004,0.0365286173043854,0.0283092119548663,0.0400674106574757,0.0130317643599737,0.829337468097455,0.0974506899529563,0.260825313376268,0.187781947062151,0.447981587927225,0.653901816179875,0.762142591090111,0.956856960982026,0.173521996547599,0.902043776611653,0.75664316254598,0.800816394295639,0.510653711072709,0.321237127126911,0.219844686612198,0.039555026284879,0.221064206452225,0.1848628840222,0.161038063108927,0.132033506018993,0.111790981198835,0.0697476353828314,0.0419323377737288,0.0131816737207786,38669.2823170699
"393",-0.232409877994236,-0.16277423580333,-0.207548628553742,-0.0752255303232024,0.0165248509178917,0.0380238277991396,0.0410632689689971,0.0109413448543711,0.21431885674552,0.199697382694657,0.189461509219124,0.201250520385799,0.458632597339617,0.639591466865663,0.76073634628163,0.957317885087445,0.798032804017232,0.802638298392404,0.822585065965834,0.779962571574309,0.504798693166565,0.333087701258911,0.22079719135067,0.0396756054567419,0.221452258819012,0.183832850330259,0.163958795666659,0.132597734731711,0.112151614240954,0.072877292061921,0.0416871862865971,0.013309947010291,38664.6687779409
"394",-0.184482185422113,-0.155426685827343,-0.236551760308399,-0.0860975001268239,0.0190705554967193,0.0381241940913632,0.0461623834160917,0.0125593925434404,0.971841233947677,0.170223236593752,0.230569404330313,0.252115518818445,0.46117606738248,0.643297454156443,0.763589423248443,0.956592428169351,0.026419317253254,0.828772233544679,0.789863243272289,0.734577651122072,0.502992863127492,0.328837020848878,0.216956182936772,0.0399989736884603,0.222748218277173,0.188153856198148,0.164844767153745,0.135815248487975,0.110394760603867,0.0713477217065516,0.0425841743209658,0.012913549992527,38662.8421946807
"395",-0.219111910454798,-0.170348149425791,-0.242886311456468,-0.0778956945621399,0.00454847583664542,0.0254640344449114,0.0402086277602119,0.00987917549569192,0.286093630316403,0.225430391212732,0.240259557543465,0.213795973589823,0.436424912792674,0.650069732092786,0.762063847351368,0.958515212296433,0.724375565022538,0.776753796068762,0.784498865596353,0.771014341339186,0.533062529887566,0.326532915255787,0.219580919325205,0.0388398416937692,0.219638667027661,0.185843447576929,0.163524683425505,0.130425522467594,0.114314071973004,0.0706692466635849,0.042431767618512,0.013026312218894,38666.1674055769
"396",-0.245084269817147,-0.141294497283586,-0.258923294245675,-0.091333909180299,0.0304394598597524,0.0449011802343794,0.0393515309621363,0.0103448878713353,0.292732821507594,0.318137166804315,0.255979238358261,0.226502969361982,0.45180827488684,0.638608480300239,0.764184468970209,0.956957593294426,0.723443240943833,0.673731689751641,0.770055936979246,0.762339796104957,0.50809181372939,0.332118731650212,0.217815280247,0.0403446464668369,0.2221181849615,0.188201588689224,0.163662928421616,0.132666178685384,0.112333326762814,0.0704202751816879,0.0422202778327224,0.0129018333824797,38672.2330628715
"397",-0.235622682363538,-0.163082690321425,-0.21879327574708,-0.0794062787295326,0.0245400839935185,0.0263308639271795,0.0395051165095554,0.0122546894681955,0.139303826517125,0.170418920979418,0.203899018706243,0.204160355086166,0.46060093962979,0.658260011130401,0.770285228608617,0.956638051895053,0.871894259306693,0.830319427996888,0.811702540391282,0.781596876306227,0.501368600820895,0.317614816403721,0.211174464463053,0.0399467018058052,0.217018857071638,0.186473428521938,0.160060823110042,0.128618663233063,0.111910172174614,0.0710552581591687,0.0411506590026079,0.0129986853800336,38673.8359162269
"398",-0.229171376599372,-0.129715373697863,-0.222221196860277,-0.0941871274683835,0.0201141449097737,0.0513126385357788,0.0283997778382293,0.00892312197810137,0.351896463745877,0.133545879899893,0.274923306466307,0.218867891087467,0.45124364986619,0.629355129971233,0.766528347913176,0.957731293860078,0.66185011025933,0.857040691533138,0.737586555929153,0.771503017447051,0.513889647684754,0.339266260309675,0.218839070544915,0.0399592673408974,0.220365252796486,0.185191860846062,0.163571707678213,0.129398282952837,0.11016176787395,0.0698797215871952,0.041317007779302,0.0131509941160155,38664.5917416141
"399",-0.277655667393701,-0.169863218682202,-0.216788609393539,-0.0651560759133698,0.0346795467485393,0.0568838634943788,0.0342743418180401,0.00949624764408256,1.25729707787975,0.121555929888933,0.181559557868875,0.208628412698686,0.442264066421489,0.63812320798587,0.766642879631266,0.959562259352445,-0.229253478111213,0.880790489479148,0.83250971157045,0.772653876374703,0.517737190986267,0.327857159419874,0.217307301044309,0.0378175408578145,0.21595806053659,0.189891118096094,0.162214131414352,0.131693434852147,0.113734034579297,0.0725097853231601,0.0418209666564505,0.0132093311702194,38662.9017147351
"400",-0.247959872174718,-0.183854389464938,-0.248388145272565,-0.0695081732533284,0.00627497472773267,0.0272946877242985,0.0262753664239725,0.00866089758167145,0.503133592650459,0.180490293481033,0.310469560631298,0.262109747894666,0.462628963923609,0.646154147093915,0.781216677395423,0.957560623442917,0.514872524697943,0.826745972827722,0.712045199300636,0.718976160245878,0.505829916538112,0.329616692168912,0.204063750442674,0.0402591176684315,0.22022985398037,0.187033329902736,0.160281057327947,0.133494177954246,0.111004024119167,0.0706525839332878,0.0411901863785815,0.0129803317098794,38666.5772920181
"401",-0.250830378184242,-0.170995331077091,-0.22693716785099,-0.096013145369068,0.0396741793640462,0.0328949174385567,0.0310569392565857,0.0108289049704715,0.0404452854894595,0.166772923621678,0.285475339008067,0.213383046361169,0.437045995105555,0.640591355134827,0.76228231623182,0.956073948671167,0.97650086058142,0.837056944220126,0.729640065061116,0.777128409112397,0.520934709646841,0.334806175803139,0.222359102138512,0.0408259729837237,0.211397533814071,0.186559613013523,0.161120292785011,0.128305858824848,0.11098795395314,0.0708587118534076,0.0421206208878003,0.0130742996633541,38662.3004786661
"402",-0.245635151675515,-0.1555091883397,-0.222855211454532,-0.0732798207564343,0.0162507444601412,0.0335781929455025,0.0387905323215769,0.0109661099359798,1.25637000262262,0.248539044626667,0.262086302918294,0.224737027367101,0.463179607089036,0.64972635390033,0.771431471073994,0.956581049342039,-0.240912368770307,0.750958659157687,0.753779426121693,0.757492607100784,0.500634931744956,0.324570095007272,0.210217456217973,0.0404611041984203,0.217977579591471,0.189525100566486,0.161541602415045,0.130910370648129,0.108198535987415,0.0697768140848424,0.0422199791664624,0.0129338929356337,38673.1894130485
"403",-0.241132534246189,-0.179058641565058,-0.19576417652845,-0.0941059864974588,0.0318605437415623,0.0444384561057219,0.0320514789307451,0.011767437202702,-0.0530595025524685,0.192174752730415,0.29050919773492,0.209902674790613,0.451404639478323,0.638522931624512,0.765912881819022,0.956481755890224,1.07055936015508,0.814131155352809,0.714508423336094,0.778142602745903,0.509528432659888,0.332405202990478,0.218556112000795,0.040309492900231,0.220800640531408,0.185771008745954,0.165790628680694,0.133033936276072,0.111922133110155,0.0705265988040075,0.041928714057301,0.0131557111682375,38669.3489227899
"404",-0.269302146616179,-0.158250540256272,-0.238193922007673,-0.073772461667415,0.00583882672994805,0.0325332433718988,0.033584909440527,0.0107518324107238,1.04568866020658,0.219719765262899,0.156471244968113,0.206811192210252,0.489587053834563,0.647358353502189,0.768152241015032,0.958444601420662,-0.0203198255641618,0.776858681732479,0.863562928288004,0.775658260406699,0.47811054331684,0.326850741421085,0.215863931643701,0.0386245822201501,0.21449611767202,0.190698191031406,0.164553786863536,0.131888736007763,0.113960089475849,0.0720782849502994,0.0404481485206627,0.0127860615731748,38667.6483479885
"405",-0.258242377407195,-0.177245424394319,-0.235065334055131,-0.0689654013140726,0.0178979876307687,0.0375180194949828,0.0285570319545876,0.010589156376701,-0.253276399185753,0.175923719340224,0.277498131231587,0.158300115467037,0.477135359935593,0.649301040019478,0.767526379675005,0.957517106622179,1.2743324877146,0.828356828005342,0.742566494340599,0.825371676692772,0.487272133672797,0.322776647549501,0.218255142854882,0.0394539396592131,0.218762502246642,0.191803861679006,0.163783514708015,0.129351258449071,0.111756068868362,0.0702266502198116,0.0415677466766074,0.0132694671774616,38668.637205859
"406",-0.247349798754642,-0.176081003252942,-0.203842214629346,-0.072881573354549,0.0399222402270008,0.0283196977840525,0.0419595391647691,0.00945155890724898,1.0809513722164,0.300630989613265,0.266857466047374,0.194835835124274,0.437268368226886,0.653777300179706,0.767123461306276,0.959264323543786,-0.0636781238059647,0.703105649977787,0.742128108025794,0.787884202268882,0.520711796733743,0.321218787879687,0.213040503635502,0.0381285232492604,0.21742825420272,0.188772190692569,0.161924483575554,0.130617530075212,0.110206566336334,0.0707969617529409,0.0424422024743793,0.0134072413875407,38671.0666463755
"407",-0.244181458151103,-0.151176345935109,-0.215370920981065,-0.0864833690245711,0.0195794375557576,0.0322121288043065,0.0358813405604015,0.0123417370997303,0.381832273024766,0.195295153405749,0.219377093287238,0.239820376127546,0.475507244623644,0.643839272835305,0.767076992156628,0.956493123031013,0.638312512633069,0.803539240798936,0.792827282184243,0.746557404374711,0.488152182269802,0.330417806164772,0.216392678998021,0.0402416009140741,0.220157570435123,0.191336451954438,0.161506793167684,0.131338791371134,0.109731852670445,0.0697927821156446,0.0424986313819584,0.0129225710120096,38672.1614629516
"408",-0.213622296281177,-0.164394029694529,-0.231832699269159,-0.0774818592937813,0.0191176578806852,0.0400287161853377,0.0391198322232628,0.0124489044112711,0.534130224950075,0.229238606686659,0.273384604586313,0.229400280130274,0.466890931334411,0.644782188535127,0.767127595648079,0.956838548368815,0.473508674728386,0.772719508018359,0.744428994234944,0.755175586399253,0.497788209050396,0.325912443820128,0.21497244946972,0.0395924869856224,0.220017874205367,0.189988664036462,0.161335199768307,0.129541310607059,0.111553905388456,0.0708303632293076,0.0416716175439316,0.0131104006581937,38677.3114656195
"409",-0.264720163630711,-0.17942723106218,-0.246754147878268,-0.0981213225373401,0.022664648762418,0.0341732449431816,0.030282998543669,0.0118040437722079,1.26001342503815,0.218364749366419,0.235310914667651,0.212610636090361,0.45057583248511,0.644519401221561,0.767997179745139,0.957591600874166,-0.23664694323579,0.785121640756646,0.787497519733242,0.778569771879424,0.512541210882353,0.328903996479329,0.216998340274858,0.0393538532562554,0.223064152317579,0.187610588751663,0.15997014084887,0.130595076037007,0.112362345701631,0.0710026222733973,0.0412764492341611,0.0130476220475987,38670.5259483225
"410",-0.227339661576353,-0.190672897205588,-0.23585704443178,-0.0867797940290364,0.00956827937581177,0.0274403268624282,0.0374624435817836,0.0121022064466409,0.914576784472209,0.226872822343048,0.28797302228272,0.232900432706535,0.45246093218103,0.647640620448699,0.763965292147199,0.956958385138736,0.0967177459506617,0.780692191052249,0.731584634711571,0.754135071768591,0.515746274205619,0.328845396608895,0.218899273635952,0.0397550173460629,0.215182505728359,0.185979128885202,0.164172542639194,0.131873739124046,0.112930493031469,0.0722074492858467,0.0418909879360994,0.0129022700544275,38673.5720707452
"411",-0.239468400600037,-0.1303476645185,-0.244223939915489,-0.0676053547421148,0.0114714274031742,0.0501753278211132,0.0346820198039924,0.0109358227188552,0.865867538064152,0.213578030928323,0.251620132535945,0.259360860749797,0.480821175641376,0.632125833422135,0.768861967739711,0.959377546474335,0.149747662329418,0.775601241713665,0.770479019512278,0.721438396475214,0.483966493333796,0.336323037249018,0.215022249724177,0.0374890883973298,0.223884560488221,0.187017557548802,0.159624885405104,0.129977601425847,0.109938749906566,0.0688681482706458,0.042434955950596,0.0130118541840075,38663.2675844438
"412",-0.261886792171581,-0.146222457658831,-0.241600403719587,-0.0945482618130689,0.0261250064382711,0.0249617496741672,0.0380491649124607,0.0105155311366054,0.544166806791386,0.248765067922458,0.21640856176124,0.237022699521754,0.450286420204181,0.656035509844304,0.761575809910516,0.957830865726036,0.476409169004915,0.744355978994639,0.805026063637895,0.752315037120845,0.511765052691564,0.320329181731194,0.221180789164626,0.0393093929400509,0.219066329270316,0.191010432783744,0.16016195623627,0.131477201416516,0.110320333115977,0.0704312872441878,0.0410034135122775,0.0132358704786797,38676.6524952503
"413",-0.204590380630261,-0.165088940569533,-0.21874705582096,-0.104179086693906,0.0024440910085419,0.0246113760387027,0.0367172363972576,0.0127159160831764,0.445522623688767,0.197018565285222,0.286431319440133,0.233166835413598,0.48005624103545,0.642701708771389,0.77001853179904,0.955190095590003,0.55685684739149,0.805745074800332,0.726963755904823,0.759011939948604,0.489035259473915,0.334364557108837,0.213324764395561,0.0412713892965127,0.216562442765031,0.19129502157016,0.162410140256265,0.132836254909186,0.110791662322766,0.0710721166239389,0.0409574409273355,0.0132181191667761,38667.5835966548
"414",-0.244438817961643,-0.169416055499602,-0.243619740853271,-0.078089969392403,0.0325252270756697,0.0438750039837449,0.0420966764446077,0.0119709077500593,0.690926365148158,0.253221040923585,0.249555862977475,0.203996506728764,0.433533283875321,0.626682213931924,0.766944497218532,0.957195267272522,0.326125004506109,0.746742170097524,0.772829919932435,0.780667576318281,0.526598639884392,0.34454946680818,0.21396495830853,0.0393885369352952,0.216308178881506,0.184785384111064,0.163757801547132,0.131645157838124,0.110724256275915,0.0696535697916535,0.0422997766230328,0.0128680164536014,38671.208815514
"415",-0.258365148476201,-0.13504339638444,-0.195087743392568,-0.0697505479086607,0.0255862185334009,0.0392115333825709,0.0375415162492343,0.0129061061724846,-0.0934326314810633,0.166652222599548,0.205885548939384,0.234028332423982,0.460544739953181,0.645332526233755,0.770600376873664,0.956096789268576,1.11633674914425,0.823128442796159,0.800716972464813,0.747714897128529,0.502278356302975,0.326585609893362,0.211756541575836,0.0401226291791692,0.216550237986172,0.190065151048748,0.16167480767659,0.131375883227731,0.114381189977736,0.0711299017937905,0.0414397854652969,0.0131686652643552,38672.690822215
"416",-0.201230016142813,-0.149683181681871,-0.230530099849232,-0.0852142624139333,0.0388201965997679,0.0345256248095643,0.0352822938914274,0.01510152406613,0.655786101707062,0.236359575104495,0.204672353704419,0.228309948497087,0.399618028506781,0.659931537172921,0.774788439145803,0.954790837170385,0.349489450532384,0.758376019999557,0.813031318522477,0.757921308060101,0.559997804409502,0.313202723568933,0.208028135175222,0.040773604340906,0.218496026425523,0.191332199155053,0.163792346584964,0.133640982373146,0.110056129673617,0.0709271687613454,0.0408881415315105,0.0128794579682069,38660.5549985064
"417",-0.248986437543529,-0.166963184432511,-0.249426264652464,-0.086803276366543,0.0309435727452415,0.0242825323778431,0.0414184082699248,0.00898750356178381,-0.00120771364308147,0.233349508239067,0.254906148547884,0.254953105839627,0.420314385194215,0.659642553692765,0.764152093452998,0.957470893726892,1.018926151895,0.767617956168379,0.76659756714085,0.731420725600456,0.539647949614389,0.3167364961471,0.216817400591628,0.0403294660824795,0.216980827528504,0.189655386669328,0.161952561521971,0.132599618543665,0.112171306213605,0.0704018584784293,0.0415046963963253,0.0128681921131426,38670.5147004608
"418",-0.190762395630882,-0.154615961241587,-0.215684705790908,-0.087547251519653,0.029404231568422,0.040422694105283,0.0352457231672808,0.00871963941720119,0.236961291095237,0.274774073776535,0.274091734373839,0.261147440331663,0.44215693365079,0.644766819426965,0.776753173109435,0.958451147947117,0.76130449933102,0.721812955621553,0.736571573716571,0.72558870663998,0.518950594066113,0.326522077349502,0.206041616904747,0.039422594061582,0.215633889901763,0.188817728495937,0.164805393870608,0.128138946221831,0.110383636190596,0.0691673152309474,0.0419283112475803,0.0130033332118178,38666.7909120181
"419",-0.240933466941112,-0.16539921880785,-0.219829380009974,-0.071528613738063,0.0129135376356795,0.0279165164776027,0.0345914125031143,0.010796022346604,0.0432867973251426,0.230988421041037,0.230611029013875,0.191831479240749,0.446549318364265,0.646985762835234,0.767879026116252,0.958625712911769,0.972019510994444,0.769945526887226,0.782670897042476,0.791629780794678,0.520752914038466,0.327512421211082,0.215168315597767,0.0382956988165387,0.218432833661006,0.186553977200756,0.162901277260106,0.131236223270638,0.113659582907702,0.0698596810135088,0.0424419590319261,0.0130464861708092,38672.3712491619
"420",-0.258766883358337,-0.155099540288043,-0.231013161040233,-0.0975403679921158,0.0185184168987855,0.0318458420083132,0.0357749237691306,0.0107838214194564,0.388244062115785,0.224086193960238,0.278437046349142,0.23425501354901,0.485433713090848,0.659641417576455,0.765080504954876,0.9573162137353,0.632053947835173,0.773073306606889,0.738642319605279,0.757162807759273,0.47725399861005,0.314977772438249,0.218274326938072,0.0395864051575973,0.217710597053511,0.189247960384801,0.160801148567786,0.132760951971889,0.111949023407074,0.0704386837494798,0.0415319716348258,0.0134326937873685,38673.152882274
"421",-0.267657034226934,-0.159753204120977,-0.232362726972835,-0.0500772904022062,0.0204113732474778,0.0258479356850496,0.0337662621023995,0.0110248780671093,0.435269340119946,0.254110756332167,0.261401535551184,0.182615887033713,0.465075269370983,0.648651249294454,0.769563596815063,0.957584141497375,0.590275609765947,0.742714544101689,0.757794646826829,0.792943180934276,0.4973483496884,0.328283994008183,0.213868518075586,0.0393332174802723,0.217576146294339,0.184226076081878,0.162188863855309,0.134179045420196,0.110034957478558,0.0711276911008251,0.0422944329759166,0.0128747036747093,38670.9514507028
"422",-0.274196190271484,-0.172023189644381,-0.220642399360417,-0.0879173146761503,0.0110454272083337,0.0381144218581438,0.0383223269193083,0.0123941066633945,-0.389954486416356,0.197656027030586,0.243967988129376,0.187752579110082,0.484289870874632,0.656240858122601,0.757328840689611,0.957472888469753,1.4165506325533,0.807400057272979,0.769373062779562,0.799743598254413,0.481930106360339,0.315641458269273,0.22594582403914,0.0390749925657382,0.218392443365191,0.186635455258066,0.161436348134083,0.134654414035416,0.113743327481703,0.0692092748955766,0.0418374477897928,0.0130415251264121,38666.1281916485
"423",-0.21179550632648,-0.113426436449957,-0.202321897152388,-0.0975543062715591,0.00137721325368679,0.0323511391751423,0.034954965033976,0.0106175824682734,0.719522650432716,0.16971690778313,0.26080935813542,0.260896323668172,0.460441581017894,0.656245590145694,0.770366551950295,0.959721347668011,0.285748873012792,0.815329606310652,0.749105933240472,0.731447569524329,0.508569501736981,0.317667736976912,0.212135764089708,0.0371464078927025,0.215932839754653,0.191595256605708,0.157738323755785,0.131049719973525,0.112572689052484,0.0708545578160646,0.041276222198727,0.0129579322367852,38661.5041117716
"424",-0.245738425537651,-0.119309817406212,-0.226602898084718,-0.0860157382954535,0.0188513322609716,0.0441216796228067,0.038282869600266,0.0104647981639284,-0.124203433622166,0.175200427320457,0.266958881831785,0.273545450477934,0.464568883404917,0.636354149339027,0.766121589486046,0.957151780804012,1.14184141657583,0.811708836631008,0.748061236798566,0.713168067570302,0.498860830461174,0.334107600289076,0.216177155950698,0.0400703077885205,0.221634702489804,0.190826184180281,0.164267250462507,0.129829293943658,0.111615958213368,0.0704090347421979,0.0415727094533954,0.0128625485376518,38674.1752237496
"425",-0.252730461199698,-0.14996480646123,-0.19968790150869,-0.0766843932375167,0.0604383541996962,0.0383118012069619,0.036544729339771,0.0112751491226525,2.46443742353599,0.30013075713732,0.312407183738136,0.197634408691538,0.411807380161625,0.634666647493144,0.768467048373514,0.95668561277078,-1.44587308890076,0.695500839426887,0.695927862211445,0.78545134315742,0.540269082669636,0.338269744541798,0.214110694122759,0.0402591494453867,0.221263439154472,0.190899161400959,0.162139954118296,0.137044703574135,0.111537496277066,0.0707522894501331,0.0409200797999467,0.0129281241486983,38660.3587952299
"426",-0.213096013217716,-0.159251316009187,-0.220431002516073,-0.0955333142168323,-0.000799752447741853,0.0224139999506669,0.032547235446227,0.00949517336892113,0.510402019807249,0.232390701152251,0.272890024588841,0.268746101880111,0.479122839346147,0.652959390893778,0.773039892758638,0.958760844698145,0.497576502225194,0.767116879332509,0.741731553855631,0.720649424226938,0.492955205149101,0.325536646576038,0.210757653741663,0.0387536696944745,0.220087681722297,0.189125026515659,0.157786435759696,0.127893812151818,0.109264129293129,0.072365776489688,0.0411872584664282,0.0131022931034014,38665.7985481775
"427",-0.202477098544459,-0.153854380657879,-0.225075911799646,-0.0676618962028451,0.0378588993917148,0.0325764055147127,0.0387295981437289,0.0126181157862811,-0.462344844836067,0.18866082513134,0.239885292605025,0.215212638106886,0.428389453168765,0.653523240078522,0.758481224584077,0.955590691456578,1.46499119363376,0.808995670692391,0.774393383971108,0.766644083438967,0.530512559726383,0.320365275170751,0.224173514039125,0.0408530002158243,0.21956007651087,0.195895851003693,0.161799232775051,0.131903735697288,0.114488483696192,0.0707705551405895,0.0412814484186537,0.0128616394462227,38668.2966768359
"428",-0.249870777972269,-0.162104374170417,-0.243218920778377,-0.101714238596992,0.00651129692865494,0.0280526990376842,0.0325787005745098,0.0110369528600445,0.970611027398073,0.227625718261711,0.213648979050703,0.312520548364699,0.463413039179395,0.651618369230536,0.779366294438203,0.956414921376342,0.0479341634034812,0.76907392800838,0.808900148573496,0.678920069914424,0.505498009519219,0.324113795228942,0.20426006765178,0.0403964911949354,0.21766172917593,0.187263570320952,0.161587127233602,0.132772692888663,0.108377991531563,0.0697619218767034,0.0414629109483754,0.0132572235732354,38662.6452088252
"429",-0.213417160843885,-0.167992894967704,-0.224856445171657,-0.074936175698725,0.0313723595991728,0.036781659756508,0.0260770355506464,0.0120659410083752,0.797461260903138,0.27859574342971,0.198719717818925,0.23037069899324,0.457868852246517,0.64145343400157,0.769205776562243,0.956259564360797,0.20724899403286,0.721579184983737,0.818998365723053,0.752590954505967,0.50199507086138,0.331751044624529,0.217207525069694,0.0404529743495391,0.217683899764706,0.189829772716748,0.15945015735224,0.134150666426211,0.108022564683437,0.0697402741348282,0.0422291390593813,0.0130461867740631,38667.7298547181
"430",-0.23784448077196,-0.139590919666567,-0.246784522241876,-0.0807509410301211,0.0242365020565483,0.0288599402500366,0.0328027202114845,0.0108495225271519,1.31681686039235,0.283570967944045,0.259925252721632,0.225294078984984,0.451725594690296,0.639271648769555,0.773568383178203,0.957764423438893,-0.300551026084433,0.708301910257714,0.761641841197867,0.758810309392417,0.509686477945805,0.336367217884556,0.210918961318116,0.0392121324317033,0.214151173099177,0.190806844843063,0.16168813571618,0.127553159241665,0.110248387692906,0.0702694960599915,0.0417024875565852,0.0130931045007471,38667.9603468757
"431",-0.233523159603484,-0.16658018954167,-0.223573347764208,-0.0798427310160317,0.0175269022488243,0.0256653419343985,0.0363909836821126,0.0123557957375794,0.927673452802479,0.201662599739542,0.276025063658091,0.206247407442328,0.444969760652093,0.658199759917729,0.777101304791947,0.956173416808857,0.0841031059484879,0.799615473760058,0.738959444761583,0.778583138134463,0.520633061661262,0.317449228755558,0.205200024801414,0.0404104923399897,0.217031193557946,0.191396607560367,0.161179847878718,0.132127297015854,0.111734738466978,0.0720499355778277,0.0414242501618629,0.0135658001416106,38672.4277361875
"432",-0.251062435108145,-0.143345256376833,-0.235502732539825,-0.0763568579636378,0.0296173871349832,0.0381788391766787,0.0388435674238625,0.010122139243458,-0.311500888032816,0.188259843245707,0.329250759327164,0.193199400149882,0.456904830242001,0.637683642275751,0.767786832257879,0.956441586272122,1.32848068039276,0.802948479692071,0.690903845065703,0.790592614236078,0.503477934637373,0.334960715272778,0.213713748211305,0.0411087413440579,0.216001450356232,0.186357956425621,0.163464766184708,0.128264153990445,0.112663522349852,0.0708943787567657,0.0411149108870918,0.0134730199668119,38667.4953113416
"433",-0.249754526620343,-0.137452933122677,-0.223340419417337,-0.0811314700108324,0.0426555596074447,0.0362931042069948,0.0384714940078082,0.0124850231112368,0.548162195900302,0.226274200753144,0.207077299770424,0.267248761372539,0.453669991816124,0.650852663501905,0.771084701320006,0.95738903792625,0.470424336340648,0.766271397997358,0.807221864939611,0.717906755409385,0.502808907529371,0.321314505713793,0.210903491634227,0.0388445376541593,0.220263572951055,0.189438156235316,0.158808843737812,0.130319279740803,0.110306637654005,0.0707666757353526,0.0418134401156855,0.0131149626329689,38672.7618022937
"434",-0.230636707912577,-0.154105247210006,-0.219685655387292,-0.0792719669348678,0.0126263292102173,0.0397726144967245,0.0445600986120879,0.010934698423493,-0.408329995603166,0.326993616314961,0.266686406834632,0.186678074398438,0.442218447229948,0.641419540616364,0.759852617331904,0.956963819090478,1.42196212055828,0.670295811851216,0.747531149285971,0.798336419824555,0.524151684223393,0.330768352016091,0.220463498654442,0.0399656923341113,0.216629498697655,0.193311155103788,0.161667356162182,0.129753022720499,0.113168955766917,0.0703669561590583,0.0415470917954468,0.0132302050396961,38671.0493166972
"435",-0.239487981267974,-0.15530996057146,-0.213530467553315,-0.0713206923539889,0.0207605007340361,0.0268987287664038,0.045694483700973,0.0104882834099797,0.576834055296132,0.178035866142499,0.238036362334774,0.168140845820234,0.469374035063195,0.648995691121856,0.765134810405777,0.95702320740049,0.439756136658252,0.817465224142698,0.77176905692599,0.813176853615011,0.492677582344902,0.327225640463185,0.21395188468633,0.0402094593177803,0.218892473132488,0.187883536148942,0.161951571725536,0.132787719909703,0.114820709076063,0.0717589183691341,0.0409812515435363,0.0132554890213081,38666.1735155853
"436",-0.21109567904066,-0.151789598858618,-0.206798765487738,-0.0593466434427744,0.0190656693038274,0.0339121513064313,0.0401430470312743,0.0130029628852846,0.909547475593552,0.203184363334303,0.220194971453266,0.23435924640524,0.463302006301076,0.654294156186627,0.763148818210626,0.956927462865423,0.0951605043540306,0.792191042712057,0.78869264318491,0.744495229821237,0.501783982694183,0.319196500272548,0.218429327795841,0.0393318655331342,0.224170009576346,0.18480912886179,0.161102882239645,0.131991333993714,0.10909202416606,0.0696885480053587,0.0428650728112451,0.0135421031026544,38667.1569430709
"437",-0.238424589465116,-0.152763134935431,-0.210411667918491,-0.0982643396523625,0.0212656849256941,0.0196179874702223,0.0335720662682812,0.0109935514724068,0.681691955439997,0.113733678883266,0.211668092940628,0.311701137359611,0.434218622836388,0.640339349266228,0.765593255425945,0.955979934220818,0.334334200321205,0.883206718313047,0.799355741156815,0.677512019943141,0.531222275512349,0.3381101052632,0.218149875075943,0.041088162215972,0.226505315573102,0.184692804656912,0.163581909902061,0.129726621110934,0.110788943035068,0.0710601771732808,0.0416676416724235,0.01305370750102,38660.8729039803
"438",-0.215958636870911,-0.181360973409046,-0.223693988161377,-0.0547033521719579,0.0331369146918991,0.031166138144615,0.0413509976086995,0.0113617338633966,0.729626536088215,0.209459350313626,0.275413959213301,0.181307225149298,0.471461246788028,0.651114407248506,0.760402997136172,0.957281191024838,0.276944410667491,0.795160410939619,0.740566993858401,0.795455145757671,0.488987130332726,0.323529771958073,0.220977911960989,0.0396436847559692,0.220429262174081,0.193178673965837,0.164550776664652,0.133112267730231,0.112311683922707,0.0715189583152608,0.0413998715228107,0.0130159111497158,38671.4826147154
"439",-0.217054564966416,-0.152700359681068,-0.190295881856501,-0.0829126004594928,0.0117379593912974,0.0266919445221686,0.0375157322839768,0.00935351294967709,0.0976022618564649,0.232214027429583,0.159521481221828,0.243137809511884,0.437093541278581,0.656043264271063,0.767048100053278,0.956823800351719,0.910610833737687,0.765793486372412,0.844434097060512,0.7420983023221,0.529846820807403,0.320079687902297,0.21564570265521,0.0407147596151031,0.21503243136432,0.189147712071997,0.16316320584152,0.134935049370833,0.113359923298503,0.0709621752375998,0.0418930322539877,0.0128667431376179,38668.9582915256
"440",-0.259065601909797,-0.172122044432095,-0.205944219392752,-0.0866288142077363,0.025898696127442,0.0330863678699787,0.0379129690213027,0.0111232983771568,0.861007847387659,0.247247647020443,0.224297674244595,0.233402358852254,0.454454119891072,0.651139254351818,0.766321152448758,0.958531866841708,0.15978973015719,0.754881132989956,0.78634561190189,0.753428313550654,0.50658112427005,0.322403606071216,0.215968540267716,0.0381814398494327,0.216954508520848,0.185812319808857,0.158026332011223,0.132174047202016,0.109468984911238,0.070078093231649,0.0415118689865907,0.013104561030675,38675.3979401199
"441",-0.258843542900906,-0.156387229470786,-0.220258760765744,-0.0709694015702857,0.00902727492338558,0.0352354706592663,0.0372212779339183,0.0114108782897527,0.980454677032721,0.269968573342784,0.191392187776713,0.226246628564694,0.475832241541153,0.663007509097208,0.769379299650257,0.957680949967893,0.0397102502563813,0.728853732551473,0.820858505216046,0.756196966077588,0.491487241190453,0.309431257522632,0.213258508238589,0.0389526279606158,0.212124520367367,0.19276800989216,0.159507449532646,0.131356009385309,0.110576053773455,0.0713785931634017,0.0413460009210502,0.0131136070342361,38670.4686512522
"442",-0.218480419779428,-0.163363480530272,-0.226274934104466,-0.0924764013904348,0.0210056934075332,0.0313378032391642,0.0326163316521867,0.00997281053054829,1.06829347478801,0.284580971176362,0.316156870208923,0.271107401467915,0.469366156430238,0.662871070466332,0.768955536804118,0.956857690944131,-0.0583278124902874,0.715204435501206,0.699498809202887,0.716785673509309,0.494750735401493,0.311153789727365,0.215099865676421,0.0406046542258238,0.2124913157892,0.18819215933201,0.161772013241505,0.132150403565526,0.112088743707641,0.0705022133396995,0.0417611694517167,0.0132617390793312,38673.3312667319
"443",-0.253203980113016,-0.165352568504255,-0.225771434950218,-0.0687273744038336,0.0390708573417802,0.0294880266184951,0.0316223579191717,0.00874151534531247,0.350180707462674,0.144625267701433,0.153538996140438,0.247985700892462,0.441965492522719,0.651254520738115,0.769289764483257,0.958267045856516,0.669476108063717,0.857449642389897,0.861151473467404,0.732712328190671,0.516989498883951,0.323724483696612,0.214900409161721,0.0393214319801227,0.219078560914357,0.187229819233853,0.161133652038836,0.129536176704583,0.107425737211868,0.0694307802233443,0.0416415901391333,0.0133851975420033,38666.1483703197
"444",-0.260208937129172,-0.150850406061802,-0.242189122682419,-0.0735991269552345,0.0189045619297445,0.0352498026308138,0.0328839394268562,0.0109215045090578,1.0852220032218,0.207680347468018,0.314307617705707,0.238920191307674,0.453791872229325,0.643062715458189,0.765442816960965,0.958145789875547,-0.0645167483210331,0.787458192776994,0.707239640484196,0.744538318142547,0.510403647140335,0.330509637870348,0.218206795787204,0.0385958436507102,0.215291138916241,0.18831379240471,0.164015446525555,0.131888270385514,0.111455943636438,0.0699084567081915,0.0410231940456252,0.0130482404795732,38672.6866060323
"445",-0.246371372922349,-0.169922957572722,-0.229225739864178,-0.0718818232313785,0.00737755026516355,0.0432846770861407,0.0347012161498493,0.0125440248142935,0.722496608521982,0.229141292711328,0.25540590181522,0.271744252623497,0.470438248600342,0.640705962339399,0.765694105711244,0.957384166977959,0.29656293247659,0.773333580100776,0.761944629303146,0.710411461278886,0.497812490995608,0.330384149245764,0.218090934633019,0.039070904720569,0.215939727858135,0.187802675893012,0.164316290915297,0.132385409003958,0.111551225345155,0.0694063296328399,0.041077318010951,0.0129329522301482,38673.7420976535
"446",-0.22500265529223,-0.144504896074459,-0.231791321585916,-0.093089047137512,0.0140157972578312,0.0406962993534203,0.044852262065499,0.010895602653177,-0.0393836972413587,0.166535068282081,0.266844335805651,0.268696234385317,0.473520158804225,0.649579576236289,0.758858313124392,0.956900719950823,1.04854072000369,0.826461177150141,0.749498083850995,0.719097457590118,0.493183150265641,0.321891488013249,0.221485405348241,0.0401925964132722,0.214627009043712,0.187122119722277,0.163785909250267,0.131147452223773,0.10911025414012,0.0705893763600686,0.0431127145349002,0.013141696643608,38669.5234218104
"447",-0.238193993627819,-0.156109094534445,-0.222850368247737,-0.0577307007587267,0.0300534459487596,0.0397123587892717,0.0388735322431143,0.0119152562787696,-0.178964017746222,0.234100940568749,0.281297186226467,0.169329104078133,0.438258238936812,0.652553728034004,0.762501663003346,0.95661932320174,1.19175256214609,0.763802980541053,0.735003702861807,0.808465468355474,0.524290948276751,0.318754225669502,0.219525611423477,0.0402441700144022,0.2153800247005,0.188335566955579,0.161577982528744,0.134481848701939,0.112956674613589,0.0713411879445287,0.0415045222820396,0.0128902366201756,38670.6847652495
"448",-0.215641101044589,-0.149540185983024,-0.235109178782454,-0.0788915263877385,0.0119396322449257,0.0193269976496036,0.0387456728710736,0.012383513262664,0.652365497969456,0.255433903712682,0.229731635002219,0.202570082377482,0.50033406954501,0.661795692293531,0.762115398447947,0.957439144632405,0.355501289873917,0.739633084763244,0.788694230339258,0.781900067836608,0.463737794042514,0.316005665989807,0.220029015118256,0.0392551780503073,0.221127989275918,0.189673500618531,0.160564158870242,0.13161966729616,0.109227394469191,0.0710577088565506,0.0414997769442695,0.0131422194471008,38669.1937078975
"449",-0.251710109759623,-0.172054141489009,-0.220614049338045,-0.0899351568579386,0.00904612843602519,0.0339029270103449,0.0380975466195591,0.0114864997087473,0.891824643552414,0.252713808105249,0.264617678058802,0.216845876163428,0.469436411923847,0.65770199668914,0.765853712397135,0.957147983057444,0.122614338229966,0.749961591131393,0.749610597152736,0.772074301923158,0.499389516389202,0.315216138095143,0.216443431238092,0.0399200181198929,0.219521674254163,0.186711151938916,0.163704899474119,0.131501878985073,0.113464367134599,0.0700892364227765,0.0421003935781516,0.0128811297566376,38668.478004092
"450",-0.208191538161023,-0.1065811431925,-0.223766198678988,-0.0837366661453885,0.0159075523447589,0.0404184281905036,0.0393710663646123,0.0108625111507492,-0.478023494126662,0.17080173733423,0.214818602129614,0.222897517156882,0.473892893096543,0.637497243363881,0.759521681624042,0.957248118527531,1.4838107955142,0.810634030240807,0.800481024355381,0.763902826473442,0.491179021916628,0.334328254030132,0.223045720205002,0.0397122884036075,0.220828199660257,0.188138023176293,0.163504404006282,0.132027520586898,0.112618504843253,0.0706404576551118,0.0414295244516006,0.0128861935580666,38672.9003408029
"451",-0.213615078797005,-0.127768540010165,-0.217346427823029,-0.0992833074790811,0.00989845749554684,0.0249471179925613,0.0339011146380807,0.0101128286019244,0.736602501735173,0.277445057855909,0.287030264408185,0.208210744892737,0.493327676243036,0.648205977769215,0.768373672108534,0.957552157418138,0.269560403854845,0.710428968028763,0.725779347704102,0.783202880910174,0.473579400759779,0.328179985507428,0.215607772750738,0.0396571561673587,0.213891985702243,0.185891150749021,0.161315593741136,0.131578260269199,0.110490377404818,0.0714556442704654,0.0407238268591392,0.0131688817738061,38670.2886817258
"452",-0.226054226593679,-0.182967224798166,-0.211809289508486,-0.109619801537648,0.0246264469460699,0.0244364747503234,0.0348464130561022,0.0134123256910589,0.764669806473859,0.152470528644138,0.235092471809437,0.243200376782249,0.431607577908788,0.6603396265474,0.765437808302901,0.955189540192717,0.248115833878719,0.855760648556282,0.775091902795227,0.752824992423725,0.533286004879509,0.316361263481949,0.217949103250947,0.0411677608746844,0.215369761850729,0.184852734987971,0.161899238400182,0.130758048305643,0.113551793188761,0.0708284789511691,0.0415362028331641,0.0132639147038952,38665.5627170455
"453",-0.268325364030008,-0.179285177862498,-0.232642193585515,-0.0445409280751982,-0.00354397115911073,0.0276222088492966,0.0390597363920989,0.0112307546602402,0.861866177054399,0.264099721055865,0.273388722126421,0.237629686029075,0.488679136898804,0.646483236608942,0.766935200006881,0.957145266630493,0.160765079134904,0.740757400993778,0.745960105529496,0.73540471778996,0.481439923158311,0.329915836113341,0.215013400308311,0.0398633315679377,0.21732635726059,0.190835110238488,0.162707650368929,0.127593323783633,0.110298292593741,0.0712459012626355,0.0415165206042828,0.0130532255566186,38666.5282563513
"454",-0.207199676034747,-0.153188531581305,-0.214212418542024,-0.0632777760094441,0.0362771478495565,0.024826759833565,0.0393637077282531,0.0122352318088976,1.33715007092272,0.178317407671542,0.171284940056866,0.235182809037264,0.439177455315467,0.651173141530396,0.76861542645698,0.955623211032056,-0.331091247331527,0.818929824986532,0.840921509130993,0.743923458335307,0.521090853711038,0.325693237826096,0.212955329629965,0.0411538410903128,0.219481778280693,0.187940248560498,0.161795960512135,0.13154137191716,0.112155873688226,0.0688559655371076,0.0420245208365765,0.0130597202146328,38671.9147706504
"455",-0.20295274146829,-0.157974072259977,-0.201396612465855,-0.0824094448582625,0.019748813690157,0.044900345595974,0.0426761079767246,0.0103515824083938,-0.535805102608318,0.210455448000854,0.288265476597607,0.24748329891133,0.443900740582653,0.650754149434736,0.764022684434485,0.957542947001945,1.53923128365079,0.788880860503417,0.721194061749857,0.73825471843959,0.519565412036951,0.318819108351897,0.216678995320196,0.0396808908239074,0.217569465222553,0.194359451415147,0.162696927192376,0.132361340169261,0.112511905346189,0.0712576160807705,0.0426835948480258,0.0130564522187498,38668.397496713
"456",-0.281280790769891,-0.133174752227478,-0.224019893884291,-0.0770349087846329,0.017615117237075,0.0410424256258074,0.0393463751158862,0.0116981289034022,1.60812626938196,0.134918899036967,0.172662346445017,0.219200625364018,0.452466959834743,0.643946685242769,0.766270184774072,0.957417458511554,-0.57719221513064,0.85579919492141,0.840136669621193,0.765140858710187,0.512581453490069,0.328072083159168,0.215551703666727,0.0394251884828676,0.215043357897451,0.183565883715781,0.163632052638846,0.132455227626057,0.11053617354137,0.0714809380691951,0.0410114565629035,0.0130667528391084,38669.2204621009
"457",-0.227177360573984,-0.148591463989067,-0.220981295586514,-0.060934162074458,0.0183128027903963,0.0219126317813561,0.0411601084538102,0.0119988228163821,0.40151934729659,0.140553112313165,0.272893696849954,0.208832587717721,0.450121694595609,0.668029690445023,0.765335813447499,0.956958460414156,0.60879905699151,0.855551339373953,0.741514779632149,0.77007271813794,0.515018008857567,0.309091473160611,0.215950777150587,0.039736441243307,0.218689051593066,0.183824271996269,0.163619071387244,0.131715428433018,0.110688785787317,0.0720845848990357,0.0412036854550714,0.0130661018320524,38675.1707746813
"458",-0.251814332365969,-0.174996037533688,-0.249860383660072,-0.0752042642255721,0.021093917803799,0.0274676231642151,0.037885730148843,0.0101023361564018,-0.241532303872301,0.167754754561168,0.212637840737139,0.216477608626965,0.454598910515923,0.649343386247945,0.768381042038451,0.957159545252569,1.26362452536619,0.834538180445482,0.808496559528036,0.766350141934223,0.509223020039538,0.326440709882936,0.21324382409735,0.0400606259441917,0.216982998809126,0.187388555994177,0.162571012440467,0.131709557509338,0.114255112108626,0.0694619347090331,0.042250695045255,0.0133960426001229,38666.6271652285
"459",-0.221189045527831,-0.155048346677915,-0.212224032764136,-0.0976419245697067,0.0300669434337691,0.0367509872117956,0.0376816072525425,0.0100472187620427,0.140876272424745,0.203962735237311,0.175867680945463,0.275096909667048,0.459751548477392,0.651052036627651,0.759111522589138,0.957365386339219,0.869251832768642,0.793622301305178,0.834845153199549,0.714601867555686,0.500671293542289,0.32049264865079,0.223721911589887,0.0399172419578964,0.217202870439726,0.188465175549015,0.163947969231561,0.132884628880479,0.111340605248792,0.0706471273478169,0.0427229175615526,0.0132945304382795,38672.162327668
"460",-0.26163944536978,-0.13056424927433,-0.235056327495339,-0.084671621732279,0.00367677360797498,0.028430825190604,0.030395986645879,0.0121686424979786,1.28484837529098,0.197015554166823,0.191217913019471,0.241306334331018,0.466455796288063,0.638939440166246,0.770552098699075,0.95676214406083,-0.261447752840158,0.793555359767082,0.827716428012318,0.743992981138614,0.502988241267614,0.336692985349655,0.214050164602692,0.0397927337055667,0.214798449092767,0.187687332309073,0.155815686262919,0.131787201677973,0.110007095636957,0.0707002033930463,0.0411042680231314,0.013137574066737,38669.3693022619
"461",-0.221664140691891,-0.139018175223862,-0.248722990106355,-0.0726497133631919,0.00534831119800976,0.0251686513960471,0.0341589692949152,0.010863164424291,0.51180139202976,0.143259192034886,0.236811449872671,0.198772427188115,0.456386970951658,0.648327544658477,0.765964409650693,0.956812993791087,0.498210261477935,0.850898603519521,0.78677338631859,0.783087388849471,0.512203124768519,0.328496294085511,0.21787290900369,0.0402315930709757,0.217284843378541,0.187812109746465,0.164005832710862,0.13268411276881,0.112342053617981,0.0719814412581493,0.0415425875457219,0.0128467041416973,38673.8102751003
"462",-0.250151174555511,-0.179072011739751,-0.234346479984014,-0.0787386581390396,0.0259211079898065,0.0502916346477606,0.0376312811052692,0.0109619025054056,0.397594088523813,0.285735723935228,0.263780478391239,0.205955090499008,0.450438525125485,0.63085972376614,0.765382506944898,0.957844845099714,0.62096467656658,0.721360589196517,0.756514202196324,0.778387484397609,0.51183209419462,0.338633153886484,0.216931386296694,0.0390796681878681,0.216835518274912,0.187821022963671,0.16120643487777,0.13242258636383,0.112069577016389,0.070683854160146,0.0408165991892913,0.0131611799077242,38673.2960294575
"463",-0.258471008744903,-0.135398946581507,-0.221847788376397,-0.0892192176930439,0.0322109445701881,0.0265780906177641,0.0416758147072984,0.0121761124157389,-0.145013590542674,0.228619541200591,0.252164368604525,0.261646291741862,0.434607271524731,0.657530568705107,0.760181725182536,0.955485147962081,1.1650581229543,0.76291847951005,0.760570879190425,0.727741429895656,0.524460169872568,0.318010508911042,0.220986859704221,0.041316132123735,0.224169063023858,0.185428413175621,0.160869476617752,0.135225604409203,0.112450176227333,0.0700834664519648,0.0420960752492234,0.0130090426103968,38666.7771228185
"464",-0.232174070598171,-0.151822728370279,-0.219660486702551,-0.0756265765025908,0.00644982899697929,0.0161788930964707,0.0279778095056588,0.0088777016963691,0.598948214678371,0.274597989359103,0.231884139346216,0.235689178714584,0.483515662558966,0.658714124755,0.767241411660114,0.958269965291529,0.414265996678094,0.720905104029074,0.78290415258788,0.748498305050659,0.484382783012663,0.32125397839516,0.218577179575444,0.0394864974646113,0.220209619142804,0.190369759003561,0.162182337280877,0.133213253494737,0.113265082540997,0.0706230637742712,0.0415867354344273,0.013371802455849,38669.6218196425
"465",-0.257440022022028,-0.134230062851798,-0.229967898691461,-0.0630649010864733,0.0223815439166569,0.0218464815930034,0.0415241258260254,0.0107028890108512,0.0143873564211253,0.12523488606155,0.216536644562453,0.213790782306399,0.472581084669327,0.654764673240516,0.763308339984396,0.956689120661952,1.005656576991,0.866151290702679,0.800979742006397,0.765432661454336,0.490161674844546,0.322368065866822,0.217877782328922,0.0403987248708808,0.22184375558623,0.185307156225818,0.160678260566492,0.131190139083653,0.109788117640954,0.0693991782158319,0.0414670096206489,0.0132623450711009,38673.7605617459
"466",-0.222129786673794,-0.162022954036804,-0.203556181831716,-0.0833225781465557,0.0178920048146389,0.0343568962023773,0.0408208505558167,0.0117955867114334,0.564461620719288,0.224163661435397,0.313228585276313,0.221704484977265,0.464424660106368,0.659171966264462,0.76306562908155,0.956811804516225,0.442802349044607,0.775785332184583,0.696887454583502,0.764405207042285,0.499976842994708,0.313303966210237,0.218205427286528,0.0399300360298963,0.217403637143244,0.184378679066844,0.160080664144584,0.12970359494402,0.11140788919574,0.0720961175418757,0.0413419585753629,0.0129905204986418,38673.3874060061
"467",-0.241838709616301,-0.189076276119239,-0.202274033167386,-0.0821493194619676,0.0231776323124164,0.0283236874329103,0.0392884793931836,0.0110236865864233,-0.0882379182163952,0.185736676894137,0.269801965778737,0.203285959760419,0.461696881948267,0.649892466524569,0.760550743199583,0.956994186284955,1.10643317988197,0.822375996865482,0.73916241631042,0.78444390185091,0.501816176733635,0.325477572364462,0.221770612705179,0.0399804745876625,0.220590183090774,0.188402037773461,0.157913406550954,0.12931551869151,0.108525495509409,0.0691190002433036,0.0417114128737602,0.0128867410656177,38669.2014994449
"468",-0.268362218225414,-0.132966192834765,-0.235725338405382,-0.0765787997253282,-0.0033681841316506,0.0289573510357777,0.0352676929626228,0.0111790035099609,1.26799115856222,0.12811520540259,0.224960525854591,0.191216910987027,0.458427062872924,0.643225931112126,0.768890973235017,0.956993271189019,-0.242360201022637,0.861263622479217,0.794261406668248,0.792411342875559,0.513794989633803,0.332528365265857,0.214245944011187,0.0399848354464553,0.212665156458526,0.184996288990143,0.15710442123518,0.133549969596078,0.110286497902597,0.0700877473971096,0.0410313505631087,0.0131194553812088,38668.9965433503
"469",-0.251495301442244,-0.146674819261608,-0.220039176421064,-0.0755909030652549,0.0136704282331571,0.024541705811339,0.037701827119453,0.011369730562531,0.334126691500321,0.146982115048406,0.201404527210568,0.202683914764107,0.460859276008275,0.662612374146035,0.767191197482196,0.956320095942814,0.684142825136354,0.847664577934195,0.812068156838824,0.780553741932239,0.505541459853234,0.313729866630082,0.215512030571726,0.0405771706735376,0.220789260161511,0.187428527024566,0.158001632201305,0.130822651817131,0.111962771537058,0.070469603198296,0.0404359308444619,0.0127865376879087,38674.632562204
"470",-0.229329894900748,-0.137099175893427,-0.219714934760185,-0.0785418432235511,0.00508795365882534,0.0282981344698109,0.0391231749590974,0.0110469663155461,-0.524998099631982,0.00529672408523585,0.238159532073114,0.22233846547245,0.465886775400652,0.651649116254462,0.766963982301594,0.957334759419521,1.54025802177905,0.984056678472656,0.775313904392449,0.761575001760666,0.503318297312989,0.323238400195976,0.214779381727073,0.0396436157435235,0.22228896261029,0.191366129315426,0.160216809152091,0.130557530342422,0.112085569332196,0.0719028020266213,0.0409882118766511,0.0131526247041313,38666.8339667816
"471",-0.258238474008501,-0.165915603206602,-0.20216072321237,-0.0912897227477025,0.0232696298298113,0.0169039825583245,0.0357851893329208,0.0113330316228109,1.58921907660305,0.347175054128701,0.239250069082378,0.211283323230883,0.475286435613851,0.6585572253479,0.764664363520634,0.9567716637284,-0.568659080203627,0.653671630548916,0.7674550975096,0.776467926498103,0.486117636977489,0.320774631442798,0.218969514864422,0.0401082608204311,0.22292584330253,0.188247851565192,0.162772070999555,0.127061525249541,0.111867402211342,0.0700464065161134,0.0413271274929316,0.0130828920314034,38666.7388774283
"472",-0.268060776907266,-0.115203959010906,-0.204277541279483,-0.102733882748117,0.020663153850399,0.0232842176539955,0.0360730124571436,0.0111278219645999,0.422365636814162,0.179647452016196,0.248167618733542,0.258041254904433,0.464240198496194,0.647973765896129,0.768664240353112,0.957828034303544,0.604455318656688,0.806051584218106,0.759658286574318,0.734170654904272,0.500264224853172,0.328720494027329,0.214389641844911,0.0391445608203381,0.217599888203625,0.190169611693311,0.162609802496689,0.131704619929637,0.110714785765384,0.07194911736165,0.0414831338983113,0.0128780394294535,38671.7899930962
"473",-0.216256007796344,-0.158721648043327,-0.211483609972865,-0.079592667054635,0.0178758697696904,0.0380757149476829,0.0348629941152337,0.0100987649208186,0.0184984467844487,0.181263611894219,0.265627036678916,0.242661044985228,0.455970533864853,0.659302066783569,0.766096792182827,0.958057206405112,0.990770123714578,0.817624105761205,0.744086088471954,0.742473735287903,0.510498091787696,0.313451124952945,0.217562718290731,0.039207974267494,0.216683874480101,0.188792295973619,0.167662858344932,0.12971864517891,0.111392681500661,0.070953294946041,0.0418900009349424,0.013202252465914,38669.3328294353
"474",-0.233169740566093,-0.171417002763036,-0.200627059555081,-0.0829209564834546,0.00497913009866647,0.0312825704975429,0.0382529312440861,0.0115354848736347,0.577105483572364,0.2317369892061,0.26484858050609,0.246136327266454,0.44603421934639,0.653043720314867,0.771816692440011,0.956426084138202,0.434119616265502,0.772715650429801,0.741972941936002,0.73833185216195,0.521846471054504,0.321380274682358,0.209726759977727,0.0406657385399593,0.217453852787484,0.186006514737298,0.160525194382731,0.132516178890082,0.110800909156735,0.0715090368128536,0.0421812642532737,0.0130178027607404,38668.7079796579
"475",-0.255982166125593,-0.151861544021274,-0.245113537715278,-0.0931448029551497,0.0218301595446185,0.0325336951540025,0.0366790805715556,0.0119966191530198,0.586652483082294,0.290444081119581,0.255745760465081,0.23652396624695,0.454507022745275,0.64936619404091,0.759968841937686,0.956409437334627,0.432294987182345,0.704542204300172,0.767614368757906,0.750965683679904,0.509056768300761,0.325275735205254,0.222864230579488,0.0402424143592714,0.218127175564295,0.189015479774032,0.16216439342127,0.133713142028968,0.110411264694962,0.0700983395137311,0.0411745528856785,0.013296185220658,38672.7405136346
"476",-0.213952699710423,-0.130192858758411,-0.208960640052725,-0.0671392162593054,0.0437082921810707,0.0347868017579425,0.0315202103801936,0.0123054770567,0.116148524883061,0.247321147915671,0.260964496512011,0.23525681269494,0.425097050595271,0.642941963892288,0.771732802720668,0.955882582192399,0.889393050635534,0.740928094565857,0.749122820537181,0.746195754146079,0.5318852782475,0.330609451171264,0.212727439201403,0.0407076720726169,0.214067886736268,0.190323403394434,0.162791987427916,0.13302583356343,0.109206891306071,0.068531889897351,0.0414298462833176,0.0131934571456685,38669.869396976
"477",-0.282766657359198,-0.153257566754653,-0.242800168572008,-0.0846896343786813,0.0234552319484964,0.0310825855996645,0.0358954722330159,0.0116024579843348,1.04467279955912,0.247937987435295,0.251942878821211,0.22156619457878,0.44146354047305,0.662416783532659,0.759925056167568,0.957222893044753,-0.0163414761113251,0.747861683341962,0.770775273424686,0.764543605370169,0.521192472506405,0.311719362569834,0.223563821292715,0.0396743169987661,0.219745003926791,0.187047354028628,0.162312371917481,0.131953909064721,0.109309980078828,0.0712599338538537,0.0398559526213474,0.0128220033228833,38667.2170589633
"478",-0.257516121626139,-0.147697403715769,-0.250488575159945,-0.0956235386579152,0.0274602909186498,0.0315767523479704,0.0397314944862097,0.0120000497014715,1.09943080862707,0.237905233217372,0.286206092262647,0.256537708320869,0.445553831510054,0.650302797561531,0.76682223387257,0.957261419914659,-0.075744066772217,0.756913144060876,0.736216693606653,0.733191381223579,0.514564050546856,0.324160703849155,0.214868494416566,0.0392464422275007,0.218203643218372,0.19120436358447,0.163638475272573,0.129854121362858,0.113162498629667,0.0729532319831528,0.0407433898766679,0.0129909980460455,38669.0852471457
"479",-0.227347860513539,-0.178402150671898,-0.212969491773626,-0.087752460110379,0.0258068112864221,0.0299483921780119,0.0340546450442082,0.0109286211388346,0.836256231764993,0.247084626116216,0.229652328557871,0.216491354366362,0.478366573613133,0.657812811097249,0.771133714601067,0.955958372195288,0.17607340933512,0.75673159555205,0.78330746750754,0.772299669422777,0.483624997051528,0.3168849497392,0.211386200779286,0.0409810981157064,0.223640581157584,0.189687090139382,0.161832380763331,0.130964270810915,0.112795884397068,0.0700953671458039,0.0414713201812546,0.0130287854893278,38668.5260857824
"480",-0.266949094596497,-0.15493126957588,-0.242766441905286,-0.0959519392326153,0.0323889237013765,0.0280271506865866,0.0399859776778823,0.0112141576735962,-0.759744817871142,0.223722963720555,0.280535470847128,0.258753152484124,0.45189953592509,0.649551325957621,0.766426428848172,0.956478610265333,1.7848743050488,0.77402639247874,0.742223698942606,0.731199418091355,0.509174385095063,0.325584796317079,0.215154021460838,0.0405947977372913,0.214789125505287,0.187272990946733,0.162738805189205,0.133047477809827,0.112087964812573,0.0713638111061697,0.04172363973009,0.0127870184715013,38673.1599316467
"481",-0.227310728772328,-0.15684096247143,-0.255253992466235,-0.0621551594659693,0.0199492319184328,0.0317793534358485,0.0415485898070192,0.0122807569722247,-0.618247051555585,0.202929505785406,0.257624965151272,0.166832730065228,0.462905376139802,0.653444338682802,0.765291648012103,0.956995691302017,1.6282085500621,0.796780308697175,0.767178207210883,0.813210851535475,0.500545201166293,0.320154278388933,0.216118619290308,0.0397626187547443,0.217388640253525,0.185810794321405,0.163867585446822,0.132621741466229,0.111294668687179,0.0693012669051476,0.0420211846844353,0.0127915377593464,38668.6052707011
"482",-0.21203428587515,-0.126178839357042,-0.199311486235767,-0.0498183627861418,0.0239813275824941,0.0321552338198875,0.0375828829099343,0.011834344254175,-0.0475429866168877,0.231497605640712,0.230110065408136,0.23160493273452,0.474322370177471,0.649827645938114,0.764736997844989,0.95679423989298,1.05166681371616,0.754824859194051,0.777748017244781,0.743330002492455,0.487893226318139,0.324667095811538,0.217975800440391,0.0397189817617652,0.220010278729037,0.185717318094497,0.161815023196526,0.132157407024309,0.111545355095276,0.0695270403947379,0.0428061260297816,0.0132698874520703,38667.0982901061
"483",-0.288170509368869,-0.180091874984189,-0.213630527625217,-0.0784924874117162,0.0305937332494442,0.0231828482066814,0.0314668432969456,0.0116027049485043,-0.0981287823794507,0.278985762210724,0.228465325822651,0.215195219351377,0.461833470709008,0.654695525973424,0.77142800612555,0.957176435431721,1.13081457768565,0.726569624212695,0.78463365780725,0.77020663471053,0.498782694856365,0.323340773719912,0.212805795816411,0.039775086700455,0.223546017903295,0.192800426944942,0.160565275788668,0.131620562767452,0.113031483072385,0.0714611129726534,0.0404644705184971,0.0129778629997846,38667.6531983916
"484",-0.247181600790732,-0.161517395083129,-0.228623123778485,-0.0760813443962702,0.040574981158408,0.0264779254964685,0.0296836794693527,0.0130601823254281,0.893772641721591,0.154047161692869,0.234597130014997,0.222490357739021,0.431009710229676,0.647523960129272,0.763842167599706,0.95635878815411,0.124011517836262,0.845270892911068,0.780926603447693,0.76193396606014,0.526169385055924,0.329364370480543,0.221703761042043,0.0399778154110868,0.217185178529931,0.187621239554084,0.161129830804213,0.132751799281611,0.109525483392176,0.0708551014985676,0.0414399605704675,0.0128714950460492,38672.4033791983
"485",-0.280815562967089,-0.140425067917557,-0.191225470637986,-0.0994275551127928,0.023999922442044,0.0413192285738463,0.0385608921802093,0.0115989314473427,0.624189684214694,0.158670000909294,0.200370213215282,0.276345306264333,0.454281144409298,0.645034639297121,0.760785356099902,0.955069181620717,0.403186219599303,0.833863483614247,0.803125576425611,0.714153260778232,0.507667210972416,0.325549582585996,0.221681216154645,0.0416382375226173,0.220501435579234,0.187622132567394,0.163099975069845,0.130117464085934,0.112276933886067,0.0707957201320192,0.0417331117355237,0.0132181556146564,38667.3920349585
"486",-0.256106405519245,-0.196818819522146,-0.198952906742869,-0.0896239911608053,0.0254632809734576,0.0249048445626394,0.0339504326033165,0.0125704391420992,0.505343429730844,0.153638381392916,0.233636030457958,0.211168667755828,0.464775995389143,0.647149284992138,0.76830395511779,0.95729338694115,0.514760179452571,0.856841970194115,0.773333160219843,0.776226466657575,0.497370749819496,0.329471306400273,0.215349322397497,0.039139931750007,0.217409412761871,0.189736538946013,0.162678722454437,0.130040870200474,0.111152036326147,0.0700562809696563,0.0408217512158977,0.013123545423705,38673.388507049
"487",-0.218639456604,-0.158527543532418,-0.197642844905725,-0.08386986581484,0.0313864851481682,0.0325028373388257,0.0346774389566711,0.0116158188686555,-0.242042371299795,0.188200442144241,0.235402870036117,0.253230980551046,0.456376913955079,0.633927900289715,0.771428214346488,0.956960883445358,1.2487308142327,0.812250035534662,0.77144029615138,0.731845612092188,0.503039641758191,0.340581541412843,0.211435747573856,0.0397067160070736,0.218255097855009,0.187635421253906,0.161743932422453,0.13199712763309,0.113284513272523,0.0712608585743771,0.0417092142974887,0.0129847044966253,38672.7463054215
"488",-0.259589089951441,-0.128270320964796,-0.221330800008617,-0.0910602046713603,0.0160483691155125,0.0141019500224153,0.0382900016064078,0.0106658922409989,0.324306183935786,0.181210661639025,0.269360567229255,0.201499637883144,0.464871987822885,0.66504586186692,0.7650660526147,0.957948194665513,0.698822041726228,0.806751056315366,0.746763673138189,0.786210210146941,0.500527377407261,0.314532111911085,0.217213547585672,0.0389762458927658,0.219596550167721,0.18924307348447,0.163949357413335,0.129499856313833,0.109523312581525,0.0705931206122438,0.04268207058789,0.013169362059346,38670.2818397799
"489",-0.225322969948151,-0.137906516628693,-0.247738674016622,-0.0846792420855275,0.0185995759699384,0.0457218727668087,0.0414402128441691,0.010197126569969,-0.522563643550715,0.212531665524128,0.261313321741733,0.215599325117986,0.451994262483274,0.636234582465053,0.764245295369207,0.956966912568978,1.53502192443238,0.783106310570462,0.76097845870859,0.771784590113758,0.512544370611953,0.334746801067926,0.21666315449809,0.0405268299499506,0.214303425053829,0.188290501807592,0.162327037052395,0.1311663568577,0.108411152584242,0.0709471201357612,0.0419232612216224,0.0133489356908665,38665.2145591409
"490",-0.23467249301057,-0.149743341798975,-0.198175339894491,-0.0742274946584459,0.049273308592403,0.0457101099971143,0.0358930643112273,0.0117238888927965,-0.512424713081559,0.263303170721671,0.203814235763463,0.230714762841566,0.437271188564789,0.634470251870204,0.766284322810053,0.955814792267837,1.5283188743758,0.729391074074335,0.802920031682719,0.753057319571014,0.517116739075995,0.335906931327283,0.216752562606899,0.0411726892619644,0.2120131763125,0.187153185290178,0.162890425220717,0.128929668345324,0.111253715103115,0.0723762622696998,0.0420469385091103,0.0129535256042978,38665.7692117888
"491",-0.240344324513908,-0.162562884173636,-0.229018666650065,-0.0662999859072174,0.0263189849230943,0.0408530155597302,0.0419120855448899,0.00933632762137869,0.538736877641866,0.229538054308999,0.182664814862224,0.215528815427493,0.457335758226336,0.640039796777977,0.759721449839165,0.957845121813267,0.476054016738698,0.769078053636943,0.834466792824674,0.764892612459686,0.503855220285775,0.330560493968641,0.221730950307995,0.0396069248546213,0.220945501064281,0.18642597276269,0.161822682043638,0.12916892071473,0.111222268244642,0.0699975178542322,0.0412542598347443,0.0131751948668937,38672.9434262825
"492",-0.254839438873433,-0.168206025041139,-0.203481582711633,-0.0696660702445383,0.0347808858933265,0.032882712031069,0.0450222807752354,0.0113339338658141,1.01843563244767,0.350198634528039,0.246627626357141,0.252458271024129,0.426250030886436,0.650155111353889,0.761486015794856,0.956295389309712,0.00108896373420728,0.650233059366203,0.763597325286216,0.730466002297794,0.533142674032309,0.323573000431256,0.218740162759967,0.0407949170403292,0.217262151970203,0.190068169372055,0.158854609169374,0.132078929543627,0.108799992727248,0.0717629352565253,0.0420441829189947,0.0131475907546081,38667.1024246665
"493",-0.205805975025194,-0.170223894663242,-0.246833739105982,-0.0664037640708778,0.0243365482777067,0.038564544881949,0.034690211097743,0.0104723693782907,0.00754137634859902,0.211223261158091,0.164427665300907,0.198284749918759,0.461578788533285,0.642556544056822,0.765041121840058,0.957205171232408,0.996876485056256,0.793771876069723,0.858383671890438,0.782859259502069,0.500429053552248,0.329529407344392,0.218696742808383,0.040215901759027,0.221639143726625,0.192704391010039,0.162111343565932,0.129923354020046,0.109142223077945,0.0710060018891131,0.0418066564226059,0.0129817737250564,38669.3094803898
"494",-0.223434138994083,-0.183421753274874,-0.239278406824727,-0.100092719149236,0.0233651528343892,0.024942890111733,0.0359964376111829,0.0107865570825965,-0.562597738323264,0.27087891344479,0.31482810312391,0.253347078736049,0.46100295393174,0.65818123317495,0.766191500145383,0.955701374126861,1.57417749922168,0.735471207972942,0.704667471169114,0.737362641190076,0.501479749322616,0.317060218129868,0.21656899356193,0.0415228677478267,0.216422655730151,0.187310986171341,0.161672229864281,0.132461943444388,0.109150720164242,0.0702894437738895,0.0416702188317033,0.0131115266489103,38671.9945201056
"495",-0.252023991547859,-0.112282190931837,-0.213387952445433,-0.0770018765714564,0.00675559922466466,0.0330653061198584,0.0406114480345665,0.0106544180762723,0.0379596427763262,0.14298495317077,0.167887832945177,0.248643565770416,0.474875001632485,0.640430699981933,0.765029034862835,0.957366253229791,0.981101713395506,0.838899114434201,0.843244608297877,0.735383523175689,0.49325702446766,0.3337031834937,0.21626364306974,0.039714856124852,0.218321337966242,0.190263325184016,0.160421935623716,0.133249365345368,0.112516904170686,0.0725060734842144,0.041797093758184,0.0131926999181681,38672.8328436328
"496",-0.298695959448965,-0.160374020570893,-0.199020803526863,-0.107742055353286,0.0343797875670121,0.0247565381749729,0.0335217734606273,0.0109108589101113,0.95805090466876,0.171980935223157,0.232765992684379,0.261015535736931,0.435649560511899,0.657509492355104,0.771741735103833,0.956833357772515,0.0776889827138079,0.82765814059325,0.7721028433702,0.73355572922298,0.522892109589167,0.318426107136606,0.211707701917099,0.0403242907551125,0.223730967337144,0.190535697992015,0.163006313516775,0.133394404110013,0.110492849098621,0.0717703462479907,0.041322536237023,0.0130152414687837,38667.2052607349
"497",-0.24253291267545,-0.138607438066279,-0.18960757610246,-0.0572434809034586,0.040282851187829,0.0361862254255173,0.0445289853538353,0.0104237620799531,-0.279149864442186,0.191363500504019,0.240690689869088,0.215415474459186,0.435097029014305,0.64614094134053,0.753003992975904,0.958368574680649,1.29538386861789,0.799664508999884,0.762485518927238,0.7633988215146,0.52234610976571,0.326892503163185,0.228442689286303,0.0386162179786724,0.216537853726167,0.193961010226859,0.15884158472715,0.132658762442659,0.11407943692406,0.0710402461625265,0.0415259367631783,0.0129896241369141,38663.0218962263
"498",-0.255336337491824,-0.186864183273782,-0.200544129620149,-0.0755226508112762,0.0461716583428121,0.0353575243838801,0.0365652491369584,0.00959900870582512,1.07594748724882,0.356135489465574,0.273890549320427,0.208661810690581,0.438310093243333,0.650694541701378,0.765089694491592,0.958713379629468,-0.0560555716855679,0.651425446607436,0.733434958859241,0.77485112755242,0.51590013294216,0.322171464997603,0.218481809317817,0.0387706005808142,0.21517872735042,0.191061975263274,0.160431740790998,0.129613853316188,0.110554242695471,0.0708674009544176,0.0428209845455105,0.0134541269763222,38665.3188190207
"499",-0.262094769476722,-0.127338055884182,-0.229605170336839,-0.0726276839527267,0.0156820194468658,0.0294126762897891,0.0324753137888089,0.0111637400731709,-0.494559205997056,0.199579675713647,0.202117521635858,0.24009637555883,0.469099165182532,0.658694757764883,0.77429531786902,0.958046024150077,1.51628731523243,0.789692701766517,0.813788248713875,0.743144050543109,0.495760447557862,0.316110398107702,0.209668217092007,0.0388964243225933,0.215788317539962,0.187525876232755,0.161446327774687,0.13257518075702,0.109576678623248,0.0689945750369249,0.0416600566786119,0.0132123843161422,38673.3010190747
"500",-0.250558720893704,-0.176972616996051,-0.180691057300067,-0.0525909973433486,0.0465018806336008,0.0498187805062638,0.0378050629974403,0.00953075776922131,0.77985134551966,0.339242550305959,0.20606411948752,0.263742946904117,0.419719796446807,0.647951143529671,0.768559219043417,0.958202087653445,0.239024224924768,0.66306070476693,0.796129631647121,0.712325134845064,0.535287634356581,0.319564098694789,0.213518829615481,0.0393356724822554,0.223263364214339,0.191220078858608,0.163112695571838,0.132936401872303,0.11008960716219,0.0710498057468945,0.0416616551484052,0.0130984990426698,38657.7766637398
"501",-0.2325566663408,-0.163779954899336,-0.197582411666549,-0.0938245124387889,0.0305073855745468,0.0456532503235404,0.0307930744135054,0.0099379440439207,-0.171506770777527,0.163543800470459,0.278707549968018,0.260196960120157,0.444263375230984,0.641336372978569,0.77047239822837,0.956928184401688,1.18633081417812,0.837730567149042,0.7273096303977,0.730308308164185,0.516663894018581,0.327963397233999,0.214099129151689,0.0405154361927639,0.216764114998095,0.187227031823212,0.164960115125992,0.132460750630377,0.111773948943242,0.071387701101341,0.0425208151520243,0.0131313191588503,38671.0577172956
"502",-0.216584231424743,-0.179586574552645,-0.21760006162036,-0.0829590574178233,0.0444370932492554,0.0322391467642938,0.0428226255757697,0.0124182346341562,1.09078974339443,0.220251072407044,0.351574190805152,0.207228809100049,0.448078716632085,0.663470997369521,0.765570413302448,0.955506209641015,-0.0827059887864584,0.783637378335489,0.661617451609544,0.778319360561728,0.507962179295709,0.310283082698599,0.215280443296337,0.0411174093817501,0.220164897096759,0.188558406365042,0.165323739510279,0.131438286249118,0.111901316143767,0.0707928224652084,0.0418666654191827,0.0131128099336438,38670.1183797042
"503",-0.247248241588855,-0.1708714183156,-0.216816955197747,-0.0788803596222761,0.00573060619255597,0.0369026015528316,0.033766928765093,0.0102925469462674,0.700588475180101,0.17057025064263,0.284697322146256,0.214189864242362,0.486116727042205,0.650796529876303,0.771204977954628,0.957362009763107,0.316654382674,0.83374311212293,0.728560075380804,0.77005026429652,0.481557169565382,0.321563593602838,0.212071757483645,0.0398347445032721,0.220866178971643,0.1912873484554,0.162406135554889,0.13072302930046,0.108718926861235,0.0704148532091279,0.0419926844272876,0.0130976424582482,38675.8452828997
"504",-0.199784830416197,-0.184365492347456,-0.251203095506602,-0.0768741675845948,0.0157555032354974,0.0297421455050338,0.0381196667236202,0.00980391069103159,-0.78284592207552,0.289086458175403,0.279475804456105,0.203000001780571,0.469929909002849,0.636712930933777,0.76937206650631,0.958649915808812,1.78343652149959,0.717762594412274,0.745667205021686,0.780051532879495,0.495546671514448,0.339243063650518,0.21273148304669,0.0387943714502126,0.221703421646633,0.186468308529603,0.161435071785494,0.127655398506027,0.11051457999402,0.0708449007503508,0.0416474193060327,0.013192933536038,38667.8407354515
"505",-0.252923236815609,-0.137326356102837,-0.235871967487107,-0.0708556282685362,0.0247937285847084,0.0183033855152152,0.0343632298424406,0.00957861775447327,0.874781476990315,0.199382112312021,0.215027412630619,0.237678330377653,0.469676400378696,0.666333135154636,0.771556235408132,0.957973003583109,0.144743214340859,0.79186331926381,0.803511300620992,0.745887027027509,0.492161320925992,0.311360411026476,0.211906181325837,0.0395963048266559,0.218612159032908,0.190928669670248,0.158277344579169,0.132031712864667,0.110312270470813,0.0722522563658317,0.0412684133881169,0.0132355663104257,38671.6236369661
"506",-0.215809924204253,-0.140110790990183,-0.233134973461065,-0.0894031704886062,0.0119202049683963,0.0262332992767826,0.0337286621402837,0.00866780465848012,-0.15249626155504,0.288076835370263,0.246719814346093,0.233867115722461,0.449757028245006,0.659757485125995,0.770318966440023,0.957879547063568,1.16102485134218,0.705259832070662,0.771172166806906,0.754130466242311,0.516464096399306,0.317030084649143,0.213263784584244,0.0400766351109765,0.215103457264503,0.186785584324281,0.159132386163029,0.131613521158607,0.109579436648212,0.0711857241290607,0.0420051883101267,0.0133710703792696,38670.0754574718
"507",-0.26384810756497,-0.161129932665867,-0.232054616065371,-0.0822241973410124,0.0366262243118679,0.0365411748483431,0.0295807760886248,0.0124011285670094,0.426502199911853,0.135319309634958,0.289929277546323,0.209361415718672,0.441285577699567,0.64014867203069,0.773041739858558,0.957318473196998,0.598143570902492,0.863665389531357,0.728003332159316,0.776262185289435,0.517251013632713,0.333281932399499,0.211654577136709,0.0389537355432128,0.220324698458647,0.187949275936903,0.159590498633393,0.13229817095474,0.113602670203722,0.0687774126820949,0.0410367139269194,0.0131640034088723,38670.465270889
"508",-0.224609957792309,-0.146804983936266,-0.220709374024251,-0.0816443086086648,0.0463284378350561,0.0343859429551073,0.0381876845099763,0.0100541648680258,0.580293828025057,0.186683076890527,0.199832512054802,0.214183592279611,0.430865406231525,0.64962026258574,0.755750366573781,0.95771532981189,0.432150284119065,0.809724795871119,0.815300646519826,0.770864511171357,0.524490063013842,0.323359610385986,0.227708695966605,0.0396474036835202,0.220960205562807,0.190934970836436,0.157753020721874,0.130003814597766,0.106523089834904,0.0730647182028571,0.0411906901058012,0.0130963116936422,38661.4065358256
"509",-0.20759382568692,-0.173207276281372,-0.22710826840856,-0.0952915098288209,0.00480982327006632,0.042073464970946,0.0369350587694002,0.00970286539036913,0.556624540592656,0.30977461784626,0.190697833441434,0.226067469420706,0.473875034621101,0.652733554741314,0.769743963223579,0.957304635656365,0.448408145560063,0.691004056629624,0.82598695858394,0.763944412057071,0.494733183757399,0.317100537858241,0.212922744697073,0.040070960775745,0.221701765789027,0.194070110298669,0.161232902861655,0.130660837833756,0.113044990201924,0.0712109769413502,0.0420483489202219,0.0130613105025498,38668.8342268443
"510",-0.262207445331036,-0.115571111444946,-0.205289934997768,-0.0755771260947769,0.0188070081510933,0.0240454024929219,0.0386313952586142,0.0113210178370351,0.14297369918375,0.192915307188855,0.192418815093203,0.212469593018302,0.451215534710194,0.653804004444191,0.765176241038771,0.957383310812389,0.878644512925963,0.793055516308346,0.816485726409348,0.772155931591993,0.512980918663949,0.322837652061801,0.216787321332092,0.0394263791423739,0.218317586851244,0.187318260366718,0.161220720185891,0.132343673242019,0.113558467194652,0.0724476925856557,0.0407897672914809,0.0132861938849568,38672.7843106814
"511",-0.219431747385358,-0.140023848632476,-0.217014765051446,-0.0759715465330661,0.0403936158392724,0.0441471195551701,0.0379624751342799,0.0124907299503294,0.369495391190494,0.206923393788366,0.307527112895861,0.174987756014173,0.439112595438717,0.649822279074246,0.775000897335002,0.955534809296183,0.639401697396346,0.787791187074326,0.70334276220299,0.809284459730741,0.518961078283453,0.320324221091775,0.206506221986453,0.0412306942489814,0.221781618658726,0.187170898092253,0.160690867123105,0.135926974704296,0.110616992210915,0.069337755707939,0.0413229967618958,0.0132324847709253,38662.8552490821
"512",-0.23324248526931,-0.145491090223414,-0.218630735453156,-0.0854598080091888,0.0295980501509818,0.0421278693203015,0.0389387072253893,0.012803745922644,0.0428420186460588,0.137003210409683,0.213622550902651,0.25397663002197,0.435919024463488,0.632005230510393,0.766926721658052,0.955553318873085,0.971000587718987,0.859219378921497,0.798962126209236,0.731557553609622,0.525277500921866,0.339954504333806,0.214966161709976,0.0409430571633701,0.222236072802048,0.189315344859764,0.164592937593498,0.130084905709696,0.109589313099551,0.0716264206125398,0.0422261375908886,0.0133453988301678,38671.8706655208
"513",-0.204092814559083,-0.182005710598865,-0.214579164119803,-0.0622299325521025,0.0282981649295931,0.046928727460895,0.03579797663835,0.0118109073280105,0.29241173882838,0.223642744199452,0.199466608334793,0.26395063578758,0.464132994130196,0.630930191581789,0.764526633094769,0.957231731453231,0.710499035004853,0.782273918834299,0.810950494466566,0.713459528314538,0.497133554575804,0.339803093871513,0.218897927082417,0.0393273516105361,0.217381558817982,0.187130149213763,0.160109247532311,0.133868819819085,0.112461182913709,0.0714459063370316,0.0405262479277047,0.0130304371922429,38666.6124341863
"514",-0.22319425138719,-0.160386623189847,-0.20610043124221,-0.0881930124870143,0.0305494266391874,0.0306245942296805,0.0326687811151839,0.00976938972561043,0.125775409875473,0.235442249612991,0.24463754060501,0.244648846212855,0.437383892996529,0.65047298716375,0.768021975709069,0.959052789158669,0.885026895921391,0.765423669926673,0.765643980983874,0.744022493198646,0.524432553984097,0.324743940555837,0.21639071363385,0.0383417172336115,0.222863342133362,0.190334448967218,0.163144618592579,0.131652025407411,0.112711792985822,0.0716748747893241,0.043207019583305,0.0132034793213947,38670.1323341019
"515",-0.25873310313079,-0.16666396580673,-0.236258259079369,-0.0829328622179837,0.0268128221880325,0.0281090145013284,0.0321991831527456,0.0102268493199464,0.736427306016318,0.29348005467141,0.269830721344324,0.198182891683057,0.437253008517065,0.649841708047631,0.776417520138905,0.957845502868213,0.283969307875387,0.707504780017897,0.749607211328443,0.786159216215247,0.525519823861677,0.326450958759407,0.207645911536063,0.039416875731139,0.218390720763472,0.189456532731859,0.161852653977243,0.134994359397175,0.111654811520613,0.0719145728387889,0.0410574938021346,0.0130449080126981,38671.8841063164
"516",-0.244400624084936,-0.168676406680788,-0.199222590679441,-0.0710562737715259,0.0174644942632743,0.0343114925952498,0.0291132952645194,0.00899417448178264,0.396801939754772,0.190039423100733,0.279862124274027,0.200207001734811,0.461844722489048,0.64701343342943,0.770692521914539,0.95815324887015,0.620251907472105,0.814639213100974,0.725272045925003,0.781357783007134,0.503792057461426,0.326898344938817,0.214770702577324,0.0394481137809545,0.213294912451023,0.190093574546632,0.164176235413066,0.131082003503369,0.110490805735679,0.0715541821922123,0.0408787175229085,0.0130588717324485,38669.5844788539
"517",-0.24227742929607,-0.15650873147177,-0.245350109018354,-0.0975119596376889,0.0286765672513997,0.0334251132494673,0.0362530199672934,0.00916590400632606,0.221178715239074,0.310648963952505,0.205494966034444,0.252048478177809,0.438131679642518,0.647575805142666,0.766321878508933,0.959460709956609,0.793110502475527,0.684442876077182,0.817105961559616,0.73848930358531,0.522879558798098,0.327045695752339,0.216895196282389,0.0377806799715068,0.213566797046149,0.18721772666147,0.162567961719248,0.130357532713131,0.111032247952121,0.0701687351908543,0.041751213094197,0.0131067800887486,38667.1620996823
"518",-0.253780946712659,-0.176450082014202,-0.239581271815394,-0.0810945758560861,0.0158076683568486,0.058940512837814,0.0317411459899306,0.0116047812285173,0.340802780202113,0.185757616530592,0.257178662166837,0.265664688024558,0.45168108746318,0.62014315658211,0.771755941510799,0.954917743802662,0.680735520609895,0.818079436847836,0.762429555045637,0.717611568433765,0.514600694493044,0.345877966585086,0.213107796730128,0.0419656862779959,0.2240953400535,0.188877633791079,0.160297060175479,0.13199856532589,0.109542996135403,0.0706231897218755,0.0414246136301,0.0129815546418301,38661.4504051155
"519",-0.217090462780423,-0.15398756022739,-0.219063456045527,-0.102641732132625,-0.00320766782025849,0.0295342386185859,0.0350112955373673,0.0123916072527802,0.561131827177672,0.165668637357774,0.267599854915566,0.218005411872148,0.481720295133063,0.645217423671742,0.763579954085329,0.956124322720908,0.446887395220822,0.832886072475453,0.746915639803744,0.774179630582017,0.490593842017463,0.32913913610468,0.21970971114349,0.0404592474278424,0.216131315994855,0.191018308277823,0.158969768670049,0.135602374703585,0.109730098210966,0.0710294249604752,0.0408918621825716,0.0129969589897294,38668.2956454854
"520",-0.193373151771995,-0.170984285314833,-0.228887535749422,-0.0946238082191774,0.00873765127189701,0.028039680810932,0.0371166457395901,0.0100818425930132,0.00266042986257197,0.218178252431387,0.248261210928514,0.297401432061354,0.47103842160407,0.648674943779971,0.769391773797929,0.956284982283889,0.998368198972634,0.787895482106713,0.769070759929266,0.691198140390348,0.497155564234286,0.326875496148787,0.212968162724342,0.0412671992051162,0.221689211327448,0.187583134468788,0.162915660590233,0.132006908046954,0.111839201550776,0.0713758485298854,0.0411624677292514,0.0130103567894342,38669.1328323285
"521",-0.241376597922118,-0.190192868220272,-0.197599360613234,-0.0658226039450934,0.0128128307382422,0.0258728793497699,0.0359635267255553,0.0140156068462053,0.932482391638304,0.278393507823829,0.280172237883133,0.215639467314826,0.453972729463835,0.657456762340729,0.771914128015933,0.956325356072283,0.083215156516791,0.727131505532961,0.72581543217022,0.765876408563929,0.512806574204023,0.318516883428703,0.211030980306953,0.0396009804889005,0.213794543821921,0.188174464392784,0.160360376750352,0.129532622818079,0.11171325871135,0.0716861820882921,0.0413748731779612,0.012982428829169,38668.194962804
"522",-0.232455804198154,-0.203900725839963,-0.211649644872091,-0.101986731856469,0.0216495423217235,0.0402426375406744,0.0350663155037415,0.012458142218282,-0.142633495167215,0.334683171947107,0.222835930123731,0.234175618214429,0.436180558230282,0.642491538812608,0.768212316979127,0.95651922969222,1.15264546508683,0.677775566984845,0.787919034398934,0.759087561101117,0.526187727820005,0.329389038885503,0.214980410763841,0.0401267761291346,0.223133503112729,0.185524170904676,0.163197785984996,0.131257507175926,0.110552398977364,0.0710352852949714,0.0410968064082631,0.0130924053218987,38667.2529138445
"523",-0.236129930852429,-0.146985898094768,-0.234229184821625,-0.0764637688076534,0.0307879210479004,0.0199459993112355,0.0319269121668646,0.0105623956690556,-0.114634822089409,0.235893980563282,0.207313996656629,0.225544707797861,0.431906198120339,0.65262001902377,0.765247245522267,0.958035255010025,1.1278360173221,0.75869825796222,0.81142491105619,0.758364112118969,0.530232049372552,0.325999827407332,0.219083780584715,0.0390325340701515,0.216538682774005,0.18666243845583,0.163595329323404,0.130006635818513,0.112884671880356,0.0690716391325592,0.0421779789622592,0.0127989616845643,38671.4002414784
"524",-0.22163017411666,-0.128410115948084,-0.254621564466074,-0.0835823825326855,0.00210006715236965,0.0297632763454069,0.0384905800494282,0.00913040404290931,-0.173327766563634,0.201854948479538,0.268391168682258,0.219250532080551,0.469031665734454,0.657590344425106,0.758617804308936,0.959180559938887,1.18176685420445,0.784967815640169,0.755740487757921,0.766599321926898,0.500310461996937,0.316824112265536,0.224036037421094,0.0384382282010748,0.221385139967235,0.18458420378274,0.164074551460187,0.135140512560775,0.112762997994439,0.0710767899736907,0.0424771089274531,0.0132755977430676,38666.1555201404
"525",-0.190037755950913,-0.17336031287008,-0.241098494745987,-0.0608203354440583,0.012430608219131,0.0325312746439297,0.0299433247637672,0.00976450769515563,0.336096799106151,0.250291087921401,0.272867529290078,0.165021653743409,0.461801989089067,0.649529979335612,0.773396162805462,0.957916219638403,0.663773965007783,0.75232611724591,0.747619859259638,0.813630415526707,0.505004445157676,0.324888039167784,0.211759959258956,0.0395088268058294,0.218854776181742,0.188481461802057,0.163862319496962,0.127892429575218,0.110959369569374,0.0707373895088236,0.0403359305658006,0.013247674134227,38669.1786665396
"526",-0.198053600519224,-0.149774187012717,-0.232700615450585,-0.0862133764940993,0.0381844931920479,0.0390752205014995,0.0357812686641531,0.0129568671367838,0.644071406253409,0.214653404964644,0.178780884991194,0.232902243454462,0.396656327068461,0.659956138649806,0.774868921226472,0.955564739441647,0.35726381067382,0.781195578307943,0.837801883888264,0.752681957934088,0.562704017020587,0.311542117166717,0.208082502740714,0.0407950216468646,0.217924135545485,0.191584880637951,0.162706183177697,0.134162236621396,0.109923616835391,0.0711593733438314,0.0409238198105426,0.0127886727868487,38660.5073111035
"527",-0.256848951484318,-0.191348540427482,-0.212035203900087,-0.0723299630909162,0.0256017472634166,0.028245368206887,0.0380956282457578,0.0102892419146175,-0.079399431690742,0.205699822155263,0.259034161462633,0.201793844222149,0.458600816284362,0.646554201297899,0.761079650170461,0.957468661165224,1.10084531695685,0.803420420724494,0.753177250946079,0.781835156232596,0.504844470353541,0.329006687732139,0.221598675181723,0.0398471580536589,0.219771427783801,0.189260555849606,0.158760572989718,0.13096116954771,0.108899936850467,0.0695338057247079,0.0415962212722737,0.0129789833693548,38673.4497715787
"528",-0.223030031465579,-0.144398708891937,-0.206600612742498,-0.0758212776332095,0.0115264617371062,0.0282325528348394,0.0345257576293495,0.0105223402930482,0.968684643836108,0.214236981326551,0.278670459588544,0.283825855530062,0.483463694656707,0.647516604886212,0.770394653890483,0.957578325075706,0.0396095633149066,0.780645659511675,0.730940678431874,0.700348030718556,0.482048805830444,0.328189574101964,0.213188085660338,0.0396624491934947,0.220612611480392,0.190588265660606,0.161053416303527,0.128714257098904,0.111222684103859,0.0684187304631799,0.042263486033934,0.0129844787677734,38668.9331053638
"529",-0.279436923071675,-0.146175315427877,-0.247224420893723,-0.0666181826928605,0.0333753414431473,0.0337302124360874,0.030535257184134,0.0124210194417912,1.16282963457198,0.263222173745504,0.233014914270308,0.215620029521033,0.46533405703825,0.650568345760208,0.772516082411327,0.955611789542244,-0.134547711327386,0.73066641910916,0.790498842902601,0.765596088572315,0.494142685327001,0.323388550261158,0.211833887862971,0.0411379801034876,0.222576090981162,0.189302408643278,0.16198663098803,0.132853988753123,0.112634798748247,0.0700452306290966,0.0419648919837615,0.0131242171066487,38672.3531369216
"530",-0.252375970826118,-0.15926224486155,-0.23979532797985,-0.0726496918622657,0.011188448427527,0.0316836707676551,0.0336816321598539,0.0110539049337649,0.609963341663691,0.254943261498019,0.321143818983607,0.217232004494515,0.460208068680336,0.646791569697388,0.766064559278261,0.956714312753139,0.409144346462497,0.744802433155591,0.698720234518094,0.765778770994112,0.505883239822842,0.327579326605052,0.21806547694702,0.0403404019001315,0.223683788659978,0.187637917243497,0.16209312453219,0.129476025415098,0.110879031443174,0.0710226503390858,0.0420857992143321,0.0131620785841807,38676.5710023129
"531",-0.248898947460449,-0.165266165663176,-0.214151696053759,-0.0788799378844545,0.0235546363886938,0.0249739770620433,0.0312912979921356,0.0126790919914956,-0.36751738055266,0.190991603397186,0.312249175036028,0.213046385268005,0.45305560643075,0.65628060969313,0.771172721109714,0.956441185122268,1.38906079892778,0.809723420325977,0.701009977349465,0.771791226006628,0.510043487510055,0.319732389919349,0.213036621770939,0.0398749441715896,0.215544868489878,0.187356298236488,0.159850765349167,0.130085639478538,0.109134442785637,0.0708330552835303,0.0402965276751036,0.0130641601037863,38670.7975976196
"532",-0.218761506981043,-0.150120733698773,-0.213612034802289,-0.0961551428229823,0.0252100470842099,0.0404024062169684,0.0343580025977783,0.0116042370521723,0.131279546807239,0.21721893708749,0.152094415635993,0.243582978240734,0.456994423012412,0.647870548033377,0.760844151102364,0.955980815612071,0.874041199079525,0.778339649591086,0.860170447274976,0.745904525500308,0.50535013533949,0.322892798929712,0.223002997839659,0.0408182409935636,0.21847371586301,0.188763964405603,0.164651722807819,0.134692184282946,0.111966777435061,0.0704949272604426,0.0430306920826811,0.0132864613851918,38667.4661847731
"533",-0.249126816845326,-0.154870453748794,-0.220409361054807,-0.093895021242574,0.0393428458961927,0.0357556699589301,0.0472598491243262,0.0119504995083428,-0.413404237223453,0.313614431295605,0.293848689795689,0.186086359825649,0.44712320707459,0.649840281230194,0.756870260488466,0.955348674622461,1.42940496976677,0.684870099519326,0.720325906749846,0.805142574783634,0.510328238248727,0.323170390074981,0.222859808039871,0.0413372664504364,0.224057112252368,0.18758307670177,0.160028628666921,0.130830325910652,0.109184890345018,0.0694076832809623,0.0422922861084714,0.0129544041494226,38663.5698963212
"534",-0.248947594887826,-0.186031289404516,-0.213962493236217,-0.0568115267744809,0.0192815716103125,0.0346809937115375,0.0344881409798357,0.0114423821394468,0.121655211870505,0.291932609270848,0.240752720511835,0.2401655572238,0.465556872447939,0.651255357722114,0.767441377667002,0.956986852205446,0.897892732250482,0.71601135003481,0.772426866225524,0.737969063348421,0.49849542982149,0.32208554929851,0.215984052139228,0.0396931471647355,0.225394539752569,0.1910217845505,0.160945469480644,0.13068478445428,0.109731872695405,0.0717305270630119,0.0410871200576986,0.0132402589307395,38671.2394333911
"535",-0.261809712488777,-0.170071610689206,-0.231115462334298,-0.119724542577357,7.21909378131876e-05,0.0283910343185239,0.0367957110913805,0.0112834943473272,0.828936584014304,0.301185330023472,0.235530414114763,0.212661387149362,0.468501138455953,0.644118469061592,0.769945532109599,0.95744408327504,0.195956584510671,0.701056764695907,0.780553946588663,0.785769557730262,0.50103732730158,0.332291594196837,0.212433899715379,0.0393299709670109,0.218380321090589,0.191100064110689,0.162597797805351,0.132020406781357,0.110705076847071,0.0698029212236578,0.0411155871851907,0.0130870872866131,38667.9828373293
"536",-0.253788105275412,-0.168783749319766,-0.220734378834676,-0.104593895544685,0.01979072841311,0.0311031643580387,0.0461605712179634,0.00960732343076678,0.504694336039218,0.210346371120126,0.29646436091153,0.254917978649715,0.463208110219935,0.651631612823311,0.754775700028409,0.958042705141865,0.513452414684174,0.792288036314714,0.71746722342327,0.737932845146612,0.500859486696721,0.323093640644289,0.225093261057233,0.0395311329482387,0.220182594149016,0.189395806226479,0.165462799654644,0.134506428453536,0.110000093012408,0.0696130398869551,0.0410104331721633,0.0132190065287383,38669.9206239223
"537",-0.228488504353364,-0.150902778588928,-0.228178871969431,-0.0853554013023194,-0.00262352323058746,0.0372152289314477,0.0294615077441792,0.0114265252252791,-0.220584960455443,0.0702984103962008,0.212946439718571,0.17558956456138,0.457314941040689,0.633112438697134,0.770610542796465,0.956362964630924,1.23014710837779,0.925243378677886,0.802583255404781,0.811782452080658,0.514494949669515,0.340256597003582,0.214448281131754,0.0407658250083936,0.21425320026563,0.186814444631606,0.16352663794511,0.132371409629936,0.10895096457153,0.0709828854565274,0.0412527453916354,0.0129101772010349,38663.8862601304
"538",-0.226114160161954,-0.16745907271126,-0.213555314375432,-0.0827391948813512,0.0253942927695682,0.0248312802336596,0.0383497079435421,0.00942226694758953,-0.413756397013218,0.310397337568001,0.210605198904064,0.198540952038861,0.449708594656219,0.663266517618951,0.762429360516958,0.958861971468801,1.4270006339614,0.690640078188579,0.800674082285439,0.786972000591244,0.513211858611898,0.312766254745255,0.2196607211994,0.0386820396028474,0.216034891126029,0.187671889453246,0.157424840868227,0.130331324192939,0.112247032992389,0.0712441866343721,0.0412270229277591,0.0133659347313903,38671.4669700524
"539",-0.263101648408232,-0.130550420610523,-0.230935547863551,-0.0964984463034985,0.0232599785447088,0.0351679973461495,0.0395564133126651,0.0116035026039816,1.05245784792085,0.206280456760196,0.319352702927261,0.257074576181735,0.454064591629826,0.65383085587937,0.761799201293369,0.955513605474335,-0.0288242597913349,0.783168997201224,0.697400479474439,0.73283483941859,0.507665054987795,0.31890356364951,0.220391087820035,0.0415186994447859,0.216950619811299,0.18924161733986,0.162149491638964,0.131701328805182,0.113135594986032,0.072762926989655,0.0413248704536004,0.0129062151863909,38672.0314994006
"540",-0.244993041339712,-0.176662159237786,-0.238324809516202,-0.104684418138696,0.0233285573104463,0.0349566940378255,0.0415948151225859,0.0115006652022516,0.314572966271452,0.230425989555461,0.230601913145738,0.237650628429221,0.459557098796514,0.651138680995351,0.76617516491064,0.955517393944947,0.701782657910596,0.773977852989194,0.789409754878631,0.755713773512154,0.50309475331652,0.322747369698052,0.214861370471941,0.0415822281849377,0.221290978284059,0.190506474254432,0.163544497985814,0.134088423548978,0.113942003427362,0.0718346505599966,0.0413853886842126,0.0131080993371009,38673.1818503568
"541",-0.278448293482295,-0.135756365772444,-0.187219257543942,-0.097585649067979,0.0125629081616682,0.0327599814523182,0.0377217593332867,0.0120886501361663,0.62275793510371,0.109510798304312,0.147644865858627,0.222257654733561,0.463680199456752,0.640754424043883,0.759970167037287,0.957309379525105,0.407964244522997,0.882249030918655,0.85458949872747,0.768448665320057,0.501555747646032,0.333499462298759,0.222996715858809,0.0395731243102155,0.219931095025576,0.184878719485487,0.164958713330339,0.13404864225157,0.112242300174104,0.0701149012454767,0.0414200122687124,0.0132444139343955,38662.1619452814
"542",-0.257591173917763,-0.177246476449162,-0.231983049734444,-0.0985571319072057,0.0195379621911194,0.0336887438915747,0.0414727142232222,0.00930909340683164,1.22246289726788,0.267529807065512,0.178315031780093,0.225146582009266,0.460665973028232,0.654249534920069,0.762057695476397,0.957908689121752,-0.199015902242661,0.73835371750636,0.838560011958663,0.767255187828548,0.50263478072133,0.319082379216221,0.219349133927227,0.0396073163390912,0.218479015582352,0.186868834005521,0.164741163182942,0.133458780830574,0.115314670954797,0.0699423334896503,0.0421731644650733,0.0130477034106541,38668.5705080598
"543",-0.216703919570444,-0.167162643090526,-0.266989616558531,-0.0867794017882029,0.0138964283598229,0.0334631609097427,0.0348633711121185,0.0124724894347835,0.749274960928202,0.179566305994715,0.308947468855096,0.219333721928927,0.502605851416148,0.647311131465911,0.767844743495455,0.956702405619491,0.26121701641585,0.820391734670202,0.722412927877866,0.767600287546253,0.463024712799994,0.327034113202376,0.215840263873594,0.0399430310414189,0.221827217111203,0.186573665878115,0.156785936391503,0.132061049523401,0.109559530063657,0.0698116977109578,0.0417751540986005,0.0128872447685132,38662.1473438279
"544",-0.24947626484869,-0.164601925836344,-0.196475065281834,-0.0650644279564813,0.0221780792182337,0.0370304710166528,0.0357737054546221,0.0113015064420284,-0.649306417062182,0.165599613558952,0.22215220964033,0.204625928237134,0.466762567693364,0.645146068315491,0.770486455210423,0.957694967277694,1.66939998052429,0.833717323591369,0.782397269461264,0.775803254192658,0.496811143774675,0.327339178704356,0.212042601372753,0.0392907373069383,0.21906853755272,0.191193218373422,0.159721507494342,0.132162743869055,0.110511396322159,0.0722203865156053,0.0410693027188323,0.0134181119418758,38671.7401094981
"545",-0.234473518474685,-0.150368796963456,-0.265314924912417,-0.0809194028966473,0.0274096123428356,0.0300375449184457,0.0323812291290653,0.0123939121036281,-0.345899447295589,0.175673840485558,0.309008583159323,0.23399043262812,0.444995767299872,0.652602238569295,0.770700929613488,0.955509098068463,1.36099473003313,0.821473007054895,0.72166579144798,0.751293791154015,0.517364129432798,0.322221716305038,0.213406055064534,0.0410040310518454,0.216943596960719,0.187765283169367,0.162599209467812,0.131264174149379,0.112676471236312,0.0715113043817871,0.0412384644861867,0.0132204602249765,38673.10767539
"546",-0.261507671031098,-0.144476046749532,-0.25554470066283,-0.0854336452453025,0.031043017821697,0.0298763723765876,0.0345644003485908,0.012164161903523,-0.436264931623409,0.217491440930538,0.249638092749863,0.234874163542209,0.45530405264916,0.651599961752985,0.768705659095307,0.957044911021133,1.45469393226104,0.776330799631062,0.774762227667263,0.750911312480136,0.504833636680954,0.324164947224264,0.214467513736572,0.0394364476181337,0.215789524451037,0.186730648027809,0.161640448910235,0.130426784209477,0.112804315361093,0.0700615562055367,0.0421820986385325,0.0131798771824564,38670.6110080297
"547",-0.219954284814118,-0.160051795798742,-0.227101302947621,-0.0899819727893544,0.0128591365811375,0.0317678727131696,0.0466628223826329,0.0114420169523573,0.676720383704175,0.17462386712002,0.285556414614615,0.230763510718738,0.479752700523102,0.648676402443757,0.761276347374579,0.956170305523615,0.331901461183779,0.826411764109654,0.730152773326792,0.758268653314128,0.486333674806942,0.325681752513622,0.218325443080103,0.0408074130431267,0.217007961415507,0.189116536180211,0.163745138644789,0.128882847174973,0.111785129102031,0.0722065851625608,0.0416438099644084,0.012804622367387,38673.3045121727
"548",-0.228096537428076,-0.1265417719662,-0.237153391199792,-0.0997046911681099,0.0236661847580409,0.0252490889013294,0.0399120499311397,0.00872636078888936,0.140466001386861,0.167890077281539,0.299572305756484,0.218620044852662,0.467984552927035,0.645583731404674,0.766971993451562,0.958655249329232,0.869746284504063,0.820276819747778,0.720521975262765,0.77303342742188,0.492835689152437,0.331506447087159,0.214406110260617,0.0389177975687033,0.220225034604399,0.187937149424213,0.159947507482169,0.13310843099144,0.111244344066804,0.0704307933790609,0.0410879007288956,0.0129159862249196,38669.6619454041
"549",-0.273940193940267,-0.122779859307777,-0.198125803022975,-0.0807709340380659,0.0429923266130255,0.0389444150669588,0.0384645053156029,0.0124641226592655,0.0206493531464353,0.18383903612422,0.199776839813223,0.221827422114422,0.43766702454497,0.637907729434454,0.766045314356659,0.955339997938925,1.00589702185278,0.801292663607104,0.805949066498675,0.763632826584105,0.518961603798365,0.334264379834491,0.216212849121483,0.0414227594959319,0.214751242866258,0.190873622704931,0.161901703513121,0.129918102542933,0.111186698455325,0.0709062002480329,0.041588560968123,0.0129998893418404,38672.230174812
"550",-0.261771391159302,-0.1794078715043,-0.209381127710307,-0.0827142274698685,0.0114391431646171,0.0353009785412642,0.032319877464916,0.0103162544619968,0.305707690503428,0.218114006324384,0.204113270746059,0.225237191081545,0.473595804484328,0.64179149804113,0.773416002556169,0.956520014478128,0.718189465538557,0.788346708060111,0.806934506516705,0.758561328734833,0.491789195147367,0.330640129235577,0.210314684340496,0.0408455156699427,0.220398900462989,0.188883977322735,0.161356941486258,0.131441044514458,0.111431846889152,0.0699355030209896,0.0416751054810051,0.0132047173335968,38671.9367369816
"551",-0.230689257880241,-0.156266551627848,-0.208666949357512,-0.0889656695563838,0.0123006385019676,0.0424136612282903,0.0297158113797434,0.0112720553418491,-0.78623136562365,0.134671628454507,0.220723507385447,0.227361066464754,0.477293777690491,0.646037904180766,0.773832537181517,0.957966776940967,1.79822613476781,0.863447234231407,0.787773015617327,0.762657591707163,0.488993821095301,0.32493313562177,0.210714561834889,0.0386667722016742,0.218774659321486,0.188456128703663,0.161421128018366,0.135397485645953,0.112525521219326,0.0730747325324862,0.0420839645346927,0.013145096136625,38665.7220195299
"552",-0.22703616016988,-0.156458288392356,-0.232119448661002,-0.0730921380045704,0.0205149308986767,0.0211526196754631,0.0315389857036317,0.0108893955894194,0.358267347862415,0.124085523897984,0.24821774999099,0.226643211934706,0.457514933555553,0.66191074990654,0.765174646375469,0.958614893349943,0.651836628891218,0.874195122329715,0.769841030526726,0.756746627283155,0.5057786291759,0.315609075892297,0.219325231914489,0.0383091440495292,0.216177569927099,0.188193326504645,0.163324281331947,0.131663626533679,0.108506285231656,0.0695194038426996,0.0420340733127629,0.0132432665606394,38673.9370482133
"553",-0.247677930178402,-0.159834970714068,-0.222072607331644,-0.0742844007157191,0.0335382228789056,0.0329512455771818,0.0354607099180715,0.0111082863025131,0.273540812943931,0.192539133437244,0.230890128873293,0.229285172383522,0.448498788637152,0.638428962493178,0.765611411619135,0.958302180627223,0.745593299295355,0.806219377339565,0.783779376885844,0.752701393584711,0.511016635416478,0.335856440787898,0.217860362885483,0.0385613152044404,0.214783485743762,0.188797561645234,0.161075832690226,0.132402714047318,0.114652347642737,0.0711366297231167,0.0419321647893116,0.0129328012457514,38676.6771938066
"554",-0.209034275242027,-0.140068672524921,-0.23136416886701,-0.0982895615834609,0.0273593679389224,0.0344669773221876,0.0373312922620001,0.00986516094603221,0.0765236598598682,0.296918286658224,0.361887274605651,0.235586721553796,0.434492134534139,0.643499642182115,0.77118937653445,0.956607357373053,0.928716024379045,0.696248238930265,0.657270997138461,0.755044741928028,0.52863345827398,0.329627172984023,0.211232407840759,0.0406289913052519,0.21602618508803,0.191527325878996,0.161493685412198,0.131436840931865,0.110067946046155,0.0703873425446467,0.0412700250391383,0.0132009785236646,38666.4063557071
"555",-0.224532946803108,-0.149835153262785,-0.237061710553652,-0.0916867024758926,-0.000106113270528582,0.0362700403727401,0.0359622691958786,0.00991626671519006,-0.156341095324803,0.164806644007479,0.206889913008826,0.174540883050925,0.495876794544462,0.637584628594839,0.763049258494762,0.958123134617048,1.16433141943982,0.832174694122687,0.81054959482549,0.814844477518685,0.473231431254193,0.335758797862003,0.219902526578668,0.039295883336149,0.220499049529411,0.188207919349567,0.165194590789978,0.135089765091325,0.111253521634284,0.0718823466132505,0.0418545777370127,0.0130230336298423,38666.2824397248
"556",-0.259303427994624,-0.146194161390149,-0.234919419398588,-0.100287714178072,0.0136656057718523,0.0443696887820348,0.0328311665979517,0.0120895515594131,0.25328293802664,0.238308168454016,0.235899676344686,0.262864397610812,0.447681419863994,0.639860479228812,0.775024632150149,0.954761013321357,0.76828288844538,0.755146188235981,0.783300455111747,0.728144510374817,0.520008611303109,0.33024359096802,0.208596168624793,0.0421497016468588,0.214476520716911,0.190352751410393,0.16115699047505,0.133643775650063,0.112506395749853,0.0714183330004478,0.0415638789228408,0.0131273090853821,38671.2165610835
"557",-0.229351324579866,-0.163079528130436,-0.215637147943542,-0.0549812554854152,0.0165019760767413,0.0282948023886332,0.0365731683054609,0.0107942639862821,0.450491942635125,0.336113491751451,0.242131754173249,0.203844230056253,0.442315750570049,0.670332981748866,0.774553500116218,0.956721568687114,0.561253775532742,0.663533625058013,0.770473053972644,0.772011519204599,0.524576222268357,0.304442193373527,0.20804951291055,0.040543322864488,0.215073862448657,0.187415214961307,0.162644755945646,0.13112035804318,0.108507932425668,0.071124410372272,0.0399931421439193,0.0128533067287173,38662.7661597277
"558",-0.248871705591683,-0.178713583918912,-0.20377979317484,-0.0760494332926424,0.0268064023223327,0.0298964247574287,0.034215727595106,0.0122361481714877,0.913954989812994,0.168944823917548,0.19437427225478,0.198159667953601,0.453937764856455,0.641993902257376,0.759488323295231,0.956162012454128,0.105292639494196,0.835998030847639,0.813853152625913,0.787181420471194,0.506484959421586,0.33314029027836,0.225087645414608,0.0404120790443008,0.220355032478794,0.190047970144474,0.16015179446754,0.133402111441168,0.111218838781452,0.0706813267392557,0.0414244536720462,0.0131988924367499,38670.7186237385
"559",-0.262463459107376,-0.163040962153791,-0.200956606876507,-0.0639112517788114,0.0181762971591399,0.0318789713991603,0.0390305919519211,0.0115305271875262,0.148708170055446,0.176106914134759,0.219152833329072,0.223433528564439,0.460348878881499,0.645325959260639,0.765547714658598,0.956788859907794,0.874225901521347,0.82228145742242,0.790052369258368,0.755360907686901,0.504611370462507,0.329237806186895,0.216461273201862,0.0400636325594492,0.208098513415159,0.184135365807225,0.162059092830238,0.132680967122041,0.11171232626712,0.0720033282850915,0.0416079825089379,0.0132098799803563,38670.1814393768
"560",-0.264132041749092,-0.175557565356282,-0.207720604530517,-0.0778798443962316,0.0354479162417168,0.0387103142681535,0.0398789027198969,0.0130048430793079,0.470757072826492,0.271094620281036,0.225967747048489,0.202225408161493,0.428260409699805,0.647203418835379,0.771987435833179,0.956752672281726,0.554947188183661,0.729670396915515,0.783594562432218,0.780422403287728,0.530843074888319,0.324796456006401,0.209205390716411,0.03960286631703,0.2141928983853,0.189524456359134,0.163034664272947,0.13030605431529,0.114125254056817,0.0718893719715513,0.0409766450642378,0.0128821133466895,38665.2388493584
"561",-0.195604241265962,-0.192142623603769,-0.207759908079591,-0.0829128103511965,0.0429700445043734,0.0202336063396003,0.0390064398637418,0.0115834714359973,-0.465951605220721,0.290252785967313,0.236986080662739,0.181943685911702,0.45777964346019,0.656454306875574,0.761821415269106,0.956355376809594,1.46780701383715,0.719909716292719,0.772939494143414,0.803981314368649,0.498129059310003,0.321826407105894,0.220742081980719,0.0405292166960182,0.217210271865737,0.189688417398793,0.161084512217964,0.132398063762221,0.110586402485411,0.0711882758206387,0.0424283007867866,0.0130022405955993,38670.4019340814
"562",-0.223741450554379,-0.14552982614555,-0.203517557000977,-0.0533120910229975,0.0479532902862253,0.0368964117212465,0.0417940555966002,0.0110928379491247,-0.345808855155514,0.156215624299439,0.244603289323453,0.189362287306431,0.422676905182908,0.647269591909558,0.756570053807438,0.956686198882866,1.3554651272826,0.837790224999372,0.762863396542303,0.787027657156721,0.532713068398976,0.326191932870413,0.224810251361387,0.0403040402966686,0.219190237470596,0.194514086952466,0.16074591043806,0.132769140519981,0.11569688951646,0.07067044308229,0.0415420555256606,0.0131476052854193,38665.6310103772
"563",-0.251005517614266,-0.165531493907124,-0.242879098130139,-0.064839889828825,0.0108710993824721,0.0225082838100713,0.0305592414792047,0.00927652167347347,0.912484065366405,0.233500199873064,0.261033964176858,0.204484253541219,0.474800392845066,0.654902013000396,0.772568400855776,0.959181769067332,0.106175817552519,0.7634076175822,0.761353424484478,0.775280187757387,0.489871110955728,0.322507988547492,0.211504924188656,0.0383629554324461,0.218031269477234,0.186662342053243,0.161868311791754,0.130171186559696,0.110387337689746,0.0711069618001437,0.0423875273803063,0.0132571002235874,38665.7490132809
"564",-0.258762649896862,-0.16429115487895,-0.190819372374101,-0.0777953608928016,0.0336299259603278,0.0301002145675652,0.0372971192799228,0.0102817586882479,-0.213569313916187,0.177217552417289,0.285134770220679,0.256040990402937,0.438871737003206,0.651182514705788,0.768577657227693,0.958777095760978,1.2330312298111,0.822785095626204,0.719937021430783,0.728310575277168,0.521004682342328,0.323440888686462,0.213862061745436,0.0383937635644052,0.221257420924373,0.192037524645862,0.165158824504398,0.133270566857208,0.110255740273268,0.0705338485059553,0.0418600069289221,0.0131070777448285,38672.7156666655
"565",-0.237358616134813,-0.185521040452175,-0.221742475958168,-0.0726610108872636,0.0625480926702093,0.0266663628322614,0.036016070596483,0.0134779104449256,0.322870830940592,0.232311228305085,0.289271191136643,0.215405617487958,0.417942044455938,0.647476752609265,0.762797333578877,0.954808428185795,0.689143901001535,0.774137032023975,0.724599719551377,0.768380759312089,0.533543260289013,0.328516042237847,0.220485059818075,0.0413750435036671,0.221628114937538,0.18687215605811,0.161814824101029,0.129659567395266,0.110634608243949,0.0700890347802886,0.0413441921664969,0.0128635118389818,38665.4502418378
"566",-0.261849814026934,-0.140458003728795,-0.245382230014552,-0.10574891525438,0.0246495764902087,0.0348853558473153,0.0386057023049522,0.0111915605961135,0.687444327797814,0.114305814743215,0.331787426249956,0.248181976560701,0.4857339127666,0.646763611243005,0.767481613577177,0.95682029434658,0.338201198956451,0.876978534934223,0.690855181889433,0.744251361549948,0.47605981347799,0.327382398599134,0.214866288883332,0.0400583755158294,0.222213322291436,0.190529462158085,0.161487584622513,0.130534210291816,0.11199696891607,0.0711956649932765,0.0420367758140654,0.0132519452018514,38668.0666041811
"567",-0.267132506164459,-0.161754576212738,-0.223197610550822,-0.0717440363804133,0.00796584355088572,0.0259934524229334,0.0284109694994793,0.0132189172411537,1.36768194385885,0.166108979528767,0.215531463474119,0.225802249629007,0.456291631126772,0.659722390913987,0.76673769233037,0.954943690572047,-0.345418407763124,0.833657997043124,0.801439875428774,0.757108687181084,0.51108142215734,0.316680175016927,0.218918458182168,0.0414629417993136,0.220436570468776,0.190413309346809,0.163494584855457,0.1340780601287,0.114300602551621,0.072120154977389,0.0417073591925056,0.0129943414613988,38665.733051728
"568",-0.30564321556707,-0.161143732253384,-0.194800691090735,-0.0957709160615058,0.0368220659225064,0.0228407811422883,0.0314526999809007,0.0132601386820275,1.05530498963518,0.214211043508589,0.222614996265324,0.253686960903951,0.435668324960432,0.657400663203035,0.773341212046854,0.957262265713123,-0.0193197508535944,0.784689982178979,0.781327270782526,0.735685941301729,0.522011439277124,0.319490887522625,0.210717180372051,0.0387591553758871,0.222762945741176,0.190742461819946,0.162730710714091,0.132874388516989,0.110994625729791,0.0716224349876591,0.0413466351176007,0.0130387768677136,38665.8131250473
"569",-0.260587059154445,-0.17846256977311,-0.226354666395143,-0.0625709545042017,0.0272739479583552,0.0372352036464577,0.0337598791436054,0.0116641842404604,-0.234933283355337,0.203512063330848,0.220086139909847,0.221482710006866,0.474253033682217,0.646654468659621,0.766735466867057,0.956543283464089,1.25815386201998,0.801070605143239,0.797101600959871,0.75742609821988,0.486928325004242,0.325497567169841,0.21722320444069,0.0402012254548763,0.219362648462173,0.190122671513748,0.163600345983827,0.130202528937081,0.11137333426221,0.0697034300905433,0.0414744721353707,0.0132807597069803,38675.5213231395
"570",-0.214651128550266,-0.14541765437773,-0.231320047533889,-0.100425828774208,0.00168162471050946,0.0233345226561816,0.0307142474681818,0.00995338360308085,0.39808754751333,0.156533765472343,0.277209334572103,0.236419029261124,0.479172675164748,0.654819789869921,0.766645253974668,0.958496202251626,0.608485277221118,0.835786856477503,0.739836677222723,0.754957532704671,0.490325598864945,0.321752090453056,0.218332128497629,0.038788483711644,0.222708726615645,0.191748519243864,0.161512151814842,0.133110239354695,0.111975582080337,0.0719673086570084,0.0418391617738176,0.0132092694035583,38671.8452905042
"571",-0.25825257798995,-0.176093300718687,-0.223822755327753,-0.0999660855831393,0.0132932006730934,0.0256393497844352,0.0368008349847035,0.0113043678977452,0.399400548162209,0.209679668148198,0.225814591196607,0.216584862256541,0.477869489045441,0.648477855021144,0.764559008040837,0.959210333842997,0.624058088199109,0.793461632488121,0.789606154073027,0.774282161409474,0.486939076404895,0.328015894376237,0.218134023309528,0.0375588617741385,0.221337118057497,0.18492116338147,0.160351797560802,0.131475228556931,0.109211175994943,0.0691696265541653,0.0412128048770464,0.0129351132130169,38670.2664579699
"572",-0.225499448053262,-0.182958903224265,-0.211763572222956,-0.0574115095233435,0.00233903901060834,0.0367663202495987,0.0378164611866481,0.0103904083312809,0.558919861861643,0.145036761504243,0.201656558590067,0.191858838771526,0.489416834406647,0.655987129870712,0.764811349970715,0.957359303267029,0.452714086225772,0.860942910481431,0.809748004297739,0.786264819291467,0.480445817171949,0.316590401186164,0.21771019683012,0.0397962635224287,0.218717057558241,0.186721131604233,0.162883576439152,0.133346579433825,0.111444031643733,0.071946416945521,0.0414154882490149,0.0131614541401249,38673.1780058948
"573",-0.255517988001019,-0.130454443628007,-0.224209915637056,-0.0880928032022668,0.0344595099143072,0.0216781599850549,0.033750812533913,0.0109557884520531,-0.377632026756495,0.198257167311305,0.200909526702839,0.22302009471003,0.470542960435047,0.666571886190315,0.768053067125502,0.958642319901051,1.39784681179421,0.790640487098829,0.815210527879775,0.766168632066212,0.489730960736972,0.310769898191788,0.215886741253884,0.0381768519421964,0.219419533769951,0.186515666633416,0.165307045369124,0.129370755572276,0.112207931433172,0.0711389650225977,0.0420638556347495,0.0130955265774252,38669.1952715656
"574",-0.243231910786957,-0.16336320639209,-0.220139881974946,-0.088095121364136,0.0265675965834383,0.0318185238301485,0.0368044940626806,0.0119762981049467,-0.136760221334587,0.318363794163922,0.213676299734912,0.263796684120243,0.43974173455131,0.642962137842524,0.766128434437906,0.95801695516639,1.15101274110315,0.68178505288879,0.799070218095698,0.7242117286026,0.523873704433137,0.332693750431803,0.217083860627149,0.0385738205826317,0.216473133399365,0.189463092964616,0.158556687934167,0.131849851083768,0.109480243695678,0.0707070137411647,0.0422100956392628,0.0130117645119315,38669.7883457397
"575",-0.26712804563022,-0.176818642587004,-0.221101211606607,-0.0978084255490332,0.0222588612932676,0.0455553455600257,0.0427690364981357,0.0110418122387143,1.10894335132155,0.188576571149006,0.299032710222815,0.263261567437169,0.482554818815731,0.628516073775731,0.762665327011198,0.957421434090954,-0.0845002240558672,0.81489793034464,0.716169909943735,0.727134730437914,0.479467856687967,0.341905777439292,0.218475966699831,0.0394938320527626,0.222178178792627,0.189322572364268,0.160608074253293,0.131526911662911,0.110039974088374,0.0727644684325323,0.0408585395722055,0.0135444124512208,38665.9637818474
"576",-0.230449533867012,-0.140758950692279,-0.224971961208276,-0.109375300692996,0.028038931059233,0.0281429010839567,0.0410140747935534,0.0105847258148445,0.599227538452034,0.201457725885902,0.221348240854248,0.253004973729095,0.454720547483019,0.655583501563233,0.768689653110407,0.95798658385575,0.411341620277442,0.790126087887,0.793655830105308,0.740872806798532,0.505722227040287,0.31930581033948,0.212023029957949,0.0392704223561109,0.218662370639284,0.192505418073752,0.15774398881405,0.132504345722674,0.111405939288834,0.0710813737013022,0.0419502799780705,0.0130576335584615,38672.2729561164
"577",-0.222391137431465,-0.154567501334092,-0.213926806500631,-0.0951620058067833,0.035291790798597,0.0328159229022886,0.0315500306158358,0.0117949325450552,0.349609932689808,0.229833590442994,0.260356069660424,0.214645080436357,0.440135996474344,0.650164813186047,0.777192292356789,0.956525483694095,0.658948789963748,0.766614003584466,0.751746842925678,0.774984971145353,0.519559986632397,0.32463096910526,0.206181994075296,0.0402911249203925,0.217477673982118,0.193298419548999,0.163939493112491,0.133232918386576,0.108651920758454,0.0727262724816808,0.0432574379197703,0.0130949239586692,38666.6534342403
"578",-0.193998878610332,-0.117484130475072,-0.2029586612501,-0.0826502201512269,0.0105311947321733,0.0384690656106864,0.0399386025468545,0.0102073709772844,-0.13047935291137,0.265067440545722,0.190888729246719,0.180030564470456,0.462935946150332,0.648664042515016,0.769920565254282,0.956818131254513,1.13052983276522,0.721017425430118,0.817616055584635,0.807211491124291,0.504437310093694,0.323740949039255,0.211512928380951,0.0403897071719883,0.219579186283189,0.187209990754159,0.161052258383836,0.133725837125799,0.110281071077588,0.0703240295300894,0.0428352557059534,0.013068498077692,38667.4166017186
"579",-0.230611616130631,-0.171919296389906,-0.209209760548701,-0.0928961410422384,0.0130897783547343,0.027493585149108,0.0415443117313186,0.0095341846171041,-0.328785548241045,0.180946458576868,0.23176939776669,0.258860406531702,0.468042730482863,0.65481425052408,0.759208791633572,0.958601774667818,1.34123491406732,0.821285338439746,0.777317317491898,0.731487900540416,0.49759850488259,0.32090093769655,0.22170682558411,0.0386802663771799,0.217313481782072,0.183138845916973,0.157543862627818,0.130835703873225,0.111178127453444,0.0700793376163567,0.0420062928493035,0.0132729419895785,38668.4092204575
"580",-0.294358913172247,-0.13700514986924,-0.206006189795046,-0.0847812288279658,0.0205207431148306,0.0217061451105152,0.0399575109810372,0.0113263385902214,0.0230537282622778,0.241266610184109,0.262071582727402,0.159797165207005,0.481404645215085,0.660708407129004,0.769428859699757,0.956927240532858,1.01186781813086,0.750787858261274,0.749058158316886,0.827492353134886,0.483060822295615,0.316788466046826,0.211634284682303,0.0399545903137314,0.216593734940514,0.183618754790408,0.163112079306896,0.13420961013783,0.11155194907773,0.0711545209243146,0.0412065481138341,0.0131417707161979,38664.7918421225
"581",-0.240514904001106,-0.0967727670846042,-0.219436737499573,-0.0776953640103903,0.0261209476127265,0.0174627425519505,0.03527353550788,0.0120692610565545,-0.588641750968132,0.207617869506288,0.291385830539314,0.244588840416863,0.449427831204409,0.665536896572474,0.772539208274502,0.956433342950309,1.60341992554927,0.771552488619745,0.723049855530693,0.740966423496819,0.512720204676025,0.313792569535599,0.211207081938252,0.040192035364057,0.221469884485696,0.186139155279722,0.158093630798029,0.129122298596906,0.110966248614465,0.0722265085624108,0.0402211577569458,0.0129243959355423,38658.5623684106
"582",-0.231990718491144,-0.143015512101668,-0.206018734164071,-0.0792710427334907,0.0352107666195443,0.0198509079959941,0.0362930406290464,0.00955742685463178,-0.534156927670323,0.156817030081921,0.230790825482945,0.207237952357654,0.439727364343478,0.664471334995316,0.768696670565744,0.959668430487861,1.54764540204823,0.835436378736847,0.778530968901687,0.777841826363006,0.5191196694983,0.31326918122525,0.213928002001797,0.0377699920820115,0.21504339845256,0.189671783009709,0.159160304482734,0.130217489852743,0.111056894766221,0.0717089706285386,0.0411137178686083,0.0130644455285567,38673.2032288531
"583",-0.215620555469136,-0.147820469894094,-0.218769219585722,-0.0844960083808038,0.00884552129361579,0.0253802009167292,0.0386113193053471,0.00889976546585567,0.552849463149586,0.304304752381588,0.240197256609685,0.198588128908772,0.471381712798505,0.656712191405737,0.767412135959809,0.957487472880198,0.455571021555052,0.690767474509875,0.773911386846373,0.788851385447475,0.495743608435943,0.318924150911411,0.214608174979544,0.0402518241609104,0.221950496827795,0.182878540499471,0.160998881384527,0.129080882811741,0.113338885219888,0.0706314674449578,0.0414714305517587,0.0130465762805364,38671.5612325742
"584",-0.252864191119697,-0.165322290493592,-0.20689153499255,-0.0680830794761285,0.0273997575434835,0.0281927365111084,0.0320369818351557,0.0125744510529131,-0.425046809389599,0.217742059442857,0.301556284945962,0.230499425787212,0.450002111640662,0.652880519623853,0.772059141559017,0.954773102056922,1.44490042350685,0.785054806336168,0.707960926700271,0.75038485149798,0.512025503349904,0.322048665568076,0.211892895320934,0.0417412075576759,0.217053480924604,0.18783105881164,0.159117827608983,0.131986366967175,0.10898049792744,0.0717549379414562,0.0402484421864351,0.0130992503741804,38670.1491561771
"585",-0.207925159455894,-0.146608808947142,-0.186608968029746,-0.079021721635356,0.000544932546652314,0.0273246230182222,0.0396584923831739,0.0130869578880578,0.242278394526918,0.255831681813713,0.230398203084587,0.195044121939358,0.445140849746038,0.646177779999841,0.765269524586712,0.957207856927179,0.763762924102587,0.741859480584877,0.771989956049599,0.789975697088241,0.525552225231785,0.329625397944649,0.216789773943828,0.0388224720946249,0.212660289002253,0.18871261890581,0.162020306042823,0.133292539342954,0.11240277520327,0.0709598455402987,0.0419981926466708,0.0127105340585425,38661.7145988933
"586",-0.215662499482343,-0.155114538148243,-0.216582937247278,-0.0768809475202399,0.0359119597548925,0.0460043881653308,0.0343724893082171,0.0110230603215331,0.057680058280702,0.248578975636406,0.273328278521267,0.229959460205882,0.442096863644235,0.629037442893799,0.771410384066011,0.956554821697263,0.952017799464355,0.74956824857274,0.740157069725859,0.751803608873609,0.515923326660188,0.342358274844076,0.21182494692277,0.0406004835997318,0.218003967894577,0.188504449271572,0.161523308854884,0.132450639835299,0.112854391206121,0.0709117460243876,0.0407636534085695,0.0131811312619555,38669.2425138377
"587",-0.257133277828769,-0.167347637807577,-0.194484232764187,-0.0704608443414307,0.0408440661123989,0.0311406118236154,0.0352361853481887,0.0125035869910475,0.621481620721199,0.210498188972772,0.182430091832563,0.240508981248165,0.437859647250483,0.642548706448543,0.761771310654458,0.958366608390147,0.398116414475843,0.791127107438479,0.823340638316397,0.742123004848932,0.520721860278057,0.331494743020419,0.222032589982686,0.0379534461114755,0.220531693788079,0.189021561280436,0.159227479552223,0.135175000427538,0.112812557073237,0.0731021214250249,0.0424208460595766,0.0134619275031733,38662.5051267588
"588",-0.263602168658282,-0.132599306879715,-0.211288619430685,-0.0729879649258647,0.0444100373079532,0.0407397566278888,0.0404870040380285,0.00996570527690293,0.0981568404604058,0.206188288759252,0.26828708829465,0.228562181529274,0.442110523508786,0.635876853258893,0.763135183325819,0.958419176278007,0.925720630811095,0.783989623707502,0.741225414857371,0.754356903228215,0.514108385157113,0.334852699839879,0.218587203706568,0.0386793318323123,0.216606805500019,0.188107101893524,0.160906547243006,0.129038615455874,0.111600716485836,0.0707577665036222,0.0411259034591002,0.0127794737623531,38669.2061384566
"589",-0.226518037652966,-0.137838712710068,-0.211699970425854,-0.0785471628896999,-0.00114449064603382,0.0265888501780354,0.0282042299157523,0.0103104984856272,1.59108801899387,0.243957775565718,0.284656660510173,0.235161375870232,0.480316360493779,0.644531600676556,0.777869081281926,0.958010632909515,-0.578160550478591,0.746856861227748,0.727284513910064,0.748859742447731,0.489614178120336,0.330984906941057,0.207002142249907,0.0393657678713323,0.221578930908889,0.182703407599224,0.161842223007881,0.130867046858627,0.112237794418927,0.0693233204654568,0.0423597342718436,0.0134398245971674,38662.9230127873
"590",-0.240389728335371,-0.146859503907187,-0.238742146717318,-0.0852116600824532,0.0246871025666946,0.0309527380851107,0.0422452761494514,0.0109268675398872,-0.461668612729976,0.233662707105041,0.28386011999424,0.249205992846329,0.448313081244296,0.638103489522492,0.759772178065819,0.956885321421805,1.47597635637864,0.759897419958685,0.736001100007196,0.737124135964392,0.514226375075077,0.336540465755417,0.221435845390554,0.0400607257180536,0.217433065618493,0.189248598175768,0.161200506831927,0.134166380213326,0.110772835819786,0.0723538107712029,0.0401844065774559,0.0129355415310463,38671.2923760553
"591",-0.253077093274696,-0.194017357603177,-0.213846143410516,-0.0891073050276504,0.0126167710986232,0.0412223237950005,0.0327904536647978,0.0113769260200226,0.702174306773871,0.22789037574356,0.259075587651295,0.210153210065247,0.464337340907058,0.63122255558629,0.767251682026137,0.956600177377871,0.316955529528203,0.782842062894112,0.752541737298655,0.778187001407195,0.502457744973018,0.340198508781322,0.216876275344567,0.0402470558228165,0.22058398834505,0.186867211821065,0.156867353619074,0.132442304121641,0.11063168527735,0.0711774244494054,0.0415271278878675,0.0130541980150429,38674.1728033046
"592",-0.21761615884245,-0.170670556762828,-0.201588581384145,-0.0783534439548044,0.0154198887405181,0.0252466441712884,0.0364840951611476,0.0127708373365702,-0.465294360099107,0.335305469256918,0.222039883097877,0.212232805530914,0.488971881533837,0.664273380522114,0.774209782128816,0.955771445646642,1.47151837138331,0.664007276756475,0.786675873569965,0.772293426987439,0.475839799769443,0.310976385488439,0.208085115182539,0.0406114201373977,0.214304110756392,0.188964773067877,0.159153091751809,0.128558801825873,0.112367997741855,0.0706151165523387,0.0415040724376857,0.0131554841729557,38665.9204070464
"593",-0.22915716303685,-0.157794727750046,-0.24239239955858,-0.0686421550983865,-0.00838947330640653,0.0296300912000256,0.0388132422080751,0.0121887872269711,2.06936758697877,0.12966529586986,0.338206468121528,0.197352239391064,0.49379073938742,0.670485194966851,0.764755392417175,0.956896382942593,-1.05835479375689,0.868749718772719,0.684123966758311,0.784917546234998,0.47850546553792,0.303776012815314,0.217322259604338,0.0396686357822635,0.215197781850248,0.188018286552285,0.162170990835973,0.136698873671831,0.110909555145873,0.0700632326229434,0.0419915890978052,0.0131199001638288,38663.616557212
"594",-0.218651733838041,-0.163262546729407,-0.23640454184657,-0.0842829220336409,0.0116039624146128,0.0497454656354541,0.0372802175957975,0.011406645110571,0.67294423893852,0.218996864750507,0.231431271059767,0.218596260981671,0.479521188730375,0.649071212413806,0.770643989443487,0.957035989996676,0.337461364969469,0.777553107322019,0.787164632076249,0.766592180009873,0.486751438975932,0.318947825140074,0.210847281086976,0.0397396641513173,0.214919417804893,0.186858495655164,0.161406925891487,0.134077950951834,0.110476278068793,0.0716430603858392,0.0415263990896562,0.01317099249741,38665.3983344182
"595",-0.22591952212105,-0.166431157816164,-0.232650052002476,-0.0951821330653433,0.0101058015511571,0.0283376989488026,0.0401914806322337,0.0108792478637673,1.03877565262023,0.276188133129431,0.186886489912242,0.228610021228875,0.485676609375823,0.660796968053429,0.762745158642082,0.956601736610447,-0.028097010981316,0.725505506212316,0.830925676670375,0.761966340306201,0.481631096367443,0.31480024132118,0.218921337557783,0.0404761162461989,0.21391871140655,0.187475968531417,0.161137988360184,0.131562790219687,0.10953913869221,0.0710417821215764,0.0422144621798234,0.0131162408057328,38674.8390688355
"596",-0.276481155839269,-0.137069056955398,-0.251891649796471,-0.0720028310303233,0.00320730889659802,0.0259656062662978,0.0347834394923141,0.0124158144298853,0.319487658760078,0.183715174811083,0.335202523804741,0.198033830730407,0.465370650301714,0.651414514766291,0.774698190261475,0.957143215499224,0.708632735221549,0.806763236832792,0.688672707777811,0.783993749168998,0.504503737789864,0.32454468256142,0.208030424626858,0.0393905090663843,0.221270965566582,0.183013002698368,0.158530860320585,0.132315563331106,0.110152692075825,0.0701235911050013,0.042122784186596,0.0133593356929657,38667.3974590927
"597",-0.21756433476459,-0.128326688910871,-0.234071545356814,-0.0716593072912542,0.0157337976216394,0.0214324463683406,0.0332607854674536,0.0109998782026737,0.393911506954809,0.195126644467036,0.244799870326779,0.19042104673431,0.468615090319662,0.652519916759885,0.7730518689249,0.956553823420208,0.614485322068804,0.793217438125633,0.773276493978588,0.793245320892094,0.495299192786107,0.324695356523384,0.21047122593591,0.0404456466402926,0.216310796261236,0.187064060202572,0.164725209830067,0.1314655460676,0.112826038264862,0.0722010465731721,0.0414340007641908,0.0131995111302078,38673.4503326976
"598",-0.258501221808462,-0.163279625036001,-0.23291233169657,-0.0731518699591871,0.025591209381874,0.0373574190530974,0.0296666959739012,0.0119755241062928,1.1182066723425,0.276802003294706,0.248688141999917,0.206560229276653,0.446540212509952,0.651834282517177,0.767387214329268,0.957118562560173,-0.0990272831008318,0.724432812287702,0.766710935167643,0.776886800498379,0.516565398277935,0.320120165966673,0.217957168834617,0.0396602820910266,0.216529656569665,0.187652637675334,0.167392282377922,0.132149872783034,0.110848196287483,0.0712218270604427,0.0409121847848755,0.0131805736875323,38669.164862144
"599",-0.245019224215974,-0.135246366961774,-0.223648160099753,-0.0720519689318597,0.0116193558119666,0.0306263175086411,0.036949916637081,0.0111528160634028,0.424757960874015,0.216460225811541,0.286714532204893,0.215707240170767,0.480158222433702,0.658395210866978,0.773162368695309,0.955429328998216,0.593067802060607,0.773870689860831,0.728009619677172,0.767445249208257,0.486676496653955,0.315169210669943,0.2083604371478,0.0416288976614003,0.220274218606492,0.1899080184735,0.161219661865175,0.129501708236798,0.113736283763083,0.0699006696694676,0.0412778044385181,0.013132947392946,38670.8065085698
"600",-0.243434945898081,-0.138505017982604,-0.193641858480124,-0.0904805129589873,0.0232850161654175,0.0274876379851152,0.036184875000659,0.0117246812526908,0.0779133080408951,0.243749727103493,0.228284444204075,0.273203577923024,0.453296810108278,0.656256464722582,0.765023396686287,0.957123980462816,0.937716985556303,0.750040605952566,0.777525757871124,0.714598888727045,0.508678975420706,0.318822879412992,0.217752304613743,0.0395145507261765,0.221281472671553,0.188766029433107,0.162355054344362,0.129159094227562,0.108753254236357,0.0693810097850263,0.0423854064909387,0.0132861344434266,38670.6963225514
"601",-0.221833057466277,-0.177431951654999,-0.227723351615577,-0.0859961396785686,0.0251700110735455,0.0355486813496699,0.0345351412977018,0.0116008439848482,0.427712024620906,0.260345917863332,0.149400168324907,0.21239154029069,0.447409134481083,0.635385706769082,0.766672621113375,0.956729168802737,0.580457485820678,0.742748511766684,0.865679463574304,0.775153891193176,0.515760664267641,0.337770861286707,0.216961973967623,0.0400762685022701,0.22053640909827,0.190467736562286,0.166115929583207,0.129645745911304,0.111060975162673,0.0710112631952822,0.0421951394530512,0.0135480859520338,38669.8675220699
"602",-0.193125309100189,-0.149882103972506,-0.230198196421486,-0.0612300802075634,0.0264044959257071,0.0308873495619643,0.0362693602413598,0.0110179128821694,-0.0468301619096745,0.117025869901159,0.241902834963542,0.252686417388472,0.449532477075031,0.642439310179904,0.764749940170959,0.958041369514312,1.04715859470236,0.881201804594828,0.776563408475888,0.72553254464339,0.511772591278354,0.33338900651684,0.21842956453807,0.0388999837148374,0.221971025857401,0.188848555753804,0.160381257920527,0.133335850223628,0.112079822987682,0.0717554082812255,0.04064018492654,0.0130120335322666,38669.10416112
"603",-0.183666987465754,-0.151330513885468,-0.19900060729774,-0.0777876134671445,0.0200893523283886,0.0253337290416131,0.0314127744957541,0.0107556298802149,1.63828164707331,0.2458839000956,0.282683407632267,0.22476262617583,0.471124377069327,0.652580564708195,0.772368028834569,0.956957240728937,-0.639135344601308,0.750718171929472,0.723305770435913,0.759083763177863,0.492245301770812,0.324616320355767,0.212013141018629,0.0403071042957587,0.216346266527637,0.192889816882585,0.15797145362456,0.13060517442076,0.112566807014722,0.0720973680340037,0.0420288583777921,0.0129173086439629,38667.6172095849
"604",-0.217866364548797,-0.151584122336302,-0.229128597307419,-0.0799725144257772,0.00807307826774551,0.0277115625970118,0.037065852224734,0.0101512452061465,-0.455904014923175,0.18984469453378,0.277953158979755,0.23608710499468,0.457262827525201,0.655914158672693,0.769347539449165,0.957728694867231,1.46622669685766,0.807948720108679,0.73918459051286,0.748953023366485,0.511216511491421,0.319862906241686,0.212693835232687,0.0395607331435826,0.213483158780249,0.188492183737485,0.161091991629027,0.126358776457139,0.11211368059754,0.0720022674234242,0.0410570445973653,0.0129146599925744,38670.8875219265
"605",-0.234220556006725,-0.185543219405972,-0.243953111007046,-0.0711600506645652,0.0222620552780117,0.0278073896187798,0.0337897605727785,0.0110029361961084,0.517497005302624,0.283290997770097,0.228749402845162,0.20258121050502,0.453213416861313,0.649484955054098,0.766598454169248,0.955489836190585,0.496168268296163,0.723027474199689,0.792920783767814,0.779767589006608,0.509231534726453,0.326782353066939,0.216968619112348,0.0416399499629167,0.217640748644913,0.188828912889884,0.161613910239209,0.129800191748338,0.112420750458391,0.0725212897370397,0.0416736670015992,0.0128957135889959,38674.7154432513
"606",-0.241285565156037,-0.195414731765807,-0.255601968438163,-0.0795351228186479,0.0289835721435935,0.0336096906624195,0.0357161402813304,0.0111445674691807,0.205336942729551,0.318918752576821,0.200176801369146,0.253336505134376,0.43974863201075,0.649177064222381,0.762675463888207,0.957014634950836,0.812293769997608,0.694111298015712,0.823942481200806,0.730699182465481,0.521656868413093,0.323903388077017,0.221002046591109,0.0397766073299805,0.212139206147582,0.186638370115353,0.163045822302941,0.129335519523136,0.110881603816524,0.0691835628272986,0.0414851746225417,0.0132328743106274,38664.9532311516
"607",-0.197210932123881,-0.172230260619509,-0.18579441980628,-0.0800625271927823,0.00339976713373411,0.0284547573929852,0.0369247798921126,0.0106242681347729,0.970879317408123,0.306199216778487,0.22855269142604,0.179147202883819,0.463102229310495,0.652858108927445,0.765856449112123,0.957523286011436,0.0322478649352881,0.694823490379389,0.772494595452639,0.80775120013303,0.506916065402522,0.321704761193915,0.216629682794731,0.0398451743410558,0.213964058429887,0.186286334002164,0.162303686882929,0.132772104923872,0.109983384235437,0.0708372462245283,0.0411323439952109,0.0129494878475841,38664.5729423382
"608",-0.238859782559093,-0.154705643185569,-0.228709084156857,-0.0622925908669185,0.0477799962153948,0.0427717161440344,0.0411011070200929,0.0095299902711558,-0.805724174049221,0.240108403847575,0.218675039471373,0.22155223046996,0.435236253812501,0.637368966491471,0.767066083090399,0.959542795247247,1.82065190975178,0.75578374057266,0.79793601076819,0.757913975206043,0.520413149857053,0.333805683461939,0.213879171619841,0.0376953727577706,0.218561395621185,0.190787125468877,0.160251374651378,0.131801204341664,0.109730228308979,0.072081838523392,0.0408441680890616,0.0131778602957575,38669.5906226103
"609",-0.278768327401243,-0.157161417559578,-0.238784925099838,-0.0765928255963364,0.0218342933835477,0.0295045729124407,0.0363482182726505,0.0147714494863708,0.71162201488016,0.279319668867759,0.249622372853778,0.259262071018838,0.457784575848474,0.632523676523713,0.772102795464135,0.955788555734862,0.315171967538623,0.719212817297766,0.769703415455107,0.722331649132038,0.505131723937513,0.343803074944428,0.210832202345796,0.0399697266277785,0.217858648070521,0.186102034981068,0.161368141847935,0.13129740274866,0.112396400912541,0.0700998397395537,0.0422976424972431,0.0128061240572491,38663.7727775308
"610",-0.256729474190875,-0.148267719896761,-0.222775362948955,-0.0906954795005981,0.028148319678375,0.0308179866265907,0.0319813249695785,0.00965759468911729,0.735900914508158,0.225054842573393,0.278470241876741,0.17887354174603,0.473982441991536,0.642697005838313,0.769253345047989,0.956357434566818,0.286856787827233,0.770304364654189,0.735758387182532,0.809895868645509,0.487700605287476,0.332708819642007,0.215053328834728,0.0411691141104023,0.216886190098434,0.188225152271838,0.166211104707167,0.130736394284115,0.109652992980653,0.0692337306600987,0.0406388990228524,0.0130051448250431,38669.1655594269
"611",-0.208707904799178,-0.149273283514118,-0.199303523613912,-0.0729363155307546,0.0318586846093655,0.0320050994168724,0.0319829094543173,0.0129428333427299,-0.563055571695503,0.176016464692832,0.216679717455551,0.200753680163434,0.437267038768196,0.66148187474921,0.772270931201378,0.955410465611846,1.56909000288796,0.819867748402505,0.792195149443809,0.783045636384037,0.524077203705098,0.312269407740223,0.211436035692184,0.0409346441936065,0.22066247129099,0.181226314409107,0.161859387247171,0.131303892552364,0.112865898103715,0.0700586507267967,0.042182742482178,0.0129386317026246,38666.5948713551
"612",-0.263914331565942,-0.151125129937948,-0.214069923870402,-0.116131952988095,0.00813998686465856,0.0316437619947146,0.0321505279942566,0.0109972596788471,0.512222686103625,0.190861107966264,0.215379911037822,0.260446243042734,0.451649206613812,0.649897060954931,0.772144693064904,0.957005572383171,0.513215425487076,0.803756755249093,0.795861799294668,0.736192465054956,0.515629525188995,0.324249210858551,0.212082558639618,0.0400310925121819,0.217910440342025,0.190563438816733,0.160079675851935,0.129935172237563,0.110480148463967,0.0711928422886029,0.0419773184476773,0.013337027646715,38672.459687003
"613",-0.243209571549477,-0.138064726796825,-0.195734390139993,-0.0805585421685457,0.0158384427800858,0.040133957345479,0.0457466152081325,0.012674085938099,-0.0803753036544849,0.194110547781099,0.220898829996072,0.214555119631637,0.453041953648942,0.641609742787776,0.768075712565377,0.95626928017331,1.09889222424877,0.798035350047113,0.784231588424809,0.770783754427693,0.511920140447699,0.329159842003961,0.211519368656877,0.0400569780897572,0.22432951592758,0.187660365745958,0.159725636952447,0.135140442662663,0.111785152236173,0.0712380138623619,0.0407168962913647,0.01304567499413,38666.1436039569
"614",-0.199528464745916,-0.177207771164211,-0.214803912931196,-0.0925004393369981,0.0245831983496703,0.0290427695371732,0.0358716966697667,0.0119824042539027,-0.252046163663482,0.285341145541077,0.253748817819011,0.272599652503804,0.436106896250486,0.648560709099116,0.767382953167133,0.95770885847981,1.25571754531303,0.719620617406578,0.758805247715545,0.715175567405089,0.526423419201269,0.326436255220253,0.21534392333194,0.0389360683660316,0.217392239729785,0.194313860629287,0.165841962858017,0.13235893906382,0.109695876219587,0.0717800617299488,0.0415276202497182,0.0128963675761329,38670.3972287967
"615",-0.256478356214747,-0.157823939021118,-0.239268393355483,-0.0826824862671357,0.0264257841760404,0.0422064047215698,0.0424877106346469,0.0120301164400712,0.485307889774853,0.216001855980378,0.183519939778983,0.183842454772468,0.456707569750087,0.63764776267186,0.761085952018049,0.957540067910881,0.535395141025334,0.78113031773511,0.836928916029621,0.802587002837138,0.505752358888331,0.33436498301457,0.219861955612007,0.0391149959050728,0.21791836197682,0.186368524869979,0.162301711284863,0.129641169827829,0.111195567836936,0.0705082495347566,0.0408430428898184,0.0132541728457612,38673.5128764711
"616",-0.210292137083451,-0.163872012302557,-0.230550934470432,-0.0638942603284693,0.0187250052928912,0.0344221877898775,0.0378654632968016,0.010114056466859,0.719238127042864,0.181096644907453,0.24467838900878,0.230394985224188,0.464547056375408,0.653791780781686,0.770263665445719,0.956509831536647,0.28645121479067,0.81836187385898,0.772459362980885,0.75032685068212,0.500088869775138,0.319693413068779,0.212253034412883,0.0406846691999559,0.215968841493094,0.191407966548558,0.16089083189872,0.130296552230671,0.114042359030019,0.0720559515247317,0.0415655027785295,0.0129856504841919,38671.9957975219
"617",-0.254145989183336,-0.185853018806045,-0.215587407427894,-0.074946413572422,0.0274401987046726,0.0387507845011219,0.0413283184545323,0.0110304435272863,0.890658710789344,0.169501830207252,0.226933492066028,0.166611704971436,0.452297945981288,0.644784063689691,0.762682008372393,0.957269482121095,0.130925706705733,0.835931921303128,0.785243080285251,0.817332977216877,0.508673023831898,0.326936135067679,0.218751848992513,0.0398166821675563,0.217406715014947,0.190310652080165,0.159115180464972,0.131277625808657,0.112723746989629,0.071927442634482,0.0404092198936991,0.0130264814849215,38671.4119098761
"618",-0.257827024211774,-0.176972244758622,-0.231591661772976,-0.0840670568882134,0.034483401274808,0.0341850231521673,0.0407360945905588,0.0119753465578233,0.281331734820916,0.203144164188356,0.25313076953372,0.228895941824614,0.470295082546191,0.636209274874253,0.764510688327625,0.957783652949268,0.73884827092814,0.800878966878434,0.764806213117504,0.759490101054023,0.48853912090411,0.337788168358095,0.217604917996984,0.0388542237747854,0.218316365729603,0.18749678720927,0.165268532857332,0.130356988456361,0.111165644002745,0.0704040742517028,0.0417884322761859,0.0132549819813793,38670.8588081459
"619",-0.189292898583133,-0.164644957827901,-0.202083880009546,-0.0722382574810339,0.0321190535779304,0.0312410151888074,0.0364306385881899,0.0108730864758385,1.14742082872309,0.240747478716877,0.204414696901671,0.224277396119603,0.443858957984637,0.652836281113716,0.764090939619737,0.95631510391684,-0.149714567539941,0.760411576010493,0.802509372396649,0.757687950018238,0.51699043072616,0.32172053686719,0.219138179042496,0.0409027563931325,0.215424067892497,0.186586537412268,0.160011883404138,0.132931245196365,0.109844766108458,0.0719003225640721,0.0410367292627517,0.0132055649076148,38674.0323312082
"620",-0.251807415176884,-0.170854755594817,-0.224050284816978,-0.0925445944990091,0.0142896431921596,0.0435057228833543,0.0390246129277241,0.0102352527742133,0.394995675589929,0.268355887989438,0.251079854986255,0.264065394169055,0.460817018906852,0.635755647862004,0.767489934649529,0.958113239057593,0.624713712919215,0.733926214022583,0.761772785579962,0.725672106367649,0.506717840652791,0.335452372485641,0.214395374955941,0.0389883889340245,0.219753256166842,0.188056840639788,0.165404394207102,0.132142583555875,0.112969569197445,0.0724028894691937,0.0401246565243019,0.0131235530037916,38667.6902261318
"621",-0.225024543614373,-0.177382789575904,-0.212447671892235,-0.100770594494864,0.0306786105499602,0.0271466666128444,0.0359912250730559,0.0109411608213407,0.837189629887425,0.19047329101465,0.235745461320791,0.273133344072343,0.431970081133651,0.653624945595937,0.766647973330249,0.955398246160329,0.173196886923879,0.813929530214656,0.774876626401131,0.718696492481191,0.530830872717366,0.321958830177569,0.216061363957698,0.0418301040659765,0.216485498413793,0.185037388686858,0.160629973128738,0.130901415420353,0.112743437530786,0.0711157899769282,0.0415216233243508,0.0131558224991963,38672.6991097871
"622",-0.262075434733238,-0.120152954399274,-0.192277623761283,-0.0914237507173215,0.0197286346847512,0.0406330475444975,0.0307200789164751,0.0114375665476008,0.383093488240106,0.184576656997116,0.212951418787067,0.232963118494612,0.451185215153472,0.641121982659914,0.767989462943729,0.956969070908053,0.640089050868213,0.802127426143975,0.792105512703302,0.755983264137904,0.513956482779808,0.330884372884259,0.216719880365691,0.03983985490373,0.217938335116698,0.187977000666348,0.161332301175239,0.130493657522629,0.110664158911136,0.0727828509501678,0.0411928470141025,0.012629427753553,38670.5046427978
"623",-0.196473555065578,-0.154421113244389,-0.220674212154488,-0.0997449501001738,0.0290871202481929,0.0305482371059867,0.0327366936595071,0.0106723480593302,0.559816655012755,0.221243571922617,0.200896513854546,0.251858197095394,0.44178164782287,0.647238815228258,0.770102554815781,0.959309110920329,0.440921311009751,0.776652794397561,0.812504957737467,0.738354053619825,0.518826228576179,0.328973419510436,0.214055523845342,0.0376540064180955,0.222199184647303,0.189419619772718,0.161852980235996,0.130661841921166,0.112822297729063,0.0712189877095893,0.0416183059675291,0.0130648829437551,38671.2822809548
"624",-0.228266656220974,-0.137192863223436,-0.229238076075389,-0.0883990322473533,0.00662782736708384,0.0258440523878676,0.0331278436417102,0.011544599558634,0.449896420351376,0.183821442884112,0.218611465220353,0.212294536944895,0.477343892253351,0.655296840015797,0.76612262068855,0.956906505033597,0.559376637182854,0.810666925121458,0.799392959883958,0.775721929902714,0.490776466345895,0.321383376932221,0.217611556410072,0.0399399173789041,0.218290082987955,0.192251652793248,0.162256358777286,0.134570684243226,0.111846322407585,0.0710102662149332,0.0426410078845754,0.0133409354386178,38670.7092358093
"625",-0.287571933033969,-0.158805436448274,-0.227199538366652,-0.0867103508708138,0.0209861849470049,0.0366848033917126,0.0410189885743839,0.0106699989859159,0.806724664886915,0.239282521917901,0.225189142328661,0.228035606850604,0.45231004478495,0.642936329115642,0.766525960506318,0.95635897539961,0.222624596807261,0.759766804465048,0.789616361586175,0.759055840360999,0.511117804508384,0.32987330502938,0.214744111946229,0.0408749603532793,0.213784414279404,0.186847205855959,0.158570227825751,0.135628383366282,0.110956643742945,0.0712531781127785,0.0408733864755561,0.0131793553137319,38672.6627192255
"626",-0.244661036890167,-0.176817181669012,-0.208197323360002,-0.0628751415823224,0.0334224449631361,0.0307960523155846,0.0325617229119993,0.0105070578509424,0.290068092949537,0.271737969410721,0.214141575409262,0.267027795702309,0.427422076398439,0.656242459745492,0.770569593917695,0.95834122652932,0.72622295228235,0.732084624037734,0.794742436383083,0.71074365389498,0.533192483626544,0.318741334355203,0.212864836988105,0.0387511110399637,0.216931212257835,0.185451516917278,0.164081652220206,0.131799496004624,0.111516366417739,0.0717946482341065,0.0424000946977331,0.0132677402296224,38669.8058565925
"627",-0.235498422449168,-0.128616398374493,-0.209156884628578,-0.0694162776684967,0.0345438636220518,0.0207797591285068,0.0359360128777215,0.0103187313202778,0.329585605301044,0.148224775492989,0.26591756918327,0.21189185816684,0.431867051364028,0.661557089711394,0.769549412262987,0.957873035534756,0.684364005121707,0.838633283981439,0.746576988428662,0.769825112474383,0.526936639298846,0.316351552818643,0.213525310914552,0.0393000940367402,0.220081854437969,0.189360564325496,0.161687355882602,0.131823590649574,0.110649139216393,0.0710847679298344,0.0424064641722659,0.0130310111955255,38673.1953043356
"628",-0.238936371005098,-0.147500644352711,-0.248124291501437,-0.0845398499583427,0.0268942763085571,0.0432016223591596,0.0302604617993349,0.0113957749659694,-0.71634785624458,0.0763368217374464,0.199842185015324,0.25081276645869,0.472317328804032,0.643513481419434,0.775638499080784,0.956345943162634,1.72969153231469,0.919817175254752,0.821534422048613,0.735277272855143,0.488477672551906,0.326694896192447,0.208664025760019,0.0408961948680477,0.216258551704033,0.189051842175797,0.162850026357383,0.134196813537242,0.113916358292731,0.0699997098765096,0.0431074749827023,0.0131807944671839,38660.0380464065
"629",-0.227551662805631,-0.172988947876434,-0.225419469413025,-0.0757177944404155,0.0279856408805017,0.0352849847135501,0.0393793376962001,0.010116554736684,-0.434830543560734,0.298028131527133,0.186224324422558,0.261014832325697,0.440640591477712,0.633081324879981,0.764273863676277,0.957783459692181,1.44486022137295,0.705512498746353,0.82954761135103,0.721203768542883,0.521384620530441,0.340259714109913,0.21792184898015,0.0394135777265427,0.215657115824988,0.186772765326922,0.163404642638556,0.132646590785703,0.112698064639206,0.0700277168065033,0.0425138953139269,0.0128980700231556,38670.8231804799
"630",-0.27703992658566,-0.125995077615217,-0.223083573113302,-0.0924993722736005,0.0118892851720914,0.0168061918776092,0.0363762506655536,0.0115536522008299,0.309395720583384,0.155331507233082,0.316465469310477,0.183929933645886,0.459725379858117,0.666264504693761,0.767390835696085,0.957442761141898,0.717374958897311,0.831950273698787,0.700509335418821,0.806801024237292,0.506330616995823,0.312782673164769,0.215652753550973,0.0392215160965862,0.220335074100886,0.189613480244166,0.164078029561895,0.129595191967931,0.110406409496105,0.0702417111555888,0.0424289281784944,0.013203004068701,38667.5125757252
"631",-0.2239897682119,-0.174880746958827,-0.227255377318214,-0.0777949359729258,0.0256400365837314,0.0375716437346427,0.0373397023528954,0.0107452166111202,0.359025148264825,0.277483074708308,0.206091545808967,0.194406462444449,0.442938216359685,0.634838179403869,0.768377594217802,0.958133995101089,0.650968683537874,0.726064859667498,0.810280154258826,0.790708901041399,0.518871307283333,0.337643740449977,0.213945955379408,0.0389113732779997,0.218052360202222,0.189314710650705,0.166089821219379,0.131365302916224,0.110720313378647,0.0711166857480446,0.0424968398843794,0.0134532877123668,38674.0047158491
"632",-0.223159741424078,-0.137012437692419,-0.227355219981649,-0.0843208715940522,0.0107801358626832,0.0301955371424656,0.045119965046695,0.0124774273402118,-0.594369887514216,0.10439756649491,0.240441560217757,0.232315140606878,0.474837428632936,0.647007835764051,0.757165140959563,0.957205417081885,1.60610595731191,0.887799887688825,0.776033618505812,0.754365913449552,0.491592160269098,0.327868177910649,0.223080490511404,0.0394783791836749,0.217791793305164,0.192420714027469,0.162432931412722,0.130793410032987,0.11110536947224,0.0702872572501376,0.0417167486281397,0.0129384506506172,38671.4524935006
"633",-0.248882227619713,-0.130893482756658,-0.244107996314384,-0.0725986175406201,0.00756754172323861,0.01850013268994,0.0363304290783408,0.0114575854333549,-0.941651288061056,0.252799764555078,0.272339000785526,0.220095406958127,0.47390933819586,0.657638165726218,0.772850441365947,0.956038498130707,1.96367679672769,0.736329540366155,0.747805703005535,0.761267174855204,0.493094201108019,0.320865037105004,0.209915391317063,0.040726947395415,0.216410760014967,0.192884753726116,0.1641803188955,0.12793119841471,0.113993547604026,0.0691109155003192,0.0421303571356552,0.0132727728916262,38660.1903129191
"634",-0.227315931537476,-0.161227339952137,-0.196369860040192,-0.0683868280848098,0.0183586571266011,0.0338175527658457,0.0331166673830299,0.0133343148602906,0.952482829304417,0.1424549935523,0.146314070408759,0.222426846557014,0.462792531972944,0.64732709961346,0.771306896562634,0.955567767553326,0.0577210105993719,0.858831615027128,0.858629631363374,0.760202300773243,0.501029205509977,0.325401482647869,0.213186386589969,0.0407395414199594,0.21904970231823,0.189758321724282,0.157335370722848,0.131309977444464,0.111282658399164,0.0711021215685729,0.0412541905198805,0.012986037300603,38666.506999891
"635",-0.269421134536066,-0.154061261528184,-0.237101321246341,-0.0932807956811529,0.00713088234249977,0.0354550355801702,0.0387537542216988,0.0111112321161174,-0.0976187414560589,0.196897459850511,0.199717780778368,0.224442423701931,0.493282649848689,0.653282000677093,0.764608215731808,0.957040549769506,1.12201319208523,0.800147952576292,0.820563295386982,0.76500180701149,0.473356399146723,0.318868816621502,0.217410523702821,0.0397666536062047,0.21303444525664,0.186731094013815,0.159554345531808,0.130874289107332,0.110008511187066,0.0697566541189502,0.0400523949802226,0.0130328203120474,38668.0261495929
"636",-0.259499539135564,-0.147668640799961,-0.245806624823877,-0.103556902225298,0.00979081987886531,0.0301530530404829,0.0379745061216542,0.0118836583857367,0.551527898582454,0.18632554951263,0.246816861305516,0.27563794600828,0.453897593096429,0.656518959225114,0.771798549364001,0.955670312900517,0.467852422586761,0.804825120776606,0.773970011150554,0.715654818828933,0.513253150250954,0.318190703257664,0.210258916079999,0.0410310781329816,0.216606371331295,0.190069298064694,0.160938321567431,0.133494617024727,0.110102168958441,0.0702278072821671,0.0417162919609021,0.0132878351384307,38667.1841617912
"637",-0.245030412447094,-0.14908638941268,-0.233653912273784,-0.0850670838275183,0.021342958569126,0.035820061469529,0.0293771724431737,0.0117399991527844,0.3904690931801,0.154631305353139,0.288170024329923,0.204303322068417,0.45293794969153,0.641958860041498,0.77618939826204,0.958194266350478,0.625676018605508,0.842232672335406,0.730388977854767,0.782165987309024,0.511047720973614,0.330728637898553,0.208389921061531,0.0385399892565928,0.21867862629035,0.187883803086098,0.165802796072888,0.130860811987915,0.112552977998978,0.0701442296052797,0.0416363372921094,0.0128967560274353,38674.3006960706
"638",-0.23008034036051,-0.140168861656615,-0.216089517670943,-0.0884519423801873,0.0314415217264501,0.041503305501455,0.0393371598962415,0.0114153955256559,0.0577872923946901,0.113296758267081,0.273151812550807,0.271824626369391,0.434157416091583,0.632556777062814,0.768306084513054,0.955303263002581,0.954719644046477,0.88045499380602,0.740009702136592,0.716852013064301,0.52688265823174,0.339300341430687,0.213340299654168,0.0417780231282189,0.222156181063399,0.190500344068245,0.164817875349797,0.130794554679618,0.110196696197242,0.0714222759217491,0.0419791499808721,0.0133771205528343,38670.1504521282
"639",-0.235429411887008,-0.154851757569934,-0.207967311337454,-0.0507172477264759,0.00301204980766266,0.0263134523192393,0.0352476649323888,0.0118250934768995,1.22741979006105,0.243210238778199,0.279970389746074,0.168720255997962,0.483885083112353,0.657845514662616,0.770993423623722,0.956788598759196,-0.212870395284003,0.753812028638819,0.730593700032824,0.806917945448488,0.484276597912879,0.317302351828471,0.212089228265933,0.0399314096317989,0.216379061230005,0.18941948279369,0.160500353040568,0.13118855924304,0.109361582437236,0.0705879208615047,0.0413665560869282,0.0131742519736738,38673.8035488285
"640",-0.231124063372748,-0.177485662598349,-0.224180162112553,-0.0752178351421744,0.0271694807685418,0.0368502559595586,0.038966227174617,0.00948536388036058,-0.418121873414851,0.297921120108566,0.176924602269373,0.247936689295453,0.439393859612121,0.633218447816429,0.764609338046509,0.958541828303149,1.43115063000851,0.706809906405955,0.837997114415268,0.735687114998362,0.522194685827854,0.340627440856784,0.218004726387902,0.0388556028975605,0.215526574482719,0.186591875707618,0.162879496345646,0.132152168085118,0.112566961259721,0.0699162105193085,0.0426297393640152,0.0129196371571241,38670.3822309102
"641",-0.212842635720873,-0.144702194728231,-0.206105723079076,-0.0738887969413633,0.0214499765747126,0.0224331049942819,0.0349509524438424,0.00866423875655115,1.20556251566388,0.194575969238874,0.233275306131004,0.214234889475624,0.479187440539848,0.652772437440923,0.769313749796114,0.95673257428151,-0.200215727666326,0.797401515717594,0.776773122864159,0.769348261793231,0.482859306995917,0.324562333219282,0.214208401522774,0.041109645503441,0.22082628361276,0.190484497693073,0.160933806605078,0.134229552980958,0.112092108362291,0.0699964328229543,0.0419565341171907,0.0131483786286772,38670.1682672043
"642",-0.238443649197917,-0.174256378109157,-0.205502877203741,-0.0896390089923184,0.0170669460183533,0.0293812198769042,0.0408449324860554,0.0107119198186807,-0.370619574555852,0.19497713044109,0.236863388587649,0.248042155265514,0.470037576044405,0.654431266875407,0.759863974565137,0.957982349138834,1.38528724294446,0.810200751907742,0.772486733026747,0.738502664056615,0.495105795015691,0.320273255506949,0.222098126130063,0.0392424059281273,0.216766873434318,0.184945180344788,0.157609249689767,0.130301953318782,0.111313703109044,0.0703430220199036,0.0416970104818047,0.0131692312995601,38673.260841595
"643",-0.22120704016144,-0.160442023342376,-0.218287822077863,-0.0600500946458357,0.0201556116244685,0.0257470248106457,0.0360887807942272,0.0114749200642826,0.895217455817762,0.267272097758778,0.199736501937683,0.181193719314766,0.47577595434056,0.639796276583066,0.763783497418073,0.956595594910597,0.116540346113887,0.729992627019733,0.813082995563287,0.797422296238659,0.487774268394591,0.337019690024004,0.219587842302044,0.0403855447628144,0.214566875072519,0.184205502810791,0.166328611656421,0.132833701904126,0.111022901211233,0.0716378210957491,0.0425972776491333,0.0132037754174014,38668.5190025058
"644",-0.22709645890685,-0.144665047644219,-0.221847132363605,-0.0731366757956727,0.0161953060404703,0.0336783371166821,0.0357589350411001,0.0117661612511336,0.0698951371714126,0.274594011852759,0.29461607091926,0.194416733653672,0.454425003002606,0.645034655679402,0.772890335434555,0.956633574124388,0.942142817019371,0.719062599627041,0.720306589817175,0.789501271223235,0.511080725620913,0.32888423088924,0.209749711425373,0.0402234627841248,0.222985621491658,0.193498279702101,0.162049568977738,0.131397613258914,0.112225747905993,0.0719571753292679,0.0421639045204642,0.0131744535490678,38675.229887934
"645",-0.189361625729766,-0.151336770742919,-0.221156059945378,-0.0907693835736568,0.0203936382105805,0.0328592050264562,0.0360004184546385,0.0105687360751503,0.886205195347577,0.225314319649565,0.201482320727924,0.22182520355716,0.460461702721501,0.642462859675728,0.761169644062849,0.957815829253187,0.112163937075112,0.771258118640616,0.810662388112464,0.766228128744117,0.50472774835055,0.332327339176976,0.222536835074642,0.039277024163464,0.21246378644537,0.187125571012155,0.160774377473821,0.132910981832165,0.112204775429192,0.0706833952433893,0.0421310145952629,0.0131455641773246,38671.4360498223
"646",-0.275002932417809,-0.164284842706544,-0.19651120503458,-0.0769947653515227,0.0144090379737839,0.0335979896101071,0.0337470001289934,0.0123126365112676,0.02310980198662,0.215952673523133,0.205426064988362,0.211653824075099,0.473433568837307,0.655774910130045,0.770045167065806,0.957430741587069,1.00233204077726,0.784383220393641,0.79941882150624,0.772960186869328,0.492754530398224,0.317383942111173,0.213785758442048,0.0389455702577444,0.217960586603092,0.188276076692291,0.160661323827174,0.132360939538377,0.110878512260824,0.0691744163830209,0.0421352936165028,0.0132156525954385,38674.1319730642
"647",-0.253132742923237,-0.159520816911764,-0.221213540101352,-0.0663201268284608,0.0135421960118709,0.0180489004636793,0.0409037676155874,0.0121487167123874,-0.166875249911201,0.206373286215488,0.155867097888191,0.188806921468864,0.457993763876203,0.665150613328154,0.769561676190474,0.955947633911982,1.18424298610498,0.792256010387776,0.858374540294895,0.791762871962415,0.506546788721824,0.314338258773897,0.211741497798608,0.0407424745604896,0.222590754742847,0.188905736967697,0.162307191905605,0.135543525244167,0.111133236854292,0.0713006958384239,0.0423279995788947,0.0129943872826686,38665.6682063612
"648",-0.256739409796463,-0.13982434570074,-0.238977241955881,-0.0865396366595481,0.0077962216615329,0.0430257321951055,0.0370926989415417,0.0101749083359667,1.22100414635785,0.111383531232158,0.243890604682057,0.226624120914009,0.468030647838035,0.643638937743982,0.774897334612439,0.959011939678247,-0.202469991813415,0.881178762538925,0.774682076517789,0.760469799792473,0.499305514705821,0.327021870285748,0.207017662561841,0.03811486443899,0.213563089501758,0.192182018726746,0.159215087795312,0.133220829114395,0.110378838766712,0.0732617460771465,0.0434541929576545,0.0132584804567251,38662.0837610505
"649",-0.243487413505251,-0.1751880494303,-0.215369213240925,-0.0518826180253043,0.0168163729634759,0.0346901811794501,0.0348730877905168,0.0112256561153347,0.993013185119021,0.227136264269786,0.279962424985138,0.220949307198239,0.468169148887382,0.652356697611658,0.766008451888838,0.957328861326052,0.0236694570472635,0.776837043869823,0.731952075416257,0.754779053740406,0.495202790347194,0.320830804914476,0.217460554156423,0.0398353288779888,0.222098763884437,0.186974664092012,0.163584101435495,0.130778236010725,0.112997713423911,0.0686639226443576,0.0422796732212319,0.012903541649935,38669.3320885763
"650",-0.249838235977806,-0.163646269483113,-0.218369437902115,-0.0948101348251088,0.00997618037290397,0.035675352634115,0.0405498692213299,0.0124242050601061,0.331253479406126,0.200479415086153,0.159973078002748,0.251861388421308,0.445600799323731,0.632287278081018,0.765621219687631,0.956392402438551,0.688564282999992,0.798487507350799,0.851113834854861,0.737190397531622,0.521490423852844,0.340664870907195,0.215699049148433,0.040194103244844,0.215954624403324,0.190254077839084,0.158928209425049,0.136510734842233,0.110538962405481,0.0704056456978422,0.0408904997185671,0.013209373900105,38666.2348056683
"651",-0.244157380852388,-0.15897683567582,-0.227645612007164,-0.0756661334293935,0.00843919212077798,0.0311643378332512,0.0347449249855954,0.0106067450834367,0.66613803873989,0.327838052045854,0.189948895761496,0.256154759365503,0.513844033837087,0.663305627998251,0.771396301192298,0.958229021537779,0.349534973605788,0.670585589170674,0.825413714095988,0.727204734107102,0.453069840603306,0.309883905835116,0.211588352286928,0.0388134660648029,0.218362355618289,0.187643009671316,0.159429998048988,0.131315217951379,0.110518222495262,0.0708880078009673,0.0406027705914236,0.0130593679295936,38667.5076709582
"652",-0.219459065947426,-0.138018825632034,-0.231221163293131,-0.0709273720824458,0.00662015661137335,0.0348567800990017,0.039979187385029,0.0122228142486807,0.631866481051601,0.172512092553832,0.341124040156883,0.210891816018386,0.491608115999177,0.645026440142626,0.758147887277916,0.957902674554612,0.377346947513648,0.82140075031504,0.677347919819856,0.770993439712107,0.476005812579664,0.328441725052854,0.224085876496879,0.0385066561698609,0.221646225961305,0.187300545681635,0.161610723132269,0.132180548408984,0.110056484281058,0.0700262094024828,0.0426871009760236,0.0133328492782923,38669.6609883528
"653",-0.233818333143775,-0.161044907320248,-0.20333292528587,-0.0880298491023126,0.0184228056946984,0.0327624465389489,0.0387193147540432,0.012548265881247,1.12640988882232,0.224498848730128,0.250222197398957,0.237884236793738,0.455114725545425,0.65053828553177,0.767881263755464,0.95696353262578,-0.113467395698655,0.775473683174427,0.758655848093694,0.749329769446132,0.51057398777901,0.323750000493768,0.213876871233387,0.039348723797774,0.220393469492137,0.190277717970668,0.160891670712846,0.130343154062835,0.109678528974071,0.0707517633462864,0.0423755352885655,0.0131043555984778,38677.1419946748
"654",-0.239627787391734,-0.142657730976486,-0.228873131314131,-0.0772807899606609,0.038836522377106,0.0384735281735914,0.0398423246610502,0.00957348925430562,0.0903576490468093,0.181627173916365,0.302869696507604,0.260908379891175,0.45475766337799,0.632549694193396,0.769824336883929,0.958939622566807,0.927094111590352,0.808875241929212,0.712205844546071,0.722415710253942,0.502948652952481,0.339772651884299,0.21183519093098,0.0386672510954764,0.218992752886252,0.191138766010376,0.165316151025838,0.133044539087382,0.111507518450382,0.0706527361348924,0.0422681198218965,0.0135378034237302,38663.0842200378
"655",-0.232266620756704,-0.183777044968424,-0.204451030815071,-0.0810050638406457,0.010277312379146,0.0220678772582913,0.0393507244727916,0.0112292381695798,-0.596041151311833,0.188698998007769,0.275092535003524,0.249517240149223,0.46956956594686,0.663924271780178,0.763195325129319,0.95736810335735,1.60967517733043,0.819484788970319,0.733487335246064,0.735069782183124,0.49767094758669,0.313184507814682,0.218627959687728,0.0394205129472252,0.217328930095334,0.187095495281764,0.159664928518382,0.130508335924572,0.111768497625736,0.0707598712302726,0.0417241689591998,0.0131804339543713,38675.1995429042
"656",-0.262729180993979,-0.157280980138098,-0.239950034828622,-0.0777080200246318,0.0209741275868321,0.0214074476803654,0.0386893213752726,0.0134943548586798,2.07660000109807,0.285262615641084,0.257584793271269,0.175835376710163,0.45467516953771,0.660901993987331,0.763039595462611,0.957008308854817,-1.05526981745323,0.709777301933841,0.761447218768548,0.810291110034492,0.507830485531536,0.316646755053142,0.219039625007061,0.0392203299876818,0.215198840548645,0.186452288730684,0.162766230681667,0.134487188165017,0.110364454844288,0.0719176782831277,0.0409772321820551,0.0131124404197894,38663.513205239
"657",-0.258351696646795,-0.168537611212746,-0.218534755485851,-0.0977303968406758,0.0294628083757906,0.0296274692406298,0.0359662884671974,0.0111733192395684,0.883519724770301,0.204669574910744,0.283555852601949,0.256229193251621,0.452282995487448,0.649030115411779,0.763528976608807,0.955705179434025,0.137948258721819,0.795695371373566,0.731060903362329,0.732932409497147,0.510423903160942,0.325999810545332,0.219840790292138,0.041242896089914,0.217102408394705,0.187237072243289,0.162994858178524,0.13160302590907,0.11399066567904,0.0719078490086279,0.0410102754291573,0.0131984640767099,38671.414942582
"658",-0.180401541346978,-0.185183762357257,-0.238746923971311,-0.0832811022894888,0.032474570218509,0.0337270285805004,0.0402422210221393,0.0112023223111114,0.375733512865833,0.210875518020605,0.26270001816614,0.23432921380733,0.414406241709141,0.637960836372771,0.765526027828454,0.957246696720719,0.619457924654104,0.797082553916505,0.754715972945102,0.752449451739935,0.545890597701502,0.336734738035955,0.215997633356107,0.0394756617043706,0.220419802109825,0.193537195741545,0.160678777611177,0.132804103303477,0.111018236911204,0.0704366643871484,0.0416563788053912,0.0130365528972838,38665.1674387088
"659",-0.237133975716665,-0.183589729656549,-0.204973254575881,-0.0785621699397528,0.0254733958349956,0.0408799674449642,0.0406179748979128,0.011362913197726,-0.511459700170054,0.243646854362181,0.305542872683506,0.246767531487298,0.444574619050828,0.637722022389692,0.759430922530197,0.958630132031247,1.52519638807738,0.762086263334249,0.703909023667854,0.737782373075603,0.517550323528426,0.333910962748428,0.22210194943417,0.0381451702629807,0.220340698133986,0.193214911390125,0.162224745896082,0.130980698994358,0.112818379665086,0.0713001151759908,0.041376774897041,0.013124677461542,38672.2547848791
"660",-0.231205769374618,-0.145252719412905,-0.233125973357712,-0.0450434541554781,0.0315860775855447,0.0368996032573545,0.0359556948110989,0.010577027827132,0.988810558300519,0.157654300472991,0.244117094507551,0.183553903944627,0.427726263306352,0.649470796338764,0.766023153666209,0.957282846009617,0.022225352569998,0.834968744045136,0.775460931674828,0.791225433276386,0.532775465004525,0.322876027597209,0.216960498524133,0.0398262955352561,0.216482674296683,0.186146073801017,0.162228029243764,0.131526460625126,0.111695005715646,0.070750295271193,0.0420899593435006,0.0128709902892852,38672.555707727
"661",-0.238595565158542,-0.141430871211139,-0.22796725861478,-0.0763179260623929,0.0133674227388232,0.0356536504969098,0.0337161581594269,0.00979594298831485,0.0254663759558368,0.239824379008056,0.166450479129371,0.251315160625167,0.448651466796202,0.645216380815758,0.770607291246836,0.958713423624933,0.989642234206743,0.752784170034121,0.849541347492054,0.731540578947811,0.517714138947307,0.328149657295248,0.21263111585843,0.0386471846429901,0.216857318486074,0.186575201718043,0.163466229088345,0.129684313887032,0.11434798939091,0.0704567400667002,0.0422977925424409,0.0130684537235175,38673.8829763206
"662",-0.216693231595252,-0.15370271440513,-0.21465758747024,-0.072462879498423,0.0255008798096938,0.0229243539823539,0.0353430585585467,0.0112267586009807,0.335235280556074,0.168150052769018,0.227125346586613,0.227831107419491,0.449962689616788,0.669343870101245,0.766265156329293,0.958177482304922,0.672175873462588,0.827429481844812,0.784818980380744,0.755006622702008,0.51082589929123,0.307074943586843,0.217279144842015,0.0387658580960559,0.212115083095008,0.182929403330348,0.161573152603832,0.129868428654074,0.108696722116076,0.072350994697414,0.0403032605006002,0.0128756791201634,38665.5334508662
"663",-0.252949493915719,-0.142827227197011,-0.217007690892332,-0.0702833626720372,0.026574395259121,0.0295820290061116,0.0354664243140772,0.0113074575114173,-0.273702830722537,0.180362577751677,0.274062179198236,0.197283848401816,0.44724741646144,0.655104291197054,0.774847201967231,0.95665838976516,1.29339774430504,0.812936964325762,0.739167985160879,0.784716147826633,0.515552776247189,0.318757648195902,0.207878201440037,0.0403307757530245,0.2136817342668,0.187698715935603,0.163301170710172,0.133747662987027,0.110396494213429,0.0713518430470526,0.0419382349333553,0.0129050032388255,38674.9469984995
"664",-0.213292800668189,-0.124512493761482,-0.206150877167775,-0.0707595794207934,0.0485957656864573,0.0444276284660334,0.0286593653651639,0.0104349683232858,0.201846319369665,0.275017371998738,0.261799146342813,0.192545107370211,0.429939211562312,0.644845329013922,0.770880337219962,0.955160348715079,0.805190130329783,0.711081443998107,0.748342872076285,0.790365084605397,0.524908753904013,0.325129965126628,0.21430866838922,0.0421618013161914,0.212792421175122,0.193107417331472,0.16386091263579,0.13226473146025,0.109313329220959,0.068216372209508,0.0410093131319498,0.0132455566541045,38659.8312635631
"665",-0.242453394227293,-0.156403480182322,-0.242683279801679,-0.0807755244787029,0.0166279833427174,0.0274280819893294,0.0380184744465686,0.0114353077523451,-0.382667977048518,0.194069196011761,0.256978021044685,0.27399708831179,0.458086223329247,0.6688597297429,0.764120682164128,0.95567654585138,1.39772891376509,0.801075682290628,0.766882424102401,0.710656628675098,0.508206673423138,0.305444723660423,0.21847779131248,0.0412830332160793,0.216502682389153,0.189247063484788,0.164718600582252,0.12955665390562,0.109048568853008,0.0702500435309578,0.0419212875753474,0.0132852755288734,38665.8175344461
"666",-0.223087970276535,-0.124039433950836,-0.220251367553115,-0.0593314842759288,0.02700860260931,0.0346268782216455,0.0375909516598425,0.0132940303790033,0.770567761801466,0.179210458407198,0.269508492434569,0.19367757007507,0.471643680119081,0.640835925375225,0.767922911825768,0.957457141629132,0.238787635073334,0.808739405461356,0.743193731400311,0.784522258410618,0.490434067602564,0.332818664665661,0.214622984175853,0.0386428151879168,0.223195522312316,0.190534153243097,0.162151221593085,0.131754712360365,0.112784323479002,0.0704825525652719,0.042189810694014,0.0133423966844859,38671.9858299286
"667",-0.224120062589525,-0.141901775171825,-0.232265523548091,-0.0843961430335846,0.0287666799798279,0.0301512200646881,0.0360484851610351,0.0117177910301009,-0.35894876079416,0.223785579953396,0.229276141662144,0.218635287631179,0.429494519315484,0.650290961085527,0.769529764403009,0.957627480744457,1.37036245571967,0.769662136867064,0.788438258702521,0.76952478717213,0.531707465197092,0.324279422494314,0.212839199378052,0.039109410285099,0.215778244979449,0.186156734589743,0.162995723041951,0.128344540028222,0.113370796872008,0.0716950481908849,0.0407253530480282,0.0132895192889356,38671.7526720061
"668",-0.28129753252515,-0.160798335823661,-0.220893121307642,-0.0886941747798613,0.0230116080384867,0.0429537184547713,0.0376967491529364,0.0102532940849406,-0.0405675001197115,0.292953663210992,0.214461341595604,0.23736243463619,0.450665282402019,0.65098230862412,0.767667901286778,0.95658984333807,1.07139339022348,0.705820028789153,0.800237844977435,0.748228907816282,0.514086602595128,0.319289408851522,0.214916807735791,0.0408659389180916,0.222890830225908,0.19010763927681,0.164063985741802,0.12728935601772,0.114158392076163,0.0713132623508174,0.0407795835942168,0.0128388564239867,38662.897134026
"669",-0.219013004281164,-0.145019075994458,-0.207945573251382,-0.0882046891112934,0.0265588383636587,0.0273224751356459,0.0410321897972573,0.0124143351047292,0.114759093803225,0.184891581833795,0.245970921289662,0.207851724212186,0.474894619416116,0.651578308875893,0.760866373100994,0.955515459745744,0.894191516962464,0.809076863328817,0.765003891697699,0.779493187736747,0.486686044570256,0.323142733860815,0.220473625229896,0.0411694591057497,0.216692203869528,0.189220328844695,0.160923527559286,0.134686814534352,0.111524194527413,0.0708234489237747,0.0421247582417663,0.0131583337673912,38673.7858222384
"670",-0.259274191561652,-0.149979326872878,-0.246631428069222,-0.070882744769707,0.0178949003993822,0.037721693472642,0.0377162818451503,0.00952659237426204,1.02873852542174,0.159416509346171,0.301382894675554,0.231464850579435,0.453552332613306,0.64112870800018,0.765645257584061,0.958669703040997,-0.00460274992190142,0.837145339763075,0.72034913243952,0.751376600174946,0.511400206292628,0.332017434063822,0.217369789281241,0.0385593051116429,0.218022139215175,0.189903119490816,0.16206446163352,0.133710673263444,0.111313612748027,0.071167054445209,0.0407670063603549,0.012919219896223,38670.4055143107
"671",-0.263004866351768,-0.163922282608727,-0.218579886150329,-0.0917857530321215,0.011945637687802,0.0398384103573004,0.0362570086027796,0.0118084530519154,-0.0929880606444271,0.302381542475635,0.12266675155699,0.254463475120593,0.458761808215512,0.644329680537368,0.767349204480326,0.957829919201517,1.114034592842,0.697832879359709,0.890762091090632,0.735133397121333,0.507986152851219,0.327488100396192,0.215350872579622,0.0387056823963083,0.223939051077032,0.19088389849943,0.161834162081248,0.13243412372808,0.114191262935711,0.0716107385170675,0.040906487952931,0.0128534316065679,38667.7326206013
"672",-0.252599334904974,-0.159167369501084,-0.221572055037457,-0.0815833000398231,0.0308173278079867,0.0339398154965149,0.0427414629990196,0.0103233393194283,0.711857374223818,0.296640049853639,0.201593156674069,0.208253109328389,0.457396790682376,0.647405980149043,0.763644044663356,0.956934321611798,0.306099454707095,0.70238436988728,0.812485959790565,0.777037868279741,0.503323666597008,0.326683552445332,0.217172228767784,0.0402496172006835,0.217291026446913,0.186155345131326,0.164295299466624,0.130713526733876,0.108730709050142,0.0721192060070177,0.041698103330666,0.0132037103713299,38675.2190956322
"673",-0.26646310698924,-0.144656297069744,-0.204978366185184,-0.06951073733705,0.0237457186430012,0.043314409416097,0.0393702216829953,0.012635382721939,0.033709285301159,0.23378348939275,0.191650074190496,0.227427725746011,0.451531459398784,0.652553229805827,0.76507839804138,0.957008289314316,0.991014191334876,0.760021450957585,0.816437979122729,0.754248169714532,0.513030099226074,0.318015728268272,0.216673381671635,0.0394647420390216,0.218187658910972,0.190767417639247,0.165864125410729,0.131171796748199,0.112451703403589,0.0713718710875083,0.0408129994885423,0.0128671577102174,38670.5612192664
"674",-0.201811306590232,-0.133084231672446,-0.232036639579288,-0.0847568620885356,0.043665047439786,0.0310831003890195,0.0410975060829637,0.012009199664871,0.28315069755312,0.200197075694017,0.271682983899195,0.31071166306268,0.44045306319039,0.649985888732059,0.762336790306737,0.957505632503511,0.717500680132682,0.790832332267605,0.747932386579128,0.674710409510917,0.516234934715585,0.323677383150121,0.219549414040205,0.0390968146092262,0.213264672806716,0.196581954837341,0.158683526744369,0.131594907134398,0.111958969220505,0.0706895284523615,0.0415695357169887,0.0132320364241897,38661.4263488316
"675",-0.221377911326414,-0.124258857824159,-0.228804411767847,-0.0927261783033879,0.0173096200187654,0.0202908730151159,0.0249314669351585,0.010342627422059,-0.481895505639899,0.144750767675422,0.170651782729017,0.183242735400867,0.45158528982103,0.651591263191496,0.773135389658287,0.957766266454115,1.49264134296014,0.845219696313823,0.844593711965084,0.806690464367478,0.514070280999262,0.326030136546448,0.213465709013904,0.0396272074590279,0.218421126076059,0.187600375648159,0.162330522705591,0.132780636527433,0.111927552966905,0.0709412499056644,0.0429061601807749,0.0130423009513878,38662.6601677053
"676",-0.222534420816578,-0.137747152541926,-0.222403459824934,-0.0754798492986374,0.0271572241270247,0.0353803953503491,0.0382212207484566,0.0103650038458648,-0.423732619967914,0.189044639688429,0.232474471955023,0.224537888742414,0.447679017380323,0.646809213725411,0.765112051068672,0.957511071769257,1.43696122299116,0.803926051113358,0.783620687842747,0.760629648223911,0.514914511756818,0.326658040251283,0.217448036720044,0.0396625407746509,0.219643581396485,0.187674305437575,0.162364805102357,0.131370980204311,0.110870223596736,0.069554092131165,0.0425593362880151,0.013163113495472,38673.0620546855
"677",-0.206124022173228,-0.17421108482989,-0.208330122187859,-0.0815541880499008,0.0250943514390279,0.0310182463942503,0.0348849784862735,0.0127959825411599,0.754017732609703,0.134819679266795,0.224925604296803,0.196156173680942,0.444557001064649,0.657355196220253,0.766296687755753,0.95763754795038,0.250910844293305,0.869800803730456,0.784666452473906,0.788320453565259,0.517421095567857,0.317367112905896,0.216872913593442,0.0385233244428004,0.217410511597275,0.192337686462708,0.163442702634345,0.134159612670717,0.112968207758758,0.0721064451501586,0.0416475626750985,0.0130441568249356,38670.3812373977
"678",-0.257052856144264,-0.169985858951628,-0.213330925570446,-0.0805003241756458,0.0359976259640224,0.02433351035344,0.0330565496730952,0.0101331148116485,-0.361276326077225,0.189693458614796,0.263481483951798,0.227073076545041,0.436448297979405,0.661115969220295,0.769849619801172,0.957100801688835,1.37937960490662,0.811865629113186,0.749690416871999,0.757436908903981,0.523236924282505,0.315874787524599,0.214385645056741,0.0401617689631303,0.224474080422532,0.192930616605785,0.161473646655638,0.131786065486913,0.110483731071058,0.0724779767040617,0.0414377752057812,0.0130144328864479,38669.6829124547
"679",-0.249897377957237,-0.171675731496212,-0.215422413589722,-0.0919812414618291,0.00996865348149202,0.0226993893844621,0.0378627502790358,0.0119807823944494,0.162931017909724,0.214382598870788,0.241853000099488,0.2486406393541,0.473999775022343,0.662574325789512,0.766160466107878,0.957488466543102,0.857535264609675,0.788370571812242,0.770006257541185,0.73919516329222,0.492308618243916,0.314077969507139,0.216595225974061,0.0391931838144708,0.217115678691029,0.184640718528042,0.165519551685754,0.13002874636324,0.112063039965982,0.0707389438292428,0.0412757878066028,0.0130669307871702,38675.1249729629
"680",-0.235175490377812,-0.166217467086322,-0.219497784689093,-0.0812698309954166,0.0382829931992857,0.0315803027590217,0.0316900228849644,0.0120595935018657,0.915586881887471,0.20988472119052,0.236049875957705,0.214355159505473,0.433723188431072,0.645253588553212,0.766045336712219,0.95704557640378,0.097985599975172,0.790979778950329,0.778155255899844,0.771775565837878,0.52437906536707,0.329467254500705,0.218743899357484,0.0395171667180629,0.217740193689528,0.189085474789114,0.161044741498091,0.133065264628057,0.109799337689294,0.0717755922585314,0.0415442968107654,0.0129791479322968,38678.3747800291
"681",-0.252453292887751,-0.173759451248511,-0.240519191744293,-0.0911036341740563,0.0113023652073306,0.0331614971799553,0.0345204957570431,0.0104994729447469,1.16369590102511,0.310187704258033,0.19359120815418,0.194961875764696,0.49601065224464,0.64265411408989,0.769740541541539,0.957498085547887,-0.144269740085823,0.693654435070133,0.824778430803139,0.79321470771778,0.469128862808452,0.331405322029298,0.214024315215944,0.0395430562586309,0.213562896021169,0.184739932328485,0.16363682874577,0.133125643372391,0.11129846432557,0.0715085377900288,0.0429547348593105,0.0129405071228828,38665.6180730453
"682",-0.218932027602822,-0.159448874888257,-0.221738748385451,-0.0702879131565707,0.0462506790185956,0.027335343573422,0.0327057972531276,0.00863449877109507,0.321242909583374,0.23134072376336,0.223430934848063,0.233125577987942,0.468944474993849,0.654755991909692,0.766348149092325,0.95754657632634,0.688815854280109,0.769022481891181,0.789710199850611,0.749545627315913,0.486534021687708,0.320771579458511,0.217596864098186,0.0403859100252452,0.223598686164078,0.191214251879454,0.161002677998657,0.130548470885619,0.111802986788098,0.0698675609222528,0.0409620528286628,0.0132626674068047,38668.0082670302
"683",-0.26027262203907,-0.13439682470286,-0.21922440887455,-0.0720317492113163,0.000976042772762286,0.0310995166131762,0.0415154588193613,0.0134738163943521,0.493562690975417,0.180162463389146,0.27514871026185,0.216895238964287,0.468815787375826,0.644872178270896,0.759688438274991,0.956453103584692,0.528052257690315,0.809312677462409,0.738410935238748,0.76514356653561,0.501852225892224,0.329976270597733,0.222176473633912,0.039906047241113,0.214094533069548,0.189021827887475,0.162871392049286,0.129997851862653,0.111831487135415,0.0708428569134246,0.0414063513891205,0.013107812451976,38672.1283908259
"684",-0.245945495268063,-0.162175872411676,-0.222723897461293,-0.0732971717954458,-0.00494359389182607,0.0175696898819068,0.0362281641023565,0.0117315456207512,0.646661143475746,0.257888924338699,0.213743558229997,0.180003750106496,0.497244985302778,0.658462148505673,0.769887485917546,0.955673916391502,0.369672959915643,0.742229218719563,0.800187452983204,0.800794321839957,0.47468094382322,0.320608223011998,0.212911088203751,0.0413327293454719,0.218776424673313,0.188365848402533,0.161589285560343,0.13246124236725,0.113077696534156,0.0699257705580476,0.0410433046553211,0.01307082871252,38668.9596466305
"685",-0.234299766399536,-0.164171429077326,-0.242989457981168,-0.0880060351722451,0.0238953224910853,0.0278369463738256,0.0319167030018712,0.010614243987612,0.349428068074666,0.243786612019542,0.353996930987803,0.208270090325724,0.447601827566173,0.65543666038538,0.769362095988046,0.95707226979854,0.664570756296864,0.756085675211668,0.667379996477403,0.77965540157469,0.51454307276691,0.320703946426374,0.215025154779921,0.0398833449188701,0.22327403571459,0.190370436960365,0.162233579719303,0.132601769198318,0.112551438041835,0.0710104469939715,0.0425437441899212,0.013405625294151,38670.7000850786
"686",-0.298650144458422,-0.158964282575658,-0.214125315566103,-0.0621877716195674,0.0151586142722439,0.0379638003431886,0.0323408037012315,0.0107734268507262,1.13698459396222,0.189195358916053,0.223998205462047,0.208153684392292,0.478519878062361,0.650302963093313,0.775057848237332,0.957400914412487,-0.101605807482361,0.8093013713972,0.785840607084598,0.771572377801049,0.487865110971014,0.321595964671444,0.2086238099686,0.0395495987103533,0.226009899338569,0.189879507556899,0.161875478193155,0.129580649370214,0.112397992563052,0.0708038876580592,0.0413412195218088,0.0130662082290378,38668.2248875747
"687",-0.226171279974095,-0.169036461461753,-0.224764787035525,-0.0825164760721253,0.016209992451891,0.0296646098732999,0.0335287521861096,0.0114086545552872,1.09451684515576,0.285406621236188,0.307976440162238,0.260844410970634,0.473912579298543,0.663066670926162,0.769906469051103,0.956716287543386,-0.0817258216953554,0.716236792407685,0.706277936140413,0.725054766352267,0.491340415135212,0.311458013475079,0.213734082942164,0.0400799145094351,0.213145397614108,0.188884877069166,0.162341455621516,0.132008558503708,0.111668055698258,0.0707063250858064,0.0417646207366951,0.0132835721620338,38674.9297785654
"688",-0.238514360474667,-0.139059938504359,-0.233508961460089,-0.0721714482189025,0.00611770127148136,0.0284615788638919,0.0433016910972146,0.0109385715146546,0.0806249079453191,0.175946923688112,0.326831695809483,0.211102109845455,0.483217569998501,0.642437710036218,0.76501091960594,0.956396778689328,0.931820777653584,0.815535042703181,0.690794980570411,0.772120087027669,0.484125338942113,0.333810530478588,0.215600556681098,0.0407216598106677,0.220144455151292,0.18901532343133,0.162863841847633,0.128565919657898,0.115518424767876,0.0700117922774113,0.0411052751924919,0.0130168589048608,38668.5292355557
"689",-0.214125224524492,-0.186125099970607,-0.237178223777147,-0.0936457042272253,0.00723085636445098,0.0382347028468694,0.0375875904804786,0.00824611348746821,0.399162632395981,0.329681023859633,0.343908071286159,0.2636934449831,0.460400955036442,0.643746082554834,0.771888135269726,0.958143796661135,0.606389918341831,0.678161622200184,0.675422878200017,0.726432778358658,0.507188451248544,0.329534262050398,0.210124579906912,0.0398739730731423,0.208851935544987,0.188113470414168,0.163427867401183,0.127865634570017,0.115684382454089,0.069159524367777,0.0409430502340361,0.0130463582875794,38655.5149584017
"690",-0.237449979052948,-0.144698001889143,-0.205030441897538,-0.071228559971801,0.0212894138733349,0.0338241594796732,0.0346968928944098,0.010802032057043,1.15106285464822,0.272692683614344,0.162128702432962,0.232328268821582,0.447285002868432,0.641293844084541,0.767100403073046,0.957273544823605,-0.136393065578071,0.71993499449498,0.846873093268577,0.74858843202793,0.516747927034002,0.332768098476186,0.216196087080676,0.0397142168552034,0.219517214910869,0.184006114048699,0.161629759645917,0.131411257680797,0.111590383779408,0.0710421274457274,0.0421886988959501,0.0127113569688057,38673.4669653575
"691",-0.247939702078718,-0.164663892769579,-0.227879233114803,-0.0728109261913125,0.0218263689621774,0.0285162014644922,0.0328687139964327,0.0115178558495834,-0.478573681098347,0.173838080284595,0.231688452366715,0.274684014539629,0.459653438132731,0.649127137503961,0.765636011168264,0.95822313853944,1.49457453586916,0.826376431919936,0.786288927202413,0.706870140136022,0.502980700542843,0.325352269526723,0.218325635700564,0.0385776441005479,0.223855086125318,0.185563597935105,0.16083775680041,0.130940706469359,0.111491444192278,0.0718532904445817,0.04157198528278,0.013184877791001,38669.7698049753
"692",-0.248670263010299,-0.16215824807268,-0.253019804312246,-0.0914955182488723,0.0200859787091187,0.0307809718414162,0.039669557104142,0.0121744779800335,-0.463388209559596,0.209933967794602,0.27709699875538,0.186742473932899,0.46464983355296,0.651294213337871,0.768551655961833,0.957462704312853,1.48325664884918,0.791218847900623,0.747748435420702,0.802148983090839,0.497765969373347,0.323145430094351,0.213170542614097,0.0392521391213796,0.215911902091848,0.190419485765958,0.162214675251002,0.134455351098131,0.112295983061455,0.0708462253804603,0.0418774019441614,0.0133086631748691,38671.2550855953
"693",-0.228935308026724,-0.176419891202577,-0.23006246179674,-0.0907909974505117,0.00731056352295484,0.0388675130189057,0.0315787940065123,0.0106464744284136,0.671805353385215,0.297878369386009,0.207621905476209,0.238320847534343,0.467435939198973,0.65079441145194,0.77215235454631,0.957055424510029,0.341473402126101,0.70865842164611,0.808703846122,0.749236095169063,0.500749994998503,0.321337405809394,0.211424936024102,0.03983266809668,0.217970401571196,0.186927177578188,0.162591009530168,0.129213608580011,0.109366086867491,0.0714472652127455,0.0417817152481452,0.0130010526681404,38668.5741434601
"694",-0.266371622846517,-0.156751210291796,-0.228980954959364,-0.0874204819755831,0.0381217628645975,0.0190204114233161,0.0358981813310924,0.00962744544966538,-0.0429824867056548,0.224563508541687,0.166451914963474,0.211029235557988,0.425655665072841,0.655084505809218,0.755938270251581,0.957815052117182,1.06633239476162,0.775317518284627,0.849680526221019,0.777645739979375,0.532084915599807,0.323064144976403,0.228019443952604,0.0395175717203469,0.218713604495744,0.186472463117645,0.162230441004945,0.133478664901137,0.112087179077792,0.0692726504035338,0.0418170470364897,0.0130327456668541,38664.4889559486
"695",-0.249185226096196,-0.190645975001904,-0.222857331985934,-0.0630434121453757,0.0200073070445563,0.0248484202526703,0.0381116042632205,0.0104908381791054,1.71851904935731,0.279353748854002,0.272264214819287,0.199411460558485,0.43805304870333,0.654432010724655,0.766957489189554,0.955117537023096,-0.700377509545541,0.727140149208228,0.743600392692956,0.780857250956112,0.525619287894728,0.322061250731324,0.21549695865907,0.0422692011930444,0.215299162809789,0.187216635370547,0.162326806619069,0.130744819280902,0.110177123807405,0.0713047013466911,0.0412175642959871,0.0129941295303873,38670.1925695249
"696",-0.285378998372726,-0.147990055428362,-0.225523867095126,-0.0803131401169391,0.0165459998265148,0.0415185465414497,0.0422984011167586,0.0102912018335229,-0.128824966240137,0.212007554798333,0.325653610031831,0.171397010691243,0.467873834699714,0.651712018922323,0.76982023882902,0.959048070204974,1.16058500282691,0.780854572741024,0.689184439104359,0.815846339981559,0.495948699083013,0.319796123221756,0.210576177656447,0.0382464734873961,0.21694713449606,0.188979702926307,0.159621166145582,0.13025365371313,0.109797664408707,0.0708488597477267,0.041681107547333,0.0134986372824032,38661.0875546966
"697",-0.233400205826637,-0.189584291539599,-0.236927390148488,-0.0786052196245066,0.0208509487204062,0.0333077328970526,0.0295444551721175,0.0103400004054407,0.871915984507447,0.201623739133968,0.215098921430019,0.233852910288725,0.461318360786326,0.653967657454526,0.773796423330481,0.957913279333519,0.141504792026633,0.807319930830342,0.805263184900359,0.749994064857217,0.502117124559974,0.319431757349665,0.21139180811285,0.0393150141961538,0.221115210084815,0.185798381321189,0.160291135093045,0.128008750478621,0.111628101432963,0.0705762274831869,0.0412402026907131,0.0133210923142966,38674.0430221371
"698",-0.250529869512433,-0.179240179299374,-0.221737167895806,-0.0926189919661432,0.0336732244658556,0.0307244757412572,0.0362822954387802,0.0109697751398293,-0.56833946219351,0.284292435874494,0.246744012674897,0.238282184509208,0.437417155793717,0.655302218261499,0.770209535193341,0.958920627423401,1.5866022181266,0.719805733927496,0.769422690433205,0.751543233344722,0.523943775874121,0.319538195666679,0.212991349641204,0.0380411630560725,0.213586422737834,0.184239138815849,0.164473616583983,0.131167980209474,0.110114278502775,0.0715201137717402,0.0429711724362308,0.0129038769601599,38666.109697608
"699",-0.23841624684234,-0.173260748182831,-0.196076238738037,-0.0772086335655105,0.0295357201425726,0.0389346940762485,0.0447985569378624,0.0125317230030434,1.06216342904754,0.322916414638485,0.229046909008306,0.153220135476881,0.422396868887247,0.64594150411647,0.765303068609214,0.956068284517867,-0.0476868913627732,0.681534063789318,0.775255564901764,0.832052625033608,0.539186186093749,0.326331556850114,0.214692909440653,0.0405075980156213,0.219392576891912,0.188338644889855,0.15826268380998,0.131711736386622,0.108781223034642,0.0718219731797332,0.0420625958289889,0.0132193489815067,38665.5892053498
"700",-0.263847927726973,-0.1646786228701,-0.212012782181022,-0.0804305143578931,0.0327146403611877,0.0292269862922524,0.0393682826517691,0.0119181862548156,-0.371574300834069,0.256221410367404,0.177514417448517,0.260130847513692,0.451416926493917,0.653657161574582,0.76519170227479,0.957438013371643,1.39287613103394,0.743973952216365,0.833679931376945,0.724694478162271,0.508929533560949,0.321049660905917,0.216923427810885,0.03933740652659,0.220658978372287,0.191280723307467,0.160433338242498,0.131989278838374,0.110513293530677,0.0698298287947692,0.0424608173438314,0.0129023609645212,38673.8719204687
"701",-0.215443596232565,-0.152921401892729,-0.212065065440601,-0.0627203602116618,0.0386659185594056,0.034842293889183,0.0359164299253721,0.00949116266663861,-0.337714440649334,0.254686328062016,0.226428879968571,0.23962542241624,0.464505327368107,0.651766540163427,0.768051373594604,0.957513631722396,1.34581312613341,0.742452868721301,0.785269826004375,0.740059721514534,0.493489125952784,0.321590404059899,0.214881019800146,0.0400582152483731,0.221451758082596,0.185626883249803,0.15843660702661,0.130717755995426,0.111456730459243,0.0691141193223939,0.0399838007554648,0.0132188926576402,38668.9706425356
"702",-0.272067906787399,-0.139498100474002,-0.189459720689107,-0.0707599872705446,0.0052220979983257,0.0395302226529762,0.0401595576689052,0.0118707335504086,0.585663570311284,0.242455376941733,0.25357583810174,0.227786043280344,0.453712532350977,0.642093655308269,0.766218480052992,0.956985840685491,0.438179141565247,0.751425529517243,0.751090515717737,0.754377807673022,0.514285689372669,0.330246490067631,0.215042678069948,0.0398748667714704,0.215154454394018,0.189293350554083,0.164556462600109,0.129508424282074,0.111743962909962,0.0718211701440093,0.0416193077583968,0.0132100999121354,38668.9135300487
"703",-0.214516944494538,-0.135978901792594,-0.19616450300006,-0.0801908305315722,0.00432545709453225,0.025352980075925,0.0457336294807668,0.0104345979260153,0.0475833535505981,0.191839478226785,0.227845915605981,0.178037292675208,0.479577147783061,0.651930408367947,0.751891688691573,0.957076345491507,0.961030595910443,0.797942988353185,0.776864288841491,0.808974658092054,0.489777247912715,0.324346652436105,0.228562899052755,0.0401255887585542,0.221391154105945,0.188128669577696,0.160867635430073,0.133383093800765,0.110228228803729,0.0718956907856911,0.0420625343826199,0.0133210514995284,38666.1643442561
"704",-0.264686268732432,-0.145153197237358,-0.209278133922883,-0.0833873316761101,0.0146635588689355,0.0305345065209514,0.0366413508960287,0.0105084974816693,0.455612764553443,0.181572863647274,0.159833592948883,0.23279462971121,0.457263779737842,0.635046582085773,0.763774952507185,0.958571253267439,0.566353424312937,0.812920243589213,0.849868619591679,0.753618817544852,0.508105502717264,0.340502372566596,0.218922778596426,0.0384813327805945,0.217384965412371,0.189087024768279,0.16170814306341,0.131587428562784,0.111629771072283,0.0716524140072735,0.0413004952515698,0.0126138085658643,38671.8702518599
"705",-0.206518303614648,-0.16989665934111,-0.212141473809767,-0.0788877048401475,0.00647163898806047,0.0389188366479454,0.0361111488178677,0.0103148106851284,1.12129818493199,0.22168715879475,0.26620864766846,0.213061144441657,0.473748311336034,0.645743214068481,0.769619432886267,0.956967071869434,-0.116924814200962,0.779984795526481,0.74484623830533,0.771296375473926,0.495167471559805,0.325419576128108,0.213202251762197,0.0400878800497345,0.219463537476893,0.188968663463219,0.159151927508943,0.132216847815823,0.113748839773837,0.0720035693890847,0.0418065327837161,0.0131423974968829,38672.9315688214
"706",-0.216825116960684,-0.125792838775293,-0.247624943474043,-0.0945928863641845,0.0225198700200485,0.0299816340299573,0.0371472669216609,0.0116973247110708,0.975451202224165,0.243233646661762,0.264083804469457,0.275776620076218,0.441467626036353,0.643980186048325,0.76669508626752,0.95680396392028,0.0287842794275066,0.743487398513134,0.76036497754456,0.71330645811849,0.522894093208781,0.331922486611594,0.215665876280262,0.0401031065177363,0.215867036808122,0.19173041341301,0.157911870801938,0.130350143446707,0.110399554713682,0.0713018412669482,0.0413337024989004,0.013078268915818,38667.7091470162
"707",-0.251633641806816,-0.129300115189959,-0.250104770358192,-0.0893601823096195,0.00407330647185573,0.0285303706591013,0.0311277097720927,0.0103723501983077,0.351943803529395,0.203292558553882,0.225320365184296,0.269522285960513,0.452886578368025,0.658459734394642,0.773978664742102,0.956711958981904,0.665242363111828,0.785133488928559,0.797877660103705,0.717965241484105,0.51699573147419,0.316765823092166,0.210140483079375,0.0405206568626887,0.217297790356851,0.186352239814445,0.155498244553313,0.129341469820662,0.109801486983385,0.0699058641807933,0.0416542185194592,0.0130087733016131,38667.9647492969
"708",-0.245303044822683,-0.176430213736497,-0.231003279628186,-0.0916985883353222,0.0260853104471342,0.0238082720028135,0.0282322552360348,0.00970934296592695,0.182803761448795,0.184461036387185,0.182401659969559,0.221166225990052,0.447043018445029,0.63645759529573,0.773826085867496,0.959335694966658,0.83470551273039,0.819250061104958,0.834583498987167,0.768304892349548,0.51510908086617,0.340485279838845,0.211654283169689,0.0380609640512869,0.21560581356924,0.189704153111121,0.161437782452845,0.127149816747149,0.113165960733628,0.0708541484972985,0.0421809237842905,0.0135622316145159,38663.1026653865
"709",-0.226780571205658,-0.160390857604674,-0.200864415861497,-0.0673927036576707,0.0267644052361551,0.0263144863103314,0.0416397892466696,0.0109786129014728,-1.38490506410621,0.323966392503754,0.242121675533687,0.204494225946919,0.431300124131873,0.643626104538086,0.763650050439324,0.956499350657645,2.39254597796723,0.676198276971991,0.763823206376963,0.775344152090733,0.531668224232172,0.333055258025654,0.21778458824069,0.0408119020013131,0.217041697546596,0.189525517766241,0.157918538862433,0.128177716974818,0.108126107834785,0.0727545312506177,0.0407078419041846,0.0129719370503257,38656.1115179822
"710",-0.24846850980247,-0.161886574898187,-0.257361341249876,-0.0823325722499628,0.027545245971432,0.0254696066405025,0.0325241466509638,0.0107844368588829,-0.384915284471757,0.180477093751307,0.348960671451484,0.255825311465626,0.45331999605347,0.653952244133753,0.772090967796925,0.956210697622595,1.39858968225175,0.819880040083481,0.678540175478189,0.72910728407556,0.50849258766119,0.322277323665566,0.212006664869999,0.0409451422016935,0.215689738998868,0.187207639948838,0.161832479159442,0.132115573387896,0.11161704933844,0.0708050930670472,0.0417202982915629,0.013188492442938,38669.7096886496
"711",-0.219458366464398,-0.186392081725764,-0.219131473167461,-0.0823657455536775,0.0151186329646366,0.0320258191892561,0.0368581025640881,0.0114056106712178,1.49155005086658,0.253896084569076,0.198329313264217,0.213346381370839,0.448567713354859,0.65593990051557,0.768911383353584,0.955675675587119,-0.48082146461093,0.752079296520916,0.81513129656223,0.772419981291338,0.518968047653189,0.31784805335639,0.213483313627215,0.0413626101000077,0.218441493929986,0.187821015136987,0.161517722469217,0.13057347743409,0.110532815125813,0.0711487230823587,0.0421994013232866,0.013161330855238,38674.062396378
"712",-0.206799842008624,-0.165257222973902,-0.208157971843913,-0.100396837280983,0.0266455216997406,0.0231483605989529,0.0433848420866894,0.010987348383929,-0.258597961462624,0.225832809044116,0.241568645681829,0.248430389407349,0.445251912736215,0.6534627172195,0.758459058494569,0.957816105355824,1.26179122313216,0.774503299574655,0.766848106847854,0.743802248169279,0.51674544055459,0.323626327494109,0.222117999635155,0.0393124611002747,0.216168428285588,0.193089355919358,0.159802535903131,0.129475298054089,0.112246769668931,0.0708410076235971,0.0413244220641562,0.0131518841197292,38671.1279962443
"713",-0.222068259627138,-0.143899546439486,-0.225864365411454,-0.0798565813418251,0.0104742623179729,0.0266711688540304,0.0383412575269671,0.0108710527825693,0.676421125939443,0.138708059990132,0.248994900481545,0.205200102227373,0.481342259918524,0.648250897039037,0.771678038389323,0.957006415274323,0.330816991906527,0.853447843949968,0.764838017784527,0.779517259056738,0.485941521755051,0.328206380861787,0.210081358306209,0.0400128040748635,0.215527179427361,0.187654830632444,0.158579315114173,0.131205511501804,0.115033832159377,0.0702097837173305,0.0418238712793858,0.0131795576956214,38671.0507484267
"714",-0.225012862673128,-0.153766835541667,-0.226243834816633,-0.0929374560175015,0.0364334958188452,0.0388663495276894,0.0353178824290798,0.0107672849892364,0.59372813527118,0.222358527531843,0.282289594133776,0.237532344434093,0.457405698320216,0.648191882413751,0.769262468687158,0.95729681076493,0.416241650417086,0.776599716819431,0.733391789365499,0.751278571950639,0.500521146878229,0.323927146388431,0.214064528711872,0.0398710532608643,0.217904024100612,0.193420959016719,0.1642779767366,0.130494161680616,0.112019999549473,0.0697911173097331,0.0418966308736173,0.0131821970141685,38676.235798925
"715",-0.269615104018888,-0.129246150231756,-0.212064899955477,-0.0630507144800082,0.01782451337162,0.0255825557349,0.0386901509826099,0.0110641871937328,0.246340495558321,0.168379270320513,0.232353788617015,0.235349415930247,0.476486659201975,0.651235699009016,0.759155637404507,0.956591270736305,0.77848506371329,0.821862895946358,0.77949572513493,0.744568020481936,0.488644063254368,0.325223469286546,0.222777918191727,0.040758810601804,0.218488289055045,0.190266920013482,0.164348731638985,0.130752112592168,0.109077147148502,0.0690704105421278,0.0419860576547216,0.0132958239739384,38665.4140729332
"716",-0.273423165500574,-0.169592933700834,-0.221211847022253,-0.0682266678648794,0.0194655736176716,0.0425116908993941,0.0304121994940939,0.0101166960609569,-0.471828425071752,0.216840826114015,0.236851610640103,0.213816444257918,0.467617795506183,0.643112575422784,0.771564561005787,0.958143467292281,1.49927077270285,0.784661283531884,0.775798646200694,0.76646758867152,0.496420378562861,0.32767348856393,0.212780445401472,0.0389849336603157,0.216934772502523,0.182190874383262,0.162792076614829,0.133258411388387,0.108180803113652,0.0717935245438269,0.0424811487518774,0.0131383138351508,38668.274127925
"717",-0.248911518218838,-0.183265070070514,-0.216299358685096,-0.0950769133371308,0.0113953648363602,0.0415376672001053,0.0354093547706805,0.0112707421813084,0.0232188391687989,0.256703771023627,0.253623002106113,0.272106693583777,0.484803738144799,0.640962890881323,0.766377274756037,0.957408904369133,0.995294967085347,0.747452139294452,0.759614341260692,0.7187929658403,0.480884792220225,0.330713038521588,0.217264266575997,0.0394803541597334,0.22280197713416,0.188792745195329,0.163903205003945,0.129955822160687,0.112399317562172,0.0705704676266339,0.0415790881953112,0.0131318448068377,38672.4271449444
"718",-0.27680491531722,-0.156674688192837,-0.226372321542345,-0.0734697066303191,0.040525430919961,0.0258805900017317,0.0354294621980913,0.0100580489977644,0.878903250166596,0.237261054819987,0.218040988333221,0.218610343276197,0.459981891914176,0.642122695664029,0.762901947656474,0.957568025426558,0.150858025868311,0.760058054882585,0.796191025820272,0.764403605539271,0.4966404241137,0.334723616545656,0.220554399543849,0.0397559641951301,0.221562894541886,0.188791123125529,0.161327036303855,0.13089163610719,0.110744809399889,0.0711505210074466,0.0410399635847041,0.0131616187557263,38673.3677023217
"719",-0.263128537242142,-0.165458237935135,-0.207049267476585,-0.0537006437217612,0.0284208078376189,0.0227463170032105,0.0294411619913499,0.0107254821017821,-0.0144299251624413,0.207876868405872,0.24249297040971,0.213886375586245,0.433079229490468,0.664884448564932,0.771899142700978,0.957429867713446,1.03891997274212,0.796519952253356,0.765896371052049,0.762916597040238,0.528544136447773,0.311103049283359,0.212968356684969,0.0395554712871077,0.211273418677875,0.187364474160333,0.161296880379447,0.129584276328095,0.113944726820018,0.0710587318630411,0.0420394861589389,0.0130412744837346,38664.3224879061
"720",-0.223207857191924,-0.15156653802165,-0.229891268889072,-0.0726889717820542,0.0178569749813672,0.0201092770435254,0.0353871291842322,0.0109000345148226,0.545196065848858,0.296489593239135,0.210966286005903,0.227371690223833,0.482127494920339,0.662424048641613,0.767837839667425,0.958141270312541,0.463703454386057,0.698224052822761,0.806045976188798,0.754614394729998,0.482345710940104,0.315341359097574,0.215214569248035,0.0388080662065534,0.219720175766454,0.184809125764885,0.161096057998188,0.132554469883881,0.107649956524664,0.0710371643477646,0.0409151387972455,0.0133561243651637,38672.0338413762
"721",-0.249022535815014,-0.172599772134286,-0.234887383783104,-0.0947658600749491,0.0317061604187614,0.0349221770912741,0.0308866853100358,0.010798689275312,0.407739144367027,0.181429180856477,0.248300375355915,0.242465195718622,0.45036220806943,0.654673774773648,0.771108786598431,0.95713719792834,0.609507831413068,0.820661852387496,0.769419524043863,0.749321300633006,0.510399948429022,0.318048274189943,0.213740796199411,0.0398628525824488,0.223263103978442,0.184569775648852,0.161552850125137,0.131592182497084,0.1085796579898,0.0695453374978268,0.0421698322585436,0.0130478106802836,38670.60070066
"722",-0.222959816777165,-0.141378053776143,-0.2382822469357,-0.0713155376981813,0.0238832493033112,0.0236625721267165,0.0368579821188031,0.00944726519571835,-0.257935441534551,0.257332336849401,0.234816827331114,0.203456231405071,0.45616919210752,0.674914443730248,0.767334814422872,0.958333606349633,1.26889965870554,0.737941684248756,0.785143602442045,0.778447115289947,0.505775433568884,0.300695152494813,0.215348886105575,0.0389928625892926,0.216499320837723,0.188157771200443,0.162653186100463,0.132192850216189,0.110758221850777,0.0706137703105872,0.042246250153303,0.013064983824206,38670.8416246236
"723",-0.208897416110283,-0.162141536483298,-0.21864866715268,-0.0831598247073065,0.00994485755610198,0.0398447817704481,0.0403844465692387,0.0113527088147002,1.4421469788782,0.171982493599531,0.187452147541947,0.236744208927636,0.47273106555559,0.649549887713147,0.764421634822393,0.958034186186948,-0.438096514323506,0.828636943103494,0.824486744804477,0.748765874142557,0.494049870163532,0.321146730296279,0.217397101662828,0.0389331457701867,0.220813648185637,0.190158972446011,0.164177948538822,0.132115063673311,0.115482764467411,0.0714340339565832,0.0418075821050829,0.0131683999264334,38669.8055447463
"724",-0.234033660267775,-0.172851477812869,-0.232645674483346,-0.0823730976414659,0.0345744259911371,0.0280689795598578,0.040197181604642,0.0132144743306945,-0.464428774318013,0.26532796721629,0.257135799309923,0.223045842419146,0.45084970320889,0.65100540587606,0.765015592801421,0.95617131642038,1.47907809117019,0.735415409500505,0.763192930985621,0.762703965016074,0.50918071049719,0.324461830558358,0.216377010373067,0.0400008950232958,0.217220758365169,0.188226436749189,0.16113367705527,0.13237511665579,0.111599097207934,0.0715975983244372,0.0419625145501481,0.012953946743808,38673.6236592338
"725",-0.224074886074549,-0.176157782071265,-0.229711589324171,-0.0597548515597479,0.0134392825248888,0.0331977934668662,0.0416430082502044,0.0104829873131471,0.355857418077715,0.120867507770242,0.238543941439651,0.156939678584172,0.462969258495666,0.659331875831737,0.757793764990063,0.959114864202572,0.65545244383085,0.883895136563401,0.778381827864917,0.821176217112826,0.504136571975807,0.314834675397888,0.223512942566634,0.0377928966559603,0.215449539991899,0.188989835517624,0.158476417076377,0.132773687763546,0.110718426270353,0.0697102634542581,0.0429110539415416,0.0131443693125594,38665.0700111442
"726",-0.209680574193795,-0.127208834459798,-0.239930903195302,-0.0931901175780346,0.00490305018801226,0.0342871655877164,0.0314139358629119,0.0114361790334911,-0.410856976126923,0.248161470598981,0.291130592461161,0.203272982620638,0.489070063699247,0.646263061731168,0.771662712647579,0.95775442220473,1.41558389869116,0.738860451485811,0.729046808680573,0.788577659304349,0.479982576551314,0.327529965813373,0.212730286615614,0.0391616777066715,0.213204277365459,0.188860982580702,0.164313188350499,0.133355175901366,0.114075212209913,0.0716876181640668,0.0418589955759595,0.0129725855658673,38666.3969840159
"727",-0.223262819581762,-0.156816060299306,-0.208645514555951,-0.0863874952382211,0.0319176662779751,0.032357228575082,0.0260577052344619,0.0120604881902097,1.41109329429951,0.104462340470899,0.249534568462838,0.271380688089901,0.437035725076495,0.639854116610238,0.76848817578315,0.95860948444102,-0.400298589400346,0.89531500068978,0.761643898533665,0.716795342557317,0.522807506479929,0.334840286449377,0.218139334807681,0.0380060943151838,0.220266143635021,0.191695278259005,0.160412933631175,0.128171127014027,0.111698901262242,0.0696539025125317,0.0423463818199445,0.0130756027599265,38662.7628205549
"728",-0.236364111223684,-0.150754721995494,-0.238556046142736,-0.06276489153872,0.0243441295973895,0.0331800788556972,0.0357682324771843,0.0120189934432143,0.192537822613837,0.240606821429119,0.33286957024058,0.226899104323592,0.466843315931753,0.651852728580376,0.764921763483044,0.955302322065679,0.820865878141911,0.759364761466013,0.685771739569504,0.752320670097093,0.49613552044373,0.322153311346603,0.217564935691992,0.0414392949262436,0.219109629653712,0.185992026435378,0.160149612152156,0.131708898970454,0.11114461889131,0.0700597507557855,0.0416918027876133,0.0128718981029481,38667.4146406004
"729",-0.239234323057482,-0.13026406324827,-0.258250408247488,-0.0651143944121685,0.047948414456178,0.0504148911546831,0.0358623547985959,0.011048756930442,0.848492388245819,0.164035750780184,0.211024936434858,0.229922072550483,0.442207468466153,0.623643077018948,0.768277421354925,0.958005393535852,0.167029510574726,0.82718917136844,0.815741492015219,0.749062386157513,0.512931812919083,0.344747202487734,0.214550639886938,0.0388992916767726,0.224810452080962,0.187774604265876,0.161000555409888,0.133607213235828,0.111721572523442,0.0703820938861596,0.0416888601098487,0.0129214618682705,38665.2020747473
"730",-0.252903511928184,-0.159533070831272,-0.254310093930056,-0.077234787797385,0.0254947181075097,0.0292422548647104,0.0400626007887439,0.0113169237234849,0.229127024611567,0.259128756045857,0.182497904104019,0.22621703315826,0.44723235238011,0.654476636581712,0.759685856225623,0.955926273308753,0.791104215274266,0.737608789078973,0.84363025844935,0.758768007327865,0.515486410721943,0.32102638945002,0.222827084575947,0.0411033999744213,0.218212563878392,0.186312281025257,0.16531586692566,0.131450511454111,0.111405796964098,0.0706880198346944,0.0420080550083619,0.0131722005270699,38671.6081736049
"731",-0.246310509980702,-0.185587355695744,-0.211103669599619,-0.0907951261381675,0.0287753778824537,0.0316402942778077,0.0410300908260426,0.0129143885397533,0.843311639148079,0.255894506728208,0.208181469637414,0.169820465988724,0.440997254259988,0.653203047837521,0.763072829538264,0.95649321426441,0.174945028232748,0.752248986164889,0.802536068145769,0.819545581033795,0.519771972770036,0.321048821032414,0.218304091645187,0.0398598832146859,0.213203501468946,0.188987180525975,0.163854294725385,0.136730086564893,0.113101058322828,0.0723805664027938,0.0408228033228606,0.0131331571715226,38668.3414372576
"732",-0.195994522382099,-0.149706682839829,-0.215415077033884,-0.0834274125515621,0.0193334159188602,0.0384435671194206,0.0240744839417018,0.0126477311080845,-0.436196585788857,0.228147865808422,0.200028478968433,0.267410218336713,0.455054172670215,0.637786209396717,0.775520274017136,0.955946025297734,1.43367375031399,0.766602763736254,0.811495869136928,0.71761671164365,0.509420124707032,0.335030169903605,0.211558165209377,0.0406840630557555,0.218136109465351,0.191142305898369,0.16172809861893,0.133971687646464,0.110058592811696,0.0724012477050214,0.0414105841409153,0.013183324914129,38664.8349746982
"733",-0.251003900164433,-0.166435347504032,-0.246650144356907,-0.0789201542929085,0.0298000801138277,0.0425040586062378,0.0317756409676966,0.0114322087148304,-0.29552886115864,0.245669815931323,0.224530662091148,0.234009983553723,0.452935713084544,0.63285103292258,0.761962152684805,0.959393790585193,1.31531270490534,0.754790944282844,0.797181361807424,0.751415113680065,0.507840014998391,0.337913882193441,0.223119528332281,0.037354944655321,0.215747840282191,0.19629260056914,0.161811246080452,0.131391049525507,0.111255446964292,0.071524857663861,0.0410758510574387,0.0132813568933497,38665.683819604
"734",-0.210173036071447,-0.174981635291224,-0.228892006521779,-0.0673275316046293,0.0217729311237823,0.0280945279787736,0.0396294718543156,0.011037006229341,1.18150531410863,0.304897160856806,0.256942006179318,0.217759843688432,0.44071351418618,0.643086923476933,0.767841516948969,0.957276554998544,-0.173984444890611,0.700157468523328,0.759158310077086,0.763852787607668,0.521703503917156,0.333502394799028,0.213492079535131,0.0398027411939635,0.220447563350632,0.193635902518796,0.164078724067396,0.130247459345724,0.113285537643611,0.0715898977766711,0.0418977984329027,0.0128446914272109,38668.8588887818
"735",-0.224068769996175,-0.133656849786671,-0.249158730112004,-0.0716841519065027,0.030071187832752,0.0355049305130251,0.0411090499427341,0.0137557956148271,0.758611185233324,0.147273637760602,0.327527122281257,0.229074398736501,0.442727369387163,0.636756615475123,0.766154237107679,0.955901921118336,0.251614604112795,0.840182071864006,0.695781855398754,0.754689921427257,0.517705326603841,0.336730268685071,0.215277935340612,0.0402084603278877,0.222156274040628,0.190037619590878,0.161133596843741,0.129537922077332,0.111074231033664,0.0696902650483985,0.0421009094225109,0.0132642362232973,38667.3853849418
"736",-0.259704708849279,-0.130294115417232,-0.224877421674038,-0.0826308538045709,0.0341048368095705,0.0391192238136733,0.0311652997363671,0.00960128936219765,0.375202890145272,0.264935801468216,0.245819407045631,0.216407019630095,0.462234527888706,0.627183168098239,0.767518789647647,0.958979632849945,0.648956948265979,0.724592654143217,0.769575804277348,0.770241756169082,0.497541186419525,0.345485900900906,0.216502810879245,0.0384339972662564,0.221271597622373,0.192587890102567,0.161705246525103,0.130344547376996,0.108452045699422,0.0707599583579355,0.0416818309286184,0.0129136781608019,38666.6976878186
"737",-0.252130424242686,-0.192393476721939,-0.221372956777602,-0.0825201028429007,0.0299964356466538,0.0253957477346865,0.0351139190125346,0.0117344614860765,0.558384329443951,0.27497718636249,0.188869729656726,0.26510636616414,0.471771379749831,0.652548417387223,0.758542051309691,0.956973377070272,0.458813703923981,0.733911534152236,0.82641356945718,0.720800115473565,0.488404272710025,0.324143780160415,0.225318858434632,0.039914768204617,0.217745274532363,0.191297668333799,0.160906884336005,0.130735039829884,0.110579599445463,0.0706679468897832,0.0410198963943267,0.0132052845903073,38670.6549145761
"738",-0.227350188694496,-0.158404295121847,-0.218722152717597,-0.0756465876229976,0.0377342118066009,0.040132010408095,0.0448593361960136,0.0115654851054856,1.50160427210536,0.25066458189846,0.251267342617272,0.228710952798144,0.447426726483484,0.633129485746409,0.763160486329013,0.957434504401969,-0.489917833966974,0.748385537323078,0.762030284303139,0.754399650849535,0.5105534288808,0.339040199569996,0.216761205027055,0.0393720395310726,0.220404208373446,0.185751077638395,0.162102579943448,0.133021631113823,0.110661891838308,0.0695767285342075,0.0416897113277312,0.0126269308849625,38672.2071096825
"739",-0.245120723387499,-0.162933023466946,-0.226905112623377,-0.097485060245545,0.00809807086457244,0.0409139552977506,0.0400931316438859,0.0101812535640177,-0.113820079609056,0.247344516917766,0.284968990627468,0.19870272096331,0.451431751045926,0.639774933257334,0.763334940751292,0.956662358419348,1.12965775873186,0.751288059990714,0.729692538876457,0.79210046884179,0.516372869113468,0.331754235434709,0.218189877860938,0.0409145151993881,0.219638230127167,0.186746847266759,0.160012770468464,0.13232448206205,0.112388055289652,0.0712507258060387,0.0405837629221269,0.0127366646760431,38668.6354356643
"740",-0.239048960772595,-0.131480264243894,-0.23138097531185,-0.078182021649882,0.03518274267308,0.0280881460530048,0.0344117044545471,0.0102999900305837,0.980503020655379,0.0294756098483476,0.310729392788485,0.238064327489534,0.457176151232036,0.638530809460626,0.765331449580003,0.957506240953596,0.0364831164242419,0.960809843572577,0.708345502723754,0.746670997513877,0.501866858885076,0.337784648572761,0.218570987721792,0.0398850003480071,0.224780997553426,0.190852080602562,0.158516369431975,0.13194367518251,0.11286231963051,0.0706987509820879,0.0413111661134406,0.0129616944326368,38666.7107597972
"741",-0.255992898652962,-0.167394222729314,-0.219660421887367,-0.10586542762806,-0.0162427991499286,0.039050218681467,0.0419613028867591,0.0129903826405561,0.717796315296764,0.221251880263901,0.24987466389246,0.270047836309964,0.477860886818648,0.644339318590187,0.764788686700828,0.958119129660104,0.302034682362982,0.781807587712608,0.763020504301878,0.722995215123836,0.497991222217942,0.328004185211673,0.215807885957198,0.0380991914281689,0.210424723271828,0.187883772161661,0.157125289143162,0.133451124584702,0.112095124060996,0.0713158474185577,0.0425467581492266,0.0130605082743537,38661.5872443339
"742",-0.250558733822337,-0.141093007804538,-0.224334465972642,-0.0874966227109133,0.0229143091741879,0.0274748037710501,0.0404074668133651,0.0103499602482642,1.27540187900617,0.226314307781649,0.314004403806664,0.223969269809752,0.475605690277127,0.666005919197285,0.76274046022684,0.957643816356828,-0.257898972354241,0.767443887034747,0.700933308992809,0.764438496078903,0.488272567356135,0.309155353460305,0.219139462276589,0.0395851277675611,0.21801219776006,0.187816334323837,0.1626531081599,0.132231627133123,0.111790130166626,0.0688603806266493,0.0422970715932822,0.0131954630786787,38672.1977479994
"743",-0.215474660416853,-0.137461135728982,-0.208784293699081,-0.0745834020641643,0.0104120672637105,0.0247119920519488,0.0320417131736299,0.0115151288263278,-0.776998343166418,0.15408207343446,0.181893740645044,0.200367030614364,0.459361432281304,0.662219232750446,0.770966119309899,0.957442760853231,1.78627330191935,0.838136182896277,0.826559613562988,0.783004593762864,0.508089023957337,0.31339794890171,0.213468449003481,0.0394322417215799,0.222308331884335,0.188542793895123,0.159083661877928,0.132023950942312,0.111664442649021,0.069569495790694,0.0415864512020446,0.0132788328149426,38671.4809876641
"744",-0.236653148518517,-0.14717709437103,-0.261360364402159,-0.0749124483104464,0.0275992457107206,0.0322468676710858,0.0295414338705374,0.0112088974694084,-0.364997351782746,0.133283326984263,0.286415907003117,0.201600297054512,0.442332843258648,0.648702567400839,0.771965279920599,0.956787046140114,1.37821305076312,0.860654709410187,0.740759052516861,0.783205835937169,0.519357100612816,0.325844730089077,0.21307740832568,0.0400658888246777,0.215187577693208,0.186403226943489,0.161376989951587,0.129680128260357,0.111308406693542,0.0715526577964643,0.0410284830099522,0.0132790983995293,38672.4339344802
"745",-0.234398361998272,-0.14976576768122,-0.227920404427817,-0.0857019412466273,0.0280319403411295,0.042655290544901,0.0368810114909972,0.0111851123678938,0.857598022547524,0.191187750468301,0.235329159756333,0.237257845347588,0.478982749887445,0.637877232479434,0.771525017063421,0.958079391887285,0.157098866875212,0.80376322989458,0.780015031408556,0.749792653945353,0.480566016417222,0.33373066736558,0.210880834724626,0.038837778487553,0.220382937944854,0.189147315920218,0.161305800432353,0.130572717849426,0.111905566710238,0.0704532674075996,0.0414340606670953,0.0129692657880683,38676.0914039163
"746",-0.21343063174282,-0.181036579897145,-0.238379629270414,-0.0715385102387225,0.0146812320298372,0.0326510024307079,0.0377073368269509,0.00934104802800603,1.24382503945379,0.276215315411037,0.247962423642981,0.227000754160595,0.439081403400551,0.645019208138725,0.76830990492508,0.957541666299672,-0.238510611195343,0.729865290298988,0.771947262534072,0.75485001745027,0.526163730133446,0.328851633039886,0.213704876763236,0.040008568575459,0.220562573405808,0.192118694389775,0.164060871931715,0.131118011793381,0.113573415062664,0.0718748884736701,0.0420230529346903,0.012909496649137,38671.5901447766
"747",-0.251346477137726,-0.150390823843785,-0.19063605928856,-0.0932500141562401,0.0312656165205249,0.0337789225181167,0.0349509950940806,0.00985370176172612,-0.306424930035396,0.140903874610402,0.21603028154692,0.253281867196457,0.437667059138864,0.653772248213338,0.771352438529089,0.957544718084621,1.32416782090868,0.857468609405856,0.788454609858829,0.734936774445776,0.523661485419131,0.320006140551536,0.21165184793307,0.0398344514441912,0.214729250736096,0.189113404128374,0.163767153569806,0.130189590515465,0.110941341618999,0.0716922325091099,0.0426203529877771,0.0130786267679999,38671.8745088806
"748",-0.245009075487139,-0.192344901703181,-0.230123613960009,-0.0890146445462288,0.0278910803602063,0.0294451292141807,0.0446124343119239,0.0113369477838142,-0.432532670303739,0.250597264479848,0.219732905581148,0.234120061483805,0.436665633235084,0.660545179819254,0.762141114846111,0.956726973554393,1.4497135294049,0.759238470331513,0.795786875983014,0.75406215026418,0.524725277828923,0.314513816204347,0.218211823021654,0.0403792097997105,0.218141780756085,0.190487025362918,0.16560177769734,0.133029303475765,0.108273428144956,0.07254894955051,0.0419829458341601,0.0132075069985601,38668.6724689497
"749",-0.19834506094186,-0.158801404107027,-0.230005660254588,-0.0864326004100307,0.00398339242874743,0.0363794929019173,0.0382941947830588,0.0124288554965893,0.55404964361885,0.310713349548831,0.196553061965722,0.221967828107681,0.463935698212532,0.655011378523775,0.769241062595308,0.957191161233104,0.449873975492066,0.688845439599576,0.82191055085458,0.765417961346113,0.505302373705472,0.318432848690743,0.212826786018843,0.0393992004142015,0.221533985371719,0.197535641453327,0.15878157388775,0.132395658113232,0.11327113260979,0.0723632099888937,0.0421078987252483,0.0130800112807138,38663.09780012
"750",-0.259573909242923,-0.132205195183211,-0.2219613907065,-0.0853522868370164,0.0174216059899115,0.0202482328278587,0.0383551751973633,0.00994387918537792,0.00935274907359983,0.248819791505791,0.253321201566876,0.255859951818125,0.454422526515996,0.666130043451134,0.767014316058392,0.958274432112705,1.01191452849156,0.741815292761555,0.761291737297738,0.73023635778792,0.508693240233459,0.3114761223506,0.21484758137852,0.0390708793944468,0.225747794285177,0.185967224981368,0.160495020014276,0.133241077699049,0.11333464973586,0.0719608569349953,0.0425338802012306,0.0130429503691123,38668.4724354384
"751",-0.227379225827487,-0.164381805025138,-0.210404495714086,-0.0621783442078847,-0.00199284750091067,0.0346387500207276,0.033456162584072,0.00931279831746222,0.359315651262215,0.242117180764124,0.207026061525253,0.201977635501866,0.501995165212354,0.650575571197996,0.781921612290518,0.959209157342621,0.652056422053707,0.75596897672334,0.802596345550168,0.776850874918193,0.469181819669371,0.322426496114416,0.20103801117102,0.038254606534458,0.219479523429184,0.1899490971816,0.157693036302937,0.129487283710237,0.111880210771153,0.0689380068207118,0.0407370716055371,0.012999794316019,38662.1728522811
"752",-0.227402369984181,-0.165577670267914,-0.236671235581989,-0.0617622803519339,0.015536460812359,0.0361960677998168,0.0431985516244445,0.0113980270431936,0.299955348015786,0.136693824853046,0.205882030712614,0.160172141341003,0.461219519216563,0.656124113010433,0.760820453825259,0.957566164223181,0.711964063502729,0.864075008955958,0.813214080343402,0.819648144784383,0.505228319230275,0.315719001320733,0.219835378191743,0.0391355724445658,0.21757490854895,0.187742775032268,0.159874063710518,0.131598667555212,0.111795474361535,0.0700444155743037,0.0425731927943247,0.0132258738452013,38671.6286975414
"753",-0.259982673916209,-0.132139259021825,-0.238302315292962,-0.0651398465748709,0.027142417661334,0.0308748796080847,0.0324778171685591,0.0113639729413429,-0.511500263264612,0.160703722417722,0.260591307972696,0.236187039362467,0.461478232592752,0.65641869616464,0.763284273682808,0.956692287050845,1.5323157638728,0.829866501752561,0.75850859890717,0.743215377198948,0.500932088678339,0.317815269721912,0.221224861033974,0.0400565738494369,0.211536773342799,0.189649293274856,0.159761246968947,0.130717447436796,0.113743505407386,0.0707467630927229,0.0423049654113341,0.0131614082447027,38670.0716500785
"754",-0.209777570579034,-0.170998318254318,-0.241683371177308,-0.0946789165700733,0.00691196961228134,0.0261805304846145,0.0344064401246681,0.0131685300715989,0.240647386172585,0.283514494799367,0.271863133377053,0.265031420301818,0.451538967929654,0.664372733898404,0.768721408621844,0.956134403695922,0.765713637686917,0.719872473550747,0.748903035193247,0.724272506188967,0.516528816101987,0.310558726331859,0.215029698319863,0.0400766025467561,0.215630655178972,0.184268513148217,0.161678548384349,0.132621421583637,0.110860072841603,0.0699312958408794,0.0421806401837203,0.013250001234312,38670.7697906827
"755",-0.243718460605851,-0.193304920671272,-0.224809107619917,-0.0762056166641685,0.0164715238551216,0.0395215009512121,0.0352760700639988,0.0108382685801347,0.250656158622946,0.241126598310178,0.216933297541987,0.185249574076431,0.461683314603866,0.655355373451179,0.768545727232088,0.957339913859972,0.766480932957654,0.767860262632949,0.795973754555784,0.80043841242683,0.503171540335275,0.315956158335221,0.21452699028998,0.039890392744757,0.22216708839263,0.187248715551831,0.161310729698419,0.133605167207967,0.109704479763452,0.0712793652241354,0.041311537001792,0.0130690969027983,38671.6113845557
"756",-0.238463100834469,-0.153354917233068,-0.218496476816872,-0.112574431390665,0.0117293720269295,0.0429134258026131,0.0409734688419173,0.0121753513663916,0.567702956868418,0.151424938871426,0.240741250679282,0.260851467401095,0.461521648818167,0.640576320927447,0.761798568400755,0.957492889107125,0.448307473191976,0.845961542997034,0.772697382209841,0.734325242834063,0.506843933149398,0.330239553947253,0.219650590410359,0.0390962144266428,0.215828906166197,0.192329917252916,0.158332985207792,0.129090829027643,0.114417243398472,0.0710305985105446,0.0413890364861849,0.0133179740058233,38669.2188809057
"757",-0.245079332342589,-0.156496406954505,-0.236939363555791,-0.0594165392501166,0.0156923649376694,0.0451863266020198,0.0376497237297503,0.0103191933434839,0.553661708536401,0.168574153815524,0.267319856339608,0.189112402583771,0.481995657588674,0.642360231813284,0.765866988985883,0.958535317432541,0.465489086086522,0.83010946023249,0.750687744844754,0.790097409698787,0.483643179832439,0.328235149193267,0.216122660317412,0.0387753080465194,0.220168304176625,0.18769433119992,0.162601400215081,0.129630609955595,0.113125337906846,0.0710080500074952,0.0418546390146864,0.0129967326370751,38670.9984308585
"758",-0.215422245067354,-0.147861239538134,-0.211127517807511,-0.0738748197491522,0.0479024690846977,0.0212497354112119,0.0289657382295818,0.00983645112854909,1.22872337074454,0.144029677685826,0.172617536033228,0.22785286114312,0.430178084323391,0.657757487830726,0.776606385812703,0.95914569488249,-0.219702515161371,0.85288376934418,0.837733097306668,0.754422770353908,0.524122019670171,0.319715450491483,0.207920395441755,0.0381292559549073,0.223473413871589,0.19044646588411,0.165020874782357,0.131398606493365,0.112745386208305,0.0709689046592323,0.0405939373418111,0.0131990672904636,38665.1754806994
"759",-0.263432610114595,-0.132171496805982,-0.215000427332496,-0.0959574207507732,0.0351879760779398,0.0365227317560054,0.0379610037753283,0.0086557708983028,0.177249819902037,0.181558232288612,0.247087402683145,0.228881782709483,0.460296011930539,0.638429692171558,0.765764520646513,0.958069099867554,0.84740338469117,0.808611047381152,0.764981024551307,0.761148524253403,0.497899438734677,0.334480255907794,0.216661065931619,0.0399044887472752,0.220163530475482,0.192897643089901,0.161851258313195,0.131625701730361,0.112308245928047,0.0714802245368575,0.0408423116479921,0.0129776950128343,38672.6192748144
"760",-0.225795330210219,-0.177953282462508,-0.220047507114051,-0.0833635252009088,0.045882941309359,0.0356842848871354,0.0367710869659496,0.0125248403531835,0.510168976375885,0.207752757119786,0.342188124781446,0.202065734986386,0.458545326742048,0.650346113235445,0.770744579791294,0.956382908543728,0.502045265073802,0.795952732725494,0.672255244252255,0.78532906619225,0.496325179023325,0.322079050130598,0.211578748183942,0.0401218991388614,0.212435124653537,0.187800499858764,0.160933675396026,0.133527865281728,0.113470719411101,0.0703695519230569,0.0416778188583882,0.0130272055745611,38670.2087885794
"761",-0.224760299023784,-0.1703983320389,-0.210803194796252,-0.0729590458196583,0.0287709987835371,0.0383741265836205,0.0345401463420686,0.0102964278448656,-0.226470994211734,0.199658114467659,0.228492933793492,0.23513081318227,0.45172051984418,0.641960034741534,0.768958614561613,0.957197383025062,1.23657399745854,0.802140461973039,0.781021371095278,0.747196049646845,0.50883131743831,0.331057518561029,0.214194224525196,0.0399463342652363,0.217876528982488,0.189181247780215,0.16380982945822,0.128136539639442,0.115094984281037,0.0708411546379752,0.0416383545290373,0.0130797317892123,38673.5505362702
"762",-0.21377297702629,-0.132879636278969,-0.221332137800882,-0.0500397742336906,0.00526301808757437,0.0268551800328193,0.0363617554589315,0.0112356303676622,0.478553076639533,0.105012346834656,0.163326089329058,0.185099606445095,0.46781426310016,0.652432952838742,0.765530551813341,0.957076694065497,0.526926664461481,0.885941186027701,0.850803420141506,0.790689029934672,0.49993916296655,0.323469451982182,0.217364883034969,0.0397806387571096,0.210993211841439,0.189343352882092,0.161136196734858,0.132582570205673,0.109400843379177,0.0688914951267302,0.0413233590557543,0.0132603329400294,38668.0979207596
"763",-0.238607012488306,-0.112570469059558,-0.220471103003851,-0.0879170029366184,-0.00816881579491413,0.0325874860439098,0.0389800760656549,0.0108348517583335,0.0940800284055496,0.174693861331612,0.13293718991514,0.206435233514715,0.472842072536397,0.639879587927283,0.759389921249789,0.956494643676287,0.920140078694766,0.809821195408859,0.87980390721827,0.782798153090914,0.500623501962521,0.334632712763482,0.223311374933587,0.0405896736675765,0.223533202282209,0.188085709069489,0.162102828758843,0.129739812034653,0.11077457772462,0.0712591892723969,0.0424445992779585,0.0131620767204224,38665.3248627808
"764",-0.26125055232487,-0.155350764519458,-0.230256937193893,-0.0898316930919005,0.0372854907903787,0.0271213180330074,0.0435188491199149,0.0105160929962103,1.40747926514596,0.132715174473602,0.250361874470299,0.210005004615235,0.450386949550402,0.650309319994494,0.767116936080754,0.957718742030058,-0.38192418563235,0.865137599942236,0.766677561456514,0.779740160661704,0.509514308005897,0.325814989778226,0.213149829314031,0.0393817121471611,0.214876004776047,0.18929698520623,0.1588946087187,0.131016000299128,0.111884919201017,0.0704182700938448,0.0419538768228697,0.0129486243838814,38670.4281551571
"765",-0.207825213121712,-0.138671951902078,-0.232337086588049,-0.0731304067875682,0.0266988443798524,0.0359346748558736,0.0298390193841262,0.0105460218106957,-0.463740033996229,0.211626406471467,0.231487747043198,0.212647013163944,0.448046164611715,0.655774324252507,0.766414542954978,0.957631432259547,1.46947907366942,0.779782616670128,0.786555825290385,0.770016656613486,0.512717091161816,0.316369133222482,0.218448805643974,0.0395716908001,0.214552180264254,0.190124053494054,0.163461194582436,0.128878500032602,0.108479951173452,0.0723897604352434,0.0412983572229935,0.0132433072516152,38669.8285090797
"766",-0.230029114225773,-0.142725972203236,-0.215467989745718,-0.0891003522204645,0.0239410299512845,0.0491230396526662,0.0435753818096691,0.00998372616753476,0.101131213277711,0.239185997012768,0.310589403302372,0.198014182722632,0.454221250517044,0.643252718267913,0.7654379011244,0.958872505988555,0.911381350880746,0.752999008553385,0.702147353568022,0.790408669832705,0.508787262680764,0.325973765998204,0.214454135381841,0.0383319362022282,0.21457869065045,0.187539925371659,0.164132707382408,0.135947946081682,0.112656926843305,0.0722275220015088,0.0410587770917983,0.013043432445096,38666.5887468366
"767",-0.262267545666643,-0.146368148486519,-0.244368092019404,-0.0706415423880318,0.0333605169629365,0.0421118172411772,0.0452969302515354,0.0125792617262548,1.10489041291518,0.227769930568537,0.243155964721547,0.259120508633267,0.4473949985691,0.642577388743748,0.7678127544285,0.957149997616985,-0.0827002383454034,0.767754584337529,0.777792325989765,0.723021236798907,0.511869376998761,0.328410500491988,0.21154700179077,0.039134705789931,0.22006631318547,0.195407813370772,0.162520255077304,0.133493814315063,0.111185142582361,0.0698886209181985,0.0418290236466088,0.0132435903905644,38667.3541699539
"768",-0.286016676889328,-0.14580672568785,-0.229504204518776,-0.0898941220312402,0.0276100838131515,0.0186492740277848,0.0327512650212266,0.0109304962017201,0.013562820908815,0.186249089750342,0.182721965446446,0.193859446304387,0.421577170721167,0.652588851420247,0.762865342256825,0.958321994030305,1.01700779145314,0.807388051373306,0.834916526710001,0.794663262000869,0.540619768220827,0.326068290450028,0.221759656062028,0.0386522200021983,0.219056368637714,0.183147473504895,0.160999075491206,0.127653621209405,0.10885895757472,0.0698979807483481,0.0416321921103307,0.0130294425477937,38663.9508480746
"769",-0.218566913095686,-0.177564835378546,-0.211363552950081,-0.0720656319648501,0.0353504859421821,0.0318890204286728,0.0365735379179495,0.00988206802274856,-0.372081114340803,0.300301799969334,0.221103302046709,0.233321854699853,0.441947658388306,0.660095380268797,0.76309645359982,0.959155620210416,1.38124768912401,0.705045109958507,0.789329473191513,0.748837201381661,0.517642269988047,0.313569957002264,0.219487210441244,0.0381593130069193,0.216327098164493,0.187719640157269,0.158233504949862,0.13166241096624,0.112041268535874,0.0705073753409139,0.0414979524118759,0.0134126782218289,38672.6607241913
"770",-0.221565869528254,-0.147995349475417,-0.243508226170364,-0.110306647433895,0.035398539316226,0.034237757907917,0.033498031279253,0.0109619623246409,0.121755212210855,0.276475272104443,0.259553739516809,0.242280382647237,0.446719488001533,0.648691746116628,0.769233742446364,0.956749518128527,0.885591148407611,0.720250785750188,0.761931726688587,0.75317837455076,0.513103888639536,0.324818400837815,0.214806449017617,0.0404857709278993,0.223060504995376,0.192293900208658,0.158517655633643,0.130954259919173,0.112166124041783,0.0703014097124045,0.0417041321572453,0.0130009464485227,38670.5785471604
"771",-0.236330371862734,-0.181913636754437,-0.198324696252704,-0.0961701681969057,0.0336246655903789,0.0446210131114652,0.0439322267194717,0.0104643964019173,-0.327340740268497,0.359046411870607,0.253447647926245,0.212446269852617,0.463526083014031,0.636594145222334,0.767241024860161,0.957829344456124,1.33944587600297,0.649227534563519,0.753796350954253,0.777163965831189,0.495017051294203,0.334508209098098,0.212944900900286,0.0391588473479132,0.219206801559906,0.191448418822939,0.160575095798369,0.135722224046429,0.112488926182195,0.0700092011050126,0.041030618227161,0.0130451573410209,38662.1557080366
"772",-0.248266724396335,-0.168009948638486,-0.218380146620603,-0.0619090772163972,0.0261402002113879,0.0408427967983856,0.0415570935811626,0.00877337642274771,0.328268063923255,0.218401616776838,0.289454244093433,0.217900418885777,0.443131386208899,0.640166970575325,0.760724558542484,0.95892386423227,0.689279889981139,0.784348258753659,0.723394758349432,0.76109433741175,0.519535514312167,0.332153115801469,0.219726617328549,0.0387652847922565,0.219682562470009,0.186762930825702,0.162423675641953,0.132582151724382,0.111335265406731,0.0695328288440199,0.0414122977860857,0.0131554280370698,38669.9259914432
"773",-0.216038627128553,-0.156755589151909,-0.238723683481429,-0.0753499036410683,0.00296550146404582,0.0256900006886366,0.0341007175665001,0.0137739335788906,0.565829032986111,0.166012396762892,0.268917547916548,0.225636782784974,0.477531538509696,0.653860359668465,0.766229917484961,0.955253325924733,0.44282122014499,0.83149009912358,0.749420510233252,0.756368347478381,0.490698769778181,0.322115759845092,0.217572771295574,0.0408618155366643,0.211713770225409,0.186453144618589,0.161531715395331,0.132482370446668,0.109231870337402,0.0713226378995246,0.0421108463522965,0.0133903491611966,38669.1542917046
"774",-0.238029899423882,-0.155446533183886,-0.230130581388542,-0.0996473335595961,0.00606826501660412,0.0334902559723462,0.0422404055589063,0.00995816428895351,-0.15666996159722,0.280403741923108,0.234073899939421,0.187640371931855,0.477004660864046,0.636940405651621,0.76781951806562,0.957569524303545,1.17100840742647,0.715873873790724,0.785335749613532,0.802588880365233,0.491016563100488,0.337371087812532,0.212793974864254,0.0395778876219002,0.217345530684118,0.184605163345873,0.162258784809378,0.134001843574988,0.110449153227653,0.0708805946479895,0.0407771083042559,0.013178664544716,38665.3901156683
"775",-0.25293453268394,-0.157390180490917,-0.217468480821902,-0.0924921045668651,0.0274401928587346,0.0352669984036158,0.0367670789111876,0.0112210373913859,0.718470712587862,0.102235058130634,0.173036317308374,0.237553886902988,0.445135547301438,0.640121444812393,0.771907120816115,0.957680528164553,0.299641524824667,0.897600674169292,0.839454499821459,0.752027455927307,0.517291355915716,0.333712142962155,0.210291938418472,0.039294513035222,0.222507177535018,0.189871396342482,0.16331517677513,0.133551189515281,0.113348074626413,0.0709638101612865,0.0408614102302592,0.0130211520522752,38672.6154204361
"776",-0.275658459247393,-0.149393769747012,-0.235552962563486,-0.0928702664210836,0.0186239992955389,0.0280425647381622,0.036651070065302,0.0106221486700434,0.560866397335826,0.0881601964590915,0.270205132859198,0.262603810847298,0.47322839390002,0.648612249190315,0.767118364154586,0.956459767846864,0.465582323898464,0.906965230565972,0.748719677286269,0.726554749209217,0.491142154429476,0.326762193512576,0.21591442665349,0.0408460257095406,0.21945569526631,0.183425684231346,0.157175964087325,0.133274668349065,0.112772559946727,0.0695395495438506,0.0411723086786873,0.0132808825107515,38670.0761919024
"777",-0.240414179964321,-0.148099691692546,-0.241315342655215,-0.090267413662499,0.0171550381537463,0.0319321730150432,0.0442221605440287,0.0114962178837493,0.421702575833462,0.157758970532561,0.197130226217615,0.192413530095615,0.46355363018721,0.656019596552877,0.764777233668797,0.956341250764187,0.594801803732202,0.838703315844003,0.821992129290555,0.796424920058128,0.499978416634272,0.318091169970819,0.215298040030998,0.0405615468689142,0.221005159058244,0.189598533593419,0.160747224455358,0.133377671591654,0.11127851827076,0.0706190980045103,0.0418975910880145,0.0128918426223464,38673.5549789592
"778",-0.243448340423054,-0.168626839199486,-0.217925666057226,-0.0902719674521542,0.0183305071951542,0.0337561657821725,0.0343202900716529,0.012422692225981,0.387718823237203,0.24224296668569,0.281324733792248,0.236079786945667,0.466578534075911,0.645904025065091,0.768916256614022,0.956729736360056,0.628315373383553,0.762083249738161,0.729855372594794,0.751127897803912,0.496945105303545,0.327894219632752,0.214476802602566,0.0397144704006151,0.211536030966265,0.190418637258147,0.161787477829563,0.133287313521919,0.109767022666075,0.0718153397470445,0.0409717724734904,0.0130848280977133,38672.758577769
"779",-0.265661368878442,-0.142678182859426,-0.242449747010887,-0.0950696054194602,0.0147018879541805,0.0347650034325564,0.038856357791205,0.0112351019081521,0.675036278857838,0.207216382789461,0.287924688348306,0.208423469832906,0.486158768004264,0.666680030552848,0.761672864134277,0.956374042600611,0.349356114578228,0.785714079983761,0.732513446781383,0.779312416067412,0.479407093660276,0.305467834459277,0.22088065410333,0.0405030679903065,0.217628671419798,0.186051712127544,0.163899337548206,0.130877966231646,0.108786252676398,0.0705142738007437,0.0416393007083857,0.0128490355110811,38666.3165830117
"780",-0.291030976680983,-0.151016594232559,-0.201689610122815,-0.109283866334745,0.0329133637804486,0.0212347714310747,0.0354673196466863,0.00891402518527531,1.00795187786108,0.24632784579993,0.180568028785581,0.266494968582468,0.443023130300431,0.655073140032151,0.765442148316197,0.957107090131278,0.0259654859069601,0.751015453538977,0.828669829072648,0.726477729932871,0.517580641505842,0.32274612934709,0.217992944210377,0.0406467889939023,0.222661689388366,0.189947123394435,0.16448079384396,0.13292657628595,0.110871250783893,0.0718443028429217,0.0410171258749329,0.0132028999388273,38665.4149207451
"781",-0.241776105521216,-0.165321627205513,-0.222151212504845,-0.0758022031761399,0.0124956302677449,0.0364410029302615,0.0357991385316759,0.0122347164004323,-0.351859260905442,0.160470517731532,0.250500077045218,0.194208447344368,0.455886685039052,0.651954460901518,0.764337187204154,0.957261851618363,1.36808509668533,0.839696181297535,0.76290512518162,0.79068377801308,0.511949910788178,0.320358622953515,0.21870917874242,0.0392259616736116,0.221265673998404,0.191263334213803,0.159798569766661,0.132050332184779,0.110819671314155,0.0702141861597197,0.0414888712770131,0.0131249782245619,38675.827349914
"782",-0.234582293991518,-0.13496447365798,-0.226647983409034,-0.114732016718946,0.0297339239388659,0.0253303256005712,0.0352590280451037,0.0108101959997347,1.14147126781321,0.134532797325602,0.270839516236549,0.243407764317039,0.434246888396146,0.650355160369125,0.766495838959236,0.956737894408593,-0.127194038036696,0.858234299469313,0.746287785071137,0.753995319929857,0.526804139324476,0.326704881961018,0.216560492938368,0.0404009610767167,0.216365873147647,0.184060826058483,0.162915453540408,0.130948955234999,0.113840110219518,0.0717047933572755,0.0422906203830094,0.0130116345084255,38670.0156373638
"783",-0.23311971333607,-0.184110374384062,-0.199456390501141,-0.0652961165878825,0.0234193201066675,0.0325994432162248,0.0375301892820591,0.0109138913139131,0.791847135569753,0.159636441272987,0.203189754072127,0.200635412050323,0.454044121114682,0.646623847975862,0.758857309645093,0.956861182142488,0.22242394019726,0.848624004185281,0.803621498786124,0.779463031987755,0.507515081459722,0.328179178895622,0.223304695160912,0.040221619064356,0.221639879108653,0.186502572736746,0.161514062266623,0.13116305639535,0.112708794330463,0.0711642241931324,0.0415085237934837,0.0130501596793182,38670.1685709453
"784",-0.201540568346934,-0.157036800282203,-0.214754404501947,-0.0520600888683233,0.0406271906818843,0.0236747381453685,0.030875482542104,0.0118842598307333,0.559951690252878,0.184732569617713,0.241268546929367,0.224536883943549,0.449942924922391,0.659715613532873,0.769843002578871,0.956575453140498,0.44226871012256,0.811710307248848,0.771948726978465,0.751672926321462,0.507341243735242,0.31686746408308,0.214798350603115,0.0402313533492125,0.221538417280191,0.187544914531478,0.160178217079366,0.129711885271251,0.110769279129631,0.0695705200958503,0.0411287506512053,0.0128111275992894,38670.8780897391
"785",-0.254544525242089,-0.156929274042057,-0.221767567762241,-0.0813157120023363,0.0213918829179325,0.0263121021506939,0.0383444381239786,0.0119285757958702,-0.331782157134709,0.177792941602873,0.206501252487056,0.212780332646267,0.445965543110843,0.652547619296404,0.770092203262005,0.955790660576104,1.3513948809336,0.82079152719615,0.806868218216204,0.772735266733378,0.516840244891097,0.323520242047177,0.212330203351701,0.040946783535703,0.215318489057217,0.193786821100535,0.16163457224048,0.130415696497472,0.109761822970537,0.0710247964322894,0.0411848666836597,0.0134748971593341,38672.8685018687
"786",-0.224390412013051,-0.0882546713431193,-0.250628574566819,-0.067793504191103,0.0247785323465056,0.0341307195189879,0.0292990561564422,0.0130443162027685,1.22471438107928,0.176657042662942,0.285312363099698,0.231884236617868,0.467773588342211,0.651210634442794,0.768602754026525,0.955235262388236,-0.211327587104007,0.799002084946958,0.738589140480149,0.749395844280256,0.492880247018501,0.322171331388819,0.216622306665155,0.0412960005653889,0.2178443947266,0.190283550180062,0.163494465607023,0.130725861046027,0.110877991478328,0.0698422076972075,0.04216655534021,0.0130623120439219,38664.5983424395
"787",-0.265399005525294,-0.121728652442009,-0.205259326533096,-0.0786739309266867,0.0456447881761025,0.0298265730605079,0.0398348421747284,0.0112256682315857,0.648790777986776,0.20121025761443,0.206704557352357,0.236785223625112,0.426946410647904,0.661536081526817,0.763642996678678,0.957304046234145,0.375032704088478,0.786466069875946,0.802411671795914,0.74740924651179,0.529228122238583,0.313273567462725,0.218314095370841,0.0395525476714089,0.217218709079965,0.187738298744704,0.161547150363816,0.130012078702555,0.109847899589067,0.0703510256371226,0.0414558298046321,0.0130520279953787,38675.14157441
"788",-0.256752375478852,-0.177557939618349,-0.230131315480508,-0.0649349628477262,0.02412110562479,0.039206754990135,0.03605311093144,0.0130331182682465,-0.197076411518,0.309551911453516,0.252035969732509,0.261262451175471,0.467155252015819,0.63568860310364,0.761781369011586,0.956718508931229,1.21661832143846,0.693604967118049,0.76409564260954,0.718584125133439,0.495424317398425,0.336986970065012,0.221522505122841,0.0398034541067287,0.219921866067104,0.1856357118841,0.160360321631257,0.135382511942367,0.111707674282794,0.070506091563481,0.0404316385674794,0.0131284182983581,38666.0889832177
"789",-0.237859501178979,-0.164331689694606,-0.248146791483302,-0.0711501293799211,0.0171942849564368,0.0267418423537185,0.0395609965907926,0.0130484775801407,0.817875933739539,0.214861957736162,0.272080985999965,0.213623207501076,0.470624002886724,0.654468818815849,0.770195863195557,0.956439268638353,0.197272883061,0.784978812162419,0.751321041806625,0.769807294567517,0.492397384358134,0.32113818602329,0.211767520852398,0.0399271631290326,0.216996406197115,0.186196987881587,0.159430180991498,0.131820916182875,0.109663009569791,0.0701691472805827,0.0426009024198998,0.0132625789550502,38671.7401896594
"790",-0.268183757326156,-0.163389478033893,-0.205730902118049,-0.0838092621847576,0.0254880932221466,0.0351915443991034,0.0337831656161445,0.011895869989681,-0.174926494965129,0.239024246777163,0.247776428829693,0.239759706796498,0.466013336691546,0.64336290416255,0.77176313721592,0.957942709189187,1.20042775467786,0.763035059290803,0.76271034062129,0.746774278779799,0.496502533524294,0.330037275939551,0.211999534533181,0.0386060881385976,0.218398427820483,0.185967247497315,0.162133620329613,0.132363833838768,0.11209617424464,0.0716089797749408,0.041496983336663,0.0130261739047418,38675.9444558606
"791",-0.227621914437806,-0.146949378432945,-0.209862801240604,-0.0636765634616676,0.0264222019713156,0.029430631595794,0.0378335429692941,0.0125384579409419,0.366526188061514,0.191348452567727,0.247070724669716,0.232268075399423,0.452805267858303,0.643299612354825,0.761772925240925,0.955321005233559,0.645118407060153,0.801582299489271,0.765611875366786,0.746687115793809,0.506833355226734,0.332165342050603,0.220891890414176,0.0411459874162538,0.218668806195003,0.189850515249832,0.161933958739708,0.130153345606362,0.112426758874684,0.0703873561894016,0.0413572575815477,0.0129608068600807,38669.8916282187
"792",-0.256185198180018,-0.218969119944054,-0.194706363802883,-0.0769755089914063,0.0477818739173811,0.0243017987195888,0.0390394125948126,0.0124309735981712,0.920970614312894,0.329617537600712,0.292711596728655,0.203763700598929,0.42239583277266,0.64155129970024,0.759412910250318,0.955433340721203,0.100700834670943,0.688528148924579,0.713197980610629,0.780405082005111,0.532563719610302,0.335933435744,0.222715349784235,0.0412429637077872,0.215840768884049,0.188616066078373,0.16330177263706,0.129262068768628,0.112258272054823,0.0707639986937433,0.0422862528261235,0.0133574033892157,38663.0633905664
"793",-0.209460201009003,-0.177723953176918,-0.222494190434847,-0.0628567356220826,0.0253731762040914,0.028027416444982,0.037183696754247,0.0102325343022347,1.20171543095247,0.28506828365902,0.235596655371279,0.223862384671358,0.44531950920231,0.644399714883169,0.768450544292774,0.956244714642838,-0.19459677374246,0.718516425400067,0.779496409763783,0.756037367815575,0.51855535508423,0.332177100526223,0.214471809734343,0.0412270698152488,0.219898626970973,0.192179769494178,0.164207584867731,0.131227300131247,0.113056551507213,0.0720490735508821,0.0417228448591249,0.0127648966768623,38668.7866659702
"794",-0.219726076757645,-0.148502161292526,-0.220019566917442,-0.0745892420509031,0.0219208628925946,0.030042849759961,0.0386753568773067,0.0109934337907529,0.249352736273613,0.189854519215161,0.220712020171035,0.177756952074535,0.454737911726515,0.652546581508632,0.762908144209715,0.958888074887666,0.760289286504134,0.80804904536438,0.793845333067112,0.805740012431442,0.508948838702221,0.322905886754791,0.219475289004214,0.0379311177841742,0.221469052544973,0.188169866325955,0.164531955514343,0.129587106374542,0.111236203122031,0.0701075054313959,0.0422375274734446,0.0131028828837712,38674.3181325463
"795",-0.252771053238561,-0.193388609635464,-0.206485918954504,-0.0637000154406558,0.01018181853814,0.0384626051832832,0.0338054172613218,0.0110669958758622,0.82128931362878,0.151137851742954,0.228406462939529,0.232020477317986,0.474482642522159,0.649059250107421,0.77252327550601,0.956117781278223,0.200404911043193,0.856835460624716,0.781612299460553,0.748265793833623,0.493011323108074,0.323666365183718,0.211061364546424,0.0408406850303368,0.217743000345803,0.189415396656993,0.164824611343981,0.132799049693067,0.113460047039169,0.0707481627194348,0.0417178586828073,0.0130569678540393,38669.2599246617
"796",-0.237269906629552,-0.157503129367415,-0.22716976007051,-0.0487961220907591,0.0472107666282203,0.0384354278413845,0.0436547341582204,0.012314453298217,0.463856345652267,0.201695910563891,0.255360146171857,0.203235365307422,0.43247170059086,0.644459064668256,0.753210817508206,0.956727254657419,0.55048490663418,0.794406738916357,0.760968448226343,0.772228201266056,0.523119675938291,0.327824107076989,0.228114775558062,0.0397422443944463,0.223653923918886,0.189543739237245,0.159730384516173,0.130008025391228,0.109112138817317,0.0723938498189498,0.0410149103099953,0.0131384033781831,38665.994468909
"797",-0.252201683913095,-0.163649562586973,-0.242138802102003,-0.0497534224591662,0.0191522456284735,0.0385080337229753,0.0350234171913776,0.0104736376193432,0.410508771851327,0.290493490384409,0.225210678777901,0.21367021524256,0.476794968826826,0.646816032399937,0.765417438141308,0.958178804240366,0.608774813146799,0.710226759512878,0.795701742106308,0.761536967356477,0.486412781339359,0.32532629509014,0.218017789760014,0.038970670381234,0.215722000197331,0.189172440416023,0.160050216745056,0.131316835618895,0.111122531936523,0.0707649605724663,0.0412981031366261,0.0126423623554597,38673.273645508
"798",-0.259162349732993,-0.146879865974978,-0.222721067371624,-0.112080830799603,0.0308920204918454,0.0301692350593452,0.0367058844123702,0.0116282422169541,1.07267508366593,0.184493849380588,0.201490677939249,0.267901592356031,0.486140318052867,0.65378406052398,0.765961584080017,0.95772559662614,-0.0515527695909705,0.810779574439197,0.813971608581772,0.72734526552419,0.471641225819339,0.320738203402345,0.216692695607912,0.0388903656952612,0.216384375969266,0.185648522529657,0.16233413361594,0.132092791206954,0.112013872710391,0.0699177031372568,0.0411351128646902,0.0129374305129826,38669.8160843889
"799",-0.238206358506188,-0.143623808629078,-0.22042383811248,-0.097076855638465,0.0190901317458455,0.0357136387929725,0.0276882987094674,0.0111377801501486,0.414485237762518,0.184658324461955,0.270460583363543,0.270929643448683,0.455630156309459,0.651409207422077,0.775197436245162,0.956106436110392,0.599664617170975,0.807802723855667,0.743883187294861,0.720032450447537,0.508107435157056,0.322425988025998,0.210241698488099,0.0409862066433317,0.221136614357342,0.189232589317519,0.1614754294589,0.133299632078021,0.111711744393343,0.0707043613090963,0.0425208171107866,0.0131155884705629,38673.6332180036
"800",-0.244171605731563,-0.195803174290657,-0.212257150033415,-0.0709250681668225,0.0262113919863797,0.0257050255263893,0.0274813762728272,0.0114333268708685,-0.221696378102105,0.305907581092318,0.212408822761127,0.191086417246858,0.444560895435216,0.650089318717262,0.769622463372373,0.956244295444322,1.24026660423443,0.703274743985106,0.799311967944223,0.792964251771839,0.516824779037296,0.325904364900165,0.216398023632183,0.0408504395045905,0.212321411555281,0.188568480699005,0.162398960802689,0.128546646759281,0.110525198543095,0.0718739479015788,0.043428536280433,0.0130781676586858,38662.4564467974
