"","beta.1.1","beta.2.1","beta.3.1","beta.4.1","beta.5.1","beta.6.1","beta.7.1","beta.8.1","beta.1.2","beta.2.2","beta.3.2","beta.4.2","beta.5.2","beta.6.2","beta.7.2","beta.8.2","beta.1.3","beta.2.3","beta.3.3","beta.4.3","beta.5.3","beta.6.3","beta.7.3","beta.8.3","beta.1.4","beta.2.4","beta.3.4","beta.4.4","beta.5.4","beta.6.4","beta.7.4","beta.8.4","beta.1.5","beta.2.5","beta.3.5","beta.4.5","beta.5.5","beta.6.5","beta.7.5","beta.8.5","sigma.1","sigma.2","sigma.3","sigma.4","sigma.5","sigma.6","sigma.7","sigma.8","lp__"
"1",-0.251285717187553,-0.135594425554329,-0.270406438092818,-0.154120110023991,-0.0163695352770152,0.0140270352984389,0.0179919778189837,0.0182525653895156,-0.126770006927102,0.278206005551301,0.317316663699386,0.287631114418785,0.467338372710047,0.681257242708262,0.829057413540413,0.957156359816034,1.15338490047951,0.734266313689284,0.712323282179059,0.720996813474971,0.510935513567611,0.301696422822923,0.159659420968898,0.0405049200144351,-0.0410775932062373,-0.0508222665743481,-0.0643884599749136,-0.0584336381274711,-0.0431534941929037,-0.0262577724065731,-0.0135722324792423,-0.0024134634509022,-0.0014125349435273,-0.0879915028657784,0.0990436591452215,0.0874962158421329,0.0406687329369648,0.00313716579710527,-0.00208428694337384,-0.0184623934971217,0.212949485117359,0.186937111617288,0.160361215923831,0.133053888362681,0.110263907044428,0.0698883135979327,0.0433377282347532,0.0127706064262801,58076.0353754402
"2",-0.273898566057951,-0.133111517391685,-0.27382824423305,-0.133313903541072,-0.00787289824452287,0.0189279728389736,0.0163962426422617,0.0166609052186318,-0.0176612045180749,0.225353541904355,0.297326313976185,0.302945243230043,0.462630394924729,0.658660729101108,0.822115299534024,0.958787710291488,1.04579295079785,0.780014581702969,0.741730794657675,0.700628288507118,0.514637252021903,0.323580045211478,0.168548475479849,0.0384002223884553,-0.0437868512778067,-0.0386359643504428,-0.0671016285088898,-0.0549065327912452,-0.0493157724846277,-0.0229449807308706,-0.0162930900126751,-0.00280551182966172,0.0327352931829722,-0.0621958241640305,0.0490965085679035,0.077215044421435,0.0380722090873738,0.00347977276069664,-0.0066343552810671,-0.011869788101661,0.220241767991488,0.182963820578558,0.15989088088398,0.131726010441427,0.108617871259009,0.0695795507913909,0.0431120841812644,0.0124107496308011,58081.7625610488
"3",-0.278620346001678,-0.180504219347655,-0.253309164187294,-0.127691560412636,-0.0180075009413249,0.0263621196187985,0.0143023728224468,0.0165041040633183,1.19081818550691,0.269686533941832,0.318945908390413,0.301468339308499,0.476815882710746,0.684491261973311,0.828869820386087,0.956189204498044,-0.151786644720355,0.747331025191742,0.707990311375054,0.701455357184021,0.499833847577842,0.297627193810861,0.162014923526648,0.041168564535677,-0.0499320812078255,-0.0463932351935787,-0.0681506003518956,-0.0546806598273031,-0.0414877926675165,-0.0267308167741422,-0.0181804407630955,-0.00276315436898885,-0.00909536158813009,0.00361489717694416,0.075148375116598,0.058471217775702,0.057324535673231,-0.0156433549803851,-0.00265440142432221,-0.0112761823955835,0.219216709316139,0.188008875572956,0.159149415479188,0.129846542954757,0.108754001764569,0.0693257919249558,0.0434869632772861,0.0125519895469396,58082.117315756
"4",-0.279925573067163,-0.184804955119824,-0.294947568614653,-0.125258208935218,-0.0169800521553302,0.0263473728751636,0.013088598785767,0.0172639528930411,0.814623359800297,0.329072036417542,0.264571116786816,0.266728858601706,0.470702255858086,0.67035846237216,0.829292080115718,0.957791915695907,0.220471345826345,0.689076998087332,0.77312709262542,0.73695226226518,0.507374681341964,0.310885256766038,0.161381004545215,0.0396256073342662,-0.043552559295278,-0.0541988963044944,-0.0646032561589234,-0.0491426354887343,-0.0497316297297756,-0.0226630316756534,-0.017502473663097,-0.00239421436768006,0.00106317397918548,-0.00216215731188959,0.096810713245776,0.0455648528951641,0.0526582294053958,-0.00897012914036915,0.00206609089698324,-0.0142783814615391,0.219535367767643,0.181509950234148,0.158427662606557,0.130964745381482,0.110874366399491,0.0700737839600639,0.0436538876162216,0.0124946604731844,58089.4913978543
"5",-0.228098172915682,-0.185522666962447,-0.276405029442176,-0.125395215190434,-0.0136493660100734,0.0251238774943952,0.0178376097932096,0.0197514082053645,-0.0959243466846298,0.296154338784761,0.332664016637191,0.296249712890683,0.461559978084211,0.672505847971433,0.8238820240752,0.956176894749342,1.12301212816763,0.725249603964875,0.699304759752509,0.708010528664073,0.516915933042168,0.309703232529139,0.165534769361796,0.0405537703670923,-0.0467329056404239,-0.0633059170240026,-0.0666396066877468,-0.061486496975937,-0.0471039018120672,-0.0276211987379762,-0.0159682355163244,-0.00191568060053796,-0.0474037992101828,-0.00278408438072841,0.0922840088525833,0.0574143258893303,0.0395057026276736,-0.00905515322625405,-0.0012249513637122,-0.0154681201696453,0.217756908609048,0.184508314854624,0.159270878032882,0.133281336109002,0.109240659105808,0.0694650039920165,0.0438640676576359,0.0124381239476753,58089.1303083844
"6",-0.2302107788246,-0.196443431903067,-0.259657083314356,-0.149007414361005,-0.00284036252481368,0.0241488099265152,0.0157439742112021,0.0164787813935708,-0.64575891008338,0.391627376823835,0.32094066632588,0.293925628460897,0.475995490141105,0.670812042969065,0.829140515084306,0.957548331751689,1.66622540596923,0.628125285763382,0.710620566495986,0.711828533879674,0.498989964273421,0.310304813242879,0.160774537277734,0.0395229058312823,-0.0422192634235208,-0.050960006500585,-0.0680604495160311,-0.0580312373278852,-0.0467086613811443,-0.0209452164606399,-0.0167008410099953,-0.00296218398176703,-0.0113821675862069,0.000852134398630945,0.0617090416350379,0.0948364664611178,0.0401363333288966,-0.00557642848955647,-0.00358316671748424,-0.0106559648753285,0.220939428180259,0.182126961140889,0.161272067572509,0.130402783468688,0.108103702562071,0.0689581182706288,0.0436136126652102,0.0124048199553768,58088.7699170213
"7",-0.193998644786274,-0.129982971757859,-0.254147308936625,-0.137872508153102,-0.0251144420643402,0.0183493324113622,0.00846007803272143,0.0155566330511144,0.906602325975683,0.424588331587664,0.364506269881071,0.276714144882247,0.472552723649459,0.659402728786316,0.832730066147829,0.957800784878226,0.11800144924315,0.581261093107756,0.663973717687424,0.723982903058131,0.508186312265835,0.322582238025666,0.15856531145004,0.0395398823682961,-0.042766874327379,-0.0518328418282448,-0.0611653993025131,-0.046004795087355,-0.0527584913681647,-0.0233427676750309,-0.0191625390431267,-0.00214162291632747,-0.0993563625306448,-0.0464921650050341,0.0710895972399338,0.0913475371285378,0.0638596502870157,0.00578335385946442,0.00908874902685023,-0.010561812347183,0.217180107758634,0.184598270069862,0.159199369984523,0.135108800091061,0.109929048179137,0.0710518184666406,0.0429114649632688,0.0124566574383347,58067.2752838429
"8",-0.263427074112136,-0.191178829167089,-0.284035442138504,-0.113879883361674,0.00743823558937287,0.019594026660054,0.0234468161738985,0.0171513795711117,0.94451017409229,0.342309524259387,0.302050819431476,0.314399022435537,0.477473502769609,0.664301557586531,0.827887340836876,0.959276842452721,0.0800168205675648,0.678901033630014,0.733185124060865,0.68388550063914,0.495218659456075,0.319149330469265,0.1598337446722,0.0382087585710867,-0.0354937121610618,-0.0504625988169842,-0.0650852138121264,-0.0512815997814312,-0.0439087837836466,-0.025113746023931,-0.0159349147886255,-0.00318251466227651,0.0247049838984988,-0.00967833216949593,0.0891201659621518,0.0565425636694777,0.0177976395232014,-0.0029879504870389,-0.00795880422435566,-0.0140161854278485,0.217225298167445,0.181711046489322,0.157856367085961,0.132579121341969,0.106742403644383,0.0698822294574422,0.0444179671605036,0.0127580745930518,58080.6563258213
"9",-0.26274308796296,-0.163208913042756,-0.321793334103897,-0.134043594861285,-0.00620321767511269,0.0270216538220993,0.0103183105971152,0.0153339468613417,-0.128252653313748,0.254499636330139,0.328270318840696,0.343259887150387,0.464990057967541,0.668727745700351,0.825304877987059,0.958362247324693,1.16323409490936,0.754572370891904,0.711939788901793,0.658734745228727,0.513603179483659,0.311756262522117,0.164947090017654,0.0393645094669267,-0.037635276673482,-0.0527569593524112,-0.0663593938984303,-0.0568235037745626,-0.0498321046069746,-0.0182146985798581,-0.0178937770668012,-0.00326530578078528,-0.0393117495847768,0.00973537604015868,0.14985433561518,0.0816854369511614,0.0239747222145203,-0.0131218856391192,0.011563866901723,-0.0110927303567328,0.216277939721379,0.179633711701167,0.15856777369759,0.13219623633995,0.108629238531613,0.0698372793545646,0.0427959667214962,0.0126781070213732,58078.2720543523
"10",-0.21782222518338,-0.157167433357277,-0.273441532584716,-0.164540200730427,-0.0181519019097897,0.0313415436196687,0.0219685091048631,0.0177271563608855,-0.289157610218639,0.314825706395265,0.285021144512609,0.32871441210356,0.474842619679432,0.668613263502383,0.824140320519394,0.957412970795109,1.31234768609856,0.700949016386579,0.749679828657829,0.685023039506431,0.502413163278233,0.309651165582864,0.164564586131669,0.0395042051099753,-0.0383308475193884,-0.0592079402590623,-0.0677957643200637,-0.0576884452867082,-0.0467554689613554,-0.0215324681400421,-0.0190270159013568,-0.00249192631136306,-0.0678372077319979,-0.0479186620238039,0.0816910883353791,0.0707394679173485,0.0487912963925358,-0.00180593975710979,-0.0037572599112253,-0.0129679252394131,0.219104622033407,0.186268439370824,0.158378732731439,0.132466250127083,0.109683446344744,0.0705755352789959,0.0438359691514802,0.012674856274845,58084.7098276105
"11",-0.258295681836698,-0.152527379803304,-0.273886071387263,-0.16882393053034,-0.00976348051066436,0.0175936898824574,0.0135755615954927,0.0187763350606628,0.450401717409238,0.286374031846766,0.377389283164359,0.27518272174125,0.494332037269183,0.669263550701678,0.831913762049727,0.956436313098888,0.581988648387607,0.728250366970551,0.658050322083485,0.732055265783432,0.482832072198119,0.31381505828525,0.158588364333992,0.0400947268338011,-0.0434583119372347,-0.0591632775440369,-0.0707037731569574,-0.0552644800922333,-0.0464765474960347,-0.022905368324356,-0.0203814270462784,-0.00222458857695483,-0.02614777279702,-0.0281298366401177,0.071223951658786,0.128487743145985,0.0295374767197166,-0.00109813718158959,0.000445237168569154,-0.0131041375736391,0.219072496050621,0.183249493213229,0.158480689536373,0.132118366143964,0.110299826413937,0.069540188080802,0.0428848956169625,0.0126310240928917,58082.7861590223
"12",-0.278615654020586,-0.161528495442239,-0.241334360756642,-0.143746510308964,0.00538986053855113,0.0236987974703997,0.0180132261800992,0.0185649299863786,0.515073584543626,0.35178358883551,0.275311715117221,0.282334869329141,0.474553940404346,0.666294715626931,0.824412387858053,0.958472919906523,0.522183017399809,0.661003616770238,0.754297350732192,0.721192963796801,0.498898232005645,0.313008268283018,0.166243692516486,0.038392610164906,-0.0492044660538721,-0.0525380675457922,-0.0621547573473522,-0.055085165942484,-0.0493009110476494,-0.0215713679448437,-0.0184605312807755,-0.00170471983488107,0.00697520796130276,-0.0203765253514277,0.0254080428769041,0.0945954649997349,0.0316847740079795,0.00711767493255407,-0.00946113069567677,-0.0159810954655704,0.219971463037782,0.187435246842198,0.159365225073237,0.134348474806879,0.108251769479989,0.0695374209855903,0.0441347324775471,0.0128972365924666,58082.3988644839
"13",-0.288072494914039,-0.160764845368564,-0.286088312951832,-0.125619531709517,-0.0188944374614156,0.0280537958085334,0.00817119340332725,0.0179281681254035,0.391147546842019,0.306558160591533,0.334051254236118,0.331249424957665,0.474378855440167,0.665555102191298,0.836042645346581,0.957599024737953,0.636449620681969,0.706026911004569,0.700447221011409,0.670957168606412,0.507179743350432,0.313365358028418,0.155883062307492,0.0393516876542128,-0.0386779520765206,-0.0501268916542156,-0.0692080964415794,-0.0587037443844624,-0.0462701135319338,-0.0213024166476755,-0.0188814764825843,-0.00278459281971465,0.0739108092309913,-0.0125154965766588,0.0991910587876464,0.0585382224993251,0.0332443115710368,0.0013934207636801,0.00198977828465948,-0.014190764686753,0.214131255551393,0.184809075991634,0.163293705028389,0.131932278357814,0.107881904083497,0.0702436498900628,0.0431332989157358,0.0125971561732253,58081.4332640215
"14",-0.282588991532191,-0.147267549529204,-0.308583958435079,-0.147884430187407,-0.0327414427492813,0.0241556172339621,0.00740179207880712,0.0171159919773085,0.968062554847325,0.324720038309259,0.285574621881525,0.332021522238064,0.487919916337667,0.671100489171675,0.82537210618877,0.957724800097608,0.0610423987133384,0.682892293469274,0.754273662259427,0.674541065489852,0.493365085560266,0.311084187495061,0.166541139377548,0.0392951891732068,-0.0607260582358553,-0.0504830780358745,-0.0672659778475125,-0.0515023155262639,-0.0487932206036526,-0.0228641452283414,-0.019661602616706,-0.00264271728452272,0.081401365315689,-0.0210008687174168,0.112863406384222,0.0835552367169088,0.0639708102956807,-0.0103217561204776,0.0102317048713083,-0.0118522357725864,0.217630689750707,0.187769597091171,0.158402608471306,0.132050591624235,0.106957294627547,0.0687318689049352,0.043193318176222,0.0124331071080711,58080.4802015767
"15",-0.27416162521064,-0.147623027183697,-0.256367649901561,-0.16556780140461,-3.97078425507165e-05,0.0313200688143669,0.0145094153570908,0.01964097447603,0.617567362345038,0.293203417262382,0.320042420309475,0.294723646335303,0.468092749196483,0.673294448209974,0.829563701436093,0.9561412940762,0.413424752847099,0.716718913094025,0.713489123794607,0.716492499297623,0.507627539936528,0.307513454536945,0.16008793968692,0.0402743116877973,-0.0339485487769653,-0.0536852668145264,-0.0618038158211453,-0.0573585374038094,-0.0469293191474112,-0.021532554134662,-0.017008983310551,-0.00219750821772868,0.00996259378085991,-0.0407214618017271,0.0341654150825814,0.091066920657735,0.0320658174507709,-0.0250448809220827,0.00376706438927302,-0.0136883364322969,0.214578066311732,0.185014697964109,0.156815984332194,0.132166905246999,0.109433570608915,0.0686857854490375,0.0431983074642236,0.0126552165571141,58085.5462037097
"16",-0.265315322154895,-0.163106348920095,-0.293084752053175,-0.154353808071445,0.00931302708456748,0.0237582258632015,0.0109421568254246,0.0193671423315425,-0.11721505536496,0.282408666917303,0.338792174718914,0.307659966997257,0.464815642676208,0.661085848866886,0.836323653202931,0.956360079419729,1.15604712105177,0.730988493290338,0.700058411414613,0.70013945438099,0.504692725443487,0.321113459746493,0.154891323879847,0.0408238346995642,-0.0404373829200375,-0.0590186310472356,-0.0741091200678132,-0.06240744075904,-0.0433471665395428,-0.0214748950581002,-0.0200759495452591,-0.00276208319432967,-0.0510541601967681,-0.00336079452488529,0.0912575971587481,0.0995089765250377,0.0489092714022169,-0.00658725558189398,0.00273876165923004,-0.0165651422513704,0.222020379031117,0.184312480581643,0.160971667061087,0.132837607510115,0.105645778551155,0.0692172544508031,0.043990986262603,0.0124659010368561,58078.3435601396
"17",-0.25312553071369,-0.139100635448111,-0.272961104749152,-0.133079222807838,0.00433823169756093,0.0380541705887278,0.00291026615456382,0.0189343999517711,1.03463217289999,0.206299769844034,0.31980884207067,0.290334879201308,0.479971948062764,0.658503614533614,0.831325789256941,0.95603642426438,-0.00776320332460197,0.807396044591371,0.714704527311715,0.715261127512647,0.496846852637563,0.320841328895818,0.161925650447775,0.0409198730982635,-0.0452544977335142,-0.0555794752827656,-0.0643806338111491,-0.0571795724187267,-0.0469736329905585,-0.0251084979679713,-0.0186832920282607,-0.00288473362110891,0.015007068843108,-0.068562599559512,0.0649271490653041,0.0600818999763252,0.00982716640574133,-0.0193398970152988,0.00751466659144356,-0.0142574611896501,0.215374778437342,0.182361161017955,0.162487157570897,0.132681830613614,0.107217603905987,0.0715919638199946,0.0441095970862488,0.0127004216488286,58081.1411653762
"18",-0.254482820220943,-0.145607032608774,-0.273104717528877,-0.142674645684512,-0.0105428541361484,0.0291988275055529,0.0273530546105585,0.0168417860407497,-0.231343083030649,0.290341646614421,0.381943999908775,0.330328021036813,0.49844797392949,0.668330589495803,0.821985633856699,0.957198433032947,1.26442417076959,0.712722460521181,0.652361212806139,0.677948680716109,0.478193786321246,0.313388115738955,0.164286960584934,0.0402041416599581,-0.0394055256947988,-0.0456905887557765,-0.0739884026564154,-0.0527708862213894,-0.0495145514476868,-0.0251350254217762,-0.0152480413238149,-0.00289087340825087,-0.0441090218708525,0.00340999197717672,0.0827778379628647,0.0527626428300783,0.0451846803639525,-0.0133983192954503,-0.00490556853045156,-0.0127064097017119,0.215900874042193,0.186223979615636,0.161513205085576,0.133585650353444,0.108488445259418,0.0689815372867535,0.0433950394111743,0.0122645762992483,58081.3985613533
"19",-0.280884763840091,-0.128700530816621,-0.258802317216265,-0.136969018518775,-0.0292070190111979,0.0285389827931996,0.0221834201945623,0.0170729406691955,0.033298003703922,0.347698347070858,0.299501209426651,0.322619275619876,0.490870227410413,0.667151577080907,0.827875338361345,0.958867421194138,0.99570281019801,0.660720232669704,0.73175278560427,0.681574666976568,0.489543628129214,0.315407513417471,0.160134034248287,0.0385394272454357,-0.038437608396603,-0.0460990287616291,-0.0595191727627925,-0.055628678346643,-0.0484537946248751,-0.0258590384687751,-0.015683402922237,-0.00328478250681598,0.0554605513835264,-0.0773184366853879,0.0554327772886567,0.0667490212341054,0.0538220627946126,-0.012504251575149,-0.00641005319389064,-0.0134659129941339,0.221356261307733,0.179516584043245,0.158738500378673,0.131861517451792,0.108384412623152,0.0707309445797767,0.0432856019505529,0.0125735443992291,58080.4073044482
"20",-0.247749444901718,-0.17334491832475,-0.261314611201416,-0.147620888568996,-0.000721566423910028,0.0412653227942407,0.0208231471485998,0.017806282050398,0.0617899832769534,0.436628161913634,0.276229840120035,0.302578798610014,0.466100697309925,0.665851209157869,0.821390240003811,0.959245610655666,0.965457144527602,0.574861602867829,0.754714285308679,0.701481850519322,0.51055750273645,0.31178592925836,0.16601089133626,0.0381163134173202,-0.0467374095888478,-0.0414767422249565,-0.0638566807715465,-0.0479721429515375,-0.0449605294681027,-0.0218244913277508,-0.0154701189071676,-0.00253304070927184,-0.0217383411212833,-0.00873242562513726,0.0636177826463379,0.0991188430110051,0.025328244793579,-0.0225115152394388,0.00676463974202859,-0.0150852950076851,0.222531223359537,0.183179838138042,0.159836173446002,0.132475468318539,0.10912760425404,0.068855871396772,0.0426918522226109,0.0124339433049143,58068.4524051442
"21",-0.287629943595136,-0.182689084884431,-0.303837248796092,-0.171328170360202,-0.0162576818997715,0.0266838036048073,0.0187854910901376,0.016949937674174,-0.460122935120511,0.366336727062265,0.316921550555585,0.287937086167027,0.444652281245643,0.66252548972377,0.826272249622626,0.958153199429155,1.49791563149454,0.649584962993854,0.726961878992286,0.724362459944803,0.533972921785219,0.319696364414571,0.162836890681215,0.0391581109125855,-0.0459955351332845,-0.0458020069348563,-0.0690587239587829,-0.0568955055752416,-0.044594550404413,-0.0182730330398645,-0.0172649834473185,-0.00230727616748816,0.0199466889807088,-0.0154023685984706,0.0931800204884883,0.108146455431952,0.049826615785314,-0.0223226896958319,-0.00360995759901399,-0.013601423264062,0.218696896629545,0.187751160690684,0.161204360031578,0.130138640171165,0.107719799117161,0.0704614778984154,0.0436648687823413,0.0126537764167304,58076.361363351
"22",-0.22871623616862,-0.171533991864482,-0.248816083831306,-0.144921241746277,0.000503100838411611,0.0313782900691853,0.0173474916946582,0.0167355448488107,-0.126273161236407,0.195539754730296,0.334339852913954,0.294786485518757,0.477347152565637,0.66609066260842,0.827118249751414,0.958522783583151,1.14573029517423,0.814794030423372,0.697824894279745,0.712063931942064,0.499266275497723,0.313990234082859,0.162091539988444,0.0390051609090064,-0.0307372676966501,-0.0580990057536585,-0.0627369825383467,-0.0482245538742528,-0.045913761695373,-0.02304908658655,-0.0163660767259095,-0.00321071048703128,-0.00954633681636951,0.0335664465110131,0.0253235349141677,0.0703527246251495,0.0276316252501082,-0.0115405223440089,5.01401524996634e-05,-0.0139676223977073,0.221205018694255,0.187361755650196,0.159556316921221,0.132419889088987,0.109827281901133,0.0699712289573923,0.0435224818812511,0.0124922839712128,58082.3757531075
"23",-0.291050898721219,-0.160235333789685,-0.278272621807454,-0.137677429626772,0.0124587963928632,0.0356208026763478,0.0154719077217522,0.0176059564471179,2.61370416060641,0.341047821927789,0.279748703374029,0.278250681590889,0.458624082400637,0.667246055770399,0.82412091541805,0.958339248554347,-1.57261266472134,0.666422066146899,0.756786156523038,0.724709076231718,0.513401243405795,0.312002544130076,0.165582615830443,0.0387038100864718,-0.0501591585752971,-0.0680644940513071,-0.0648527932207215,-0.0611461865509988,-0.0506114566055821,-0.0228436909186986,-0.0173605410694551,-0.00271867055935956,0.0130078891360376,0.0430127561699969,0.0701451559784744,0.0948619190443895,0.0302431058564215,-0.0166293542926533,0.00235859092241431,-0.0135194587299283,0.220901185762204,0.182035776855011,0.158744963533495,0.13199241805589,0.105914469550756,0.0706341808466054,0.043761053560962,0.0125129756264621,58076.4797379897
"24",-0.28102089096572,-0.156977619242031,-0.281996214414262,-0.121626832232527,-0.00973380352379887,0.0372269618717072,0.0158154088033802,0.0193268451430249,0.0416291075866806,0.276531840114689,0.367318021190024,0.313314121638624,0.49193829324089,0.661539597422277,0.82963187166613,0.956595543754055,0.990512651701942,0.735287849989136,0.671122838030998,0.688728812057861,0.484278950884346,0.316182660904825,0.160568639985048,0.0401145317813176,-0.0510962115071373,-0.0471183904690934,-0.071123276251088,-0.0601649403222846,-0.0525854922380162,-0.0190659129815896,-0.0175491074655351,-0.00181489797020527,0.0439977721751949,-0.0317609674484046,0.0679754284984019,0.0565426974717681,0.0463995399359179,-0.0108592061491496,-0.00372129407681193,-0.015689192870652,0.223200336021675,0.187784114885236,0.159271599562944,0.129921046463949,0.109250464288332,0.0688904890300074,0.0450382077189293,0.0124323493119171,58081.841996474
"25",-0.251774824577322,-0.158092165886126,-0.258927817441727,-0.130268669022704,-0.0260564604605959,0.0101941482638039,0.0174534891182917,0.0161431505998352,1.59033955489529,0.280196166039237,0.35883472058273,0.305937874190118,0.482015379334567,0.671743093304915,0.826017982987893,0.958082769543224,-0.561054936116528,0.72899869109279,0.672467627539804,0.697154605228178,0.499143588673621,0.312890034209242,0.162896726410655,0.0394067564490017,-0.0425836861393725,-0.0526705436991811,-0.0626304725982433,-0.0571290163263795,-0.0516888187231595,-0.0233591653666256,-0.0166139292662324,-0.00259297777217747,-0.0219525056559803,-0.00208096675167646,0.0491990032495321,0.0601776742320609,0.0517316297870955,0.00610527625416716,0.00237836535756319,-0.0112935360948566,0.217607837673765,0.185547046554304,0.160375800304786,0.132008207766193,0.108402194309616,0.0699013240263287,0.044384775998506,0.0124475641657162,58089.0346436951
"26",-0.259398934963324,-0.100409261744821,-0.251920198905655,-0.129993117639133,0.00315182758154275,0.0289125677756944,0.00644937844666666,0.0167087456016264,-0.496392703538119,0.211666422369731,0.37201150259944,0.311063444351788,0.460488458254391,0.669474411950989,0.828780829876433,0.958100802779978,1.53210376474468,0.786032200584183,0.655146596878532,0.691768802008505,0.511915915152496,0.31118168167838,0.162845300537606,0.0391019319043227,-0.0486149898241796,-0.0418813988203113,-0.0651744463459083,-0.0644592813056792,-0.0439579882971137,-0.0229161087353501,-0.0175340252826974,-0.00194951000037076,-0.0300064219961354,-0.0623027366699126,0.0689104182861347,0.0838289349437828,0.0438687882045471,-0.0141418360022405,0.00799309641135972,-0.0133323020133227,0.217407579824802,0.182376281336698,0.159466752565876,0.132623193981425,0.111627764357866,0.0702143824697333,0.0443817695930821,0.0124923509113409,58077.0273543937
"27",-0.255349610916415,-0.200155758221885,-0.247078099143874,-0.144082344990016,-0.00359855520234384,0.0222155138617651,0.0175613941387122,0.0172347589818716,2.5762624920312,0.394902408093382,0.324688439170012,0.289054633261716,0.488503460828227,0.671342470148847,0.822109813828415,0.957219743552786,-1.54727330486002,0.626337585852333,0.700581946721309,0.714830935034512,0.486610926194121,0.31010810797236,0.167570549508552,0.0401324675619524,-0.0490536989516733,-0.0502372702202126,-0.0634591610539412,-0.0478017230823521,-0.0524502358763868,-0.021264888865705,-0.0166552346153121,-0.00253658993116731,0.0190417764837372,0.00263713926570801,0.0620110355655092,0.0837412196205229,0.042576321855079,-0.00948056766539564,-0.000291166672318075,-0.0132669301867588,0.219312904591406,0.187031719942504,0.159031802601982,0.133146554369854,0.107201876395283,0.0703757256528783,0.0435123167304176,0.0126921837405124,58079.3448987606
"28",-0.260825522452731,-0.128161856321034,-0.276368083708743,-0.156011635721146,-0.0240786686074773,0.0219184821430082,0.0208186327100274,0.0171127389829872,0.075287170126896,0.333410152459851,0.259826559884978,0.301616862547953,0.486949231702099,0.66273844297301,0.822628617281621,0.956715939702332,0.952084852729519,0.675835594273082,0.777324269069733,0.705219057250394,0.494490333289748,0.319454956207983,0.165151640823,0.0404304544604167,-0.0405835590288773,-0.0501214598104744,-0.0717586253927566,-0.0497373266659813,-0.0452618729244669,-0.0219986341060856,-0.0153029313603475,-0.00233764008987588,0.0248949707806441,-0.0792185614853424,0.0714067290910737,0.0886507492897312,0.0439023623573242,-0.0072745910003846,0.00078201515954253,-0.0122383521847887,0.216185452675469,0.183398288822016,0.158509894366045,0.132882537244373,0.109264363219439,0.0699588191116366,0.0445726282451216,0.0125761840761463,58085.8890426717
"29",-0.239831700575085,-0.156279751027396,-0.286799061778067,-0.129893478353841,-0.0347314065628185,0.0242038476352555,0.0185089359287621,0.0203802842083376,0.02181499471902,0.285754078067693,0.284860658808974,0.273183313679568,0.493096703775403,0.676200003601278,0.817246028713339,0.957191551839415,1.0094597616928,0.725752638610386,0.752230482769878,0.727700881551072,0.490090751831065,0.308233673684685,0.171709598826779,0.0395776742673576,-0.0346108004611053,-0.051005724420585,-0.0714717050480887,-0.0537168435050819,-0.0524453337512045,-0.0186897815396552,-0.0155551029505962,-0.00308743642601135,-0.0665437574063385,-0.0355075102195158,0.0903722642217837,0.0837570521337648,0.057688324616055,-0.0295579696522127,0.000672579167935257,-0.0159538712243645,0.221621814278117,0.184324000432516,0.159551725586148,0.132394559920089,0.109243619958667,0.0695207189659954,0.0440733845873884,0.0127983165934998,58073.778322238
"30",-0.285577077772651,-0.162844479863867,-0.310573245484243,-0.127104983783887,-0.000408966286961902,0.0326242563740437,0.0110632445654281,0.0168871811271258,0.243087192985827,0.308491825887336,0.362109203340677,0.280538171543746,0.46622670399942,0.668963838312131,0.83002952135903,0.957410165244401,0.791887018041915,0.705015036283774,0.677152441964416,0.71946454065611,0.510069770430871,0.310008884859402,0.161146406921719,0.0401883497251236,-0.0537695937161448,-0.0460480262122786,-0.063075782024686,-0.0558333802232389,-0.047128940006169,-0.0234491952536669,-0.0179438499838317,-0.00247425906718423,0.0389301923151944,-0.0165634324329048,0.117425203254565,0.0834371827438094,0.0296065080796522,-0.010004911378264,0.00378735729406951,-0.0143929408725917,0.217599846699981,0.189535528027273,0.155298533703041,0.131931485179511,0.106018954859408,0.0695559740149416,0.0433356841867681,0.0124994821061627,58083.0397820197
"31",-0.281545378022699,-0.158399182417484,-0.273904938486664,-0.159873924609657,0.00596257349376131,0.0297064826492708,0.0138983409001779,0.0186288430563894,2.68752687303794,0.338078647805754,0.338036911838475,0.309403445586156,0.479726680637106,0.656870144922355,0.830784929602102,0.956874493993598,-1.64916084634834,0.681324956333357,0.700268155643935,0.703400418719299,0.491668861193328,0.321614602999923,0.159184141907938,0.040118347511956,-0.0382245908821752,-0.059801808874728,-0.0655735866464075,-0.0655327330977218,-0.0442575216663398,-0.019876295329877,-0.0162906739319197,-0.00249380031441688,-0.00078048220143834,-0.0723762739702116,0.0532056983117109,0.0800574028494374,0.0373861524622385,-0.00484572730143596,-0.00133230517472312,-0.0150586359117225,0.216267077195256,0.181803207065338,0.159201851735126,0.130697851853215,0.107214490061161,0.070438534601794,0.0439529042695893,0.0123548592857294,58075.9168317896
"32",-0.261999456373143,-0.170433215969869,-0.304704660800904,-0.132341429359281,-0.0049476254590086,0.0231997395808751,0.0122096021088422,0.0195571194760992,0.556410143625198,0.258694706965116,0.326202701808546,0.279413078009882,0.481473543230914,0.662906699310227,0.831442427629282,0.956071452135996,0.476855810622761,0.757413096045878,0.711732661897142,0.721850893523774,0.49784457110828,0.320485390311052,0.159184580321814,0.0406308556355635,-0.0392787795908201,-0.0487429436786055,-0.0723702028229374,-0.0535159777751096,-0.0468158028586139,-0.0219765019805599,-0.0194416559785213,-0.00213480884648696,-0.0265438856526058,-0.0420881280001958,0.126468433253033,0.0747058112081535,0.0213847844903725,-0.0153876383491439,0.00410352469342499,-0.0154495490631122,0.217270118470724,0.185016617829581,0.162345652264328,0.129377231231806,0.108530982944715,0.0705565528631599,0.0433313573179545,0.0125841467686317,58083.1932286402
"33",-0.248377270117539,-0.161584535445947,-0.277353938737845,-0.149309754775208,-0.0194962995282714,0.0375354977324287,0.0145938133078712,0.0187473808245318,0.771001830108904,0.271196972063521,0.35429694936062,0.305630341847783,0.483671613758618,0.670515179295197,0.827192208417047,0.955692069410591,0.255434798319553,0.74584118977112,0.680674719804277,0.698073144687687,0.494572167445241,0.306731299012124,0.164019361755384,0.0412615078002012,-0.0505860850692376,-0.0603373700221846,-0.057968965081298,-0.0534184103431869,-0.046476792902971,-0.015622216167231,-0.0174273472146759,-0.00165929589468217,0.00500369648363891,-0.0302394704079279,0.0695481268055357,0.103608134792116,0.0567186484314657,-0.0203861158334295,-0.00470321030195367,-0.0153494944181482,0.216394825628641,0.182469231129615,0.160859259657503,0.134243180562505,0.110444089850767,0.0699032728691937,0.0431295697293342,0.0122922069249339,58080.7045105893
"34",-0.268954438769279,-0.157049115604774,-0.274983293291382,-0.127123259316959,-0.0183978193701475,0.0229564396264076,0.0154854089999267,0.0162239259281967,-0.0672450714286951,0.273102456071199,0.322312014572569,0.293945600846463,0.491095125641961,0.671158126239598,0.827775415216337,0.956909074348302,1.09598078796839,0.739271870206246,0.711204271627548,0.709983172784834,0.487664560593283,0.309554965942202,0.162996079637323,0.0405727381901279,-0.033899922584123,-0.0477761286858863,-0.0575686015895005,-0.0529313610719069,-0.0482004419815392,-0.0195231122908057,-0.0196169707530334,-0.00264440618167749,0.0124145769088973,-0.0331198369400553,0.0651981979566078,0.049153208581649,0.0444495920668976,-0.000989081509725028,-0.000604970970133437,-0.0114657954148424,0.21942210342211,0.181978497636556,0.158285973590722,0.132139603974897,0.106652629763178,0.0694960002659875,0.043511455272989,0.0125396048326134,58090.9822245505
"35",-0.286107579717297,-0.176722642121735,-0.256613923690515,-0.130801044437473,-0.011441995199275,0.0344246404072775,0.00928087321915581,0.017796292972083,0.520596619552654,0.318227675627104,0.325687194583766,0.295454434677833,0.487108690621163,0.651960946862374,0.823440385013403,0.956412561530504,0.514126049081563,0.696712707951203,0.708822792030937,0.706709818713939,0.490183261363817,0.326281000971739,0.167428003984999,0.0404580697012131,-0.0377536610451732,-0.0530010205127822,-0.0708192335398008,-0.0535684268009628,-0.0407115052840682,-0.0233490607074581,-0.0162066250913113,-0.00235161148455901,0.0222202280696975,-0.00183056493190995,0.0369991630915253,0.062466951932802,0.0328911653389042,-0.00225125304745819,0.0103789610044954,-0.0117051826620349,0.218173599411458,0.182559348739361,0.161704167859117,0.130084610338478,0.110321025923983,0.0691253923754765,0.0431072206760082,0.0126234014222661,58083.4986109302
"36",-0.24298839127931,-0.183844256478459,-0.287812608715881,-0.137640406813593,-0.00994041852737004,0.0331920960742184,0.0194765728868748,0.0174826866711973,1.10543678318789,0.328562782078809,0.339618418141653,0.288591751714206,0.494791505370147,0.679770572106626,0.83000455722435,0.958897263325109,-0.0783160380669537,0.68588247366511,0.699895417109177,0.717839147672467,0.485282557898538,0.301764004925378,0.158397180315522,0.0385846389793335,-0.0474460047657422,-0.056267964150278,-0.0712202748241792,-0.0605268258025817,-0.0517986049416541,-0.0213060975296019,-0.0163136215396896,-0.00290604320031954,-0.0224539045929265,0.0158962675925283,0.0723094230102234,0.0695356306430446,0.0192497441819589,-0.0329392447016991,-0.00188040741972204,-0.0160966661116924,0.219903790977315,0.186981640435769,0.157607665373572,0.130860277217706,0.107373308928534,0.0702704654077777,0.0433047947887676,0.0128681942895292,58081.8517807082
"37",-0.219752186952938,-0.16527835937255,-0.26556911304175,-0.121618441984123,-0.0132037574785956,0.0263654153075029,0.011957954614905,0.016945584623585,0.451660439893072,0.327949311894642,0.28238608003855,0.278935423320408,0.476003241205842,0.674200829598465,0.829735853236948,0.958471033380552,0.571392469457688,0.682709251147574,0.747882455586847,0.718670468055244,0.501974277735551,0.306973546035827,0.161028701145656,0.0384712445074725,-0.0395702468357121,-0.0522297281441113,-0.0580969499662671,-0.0557796553780871,-0.055057451656973,-0.0222760426491798,-0.0163219848493416,-0.00207780812434755,-0.0488274931088894,-0.0137381537787121,0.0725667590575902,0.0789568602360762,0.0518577340090866,-0.0120879902264598,0.00103946093044608,-0.0126396405244746,0.216876322860724,0.18413758146518,0.160985631237852,0.131057416098678,0.10839859762021,0.0707712050300102,0.0426315420918206,0.0126471194352669,58085.9336103728
"38",-0.26708699801581,-0.169098451647354,-0.288670047267189,-0.171567333380997,0.0113120704404588,0.0360178009194609,0.018689287397735,0.0191474250897374,-0.711927591000728,0.295174183597471,0.2603919663501,0.284653684856849,0.479112478519329,0.672705883967481,0.822560723723853,0.954465441065016,1.74587970257104,0.719488985365698,0.778189205076303,0.726829152560147,0.4925253034002,0.306446201874596,0.165192615357564,0.0421875345468208,-0.0381583374570737,-0.0572610948694848,-0.0595623880896517,-0.055748887176998,-0.0465295652594709,-0.0217668754286925,-0.0147930989155432,-0.00196174667943204,-0.0059404949785819,-0.0101241294649937,0.0772760864638218,0.108351535578254,0.0249555592232419,-0.0157309133412635,0.00461731219732627,-0.0132852782133839,0.213371112112493,0.184068446444216,0.156030686540666,0.131855428076141,0.108073658989927,0.0695620963451443,0.0435732275870319,0.0125972104459417,58074.2111782914
"39",-0.288854775302229,-0.17734953399959,-0.283366741914673,-0.127666275411621,-0.0176411946870119,0.0267192742622493,0.0198616111411912,0.0182947448202586,-0.561829082914927,0.270038447272859,0.312481480690967,0.30956400988287,0.492961123924896,0.6692096993822,0.827109616133628,0.95733067389465,1.59872616872243,0.745332524043487,0.719486215149959,0.690571510131418,0.481966291748877,0.312004808020989,0.162776221524667,0.0399220580530277,-0.0380440966946909,-0.0465380769427697,-0.0658382105980729,-0.0529868704197613,-0.0395789268086351,-0.0218502840878216,-0.0158544731343127,-0.00281298145325493,0.0201746960834384,0.00571506949047446,0.0990066968691001,0.0779547222237021,0.0597434713723552,-0.00737355670949939,-0.0113302275658817,-0.0159357115709342,0.219005097512391,0.186690543053031,0.155492878101248,0.132377640382806,0.108991811632163,0.0690306115305811,0.0431922555319415,0.0124329507402502,58078.6008277333
"40",-0.217259496387267,-0.164200162393905,-0.297998959565803,-0.150706198073018,-0.0116158229273217,0.031487628373626,0.0150313025769691,0.0157942387753394,-0.315913784582225,0.278092131821735,0.314693226388508,0.296450783541104,0.464004123093039,0.663438483936806,0.823336722800658,0.957130101992425,1.33660426464743,0.739389833240906,0.721027971228423,0.708951279385173,0.511888520280816,0.316900289077028,0.165510804123638,0.0401625288397192,-0.037805551429406,-0.0565830980220568,-0.0671360461848785,-0.0653897796163962,-0.0491686223998531,-0.0238647365363391,-0.017217699777149,-0.00166869577221976,-0.0335457297121228,-0.0469999363656503,0.109949162458309,0.109903868283104,0.0518219728428723,-0.01329046706844,0.00667752843811199,-0.0120342282493896,0.220591594939463,0.188079240638652,0.160877958779518,0.130572328592542,0.106635980757034,0.0699687026556868,0.0435842657591583,0.0126962028017202,58082.3043844252
"41",-0.249648949677767,-0.18731095201985,-0.259407276769465,-0.129723449887015,-0.0153328463088493,0.0353562372104624,0.0172829051368998,0.0182537781077013,0.281310585597217,0.370117639060343,0.319708431000393,0.283349905470551,0.461146510249817,0.65873699698274,0.822292398547902,0.955783861260955,0.746290816772921,0.651244957271034,0.707897317532003,0.717912339040615,0.515750217216831,0.318848969672362,0.1673582437808,0.0413263175013834,-0.0378182857238733,-0.0519242439394085,-0.0675144470065925,-0.0493141969792178,-0.0435677444852678,-0.0177470398397207,-0.0158213969652805,-0.0024961191836471,-0.0279998721607248,-0.0188735521190131,0.0820079920495618,0.0768507871264415,0.0490255455314054,-0.0141429669447557,-0.0054388026158213,-0.0141446112937124,0.218054944259662,0.185552465591598,0.15921500980846,0.135295301645153,0.104415072682183,0.0718033632608263,0.0433375045529873,0.0123632682020299,58075.0112587766
"42",-0.29241675096851,-0.193329762700106,-0.241195623922241,-0.142169608146041,-0.0327835686916988,0.0172452259518556,0.0201027173681777,0.0160142265752783,-0.0148931170915615,0.27375811222033,0.295410827535377,0.284909520655667,0.480728949805763,0.66899675683603,0.829160115652088,0.958887059999716,1.05538998561328,0.747407947922906,0.731981854983241,0.721767008942114,0.502966780815074,0.315342135055298,0.159460466367721,0.0386692327543271,-0.0511177476484603,-0.0493981764953722,-0.0601277416091253,-0.0510188251136312,-0.0538164752787084,-0.0249322749696096,-0.0170196550830244,-0.0026315484779964,0.00801437148150846,-0.00788922846857077,0.0471376660485662,0.0690940931793282,0.0522108098801432,-0.00522108069684091,-0.00606151115269739,-0.0129430999153171,0.218165898313732,0.18574409925566,0.157383936604949,0.132071868019314,0.108570436860673,0.070022505888253,0.0438826826260185,0.0124862931429318,58084.0911475464
"43",-0.295472263509214,-0.157810854988517,-0.268346776296037,-0.149931408635703,-0.0123054517443979,0.0221065601215301,0.0181856296565558,0.0176753516494975,1.35284833134607,0.294919219650227,0.35875343717807,0.301364366969304,0.473345133263005,0.677865156111572,0.828727422284907,0.957068016073586,-0.317608130926485,0.71992658705199,0.676455632450718,0.705800560601364,0.501515864306999,0.304517982437986,0.160158256285683,0.0401850827484424,-0.0284288316205981,-0.0537072692113956,-0.0696715842579963,-0.0564125828026161,-0.04214652214723,-0.0219065426319136,-0.0159266470923575,-0.0019179628492781,0.0159056507349388,-0.0373710440648557,0.0605822444037449,0.0842512152059144,0.0508127502574678,-0.00805962106198122,-0.000626169981424598,-0.0153591909293137,0.220854866954183,0.186486453266358,0.158489761530269,0.130378254364704,0.109151716850712,0.0706383281298721,0.0443947507376786,0.012622571960097,58087.3578903119
"44",-0.282340037911079,-0.178904700927799,-0.310660190913027,-0.138401779183518,0.00492011849147217,0.0123087043678986,0.00590768814965101,0.0181600916323994,-0.537502319746695,0.22549387454125,0.34275885260725,0.308825684084302,0.453644224158523,0.676388603246017,0.826198460024271,0.957327240563885,1.56556367310466,0.792547585794704,0.702115200554001,0.693928574537743,0.521852217556241,0.307598716448092,0.166340860445188,0.0393290925813939,-0.0406134662433032,-0.0589207424632096,-0.0706817094766463,-0.0551475213668616,-0.051772204607902,-0.0266296192089284,-0.017793141689517,-0.0027202950423377,0.0518124081090267,-0.0046798821023511,0.0862443326421258,0.081134487627772,0.0282320190013304,0.00780858427163575,0.0057725947835073,-0.011544755123891,0.219449018367518,0.184439856269256,0.160706652260367,0.132058947681604,0.108840639832436,0.0692773764595444,0.0433965839079743,0.0123215748829951,58080.2031351516
"45",-0.222743681089489,-0.111816504072118,-0.288512535344963,-0.141545026231744,-0.0128683896217123,0.0175454964437776,0.0100774626091491,0.0189159901781959,1.36702956475686,0.171865430414877,0.359226052695703,0.307980858688744,0.477417644645371,0.670759873052676,0.820389582316354,0.956554069888578,-0.33956345619087,0.82325761101396,0.677429867351402,0.700050862847196,0.499036944370097,0.31301214778044,0.170661801590739,0.0401815913018762,-0.0526786550278158,-0.0546505965275377,-0.0652419010227184,-0.0532034667581252,-0.042792154114105,-0.0221099710448784,-0.0201319764201633,-0.00134572969164933,-0.0457078364787111,-0.00233270091655378,0.0926644134752706,0.0586990023034503,0.0372066103325631,-0.0095311943891367,0.00902359407309765,-0.0149964463508758,0.215140267642723,0.18430484468844,0.157828521893334,0.132338210077725,0.10875527569766,0.0708409388423413,0.0431181698178961,0.0126963418498724,58068.7240008278
"46",-0.245040242520387,-0.17466233935591,-0.274576401074208,-0.148268603073129,-0.0202275655992523,0.0285574433267363,0.0227061437335793,0.0172651072669125,1.94515346357284,0.358576536776077,0.3008565823625,0.269674353769209,0.455508844046352,0.669752621243876,0.824357584285234,0.959043709926203,-0.92427133752563,0.658335344930391,0.731745598872841,0.736938179505939,0.523597116652028,0.311031161210202,0.164780328065298,0.0378662218410325,-0.0443078936693671,-0.0551451308116271,-0.0655091550237728,-0.0556443895694621,-0.0494686922565114,-0.0188786661591121,-0.0184627895944064,-0.00269385671615803,0.0308151178587651,-0.0188816379587166,0.08132811107987,0.0903637384234111,0.0606691953585219,-0.019382309872379,-0.00807955817817494,-0.012047470652086,0.219372723737944,0.184493087942459,0.161364850346301,0.129861030718039,0.107985800590974,0.0698099740656084,0.0432291674371995,0.0124992361375018,58084.3987755101
"47",-0.240259369766975,-0.197239399919593,-0.25652802336016,-0.147978281869359,0.00888154274456397,0.0297419765437417,0.0130370646555571,0.0185158567183515,-0.381134429744479,0.283241037799044,0.337600500331585,0.292381606009384,0.482649568538418,0.676452072796818,0.828428243242194,0.957736652748026,1.40544823840133,0.734037760793863,0.692043140428142,0.7139132419406,0.490482506946364,0.305667613422109,0.161237511291749,0.0391920340275746,-0.0468986457828,-0.043439751370125,-0.0598356687393318,-0.0549256116026546,-0.0416541507424517,-0.0255213392264694,-0.0141363899306752,-0.00267097822735737,-0.00389272394285236,0.0168584728827358,0.0498001456768583,0.0908089533977986,0.0157974903207437,-0.0173892307586775,0.00120455945282684,-0.0151289950173755,0.220337196025183,0.18396192568394,0.160452517784348,0.133654439090127,0.107159876602262,0.0702854209759793,0.0430638806726974,0.012378859488397,58082.821896127
"48",-0.280471007714195,-0.127871856259516,-0.292067555196847,-0.140127037756713,-0.0236070299787052,0.0148181548000544,0.020229167218202,0.0197962080161742,0.130752880778759,0.292894331408407,0.272008830240116,0.241677644587456,0.492433199881577,0.673555286319095,0.827935462843182,0.956195750934838,0.90881319483481,0.713475274958017,0.768706337250691,0.76295445311327,0.490335958638353,0.310316727952436,0.161043381560481,0.0405304780330043,-0.0419399834063926,-0.051330107580079,-0.0725258258913508,-0.0599965945567093,-0.0479831424713239,-0.0257642882774816,-0.0189046287714109,-0.00210268896960942,-0.0359972609011458,-0.0539196177894825,0.0797815907618521,0.0857527377106204,0.0305536260445752,0.000553545798684948,-0.00288851836468177,-0.0151641334020778,0.214819890686731,0.185578940865618,0.157783601747157,0.132761599121452,0.105516508282485,0.0720021287554532,0.0436995920012102,0.0126600361173499,58076.8958222625
"49",-0.242626742311407,-0.16413218483961,-0.24963279921383,-0.152244088093552,0.000168624638799881,0.031335054788955,0.0196211467783277,0.0187225526030319,2.68427994439793,0.325948738658596,0.314737028083139,0.290102811701237,0.48799941923116,0.661007643842088,0.82424023924997,0.957491273370027,-1.66411831896653,0.687717975981263,0.713953524422779,0.717489726799736,0.4873171140369,0.3196612908057,0.164103728776817,0.0393541021871713,-0.0481906817552168,-0.0576455895749388,-0.061682066296293,-0.0588125777356435,-0.0488899606497087,-0.026030466691207,-0.0157461210605719,-0.00202104236156885,0.0246130603061959,-0.0193519707982998,0.0465922932282071,0.088937689309098,0.028848367713962,-0.00656108566770924,-0.000973186580593385,-0.015245183706942,0.215805673799052,0.18329342979093,0.160918063464319,0.131140644017828,0.110117211743188,0.0707510730801289,0.0431354440724755,0.0124684525713976,58085.9138328445
"50",-0.225314430422269,-0.166285953967386,-0.263978178037315,-0.141567164342073,-0.0164202939677375,0.0126827805767281,0.0185544196084694,0.018896636837999,-0.0558947173579446,0.209458209764318,0.323693270832931,0.303563295471259,0.481805688834491,0.671508570448982,0.829157822214715,0.956430442101339,1.07321984065084,0.807335283848894,0.707577030626933,0.70343776562717,0.495835183823408,0.313261998388214,0.161077406572514,0.0404081308917036,-0.0330669361408442,-0.0515902597113537,-0.0658469582884634,-0.0620524368212724,-0.0479103393041737,-0.0229239677782302,-0.0178064649596483,-0.00186164903446043,-0.00022064864945632,-0.0262431547090801,0.0641348591261302,0.0833177256882648,0.0601003911205943,-0.00545699421156085,-0.0113349522619171,-0.0149019170710623,0.21809311183691,0.18462384968388,0.160323179610751,0.131203556086761,0.108943886312368,0.0706760994181086,0.0433154808837362,0.0125048771848827,58082.459750482
"51",-0.246011070926691,-0.16370948700775,-0.264639639289293,-0.155972224519742,-0.0218759779587167,0.0273354959545146,0.00839919868291393,0.0191390207551602,0.35106298721112,0.379534022024556,0.42050917636572,0.312080569427452,0.490155987503719,0.676443627059445,0.829471689061467,0.95683096214179,0.676451915945628,0.637215072443334,0.613998555676963,0.697668951110535,0.491154119879365,0.30380154987599,0.16211088918602,0.0400730383862739,-0.0474694467173419,-0.0562680438522601,-0.0632882575171639,-0.0616334406090932,-0.0513458532457085,-0.0192355011631222,-0.0177099608269864,-0.00186957331661572,-0.016325685243746,-0.0461814384813261,0.0455307208696968,0.0907109020385346,0.0439165358006715,-0.0185517331364487,0.0077741637676745,-0.0166057550886751,0.217838197996716,0.183254820312632,0.16007503043132,0.131273817058725,0.106292703496435,0.0693052309977359,0.0436011382888144,0.0127935605065034,58080.6658355458
"52",-0.28382205106567,-0.163037982187466,-0.244626010327901,-0.149890680962276,0.00305103352887244,0.0254637055289687,0.0176002782671343,0.0178088067421176,0.669347534446868,0.240527990857498,0.262506626147603,0.281234190919172,0.469242322447136,0.663541502027368,0.824535920351172,0.956241205234825,0.367671082610352,0.771785735028861,0.762380113938504,0.728634917410196,0.50667969559677,0.314767775326026,0.16470996983367,0.0405579799399854,-0.0452605471578037,-0.052794789991271,-0.0602844813530936,-0.0645356825465158,-0.0463071085147359,-0.0159236972851901,-0.0160930903723426,-0.00181840741186254,0.00259658102125773,-0.00374632212637365,0.0538582200476764,0.0822411822642301,0.0255119313420721,0.00515633474156919,-0.00293792424381137,-0.0121943909161054,0.224427086221123,0.186334614863844,0.157788093960495,0.132762870594877,0.111036129027841,0.0706899257605919,0.0437134383533426,0.0127292912844892,58077.2206508644
"53",-0.286989264441673,-0.144216527472391,-0.258666459817185,-0.152028566987392,0.00453894071770609,0.0373357984205937,0.0199959939221376,0.0187804043461113,0.1874144114334,0.268032575441994,0.312106951132935,0.305146483134013,0.473269066749028,0.65392912552629,0.823325357924267,0.956865438288674,0.84761230127088,0.738906057825846,0.718006431757697,0.702769118116725,0.498992274999895,0.325171455188332,0.166014398138734,0.0403597571607439,-0.0387630056173946,-0.0415686830577174,-0.0735755429178128,-0.0577774865763387,-0.0473460162512674,-0.0193218604266764,-0.0177586885190047,-0.00247217575317217,0.0147175700875288,-0.039682134242691,0.0771245157002382,0.090256083466585,0.040586640046498,-0.0196374700206773,-0.00406338667257862,-0.0157779023466083,0.221027518931877,0.184163014620261,0.158696486031014,0.130123698292229,0.108949143844272,0.0692538592330404,0.0435009515253042,0.0126701565289381,58087.7633268845
"54",-0.253265157078476,-0.16713911825487,-0.279528705857016,-0.151476416419488,-0.0204597696968982,0.0349390617116272,0.0181889217396285,0.0182207983587899,0.354854130059985,0.293880840153129,0.326334576168999,0.305658228161717,0.486752194599676,0.656135386705161,0.828436479540094,0.955849759458705,0.677518029259681,0.719503537813247,0.710167800616289,0.702641717054266,0.495136775600467,0.321335349026164,0.159789794701456,0.0413048333042117,-0.0519828601458528,-0.0497187056801703,-0.0683880297899687,-0.0637030229828183,-0.0486257853668267,-0.0184398990885807,-0.0142879897790102,-0.00176531882224668,-0.0311560387520548,-0.00791531026703201,0.0766919553976478,0.0936064296065901,0.034638334078242,-0.00795583799032265,-0.00060640474780384,-0.0148711444198917,0.221074465290971,0.18376183180802,0.157971088915871,0.13037937976866,0.109857305117685,0.0696350420893037,0.0431236236340595,0.0127363245058613,58086.1270095933
"55",-0.291623853706523,-0.128382943159809,-0.304926238201963,-0.158979000956892,0.00120263606806369,0.0180331833127984,0.0161174763727119,0.0178255370558089,-0.470935523166868,0.222544971287136,0.306634812145449,0.309825398364434,0.488728015776484,0.665549812393668,0.826496403152326,0.956760909899495,1.51478538102043,0.781990016921198,0.7298332291752,0.697573770810009,0.48391688111853,0.315948605976797,0.163663026384647,0.0402289601455574,-0.0449464021189547,-0.0555054028501194,-0.0671891785894794,-0.0555484738806386,-0.0476308803819891,-0.0255659800987975,-0.0167636177345418,-0.00278959983473514,-0.0331932419716625,-0.0338361903094881,0.122449205073301,0.0966367630608546,0.043778879627441,0.0165146846804892,-0.00331525549773833,-0.0135000851804569,0.217978205713212,0.188160094055965,0.160405137239221,0.130437694698722,0.108164113629857,0.068702062118508,0.0439821783637249,0.0127765121276028,58077.0977074093
"56",-0.259588502157442,-0.194087870909867,-0.298582436618048,-0.113638558685655,-0.0121315783315832,0.0231198883144473,0.00917045522008411,0.0174065503428465,0.835528999083293,0.260677129667987,0.322041452070881,0.332082777996194,0.451010759916482,0.671466241874144,0.831397241314155,0.957164665594631,0.195650854538338,0.759685854092873,0.715873449032107,0.674869638195255,0.52830726843465,0.311332347662423,0.160277578680584,0.0402091119912689,-0.037285616965146,-0.0584173897226622,-0.0656609552106979,-0.0580627637891524,-0.0510415330343976,-0.0245211104703549,-0.0177789357568438,-0.00262752571375384,-0.0104994522332632,0.0130437412526972,0.106051765804455,0.00176298870471022,0.0468338020277079,-0.0151947130263056,0.00276214616323584,-0.015048931243715,0.218166263130816,0.183823884587863,0.159002046319782,0.133720297164891,0.105737373559925,0.0691318811193874,0.0431872237095427,0.012783589965017,58074.6582977495
"57",-0.221517881601175,-0.166309385853168,-0.269295798050467,-0.13605452665734,0.000952277854099617,0.0177024015854786,0.0077781546099394,0.0166540599016409,1.05526364787542,0.313152238929879,0.333634002236982,0.305468572449971,0.461449230261929,0.675422187185328,0.831911813329161,0.958730129829855,-0.0326111410633472,0.700100602822041,0.69919539569521,0.699466843152655,0.513603495139639,0.305484649177965,0.159924978471669,0.0390817643357653,-0.0411515911349365,-0.0512171347630274,-0.0680358139568187,-0.0624777363309738,-0.043438969702906,-0.0240566389528359,-0.0182064683444483,-0.00317350510730264,-0.0544166476243626,-0.0171788319193945,0.0640262207432915,0.0704660290869041,0.0280343099130871,0.00665524659075272,0.00498692794077951,-0.015166151800829,0.216822086835015,0.182369383912736,0.16080032423168,0.130722571925271,0.107905721558891,0.0674279360724698,0.0435673226930076,0.0126391018971083,58080.616134421
"58",-0.250599514978408,-0.168159226812226,-0.296152375280744,-0.147327566973298,-0.0110030828630078,0.0275814359463367,0.0119793745084657,0.0167905620232957,0.568842913976691,0.279113923749672,0.385428024552509,0.293891720822507,0.498515168629732,0.675881445465095,0.831712023375632,0.958096831247239,0.460307109991072,0.737153651314675,0.656526659388317,0.707555361997609,0.480581519078908,0.304212051625077,0.158606171599668,0.039756584415784,-0.0365285330104997,-0.0646257903563475,-0.0693208099686312,-0.0533115880110023,-0.0518370898683256,-0.0230605636768803,-0.0159109627474528,-0.00251678858770884,-0.0186028519685243,-0.0132575414018417,0.0690727023338236,0.119807306493625,0.0293387034748289,-0.00651027813109921,0.00412862924054536,-0.016825957670018,0.217438407877293,0.178739358524606,0.156968391974144,0.129885521260326,0.109908875252271,0.070513988216731,0.0428278503237114,0.0126581676707334,58074.7268402612
"59",-0.285473595220684,-0.177784364874659,-0.257483498573835,-0.168404788586819,-0.0195758698614443,0.0219643643876543,0.0192714715680352,0.0156955253317181,-0.993068384039337,0.277977044798741,0.282990785455545,0.315486387390711,0.489056494849692,0.686175504976331,0.822830548311682,0.958423603258193,2.03225205051098,0.73740151409424,0.745285005918408,0.695492971427519,0.491522683337661,0.296342533280794,0.166440653273181,0.0392641604248327,-0.056601107620861,-0.0607333647469079,-0.0672696469906507,-0.0643809626931094,-0.0453215971856224,-0.0258334903759175,-0.018040846717298,-0.00247464625729153,0.00857577257936358,0.0095542628340441,0.0794216122045994,0.105443117861163,0.0348791725351998,-0.00675533354776013,-0.00197875857231523,-0.0135128106943769,0.221325381267205,0.182457077091809,0.159581290624277,0.132835369652469,0.107163127391787,0.0693782566383684,0.0429602216400888,0.0127904810870357,58081.7038523551
"60",-0.279266355421672,-0.122326558254402,-0.282783828410183,-0.153899086193748,0.00391247184330572,0.027260915049979,0.0219329045850847,0.0187596226140538,0.931038985968051,0.233184406872017,0.28593180087777,0.310238121860156,0.472467065360206,0.668765483360709,0.821639476723422,0.957406976866306,0.107489348235697,0.770721710550574,0.742647253218754,0.697934991963003,0.50072840018119,0.312297980104632,0.166132952751764,0.0398379654687091,-0.0416238941122019,-0.0455696364172285,-0.0567631981483245,-0.0569097136954893,-0.0482646869023619,-0.0212874830622138,-0.0157541633246482,-0.00272325802377134,-0.0217362133670474,-0.0732629250998261,0.120926467872405,0.0908696391305837,0.0356573438661655,-0.011659810103902,0.000889696372184014,-0.0162309949124695,0.218708532194656,0.181951473450481,0.158139755179289,0.13249751612692,0.109351193938791,0.0693779929834647,0.0439829127980989,0.0125406193089689,58084.6967296842
"61",-0.232345556713556,-0.143846483871858,-0.26938944177487,-0.159707703766852,-0.00759484233241048,0.022151951688961,0.0155450871932442,0.0202154277350838,0.855410709652247,0.21989420381064,0.274286983769655,0.30982777852642,0.478758512993999,0.666523381617196,0.822602361973736,0.956370428396632,0.172415814544205,0.788184672718372,0.759810321324367,0.702122636210525,0.498467282909965,0.316904931989523,0.166625819527152,0.0400941156963874,-0.0550498539753746,-0.056808778118167,-0.0640827776915585,-0.0558972787911792,-0.0443189438590899,-0.0211835819773523,-0.0197885447178278,-0.00148063740174499,-0.0293552230531154,-0.00355652635332368,0.054747608039518,0.0796972409123585,0.0214137919898904,-0.0129565059886946,0.00655031893102432,-0.0164079225618655,0.215680612803944,0.182111095126579,0.156796159992631,0.13430075039277,0.108547646733626,0.0702386975965539,0.0426919514839307,0.0126487723186063,58074.0704001041
"62",-0.285980537882694,-0.163583089351139,-0.257691105055118,-0.137508089174536,0.015188287468713,0.0377111526343802,0.0219526942522457,0.0196997309797627,-0.142670599950442,0.298219752189308,0.317600709257011,0.276412621444315,0.466378632574623,0.654844750091046,0.825945536598245,0.957185428388055,1.17620691024444,0.714744754790708,0.711915745356224,0.723228969704859,0.501662928410235,0.326046516473182,0.16197194783309,0.0395130039928453,-0.0465111456489867,-0.0512006962833612,-0.0595082453432319,-0.0597277876979751,-0.0479483517969471,-0.0259454655168663,-0.0176549302036591,-0.00224632350051943,0.0522578793922085,-0.0199542727027977,0.061918464732725,0.10484155835819,0.0465432047176253,-0.0229351701212544,-0.00395888446197429,-0.0155153903796579,0.217984175959392,0.183182262153662,0.162596097900391,0.133687796965509,0.109935884216139,0.0687724227781104,0.0433583494673951,0.0122057459982409,58074.1811504368
"63",-0.240495267628037,-0.139481862905361,-0.2897883136556,-0.14958818265026,-0.0217291704722257,0.02607153353459,0.0184776116958549,0.0184087914792216,2.79934514973237,0.298277362394936,0.32473307420454,0.265693993395429,0.498456186161672,0.672149477077504,0.827591592071533,0.957157126630625,-1.77422104460245,0.71319102466302,0.713198668836634,0.742361464355745,0.48046702658254,0.308260372832589,0.160309553789531,0.0394613159060199,-0.0326633890881636,-0.0419867541113378,-0.070933171650119,-0.0542075880769611,-0.0528114468691548,-0.0222528497150662,-0.0144249998423463,-0.00276283164846293,-0.0308417847838592,-0.0749317590291869,0.0833054158362728,0.0805717985526549,0.0511255542944258,-0.00306645745795014,0.000238937199501174,-0.0114117551524378,0.221184004429849,0.186122450008666,0.159131572739977,0.130376919162612,0.104886719404128,0.0710100264123619,0.0442814547267569,0.0125285289350696,58073.8216976477
"64",-0.291267686540925,-0.174732989980049,-0.276282212131409,-0.131518000126792,-0.0125772457531603,0.0190551221771123,0.0246815212235049,0.0177424757750373,0.888420647387779,0.249966223721114,0.339834991787039,0.282718820287122,0.474842642689187,0.674910158995676,0.824039276025123,0.956499444360327,0.153146954524513,0.764612822145189,0.695039389669167,0.7222423396238,0.502649578440427,0.30834045447806,0.162969174229351,0.0404294326972988,-0.0514219936275255,-0.0471777003686789,-0.0697079632823898,-0.05599436637242,-0.0463281398108187,-0.0188063912760953,-0.0166676798240883,-0.00323615517645976,0.0078653472842456,-0.00023549364753226,0.0830554437107778,0.0525362926777212,0.041145418716763,-0.00790287319613366,-0.00128652471237225,-0.0114629394701445,0.216069466347453,0.185239502889091,0.16046371809966,0.13079282670456,0.10720877886268,0.0702291843757933,0.043509620563955,0.0126379585956511,58085.5854483169
"65",-0.275982356145541,-0.186691844947978,-0.26926443342397,-0.139447981329398,-0.0309129644999917,0.0244637375465752,0.0149807266514622,0.0198526766423377,1.35815827165292,0.320379326320133,0.302330701805891,0.308793342321695,0.462524817930872,0.664883826897878,0.823614983725618,0.956609783536975,-0.324880905656489,0.696784173536867,0.729001011257721,0.697255411403598,0.516699024383251,0.317103855988096,0.166957707752244,0.0399568631521689,-0.04548553802395,-0.0639977748012638,-0.0558901724450798,-0.0567173058147245,-0.0510321435945157,-0.0248007694681393,-0.0171418932754564,-0.00189028093764206,0.0108528704343848,0.0203419773421572,0.0651346114127363,0.067174428027806,0.0804188456453327,-0.00552258238884047,-0.00256630296323101,-0.0158927830294897,0.215544914832339,0.187162056169903,0.157546655931568,0.133728965373172,0.111080525020627,0.0702094568302176,0.0435025635140373,0.0127212682293854,58083.9456679969
"66",-0.266652433915268,-0.133183365150497,-0.280663727547063,-0.1653832295673,-0.0309868536054067,0.0172615449825056,0.020365386259423,0.0168680094035661,-0.00844075411434086,0.282472160168267,0.322110349097166,0.28366727648286,0.485428040798546,0.667317275939403,0.825085293848206,0.957998967720563,1.03975666312553,0.721807080083309,0.714610602536093,0.722697541949568,0.494451588322016,0.315799250424868,0.162917743574836,0.0391655361876527,-0.0363030232724166,-0.0636017104508979,-0.0679921060420936,-0.0549089475273513,-0.048161626208907,-0.0230688707289614,-0.0168283807511506,-0.00273812896119227,-0.0178345112135964,-0.0110058105157947,0.0736351620931963,0.120028689205187,0.0692111796582883,-0.000673973011136588,0.00409899114805415,-0.0129674269687119,0.215888814212461,0.186301120395544,0.158326935046538,0.12989151856339,0.10686171360777,0.0698708495375924,0.0440493379792778,0.0125428380640852,58083.3650228833
"67",-0.26452261776572,-0.183923136691369,-0.263188090729366,-0.16106070443116,-0.0046370400395407,0.0255458741946578,0.01028113966939,0.0170702055728573,0.596828688753152,0.32937612285222,0.373194185963692,0.312945658037208,0.48500995338236,0.674529709450615,0.82972420828846,0.956372179275409,0.43848768554115,0.688121094614055,0.657702791108419,0.695677988712249,0.492574422156134,0.306859455609529,0.160950572330653,0.0413840636035311,-0.0452480322594928,-0.0538763745490728,-0.0666935852170521,-0.0579254897014787,-0.0435231455778533,-0.0241482796392058,-0.0203244937719685,-0.00226438823486915,-0.0189182284195566,0.00527031789823083,0.0745639963459749,0.10603985221133,0.0173076143382002,-0.0108848262860156,0.0104797857032288,-0.0155332000598921,0.216069391012468,0.181117786151049,0.157566831867858,0.130119825109766,0.109535282115594,0.0694200245998253,0.0433656307119645,0.0125438471974962,58085.2717606393
"68",-0.276975310696177,-0.149796810893775,-0.287475678120445,-0.151671860170454,-0.0132691757509668,0.0242943631132852,0.0192667109474123,0.0183753315692831,0.928115837202001,0.332191561265815,0.351147121384014,0.324157154215256,0.487588858108855,0.674210293995715,0.824804989503624,0.957576521146709,0.10639858810403,0.681086062951809,0.684943630935265,0.685154460088844,0.490760808284657,0.307586725032003,0.164419735086535,0.0394912307403098,-0.0561273236052565,-0.0501269663242274,-0.0539844727642645,-0.0579183948381879,-0.0470139397689362,-0.0190434218728147,-0.0157698674115988,-0.00232410169322911,0.010409092507052,-0.0577043182077205,0.0722422169535264,0.0675374574949439,0.0280922973107526,-0.0140374810689788,-0.00418984101927069,-0.0150795888465078,0.216205358537593,0.186150045895383,0.15955042166115,0.133005386289465,0.105472846088824,0.0697012335937304,0.0441684886298047,0.0124839447427148,58085.1169469025
"69",-0.278711982203165,-0.171182041294733,-0.263842525755495,-0.150316884945306,-0.0181105319606864,0.0212080244861382,0.0081897581997857,0.0191425005452926,1.70958538459557,0.310950546171352,0.3435259681169,0.30121098127904,0.492312137927626,0.670893873785149,0.8282378836789,0.956812677107332,-0.680404865925702,0.706911640580449,0.690766848101916,0.701504959145088,0.487262772919657,0.310722086741411,0.164207491900222,0.0401606825060708,-0.0412135142587644,-0.0491540759275234,-0.0672802755055392,-0.0526084133547612,-0.0546482157691725,-0.0212782469065,-0.0200805276456107,-0.00210820302434364,0.0400426247544363,-0.0317725494293609,0.0521692347922375,0.107496202114612,0.0471391856946956,-0.0049882615981179,0.00371182407314808,-0.0168905890930219,0.220303870832871,0.185554942368277,0.16153121334431,0.130485587355776,0.108331837733465,0.0702840414633512,0.0430644283237395,0.0125811621620815,58086.96296871
"70",-0.301135061499113,-0.157192272138215,-0.298026871545414,-0.12681456074872,-0.0177428577208042,0.0132511305071436,0.0212325313716583,0.016290304168056,1.1831945974028,0.265819137426213,0.317240504272601,0.279827493161788,0.493484220155607,0.680939860315869,0.82951927237705,0.956813544986093,-0.144825672884585,0.746077796044723,0.721785393304539,0.722341315868782,0.48739931450654,0.306542841774695,0.160311216548799,0.0410072865375989,-0.0507480921550587,-0.044024592477064,-0.0706224886672489,-0.0590521965138399,-0.0471652133964124,-0.0263431954506193,-0.0173355154681782,-0.00269623461103024,0.026646142897424,-0.038718904482339,0.10488647205623,0.0672545786507567,0.0303998206969606,-0.0200624875133643,-0.0117406728309615,-0.0135396137406313,0.217873431033176,0.186212261109767,0.159515211546418,0.13334976508873,0.107206275669911,0.0703328001116982,0.0433455205918604,0.0124949148364815,58078.7965338082
"71",-0.257262924714056,-0.116055221308698,-0.273910561045161,-0.11829719771558,-0.004711342410287,0.0170288164985733,0.0270149552435314,0.0182739356769527,0.927532437202515,0.253302572285669,0.272589806891442,0.290208877571443,0.477513953009523,0.666045454259551,0.820064848848708,0.95684654913093,0.100171450881299,0.746358904818935,0.760052571825494,0.711466806977657,0.49561618391215,0.318365844581879,0.168197182371277,0.0400642698878854,-0.0362358902409867,-0.0357453492483009,-0.0710010765553515,-0.0511763809175798,-0.0476890453557908,-0.0233427849664099,-0.0168688665347997,-0.0022262484427293,-0.0156930414534377,-0.0494003207312503,0.0847358051423624,0.0362531768154772,0.0592898085808828,-0.00107222977128369,-0.0111818474150031,-0.0141375217823101,0.215845298696208,0.183269501720764,0.160483963853558,0.131267258731487,0.110554714276194,0.0713001939911947,0.0436986424964513,0.0125043011243279,58075.6859405739
"72",-0.283181325508431,-0.167798497968821,-0.237947347836549,-0.146639138146939,-0.00382662379606974,0.0223361076341361,0.0179649534340396,0.0169416556016355,-0.0433534693800665,0.299108361440337,0.30624523713339,0.308651118948957,0.461951876207821,0.671437668989233,0.829467441689659,0.958195619908052,1.08012014022825,0.716758563900209,0.718792860693842,0.695956850730694,0.512404621938836,0.309231910682161,0.160735105726593,0.0391728755404765,-0.0493360310751381,-0.0507700548580482,-0.0625267050444766,-0.0557749589110956,-0.0441963884513877,-0.0245263481855109,-0.0175604642661244,-0.00364454077496358,0.0199607850342748,-0.0164718963434838,0.0440974039792789,0.0950756436786435,0.0396832237751459,0.00253164541167624,-0.00609695789913316,-0.0114766196507633,0.216062256635493,0.178928030926018,0.159685774390571,0.133257282129395,0.107658739951501,0.0695555314795651,0.0443039787233769,0.0123936912516543,58082.1962299676
"73",-0.261326664249711,-0.134072164748532,-0.269834757125911,-0.142479698361369,-0.0129928303278296,0.0168929626326641,0.023242985505187,0.0167437636711064,-0.39638693530479,0.286923222854801,0.314676630609456,0.322471601938373,0.47409467936486,0.671082635460107,0.827954348929445,0.956816637796604,1.43393757257762,0.719654549421782,0.717291211504864,0.682192732899542,0.502554415954341,0.311345723376988,0.160113060009538,0.0409307159965944,-0.0563819844862916,-0.0397121601797193,-0.0708117350967277,-0.0588178733046601,-0.054245547128979,-0.0218379438733465,-0.0163226304243429,-0.00222596664787413,-0.0325261731556075,-0.0608709138037472,0.0762049841378248,0.0922515095082595,0.0565987914626145,0.000114503706562235,-0.00753448332791884,-0.0155096774911055,0.220521227217102,0.18381855238989,0.159842615926619,0.130978302048078,0.10919093307274,0.0694782627538089,0.0431980376102272,0.012653825697525,58083.305799473
"74",-0.278214332200338,-0.156085883902746,-0.266951426127688,-0.142593338587744,-0.00944112083565798,0.0318293315676779,0.0167225640573689,0.0201181156033969,1.24961702164111,0.291240470659901,0.323147990999924,0.347327222725829,0.455792227596341,0.662587748252183,0.829913908504994,0.956288836234372,-0.217353000776243,0.721571778230795,0.714084342274724,0.659854978404703,0.521073263872239,0.317308531926642,0.158779355022485,0.0402921853660976,-0.0500556887137727,-0.046641799887068,-0.0689450916709682,-0.0626286920945617,-0.0457394198357371,-0.019638281415167,-0.016328621590324,-0.00203814158560756,0.0301127729518898,-0.0436428119708759,0.0514038874416747,0.0693716300470543,0.0438288094264854,-0.0194213365812509,0.00200450369482195,-0.0157121455040691,0.218493456765899,0.185730509057878,0.161788468495108,0.131694084215286,0.10737239986921,0.069017813474213,0.043595790988231,0.012521172269377,58086.1849094834
"75",-0.268233084568306,-0.157854046202181,-0.282599604277998,-0.128246781807635,-0.013374398687118,0.0239352081935037,0.00824685242227542,0.0161976290864491,0.997737147894048,0.35162990428644,0.347478547215181,0.270687555218914,0.470029623553703,0.670755079991647,0.828860359441375,0.957139705831264,0.031411300480329,0.658632720978785,0.691665599693085,0.731304602365995,0.508037906034338,0.310913333006749,0.162455369678816,0.0401739342328949,-0.0400552977482669,-0.0494197040517193,-0.0750442751855375,-0.0600148618266387,-0.0470229867619759,-0.024523398504416,-0.0189696167835647,-0.00222046190714157,0.0303752204910942,-0.0172503165439404,0.0731247495337331,0.0812643880252156,0.0414642819451195,-0.00430512588893498,0.00803218463933393,-0.0113986650552791,0.222798082237873,0.184447314431167,0.160008689524203,0.132346763104151,0.109162681939271,0.0703095348212611,0.0440265359086051,0.0123277095862885,58090.4272986539
"76",-0.234330576624602,-0.141895531455853,-0.251402676089416,-0.129076301509697,-0.00983772594353943,0.016653778067898,0.0134156711030938,0.0181867266478808,-0.539739427301596,0.266941766114327,0.379998889686493,0.322206088993999,0.470720146704197,0.666662116150389,0.829808735925286,0.954706306242343,1.56547906115154,0.742540362566928,0.648897440484203,0.678493179934552,0.509835474734277,0.316262892980254,0.161768809163043,0.0420335996544958,-0.0579498503749305,-0.0542904036085126,-0.0711262627776057,-0.05949040412084,-0.0456093447760264,-0.0220587766223714,-0.0181090788298503,-0.00198233150221628,-0.0259111872637815,-0.0339504678457214,0.0624566632376041,0.0802906674299354,0.021437758615685,0.00678717655182914,-0.00417832373757809,-0.0116040294456871,0.216006508616162,0.183830044242369,0.161399223786276,0.133345663698843,0.108493360349341,0.0696637288415082,0.0441765540638422,0.0125504927310397,58076.24944663
"77",-0.283757246454055,-0.196628800476962,-0.28030795592338,-0.16563232603509,0.00490921595231245,0.0381822146292512,0.0112443624802206,0.0167256034887268,0.439719352563063,0.360395498709461,0.353695531112015,0.280746443492411,0.4628284610373,0.661040288436446,0.828794823024684,0.957969222115545,0.598271168197727,0.665996898351423,0.67956211831534,0.729812399600746,0.510219037571789,0.317394917783686,0.160282975100831,0.0394746876865794,-0.0451812468284856,-0.0666530405901139,-0.0650099204369902,-0.0622185779259596,-0.0469277410167278,-0.0227001798083135,-0.0166286068464023,-0.00226855800741812,0.00568273212025784,-0.0105908615123226,0.0844697895681522,0.106012216178198,0.0390545500416666,-0.0171933380944755,0.0117015779994403,-0.0143501434819991,0.216352177199594,0.184623390805307,0.15880186801004,0.131914407537415,0.108195646551984,0.0708094161834581,0.0435681650962048,0.0124936699138923,58087.4868047676
"78",-0.254085240614589,-0.155783979681558,-0.275224181313214,-0.166574000577421,-0.0189399420374114,0.0273295998556886,0.0158443622520462,0.0154759032580021,-0.108607186253068,0.201959942756384,0.321538952783478,0.314647028733179,0.489647680465171,0.666622400080549,0.828422192076944,0.957699172983285,1.13478367629413,0.806784786343077,0.713533876820943,0.695064108389517,0.490518822416309,0.314117037174201,0.161318766837508,0.0397947704779176,-0.0474156931441289,-0.0499003008013941,-0.0711675581669526,-0.0617021849073687,-0.0490026483254857,-0.0210049494446769,-0.0172533825248593,-0.00253697411284808,0.0147428972282014,0.00798475648383339,0.0812497452998853,0.115186518929386,0.043856479005003,-0.00861488482385804,-0.000137460325457198,-0.0108848140371173,0.216360353100433,0.187382748487664,0.161671326481986,0.129993218806968,0.10823131001149,0.0694678946871273,0.0440859068251636,0.0124050594622325,58089.0759780771
"79",-0.253343763588067,-0.138382419576768,-0.259943979086687,-0.165857000606644,-0.00152250805767647,0.0193153129293294,0.0268638789630951,0.0166464829849781,2.23075205726673,0.402233568494308,0.372227378659778,0.342384073978023,0.469388830169516,0.664586108990682,0.82075227037863,0.956926810108361,-1.1992095223308,0.604512017552813,0.657733345704233,0.666772068826633,0.5075129849837,0.31553455522859,0.167234993419726,0.0404019284630222,-0.0543199677738319,-0.0424763814651984,-0.0672486690624123,-0.056272424199068,-0.0438969744194186,-0.0209492309073488,-0.0168461444134222,-0.00197363969667876,-0.0115071525749145,-0.0512410557945029,0.0719123537215274,0.108540249760559,0.0179286569574087,0.0121089738661736,-0.014431590132184,-0.0127232687334188,0.214599088803784,0.18466301317017,0.162307716615223,0.132660233674757,0.108206321216907,0.0709391361493174,0.0435354528583274,0.0125023144733081,58077.6497810294
"80",-0.242777910448885,-0.181062669422748,-0.273373622827966,-0.0970172998833318,-0.000185756906149295,0.0211669451819678,0.0169011103796536,0.0160571990036433,0.862621739354814,0.331217054879212,0.356706662227702,0.254234691548233,0.467794111917912,0.67294468850071,0.826032326514212,0.957985191467503,0.160415940662247,0.685544334687503,0.67446793697202,0.744865927790124,0.508536192105131,0.308457551367359,0.162434085900894,0.0397976767519185,-0.0399539027703551,-0.0586062143151054,-0.0613678284541074,-0.0458149464694723,-0.0487062191812438,-0.0216717373517064,-0.0170734237888527,-0.00223043487424786,-0.000984942799728891,0.00636121054060966,0.0952054379513684,0.00745445565292914,0.0301140286051119,-0.00600906459368076,0.00600317087960661,-0.0139369947784395,0.21795032418775,0.183062770322555,0.162622247026596,0.132293003565094,0.107966428787731,0.07083063630902,0.0434539700690859,0.0125637985210896,58081.7152921642
"81",-0.291023938507675,-0.187211651260228,-0.289601581212036,-0.167963630783174,-0.000480002070137309,0.0304534098283891,0.0157446301515894,0.0176840581805924,1.56691179991989,0.265688785450525,0.353996422587017,0.289270366510568,0.475488876212343,0.657095483440962,0.827141398336838,0.956323926062427,-0.529924682616064,0.753534493013153,0.677584706830751,0.720502675023423,0.500281835763291,0.323110736098251,0.163922013693166,0.0411092002861823,-0.0489666211601622,-0.0498396539418266,-0.0609302408380341,-0.0560825729121158,-0.057445506201365,-0.0225319985885342,-0.0163458378428252,-0.00211961723044108,0.0385511845948808,-0.0204001116248962,0.11783471246187,0.105918435119056,0.0473302729527975,-0.00906876964361364,-0.00574440986298505,-0.0142667950933982,0.22231117885021,0.184928996379567,0.160302822787004,0.130444578245686,0.106025738042481,0.0708915442351004,0.0436614201871196,0.0130214889983129,58067.4949463713
"82",-0.263277029366786,-0.194905993802613,-0.276421259784383,-0.146302037026608,0.00133280821605589,0.0156090193787765,0.0117121475016785,0.0163140865686663,0.78846213860423,0.336793879151522,0.340990434337338,0.299988205450388,0.461742106739246,0.680605603666509,0.82784216112405,0.960111852557761,0.23742748348133,0.681186693912018,0.697588683540818,0.709999268921282,0.513032906695906,0.301436149444936,0.164432086374699,0.0372226843519947,-0.0465352138584225,-0.0417638158920927,-0.0670648190177135,-0.0533741154279065,-0.0416706754154201,-0.0230980632837807,-0.0187000782696914,-0.00325424930814346,0.0301365739070537,0.00112164482440451,0.051078872349501,0.0569342718993512,0.0255485551309004,0.0087990661287342,-0.00503264156288526,-0.0126186905273701,0.222395087940642,0.182826720296797,0.161075514111612,0.131959916332707,0.108590248451102,0.0696754995704702,0.0430836566132792,0.0128343422033972,58076.9290777077
"83",-0.268692903946659,-0.170929735796882,-0.280638757448867,-0.135828118739721,-0.00497819057622722,0.0336985827800115,0.0128724989264302,0.0180810298149844,0.923050520805647,0.315702671731856,0.363099347026175,0.32954332193413,0.466247660579626,0.664152379695746,0.828948688513121,0.958397437898895,0.106856534440712,0.702580857593055,0.674142790555387,0.674753354078178,0.509352891726764,0.317299428738971,0.162114146062951,0.0388572089728527,-0.0522046125775218,-0.0651466423670228,-0.0634680866549744,-0.0591325329523006,-0.046276581253937,-0.0220642754602699,-0.0157125537951572,-0.00270897879548715,0.0250413284745383,-0.0357652480530978,0.0768070639727042,0.0672526504720433,0.0482965150567269,-0.0277977213244154,-0.00462982274351602,-0.0164391236530967,0.21596056708225,0.185701345531753,0.162256329071255,0.13458551733434,0.106186143592444,0.070014566486084,0.0441420177859115,0.0126308339696195,58078.2166856993
"84",-0.284849791610774,-0.14885590184746,-0.263774175675452,-0.139882059104402,-0.00857980388288994,0.0151341448770279,0.0129144440945527,0.0181390012376353,0.252044947345597,0.209132684748559,0.316100171768441,0.276775952189654,0.498968575984802,0.680183845512622,0.821961606381967,0.955281928535246,0.784574802391027,0.799513657043247,0.715481077627849,0.730338118540696,0.479461123833112,0.302168602412363,0.168981155323235,0.0421216818761387,-0.0370419970694604,-0.0531070097535768,-0.0601673908404214,-0.062414118061174,-0.0433583030424272,-0.020167565229247,-0.0181586907514476,-0.00226226932833088,0.0141392427683242,0.00583763191242853,0.0538715125022447,0.0739208104596401,0.0196105167949454,0.00347951486393008,0.00352661954930567,-0.0154100559893611,0.216377585720759,0.18679762529097,0.160559554088337,0.133537994126797,0.10940369538446,0.068854107265461,0.04340910361352,0.0124091348700856,58073.8485309243
"85",-0.295376722753302,-0.12614680579282,-0.294303657109974,-0.139431314352203,-0.00834490781908817,0.0328793697152145,0.0121468368952407,0.0188043311491836,-0.153721235372097,0.376720908306568,0.313318439788839,0.297236164698754,0.49213072526209,0.659657509811397,0.827360892942616,0.955713334973656,1.18344514227296,0.628805836540822,0.722589447391964,0.70508122490077,0.485043461464026,0.31928265914597,0.162989598811795,0.0412037233075787,-0.0390968593546768,-0.0410374457827684,-0.0645606645214767,-0.0642053447625669,-0.0487741882162311,-0.0221122105706603,-0.0186409255048854,-0.00220518155102274,0.0753083527415399,-0.0582208173382448,0.0972834349164137,0.102926410306991,0.0278937654311424,-0.00879996527215083,0.00500198628726824,-0.0151610602539136,0.214200394910426,0.186417657185526,0.161305541461344,0.129210627373098,0.107885196212549,0.0698329141897503,0.043721007475085,0.012738871741163,58078.232612123
"86",-0.278146420400388,-0.18616986781278,-0.28042549899765,-0.143966379354265,-0.00880265049433269,0.0365495107532339,0.0100080344274558,0.0170187945516703,-0.065731577148045,0.325143428300473,0.351020908309139,0.301208500983095,0.475479137321858,0.656659422312884,0.822655355383292,0.956509046054716,1.10244099110151,0.691048307021539,0.688159058932144,0.703774192689946,0.499371768648696,0.322776045501214,0.16814689152732,0.0406529600264494,-0.0402918006650295,-0.04830795016329,-0.0732548074098924,-0.0559824991967834,-0.0427284218004005,-0.0189714893773669,-0.0170677459984232,-0.00245363497381401,-0.00757062994464686,0.00396954904263675,0.0661061663460508,0.0859468586955425,0.0401396644830538,-0.0221377045621196,0.00986930912818653,-0.0116133325824845,0.214095050169687,0.183211708177332,0.161198884767003,0.12994908403682,0.107769425694767,0.0707355904071717,0.0432651070787592,0.012565396510598,58086.9347275294
"87",-0.295696544953167,-0.147214026632224,-0.27995481544896,-0.144754210605462,-0.00250111922103888,0.0109900331385495,0.0190100738401878,0.0190864081276022,0.0697417657350674,0.266005696390148,0.251264032782132,0.27121305337592,0.483499767824598,0.672355473484481,0.828524851918294,0.957475070941394,0.968623259225561,0.746289196761576,0.792218962068633,0.731426299316778,0.492280820170185,0.31239690080608,0.160693469711401,0.0392810955002501,-0.0465476808872917,-0.0534853466014968,-0.0780174180532578,-0.0550087548358481,-0.0489702093524849,-0.0256288020216993,-0.0150933466889127,-0.00197565218825124,0.029475461035635,-0.0447437185938781,0.0434726694128753,0.108184916570058,0.0385175042043827,0.00669502960252294,-0.00729805082707956,-0.0151418273584417,0.21801378646153,0.184028187565191,0.1594823284207,0.1341376325316,0.107839530166137,0.0699209440963443,0.0435348161810014,0.0124533299735682,58082.4463237469
"88",-0.238320714252042,-0.141378781311924,-0.238944972994187,-0.138757835919575,-0.0146359717458797,0.0168498110316597,0.0244915357664777,0.0174291922740214,-0.0188321079256922,0.269923891196412,0.272383208736973,0.337700598494301,0.466527548536914,0.662571672568374,0.828355663797779,0.957478342111979,1.04905787177673,0.739618592788856,0.754980973714682,0.668492394170411,0.510998918508477,0.319210018574046,0.160369176958999,0.0395014682830729,-0.0323302808981642,-0.0455676930239625,-0.0631764523929647,-0.0559269907425847,-0.0444912488345786,-0.0237326452011645,-0.0190222083131985,-0.00234894648862535,-0.0693268254223126,-0.0483023537313334,0.031238183429382,0.0694037359692168,0.0480613973587769,0.00755084201578379,-0.0108000263202606,-0.0123848807111485,0.223844879912338,0.178438339746582,0.158223662722822,0.132122248275235,0.107747229513606,0.0698480902790912,0.0439500039138237,0.0124898965245321,58077.6248792506
"89",-0.277485255478899,-0.132023792744955,-0.237324745864954,-0.156716448380179,-0.00780992890747137,0.0296264054124609,0.0103216297287175,0.0186526680475016,-0.313348904978442,0.259909417681752,0.383979946098913,0.286178644348477,0.488736505378987,0.668294761508813,0.832466051184369,0.95687423008463,1.34162104232971,0.745387540284731,0.642331092782439,0.718403502568293,0.487838741195188,0.312418790276828,0.158943936399487,0.0405119792746221,-0.0510970293853045,-0.0496724757174351,-0.0663401355443652,-0.0602176984940366,-0.0503479972725598,-0.0182698368778262,-0.0182386999971183,-0.00267023110159101,0.0606987173950583,-0.0397790749605351,0.0508629637288169,0.124174136430031,0.0415299788818595,-0.0182683122273523,0.00277424056685795,-0.0162013078498766,0.218719595040707,0.189251269741979,0.160400923823809,0.131097694295471,0.107339535684351,0.0702401810444092,0.0435289525114708,0.0123649534817306,58079.5533910256
"90",-0.261413507633785,-0.119167286362998,-0.290436861958588,-0.140952134118408,0.014461412555308,0.0267122916695388,0.0116774857244488,0.0174624924503104,0.471501301008509,0.309416436299883,0.305251423393758,0.294996126254915,0.477258401808633,0.667642220104794,0.833834940815739,0.957733630386044,0.56735970727581,0.69527770704149,0.735931612287766,0.710701707843374,0.494073145815595,0.314706615525362,0.156401619291076,0.0393967716633796,-0.0439351753069877,-0.0592882043777123,-0.0747365517470074,-0.0615611152292692,-0.0454344992293748,-0.0247645583560274,-0.0188415946844101,-0.00201566860632443,-0.0568109774583896,-0.0527326929995613,0.079275222588846,0.0850059747539053,0.0218098281164269,-0.0123804273282353,0.00682292221182431,-0.0140135329180146,0.218860136678193,0.182172462868081,0.163138267429825,0.13014102829273,0.109491524320638,0.0693684913890956,0.0435459484369836,0.0124969677031226,58083.6805557581
"91",-0.233890588420219,-0.204758213784321,-0.264913371425521,-0.125608535801083,-0.00793752993887081,0.0298372002617726,0.0188339682211971,0.0180983180188545,0.0898921110508564,0.329958103466917,0.383547512089303,0.325593231507219,0.468191269383984,0.666236792349014,0.828677199649071,0.956228359790616,0.932986248237839,0.687226765668657,0.647608544917002,0.681278444483994,0.506566189498928,0.312944045978344,0.160864353266105,0.0407656963976246,-0.043852501154689,-0.0555628023640512,-0.0537339172896572,-0.0557494381204728,-0.0501317316980475,-0.0244518422737628,-0.0200399846841869,-0.00198509312858721,-0.0240750089725273,0.0444362539534081,0.0728764764733063,0.0271872900174559,0.0597895324494946,0.000473681177136026,-0.0038885999082613,-0.0138659750862754,0.219471740444754,0.184889673681223,0.157509535171225,0.132089838114421,0.106103741546129,0.0698403698882959,0.0429984602389081,0.0127214092302709,58075.2593384856
"92",-0.267599712459564,-0.164790247665647,-0.292669056442142,-0.166121654443174,-0.0146186479856477,0.0303535299933388,0.0227848242294413,0.0165557783609279,-0.374156606493302,0.332341029987083,0.320638152609461,0.338294447189403,0.47964810510331,0.674771128873636,0.819247988674846,0.957375008089739,1.40946595675835,0.68294443926117,0.720975377884316,0.672579856248821,0.49790419692428,0.304824479348052,0.168834963115762,0.0395531989232826,-0.0470073688164847,-0.06030521859241,-0.0693901265466419,-0.0578134059413689,-0.0508020525524174,-0.0260677789395483,-0.0162538354553661,-0.00246356579289715,-0.00660841361816424,-0.0173001463844648,0.0737495083582064,0.105482188588535,0.0491660580222094,-0.00822087038371958,-0.00198568933960227,-0.0103306949024041,0.222425110986157,0.185058436334842,0.156580590575287,0.131944669043597,0.108806963432337,0.0708383169137645,0.0436449663478136,0.0126991901616784,58082.7098315653
"93",-0.276940094437004,-0.123246694745431,-0.27836618549263,-0.179639216915499,-0.0234499823849815,0.0379393058468286,0.0175818628184074,0.0196842434927375,0.882686551242848,0.271251136392472,0.332021139535422,0.330705191715493,0.475650174309249,0.657352166042474,0.828885334072139,0.958154082934063,0.155618878884403,0.734148255537369,0.700635384679631,0.684035882279205,0.502832634354303,0.320149692361117,0.159276011262085,0.0386922453719244,-0.0488713259645593,-0.0576287669749535,-0.0736491173737296,-0.0640444899732633,-0.0499785950091738,-0.0199107488830979,-0.0180164248714797,-0.00297527104571298,-0.0105304073740942,-0.0447836135491282,0.102065099932889,0.111838179100492,0.0590118829801543,-0.0136861314596718,0.00561542214591627,-0.0169917749807868,0.21532656541039,0.182558170578378,0.15950753899478,0.132786503401209,0.109151793301327,0.0690991521787433,0.0435576757209688,0.0127067768435737,58081.7812915417
"94",-0.290076438199346,-0.198088864522765,-0.279500006821503,-0.167786003738455,-0.0127747558314827,0.0379585229761035,0.0180428439830318,0.0195417005214432,0.0532245487206952,0.342901529693344,0.293323275895936,0.329796041386563,0.484980935727707,0.665885545766906,0.8250867122173,0.957158839349108,0.985017006809574,0.680874105184238,0.74835547936414,0.681625353705185,0.491219973130438,0.31083043889378,0.164242538673969,0.039915916251721,-0.0546309719074415,-0.0570851694262422,-0.0737779344771369,-0.0560621378749132,-0.0507417280905299,-0.0222266077342349,-0.020256518837096,-0.00162586636852588,0.0224567286941645,-0.0111811805126317,0.0468662875211164,0.0888373138957956,0.0540947220289918,-0.0106926782778247,0.00188206699726137,-0.0185163443882089,0.217093549016292,0.185141549928536,0.158377541911777,0.131472446961441,0.108923227508803,0.0702299005113093,0.0444446954923017,0.0125706283773172,58080.2031302626
"95",-0.258020482666058,-0.177254738106696,-0.259195814749457,-0.14238045618602,-0.0311824023481722,0.0227389542345048,0.0197207989768512,0.018232370327187,0.159948491036936,0.308649234505162,0.390099716630525,0.320034888460658,0.513980108848891,0.666726713735505,0.831699745997557,0.955437879449611,0.86894343208297,0.701957625698509,0.642553909941425,0.685035407822729,0.46998447906436,0.313342723712193,0.157743046491636,0.0413596697713045,-0.0323515261202196,-0.0462773265383165,-0.0734169618751146,-0.0590377911226939,-0.0511379721128601,-0.0270747384762782,-0.019078502892039,-0.001987529085547,0.0010430195666635,0.0158653207822876,0.0689368330164608,0.0797037459188596,0.0405172844599451,0.00852737511241885,-0.00628195566585065,-0.0122785155927062,0.215617239681964,0.185069761942851,0.158490715779206,0.130040258893457,0.108652933683636,0.0691206628186252,0.0433785031082328,0.012483178121388,58075.9679695621
"96",-0.269551299486001,-0.195037636045663,-0.281204442696553,-0.149413137713696,-0.00419708802892006,0.0220459097397115,0.0208124627707918,0.0164379053381456,0.911933856701421,0.370038331179515,0.282117052312382,0.278273605594184,0.483323645391095,0.663382582694549,0.823131805852635,0.958629818703813,0.124874121119258,0.65038090011404,0.750638385575989,0.729480635798876,0.490906677879481,0.319321767804503,0.165098773904855,0.039097383963978,-0.0553525347656304,-0.0510558182321354,-0.0683108306387404,-0.0569093589984385,-0.0475509339930814,-0.0204512731947548,-0.0158579135411459,-0.00280312955780616,-0.0145213777391875,-0.0166458348267185,0.0921303445985224,0.0825257185666567,0.0314679596430098,-0.0133240747415379,-0.000933501574259297,-0.0153201328617543,0.221236214688053,0.183826347947768,0.162983199450636,0.131793008389572,0.107107715710388,0.0697102362942993,0.0447171919879215,0.0124105556036019,58075.2903724739
"97",-0.243322277154349,-0.181325636535492,-0.292785918384396,-0.157488197687715,-0.022569834395011,0.0144743144830389,0.0144649034310926,0.0171629367331014,0.669879864037942,0.33987124238433,0.389183516969286,0.320271725623502,0.497697721412592,0.67553040668725,0.826571973890826,0.957308002229355,0.353309062755095,0.680327890604978,0.651084708773725,0.687105384161066,0.481021059192164,0.308529386108711,0.162759671807977,0.0396890607208906,-0.0388000475277677,-0.0514255342874991,-0.0575258348437125,-0.0582207762960411,-0.0590868228468393,-0.0236225527319113,-0.0177787989234676,-0.0023415496332063,-0.0150041099280876,-0.0311896225336405,0.0626784139521746,0.0955568069677636,0.0654332752274551,-0.0016054728242314,0.00596911969623239,-0.0120799127986305,0.217605781850857,0.185175609259249,0.159268440467229,0.133542618281331,0.109179044776247,0.0706476335315018,0.0431327074488989,0.0125575605392376,58083.62790056
"98",-0.263443729256281,-0.181557985912111,-0.272633771829371,-0.149051608037448,-0.011215300370686,0.0131923917081106,0.0161234761455067,0.0177624498340015,-0.508258566504948,0.178035391893199,0.302661378402329,0.320900153238937,0.482168262089994,0.678959213574287,0.826684378874235,0.95795623656085,1.54018709951305,0.83821564348676,0.726664819067531,0.683103893612393,0.498490085620442,0.305481081753526,0.162556920897884,0.0391157897763118,-0.0540615976863575,-0.0555683841407066,-0.0661378866729287,-0.0552242499759446,-0.0520592297831656,-0.0266438004112701,-0.0168927388158611,-0.00213995868776443,0.0150667345212358,0.00592369070721295,0.0952880174699984,0.105942855837574,0.0251121900815607,0.000144248329010985,0.00309875537454101,-0.0141693867468507,0.217490130159819,0.183553113837436,0.161409420208907,0.132800809562371,0.109246582257997,0.0713425337070588,0.0446543194154773,0.0125827430856317,58083.6566707679
"99",-0.327702265850715,-0.160532537201346,-0.290084245352974,-0.169607182400845,-0.0218082652058369,0.0290132217688422,0.0101784716910713,0.0170195278643539,-0.310076825282218,0.318711441328202,0.382413632239225,0.302686641982597,0.463689789565483,0.672054669515282,0.830182400509387,0.957619736573019,1.35175380150614,0.692326888254882,0.660218515604244,0.707468886118208,0.516501199188454,0.308596624904779,0.15915388932697,0.0394513527249217,-0.0295634005166434,-0.0532304177801454,-0.0649335055193861,-0.0579438297559227,-0.0542934031101463,-0.0254230470072448,-0.0166880379185411,-0.00239829579808256,0.0573718283354997,-0.00980852832803641,0.0651156945647358,0.116356818603929,0.0592789018534777,-0.00800450326919021,0.0125375775433611,-0.0114516686315504,0.215356469307026,0.185233989803435,0.157790292444655,0.131080114299983,0.107456720691782,0.0706371155030006,0.0439598545639162,0.0125465538537137,58077.2895749875
"100",-0.206196676627088,-0.176904583398851,-0.303889311008107,-0.142648903960041,-0.00813927703474484,0.0361649941360632,0.0218396186061046,0.018850944781603,2.11817383835675,0.354794440690914,0.34538666290064,0.327690827486834,0.48454197541965,0.67375772800306,0.825508386688181,0.957333521570213,-1.099594498578,0.6622356887748,0.694512342109689,0.676566257473714,0.489011308943493,0.305547904310038,0.163806519906456,0.0397456080370746,-0.0517906173178466,-0.0558256926642121,-0.0545144477563123,-0.0562198868326879,-0.0518146069423703,-0.0204995857222436,-0.0207129337094951,-0.00301126393109706,-0.0425426083719103,-0.0106365791708386,0.0882703874610204,0.084396967741425,0.0587024083226839,-0.0245011187804648,-0.00695805423628329,-0.0145700357525373,0.216597111794117,0.18276424736645,0.158990489213778,0.131481022954617,0.108860917537485,0.0697509519911487,0.0435212474284724,0.0129187922437108,58072.9128387611
"101",-0.237860944226716,-0.16891848884806,-0.261922360416033,-0.123373347676626,-0.00299745619613961,0.0327123992706517,0.0167663298960555,0.0196465467147137,0.635760059859595,0.376704619652307,0.295438098084101,0.293171787078919,0.451124172640921,0.661386383883271,0.827426199772156,0.957917669820642,0.395823959648011,0.634768135751685,0.738169625973243,0.706541787836358,0.521405966431915,0.319663088188603,0.162986767347061,0.0391268614105718,-0.0505467037747725,-0.0497144226580795,-0.0710717855992583,-0.0607847528908242,-0.0447704386234356,-0.0227038267290842,-0.0190323536761962,-0.0027328710700899,-0.0628224974834877,-0.00894179783245156,0.0481548585881184,0.084673880223388,0.0567612962166576,-0.021306810253932,-0.00613335438931782,-0.0177858864176511,0.218066450899416,0.180703090311195,0.159374041619644,0.131648841107071,0.108899518822869,0.0719486935634595,0.0439799389309576,0.0127154391193271,58078.6873525683
"102",-0.223995662361367,-0.176411655176429,-0.257373626676588,-0.146331213135033,-0.00349397687283084,0.0325961602027584,0.0150986146112771,0.0178729584566559,1.15454633294467,0.276561434327389,0.321316347379598,0.266948111635148,0.48004433685021,0.672248094004674,0.825247918787601,0.957094290421214,-0.138483330297031,0.739281050945383,0.708388232649674,0.740789240130523,0.495591669389061,0.306577317702412,0.164057437538213,0.0402824759306911,-0.0379228236034587,-0.052036264424042,-0.0599485910324021,-0.0610774934128481,-0.0438858419419282,-0.0195148297521174,-0.0156243819584859,-0.00332221696788052,0.00302272198990914,0.00655587183024026,0.0556911305686535,0.0828577828148484,0.0319651963359416,-0.0147762388626504,-0.00028001960043995,-0.0146192702943242,0.216414607090391,0.184711379394209,0.160584918561246,0.131330727218009,0.107456692904826,0.0705227246047695,0.0436268227863247,0.012797978847231,58085.0029375677
"103",-0.275852753104595,-0.183276932966775,-0.258379876361571,-0.130232517815115,-0.0326131006379529,0.0164186111169018,0.008129632103015,0.0180611542632667,1.06852061476508,0.26132814161583,0.305987688928416,0.289316552289909,0.500738751684882,0.668872618270536,0.833716304232609,0.955914458315087,-0.0329225237601295,0.754279373091084,0.724766740075308,0.712545020062552,0.481817849456596,0.313513704557563,0.15821320133047,0.0412043556856655,-0.0422080533675358,-0.0614180249628431,-0.0694361581294192,-0.0581817324339031,-0.0510555927827553,-0.0267819514039735,-0.0186939218777895,-0.0024364364757625,0.00231191940181998,0.0288336206645532,0.0603688927469001,0.0877392847741977,0.0519683773329975,0.0127506282176803,-0.000606326274830989,-0.0132045242242587,0.219740527612383,0.183457305682134,0.157381020685265,0.131937850830654,0.107546429996592,0.0696475262603273,0.0438144910459925,0.0124025650312858,58081.6054935147
"104",-0.282783174010692,-0.183606834233151,-0.266970911440364,-0.16190883639089,-0.00938833239871933,0.0289305155441178,0.00978591578229844,0.0175441964219184,1.15686591147672,0.328209176130583,0.278235545103826,0.298832092685016,0.487973346818495,0.664654094321632,0.823765195934257,0.956813786013234,-0.109578090206922,0.688697262183771,0.753592091204793,0.709195695773581,0.490328479136561,0.314518688027511,0.167995099314457,0.0405950555609751,-0.0581989499539867,-0.0462095933009414,-0.0645638383972216,-0.0582580002190606,-0.0450102723449713,-0.0213105236330108,-0.017714781428321,-0.0024949292399487,-0.043751108167008,0.000459821458170559,0.077241348909043,0.0951768635479285,0.0238725425088246,0.000325581541706286,0.00578872941553749,-0.0150044429755765,0.223872719227151,0.182217462295965,0.157921498257376,0.132400537671849,0.107154895446255,0.0694009992356061,0.0434130180359451,0.0125148216273102,58077.6121407828
"105",-0.262221375119484,-0.141094235501218,-0.276701411115786,-0.139537616169545,-0.00587442469895861,0.0325806765696944,0.0121546767249726,0.0180704157553042,-0.195176246578414,0.232356563322951,0.269964656160845,0.279639339920425,0.443501035155201,0.654756631297491,0.827958661273328,0.957345825783714,1.23079792421067,0.772500751571762,0.763759266154457,0.726308296304602,0.531362243364723,0.326416003536249,0.162907257438024,0.039739992203859,-0.0362991179846667,-0.0487941069784595,-0.0633762241856211,-0.0569266073060875,-0.0444338753139674,-0.0215118675713918,-0.0147316362990458,-0.00258876725301254,-0.047419998154614,-0.0333049542096644,0.0901982550183616,0.0734244157297109,0.0459067028701035,-0.0183718573006775,-0.00266399194731303,-0.0142166796993028,0.217990029827441,0.184213667569322,0.159361942717693,0.132845414850923,0.109633160131062,0.0700886959493181,0.0435412737361145,0.0124643565632114,58082.0768141734
"106",-0.278914949296534,-0.170856824256127,-0.273498325445197,-0.15316144778557,-0.00214683386165514,0.0316406219281736,0.00616023245032189,0.0179455911517475,0.739988795982081,0.175304729028816,0.369418330048514,0.335553769729149,0.477934202013921,0.671694117181154,0.825504573065804,0.956493988645292,0.302543589823262,0.838992417386168,0.663670010132098,0.669276776321283,0.496308265443635,0.307739426772556,0.166483850260235,0.0405215784143825,-0.0537158169428219,-0.0515593454460092,-0.0653080092791775,-0.0571914865820225,-0.0462550298331447,-0.0249616559121915,-0.0182680403046698,-0.00249481286088402,-0.0334655592787882,0.00171803017631162,0.0839944986235533,0.0913638016770757,0.04158728538662,-0.010121803726705,0.0114215444763118,-0.0132419319931776,0.2155209765378,0.185918262171489,0.159669687384764,0.132970597523816,0.108707962176844,0.0703949288365014,0.0435942267623773,0.0125234515855859,58080.6949327216
"107",-0.26687910978275,-0.173365232367793,-0.295679147972246,-0.164973275785826,-0.00798956548758058,0.0157808983316194,0.0211748718423218,0.0188613125792609,0.0455260988143185,0.358819955751956,0.263978685467592,0.292791439583533,0.494558967163601,0.675706347527271,0.826346811349004,0.957613550172136,0.988220437795622,0.65647113595493,0.77210684847567,0.716995155095017,0.480737507094629,0.30745902149377,0.1626639622708,0.039347876152857,-0.0494823703067028,-0.0485227576184662,-0.0744570141382551,-0.0578108781145889,-0.0475312702420777,-0.0238959512964276,-0.0176793133626479,-0.00278108326341571,-0.00269869403119468,-0.0218718783589615,0.109768514769376,0.103264782654897,0.0388158596252877,0.00208734190200398,-0.00783536005521749,-0.0148390395954133,0.216672558514784,0.181045519628533,0.159235679784625,0.134282978795934,0.107507789789823,0.0702043072520843,0.0431425177781417,0.0125594352542387,58086.8945849112
"108",-0.293732633021965,-0.172286299967214,-0.256320110843189,-0.139231818890508,-0.0154824649422026,0.0192087215493636,0.0175348564828123,0.0183101544297421,0.0939502733608499,0.336783208165753,0.37176956882253,0.309088223521302,0.489016796663094,0.671763364535276,0.825748523086722,0.957743943299863,0.946501138057352,0.679175816768889,0.656689314885787,0.695668975492088,0.488612208790242,0.309547697180253,0.162050373102815,0.0392799561597618,-0.048534131908534,-0.0618146577344308,-0.0680462683005748,-0.0576870011559938,-0.0535582195657774,-0.0224969989114432,-0.0170385464138493,-0.00237145641005425,0.0197076166147286,-0.000865618218422861,0.0628883895481852,0.0872928900436845,0.0471654941368415,0.0020832127923681,0.00752629555319575,-0.0151112834429247,0.219573758737034,0.185570722200669,0.158328342481055,0.132169600919931,0.107444027186072,0.0710480614851612,0.043041265127726,0.0125698261029833,58084.8345406409
"109",-0.275610370476588,-0.158051985067772,-0.283307556542856,-0.138237066084186,-0.0095070535414705,0.0129497622310183,0.0145930433922827,0.0187158589011388,0.858455286086106,0.308326017668646,0.332558005386404,0.289335150843219,0.474879528573709,0.675610309926674,0.825828643728014,0.956867398124989,0.175927395507014,0.702261926941381,0.70081055281301,0.716119623915443,0.504564811576503,0.309235473806551,0.164304953405073,0.03980621903952,-0.0498165727085507,-0.0606778722998836,-0.0558632441864366,-0.0564571407217749,-0.0412043159440082,-0.0226341471426423,-0.0181253900303666,-0.00197780331032567,0.0303971130639095,0.00475680241592818,0.081194400774129,0.0690320655765888,0.00814588254883175,0.00147944100087618,0.00449229690806261,-0.0140341219006814,0.219936642994502,0.185135744110124,0.160139000315501,0.132741060715739,0.105897826481119,0.069721782574298,0.044096525383333,0.0123079717842584,58080.1976009814
"110",-0.233459144126503,-0.156066692849005,-0.258543947685759,-0.142784503870847,-0.0196605164587536,0.0206648844128262,0.016018276785866,0.0180193940627419,0.333823340873806,0.372711250952913,0.248641248281663,0.307763673119713,0.473420800066516,0.674636872563874,0.825878844717866,0.957985758818462,0.693844571656755,0.642778041700758,0.783489063224719,0.701966298512553,0.505711656588831,0.307137998492039,0.163297013106045,0.0394916875456738,-0.0521348263753756,-0.051659028173701,-0.0725347962168497,-0.0525800830181942,-0.0533451517699507,-0.023591823991679,-0.0176776255914253,-0.00292161602680794,-0.0554240812704987,-0.051571043266015,0.0562756893091282,0.0502877707420836,0.0513826241117719,0.000540620911073449,0.00451463878546493,-0.0160559570226568,0.216486501703285,0.184761798174721,0.156624759522506,0.13031091868261,0.107869157791493,0.0704954387535822,0.0439235719502011,0.0127283163613807,58081.1401968132
"111",-0.280275152489183,-0.15353376207226,-0.316084423165678,-0.150085139904182,-0.00920172629747983,0.0194336257718089,0.0249459620656621,0.0207209988502641,0.531879801613899,0.272908738573562,0.331073921247819,0.28314393815627,0.484805036491337,0.672473494927491,0.822603405653832,0.955504251136148,0.503928978030453,0.736941369732973,0.708878943957871,0.72597919579363,0.490503551584845,0.309538083413446,0.163573698195618,0.0407346045061878,-0.0464705633914878,-0.0476910120611873,-0.0663023337989793,-0.0616561621798085,-0.0427455219906912,-0.0257730989231037,-0.0146582552618262,-0.00174883506684603,0.010061023739207,-0.0292745285401883,0.130875065022345,0.0861728191181422,0.0416382182246186,0.00304288789864074,0.000509801396798219,-0.0156595953721842,0.215966827172443,0.18124734993877,0.161476169999308,0.132739676339357,0.10730505774445,0.0693386736001615,0.0441396068301708,0.0125419858443571,58084.2944045671
"112",-0.271381496684229,-0.155156191763708,-0.302376179443398,-0.121362183866705,-0.00863293822771293,0.0260085820283077,0.0137491927458958,0.0175350153453304,3.06423647417593,0.300062504599781,0.351797350221174,0.310566904183292,0.461169915347538,0.673909453283659,0.827263276655001,0.956822324287144,-2.02817965304037,0.71223008464274,0.690374704942625,0.690455213036379,0.513966943347729,0.308074597982412,0.162997160656504,0.0402079194682071,-0.0423388639130303,-0.045956891213577,-0.0669263100761117,-0.0543169249220203,-0.0495581860854338,-0.0261798079844258,-0.0161950272588675,-0.00264900880077502,-0.0294712622203395,-0.0375083767562708,0.0859382056642892,0.0564400613297491,0.059103482198902,-0.0102432941939009,-0.000519315481275506,-0.0120305480805134,0.22321581263009,0.184544379980299,0.162415795356227,0.132832523934782,0.110236602092392,0.0692432005236138,0.0436685149226916,0.0124992812289064,58082.0311356649
"113",-0.260288140466334,-0.165815462601164,-0.261341164637502,-0.137562904512959,0.00190099625749505,0.0305049631162092,0.0187463818505529,0.015689128057489,1.28165593057126,0.340575684869823,0.341044253287499,0.277565192839811,0.466554231444672,0.662232299474909,0.825731004118481,0.957350463730803,-0.249728778524229,0.667382088187719,0.693787065280467,0.728467395242017,0.507027839276995,0.320179924397257,0.163687535397221,0.0402140620237222,-0.0472879275233401,-0.0470813088713172,-0.077535272933819,-0.0587208929648385,-0.0450750632291109,-0.0227230991518416,-0.0175060221003805,-0.00249256014843673,-0.00125479683068183,0.0192801588874539,0.0478546704462358,0.0727826201595496,0.0334219981386608,-0.0174481006116746,-0.00247330210345406,-0.011387507338125,0.219863478536255,0.182739937310067,0.162494246952344,0.132754661953197,0.107322008763077,0.0719030706976939,0.0435443644675084,0.012567990046555,58082.5999567269
"114",-0.321037131012478,-0.159297135292114,-0.258191957166263,-0.141066733507158,0.00231363937948583,0.0226427733176321,0.0124897822060972,0.0176252601547294,-0.33143783715741,0.334350328383381,0.320556791977472,0.257746968787918,0.469304338101084,0.662532089259475,0.827288808653042,0.959109185553791,1.38104258197831,0.679206792388238,0.711378273964062,0.746197003240605,0.505623317505567,0.319071880338289,0.162096040656474,0.0381528259021267,-0.0634153713629504,-0.049400035555569,-0.0615757000393072,-0.0551052789262468,-0.0493190536855175,-0.0210588959964418,-0.0181041943939428,-0.00330090313438471,0.026247333128105,-0.0243556870034267,0.0474867079822405,0.0881490689411163,0.0265802808735134,-0.0050053446683363,0.00964552504363625,-0.0149819708679914,0.215144137401109,0.18772761661055,0.158096255349956,0.132051587715328,0.107394332026304,0.0706518081616113,0.0438477383379584,0.0127182141269989,58081.8700513226
"115",-0.279967568535769,-0.190652126627955,-0.300146672678222,-0.160901620111599,0.0025141686456983,0.0302447358164494,0.0134418729784616,0.0171836634729519,0.331970578619377,0.324679475566811,0.376956728407078,0.319532100274865,0.476156497785259,0.667170704109177,0.826027545477068,0.957861284215949,0.702960796227493,0.697029086581483,0.662122097086556,0.687901435168453,0.498162394656023,0.314166914827826,0.164126310379535,0.0395408240763615,-0.0357401299159418,-0.0576207838778784,-0.0665708261073701,-0.050472613534315,-0.0475000535998398,-0.0189799359090844,-0.0174989366220435,-0.0031693734987768,0.00369121805197561,-0.0092119971431735,0.0911591495324776,0.0975418861283706,0.0264843921684384,-0.0206706988447342,0.00124859630240558,-0.0127244827812338,0.218087516709548,0.183669498764916,0.158269821075936,0.129686238128192,0.107792503521864,0.0705756927659899,0.0434323635970848,0.0125282652214144,58086.0841281589
"116",-0.27069119299164,-0.115610383473733,-0.317780591564148,-0.132007746705774,-0.0423103044825097,0.0324565008025654,0.0153644755504683,0.0177407758286201,0.271017471496383,0.299593042448318,0.296114106252285,0.267957327882867,0.496579663904725,0.664487216983679,0.824107494835902,0.957332198730652,0.761863838540479,0.708811377337832,0.750232827140404,0.733227772012007,0.489071681052288,0.316783451142697,0.16516449037043,0.0398041759540129,-0.0449716220202635,-0.0515733715704477,-0.0808734408752561,-0.0545874232351093,-0.0530830542251298,-0.0238930431690891,-0.0192894149613627,-0.00203762434138124,0.00580296955150647,-0.0907950087879475,0.120842057673169,0.0871488330087331,0.0632693711418012,-0.0208746946110552,0.00694213570655049,-0.0144353776378692,0.220332374925375,0.184752088938716,0.162991827945003,0.132036506383316,0.108180565292814,0.0706310791054687,0.0439132558925269,0.0123657815163565,58080.3501724738
"117",-0.224784568704901,-0.165711665039556,-0.277665395348109,-0.160919592204094,-0.0308731101655502,0.029844451938154,0.0170366302911706,0.0177001526342322,0.811083411904317,0.241053697533907,0.36478256526362,0.303673957756181,0.489134777309511,0.678356773753238,0.828579652846204,0.955569467144357,0.213844989626084,0.768728132388411,0.672856777049315,0.706894758122946,0.493122160239171,0.303278236305746,0.160911709571124,0.0411818305273055,-0.028574361263679,-0.0495629193372724,-0.070928672840436,-0.0515202869991865,-0.0465272869633452,-0.0235256815794198,-0.0171746867496723,-0.00209025754114642,-0.0577509573826065,-0.0023322755781206,0.0628187799106469,0.0767557788849227,0.0517249806919593,-0.0203772842300963,-0.000362779923517452,-0.010800771479457,0.21655904843007,0.182228960221693,0.158265646678799,0.13263814574451,0.108518459604818,0.0697256309527483,0.0437508311527419,0.012633422871883,58083.6094600239
"118",-0.320259545186033,-0.152385599164621,-0.273768524314832,-0.120562672095009,-0.0231639015283608,0.0206984714467341,0.0149778842954622,0.0179919222841302,1.83454253644731,0.298975282235616,0.339072267969575,0.310993753718559,0.481270045147012,0.662274007341026,0.825945198123097,0.956579859164718,-0.794211047288451,0.713747224207193,0.699279145328985,0.689278340273893,0.500696091724543,0.31906569118231,0.163346279546823,0.0408030321142134,-0.0392501371103706,-0.0502302835158382,-0.0800888198818904,-0.0552618254336184,-0.047950504490035,-0.020687246743014,-0.0148729206035305,-0.00210469925603003,0.070901261951274,-0.0464270077878405,0.0632634002137388,0.0576619401495328,0.0380284731376018,0.00147137121457989,0.00359071264912817,-0.015074433472906,0.219414342369807,0.185139687799325,0.161334501344831,0.1328208715123,0.109668639246023,0.0692621867656142,0.0441286279342283,0.0121781137693677,58078.8873371504
"119",-0.249933193718383,-0.169752039824646,-0.26508049546012,-0.136822206391687,0.00621964351038343,0.0374770067155832,0.00964025197542075,0.0174535962166832,0.304127062856171,0.271816851530331,0.365555286296382,0.253678819724973,0.483481907412993,0.65991849677151,0.826805721605597,0.958989557307419,0.729126784863778,0.741477334166246,0.662878672303101,0.748681088022905,0.489900329638956,0.317078651661608,0.163509263151791,0.0382006540875241,-0.0431796153242708,-0.0467274833100387,-0.056424270318817,-0.0564714451875079,-0.0438265003548832,-0.0177874062772336,-0.0158492644967254,-0.00268977782622091,-0.0446959085596969,-0.0134679164582252,0.0901430386672199,0.0815881746188077,0.0221001649440825,-0.0112256015575579,0.00855546537913159,-0.0142641905320338,0.215981645583452,0.184453398955591,0.159956260531605,0.133536798014332,0.10794897543493,0.0702737946609633,0.0437930944867832,0.012495087221808,58084.4726512237
"120",-0.272262809990877,-0.153866966940685,-0.29381580534272,-0.153853059928065,-0.0105597156433002,0.0450147699921741,0.0159339364859337,0.0173234844694303,-0.418280047897266,0.233945506477116,0.317294538220074,0.281494458966395,0.477050144347858,0.656336128458728,0.829936549964271,0.958036431631933,1.45350730072883,0.781892291730208,0.724634820943509,0.725817882206129,0.503190511988652,0.322749466244527,0.159069156895893,0.0389774448460475,-0.0473993355935242,-0.0606307113685627,-0.0741439471331921,-0.0539114221447078,-0.0522765960012092,-0.0219049149373551,-0.015322369945699,-0.00231165389889268,-0.000381510803256324,-0.0453428672760564,0.0841070543682201,0.0965289566119251,0.0234755690722778,-0.0307989326351732,0.000370778110058613,-0.0134234826889069,0.219339622986636,0.187729530776818,0.160883397302034,0.13075068692472,0.109375660427335,0.0702767544981725,0.0433335233825495,0.0124949290306093,58082.6812863979
"121",-0.258060616823312,-0.114944277648239,-0.295127812435011,-0.167166544103317,-0.0265261992839532,0.0106408819632601,0.0227453482252419,0.0175358363602297,-0.229202089550576,0.33489718461791,0.341600335142787,0.336521192750312,0.479424109212413,0.687416201457948,0.826619982190293,0.957699618736417,1.26248225923924,0.669413684602734,0.69715451533204,0.676938247475668,0.500912619796091,0.299463375608923,0.160736818202554,0.0394613822311002,-0.0476314749827484,-0.0434099703558227,-0.0614867366466848,-0.0589529030788703,-0.0477307361559089,-0.0264759134840097,-0.0175014714575644,-0.00215106721509179,-0.024384570067482,-0.0828966440139158,0.087136340074313,0.0792865318402721,0.0565730579826454,-0.00726029327677112,-0.00152718827456722,-0.0148265453243868,0.213611828786315,0.186827132290801,0.163143121662766,0.132549108330249,0.10721132707946,0.0705989390572579,0.0427455808422798,0.0125176872101478,58078.3458128394
"122",-0.278201889447189,-0.18158051371822,-0.285752043746557,-0.149241834421504,-0.0209046717279372,0.0251103930446676,0.0211827007102693,0.0211775344547126,0.300891788609869,0.246203026243044,0.250444459919247,0.323371620915712,0.487727404923908,0.670264390371769,0.825353084379889,0.955730124283031,0.735391568763199,0.772884159274667,0.782349299055428,0.686550465059546,0.495831969812472,0.309744406068314,0.16432538731783,0.0410307973298723,-0.0553735347075812,-0.0560877066826584,-0.061344353050143,-0.0559695680474232,-0.0556459445797561,-0.0233549600803921,-0.0170280530810456,-0.00252490725235836,0.0186860327441539,-0.00023769115830802,0.09997386298468,0.0715644055984557,0.0367102037818528,0.000286695666750677,-0.0114894001197338,-0.0185979931702659,0.221973783065614,0.185492457260175,0.160254002277429,0.130870692093356,0.107745787874938,0.0697336799897722,0.044415676342245,0.0125284260899301,58079.2369799968
"123",-0.262505109862619,-0.186851320906006,-0.283137199099017,-0.113795726144171,-0.0207850133561316,0.0275196355288095,0.0240377741227177,0.0166199828523675,0.915604608069974,0.307273599161799,0.301678555535347,0.315705521465196,0.483688207761622,0.663347684616019,0.82681202909051,0.959790453459473,0.111543341770729,0.709931338477419,0.733153022920063,0.682536663758094,0.495506324922421,0.317415432776744,0.161639953193834,0.0377345137633817,-0.0375665688008863,-0.0515420645033394,-0.0651619132232027,-0.0520065829841306,-0.0439314360214737,-0.0263213081435052,-0.0159777736477091,-0.0025092058236546,0.0247274924280981,-0.00563003591359568,0.0902178015106557,0.0524222894967361,0.0487412576365324,-0.00346198258026961,-0.00897246933108188,-0.0149774066308489,0.217802211899461,0.182178968101173,0.15754497304095,0.132815665468245,0.109517564426734,0.0699960780151511,0.0444595555124678,0.0127581130124559,58082.0592857672
"124",-0.28237251919808,-0.160114254671242,-0.265759397299974,-0.134022461982566,0.00805753908212283,0.0221165323577749,0.0117877305897371,0.0163358128930844,-0.411693488086506,0.256470154493372,0.327013688955234,0.343082922789022,0.46656694584255,0.659621249544334,0.826977393185571,0.957868564597761,1.44699748805399,0.757299106695976,0.710262667643999,0.663269193798408,0.507829760040681,0.320003646755231,0.162792113346956,0.0393942282260052,-0.0454616889157304,-0.0451968315240348,-0.0737852646845741,-0.0605998456913332,-0.0498920800599446,-0.0234373817660251,-0.0171212374132985,-0.00212802865369649,0.0144892431663638,-0.0456329545809509,0.0515236351164826,0.0470765818484424,0.0216717102301438,0.0113949054399966,0.00702899411711905,-0.0123670023481193,0.219531086514208,0.184979372068004,0.161280379453054,0.13037009229002,0.110432961944867,0.0699680787075791,0.0443504990901174,0.0125004054357372,58082.1931234655
"125",-0.253574544631602,-0.151841018247982,-0.267638866371943,-0.146099641738072,-0.0147728277963591,0.0251054597972423,0.0193916190193812,0.018426298098504,1.26287096520939,0.305217761420936,0.33252551978217,0.292402779865211,0.484794159904343,0.671957676043215,0.826713615080154,0.956831600821865,-0.230804882967608,0.703676737167992,0.700597308153042,0.716973049770119,0.490903817612462,0.309066900685979,0.162695951935194,0.0397638792686891,-0.0247639242057871,-0.0564868362426192,-0.0723177473224239,-0.061166366662664,-0.0473103649053803,-0.0233928123605267,-0.0161550859975392,-0.00228640262940076,-0.0559712027240892,-0.00176123765976349,0.0750479123870812,0.0716839305720315,0.0533996884829784,-0.00479510040626369,-0.0069990838846224,-0.0127271627511363,0.219715639534677,0.18588552209617,0.159687538900326,0.129499166532387,0.107812207565751,0.0700003940085567,0.043204786336072,0.012498945813301,58087.5928843628
"126",-0.244956910078247,-0.153557590116559,-0.290312959928575,-0.124889162687442,-0.0186421170679685,0.0104056502624492,0.0120977544408526,0.0163457009095447,1.26956510999349,0.314002115608506,0.274445461740009,0.295384253710104,0.478058056657389,0.669751712787744,0.829516162576407,0.95774022800725,-0.239690953225852,0.6982595945894,0.762506821881213,0.706053726287473,0.502129027360793,0.314162988296393,0.162305885016136,0.0394171064361729,-0.0301823834831622,-0.0511589350507044,-0.0692408559311216,-0.0578999119613453,-0.0518445907552469,-0.0216262889392082,-0.0172085416704149,-0.0025509742161748,-0.047552342461125,-0.0474856120080628,0.0992977192726965,0.057166886676811,0.0420363413890429,0.00849097599415274,-0.00714541936545563,-0.0121701360410947,0.218670381440279,0.183536185053156,0.159332657802201,0.13235521335427,0.108112565267794,0.0696112696955058,0.0429060870266745,0.0125825294708653,58081.8096611542
"127",-0.297045353569485,-0.147190731967237,-0.278167673405427,-0.1381088478618,-0.00911238432097323,0.0451673793179971,0.027082555328336,0.0178712292786998,0.940682549365593,0.304348719872886,0.327891038502945,0.289531518183001,0.479929126137428,0.664302711516268,0.822429522655054,0.957418911894144,0.0905299385671527,0.710035725832857,0.702786839866639,0.711676969264311,0.498636957547024,0.313686653884888,0.165694797354245,0.03934051859917,-0.0481558285619256,-0.0560039593355658,-0.0641873615759491,-0.0573400020869265,-0.0526518601223093,-0.0220234663121362,-0.0182546103780886,-0.00278514922491403,0.0749665892222418,-0.0543212357156083,0.0985893473137001,0.0869626638831651,0.0332307414808326,-0.0295736703263822,-0.00879156035337833,-0.0119592720639897,0.219372180027339,0.188154589919988,0.161035008740621,0.133590359618462,0.109634766909581,0.0708767842392079,0.0437165001329334,0.0124438493896192,58078.2535591066
"128",-0.239058548358194,-0.175272635628133,-0.265772859917423,-0.141436386083493,0.000912707351528339,0.0303950589417346,0.0101531277605555,0.0183896896519134,-0.0537606271307198,0.289304157541328,0.340588141660906,0.336585760107589,0.484706758465639,0.659752163916377,0.826113847112643,0.957851802856165,1.07999354321908,0.72759690537676,0.690008301949726,0.667704355733892,0.490752206704045,0.321005560476285,0.164001482040106,0.0388771054846834,-0.0363259524149871,-0.0533840012265785,-0.0645925587371658,-0.0560063147070905,-0.049968384179779,-0.018594435527926,-0.01913145800541,-0.00202627209117741,-0.0223828264628104,-0.0140425246639014,0.0732965197025017,0.0750302289094713,0.0195462187758049,-0.0174280175482975,0.013506702378521,-0.0145051417986481,0.217167530415742,0.182563002944168,0.155319496082463,0.132893296119322,0.110276645942493,0.070036179275404,0.0433225601512619,0.0122529051301093,58081.8372708898
"129",-0.276602897418629,-0.153151922047065,-0.27440995493042,-0.143126793016036,-0.0132407013039323,0.0185871894811417,0.0171210268537299,0.019472735899757,1.05053949178905,0.265413984397922,0.266365517434994,0.308032908660419,0.492010513662777,0.672490803789005,0.825158681926468,0.956828535246944,-0.020690354532873,0.748872765623647,0.764041400804662,0.697750955963436,0.488091061783113,0.308769555600221,0.165698382705946,0.0403104109094788,-0.0575249551062196,-0.0476927819957288,-0.0689188088448138,-0.0653389728773406,-0.0478184262794053,-0.0226983809630675,-0.0173314739480902,-0.00257436286977105,0.0412537163194222,-0.0525993769473598,0.108670269425564,0.0910088388961007,0.0257780066274916,0.00682127531491294,-0.00993770545586763,-0.0167625661872144,0.217713418339192,0.186393493884804,0.160710643477172,0.134089543280989,0.10810125851201,0.0717323119582484,0.0435107276458894,0.0124961617411665,58081.6766386835
"130",-0.318123336095414,-0.163269818873256,-0.276374387096834,-0.119590624304207,-0.0126897523881516,0.0325145790008531,0.0188374489044461,0.0163405011143845,1.36051546731857,0.308920907011624,0.367119119660373,0.266870182437017,0.496554611379209,0.665822803348811,0.824321347160342,0.957974756527341,-0.318150795421429,0.703655409043194,0.662721257324214,0.73133872486561,0.482423625216684,0.312936403073232,0.163487828972516,0.0389912434826069,-0.0498941137675745,-0.0531387636618228,-0.0593059846362991,-0.0466902362115992,-0.0524839976270685,-0.0198446370617583,-0.0163655876685107,-0.00187605035948769,0.059667226919499,-0.018165922931233,0.0906233060629797,0.0645235100524244,0.0397600945569701,-0.013102475803916,0.0060486977502833,-0.0110096335975524,0.216950837521963,0.181443270914935,0.1587016960193,0.133096090129511,0.108735952458472,0.0704657583786894,0.042884166069377,0.0126685392166884,58082.1876496601
"131",-0.265695797206125,-0.173740266165307,-0.297412229357614,-0.118950737143926,0.00445318533438866,0.0289365160048434,0.0152557487158516,0.0147823383409517,0.0949784296334031,0.321690784028411,0.304239200015422,0.261332039913512,0.47489361201284,0.669198273010599,0.826084767146411,0.957550805783625,0.934457899748999,0.697772832205686,0.73071639632252,0.73892368904282,0.49763792585104,0.311305819663381,0.162446058717463,0.0405128808707961,-0.0431978213263541,-0.0533124324689875,-0.0619760974614406,-0.0567672663751727,-0.0502140068906821,-0.0254292965088274,-0.0173681038575123,-0.00199301045890561,0.0196809190114496,-0.0202594758846421,0.123806700153621,0.0631905365077999,0.0271294143687372,-0.00661374488297779,0.007787082934277,-0.0126675970996491,0.217138905729621,0.188808817854437,0.161315548739914,0.132784222794336,0.108130969755205,0.0696582973238944,0.0436357693487536,0.0126646564420414,58076.133714552
"132",-0.280009512087632,-0.17300319767624,-0.27620233770154,-0.125431139062094,-6.86741280974816e-05,0.0280191979704013,0.0133357515895183,0.0173592694548933,1.05992035618741,0.250570294990382,0.300467505616877,0.293018464197654,0.477520068219653,0.663350506093246,0.824954080907764,0.957877136376562,-0.0263549224114261,0.765367024701698,0.730779741879728,0.710321787487669,0.497309908450164,0.316679187225782,0.164435022371513,0.0393764797810505,-0.0624606403056966,-0.0505305866790301,-0.0599108936004989,-0.050367517799625,-0.0485453934451589,-0.0235821058555376,-0.0147431694538062,-0.00192680438951081,0.0434165775048443,-0.0283193105971849,0.0872465885075688,0.0480293522880226,0.0336546915170131,-0.0051473847641025,0.00459677844392957,-0.0158186974261977,0.213590052467136,0.182698345503987,0.160183718559111,0.134609303554662,0.106982640261136,0.0689558214522937,0.0441717665727167,0.0125531460183433,58082.0960354703
"133",-0.288393534702421,-0.167142042676683,-0.294126149656356,-0.16133807548353,-0.0268699224332579,0.0391458783448303,0.0186617834219621,0.0154259351352377,-0.932655654703823,0.265214263894672,0.312585974434673,0.312245963367888,0.47937878749823,0.660860078391038,0.824432264767702,0.959149509176076,1.97282892005512,0.749413521288963,0.725975819311845,0.701797721662498,0.499368744795281,0.317314630775153,0.164717113365469,0.0388931391887819,-0.0494799598096939,-0.0532870735459554,-0.079790786503022,-0.0624843108651963,-0.0448949330972413,-0.0189780265424792,-0.0155137990320425,-0.00343761774615704,0.00740769765998958,-0.0184968270536071,0.112305678767525,0.0685070894721211,0.0682841524219027,-0.0126979783299314,-0.00476087373725026,-0.0142590765242595,0.22030096620022,0.185749983067168,0.162303773049586,0.134723164863798,0.108231680156496,0.070359531964065,0.0435306853191172,0.012878705854024,58070.5386381093
"134",-0.271537698121532,-0.189263912066762,-0.263336557626792,-0.145207084235857,-0.00215297623216361,0.0312510230519428,0.0208180255291507,0.0168992620290208,-0.149766859849021,0.378763877308746,0.353238954225922,0.312601723204239,0.457724120746986,0.674746561500568,0.825952959386812,0.959325572256462,1.18272434584983,0.64204028244393,0.678266213218523,0.695750189911076,0.519265303268404,0.30607565224452,0.162656843282779,0.0378641504004537,-0.0513750307595931,-0.0643487581854068,-0.0709714429432525,-0.050912897793072,-0.0418768818762051,-0.0204917001069186,-0.0163456096056766,-0.00306457724109005,0.0141900139929872,-0.00794528146134514,0.0758850778250844,0.0587172617775847,0.0241173544688538,-0.0219696605001871,-0.00646923963813947,-0.012908749589591,0.222002879738111,0.179079156989019,0.161512859611413,0.129867483199928,0.108311460748589,0.0690706225399735,0.0441666457142229,0.0127481387140155,58077.5841865946
"135",-0.231383339410381,-0.209436381875746,-0.289212290514182,-0.144213873248585,-0.00312691583375354,0.0296243757590444,0.019908580103954,0.0169909616598369,0.240701477888862,0.320476419344679,0.293751237734822,0.329794087822576,0.478470721398518,0.667695766997015,0.82073391076226,0.958293592536341,0.785277511154591,0.702076234326186,0.745453025209818,0.675654371472191,0.494037082257948,0.312744757439204,0.167344526999539,0.0385161094244557,-0.0306549252603697,-0.0464821489126456,-0.0649005705070468,-0.0603672806702148,-0.0442294141425863,-0.0220826724421251,-0.0148761492381025,-0.00311057631608202,-0.0614306862281997,0.00777553797728419,0.0690666951239548,0.0822486674498794,0.046464930606047,-0.00787920952756832,-0.000911385248796875,-0.00986332110873508,0.220505332871079,0.181614005437504,0.164028444823872,0.130507469245519,0.107009194117847,0.0696684196895252,0.044205534053762,0.012657909819847,58077.0514338591
"136",-0.244999526605794,-0.168126961697071,-0.275536200813045,-0.179548611088652,-0.0213876022028599,0.0235949523011374,0.021918072027658,0.0190819540467461,0.174335531266667,0.295914828080019,0.348496103928214,0.339175709128281,0.477302763898632,0.660530421616053,0.825455414867331,0.956137038051252,0.857571079019034,0.723347643302457,0.687084449086626,0.673589118336414,0.502804981078115,0.320353579028614,0.162822212849265,0.0413692028656705,-0.0469685086730047,-0.0504326281680254,-0.0737881906550911,-0.0563242327324132,-0.0403317233512044,-0.0252726776133519,-0.016632723663653,-0.00243118393980093,-0.0406607406308227,-0.0387946214198089,0.0858575851877136,0.111287447536092,0.0463238436697373,0.00833556273642526,-0.00805926680174483,-0.0189454397719214,0.220955745945649,0.181094440801753,0.15463918880148,0.129824823061,0.107595105927301,0.0692283892712518,0.0446871886083222,0.0126684667727547,58066.0669140433
"137",-0.273588129282796,-0.127306911914507,-0.265270671442126,-0.154685079868317,-0.0105509017266623,0.023040644021513,0.00796730706617029,0.0189008831597921,1.16804697168481,0.305427432808423,0.28590800384194,0.322033303246009,0.474085987987299,0.665191806312252,0.825400078911023,0.957921436871917,-0.131591014696779,0.701924278658675,0.751225516866809,0.687771775295808,0.504024764559755,0.315848870023947,0.165354067925704,0.0391621143484767,-0.0432322184808712,-0.0525343447573863,-0.0623335279183175,-0.0669133571735572,-0.0465102220305603,-0.0221173349293885,-0.0154858243131642,-0.00291198688458163,-0.0186736672289272,-0.0574493310163862,0.0344124923359259,0.0831525201152559,0.0307386976783455,0.00569411773215402,0.0104742523455828,-0.016145219068465,0.217158570174045,0.182702280909863,0.161458869138626,0.131440561418507,0.107667583386504,0.0695004797581407,0.0434040247444373,0.0125774409673115,58084.3511133303
"138",-0.24140674197318,-0.160215551890821,-0.270848869054452,-0.15788155279813,-0.027707134052365,0.0348433520344166,0.0141416907751364,0.0183034051782304,-0.153609424097024,0.296641377709114,0.318611854726568,0.281408258892095,0.467718084396444,0.670043817101397,0.828835808530211,0.957609321205537,1.18297472142913,0.717415985387467,0.71773294535772,0.729682243199552,0.511610097706127,0.310129401710027,0.160200830658071,0.0390188115573488,-0.049819610260031,-0.0552798523263537,-0.062034736151933,-0.0619314444129377,-0.0494863403653327,-0.0195302686957047,-0.018151701788393,-0.00170741750238875,-0.0404173539334162,-0.0283621135683787,0.0485028327199052,0.0944886684713919,0.0621171738820797,-0.0253855353299213,0.00658861575296743,-0.0144763853362891,0.215846039988575,0.186351612339431,0.161410837360035,0.131715985870291,0.106016602856078,0.0704896516651909,0.0435359663269016,0.0126393104648547,58080.2094054796
"139",-0.261070716581755,-0.181746791133291,-0.293141574991082,-0.134816803647695,0.00637566964184803,0.0209135759408905,0.0211839742151668,0.0188307317624231,0.743877458236815,0.283216994053262,0.298431582045545,0.277250410183441,0.467252198021818,0.654921020740252,0.823128158327958,0.956021055208185,0.290202193298371,0.732563580754973,0.73625634235885,0.729211981287955,0.508248812905781,0.328067970633741,0.165102925248909,0.0405371840740849,-0.0376372503651145,-0.0643264057667368,-0.0667492664672261,-0.0569710605773249,-0.0483086435714282,-0.0257865327535257,-0.0180818103826259,-0.00255753972569413,-0.0325051038061251,0.0161146633478133,0.124185064626454,0.0543654107351207,0.0156839956191341,0.00381143434227217,-0.00396395900828028,-0.012662471157246,0.209517171317551,0.187652389409563,0.157756276177695,0.131700788518834,0.106736705979683,0.0696475835164537,0.0442850697259962,0.012722375469505,58071.4118082139
"140",-0.287328940760838,-0.136519141221151,-0.262495742910898,-0.155716122183042,-0.0170793870243007,0.0280023876215967,0.0152698653448811,0.0195511214185976,-0.864262018450456,0.353567754757044,0.243139348899061,0.336496419906633,0.478438088784949,0.674899129064318,0.826128584931955,0.956630394001225,1.9043044118762,0.656136144367689,0.787672753130808,0.67493605867672,0.501587412807661,0.305287335365722,0.163030925738275,0.0402612043572705,-0.0511509272929072,-0.0570222390426323,-0.0626375217331054,-0.0694019592321323,-0.0462486379330292,-0.0220215154872441,-0.0158901759051162,-0.00164151020452224,-0.000406829741800068,-0.0520328878316226,0.0616919515738037,0.0824065062193245,0.0328146899905374,-0.01189008785411,0.00394061469937257,-0.0177877320542256,0.217199638029165,0.183276201592082,0.159604279574875,0.133968164896928,0.108956897576645,0.0686256358215589,0.0431672723155362,0.0127480483677983,58080.3039615711
"141",-0.245177191588428,-0.151803214494202,-0.320061818360611,-0.140456483586887,-0.0165138408294053,0.0291939658568934,0.0187232195773333,0.0194066619541999,0.993342469954236,0.279928329746821,0.307795860048687,0.301611760513642,0.458065594948661,0.656405518608069,0.82841267462316,0.957200337599925,0.0302537855378232,0.732905653768414,0.740582683272724,0.700425834892267,0.521594793107667,0.323392528006864,0.161172267421024,0.0390678442242846,-0.0216076077418411,-0.0583786327262458,-0.0716011264658822,-0.0513929550662791,-0.0498672687015317,-0.0233391142287344,-0.0169433786581504,-0.00155893971544288,-0.017484802277507,-0.0325114173599906,0.0906272037055834,0.0845565085175396,0.0460953318428518,-0.00442039883072014,-0.008197769756876,-0.0133585354714866,0.220889793891796,0.182583099409539,0.162499921521192,0.131147756450245,0.10836005007669,0.0694504085083449,0.0444116068924593,0.0124078259438936,58077.2605477548
"142",-0.26316081981085,-0.142775152798452,-0.249907425873964,-0.140815805056627,-0.00410362985425558,0.0186869560642895,0.0112724803904992,0.0186294035745849,0.240956267827479,0.257053343240564,0.326517965549741,0.278008649041746,0.470494614696342,0.671035010615603,0.827267285803279,0.955432598258145,0.787319646584947,0.751116909997439,0.702306148550282,0.725971176285267,0.504875106832851,0.311904148691309,0.164093411144276,0.0413560361551958,-0.039282172434418,-0.0568028032243456,-0.0641948771754108,-0.0568919227419896,-0.0502444810399011,-0.0247412450976739,-0.0185889326223076,-0.00192647316525788,0.0162063076202693,-0.0388454899462035,0.0515201872955405,0.08428981258481,0.0397557411763229,-0.00114996053771116,0.00205149873767937,-0.0131669800576871,0.21512266950641,0.183218219766143,0.159841764574321,0.131220717139217,0.107777736562347,0.0697472678551241,0.0433610752443205,0.0124993768234951,58092.5536530352
"143",-0.245823655498674,-0.155747566021215,-0.258260450324105,-0.133531465332665,-0.0198924492978926,0.0469361879969441,0.0224178667139266,0.0165180130177235,0.365431476208605,0.295470074945483,0.313685433734263,0.313531793887726,0.482709271372121,0.658157405781909,0.822378274308465,0.956975690009608,0.662960653979397,0.705946726142338,0.717808586965976,0.691489568504916,0.497997119021157,0.316891263476221,0.164831759773236,0.0400942860239685,-0.0474591751892316,-0.0380305156625334,-0.0660663554753211,-0.0593775550811189,-0.0511190927759571,-0.0247399351926571,-0.0160217472727932,-0.00194763304725074,-0.0126605509953411,0.0207296910419766,0.0579888293445227,0.0550518170382738,0.0421518787534177,-0.0105545166205275,0.00393148122977619,-0.0115827631680402,0.217949498740048,0.184399717984007,0.160516269361981,0.132891897086704,0.107751726431506,0.0706860194755199,0.0440899976794969,0.0122722663340291,58078.4986022915
"144",-0.243954607709845,-0.148397553444317,-0.295823662913414,-0.122226127404682,-0.0213337224039052,0.0178186955031374,0.0152603985413502,0.0170453586355856,-0.14261124519933,0.337730469285466,0.276234760526865,0.293745312449163,0.476579568171893,0.666156010519019,0.828053585322174,0.957453693218906,1.1758936978859,0.673365921215832,0.759446223932544,0.704580634603282,0.502633407171326,0.316466257930301,0.162333191382287,0.0397833528120725,-0.0518346628827649,-0.0464823558200127,-0.0594808641512535,-0.050468797272416,-0.0492615729312155,-0.0236875285129013,-0.0201956074031111,-0.00214312519960168,-0.0634376953162728,-0.0491907762936113,0.107338117720779,0.0735495435766727,0.0505932580828561,0.0048844116039794,0.000570340904879714,-0.0131433061498652,0.218233249786157,0.180910470486984,0.160162116678401,0.131210236388199,0.106428413095293,0.0702674588373825,0.043116299590382,0.0123493982818345,58085.6841415235
"145",-0.250593302719571,-0.158279776062829,-0.273463392509293,-0.150037445796188,-0.0125868951559877,0.0236946248944162,0.0109634059653759,0.020051735778287,-0.318366086946586,0.193755267610647,0.331426216603928,0.299789355400293,0.481078420174435,0.659132574984547,0.830579771282949,0.956446129391367,1.3505755393224,0.818962674171351,0.701673720768141,0.705183868553456,0.499312607604069,0.321200735026617,0.159570061298497,0.0402759717995784,-0.0473804167673116,-0.0596743206338314,-0.0638487076056174,-0.0576632706007102,-0.0532678238800255,-0.0250134388650424,-0.0192985682461875,-0.0018570587488212,-0.0335129419080756,-0.0258187709695811,0.0689890502344131,0.0959561893576526,0.0327936708442543,0.00615712141232505,0.00743301667524907,-0.0167392720745595,0.216399585377183,0.18549261947395,0.158584052846123,0.132978501508134,0.108631954022158,0.068575118945462,0.0436513041729145,0.012628956667053,58084.9396100065
"146",-0.269490119264009,-0.162441307970819,-0.282077712336588,-0.139192750342347,-0.00898529889713783,0.025563229140923,0.0124959168076246,0.0173424548028095,0.285627215127471,0.286471485125547,0.326924782359668,0.27525247004277,0.477233740065577,0.660341245756719,0.824727220010302,0.956263249015085,0.75349084746849,0.722987820171098,0.709596615210762,0.725560325284415,0.502114358057438,0.321134657425601,0.165170205055102,0.0404053576623781,-0.0513885688632653,-0.0474137140040891,-0.0672401659848117,-0.0505732239299402,-0.0532622328003854,-0.0288784011684767,-0.0187449694995676,-0.00211443320665696,-0.0381867878793753,0.00959405515077912,0.0779825886991775,0.0923963620139476,0.029392905102138,-0.000904373122878742,0.00897449564758479,-0.00992934106470658,0.214811498713381,0.186185919787164,0.158415773624004,0.131944627494057,0.108222339072126,0.0699708950493336,0.0434521314684774,0.0124541054081957,58083.0390291551
"147",-0.238522805150196,-0.143376438819125,-0.288443318403169,-0.122377162881651,-0.00609099174382435,0.0253900158462202,0.0114266685862738,0.0191590036748128,-0.0329594126563204,0.242929041868176,0.286815579049517,0.256050149035344,0.451146559533064,0.666456610973453,0.825655296968599,0.954788325804086,1.05767452625206,0.75982197832059,0.751456890383343,0.742335005205177,0.525862124625108,0.316102293500315,0.163727251895462,0.042061980349504,-0.0435355926832046,-0.053981852339034,-0.0591168576947717,-0.0466739373688616,-0.0493844515042569,-0.023459933206215,-0.016632333760088,-0.00249019912493051,-0.0319346354430061,-0.00119153772819271,0.0777874615624228,0.0711513939373672,0.0404799424493858,-0.0146010004279478,0.00914698144812113,-0.0133898089941206,0.219838557002724,0.18615480539552,0.159342831939749,0.132348869452369,0.107992107660748,0.0692180129054122,0.0441701713179976,0.0123790248387887,58075.6057990253
"148",-0.287445355975042,-0.150136769894332,-0.261727282955404,-0.151013254865512,0.000393253150390337,0.032057895871624,0.00760883622352644,0.0163460880203223,1.18207915727355,0.241348731318397,0.353253054347873,0.303106088405946,0.454290155289356,0.67031038768967,0.834068602699677,0.958641046041678,-0.147434362140394,0.772722837490798,0.68129481815208,0.707837287401524,0.522294353543704,0.309371902141166,0.155877342083403,0.0387721699328974,-0.0380870430292313,-0.0492846982571373,-0.0682236069405143,-0.0519977168076989,-0.0472100450424685,-0.0222334166894064,-0.0176000454159562,-0.002577459210059,0.0134371862233222,-0.0621474589020677,0.0551109026515034,0.0583699987010667,0.0232121331110934,-0.0131012778165893,0.0162548312548022,-0.0133323630064668,0.221762855152799,0.183114911003959,0.16018331652017,0.130639728131014,0.108088890176555,0.0693545046840924,0.0434801679957622,0.0122202642270136,58080.3808153135
"149",-0.235818105042373,-0.179238000243507,-0.261328800956288,-0.164721213104831,-0.0110497709776316,0.0248641710861963,0.0125804463099598,0.0169721696647506,0.225293257560572,0.263273890046287,0.357554670167086,0.315538577869013,0.471266790153176,0.666389733120433,0.826537267390813,0.957970422105296,0.793138301167564,0.7459928868757,0.675115160193646,0.692944013829791,0.505714466890445,0.316167735426939,0.163848303865615,0.039133679096373,-0.0414944959659262,-0.0481693535892678,-0.0629644117443313,-0.0555431186154812,-0.0503308793713435,-0.0237838200056304,-0.0187678357641257,-0.00215848907267773,0.0220827340886103,0.0397017614499393,0.0547701951000506,0.103574098587452,0.0515676300677877,-0.014013856703947,0.00379629746453198,-0.0129924591322355,0.219771010687071,0.187123881360369,0.159163412325636,0.132248784554683,0.109929560680407,0.0704764780594447,0.0439842280457821,0.0125169304836936,58088.4930653548
"150",-0.292714660207633,-0.173312614519519,-0.284562050740481,-0.149280442928239,-0.0175551617870774,0.0224376829684995,0.0132138734500446,0.0169331367455907,0.168004603196336,0.361964874510132,0.347515183268904,0.320286104589788,0.486976634330524,0.67018090736359,0.8252673939794,0.957706391345112,0.87282423378331,0.650149022479583,0.689847398772827,0.685450829415967,0.494445985749542,0.31178212813372,0.16456097194128,0.0399827068697231,-0.0470947544671758,-0.0459785294619241,-0.0634386109046836,-0.0532239308498443,-0.047742441637757,-0.0196276060075605,-0.0161715281547284,-0.00304254205213062,-0.00859689601168121,0.0133741703483785,0.0681433670044507,0.0922104513816602,0.024234130427286,-0.00770892306145134,0.00448397598366873,-0.0155811607985994,0.218630996676613,0.187523405594252,0.161449204050284,0.131129148587898,0.109634742958603,0.0712933782216176,0.0438412536053304,0.0125837270645775,58082.9904013855
"151",-0.240868955134707,-0.145933475031828,-0.262399141955656,-0.147715662291229,0.0100003008693731,0.0206323975275389,0.0167072647079169,0.0174879346866871,0.958886174462809,0.292441495559827,0.279826531383141,0.309174913106565,0.45860444228265,0.662338213370699,0.823312347805302,0.957766134718738,0.0717898320291612,0.717551826357888,0.755254681970974,0.695982370248018,0.516475534008889,0.318864778719548,0.165711115232936,0.0396578104143936,-0.0559358070189655,-0.0576555387922028,-0.0716491752777891,-0.0508130876026807,-0.0513847695679247,-0.0226099344725577,-0.0185826703167619,-0.00260591214545007,-0.0478552644688559,-0.0413876739339399,0.0466677530437369,0.0817823299506685,0.0139996758724612,0.00808631690772294,0.00529300822990547,-0.0154137286674522,0.224896359450668,0.182346334866776,0.159565008848051,0.13189129355619,0.107842860600861,0.0705396090646777,0.0442564666924887,0.0125300799373344,58083.316351733
"152",-0.217516849418709,-0.119032092880159,-0.252621139226398,-0.155742897663814,-0.0173330147038011,0.0150410203821144,0.0175246107942526,0.0216609655938406,1.44143150839151,0.344686859454597,0.32999592185812,0.344959386778393,0.482263066018754,0.68511097164471,0.826970449967316,0.955978909305781,-0.417039584443152,0.656785026049791,0.699792281951157,0.663260312750079,0.494627511014231,0.299999871420113,0.161885494850312,0.0402654075792439,-0.0412033480352529,-0.0496819820469871,-0.061114979544873,-0.0533283501275609,-0.0456702600945604,-0.02619837254762,-0.0157132984458261,-0.00227623578856514,-0.0645535285489729,-0.0433506188022344,0.0496842269198653,0.081493062687369,0.0568665562117986,-0.0123224783269931,-0.00137868760075862,-0.0177426384167668,0.218887339594918,0.183824352564314,0.161220176991592,0.132011486732537,0.107423301702502,0.0715282016044052,0.0430895748384522,0.012411495852471,58079.1545301849
"153",-0.20047246360253,-0.169954273445,-0.29770273784738,-0.142167572107787,-0.0111751258437018,0.0206589918962015,0.0189529072743337,0.0171561084700502,2.21471550259861,0.241649391535846,0.330962727560626,0.332355345432676,0.480417939465123,0.675196394104563,0.823863923460133,0.957436884363082,-1.1991314806483,0.774129732225542,0.705087363160856,0.672190234782069,0.494951046661036,0.307010412248917,0.164551749351048,0.0397450986543602,-0.0457199973923903,-0.0677262382434384,-0.0525859997803322,-0.0565005006852744,-0.0442213317141162,-0.0238562860311304,-0.014265100128685,-0.0021193745056239,-0.0321775372045598,0.000136259616571063,0.103145602184637,0.083345516361677,0.0476571780116005,-0.00325466541727449,-0.00230784731113092,-0.0137220446601403,0.215860623386461,0.18315769139111,0.160659188871988,0.133400699698904,0.108430808815024,0.0701919577451348,0.0437294375366954,0.012878400460707,58080.1505504348
"154",-0.247778509328317,-0.163188828430371,-0.290006617733532,-0.131971684150181,-0.0316464428689507,0.0273048075490103,0.0142892768227298,0.0163544791236346,-0.153437132454737,0.247195360226116,0.334728349586712,0.282657975388462,0.500339893946901,0.668287888518896,0.822926833148159,0.957524219920255,1.18252738650895,0.760097577171552,0.702799713307427,0.720013945004527,0.481772392664596,0.310548641566549,0.166233475015514,0.0399589372611539,-0.0497725197407229,-0.0608507174014388,-0.0655192784511409,-0.0569172825228462,-0.0514875781253436,-0.0184369849740337,-0.0180861044289179,-0.00305002734046641,-0.0250399318648126,0.034757663702592,0.0850792985913306,0.0848990152997734,0.0546929992920682,-0.00627961664592998,0.0110564849518683,-0.0125620294413279,0.214339187029107,0.191812618611865,0.161354661920802,0.132057384262528,0.107996227303614,0.070411762285996,0.0436481856992079,0.0124902150512001,58078.8215294259
"155",-0.292644131648566,-0.150304119905519,-0.278832039386307,-0.141665446982168,-0.0163272548854427,0.0366931746764753,0.0106587696555621,0.0187164896174808,0.0689223855859495,0.328240864586759,0.320786281516609,0.308163118345147,0.46355079943562,0.665539928914301,0.822604244568339,0.956961244241655,0.974087733656384,0.680874961432589,0.710927398627298,0.696282882546654,0.515589517880307,0.310990860404399,0.167540832790051,0.0399486199274395,-0.0585960433655053,-0.0498313882526871,-0.0558847104725347,-0.0569004333721751,-0.043664207997468,-0.0196983654954269,-0.0160243058924962,-0.00230034161197896,0.0131281208897091,-0.018331064126828,0.0942627577073337,0.0900852650503065,0.0430474629887522,-0.00883374754662205,0.00881045102684076,-0.0149431894108501,0.217738279761052,0.182922944879627,0.157412079731171,0.133897911917539,0.108466252566285,0.0699983198390405,0.043546428416613,0.0126144718983059,58084.4882836828
"156",-0.252946172857967,-0.143340767672588,-0.267956574187317,-0.145680331425295,-0.0120940792855474,0.0189768551221309,0.0201227397488613,0.0187945773597913,0.970468787219108,0.327299214107106,0.289828968982315,0.313017022953442,0.479069438952841,0.678954770978007,0.828359383245753,0.955532408954654,0.0461403131037572,0.683065479845819,0.745431248539497,0.692163502545103,0.50055965605052,0.302649583591999,0.159860229301185,0.0414021965812795,-0.0446662728569312,-0.0647141784613778,-0.0711709101849708,-0.0618934780426091,-0.0469053216928879,-0.0254952644887087,-0.0166677882127899,-0.00236866625687375,0.0750393083416124,-0.0293061073623186,0.053269309678966,0.0897120661570575,0.0313118016439782,0.00240131633947356,0.000745654974011424,-0.0146398451205147,0.223023905761045,0.181080443551854,0.15887347044272,0.133956377133931,0.108396705518394,0.0700175576878014,0.0431929646688547,0.0126320706442449,58078.8936346024
"157",-0.275586664019549,-0.125473954647492,-0.29463865663381,-0.108487561659547,-0.00885077643318824,0.0204371966260245,0.0182072789220647,0.0189048396754696,0.798760802686724,0.258633533618386,0.273920053046402,0.275505295445699,0.466240315916756,0.674598757924844,0.830205367178376,0.956740604964001,0.233307569328578,0.744810754863304,0.76098180078385,0.720540349442889,0.509235511530212,0.306879504620983,0.157561869415125,0.0401647529293763,-0.0494731611856542,-0.0438186137860963,-0.0653893343285153,-0.0458998998683434,-0.0443945992013916,-0.0250462615233945,-0.0152748095323843,-0.00263674835532387,0.0136879172473721,-0.0550834095587217,0.113626134261622,0.0480977125084424,0.0414771209934473,0.00755724836247174,0.00591666242101685,-0.0145077191653328,0.222026855595892,0.183808839794528,0.160179194850186,0.13140724403321,0.106652615127496,0.0700854781734587,0.0433314322203512,0.0124175929882893,58080.0655010267
"158",-0.264416277044592,-0.165456134259249,-0.305037132995509,-0.157680681015655,0.00335040306825024,0.031876476136985,0.0185727590220536,0.0185504347462227,0.0915895196092186,0.319137954761462,0.334496279166748,0.285588563783372,0.485068339758632,0.656135719310673,0.829703993523414,0.959414235124192,0.938184868506874,0.698900527821151,0.707583174503946,0.719976549174423,0.488671434675509,0.324281506185455,0.160200534709788,0.0378264720041281,-0.0511786722232022,-0.0520102143414636,-0.0701635161153331,-0.0499475560339879,-0.0486123538507835,-0.0225258929792551,-0.0173847593547329,-0.0029898580369332,0.00512853315429121,-0.0330763467364385,0.0969596408723021,0.102543681589701,0.0275171605964732,-0.0109921728920512,-0.008710232032643,-0.0171932613336025,0.220083071125453,0.182325589510379,0.158615706820095,0.130620460582848,0.107504433072977,0.0696377415953449,0.0440764528272395,0.0126753639105861,58081.8433086948
"159",-0.275856471725321,-0.165417785791701,-0.282784832059324,-0.138945314387219,-0.00143052102441411,0.0231725837166335,0.0200247353820722,0.0202423302793624,-0.262412440440702,0.230954740556964,0.337570923778908,0.289570466071854,0.485848142738869,0.677886615342118,0.824525408973917,0.955668643354914,1.29670020636411,0.776800204955377,0.698634549273802,0.718546871617992,0.491791334228778,0.302723061191081,0.164418424333638,0.0407670325143588,-0.0431535473464417,-0.0511817541278319,-0.0676499713823966,-0.0524102443613099,-0.0552701595460275,-0.0267623207380719,-0.0171895168755354,-0.00172473652280927,0.00241911686613892,0.025401201886747,0.0870276443692918,0.0543210416674551,0.0284937161831477,0.00634288473804839,-0.0022137448969598,-0.0156156605109591,0.219315859809032,0.185508759619069,0.163796841705815,0.129837134440127,0.108048595364135,0.0713740662284937,0.0438637199333062,0.0126821658915264,58081.0020222381
"160",-0.283484928067314,-0.184776271909294,-0.290601758443509,-0.151941202022953,0.000920757600082122,0.0214583164006682,0.0147770553957157,0.0192534793173821,0.32350312074361,0.236992981329011,0.330236277841139,0.323924558541136,0.448518859599625,0.670665363499704,0.825810812143442,0.957096739770285,0.7128848572203,0.776572286499004,0.704916097844686,0.680553068813436,0.525978129222416,0.312282174809431,0.163588292590925,0.0397866301181014,-0.0393837939713653,-0.057064144755084,-0.0683871880176769,-0.0603506389279479,-0.0511880230253098,-0.0204400422984791,-0.0159484812999969,-0.00277518106825762,0.00336356632786502,0.0260449165734908,0.112390841424907,0.114908264369033,0.0412034882478807,-0.0129603015615863,0.0018250498044915,-0.0150024360334699,0.218065085922931,0.183294660939493,0.163267205851016,0.133147493934439,0.108129586677516,0.070440774242114,0.0428759527954254,0.012476347353749,58084.9985444247
"161",-0.278624814014476,-0.16958645381699,-0.275914341992474,-0.13519636968409,-0.00455300133571374,0.0381454816785652,0.0152889028638777,0.0173337726723386,-1.03121482437455,0.28456797373464,0.296103556588817,0.272969593811614,0.475517123411796,0.666632121505824,0.825005900423956,0.95891290195491,2.0597940271551,0.733710548188411,0.736723602711333,0.728881078170755,0.501025511860648,0.309595252219971,0.164128790225378,0.038700645692519,-0.035295298468638,-0.053248629387827,-0.0562642995444291,-0.0503915415221089,-0.0461535636942545,-0.0148156159125457,-0.0146074058640127,-0.00339649198311828,0.0446736507587612,-0.0464906419104796,0.0656684468904985,0.0833023841479461,0.026265401015198,-0.0206148854600199,0.00171933552749169,-0.0155046559449308,0.220374726470125,0.183014996486699,0.159644212381242,0.128669398287282,0.106182837554308,0.0695271175793937,0.0436839977987687,0.012302264088689,58071.3255754113
"162",-0.230135630008808,-0.142027162892147,-0.261520717555528,-0.141256223097414,0.00670895626750308,0.0286253251011972,0.012913988911504,0.0183110927399773,0.190038781197498,0.299261627390816,0.302088047861634,0.285370566648382,0.471652807758863,0.664830385679736,0.828051352089385,0.957597171275805,0.833505714032874,0.710049415440229,0.729101586149278,0.720196034230407,0.501670351228927,0.317286796136162,0.162676099863564,0.0393984008822859,-0.0521805413103408,-0.0464273046116413,-0.0664022528007772,-0.0644256742226126,-0.0480335342923937,-0.0213676285481136,-0.0183961703808367,-0.00326110120237097,-0.015761776945031,-0.0506814605879696,0.0703503881349727,0.0907610478316264,0.0252701238166985,-0.0170862861834476,-0.000463979103767889,-0.0141180605703892,0.218587552673609,0.185246648385106,0.160832213163792,0.134560364575009,0.107608026568112,0.0705691517871779,0.0439767631212258,0.0125837965826811,58088.8434342106
"163",-0.253569768164726,-0.142870588114415,-0.281561420322159,-0.130809192641841,-0.0125803204119768,0.0216769661742076,0.00609011745612011,0.0183033458449714,1.10061694271451,0.297699688958014,0.328001425365305,0.300897894396245,0.473190281609786,0.674865792750002,0.82869973534873,0.955261676036091,-0.0715106640053369,0.715055354161132,0.706980448539134,0.69732804149217,0.508540928816561,0.307478115649553,0.161496147963916,0.0414758829885028,-0.0510293413369105,-0.0564442201941637,-0.0684741878983876,-0.0638628219469217,-0.0541983501236568,-0.0215376861685085,-0.0171737496771519,-0.00203611207488398,-0.00213064515501774,-0.0488590062942932,0.0901289514106566,0.110859976905128,0.0233541789953175,-0.0089328203252192,0.0189326112461856,-0.0121228764934386,0.217924475892797,0.18633974473248,0.161896950452632,0.131482758628005,0.107113604025619,0.0709913914566365,0.0428136335632965,0.0123448101916936,58079.1411416917
"164",-0.235871027812779,-0.176652331105375,-0.294228951371211,-0.133703147069864,-0.0209277155605067,0.0387251328751033,0.0125010220459025,0.0164903878122843,1.29175110428632,0.321008594309784,0.3185994616385,0.279134622830338,0.475982534384484,0.656769020020912,0.825431008600956,0.957485983412362,-0.273587855603015,0.691575114251028,0.722885099798837,0.722237774749897,0.504367610055419,0.319823275089491,0.164569406057739,0.040250798392461,-0.0332434554890062,-0.0560190627627079,-0.0575082490357725,-0.0614524411307585,-0.0516356800533345,-0.0186368751245309,-0.0154935541247067,-0.00232161888709848,0.00757664043945662,0.00980149128711393,0.0621205746018867,0.0931042367147135,0.0526991853221597,-0.00627296258947183,0.00337614060055697,-0.0149492116824994,0.221299669401946,0.184597763192665,0.158937061641007,0.131425215724905,0.107781544806231,0.0693830218670667,0.0432019394740159,0.0125233360637971,58082.1495250436
"165",-0.231826038281479,-0.182784647248269,-0.272445046144997,-0.173519331972863,0.0093251701051828,0.0252996325052388,0.0146811981233244,0.0182963550119256,0.115702955384017,0.255159729904298,0.338143832565733,0.345843175937979,0.454106932465108,0.657329375152584,0.824666521741701,0.956958552899121,0.906593387295085,0.759709881713464,0.692557416180768,0.666954692256374,0.516762392802178,0.323068968816006,0.164290754361878,0.0403615134440811,-0.0489277847798152,-0.0518917547241111,-0.0618102125187674,-0.0560021775344521,-0.0462521722736624,-0.0255845530788667,-0.0185978393855762,-0.00221077916561457,0.00618604738111254,0.0049389321831701,0.0885159771946654,0.098757565268653,0.0374328185037049,0.00485714634777897,0.0101290669422942,-0.0174520470132824,0.221127438796113,0.183693487109758,0.162137481511914,0.131400971908834,0.110101815545606,0.0685540186858266,0.044146625074518,0.0123952677593523,58077.499533967
"166",-0.256045785175177,-0.164607592562423,-0.281150678498544,-0.176867142543345,-0.0149674114569031,0.020353331202992,0.0199777957782213,0.0167451283357018,1.27729044613948,0.224406248213192,0.324079084590026,0.323638015107638,0.477783279288029,0.673732935977807,0.826158539792162,0.956991156952534,-0.242340740232064,0.788372767402493,0.711466081351726,0.691113791983085,0.49842664565562,0.3104337556496,0.161339434310915,0.0401023846913538,-0.0424078431884108,-0.0452362056678894,-0.0552988284771542,-0.062332716492164,-0.0489492272960212,-0.0245620791993204,-0.0177924421547705,-0.0020681126551318,-0.0411426075366349,-0.0165436941276881,0.0608698745285119,0.103321296160482,0.0590675585801753,-0.0148733570073408,0.00654341896985148,-0.0108916925881512,0.221578268478942,0.186138836687204,0.158411706131065,0.131363008593628,0.10885912537463,0.0708930304217955,0.0444636149302692,0.0125420607128923,58081.425075367
"167",-0.268197270215565,-0.159363207262657,-0.300209352422043,-0.113308261587009,-0.0137976657453789,0.032542023135651,0.0156446578275501,0.0162370620489138,0.37876635655071,0.184691946451599,0.317639844482995,0.284905293053811,0.472513476484993,0.672789896454,0.829713925832621,0.957088122347617,0.651718301625282,0.826609768870137,0.719566105772167,0.714876333761804,0.502247938027339,0.308463028941928,0.159963674692991,0.0401294872254729,-0.0385099017840951,-0.0557927284102026,-0.0696066531455891,-0.0550429907657548,-0.047826453194188,-0.0221626271559638,-0.0196713266182452,-0.00225378893902507,-0.00445902591020822,-0.02589025004172,0.117979458736223,0.0642382259479916,0.0586882530504201,-0.0256324201848171,0.00106578523128353,-0.0107124594315542,0.219246711938528,0.188790798290726,0.160455261267771,0.12690320551502,0.108929565631007,0.0694054474912456,0.0435575827926155,0.0122962041479394,58069.874143175
"168",-0.248832880189306,-0.143467450355488,-0.259606454327606,-0.147046974103156,-0.00480473160456314,0.0185796029642947,0.0150562633921252,0.019534061902949,0.376095601653802,0.27048108114993,0.314845230386495,0.30431246694235,0.508353560494068,0.684937759653339,0.825034841274114,0.956168443949468,0.655980195506071,0.735121027201045,0.715011383201994,0.699025447784929,0.466918118934454,0.299847609723287,0.163830987843861,0.0405708884696834,-0.0444701929994248,-0.0480373101874219,-0.0733482652658152,-0.0558489937638691,-0.0458053241936696,-0.0288023331022393,-0.0186872816022379,-0.00237403614754619,-0.0469049427466266,-0.0183217844341048,0.0918329462767258,0.09179206223235,0.0265616120570487,-0.00505128153217622,0.00887854317247789,-0.014562767939515,0.218375562779166,0.184941508241203,0.164073118806631,0.131308333086051,0.107624734817215,0.070061118416665,0.0435623835811104,0.0125237922699829,58074.6314454509
"169",-0.279683982315809,-0.164778704303961,-0.275075615014454,-0.144286295130905,-0.00438674606687541,0.0197408645935479,0.0224028532907944,0.0169112168854455,0.173661141819364,0.264996017811773,0.33409412347025,0.274835905025417,0.478883909802818,0.662457215412642,0.830829895686077,0.956505688654755,0.857476622162855,0.746271491212283,0.695369632322681,0.727242536341717,0.495687573489053,0.318375179044933,0.157757173846477,0.0408189661500738,-0.047184287295225,-0.0522775199897388,-0.0615771631162428,-0.0573936264915921,-0.047924005868497,-0.0253715660192327,-0.0183046809668249,-0.00124265983072973,0.0310798739207904,-0.0148400426178019,0.102514411990801,0.0960005584207634,0.044453385529712,0.0140223398676838,-0.00724292704254118,-0.0149281181165869,0.220501312961681,0.187294829284008,0.15975579831687,0.134276106551822,0.109676311998356,0.0698622206089201,0.043554794851952,0.0125257001739493,58078.1203954624
"170",-0.282165430680106,-0.16041918419763,-0.303644857569495,-0.155707901313579,-0.0111184011826405,0.0322988451007701,0.0164002612238753,0.0192312452317865,0.282985767229601,0.255757105635882,0.38838802615563,0.338114285603448,0.479426179619241,0.665991770749421,0.830760469381168,0.957419505083704,0.748742432074343,0.758677872865545,0.650133028505076,0.671537304532148,0.497389841220813,0.313608105712742,0.159035283011355,0.0395997321855639,-0.0613135596861834,-0.0606749225405645,-0.0602996502523504,-0.0577660843526679,-0.0447530801965731,-0.0202784140376574,-0.0187440951856645,-0.00298848582238348,0.0550612377246682,-0.0209069806604337,0.114261371955681,0.0813045857254299,0.036360329234121,-0.0173679619606149,0.00119747461218094,-0.0165407140712697,0.220148679667696,0.18678518442975,0.160777608969255,0.13410719277109,0.10609763519861,0.0703636683846975,0.0428255085529439,0.0128099923342811,58079.2181228649
"171",-0.300787595973738,-0.157916729237431,-0.298971496398937,-0.143627795860468,-0.0202180803468966,0.0279566751480688,0.0227120457199909,0.0178085008336349,1.73317823058807,0.35688188852711,0.347712242187551,0.30760257084815,0.488416496381853,0.662126846465655,0.827255757087433,0.957129938257431,-0.693240704651186,0.65263130536487,0.694304744836297,0.697014918465937,0.490778064340279,0.319502732198006,0.163004645377726,0.0398374905009431,-0.0546538721752632,-0.0525223557793652,-0.0718032708795765,-0.0592789030254929,-0.0470463247325157,-0.021064397527284,-0.0178108540525207,-0.00293734083335062,0.0328520249589574,-0.000271054579308312,0.0870075524830353,0.0875819662423135,0.0486763219725891,-0.0111566062721094,-0.0169197726593873,-0.0122612424696283,0.217727306270148,0.183020981227749,0.162757693224079,0.13236166351728,0.108387781111273,0.0708497908894083,0.0432606991242579,0.0126492934946483,58084.3440089183
"172",-0.236191716583775,-0.120783310642646,-0.278259332930361,-0.162597952352323,0.00907974496488989,0.0198142857098387,0.0185623616792663,0.016545492695629,-0.402776672229531,0.237080344314561,0.276558886328299,0.313091852509067,0.463084317985981,0.66854203200744,0.827050603029228,0.958308496529781,1.43336100876841,0.769602344110001,0.757102500250175,0.693677907985536,0.509864368752422,0.311118451870133,0.160674269580289,0.0392266566769195,-0.0421791414105845,-0.0481096706719003,-0.0623325419296219,-0.0503421291895265,-0.0412564272318527,-0.0178860364953037,-0.0135288286065564,-0.00201378160327498,-0.0697805897970323,-0.0804850717011206,0.08620668356552,0.108406987885135,0.0158305784749196,0.0054985424234731,0.000686587359134002,-0.0141057239004658,0.217056007004402,0.187298956977423,0.160366593153555,0.132145781902242,0.110241448222946,0.0702737597942623,0.0433932716701744,0.0124299045812333,58077.1766289516
"173",-0.243073247242683,-0.20135067458585,-0.296492160647261,-0.16377107735927,-0.0113252135399387,0.0274372443713209,0.00764016250664739,0.0168926940667695,-0.113331197180989,0.289565357062561,0.32591620001795,0.33087598869228,0.519524335555566,0.672217210857577,0.826879591822642,0.956735353331501,1.14139866028285,0.734371379599762,0.712308668011033,0.680349189992463,0.458960051706414,0.308852764827215,0.162508548628331,0.0401569907963915,-0.0451250927951985,-0.0554158745484369,-0.0732460221719152,-0.0622764513927281,-0.0497311282595592,-0.0200123495251632,-0.0185634527855775,-0.00217309051766346,-0.0357923625068691,-0.00991136048983331,0.0953394433161168,0.08722414724095,0.0281181835745869,-0.0142275799598875,0.0204602244998883,-0.0109641829156077,0.218978051286561,0.184374263182808,0.16138020167532,0.132144539910663,0.106721680115808,0.0696522872473774,0.0444424726122964,0.0127465063556847,58074.1038852552
"174",-0.254692243095998,-0.148097075620306,-0.274500700811251,-0.143684561887552,-0.0221330664998805,0.0210473230133691,0.0216474000912178,0.0188994151599347,-0.417355405731156,0.346671320867914,0.293805669458215,0.288120067244777,0.480524742176807,0.677268429653974,0.831750521050704,0.957804837690861,1.44715995097145,0.663827104424498,0.73934222463759,0.717815167646644,0.501180620108919,0.306711558946977,0.156696577444529,0.0391448424766435,-0.0417621784465817,-0.0581039661980458,-0.0635704398706187,-0.0514882047204572,-0.0538719268051931,-0.0237149944685386,-0.0153105389651341,-0.00221052324032922,-0.0123401807027095,-0.0337975318529041,0.077550265556754,0.0765872166112207,0.0531151573198056,-0.0130800128531081,-0.00834630911685691,-0.0157860746586191,0.21939926959625,0.186285704483352,0.160497147914521,0.134975619556247,0.108895676698653,0.0704368747619033,0.0428325475928127,0.0126137332719782,58084.2645510991
"175",-0.225828788950108,-0.153616023893467,-0.24439853313472,-0.141513671163796,4.08565699333024e-05,0.0359594646739287,0.0160470446182606,0.0187333969754121,0.953140414872035,0.283694308647765,0.271935308051042,0.299010678024784,0.46979925098883,0.658491862785729,0.824652279153752,0.956379317829755,0.068133254579448,0.727469319538803,0.755306705219176,0.703795832179777,0.509143781935144,0.319308811766479,0.165141307723818,0.0405070524027884,-0.0481096231991088,-0.0552571446743025,-0.0747469227162054,-0.0510527583350008,-0.0423843369294215,-0.0183723222084227,-0.0167800041237168,-0.00224759443423535,-0.0020732688326725,-0.0355081317410288,0.0615612270706514,0.0826875726402757,0.00874740033301064,-0.0100328314001202,-0.00154888755682019,-0.0141781160319831,0.224467108407535,0.182863166026293,0.15998544734243,0.132104114808415,0.108172084275495,0.0692774860058654,0.0442054626738289,0.0124855293592181,58079.7515962642
"176",-0.224757710664445,-0.165880801696925,-0.279100908288622,-0.139869877875603,-0.0265432666868834,0.0236645382401856,0.00757446415558002,0.0175188214189532,0.245938250424874,0.217761509040946,0.316469342122074,0.251732401847266,0.498099932581153,0.667444994307747,0.82929724081662,0.957261184826129,0.777833192774672,0.790428348313458,0.718218427021171,0.751701498577185,0.484116096439656,0.314038354061815,0.162185804578197,0.0401868491401805,-0.0381668274451143,-0.0637712679203096,-0.0632864345689365,-0.0566399767189029,-0.0443936496085872,-0.0248933603893785,-0.0172671649922317,-0.0023327258285754,-0.0293351909505029,0.0304608133551428,0.0753526486139329,0.0896795726529677,0.0360547214592237,-0.00197962262158388,0.00686243787516589,-0.0153831971834725,0.216439854972057,0.187258231837181,0.157679516717288,0.13006299374035,0.109337792839834,0.0693361092937217,0.044524284126767,0.0123574238820086,58081.4098719627
"177",-0.316271332932377,-0.155112181585099,-0.293580128709946,-0.130778798031021,-0.00995086392592736,0.0225769439732171,0.00565668323596831,0.0179829303198648,0.231996108348422,0.306755035193386,0.339085955480504,0.276731384333133,0.487145707318418,0.668711997062145,0.827685112119764,0.956704517151495,0.816713638791402,0.702912646304465,0.69990781499618,0.728945747691035,0.49346441805618,0.311332510900027,0.162518872236856,0.0403814627480913,-0.0519834810807932,-0.047266135005636,-0.0680550680765872,-0.0561682797711781,-0.0521484305001372,-0.0247965392796458,-0.0176490466547071,-0.00211447383873106,0.00930571613216193,-0.0225438536389161,0.0868654691914274,0.0544420125206792,0.0223560453631394,0.00819138181499846,0.0219353656276349,-0.0144323695960716,0.214991121581064,0.187744809271319,0.162291687523702,0.132202459691164,0.108301391017447,0.0707619330385641,0.043608527494269,0.0125591809354895,58085.0957878846
"178",-0.288499128202934,-0.160265455312224,-0.287494292985297,-0.141540099013186,-0.0289971537120187,0.0265504790670525,0.0226041435742922,0.0200914163806218,-0.158770224608557,0.325739756037023,0.375585528775246,0.269241563630989,0.491770425313188,0.677647939447303,0.816694508995745,0.956913075877076,1.19678279444763,0.688431026511735,0.66023092063569,0.735071185962566,0.493894271062781,0.303994523977143,0.171018254880615,0.0397077757895651,-0.0473448098163567,-0.0433311718056036,-0.0599195779609147,-0.0528383566563954,-0.051421662106725,-0.0228886159037059,-0.0157543555106497,-0.00213708924989885,0.0135867353118568,-0.0448824767964143,0.0754310802568091,0.0842445877955744,0.0286766903290825,-0.0119682039432671,0.000748227484204976,-0.016456197898254,0.216167736470771,0.184949217079935,0.158254137152162,0.131187039732893,0.109325895182031,0.0696589902387123,0.0432821310469428,0.0126336282006149,58082.7356348223
"179",-0.245621456919993,-0.151853535214238,-0.289859781198177,-0.162648841053357,-0.0231484370530834,0.0370806982430603,0.0149651524397841,0.0195562787227175,0.220964563993835,0.333217646617036,0.298853451083534,0.313985351867808,0.471315730424595,0.665362838190963,0.831759164921159,0.958300701845941,0.797790530113002,0.681463475707591,0.738662064836563,0.694537467861483,0.508917803808797,0.311507523209316,0.15799144264088,0.0383904948493842,-0.037942155835218,-0.0522946623331465,-0.0695077058396963,-0.0543747331913664,-0.0465268108595865,-0.0151608649327669,-0.0167542696184563,-0.00246795725522597,0.0339626711510572,-0.0557161854129163,0.0948676238886226,0.0967167489843909,0.0506837722116885,-0.0122482627025165,0.000359507785212628,-0.015690720834498,0.220738668978303,0.182676867912623,0.159247828666185,0.130787437316329,0.108206597568125,0.0710780978182538,0.0442025374048974,0.0127736607431575,58081.8869385777
"180",-0.241010081174435,-0.12732011539691,-0.276124997817168,-0.126207025864549,-0.00276516498655892,0.0214086585252428,0.0130488386249312,0.018000587959607,0.0366683454282824,0.262954414839432,0.326005222080761,0.294297189763048,0.454170132073682,0.666705632610519,0.824497830692977,0.957524718150778,0.990263230247132,0.738454284397803,0.708988616815845,0.705395029192029,0.518833945626076,0.3144839149837,0.165208512205915,0.0396134644970476,-0.0379133225121602,-0.0546054817505843,-0.0602155818412863,-0.0516071741016341,-0.0423859407254224,-0.0206058305870374,-0.0158702231644509,-0.00225281629160456,-0.0311443969953928,-0.028292790671824,0.059784735744242,0.0755318239637109,0.0444493573448683,0.00295981160095397,0.00631567983890976,-0.0149482087598988,0.214424521711325,0.181192342545809,0.158471210104562,0.134110574603591,0.107974902741829,0.0706980366910782,0.0425829730412606,0.0126281399241382,58086.1801955369
"181",-0.279723020770734,-0.157801589706891,-0.23906597303401,-0.141800363566369,0.00879138221531187,0.0338336205960099,0.0135875064883446,0.020634935934372,0.497189538147016,0.354111599489653,0.305651771023207,0.299695207284644,0.452884453869149,0.669225428626799,0.826413353789104,0.956308227430256,0.541439630163148,0.659903719721167,0.718202066929689,0.704734966990251,0.521541025996466,0.310400625895681,0.162466264054591,0.0399874180187453,-0.0651292293063535,-0.0524688293198969,-0.0675026846879346,-0.0502101362704289,-0.0566605156673685,-0.0233379093416624,-0.0191041197324873,-0.00224563425850498,0.013552483176971,-0.0401927970001786,0.0606835822974126,0.0813185549514122,0.0312410764190335,-0.0168757914683652,0.0125075031976688,-0.0166608130910104,0.218292198999476,0.182119613777375,0.159255795786189,0.132548945578234,0.10837399872158,0.0702383835429203,0.0432476840166032,0.0125418748792484,58078.0079050099
"182",-0.258932071891417,-0.186324276387572,-0.260705708172334,-0.134352343957242,-0.0102487850384226,0.020403447172805,0.0178371033319354,0.0203689737875693,0.0290848251535365,0.295035098668525,0.318750158680973,0.275584807580612,0.489273766040842,0.667988561047894,0.826248831940428,0.956282331287156,0.997485160237466,0.725542713021515,0.712853775230446,0.72660992312956,0.489297191055199,0.313199895061996,0.163107103593502,0.0400863107662002,-0.0397056655120648,-0.0502388776159977,-0.0627363229643652,-0.0567363804924133,-0.0505820833817757,-0.0202524587040116,-0.0164076338809143,-0.00323439673277158,0.0105430267613604,-0.00869816215390429,0.0490223463887041,0.0843957430945305,0.0354126012944661,0.00434718520495105,-0.00057053230965526,-0.0149273480028944,0.216954816791011,0.185492159206752,0.157523433412858,0.129088907300016,0.108659409736904,0.069943449957515,0.0433888140086809,0.0123202596424653,58083.3024437038
"183",-0.269437655881568,-0.191259634299981,-0.247953643132064,-0.128596474045016,-0.00308716098244961,0.0186545870725038,0.0192593263830059,0.0197968446679953,-0.104146152981178,0.262323318648112,0.327720193999362,0.312113633621431,0.479418037199457,0.674439926674425,0.822137838003337,0.956252767422248,1.13314813234124,0.757020729318728,0.70531125344969,0.689739457631455,0.494756598202799,0.309664894178074,0.1655749522667,0.0403351350550138,-0.0421715535205508,-0.0553414066783915,-0.0553827061395391,-0.0515540022752352,-0.0506070168670287,-0.0250051938287901,-0.0166768287737556,-0.00179433844996936,0.0230481988406509,0.000671274743796827,0.019032150203041,0.0680458706336975,0.0500283010157621,-0.00718051967604004,0.00576330348550217,-0.0156826824179623,0.215693912598968,0.187175768088847,0.157580816199143,0.133616974618858,0.109281569690595,0.0704112774528874,0.0442911564708111,0.0125364193288412,58081.923935738
"184",-0.245992670908734,-0.109339905587414,-0.246841270686991,-0.118811309165543,0.00577522076531994,0.0250388997298737,0.0193380196200738,0.0175221134329664,0.468924824303033,0.241228818159893,0.284605904134702,0.269093743391488,0.488479148728876,0.674736925782835,0.827186148279005,0.956941869596904,0.561949697090828,0.758435648348136,0.743847301310308,0.734695038764905,0.484303699897441,0.306076747794258,0.162179586431255,0.0401424662925371,-0.0402034310596582,-0.0415169733049462,-0.0638943941551362,-0.0495008805014633,-0.0467906414007423,-0.0241880092830338,-0.0184694682747902,-0.00232809369267689,-0.0386569557075166,-0.0632808583932476,0.0368386550585632,0.0304691856858487,0.0245207456737458,-0.00384939303472283,-0.00324516096436758,-0.0135263835350194,0.219871421208686,0.185748392173106,0.160385132722582,0.131746703442984,0.106721643933554,0.0708031094999561,0.0430296259467317,0.0125618082368098,58083.9826860259
"185",-0.268622710866939,-0.149174311140138,-0.25405148063777,-0.144250295919879,-0.0272612917522977,0.0257726883227497,0.0158521617071321,0.0165144237513369,2.59535197148211,0.200644672012174,0.302761284942158,0.315575782798787,0.483800785116991,0.666103592018082,0.825202690494603,0.957678704216321,-1.56448576905306,0.806111529176151,0.730269598154311,0.688991584819949,0.49894248765559,0.316596108790915,0.164804844002541,0.0397527938529841,-0.024805592092142,-0.0481694541627485,-0.0641545051871315,-0.0610894563452466,-0.0460066750691319,-0.0248680126710745,-0.0184914602817631,-0.00297033719962699,-0.00622816272161113,-0.0151790626300763,0.0421446863137916,0.091358990961416,0.0407722851511245,-0.0121248655923488,-0.000924507683587328,-0.011803755903978,0.216630023319646,0.181614409072998,0.16003408593449,0.131376687920042,0.107172349186461,0.0710868922008195,0.043718728713711,0.0125261821733781,58080.8993467139
"186",-0.267514215061097,-0.170976685762308,-0.286523654544698,-0.152688982688749,0.000190290835362141,0.0300788399891288,0.00964293703845845,0.0161771832564973,0.130469083223254,0.258893197752996,0.326325342423409,0.325140120399357,0.4824426738641,0.659699130809303,0.826977405044341,0.957059549507509,0.904751914351601,0.755567603302981,0.708132738648449,0.684641353482845,0.489749321555565,0.318343065168948,0.163754531614955,0.0401766261662614,-0.0457556663434449,-0.056731156395567,-0.0769379023381091,-0.0568768749984511,-0.0439146288902732,-0.0219169915484047,-0.0152154504045345,-0.00239346055461934,-0.0245366644594688,-0.0162637162789104,0.10675165714114,0.0735457707524246,0.0434035408833977,0.00405990517634745,0.00593117369501169,-0.011331570200858,0.219965725121551,0.184736785771472,0.158096061206222,0.132436084846725,0.108013082806386,0.0693362721031221,0.0444351824149087,0.012532139639743,58084.9519814472
"187",-0.220907093198791,-0.170592877788657,-0.225714439845848,-0.124872711670522,-0.0229247355540147,0.0276933946029746,0.0194029195716222,0.0179352798443443,0.943125013059077,0.282843370074378,0.334985439124778,0.292198697382424,0.481818260046597,0.664422320128672,0.82853962656277,0.957102250465489,0.0775779033394193,0.723577897238063,0.692553565317224,0.709133882270484,0.500741597539732,0.315900906036503,0.159869696399912,0.0398338003896155,-0.0441940776947449,-0.05936891161212,-0.0724078888099838,-0.0563826274011767,-0.0468257111081448,-0.0190216842913297,-0.0173995375958106,-0.00203222574826171,-0.00744121422441853,0.041826209378739,0.015911877632193,0.0630229539044655,0.0329865481927061,-0.0118334955648278,-0.00104567153773306,-0.013060726013455,0.217791123750983,0.187605865979076,0.162393749125738,0.131467560514579,0.10736512206776,0.0714373263104321,0.043068898063201,0.0125424430128732,58076.8977276108
"188",-0.25831499042862,-0.191375555049497,-0.267189338829681,-0.143199387040957,0.00320410145108863,0.032884525633929,0.0220330060627342,0.0147089861217672,-0.018059974041555,0.29102070682717,0.35495280844023,0.30824100444471,0.475279409469576,0.670461243243289,0.825921207399607,0.959188661935734,1.05284733580649,0.731831389467855,0.679721147727174,0.697828724856126,0.501212879371378,0.310625399146455,0.162331643076906,0.0382171456568143,-0.0524725190379928,-0.0579103488321686,-0.068675535573404,-0.049701275823808,-0.0499107466448586,-0.022580785668491,-0.0177820628963115,-0.00196037559007655,-0.0298093632300762,-0.0136514860090651,0.0504643688185989,0.0694160534104755,0.0126479170573469,-0.0270206217426384,-0.00253706835110349,-0.0108596562308574,0.219388743659627,0.182161269720618,0.16055276738508,0.135069137447845,0.108089400903374,0.0701262108440568,0.0434980644332585,0.0124055022226246,58082.4041613391
"189",-0.277737092828966,-0.188977287228264,-0.303973151260784,-0.156659935621778,-0.00966071553721978,0.0308411971626597,0.0245230111771702,0.0156185601818979,0.587223439902648,0.268249981131848,0.36030350501013,0.313882590357452,0.470771069429603,0.669547075124303,0.819862541160564,0.95726247350785,0.443486566793731,0.75209782227703,0.678656825759016,0.693626430141479,0.503272746085356,0.312327109232946,0.167770236963002,0.0400193023017053,-0.0512019199456164,-0.0606959281571781,-0.0673377367277985,-0.0603564459153375,-0.0477485466488137,-0.0227942676983237,-0.0165269067128246,-0.002578832392407,0.0427261668281266,-0.0123470732569961,0.111912467619414,0.0932595842278496,0.0555202892670266,-0.0214679812166812,-0.00190154639394862,-0.00949037823678499,0.21980381226253,0.185008213248356,0.16038061844111,0.135512816496765,0.107895224668435,0.0694563566955732,0.0442067569613073,0.0123850815873633,58080.1030859773
"190",-0.269042005175882,-0.182377298409989,-0.26496556953743,-0.148402310406064,-0.0283749610973626,0.0425970978148236,0.00892702602734596,0.0171616508998268,-0.980858927271376,0.291979519640491,0.332310592443889,0.324769708705951,0.477414755826882,0.65442015925237,0.831364374967532,0.957312863055426,2.01714816224615,0.729924273255703,0.704059790628315,0.682087237429106,0.500799912983811,0.320974486703391,0.160024451353399,0.0397355684671239,-0.0522135580882361,-0.0502821381801756,-0.0715434067788448,-0.0582424592987606,-0.0448846334283868,-0.0140865375197321,-0.0153481223578253,-0.00158983459979867,-0.0165681529816634,-0.0261505430342643,0.0440272411760658,0.0818288230131372,0.0667134296142477,-0.0185660184946234,0.000399971325446345,-0.013544158682305,0.215346617808703,0.186336891902723,0.16133420569535,0.133480959417712,0.106333136375363,0.0707516128085755,0.0436549453473694,0.012717095909553,58074.1734501715
"191",-0.274276881924986,-0.157909459111429,-0.265740629948405,-0.144518692414076,-0.00869385888548175,0.0265794115984553,0.0202975030763242,0.0182930286550855,-0.390201639082487,0.298547519020662,0.327732081872783,0.261505278557175,0.473200461964385,0.667261097720078,0.829249272343042,0.956635545008713,1.42025187134258,0.713419296208645,0.703567080542423,0.744587113710457,0.505178048670061,0.3128618949516,0.159102270057118,0.0405145380313894,-0.0477001482049047,-0.0442919372700302,-0.0647235048483178,-0.0573534104202184,-0.0494923443240445,-0.0268254646555235,-0.0188448989736956,-0.00201280329003133,0.0278320508392989,-0.0472606948476275,0.0792364589654714,0.095275401977021,0.0295052063879922,0.000932356562168089,0.00220640736769501,-0.0159235689458196,0.215555570129943,0.183805448460473,0.163604406919707,0.13133532359843,0.107010072797229,0.0693227702048764,0.0434247256080655,0.0124315489888403,58082.102599611
"192",-0.282020017019103,-0.175116598599907,-0.294395870461446,-0.132932457293684,0.00533622985311123,0.0222286128436474,0.0113811987499789,0.019114078268917,1.30324983529267,0.384530914198546,0.294295781954501,0.304549683116505,0.475515888557276,0.668844802034268,0.83347255555155,0.958307077203298,-0.265680383541205,0.632803227328674,0.748805034299171,0.695111026731952,0.501130602965011,0.312940120487406,0.157815334536566,0.0388449256993851,-0.0477782326344545,-0.0572864756737886,-0.0701905944240881,-0.0458125400458134,-0.0494978710472926,-0.0202059097233639,-0.016854708785399,-0.00256626744912765,-0.00185689940270058,-0.015861297462771,0.068163597006049,0.0849864248616876,0.0112509073656492,-0.00415003334339934,-0.00361418508626716,-0.0171141483059954,0.219797103795864,0.189112750381524,0.159279348974198,0.133620833033479,0.108159011097788,0.0700083936185551,0.0436970773383828,0.0124379429440085,58081.6049941052
"193",-0.265205170847804,-0.167135962833454,-0.254910714985298,-0.155877607297107,-0.021252453939695,0.0210606789598766,0.015848606397088,0.0188475323086617,1.30722892306567,0.256607403407214,0.271188282634713,0.320560342314694,0.478348404272105,0.66901302755889,0.825455342441054,0.956758941396861,-0.277375299985517,0.75757707792126,0.759824942409311,0.685969247471449,0.501746108044786,0.312337378418964,0.1621089815696,0.0403048821582141,-0.0401767094087627,-0.0564574900482512,-0.0633573545800256,-0.0607043500926516,-0.0509425466926212,-0.020401230809057,-0.0160317457318608,-0.00246738367887608,0.0156078117892847,-0.0237757324878923,0.0544447618734305,0.115280219900815,0.0496785016845401,-0.000287282897177816,0.0133992571857549,-0.0152937437650948,0.218183452281104,0.180728745218464,0.159299279434532,0.131878285723011,0.109174841601777,0.0691282226137457,0.0437537053174397,0.0127660447821982,58084.2454934776
"194",-0.192492155427958,-0.153240651486704,-0.288782315362474,-0.139040896364952,0.000917164057183205,0.0343836842600105,0.0142960626804685,0.018314122224121,-0.405259738636434,0.262324125588934,0.333042570941462,0.290028994102871,0.457204643553551,0.661334285359743,0.82966456671011,0.957112655227192,1.41592289249764,0.746276683080622,0.70445381355826,0.711370267754492,0.515946728313779,0.31623386121326,0.159794732313509,0.0396842555776956,-0.0411549772257142,-0.0464510594462912,-0.0685398387835617,-0.0596213999033768,-0.0497531703582651,-0.0253916815992836,-0.0205347738958868,-0.00288979981862398,-0.0200579563263533,-0.0150811923531779,0.0778324551249346,0.10025522028661,0.0469507398833027,-0.00108138880076497,0.00753767246522861,-0.011932097943876,0.217569992261407,0.184247813494518,0.161208696014365,0.133678920535778,0.111533327906373,0.0697136650361023,0.043941493616338,0.0124116801865968,58076.8339900813
"195",-0.338001242657712,-0.162021473256555,-0.271479387538313,-0.16815602595162,-0.00388255926171566,0.0144787601662348,0.0138752678973821,0.017853974515673,0.999719586753146,0.286983900264528,0.302606411642959,0.314410502743939,0.472588183408633,0.657101898698426,0.82068030364972,0.95632896584039,0.0448061634356382,0.723115562514073,0.731753507505288,0.69215918373257,0.504242547425395,0.325076946674523,0.169146716387931,0.0409400672632137,-0.049500557218624,-0.0470905633614314,-0.0602954402936564,-0.0509400086987617,-0.0523769065674342,-0.0248555742189401,-0.0179871920049493,-0.00238142644537086,0.0688785431102871,-0.0107277906727291,0.055403790809037,0.109855587524629,0.0320483930243201,0.0207983819731863,0.00688055114383309,-0.0153355142254269,0.216569816659544,0.18161286734479,0.161200517553414,0.132704407475486,0.108821115618474,0.0709111082354033,0.0436715536932239,0.0122222477910916,58071.9127626799
"196",-0.292744554783739,-0.147694422965027,-0.295509652509176,-0.140373785758408,0.00101367339485615,0.0218734944185623,0.0164891187651875,0.0174876590452546,0.969089630756801,0.271326372381649,0.323101156310828,0.319841738907069,0.452342705332585,0.667633665688112,0.823985747406898,0.957679467015741,0.0631246010624175,0.739172711654705,0.713692245296293,0.679289598413044,0.521757968914902,0.313076409255314,0.164039086492321,0.0393761540115071,-0.0395247517075692,-0.0381392746076323,-0.0683985774136828,-0.0518302673211039,-0.0413779471839142,-0.0229940736222963,-0.0151944486829967,-0.00276513294865395,0.0432337121607358,-0.0429024961685971,0.108454041457845,0.100714597339467,0.0329958796016848,0.00297482907699802,0.01130805457638,-0.012633321422654,0.222229415682929,0.185631359447331,0.155066509678748,0.130595432093846,0.109030612350428,0.071197411982269,0.043093585200084,0.0126916155611718,58075.1559982934
"197",-0.244804918421971,-0.16012832161833,-0.258465741245442,-0.117992865599069,-0.00824246928032524,0.0269101584231973,0.0163220351792199,0.021007669448801,0.32777797261008,0.302698324961813,0.254946589241139,0.274967601680267,0.461962957535466,0.656307866208133,0.824565451165726,0.955046826167776,0.695886121659822,0.717443867414088,0.775656384696497,0.7266884401244,0.512358307620491,0.324579622722668,0.165739678849404,0.0414891250186725,-0.0439872439867911,-0.0574713105265766,-0.0647334999666694,-0.0550280155715464,-0.0473293491863076,-0.0241279271063804,-0.01768841732239,-0.00201078974773306,-0.00566011942999363,-0.0621714488017995,0.0529074299684744,0.0487458223583637,0.0552724155947202,-0.00362498890089115,-0.00197168653911855,-0.0171173374558527,0.220357727642516,0.185288640218205,0.162600799938109,0.132298126264821,0.10827656319917,0.0691425319069105,0.043088249298592,0.0123723028712738,58083.0435098863
"198",-0.223657740548322,-0.132113106258385,-0.259926570811947,-0.164000557297406,-0.0187610212246874,0.022348595830066,0.0213633468073253,0.0155463481654176,0.838390499676215,0.291573727577924,0.328278726189666,0.300042676523848,0.499525615283699,0.667993464225463,0.825028390348962,0.958820132838534,0.179324263614588,0.711143443335322,0.699484144534287,0.711852701524974,0.477677152828394,0.31211482224916,0.163059199873343,0.0385629701144501,-0.0402637834462638,-0.0516954823126515,-0.0571968734804452,-0.0563686135023768,-0.0478743011686835,-0.0234987396306778,-0.0184612347225584,-0.00242839716233104,-0.018203448647351,-0.019755248403776,0.067466870835671,0.0848450033105518,0.0566844950048797,0.0109799080841253,-0.0003501649190962,-0.0109197512904453,0.215651306967228,0.18453510732701,0.159071954931668,0.131014687655317,0.110573517945301,0.071872856216311,0.0440882108608112,0.0125076535915865,58081.5021598487
"199",-0.227146072385957,-0.135819058339256,-0.280944562482088,-0.102283853060623,-0.0141488650448338,0.0191353263275482,0.0233679630259615,0.0168675099625322,0.192158396516429,0.216161760066197,0.286550204669199,0.270874392626349,0.481203800556386,0.673460459120287,0.820115174375552,0.957067702924275,0.832440870306226,0.788880284082032,0.748857165033896,0.727791968152575,0.495744822150545,0.309960668266421,0.168083075797486,0.0402281049481469,-0.0363954474618263,-0.0570077290140398,-0.0725332587227856,-0.0560464804290805,-0.0480874358435326,-0.0246815904905498,-0.014236386254177,-0.00240625361926451,-0.0551836756379957,-0.0232656811698519,0.0757242471198136,0.0322477222070912,0.0501622000256521,-0.00367870981779141,-0.0104356609472235,-0.0130496725798077,0.215707657176204,0.182935247345757,0.16342249778273,0.132287388661426,0.10830935795383,0.0695835950149752,0.043336874102996,0.0128434744994175,58081.2009540908
"200",-0.270368779633278,-0.179329848798047,-0.278178292892062,-0.134269239022325,-0.00206245705991144,0.0270443864065669,0.0138668950982074,0.0165226787832946,-0.00804567932283288,0.336402028794428,0.337247601340104,0.309640104946639,0.448911890097748,0.669020119033982,0.835081303880695,0.958105679290132,1.03847659481305,0.678543386224089,0.69721900489066,0.69412478251301,0.525730184211744,0.312522554802353,0.155218220013585,0.039257412814356,-0.0498581364354937,-0.0578195907211109,-0.0651492655435899,-0.0537440733818808,-0.0432785555570844,-0.0259053720323384,-0.017694136190156,-0.00325754221040116,0.0318859521817256,0.00932152024674339,0.0814225663268273,0.0674484290635328,0.0396102462058891,-0.00859281833284832,-0.0015687684262333,-0.0116571031779079,0.223026798493571,0.183787884125753,0.157516638043471,0.129729429397652,0.107874715174354,0.0706573853102901,0.0448955369333703,0.0125730513611401,58085.3702330166
"201",-0.257183091268299,-0.183187373528996,-0.288511936764374,-0.153303039112174,-0.0101380391600179,0.0359802625300693,0.0159191373306804,0.0182966677669952,0.366848745830659,0.25397576956202,0.370347206253356,0.323113742048884,0.44037344101759,0.66448307923469,0.828455745892342,0.956338302536293,0.666076154322776,0.762765128678006,0.665957648527068,0.683794081623897,0.534830817729101,0.315147887175155,0.160613287527068,0.040781713024496,-0.0518132393352082,-0.0426794926695543,-0.0656701437580197,-0.0626597487121749,-0.0444680210256377,-0.0248257911575551,-0.0188982679092033,-0.00262226515285374,-0.0107761935789279,-0.010342722876279,0.0936549385047883,0.0950021262894143,0.053574905725431,-0.0211073197588929,0.00339485406401902,-0.0134157842658931,0.219031536153351,0.182745111655696,0.158758069457569,0.135000094214337,0.107459327822197,0.0704119876812396,0.0431332320203436,0.0127570381754156,58079.9221346
"202",-0.266227367138812,-0.1534990058811,-0.269931419862823,-0.159889133144077,-0.00257321019530571,0.0129892197406421,0.00793732532655836,0.0186908419325928,0.743303079020632,0.241512703627351,0.343333407722396,0.341188992469477,0.474322006956182,0.674545947661486,0.82650367646508,0.956571708628172,0.295539177708699,0.769208375504612,0.687483302698972,0.66567363371387,0.500678966330317,0.309795628066707,0.164235569996202,0.0401599472869376,-0.0532179639293587,-0.0503494703392381,-0.0685198250055868,-0.0555640761422053,-0.0516243970955574,-0.022249744929477,-0.0179203966843769,-0.00220000709079429,-0.040451414437623,-0.0115491304523066,0.0896309937415244,0.0926753087644393,0.0386319265949471,0.0004106920610835,0.0130104899024422,-0.0134430677894004,0.215148438562609,0.185692843432808,0.160445203051153,0.132778887646359,0.107996798467061,0.0709432717994266,0.0435092701392963,0.0125019865341178,58084.9305156507
"203",-0.208515594838406,-0.169639706427675,-0.252965846986273,-0.11127343054072,-0.0222737680549296,0.0213902413681119,0.0064338158420199,0.0185150854784632,-0.837237149307076,0.254299708907535,0.338643779431041,0.28784831284825,0.467782830465648,0.675249741854765,0.827784535386972,0.958727005089553,1.85630384581824,0.758102587341744,0.689440976925822,0.708705215975948,0.510844601023074,0.306673058953033,0.162301205180525,0.0378528403497032,-0.0291982014347859,-0.0488802148077851,-0.0566621239228919,-0.0483235402167609,-0.0471848930554547,-0.0227007809275313,-0.0154262255470439,-0.00196002155090736,-0.0587122416333518,0.00757207532264889,0.0526327605847116,0.0590900423950686,0.0593197878632535,-0.0121172636173068,0.0187450985946799,-0.0146625390102752,0.219950608101302,0.185790419532801,0.159263612066886,0.132299262280879,0.108622237787945,0.0703864521424699,0.0437964092527102,0.0122532467758378,58071.5420659678
"204",-0.255851742093102,-0.167275354765134,-0.274006318806561,-0.128425293475385,-2.7602748316899e-05,0.0333365901345486,0.0158372478407271,0.0176842906600921,-0.0455789005315076,0.366779146761705,0.337926540188933,0.255735198907953,0.475872513285668,0.661798148628953,0.826171056617867,0.957685067596337,1.07050118061161,0.646191141900702,0.694602419732798,0.742789618113794,0.500606948172187,0.314846829758767,0.164383642712351,0.0392095552289375,-0.0349546947968283,-0.0460030077830699,-0.0623059356657317,-0.0578588849570427,-0.0479536033947143,-0.0210904996109887,-0.0182044450299823,-0.00207909856439373,0.0085072950975276,-0.0148255726912183,0.0898562642582858,0.105567395571319,0.0283095859101371,0.00238603624520812,-0.00509193018439107,-0.0134291869045156,0.218734369732382,0.183794485756767,0.158408737635736,0.131360562944409,0.106924902757092,0.0709027581971237,0.0435965616701019,0.0124056847068591,58084.5243657568
"205",-0.278130375948607,-0.143980803820885,-0.269895493027346,-0.136738849956933,-0.00908598013295886,0.027651781942231,0.0101240394300341,0.0160706083796552,-0.481673605343718,0.327178717327242,0.305849441083158,0.33999117999035,0.477205889052328,0.668269353053824,0.826550979944533,0.95850106598219,1.51606233316339,0.681495916571188,0.730346225461085,0.667903754489342,0.497987924144339,0.310808099391524,0.163311231988298,0.0388475089779083,-0.0421207962844025,-0.0485025429831754,-0.0739798548370295,-0.0575432785297611,-0.0453059882393631,-0.0263116037324556,-0.0191138810203979,-0.00216270704394809,0.0035619459480791,-0.034912047627524,0.0533914694195495,0.0528545457204685,0.047091399563713,0.00394670964762795,0.0127311464135864,-0.0123092791995149,0.220964063711424,0.184944597792314,0.161805444231897,0.131741058051347,0.108303843464343,0.0706191611248353,0.0441564076313282,0.0125123223079461,58085.8394465204
"206",-0.260801254571431,-0.123879335793859,-0.247574264264145,-0.141625542889966,-0.00994718814099596,0.0165750874590106,0.00871497488874123,0.0175652910153576,0.406883479987953,0.287764816556971,0.286143194468657,0.321063553255139,0.476868038650351,0.668310616988964,0.834455178314095,0.957905047256956,0.618585952117406,0.714074872839041,0.745022171218059,0.685773478055061,0.504325879661966,0.315321779399135,0.157265068234097,0.0388894788302207,-0.0347900038126883,-0.0529878126343425,-0.0671085202247719,-0.0545645102939597,-0.0493535710031763,-0.024620729709309,-0.0187897822423606,-0.00276807820961461,0.0416419653030692,-0.0300613386883329,0.0429407225807723,0.0599191989415413,0.0200096464362762,0.00229558435709058,0.00428266234831598,-0.0117538534050413,0.219554268650606,0.181577267652803,0.160207820194142,0.131754643132537,0.107747167947763,0.0704171381155052,0.0430583340258634,0.0126283516511366,58081.0677695676
"207",-0.297252860468546,-0.181706384162,-0.272477072235382,-0.124621494636417,-0.0173008233472911,0.027369016570509,0.0132037339715691,0.0179028952632462,0.813782507251174,0.292972387319056,0.279200280201525,0.32231340218672,0.478176055841244,0.665651913542369,0.830556006452496,0.957330815499651,0.225772711098718,0.721890997601214,0.749909419869572,0.682236186799051,0.499589328625563,0.314004763608131,0.158525631116461,0.0395334361913955,-0.0430531715857155,-0.0555679123482135,-0.0697696922283401,-0.0547690806281927,-0.0458292890506349,-0.0228931646897129,-0.0174812085306268,-0.00267801425556117,0.0187526548177874,0.0153983785209915,0.11559156651205,0.0396741654684251,0.049186122749295,-0.00156531951636533,0.00841752650632697,-0.0129971895261911,0.219209011148236,0.185728105076002,0.158531780758579,0.132984227078821,0.108411604649805,0.0700391456935199,0.0436273339538457,0.0125393595467568,58090.7518845034
"208",-0.232628478156151,-0.176769691897881,-0.253307081879564,-0.139645519900765,-0.00294622536737959,0.0241269762155509,0.0120376980324833,0.0190069008076511,0.36523894412453,0.335948571125643,0.300672285960979,0.310345620131182,0.490979288470805,0.677477766479899,0.825832708383561,0.957468124374465,0.664620145817691,0.686091296750774,0.728385161668627,0.692171467013339,0.487869518110948,0.303783598357858,0.164151044024316,0.0396105340806413,-0.0441223627048513,-0.0515907308195149,-0.0721040218074383,-0.0551817955906715,-0.0518817478751673,-0.0208850384661315,-0.0152306284559893,-0.00232375496395846,-0.0489752934427106,-0.0397582793815872,0.0787695782229672,0.0918320044331135,0.0175785173409129,-0.0114974062942152,0.00399682039988789,-0.0165794817494978,0.218011638813475,0.186144353913498,0.162392017713938,0.131976770916787,0.107375887443574,0.0700369981047762,0.0435083700868049,0.0124239722859861,58085.1092644346
"209",-0.276226553364136,-0.167606057450835,-0.262224672912475,-0.134591437754411,-0.0211982171723643,0.0266130095336228,0.00872316926574093,0.0185027997621105,1.85112658623316,0.350676958560412,0.295714796856318,0.317727045096026,0.499529865520534,0.662301747743388,0.830058832906528,0.95760658453593,-0.814760005321049,0.662510003264621,0.73709693253399,0.686357134401747,0.479297970311386,0.317238759139173,0.161253942953269,0.0396415619888693,-0.0398501518246601,-0.0528406122631001,-0.0680016234377749,-0.0623853345716618,-0.0514706663821591,-0.023227852770958,-0.0178102150287863,-0.00220640025282614,-0.0166025119275473,-0.0223015337154953,0.0586880293483747,0.0713997214029117,0.0583073861419936,0.00200783291902731,0.00740127063385217,-0.0171896956518753,0.221220560467411,0.185102743538199,0.158516711877699,0.132474352582651,0.107539210003103,0.070137066338397,0.0429523557297347,0.0124413273369772,58087.3433764313
"210",-0.278331911590176,-0.18014284716813,-0.286042177656451,-0.1556607596836,-0.00420667278764681,0.0354591515102012,0.0148881660460051,0.0190249144090889,0.503349475922695,0.36655427547279,0.382605620737358,0.326283433514708,0.46741859588765,0.658141459276888,0.827072268201103,0.957216440667044,0.530360583243598,0.647875122917931,0.64760650397756,0.681916619425999,0.509379851389002,0.320890982455751,0.163292356690812,0.0397555309222953,-0.0480077754125063,-0.0585295383847127,-0.0650399258818398,-0.0545945608582035,-0.0488331903340668,-0.0240157582180675,-0.0162739557951217,-0.00213282741325852,0.018984066196343,0.012187876953607,0.121504261906118,0.0905706277344378,0.0282639540104817,-0.00977821987633513,-0.000793066039455165,-0.0157053404056779,0.218150176213477,0.187666093785824,0.157991485869262,0.131704110003973,0.106006775895481,0.0699190063370784,0.0426306270054538,0.0128351313110085,58082.0326168253
"211",-0.261959176462472,-0.199679389208122,-0.292874651782755,-0.142060771441545,-0.0035739881885236,0.0241061079063366,0.0115802067005165,0.0153705092145013,0.592551402725527,0.360777569697821,0.344081371251816,0.31657574292359,0.475712216428274,0.67770765967944,0.827662019135314,0.957269667327375,0.435820137540562,0.666180336553518,0.693581156144334,0.686772802635471,0.497849593708158,0.304334636872325,0.164545392497143,0.040485577759511,-0.0452624687960142,-0.0691409405580283,-0.0654746067204396,-0.056796971297637,-0.0406359144642674,-0.023775038556632,-0.0190274716143141,-0.0028549631157163,0.00917488909655704,-0.020710762903222,0.0913149948630137,0.0842738919984242,0.0387927355006842,-0.010994258385191,-0.0052703908361253,-0.0111971564503202,0.214812462844421,0.188255155024078,0.160452339798097,0.132052182001667,0.109355205073042,0.0693689373275022,0.0443471916266904,0.0126639604413985,58079.7248169179
"212",-0.248977245141937,-0.166154601737391,-0.273807787878827,-0.157997592307094,-0.00296591487635803,0.0115175870473091,0.0129858158238598,0.0191845993866963,-0.337975370692972,0.175331761138929,0.320002276231237,0.311643911172385,0.468074201966565,0.674048454941293,0.829370834460728,0.957337429198314,1.36964870181251,0.835479949739028,0.71768151069596,0.698362349957113,0.509431413958027,0.309195671969092,0.161340083105251,0.0393976162910963,-0.0531413699781686,-0.0434222280190775,-0.0594191051216323,-0.0578605438519567,-0.0497722401370183,-0.0242749044319531,-0.0172439063654258,-0.00183206354632527,-0.0114097498961379,-0.0124849832774639,0.0354110075911535,0.0869574868841023,0.0264786116263583,0.0112022356041745,0.00139870778512792,-0.0165940964718472,0.218575210419975,0.18177406200861,0.160393176683551,0.133845983601716,0.107169574189919,0.0705975190898196,0.0435557838359982,0.0124451780215555,58081.8912512851
"213",-0.255279721547878,-0.16306836544343,-0.247309834308504,-0.143293326101192,0.000618490363526624,0.0249161034142467,0.0224256949298426,0.0170360913178365,0.17427494252896,0.312911492737107,0.25181596911676,0.308363398810802,0.459817618050619,0.673772063661268,0.824836151543278,0.957126315784862,0.859353944912311,0.70382105115522,0.775667547732213,0.696166662940391,0.51423348173459,0.307061619468983,0.162705018166249,0.0398937295396945,-0.0452100476193688,-0.0618991765876742,-0.0666304261414015,-0.0639333190282711,-0.0489278252689897,-0.0273683276844027,-0.0166004816928732,-0.00254128436971781,-0.0497437814006051,-0.0398454786975515,0.0513638823183714,0.0895763626287623,0.0422561852318841,0.000278634696810544,-0.000731526249562654,-0.0112007283906899,0.218904817279909,0.18275790193621,0.160616127131823,0.132508293887924,0.108998740308919,0.0689845669264697,0.0432917428088375,0.0122835213078288,58083.822281893
"214",-0.223920834389924,-0.155800718224237,-0.278736946164667,-0.148979283515823,-0.00482950498464401,0.0264198841611632,0.0105283991507844,0.0178261027146289,1.22009580664904,0.310712734021101,0.332250864624171,0.297172172871371,0.47020418258931,0.67907838282913,0.825651614031512,0.957463094884725,-0.198078258439338,0.700701263337317,0.706218638264603,0.707404529187825,0.50466889700946,0.302040971506478,0.164337334110791,0.0397748981932053,-0.0644133353051336,-0.0481759725152297,-0.0614594540473557,-0.0630382204372299,-0.0483237305220904,-0.0226825093304934,-0.0143712804866584,-0.00275612309653655,-0.00112149395119647,-0.0287152449391419,0.0366760695656714,0.107880628944751,0.0466485141646662,-0.015221091470754,0.00908925740350595,-0.0142558846949053,0.216746107281598,0.185206921773745,0.157191822571848,0.132918152186839,0.108486458780222,0.0692090398007416,0.0432964196658445,0.0126762832164283,58080.9461143851
"215",-0.271550849890962,-0.141575252855834,-0.296482201567629,-0.151556324453832,-0.0169661387680286,0.0173308904025489,0.0219926502533497,0.0155545393840458,0.217175121342815,0.288706749920911,0.343112240885658,0.309100046866287,0.486730974008549,0.683525238459069,0.829249218585993,0.959122181460969,0.817257632654799,0.71769810648631,0.693981588595279,0.697143551000013,0.491961213075467,0.299935259446841,0.161293972041568,0.0384066253760244,-0.0507309876942513,-0.0516859070368914,-0.0602815326503972,-0.0593702708971071,-0.0529071013086902,-0.0228698863872746,-0.0182047213649458,-0.0025256612594481,0.000146250715519323,-0.0316799754186317,0.0997629759205406,0.0979823710024899,0.0440483533657296,-0.00694498956028317,-0.0164163190106235,-0.0123034320463445,0.219816646116593,0.187222814348155,0.159093079139062,0.13405902052334,0.109766647285336,0.0707678327552295,0.0442712849533335,0.0124731315490266,58083.6560228872
"216",-0.27662796715954,-0.165735686225413,-0.281848162709776,-0.141239673712354,-0.0122466716372641,0.0353669689190514,0.0153040981426614,0.019728719031064,-0.638528420241283,0.333477824431152,0.330071970337646,0.298111641930417,0.489695753471817,0.662618151589208,0.825732807137388,0.957117972201522,1.67932820631875,0.679066281072781,0.704988775924694,0.707390580879024,0.491078115107646,0.316278367702188,0.163192034638174,0.0397330532560564,-0.0581528840274556,-0.0542340912203654,-0.0626357407576827,-0.0609393957792439,-0.0469569737156794,-0.0247395245465018,-0.0161692404400844,-0.00236222271482112,-0.022319613992326,0.000809941002464062,0.0833769695908495,0.0817510182201427,0.0189526751988389,-0.0125804454032112,0.00708605956567371,-0.0174249881015622,0.216280882427356,0.187768812726401,0.158259407243127,0.131714647547425,0.108739651875396,0.0689328643795135,0.0440418586512896,0.0126393527841269,58087.2554405565
"217",-0.249175000027307,-0.189219738863656,-0.271889782991452,-0.144369114762102,-0.0111733020064754,0.0176532205899647,0.0168898415476942,0.0196069882631485,1.19391437823767,0.344916443547786,0.329785497514314,0.318027176089408,0.484461401202126,0.681007969339523,0.825066858391916,0.956756797951164,-0.165167751678465,0.675704747578629,0.710171677174123,0.687182099874297,0.493315113879088,0.302615995342448,0.164660532467919,0.0401937182606331,-0.0351253125367959,-0.0551837630666114,-0.0583390217040318,-0.0600837679470221,-0.0511439733006405,-0.0266535360646882,-0.0184045330844184,-0.00285412131471129,-0.0100475603099414,-0.00541238519207919,0.0265021215353093,0.0846239253272311,0.038785355062933,-0.00234748786641928,0.00372767628083367,-0.0166709786624484,0.215943100279192,0.183895166449493,0.161080190741146,0.129867293823647,0.107849353282477,0.0699936310680291,0.0435394142981423,0.0128233484368569,58081.109106501
"218",-0.210196407019099,-0.138531986130369,-0.293090527220197,-0.143015994182494,-0.0303685708115368,0.0195593245681906,0.0224478747064789,0.0183580122759235,3.27519788582749,0.204706534759321,0.349486520049058,0.291520156686426,0.500146796300648,0.67072029253358,0.824672561730084,0.956367948464709,-2.25860121658426,0.802809752303407,0.684190826249106,0.714333969231257,0.482250969270931,0.31110627285593,0.163614400681152,0.0406997492200025,-0.0451399522505885,-0.0587230215614571,-0.0638705889220038,-0.0533012510621074,-0.0508257126836096,-0.0229494442315481,-0.0168059660949336,-0.00211930694635397,-0.0208672210498671,-0.0126563975272602,0.121163611374325,0.0718283576605785,0.0577426741604456,0.0022436706448685,-0.00522210566918466,-0.0148556731852027,0.217151348283718,0.185145089308993,0.157504917680699,0.132911369718303,0.106160842387594,0.0692668557463887,0.0437089607214362,0.0126310782444962,58077.761720866
"219",-0.22671965405118,-0.157365079533583,-0.266901500480194,-0.141414538818707,-0.0256321182099942,0.0358662945388949,0.0165547844226137,0.0168593660377317,-0.11171196891029,0.293269501066414,0.290363907688539,0.271870179064048,0.477208188315779,0.665259326838672,0.826626814676747,0.95749819700604,1.12920205238599,0.718184373664588,0.741701426952641,0.733105394719098,0.506553728722736,0.312620908736908,0.162368902899259,0.0392892139735024,-0.0458518648231814,-0.0497320270491374,-0.0654683247698069,-0.0581116287470931,-0.0430351492847885,-0.0187975957682382,-0.0164449572485666,-0.00205570369658541,0.00929641541516203,-0.0194429881112966,0.072610383341342,0.0932553417591939,0.0315301208649957,-0.0133749575966107,0.000774514501626236,-0.0105454977933715,0.219011353046905,0.183714402999907,0.166172086931081,0.130384758435591,0.109755927418072,0.0692268910256004,0.0434701865486579,0.0124225688176158,58078.9661991693
"220",-0.235628514314019,-0.184022026562354,-0.274021482228494,-0.144897418255495,0.00531067885002349,0.0135726384766084,0.0211781206834866,0.0179246105124076,-0.444233314012163,0.310519369665197,0.303585613435353,0.294282512384016,0.475592303058288,0.675123084120111,0.826112971844558,0.956568381786402,1.46634066381653,0.712588361773618,0.732389068482325,0.711868261357282,0.497886425004413,0.308324985742671,0.162086825097228,0.040495004055111,-0.0274357559855333,-0.0560204287227627,-0.0684836873809409,-0.0522215878558809,-0.049756753497081,-0.0256046880505638,-0.0151018948063168,-0.00254750988028868,-0.025863906926865,-0.0305401924956852,0.0599581400736213,0.0734556279097712,0.0324231635186269,0.00567671649694333,-0.00440446175218139,-0.0137944400132352,0.220877372043858,0.180790729444215,0.16084683069506,0.132366195672945,0.109724208938654,0.0705499891634983,0.0432028034567167,0.0124201599732197,58087.9536228473
"221",-0.259156877389567,-0.154154171149396,-0.264749857951954,-0.156959978052728,-0.010689956697577,0.0324344723225591,0.0143941467169881,0.0173170547773695,1.25149364251591,0.255187068709072,0.35201082180316,0.292327925196028,0.481391618524405,0.657155666175504,0.828339120297026,0.958104412523026,-0.219050186420953,0.757543470869041,0.680193289530589,0.718763788791359,0.493653368206477,0.322830082610509,0.16254459584043,0.0390250046628104,-0.0490120165752005,-0.053883572721547,-0.0743587749862647,-0.0578806398663319,-0.0459621447951961,-0.0208674178557914,-0.0184514633987508,-0.00259227153720765,-0.0256627952734232,-0.0372622272039744,0.0855821230778733,0.0731573026965197,0.0513663479377479,-0.0206849813701486,-0.0032386761938093,-0.0126792749644631,0.218918418399901,0.184392670316945,0.162846801672529,0.131241980932828,0.108155817148457,0.0692343015664831,0.0436924631843464,0.0125045016435291,58085.3234302487
"222",-0.245260602541233,-0.159116157548242,-0.275403539285014,-0.173442078905399,0.0118230257847653,0.017596256012546,0.0221122142915,0.0175385980953315,-0.09529920766487,0.303638737371786,0.305037560103962,0.323196700592183,0.452994482074455,0.682463801680613,0.824959688020067,0.956449365500102,1.12860602001316,0.714256250669768,0.727131173347434,0.688127748155747,0.521746030249935,0.301283626983839,0.162216140693282,0.0398178096089515,-0.0432727775928758,-0.0554202300023674,-0.0711854311855691,-0.0587231956261481,-0.0500103162474623,-0.0211607696909297,-0.0163528252385818,-0.00169280101427947,-0.0449681594693231,-0.0448887510739387,0.100286065905808,0.108774191630523,0.0162926880815403,-0.00813194275671945,0.00468606656289538,-0.0098932610204236,0.218411427781233,0.184407254524724,0.159721031000985,0.133053434639992,0.109274911466018,0.0700963281353059,0.0444646298056279,0.0127922445764501,58070.4837770477
"223",-0.250908615084503,-0.147186007619831,-0.285375684623787,-0.119942508009334,-0.0123447063146955,0.0362161304195248,0.0246243892431735,0.0161770548545272,0.135376483407062,0.301502806286992,0.36347638382929,0.254106748851676,0.468447745957949,0.667147484186542,0.827533690666664,0.957583544895207,0.889196497344332,0.710564949509669,0.673503884225877,0.743043359242743,0.510050423353717,0.313295503552636,0.160134532250432,0.0397507877493836,-0.0400451304496198,-0.0494033381913475,-0.0688273319107059,-0.0506510328075684,-0.0406544914595162,-0.0228907888488657,-0.0179820868248328,-0.00271980121158776,0.0239188532152059,-0.0532106894410861,0.0833499367428413,0.0829854121406657,0.0263171985437853,-0.0264246870699997,-0.00786538790928658,-0.0123248685454949,0.214451717362941,0.187717277477482,0.156541254595943,0.132408193081884,0.107734510267284,0.0703231848709575,0.0433471398490273,0.0122876641656439,58079.2993508112
"224",-0.259210203449712,-0.132886945031387,-0.298121271754654,-0.142268323211024,-0.0281161376079567,0.0239923208836034,0.0152262072761723,0.0176999489861812,-0.614980153472684,0.244858008138719,0.383744008116572,0.291088338956136,0.49790679163636,0.665063623027241,0.828938332059639,0.9579353089637,1.65228769554898,0.761540531802535,0.649247484637921,0.7142250343591,0.482474696922607,0.317302359439704,0.161019137308049,0.0390126336884722,-0.0569612583713864,-0.0545556474940356,-0.0676174569374332,-0.0568167809947946,-0.0493208435461053,-0.0240042098281286,-0.0167735672828906,-0.0023009771623968,-0.0314333177202164,-0.0323949190716752,0.134359500029303,0.0830070919863275,0.0567590721362306,-0.00864019674333453,-0.000495513078074987,-0.0132425142942165,0.216752938719737,0.184568648804635,0.156255877567767,0.132193528215677,0.10733459651369,0.0703059481784987,0.0431192691810898,0.0127827530197191,58084.8281620603
"225",-0.281790742288546,-0.174080391729027,-0.258761905574042,-0.142456648064528,0.0170202691988583,0.0220946624826529,0.0133218439607063,0.0174868200851475,0.231858666259329,0.347490253876743,0.307125093512069,0.302554936063773,0.462521983594539,0.6750662950212,0.833737954097946,0.959512070852151,0.799381625006006,0.669671327487359,0.722450031297594,0.70046686416164,0.509719978816134,0.305953096888531,0.156123652173648,0.037644774041387,-0.0386318314773962,-0.0650938859508094,-0.0603455876711586,-0.0559520352424161,-0.0454436997190426,-0.0198657105044611,-0.0174711829664152,-0.00306841017769852,0.0190630699851961,-0.0179035283219757,0.0601224173237083,0.0937995235779955,0.0134679392161221,-0.00319232738324494,0.00378648870761595,-0.0137807648137405,0.21292595242731,0.183292939576098,0.160533524069663,0.131722937456502,0.108827540943346,0.0697004644042296,0.0435870982119747,0.0123803154650648,58083.2410313017
"226",-0.263659196979957,-0.108372378716654,-0.278338003625178,-0.163227084414462,-0.0134828183090273,0.026795374940484,0.0154703982961333,0.0172501087908968,0.950313168522352,0.291074742397947,0.297626892101333,0.329278509017157,0.468907596991647,0.662179346916403,0.824054876132366,0.958460734282041,0.0840301188662595,0.708650651414159,0.738051520760634,0.681048667131876,0.509284559835691,0.317983136002458,0.165475225014879,0.0390693480858585,-0.0561723724536276,-0.0480296882093452,-0.073341031005584,-0.0549300415038403,-0.0504389833013327,-0.0234582223411898,-0.0157632768657744,-0.00304423915449772,-0.00823396590538634,-0.0633826195979146,0.0810801029889127,0.0961726189105651,0.0465252373481996,0.00253810726570725,0.00120714945739567,-0.0156616036514917,0.211875579351524,0.185601194116002,0.156961744916839,0.131001171059995,0.107935716391651,0.0707085644842807,0.0436564742198577,0.0126795897226188,58084.3683132818
"227",-0.235343260164529,-0.163545738219583,-0.294022970070248,-0.164078580948871,-0.0143974138900056,0.0252211865852662,0.0118573542478844,0.0189151303591219,1.41359181519263,0.347128733443486,0.329985265788836,0.314057661604172,0.472682979193268,0.661778438520023,0.827460145320351,0.957120832683923,-0.385206623169638,0.666704738063072,0.707011376430066,0.695659432136652,0.505234939937064,0.318850015539648,0.163817366420154,0.0394570594267902,-0.0446924072166723,-0.0573280248995928,-0.0637069905648621,-0.0637459075888107,-0.0418118290507557,-0.0206756673703566,-0.0165939489124475,-0.00166591300086149,-0.0493116265359782,-0.0232415226480649,0.0946292627421107,0.108191972614854,0.0382489153573925,-0.00575938524961999,-0.00189651239861774,-0.0151629043720209,0.216724806918407,0.182973598201409,0.158799064085734,0.133549114954365,0.10786335901496,0.0699321550885049,0.0443561903621491,0.0124793824037644,58087.6701806597
"228",-0.26876705769268,-0.185154790749149,-0.280016033832504,-0.13529058536818,-0.00622022694137223,0.0239310071462927,0.0224144186790057,0.0180733602627274,2.80301901132223,0.359786882922722,0.251508559436231,0.331685068607876,0.459758693068648,0.677691667158413,0.822595185067866,0.957341758276805,-1.76751647880926,0.658868304546902,0.775586998862458,0.670111528239412,0.517559360190991,0.303865458108638,0.165081449456311,0.0393937144307985,-0.0506666793416263,-0.0608505304912311,-0.0550149273198532,-0.0608617030734436,-0.048480307267927,-0.0224577987745618,-0.0138897223236049,-0.00307346976103338,-0.00234533883865984,0.00752477942242627,0.117551862594962,0.0826356167262208,0.0312024856003039,-0.00924528542739334,-0.00327061868235238,-0.01208117636028,0.21381562897198,0.183995690425035,0.159856548901695,0.132809310286381,0.110963728984294,0.0693068130754583,0.0428334077037205,0.012782183728628,58069.345314417
"229",-0.247538915209193,-0.188148365993734,-0.257638093495743,-0.132460653509124,-0.0110186938927899,0.0337556803994983,0.0153255178542029,0.0166544254940408,0.941016694536552,0.393151870158584,0.352725204366862,0.264016162671751,0.487693405368996,0.662472022920196,0.827393601306025,0.958694055837249,0.0894276303199366,0.627150778338246,0.67913768983407,0.739043711841065,0.49117656681225,0.319254763660288,0.162019325261632,0.039133273670596,-0.0408669189295275,-0.0539666734000441,-0.0618742923858131,-0.0539293775909969,-0.0527903487591745,-0.0201655476678622,-0.0147914132040712,-0.00273499979219641,-0.0374511551696908,-0.0159192050633446,0.0481196511160385,0.0742040692801373,0.0261899377285449,-0.0285100750137276,0.00171565809338127,-0.0150527089949047,0.221046912738272,0.184798760914433,0.159743268579079,0.129361116447569,0.107790990389573,0.0695260641157198,0.0436162488809035,0.012639749290483,58081.1035524647
"230",-0.230798644383905,-0.134969002593997,-0.27271866921319,-0.142877325076716,-0.00749595558310519,0.0275792567206434,0.0143866718184208,0.0191334637669432,1.01610473271637,0.345501731022152,0.326650832092516,0.289632649204203,0.487646253568528,0.660546101704291,0.830910908742862,0.956731252953389,0.00765160187471335,0.660995374973021,0.701719614987127,0.712209596765583,0.489956649970538,0.319450033719955,0.158583490581888,0.0401674241101244,-0.0444082337699623,-0.0451283024173798,-0.0654602764646176,-0.0533807816732837,-0.0502446193034486,-0.0235677809562659,-0.0168392344480968,-0.00262907933997646,-0.0321112423900242,-0.0510667014224947,0.107518823608109,0.0988029882046607,0.028357527945742,-0.00125803101637245,0.00367142181387449,-0.0156391944613135,0.219234903914244,0.182748340902452,0.161831908923457,0.134225392896406,0.10895000048491,0.0700517734799886,0.043938931679629,0.0124926462149431,58090.159680179
"231",-0.315799151982424,-0.155092945990218,-0.28199198144652,-0.146343916238642,-0.0137019662471141,0.0283013276779073,0.00936434389791794,0.0185292537838562,-0.156729736700073,0.34276637542776,0.370993897172051,0.329195823196025,0.473181910845295,0.669018849964691,0.828539858459368,0.958137102047812,1.20083561027382,0.66785769840371,0.665140069361132,0.679515852319437,0.504141896602558,0.311325764313294,0.162361723981,0.038679242376348,-0.0457489389487081,-0.0387516147464973,-0.0666778281466085,-0.0549900307177297,-0.045804975539973,-0.0244034022406664,-0.0199197114714982,-0.00227021094596237,0.0335895132460397,-0.0315869940459043,0.0841160234449946,0.0627452820188918,0.0483580092096988,-0.0071600142149854,0.00777761233218361,-0.0147106569422813,0.217323739229905,0.182325907833471,0.157955301815672,0.134137593522166,0.111175456421009,0.0702100238158953,0.043134243971905,0.0124249251814725,58083.1846018067
"232",-0.261102446350344,-0.162813167136456,-0.24757850885641,-0.149608375269699,0.00027401806429817,0.0198171492401354,0.0205813424745522,0.0179226184521645,-0.0623475081211421,0.416005049528594,0.295471433373284,0.328329917631257,0.468545959270779,0.677749112147516,0.823579232678506,0.957352640612187,1.09652986081162,0.594508521208415,0.733429917294746,0.680679310786037,0.505248010424247,0.302384541672709,0.165908557797994,0.0398259041899229,-0.0280029592295723,-0.0438922681863072,-0.056183807783648,-0.0597083054937652,-0.039610945762323,-0.0217844371206414,-0.0189010513392269,-0.0026162221256316,-0.0490774326288383,-0.0212490582222931,0.040802466168431,0.0750927447662737,0.0285712244722928,0.00627074826888813,-0.00283676157083319,-0.014825142133791,0.219343718446187,0.181091180175209,0.160006107816695,0.131263317519623,0.108711023165192,0.0697162364077188,0.0437709353839181,0.0124515628035633,58079.5438744814
"233",-0.226109489275378,-0.157848681359113,-0.249543204229175,-0.14639507928222,-0.00678732049299438,0.0218558642458934,0.0109919034672098,0.0169964875911851,0.73139869794892,0.284543953164018,0.294845142301043,0.288890677235287,0.478107314616525,0.673218396413598,0.832698354586699,0.958029342652791,0.290919934300192,0.726778428191156,0.737571055027525,0.718852459456424,0.499587086360672,0.310877667114241,0.156618811111642,0.0390892269769093,-0.0404946110093595,-0.0543226826154931,-0.0671571203416124,-0.0459734589217743,-0.0514100439946887,-0.0255225368211068,-0.0162862444858251,-0.00300284455438022,-0.0300284523882434,-0.0222633736893898,0.0352407861351822,0.0569696892602021,0.0355654734675816,-0.0123089766543514,0.00890944535149624,-0.0117488488466933,0.214390042745819,0.186530518140305,0.157702529772791,0.130552397658687,0.10764400566661,0.0708582525502039,0.0434110540221178,0.0124963937620975,58083.8398185696
"234",-0.236942857589422,-0.148474568622568,-0.29274768090599,-0.139051735781492,0.0016952475955117,0.0349471596189265,0.0116814748840717,0.0164838173767654,-0.0447875019549813,0.244281268322341,0.31005866713654,0.294860619138789,0.478925427548395,0.654825633828298,0.829279945033564,0.957283618405285,1.07148618025637,0.763567707467529,0.725074628136651,0.709380519934032,0.494711836110783,0.325480652895668,0.160708178316826,0.0399168484385772,-0.0417678516457198,-0.0456238917185295,-0.0681963496518657,-0.0597763944815778,-0.0448726278263326,-0.0189824550555579,-0.0171334080082617,-0.00315965415289878,-0.0330571187355451,-0.0396006194556689,0.109554842087196,0.0803029367508529,0.0328540193253029,-0.0212751928005067,0.00791745452064142,-0.0110372592833621,0.219873777866059,0.184419072361549,0.158455605316723,0.132865320425246,0.108049550951274,0.0706664643518214,0.0436329860072268,0.0125459076018588,58088.1378405649
"235",-0.250505816912797,-0.157546087440264,-0.2633049738979,-0.144034871191205,0.000648537169852717,0.0320535856615182,0.0208909326960119,0.0175177686044738,-0.066774782213297,0.348237224665746,0.323701482964516,0.289643895760195,0.469829115046741,0.660598287596632,0.821658415421732,0.957536056030953,1.09085362031223,0.665637933876447,0.710142543776188,0.718064793951073,0.504319644728057,0.319676772615132,0.165731341040423,0.0397829650931105,-0.0335791446161441,-0.0503295857848989,-0.0645566501997183,-0.0570471394913138,-0.0489384846445632,-0.0252690474533195,-0.0157589935588368,-0.00270856560381628,0.0175124604731276,-0.0512262116417845,0.0599779981580627,0.0694010792832842,0.0391281146613389,-0.010821439420584,0.00100696994488277,-0.0144336157658145,0.21762763381224,0.18193153859357,0.16083315203872,0.132154805317776,0.107323268862651,0.0701020486985359,0.0435912670482235,0.012473274770989,58090.3045155651
"236",-0.303181527847332,-0.143989002736468,-0.265072716949003,-0.143518250438611,-0.0249525555927917,0.0118868103942275,0.0212374469880767,0.0179356312038023,0.0908754547828637,0.276843310355596,0.282773772748346,0.275784933464214,0.502384438740569,0.678729088663565,0.82668865917276,0.957693487746257,0.952177504834715,0.736664485492447,0.746696602981293,0.731233758580946,0.479139001805126,0.30419696683317,0.163141329463153,0.0393999035772878,-0.0430433037626778,-0.0525133245999825,-0.079505692417428,-0.0612374227981172,-0.0474999632681274,-0.0194619758295786,-0.0189496229806606,-0.00337314713885819,0.0111491791313562,-0.0609107159855098,0.102057382263193,0.0873752206856539,0.0392160729034754,0.00388953485938749,-0.0103322806775647,-0.0132550806657579,0.217991749928616,0.184926742994231,0.162986870797178,0.131617932582429,0.107615254388837,0.069395357109157,0.0435070855671526,0.0125764536658258,58079.9442231477
"237",-0.262853804208854,-0.141475872754679,-0.284474476235846,-0.13316714863508,-0.00429909745353614,0.0264479614588809,0.017236059130515,0.0167599851969026,1.6873713611626,0.331976051834554,0.309267433267719,0.296287667363577,0.470349545424794,0.672604315887687,0.825799742376449,0.957482646675432,-0.656482399455938,0.67906452053577,0.72924485339258,0.707432908549758,0.504198162945087,0.308259330889334,0.162828478450377,0.0397038111688262,-0.0395531449524202,-0.0532766629123658,-0.0713737902640978,-0.0564893493390164,-0.0507050158464069,-0.0248527687539247,-0.0166913471116291,-0.00233614085888941,-0.00186405589600141,-0.0487187241279934,0.0694252622134788,0.0660912027014162,0.039349479578694,-0.00776881097317554,0.00420068421444255,-0.0109255476814799,0.215197055651923,0.183577674299477,0.159898340141719,0.135799040576169,0.107753062057957,0.0702670421935961,0.0431525041750959,0.0125135077238202,58085.8862808285
"238",-0.255488863223414,-0.155494310217729,-0.276099022135387,-0.137414039489613,0.000894479942242218,0.0280461954362174,0.00562846325725236,0.019720932949276,0.153299338484183,0.301881167212202,0.357914287397411,0.337025046599523,0.470682557308228,0.660678690786347,0.837316749826071,0.957819236522147,0.872932039893009,0.707409487883643,0.675731199199254,0.66813569208769,0.503217495780546,0.316416354424193,0.154686813053315,0.0385721666570228,-0.0479562255337996,-0.0532159995313601,-0.0630138788709588,-0.0608554852146317,-0.0452557978148367,-0.0185284562912375,-0.0177816564273727,-0.00194594008080879,0.0191714235873232,-0.0122043943792861,0.0794331292792856,0.0676472133045748,0.0359735043935441,0.0126168996143974,0.00550441928330133,-0.0139670002206068,0.214260312259973,0.184263761147661,0.162656662086963,0.130624317862466,0.107068801796254,0.0705167594284398,0.0426952924714891,0.0122858360271044,58074.663700595
"239",-0.234615583955957,-0.188602774133632,-0.280490041747387,-0.155851740565222,-0.0261081514303889,0.0299981791990838,0.0098680297449229,0.0159290141621015,0.496723131416726,0.292490769224229,0.328382037175792,0.328399461298634,0.484778092486977,0.669827801021288,0.829142094192633,0.95968494733169,0.53066211091764,0.721394507653344,0.701463330288386,0.680728420310094,0.495153169925224,0.310941337756865,0.161995875300532,0.0377653191397613,-0.0467467098706365,-0.0533391877216581,-0.0664630027761882,-0.0566911327734434,-0.0459549649801695,-0.0240266299708642,-0.0165521825576374,-0.00261950965403506,-0.0395527833883757,0.0345005608128071,0.119773728396166,0.0820636284980573,0.052013535810324,-0.0128571103103871,0.00196848627053552,-0.0134223363642529,0.22117911284896,0.185825771474647,0.159963081340844,0.13298235216665,0.110415711514238,0.06994430968779,0.0435871857449609,0.0125306350051466,58087.1030102764
"240",-0.243791975154331,-0.16458730827473,-0.271479795481435,-0.128710370912298,0.000550838580233706,0.0362485129686809,0.0190934593266407,0.0184524279442408,-0.389928147591367,0.354107507555911,0.346235394214802,0.279550662701805,0.439225787284773,0.664561173823422,0.823672326433694,0.955960075366574,1.41932878932013,0.660868576425756,0.689066146890438,0.721464404948046,0.537506972427492,0.314076659618794,0.165998998051679,0.0411665959120326,-0.0372412563773839,-0.0634440443620889,-0.0571522672180993,-0.0535576811750883,-0.0468679526121424,-0.0205617453543657,-0.0165113092726806,-0.00230499400078801,-0.0275440852292122,-0.0148174067613961,0.050559645130886,0.077784748837679,0.026407049830199,-0.0215869800822741,-0.0083676220713548,-0.0148929661419463,0.217235488147694,0.187638809355743,0.158531173558117,0.128504243978496,0.108552056103652,0.0690926172094898,0.0440472215377243,0.0126155854684047,58078.8407222932
"241",-0.295600823663646,-0.162784024616288,-0.265928783506733,-0.151646018655999,-0.00509919795764708,0.0144826488393742,0.00875373035261862,0.0156466602808703,0.2825075590548,0.332391483399721,0.267431733802908,0.313158391338781,0.487593994146198,0.670544940443775,0.830771063958998,0.958276084510695,0.754808861727902,0.680747270716778,0.76162427095787,0.691322823372889,0.487742411469518,0.311554800478963,0.161010924383921,0.0388513110842994,-0.0432960690869459,-0.0510274560517894,-0.0643705866640016,-0.0568354979746645,-0.0444051456138488,-0.0246392993831536,-0.0202065367537991,-0.00225888327424623,0.0387692471985088,-0.0274377312906998,0.0916700751132318,0.104717491756836,0.0329275809716359,0.0152802096752484,0.00765718878235497,-0.0100034307846915,0.219876301023154,0.182519299046418,0.161498973211792,0.133512416881935,0.107627814121615,0.0696161398767981,0.0436744689210967,0.0127563407307122,58086.5547388503
"242",-0.249835341135497,-0.175201424763998,-0.265278695309571,-0.175194212143975,-0.0471998252073333,0.0319595147810169,0.0080619246852312,0.0168816956311382,0.25728799823363,0.345366997975008,0.325450270894958,0.358936571633817,0.493578467555212,0.666434843919265,0.825927748316481,0.957763350846975,0.774817649703495,0.667897729566251,0.707978031736391,0.652627894397647,0.493464523164444,0.311243105761112,0.165470751394399,0.0393887235603432,-0.0392568518313357,-0.0568434725985685,-0.0671312364170791,-0.0619344907038476,-0.0529042480373225,-0.0228957576618538,-0.0187759823890555,-0.00213826411174123,-0.0490546842045776,0.00363234239691227,0.058675030522399,0.119281439865348,0.0622792178493511,-0.0021353177646741,0.00891697573538835,-0.0138763847627192,0.222591449398311,0.1810488628743,0.16233386308036,0.134183468802481,0.107103642294697,0.0702349393876957,0.0435479534000899,0.0126526438935414,58075.0258922059
"243",-0.236574501286222,-0.16827339513949,-0.283640687214348,-0.119201842380744,-0.0314982338597535,0.0270759986639186,0.0163034506599908,0.0178282532847312,0.335964298911361,0.245528521227262,0.330662538576042,0.320193121964785,0.467059756745705,0.662154664785468,0.824901842657587,0.957052241652991,0.686607787243495,0.763041434037791,0.702798753035185,0.680926028638715,0.514955186392397,0.317286348356246,0.163437423986793,0.0400636520884236,-0.0320226499201771,-0.0642627431056381,-0.0697666332723239,-0.0613772838493083,-0.046024410475198,-0.0231191815852432,-0.0155955557739159,-0.00231638091950423,-0.0174583569585157,0.030831523975423,0.0968495067291087,0.0591666872278226,0.0555961639135028,0.000809561742980092,0.00484746172741634,-0.0143930234891393,0.219067549884853,0.183994708875517,0.158667905215339,0.132369736354233,0.106509011131923,0.070361389240883,0.0434254740332591,0.0124915288531726,58084.4092820308
"244",-0.257251048554313,-0.171462605256439,-0.270841372236135,-0.149293248660683,-0.0382900894377506,0.0127829144460069,0.00643387370968596,0.0194780584507427,0.841195462556247,0.310118044945868,0.324224757798017,0.302995987805764,0.486649971382108,0.680221277858353,0.832190702829449,0.956859347226149,0.187942266928486,0.705739366291817,0.707169400225419,0.702524045170834,0.49716539830296,0.303607008057531,0.15957568181636,0.04005214884169,-0.0511312280411042,-0.0626981702759311,-0.0564964555098278,-0.0555531588072897,-0.045356352840669,-0.0258049091415441,-0.0209308991168999,-0.00218729591758926,0.000789347049382832,-0.00442470927802486,0.0677362301683861,0.0892850042622619,0.0554164352799973,0.00600168081333551,0.0111448240873974,-0.0158347988235872,0.219139567731806,0.183865086909962,0.16066550637743,0.133918804897618,0.107171638734708,0.071466541806333,0.0436850466169858,0.0124215814087808,58084.7691427155
"245",-0.285818936323572,-0.158077974161646,-0.298147853746142,-0.157257139113426,0.00641614493827439,0.0261249102880918,0.0119034801022203,0.01708811152862,0.0890293811951487,0.26510509592508,0.303974582857403,0.270177461004666,0.449471014832166,0.674418196683618,0.821891453438187,0.957738684593123,0.948744840875906,0.751737210894431,0.737434214142431,0.737635615221789,0.521080171759275,0.309793169338419,0.167771435588871,0.0395745008419339,-0.0596527009841656,-0.0684623192009533,-0.060445620692662,-0.0545633219247757,-0.050154839510038,-0.0271330234066217,-0.0177970863595792,-0.00292753260510964,0.0123360589952355,-0.0449115610222884,0.0745866885036718,0.0902343801548642,0.0548142814339912,-0.0201082736178091,0.011636985402387,-0.0129551704326996,0.216915541135121,0.184368350197575,0.159458547013854,0.133792963780116,0.107940965157824,0.0705404134433844,0.0431322327070855,0.0125610055581026,58075.1390824965
"246",-0.27676523324127,-0.186244490955147,-0.276248408674079,-0.0958853989516746,-0.0127463262613021,0.0230115114047889,0.0181954093276536,0.0172640301692447,0.901050146237635,0.327488157657016,0.27900112926079,0.266666693787432,0.463704517398365,0.67201430243947,0.822642872502588,0.957187272448635,0.131165241946825,0.689033466990714,0.754813185647956,0.729552385339385,0.511587350414841,0.308649312559305,0.16538310134861,0.0399598931261093,-0.0316465487210983,-0.0434001122618957,-0.0758265768086645,-0.0506395364856343,-0.0495264903545045,-0.0198176175723014,-0.0169797036363312,-0.00179911822654968,0.015896099776239,-0.00135417062321342,0.0985271585003565,0.0207443056469376,0.0561535343890415,-0.00429929719435058,0.00493586389917449,-0.0132928437333371,0.216328397999714,0.182872102610709,0.158903233499484,0.130201179906548,0.109849998057517,0.0698121819966708,0.0441393863292151,0.0123119413761893,58077.261947674
"247",-0.275666262879488,-0.130371083629691,-0.283606086393372,-0.134628395158949,-0.00258317315520898,0.0253160423900028,0.0172970052708156,0.0174964479263476,0.526311071567802,0.313532286357774,0.288860081614123,0.266630769581289,0.484740519393472,0.671604725289942,0.830670864545249,0.957495411593602,0.512922050936182,0.694574728271924,0.74606581607855,0.737790400075123,0.488741291014743,0.311429934946905,0.158793499060081,0.0395009151519614,-0.049835038879765,-0.0396349616805852,-0.0659678751727577,-0.0531534952700119,-0.0470550096043124,-0.0223028176001245,-0.016388122211241,-0.0024803895209771,-0.0191797750695075,-0.0688696674611404,0.079203076653761,0.0658948236862806,0.0445815562166272,-0.0219052945387298,-0.00439301369782991,-0.0135415209529411,0.214686339544669,0.184635560208571,0.162057676351839,0.129836786806581,0.109633686061452,0.070415464323138,0.043901606897845,0.0123425992592192,58083.3794465082
"248",-0.286607548379212,-0.181183392230659,-0.280870938286849,-0.137813206445538,0.00125112013478541,0.0309759306680273,0.0253888691165927,0.0160602521565766,0.355353195603815,0.351788846982313,0.256316875164515,0.300616764883716,0.455912572917032,0.659546192794626,0.831677180475123,0.958922319905014,0.678793384796285,0.663023527512516,0.773603631996344,0.703040837716295,0.516178995120579,0.320193112337988,0.156414040110815,0.0385276695461673,-0.0575207601178849,-0.064111448568115,-0.0515654969846808,-0.0547449406979263,-0.0453046446375041,-0.0220429379869671,-0.0168340873376804,-0.00277622414925475,0.0561699445824006,0.0145330083147128,0.0980548878658584,0.0805037112034641,0.0509611811369793,-0.00691088497203093,-0.0145576589790545,-0.0123887251191408,0.221397314423888,0.185112884115379,0.160445078049352,0.131298547105041,0.107806104407106,0.070411017700695,0.0442227643982115,0.0125889345960726,58078.8511264788
"249",-0.290778799499044,-0.126829787044502,-0.279738871456653,-0.13160013868437,-0.0323934285554957,0.0228680101156664,0.01110115111989,0.0190466004426381,0.153985640589053,0.288216800895379,0.318995459697481,0.279028174147089,0.504247944145559,0.670231063417755,0.826433133153127,0.957360777988202,0.883439739475034,0.713430652130238,0.716237480589534,0.725493307332724,0.478675405135885,0.311410870374761,0.163560633246145,0.0395863199465846,-0.0452082460246601,-0.0486491571169051,-0.0594389594132724,-0.058977606027022,-0.0465375782542632,-0.0238778436172811,-0.0160334413328661,-0.00202696035784826,0.0191827060178403,-0.035372006183119,0.0758331192449329,0.0647269641005665,0.0483539782249273,-0.00330609557378979,0.00695251797396775,-0.0163403079308421,0.222261639564804,0.183682116041083,0.164548604620752,0.131082003248559,0.108399170942156,0.0703282328982793,0.0441128051325087,0.0124580562464123,58088.1810781768
"250",-0.262282030119273,-0.17480729604858,-0.295877486104254,-0.168546119120852,-0.0149698668372054,0.0168425861147039,0.0141210590293177,0.0186303031841874,0.285807819668318,0.344111184021484,0.331768887264001,0.322471255483937,0.488655379572023,0.664814717958038,0.820788437814342,0.956919653261944,0.742005243642426,0.673168220012767,0.706280627161227,0.689353636379548,0.490079290275008,0.319099487303799,0.168339905323262,0.0398498932274034,-0.0317750861852434,-0.0573215927585664,-0.0687024912976424,-0.0564645649196447,-0.0486376652109217,-0.0245078734249447,-0.018038512761947,-0.00253928176159279,0.00523763562548469,-0.0204928795119742,0.104660724683733,0.0923068269175833,0.0435994717296243,0.0012278148488334,0.0101366909714408,-0.0131129237249946,0.216568907077759,0.185018829877981,0.1618210512776,0.130554620186087,0.109869500658122,0.0695017923551481,0.042675079635163,0.0127753630972722,58085.5940671223
"251",-0.299057085497435,-0.151437410412098,-0.303716488594186,-0.125430957441431,0.0156010172302837,0.0306302510646704,0.0148597364743937,0.0156793805789637,0.000488204601871825,0.304218003217846,0.324969555757127,0.287757875254993,0.453064884611133,0.672097144652862,0.822879940792123,0.957581305097681,1.03635809538858,0.707411959914054,0.711562751632735,0.713091646544304,0.519042755164509,0.308071363924762,0.167303462497813,0.0404222190440252,-0.0458370266002144,-0.0567575765569688,-0.0615192420526213,-0.0521864061430796,-0.0453092690348292,-0.021244417450388,-0.0173162473708445,-0.00270616095695861,0.0521155305814459,-0.0354206660773699,0.116014011521628,0.0721705712590861,0.017257603918648,-0.0152903310205135,0.00310996352597656,-0.0149958658888968,0.21766030744868,0.188507446747396,0.158745854823253,0.130946327881788,0.108416198302282,0.0698101024996202,0.0439550726522919,0.0127755040060706,58082.3781090346
"252",-0.266746104588822,-0.145635947867195,-0.272146979386455,-0.140494314995595,-0.0289982026348248,0.0405305920663697,0.0159635374440171,0.0156601609093347,1.00143748904641,0.260350214901467,0.343305120298048,0.300104244001389,0.475314904234784,0.66233108533234,0.827591986172297,0.958540383535751,0.0331635488494984,0.749154418909952,0.689050155360973,0.707337303864023,0.505132552857539,0.315973820457645,0.161767610973767,0.0392038289359888,-0.0461537115452264,-0.0565919966739358,-0.0612839814085355,-0.0617313829409157,-0.0383644900410117,-0.0200685690806369,-0.016812494197009,-0.00244728025339323,-0.0203876660772152,-0.0405611102683178,0.0703494629561855,0.0768441051395422,0.0563883538590182,-0.0257239159057523,0.0006913300742033,-0.0126512966162712,0.221504049761801,0.184893481863472,0.160236696920463,0.129056958582679,0.108414273108938,0.0699553649541469,0.0434157571848087,0.0125629221244233,58083.0467560057
"253",-0.242508516094375,-0.15725325295398,-0.296900147992052,-0.116900190730343,-0.00888380120119111,0.0299103747037447,0.0150479644964509,0.0182715349194939,0.950237544235951,0.29397246211554,0.316458095581322,0.279210132803257,0.482023704037952,0.657453844289786,0.823723393817835,0.956710660222744,0.0713961412235361,0.720216527930128,0.725359427565687,0.719667234193591,0.497041876453316,0.320963843844084,0.166370891395293,0.0401660224076189,-0.0439411454059571,-0.0573870865250372,-0.0620893131496443,-0.0495897086274156,-0.0525568931624694,-0.0213972829308119,-0.0172704630031729,-0.00289743498266736,0.0185896468581961,-0.0362042582146043,0.0789032382392059,0.0572318412601647,0.0321251028538456,0.00410780182824172,0.000521900526766611,-0.0120904964169302,0.218370062499716,0.186258470982501,0.16139309829998,0.13315548037837,0.107890714499827,0.0721051210147864,0.0431767382368837,0.0124043417533946,58084.4288216914
"254",-0.276027268190947,-0.207188429421552,-0.281979051269515,-0.184563168829276,0.00698554586831551,0.0224729011846179,0.016190750587684,0.0188002511720558,0.820959485413319,0.251433726319721,0.306954099004173,0.356695405654024,0.468933398500878,0.666332319036872,0.825021612342463,0.956445933440568,0.213759668827335,0.769985143722521,0.727920233682657,0.653824581675603,0.505590761172258,0.315728382941725,0.164519225706489,0.0402183826157089,-0.0344076467967349,-0.0544215795949907,-0.0696150098792884,-0.0543340142412005,-0.0459655143339035,-0.0259607727087034,-0.0148484988730919,-0.00193742269072366,-0.0071916993359902,0.0286609795003989,0.0981314240272728,0.121232465719542,0.025867018192823,-0.00217522698295887,-0.00214575235748506,-0.0142346669861629,0.217960145974459,0.184112196275191,0.161681590042557,0.132501968421918,0.108917732840721,0.0704949085994915,0.0441983479318526,0.0125925019041543,58079.5753739599
"255",-0.22818901858448,-0.132718796080381,-0.245432777394738,-0.146400066788596,-0.0134048790328549,0.0316478275411343,0.0182420210018122,0.0173838558631067,1.25453459547265,0.287498178148666,0.414880242926706,0.316944299030149,0.485342350778159,0.661205092204566,0.827550774155379,0.957650105467983,-0.224546365897717,0.7214306302246,0.612692857709484,0.690999038563043,0.493885820634199,0.316709123167446,0.161365318861782,0.0398239744884383,-0.0470049347397953,-0.0503088895818648,-0.0674545033642861,-0.0505169080092246,-0.0481886959067467,-0.0191159486740031,-0.0154746707550581,-0.00166977881778714,-0.0757787017903856,-0.0504700759223055,0.0581725764892691,0.0588649459177629,0.0353649535730691,-0.00582952639509437,-0.00370327966870778,-0.016614376848601,0.216280591075235,0.184133348226936,0.162600474617223,0.132557995524954,0.108335124039376,0.0696401748265866,0.04296680635208,0.0124231702490051,58078.3993054611
"256",-0.214033458876732,-0.167859632947862,-0.235905700692198,-0.163669818967199,-0.0108291173118415,0.0186626582480306,0.0112631639355118,0.0166201749886516,1.09741651788571,0.282070763780834,0.297009557767907,0.332229090015403,0.492135896126958,0.670499239940418,0.833936794996242,0.956789312038482,-0.0812105713895118,0.729383236220386,0.732374724659353,0.67785779267501,0.48514176849949,0.310719928361075,0.156092357671898,0.0406778656215418,-0.0374986132668413,-0.0508472467271578,-0.0680205641797398,-0.0567048475999172,-0.0458926013529586,-0.0234114349003364,-0.0189135272329675,-0.00296041962310134,-0.0289850213546565,0.000430119749095777,0.0301122103871873,0.0992010391868811,0.0384274617471783,0.00316224969239539,0.00831428551516257,-0.0121786032296236,0.217491626961388,0.185173812649251,0.163410216479358,0.131845696265936,0.109099301210542,0.0696442229438861,0.0432757977331259,0.0127579030171768,58081.0094338144
"257",-0.273796088865812,-0.152491125773466,-0.266641506858991,-0.151291985360847,-0.0199909481431306,0.0104879649471107,0.00987044855947983,0.0182570308202121,-0.000306204991009832,0.281646404604618,0.362748277840558,0.28331742582777,0.46610092547232,0.674257865635609,0.825963576362183,0.957600618338507,1.04020198730581,0.72610511531488,0.671417343817185,0.724882114173125,0.51256578287652,0.309143548986503,0.16622021929257,0.0397775322023773,-0.0487346802159494,-0.0567245360721384,-0.0669155776494323,-0.0509272787057876,-0.0480858721953389,-0.0233237439829695,-0.0185057635526689,-0.00256398830023968,-0.0332733894249393,-0.00941825061787705,0.0516913065302888,0.0672811497813628,0.0575370062835555,0.0174469292268874,0.00258173150781776,-0.0162581578911663,0.218145169316431,0.184569391038631,0.160429376719264,0.132747241127766,0.108086192105603,0.0693705870292964,0.043764945211749,0.012327598937663,58082.6813032819
"258",-0.304509438723846,-0.122435053148027,-0.24922977364047,-0.152399808201316,-0.0199253377255088,0.0193679234182354,0.0187080320378547,0.0170753152197628,2.31717548254771,0.366539834995753,0.3304973562429,0.305312565607207,0.480786180981123,0.674884728744839,0.826526652673699,0.957605895589339,-1.277268101126,0.637929155949196,0.697653002966306,0.702594355135831,0.498755698641175,0.307246725992355,0.163772582650755,0.0394365959170509,-0.0587534279915335,-0.0423682261772775,-0.066208705311927,-0.0541150303553816,-0.048060944318579,-0.0224703508274269,-0.0184957497137778,-0.00278016592618102,0.0520153503440902,-0.0644945575683582,0.0558603650069988,0.075049668258439,0.0457101430531811,-5.65554558422918e-05,-0.00528908059688666,-0.0126751860875277,0.214885944365761,0.184709400887325,0.160138298818906,0.132788279999499,0.108483474242055,0.0702726097528442,0.0435626091871887,0.0124450001682475,58082.47861525
"259",-0.217510397556578,-0.193993450463992,-0.277049210078936,-0.128771023210949,-0.0158135021195778,0.0197536169064398,0.0230784128293865,0.0168916595824815,-0.222069625591458,0.395818799226417,0.322926610466503,0.291738597173442,0.494907451152937,0.666906184827646,0.82536881655646,0.958097926773364,1.24685162762763,0.621559847129285,0.711563991662722,0.709476338713713,0.482814045585333,0.316393575179986,0.162075941140598,0.0392928455134714,-0.0503787951528061,-0.0474490287376778,-0.0609214890411908,-0.0564239201966407,-0.0442445865415037,-0.0210902047085105,-0.0168338374161032,-0.00199124686769737,-0.048724635403835,-0.00538221849174346,0.0799228953950206,0.0749673995157409,0.0433703099751318,-0.0107268529269455,-0.00122655256101237,-0.0145149502207882,0.213388259007141,0.184294789659862,0.161592025097668,0.132160423060611,0.110674569726931,0.0699547105151428,0.0436895027810496,0.012341442201639,58079.5092073157
"260",-0.257557118571673,-0.156061637070843,-0.292222523390232,-0.146966853414017,0.0110130397025529,0.0233800132607192,0.0211339885669414,0.0163780427577194,0.174447271439438,0.315773340353586,0.32134376419917,0.310910690010241,0.469836649167459,0.673676236907589,0.8212431265294,0.958439163184852,0.85579564178197,0.694896290144013,0.71470555332339,0.696829146111562,0.497740270756301,0.307812800552063,0.167383948054444,0.0384148127553937,-0.0346303358196691,-0.0472652218228065,-0.0625814760905575,-0.0470615688835407,-0.0429514246400408,-0.0219555874378594,-0.0175984049047812,-0.00191878680703579,-0.0317106912876974,-0.0271660936738544,0.0901401172121173,0.066766440517311,0.0474809714620768,-0.00878866431838137,-0.00487065662166349,-0.0114204258316877,0.216372513162828,0.184195876373531,0.158147293649097,0.129590627977403,0.107102531469387,0.0687995900558662,0.0436995077114039,0.0123907985772376,58076.5803469249
"261",-0.248469181866215,-0.176578269678851,-0.279761326065948,-0.131386084905468,-0.0142731638552392,0.0245510620980866,0.0189787507025466,0.017040099092111,-0.150114078786881,0.273270354536857,0.394303133055605,0.267479039570039,0.487944119448977,0.667623353855597,0.827064529183663,0.957805187095048,1.17564962386624,0.740070454826259,0.644046984836665,0.733524609004628,0.490339762485239,0.313183098961914,0.1621322080495,0.0395125232939252,-0.037064654647953,-0.0438415795284832,-0.0700538752660901,-0.0496897787237279,-0.0522271720456972,-0.0186015451962192,-0.0184564129279661,-0.00268759722117695,0.00314515778588255,-0.0162766651696072,0.0611675626151705,0.0756088878650673,0.0447430024448858,-0.00495182683410019,-0.000503822935358587,-0.0134955477866922,0.217694806609552,0.183513103251473,0.162387639086428,0.132145360211431,0.109078508491632,0.0702893445871794,0.0434454348158896,0.012317899036568,58086.6213114637
"262",-0.259846347700297,-0.142268674477154,-0.274729359644243,-0.162471053627109,-0.0133873942523893,0.0315841095058383,0.0116518542263779,0.0170653468951357,-0.811663856219891,0.320037141997327,0.248245169616491,0.325999282712266,0.494913828736269,0.66796653748718,0.828310394689537,0.95739060608058,1.84252519562236,0.691444225283189,0.782523534259332,0.685260877814211,0.482027196061701,0.312700234062667,0.161315544276587,0.0398663441497019,-0.0500241048888849,-0.0629148605940774,-0.0622007205946203,-0.063141702813523,-0.0477333638769261,-0.0204116698829267,-0.0183697790032542,-0.00294836505507107,-0.00960061884790646,-0.0579906614847542,0.0938998959218755,0.0883685113029054,0.0431754800965131,-0.0227235779967902,0.0106489643757654,-0.0125970719351146,0.220405785104387,0.184420756939448,0.158535230381092,0.131807773809337,0.10742786659022,0.0689906674000525,0.0438768820004245,0.0127736534572428,58082.9478268316
"263",-0.265101642675673,-0.141356682995633,-0.250671658627521,-0.133049568395645,0.00424269809500361,0.0255153560204973,0.015777944453412,0.0189674208082755,0.224444207017264,0.321878565261646,0.308244423752812,0.275839310570979,0.466946432208004,0.679549546172821,0.823262179034926,0.957342253312428,0.801262954643215,0.685985003625956,0.723358620190761,0.731991842671005,0.506804140509451,0.301031741641567,0.165133577039701,0.0398081902258697,-0.0424178330750509,-0.0550295783759376,-0.0607658115772221,-0.0616078442641906,-0.0508535959811727,-0.0211673030618851,-0.0165170554238418,-0.00288723524141554,0.0253814742968059,-0.0373572361479245,0.0335214918520433,0.0585848325767853,0.0395731053021364,-0.0103319988460638,0.0102045295822887,-0.0163930915902977,0.21620718451024,0.188259149687364,0.161744741350062,0.134851470269989,0.108698559012125,0.0697083465206502,0.0430197425823265,0.0123948572218728,58081.7227651579
"264",-0.299024992079303,-0.211131434008406,-0.274365631809461,-0.130681326964516,-0.0204543386515064,0.0380623647940192,0.00937615793870813,0.0161181875007822,2.41853532387281,0.31149405120377,0.229206547293413,0.286980800763476,0.469116120167444,0.663359489435021,0.830022960472181,0.958167172133537,-1.38557724438948,0.71871342363108,0.802303158007835,0.716850858904576,0.509727453228991,0.316044928633173,0.160446704015148,0.0393630847341467,-0.0382801030191849,-0.0608653659618805,-0.0640413695449988,-0.0584516044070665,-0.0475332133838038,-0.0205732667524835,-0.0187952218769926,-0.00279238915487119,0.0603481023996015,-0.0102054940601967,0.0907983364667876,0.0708677074266992,0.0554927068944685,-0.0230800511469875,0.00944118944597161,-0.0129904666901742,0.222234997500935,0.184494762741894,0.158370601898983,0.13122810104901,0.108308471200036,0.0702886837148435,0.0434283376226914,0.0125223126529015,58079.8299181498
"265",-0.286875371122495,-0.158628820239942,-0.250412775531971,-0.129813300085262,-0.0223078111436367,0.0178276336421544,0.0223765194123499,0.015049460521733,-0.269715414618484,0.300363770358992,0.330948434171676,0.321094640279823,0.492594283394359,0.672483143395777,0.822642209880205,0.958321901065837,1.2992472583748,0.715989082784601,0.699834729396129,0.681624372124566,0.488228697393929,0.310278937706177,0.165264314024507,0.0392527754924896,-0.0429524172706725,-0.0590211832887527,-0.0721698708411372,-0.0612407203639639,-0.0545373013484036,-0.0245363625303975,-0.0141635194428384,-0.0029826847821809,0.060386270110405,-0.0437971579076301,0.0542415097892518,0.0721639964891646,0.0528326890963639,0.00435235714053369,-0.0075656142753639,-0.0103595358988535,0.217175758751636,0.183701796656904,0.164520318317498,0.132027792535973,0.107697459642002,0.0703050465492124,0.0444703233137443,0.0126371559668373,58082.8310163954
"266",-0.235197603527765,-0.17526486679712,-0.255499061242186,-0.13109896851706,-0.0284488671842292,0.0249036906026283,0.0192883774869178,0.0189133525403023,-0.0238437246295355,0.29825969571655,0.319371783596483,0.289653853524379,0.485093371024361,0.671416369739904,0.822152210013242,0.958273088683305,1.04260739656379,0.719341904386734,0.713806577405596,0.713187737776119,0.497983024422236,0.308683455742536,0.167003932633503,0.0385706131144982,-0.0241182667672213,-0.0454474820916566,-0.0588568041192446,-0.0595504784216086,-0.0564664059284297,-0.0243496553470549,-0.0186675377180123,-0.00247375138533975,0.00879288444182204,-0.0413077724644649,0.0406983484403796,0.0837007857985226,0.0507064544079231,0.0038607338171236,-0.00466523012852156,-0.0160380825524488,0.217936245478907,0.183449949436729,0.160471294512301,0.133289341111936,0.109114786225959,0.0700627970016564,0.0440883061114912,0.0124639065103144,58075.0839810838
"267",-0.291720246459455,-0.18583296457729,-0.275645771844107,-0.135136752099865,-0.0204815623947732,0.0220154501069418,0.0161737128871011,0.0182637320730618,-0.472183294937472,0.254302712111631,0.421628029441084,0.295461924447242,0.486252496243864,0.659618970070092,0.819317645705776,0.957089479601286,1.51041236593549,0.761969843588042,0.615673573254466,0.710397164682136,0.493750358499503,0.321421982248114,0.169501052680126,0.0402030107075897,-0.0463890944059258,-0.045802624882361,-0.0665691923703332,-0.0607200621135773,-0.0484209028258785,-0.0225993973624393,-0.0163096777241748,-0.00245282636574298,0.0181699576562687,-0.00182221933346402,0.0672751627995941,0.0574344443387166,0.0488421150725368,0.00828883740292865,0.00826127381630921,-0.0157942751785474,0.216716892433852,0.181985250264088,0.159879514684555,0.129118359912699,0.108836942699176,0.070069401986523,0.044703428233831,0.0124368116806418,58078.7658294118
"268",-0.244108461617888,-0.157194459324166,-0.297796514014302,-0.137584769607515,-0.0122990264617051,0.0148846752721122,0.00975787378550623,0.0199080582588194,-0.0447269416431485,0.297176307906763,0.331068575254521,0.249947840334655,0.490230420497742,0.66789042586372,0.831890138984065,0.957265410270665,1.07239916017673,0.711858462909937,0.706942684650112,0.755671369686523,0.489465921600103,0.316283584866683,0.15976205985199,0.0394017830328355,-0.0477004361987264,-0.0573484468563997,-0.0737324281924996,-0.0594058179977738,-0.0514536339677958,-0.0243715206577442,-0.0191024026666588,-0.00230224704992491,-0.0254384063418711,-0.00154510311949252,0.115486337535812,0.0790009745321558,0.039296420100013,-0.00137490492838098,0.00333985052771824,-0.0170344739355209,0.220190405651804,0.186253385276727,0.159304237755592,0.133731157921366,0.109909100984699,0.0694470990800166,0.0436548398839976,0.0127572317825624,58083.0321735688
"269",-0.229244601389723,-0.162760013207832,-0.301648384119302,-0.140395287974402,-0.00953833991931477,0.0261831429924427,0.0286854509973931,0.0159536734996308,-0.0682052097632012,0.215348523287275,0.32020909142169,0.285209548926031,0.489896352469685,0.653846007684005,0.826272270423071,0.958789623136982,1.08711707612951,0.797002735637637,0.720009716084152,0.723027563186236,0.490066278765747,0.325884491482583,0.161904098511205,0.0387949421197917,-0.0407452161427856,-0.0526544892773912,-0.0706643531554129,-0.0579108951999363,-0.0545505387925408,-0.0213268859705385,-0.0175970546450785,-0.00241302835754307,0.00302398915475745,-0.0181289160379916,0.109609252547971,0.0667972221365958,0.0231170962062901,-0.000402986351194482,-0.0195946929485511,-0.0131142844634889,0.219241283438991,0.183547606026164,0.156180499274946,0.133276378446092,0.10828917511884,0.0705010542374891,0.0436290554744746,0.012732485688681,58077.8186673179
"270",-0.241217068425655,-0.165104358796586,-0.283992708391359,-0.161392390336546,-0.0223210106223175,0.0241193477546118,0.0213701996726951,0.0180187448877561,0.418975640124164,0.280631469136886,0.332554144645535,0.319215260224314,0.479413830810334,0.67555488588506,0.825568574988006,0.955286113683908,0.600806103578473,0.731393835486703,0.703692593441494,0.691514664518058,0.501335032722167,0.305239432425531,0.162788348639513,0.0416276240992058,-0.0313332008012977,-0.0565357795161123,-0.0698657763717665,-0.0557044152948274,-0.0489486943058067,-0.0225974245731688,-0.0180323113253082,-0.00231019131152565,0.00725112284621131,-0.0195442657312296,0.0867913291656325,0.0843900465902903,0.0482102045071785,-0.00273875624340127,-0.00157961726036118,-0.0128947634254392,0.22184281997531,0.182918115801396,0.160456322689008,0.131142032423701,0.105871466486077,0.0704241441592765,0.0432942747243251,0.0123617690722968,58085.8861462539
"271",-0.231054605208955,-0.151099988441908,-0.271583407060397,-0.152818442003843,-0.0163513745882493,0.0253974190024836,0.0272623243405367,0.0162749052872884,-0.790240564019901,0.281452107887441,0.350780743216936,0.296460211585397,0.472417944200344,0.666142139684342,0.826356228294953,0.958655509670826,1.81030030925532,0.727487576091951,0.68735988306864,0.710032296674154,0.504936320784582,0.313087914585957,0.160807121079196,0.0389479507384698,-0.0376011684939854,-0.0517032549359853,-0.0576863054493512,-0.0509863106292703,-0.0508895085330505,-0.0226300390269991,-0.0177874038705202,-0.0028598504326505,-0.00677544165593541,-0.0241311256861057,0.0387956150529875,0.0957087044532117,0.0598481838869601,0.00523992757694644,-0.011793220381596,-0.0136782454681097,0.218571423471627,0.183437685123153,0.158959454062998,0.13171357524639,0.106463084338336,0.0683604703371246,0.0431757676690918,0.0123504036692265,58080.1879079412
"272",-0.282872407369752,-0.144755348545374,-0.264107229304007,-0.107124481890584,-0.0104237055037077,0.0209182051553952,0.0186962609709646,0.0168072429114844,0.019230399154676,0.380387172029164,0.363738330340562,0.277128968453854,0.471597782694336,0.669526810302591,0.824140808729577,0.957611128987753,1.01078736064564,0.63112018375111,0.666710054971637,0.721926722059205,0.50416395239897,0.313599903097669,0.163828167881387,0.03979611841984,-0.0410187330700685,-0.0522212979907141,-0.0553582457873122,-0.0557931074807611,-0.046154142670423,-0.0261573277653089,-0.0150091028155249,-0.00273369870231444,0.0445688082617908,-0.0650104264936044,0.0567284446769712,0.0406572087471969,0.0501727048945183,-0.00425394227754724,0.00533748803709875,-0.0135804524925727,0.217044872562078,0.182678542986039,0.155182856388286,0.130564072477017,0.106585806323529,0.0701948236670824,0.0438069358672834,0.0126891445724294,58081.6431720392
"273",-0.289826989164182,-0.117504687536737,-0.280930744092811,-0.158122533863789,0.00377607144338943,0.0200662105999426,0.0162389358409756,0.0155522183400622,0.92951354533703,0.219243204383613,0.249405962653681,0.306269020753988,0.46097401608213,0.671337864800476,0.822840955528997,0.958136346295573,0.110804818886101,0.782880729864164,0.782406271168538,0.701514642354228,0.511381354260923,0.310280233361809,0.166042587971682,0.0393307589750627,-0.0463476904527701,-0.0420743272458859,-0.0533770531129226,-0.0563207888602044,-0.0513520979342217,-0.0203006287677622,-0.0174564516520562,-0.00218827361409108,0.0134975633505882,-0.0737135821213972,0.0852689029069508,0.0962265709146674,0.050868282681108,-0.00332264697557793,0.00530197800900906,-0.0118568502000777,0.218948140681581,0.181184777041996,0.158722269099353,0.132254559806087,0.109556795405927,0.068868257420487,0.0431774964482856,0.0125183224612755,58078.853277946
"274",-0.251714303270826,-0.141743127941685,-0.28926488174735,-0.133195656106279,0.00749295829877458,0.0318873163109261,0.0241148964906862,0.0184607453028859,-0.190596750409032,0.345925434991826,0.294230482529154,0.293961771547439,0.475684260434209,0.656429373340258,0.829091250489606,0.956048739005878,1.21680748081352,0.662718246129971,0.737921557528984,0.709660820678075,0.500161412035105,0.325266687072718,0.159698432196743,0.0411212111154274,-0.0506334861709999,-0.0511862957772983,-0.0633680615396986,-0.0499552110850069,-0.0427229859327314,-0.0220935284411248,-0.016330638557527,-0.00225783602392285,0.0159170540439731,-0.0463926144998823,0.111380642342633,0.0589510902306575,0.00417489524045531,-0.0184751319964424,-0.0154057912144293,-0.0151534683275939,0.216639861389725,0.185103886213821,0.157754650532909,0.133587049831671,0.108034497016465,0.0705274780075613,0.0438032792116273,0.0127980783583534,58081.9643871443
"275",-0.306491159893723,-0.171086560288707,-0.277259100119834,-0.149699156388235,0.000880459347250282,0.0178974425222705,0.0251698709329471,0.0199010226499129,-0.264488830790845,0.25144755361909,0.325080958775809,0.274733412424902,0.468266386221192,0.673376461019744,0.820246824980016,0.955482984866674,1.31053312529659,0.766069355206227,0.709234181475532,0.732748504356442,0.50691597932932,0.307468388385959,0.167954470081805,0.0412794270013735,-0.0499440660568009,-0.0640441372488157,-0.0601451011435583,-0.0508922760336577,-0.0438817811926322,-0.0214226099321444,-0.0184763485460755,-0.00177124780701988,0.00691088489522975,-0.0155532206306381,0.0751777002154608,0.0729913221905867,0.0218606587194021,0.00968977725039575,-0.0073048220429984,-0.0167808249354705,0.220861072487371,0.185405742141069,0.164197873416259,0.130801759896662,0.107639152685499,0.0696263589077495,0.0435312119398748,0.0127353171566004,58080.6015249322
"276",-0.211609473133534,-0.147073358413348,-0.278949993708121,-0.162468609690111,-0.012796090716238,0.0216597537812057,0.00764712745242634,0.0184719347429003,-0.116350799967384,0.267611296555464,0.326002035657961,0.343557474903833,0.469944872619744,0.676244068803919,0.828709518042662,0.958231710486506,1.13661462930302,0.737984104566124,0.707248729837677,0.666683353892924,0.507919651589702,0.307537010580626,0.162623719059122,0.0388436087286759,-0.0417475441761891,-0.0530006544644204,-0.0659142050972734,-0.0669635070340923,-0.046605972802314,-0.02657748016912,-0.0171681831364266,-0.00256412785597763,-0.0466197262804859,-0.0095133288603348,0.0815431385950044,0.0950135747853513,0.0394199855700845,-0.00793748875487993,0.00528767034174487,-0.0153921048673293,0.218499479275473,0.18356809347606,0.160964598956473,0.129375982737508,0.106530241537125,0.0723599456565097,0.0436617682761233,0.0127070043758178,58078.8277064507
"277",-0.266501546300544,-0.172199977097976,-0.28983540979745,-0.146343027930677,-0.0284751904286245,0.0262467093888168,0.0224427840793183,0.0162593170338866,1.22577108991406,0.246638819266995,0.383905426939314,0.297106065842743,0.500912578424674,0.667778323698697,0.826884431980335,0.957501178475376,-0.189144720193616,0.770020719823133,0.654298977215736,0.711068927796532,0.476860366291303,0.314012603879892,0.163596256345532,0.0400178355455107,-0.0306084333309733,-0.0519310147505534,-0.0694126068437405,-0.0610741563880754,-0.0483850921261922,-0.0234071687247862,-0.0191595013447348,-0.0023728574970483,-0.0479561527510751,-0.0131327091653848,0.0875880992133488,0.0830431996115199,0.0691986817934152,-0.00931423878986387,-0.0180489675607669,-0.0125385874058375,0.220072988362677,0.180857541972763,0.16109833415631,0.131936790395041,0.108249221408572,0.07027652154397,0.0437251025267889,0.0126156671830891,58080.5343130239
"278",-0.230482679273378,-0.176797915183556,-0.28688776112687,-0.147059276091625,-0.0141125018533778,0.0291103340773525,0.0192276303786766,0.0187176779111666,2.77485370557971,0.34206863471738,0.326042970423631,0.291969293676886,0.487761008078496,0.666974926538231,0.825193022123464,0.957938328402026,-1.75135098235251,0.672172910407776,0.714313237427099,0.715302730961336,0.489694680568273,0.315011285178071,0.164318901310193,0.0391329232970291,-0.0361076870739679,-0.0451097421282253,-0.07159443174922,-0.0602668046596563,-0.0440108092805603,-0.0278690832938258,-0.0211264704731159,-0.00291793711013856,-0.0409775837990799,-0.00602723816302674,0.0757924640871144,0.0835365213893231,0.0348241147059895,-0.0130771369715809,0.00105651952786212,-0.0153421661942428,0.220846850996209,0.182961381401872,0.162304823694552,0.131028346174467,0.109965653448418,0.0690946430763321,0.0440578789737841,0.012414139924871,58078.868171375
"279",-0.268219381422347,-0.157401451764515,-0.275172359201524,-0.129578161204914,-0.0118198570633936,0.0298124211646531,0.0101908043793626,0.0196256340068974,0.514459368140464,0.299606205448215,0.401560986065021,0.310639291694678,0.480182350261992,0.669174939025755,0.829940263506201,0.957316350419037,0.517023594350313,0.709128915539401,0.630973810652299,0.692582248464255,0.500424820005998,0.312095203413977,0.161327924243032,0.0390028396209535,-0.0505434152569754,-0.0511073564828369,-0.0613650686639812,-0.0549454385805384,-0.0484255296358476,-0.0271202914146089,-0.017855131344068,-0.00226316943660815,0.0108088268157515,-0.0125469463521868,0.0846648915540831,0.0697557591002005,0.0243296312196728,-0.00683208976814838,0.00260239231641151,-0.0142441386470586,0.218159991273589,0.188521690154581,0.15983913132509,0.132493109810704,0.108290091722028,0.0698655911142103,0.0439768385577831,0.0124609153266525,58084.6212838377
"280",-0.292632978730805,-0.191117583581469,-0.26064337777756,-0.136192655536807,-0.00191066408420808,0.0326202386400601,0.0181935008625576,0.0160872162966996,-0.420275428724818,0.271255687487809,0.316815200212917,0.315301077556085,0.476818236554979,0.670176996093267,0.81793721152725,0.958721533705661,1.45602276666514,0.749080734506447,0.714443105504866,0.686326684283107,0.498823910301341,0.31196119154495,0.170012208370367,0.0386426907240381,-0.048164022196777,-0.0517582132346956,-0.0721609065240784,-0.0590851999067145,-0.0479781627657595,-0.0260708420691305,-0.0133722082718193,-0.00203004569097156,0.04373021998491,-0.0110941296767604,0.0648995049423051,0.0924338341047767,0.0325935989451943,-0.0244410832959022,0.00282332358005409,-0.0125170299168121,0.219314776120408,0.182185852120905,0.157848888744285,0.131290459430248,0.107685127858669,0.0699768348558478,0.0432493252610271,0.0125925277610867,58083.1864563118
"281",-0.258817424334361,-0.139275176504369,-0.271194128381832,-0.156166621635237,-0.017730755415354,0.0259409099540564,0.0143584658733298,0.0177269752648579,2.51215281498937,0.276515050105197,0.312597004617727,0.308244077079142,0.478305694536067,0.665905656533397,0.830853908034808,0.957928887574006,-1.49356630896389,0.728841902141035,0.719989842991868,0.701139791768749,0.499962005515578,0.31513810003301,0.158926070970956,0.0390199905222813,-0.0423891439731314,-0.0536716222390321,-0.0674928564793189,-0.0670273389278587,-0.0456122094770282,-0.0226370756534606,-0.0171818434393561,-0.00291171335264032,0.0621346988983665,-0.0236892344439119,0.0873531812624186,0.0926751837239076,0.0461704829392869,-0.000335038331369411,-0.000385874459614455,-0.0129441637091564,0.217398852370797,0.181451865879983,0.160465150796805,0.13137812622876,0.107178505718763,0.0703386522760176,0.0434723076134851,0.0124056335603121,58081.6830000659
"282",-0.244791683315876,-0.166957348248626,-0.275978132493869,-0.156007789849109,-0.0150167491596655,0.0370944833950246,0.0214153253114061,0.0184555735474899,-0.326290622343557,0.317846588782677,0.309239791236346,0.335193028888038,0.473157250931097,0.674947347777979,0.826042581565928,0.958597312469208,1.35595780966781,0.696085591992798,0.726048286619335,0.675786212099192,0.504854241036555,0.304979432855701,0.162561772323248,0.0384139410929157,-0.0551208569304105,-0.0420342857136398,-0.0641611061946938,-0.056774012895619,-0.039788647427485,-0.0257396562825398,-0.0166777144711969,-0.00294457366007948,-0.012945077438979,-0.0196039777340601,0.0698399965062011,0.0747858498126537,0.0372622648047451,-0.0214110844904563,-0.00651761661742098,-0.0148101177355735,0.221662165946338,0.184020382774326,0.157711232452847,0.133398035749728,0.108885575723374,0.0705816861323769,0.0435941178655221,0.0125517242726128,58084.513490685
"283",-0.285502686298957,-0.161692328128782,-0.24933692762232,-0.179999867384008,0.00302104866796989,0.0230783849944147,0.00935599008303864,0.0181220425807743,1.30023018640381,0.324389390114119,0.300837188973803,0.300103841945902,0.454984322182226,0.654524347843241,0.826349215493971,0.957215890562299,-0.271838899282548,0.688042797638439,0.730159672660317,0.714827215656843,0.51879717428758,0.325059689046425,0.164850148860856,0.0396475540556507,-0.0430452243804866,-0.0577238287712545,-0.0633377987198818,-0.0566644212290729,-0.0469277116042322,-0.0242552104946967,-0.0190089402392722,-0.00194774772560983,0.0590944989965441,-0.0160673115920722,0.0364955003415139,0.103545173270778,0.0322254373899697,0.0173893891418416,0.00919892239334921,-0.0146209426037912,0.217310388480229,0.182424657703479,0.158157297232596,0.131044229183193,0.109178600494137,0.0700901517357779,0.0436363403172567,0.0126568124259409,58081.6542240656
"284",-0.232175770295531,-0.152114824457938,-0.28740639171742,-0.123805040818,-0.0376944920554459,0.0310021829039065,0.0188720804815103,0.0197968139963745,0.61197820883909,0.256733562695645,0.322122305367171,0.256070717117929,0.475977672431178,0.66592405606712,0.827815546449983,0.954860385768772,0.412715733450586,0.756856044259756,0.712449216012387,0.739533982756078,0.508116769241398,0.313890009165721,0.162570719591827,0.0416937954626409,-0.045297939264179,-0.048827607558184,-0.0646102423218819,-0.0548978733420127,-0.0419086763147072,-0.0210729849339249,-0.0189509777687716,-0.00203730015103878,-0.0195502772153156,-0.0468414052500515,0.105051562532839,0.109010847690775,0.052055144857594,-0.00937059604754051,-0.00813978636316997,-0.0145062462626622,0.213410500052794,0.187822536876229,0.156837333788775,0.13044975159121,0.108562341113171,0.0698438197356475,0.0434045546553034,0.0124243777874249,58076.177245336
"285",-0.253146993410961,-0.176283681141233,-0.297969572198399,-0.140476504979498,-0.0102909423692428,0.041948626679499,0.0219036820379166,0.0193781466284531,-0.473862290291254,0.229137344423322,0.305319185240172,0.30596767776809,0.482116681832208,0.657628249203965,0.823111978778209,0.95673538582465,1.50005219564973,0.785936068506454,0.734203098001572,0.70139752679736,0.493986673336622,0.320112134582173,0.165655291198347,0.0400862743728676,-0.0440512582621487,-0.0572352835587416,-0.0704675963896414,-0.0538303501769786,-0.0472714189782997,-0.0230003860680304,-0.0189924365409729,-0.00269146146781026,0.00932953404628992,0.00286530364674852,0.096410501006732,0.0667356850285186,0.0422782380634878,-0.0146831779187802,-0.00426702307111084,-0.0145459494988151,0.216602522609923,0.185249654873473,0.159181038175157,0.130348378603006,0.110235367919351,0.0704791911624092,0.0438862469980022,0.0126535089882678,58086.2389017957
"286",-0.236199664515976,-0.179035588522347,-0.315966166839282,-0.132588371668473,-0.00524556242846236,0.0378087534242768,0.0295050666149341,0.0176856524816935,0.793296462929938,0.351041966232268,0.274289677424637,0.306845404387933,0.486593493247935,0.658716817047013,0.821875533870444,0.956125235592508,0.230546950473413,0.66875792818408,0.769646892274763,0.695010316553265,0.491540517656315,0.31905952895667,0.16453969633136,0.0411037330400977,-0.0446983300174942,-0.0625843263439377,-0.0680997237712333,-0.0592045945900181,-0.0487791770571523,-0.0234840819903836,-0.0151861257852113,-0.00166344180976347,0.00167081382186186,-0.0259729163601851,0.112824147358027,0.0829644096634707,0.0210347163846497,-0.00980791532226156,-0.0118221272668518,-0.0138010034986466,0.219759379931644,0.185243379852411,0.160229325421076,0.134313630704383,0.110579216420831,0.0698488733247011,0.0427098546971644,0.0124454751534744,58076.0579361757
"287",-0.25300344901204,-0.13186048690241,-0.289043942112143,-0.121412748961913,-0.00648178819597183,0.0355137259838869,0.0232814669052377,0.0197009224609823,0.786709609654331,0.215878162192384,0.335886176607259,0.291302956180636,0.4875175111827,0.671016523585018,0.825547184707685,0.956217806959402,0.241434778719425,0.795535635109425,0.698671223297431,0.70704172472259,0.488350918625202,0.308876484525626,0.161247326258583,0.0405157566723595,-0.0373753092071582,-0.0587239578026601,-0.0670637209111549,-0.0511091893728742,-0.0448835465277403,-0.0256108012094493,-0.0160120800706409,-0.00203726583849365,-0.0139411386457268,-0.0641489932981666,0.112624387172074,0.0783429344315164,0.0353024335609903,-0.0171930767642925,0.00262212462878095,-0.016100907370402,0.215999469733581,0.184814251384724,0.15878824961696,0.130988793101142,0.108246232380597,0.0695556726669661,0.0437253256628527,0.0127756442218758,58084.3414499183
"288",-0.255570464371158,-0.158748459501753,-0.267904451931503,-0.138042177536944,-0.0251344225998137,0.00995723765468885,0.0175997636644854,0.0173120381537685,0.136133805935237,0.358886147404072,0.331894433849842,0.302347553018093,0.477165462500926,0.678843844671545,0.820922898885472,0.958699912384524,0.891552579308561,0.64875463036134,0.699336006538922,0.698313642518587,0.502918655817242,0.306448064870377,0.167967640004162,0.0384550740243397,-0.045429408703349,-0.0401149906907665,-0.0655724236327798,-0.0536936156704686,-0.0492243285122886,-0.0226648083432577,-0.0153268471601981,-0.00273065468581211,-0.00524329099280463,-0.0107838943187677,0.0939317103975359,0.101815096190568,0.0595481170459889,-0.00380786400754995,-0.000827549721648739,-0.0129652264317272,0.215104366444188,0.185556544253829,0.15805032301787,0.131833415894676,0.108785876967982,0.0720108422444916,0.0433929076443352,0.0125693846365731,58079.3969406759
"289",-0.275150312802781,-0.128083793852399,-0.268270614486318,-0.148024956710735,-0.0116807380611039,0.0344765616723488,0.0165761251225572,0.0185562614847807,-0.184111052480253,0.290696718146861,0.299792410187608,0.314258060476206,0.466980567613769,0.664953984366214,0.82305385349864,0.957761300729165,1.21751127155559,0.71566758915398,0.730961474696649,0.693817389887901,0.510239589597736,0.31220951286632,0.167417181421611,0.0390338232314084,-0.03983814354172,-0.0464503039378424,-0.059878643572998,-0.0575795786079255,-0.0430901161229735,-0.0218568559921171,-0.017126017674609,-0.00225304167962198,0.0128989442743085,-0.0472630624342547,0.070028485047805,0.0691097298752121,0.0389118018055729,-0.0055428826028389,-0.00595392490129071,-0.0141724475071018,0.215601376688781,0.185613206768847,0.160405577232932,0.129257878628688,0.105470781732243,0.0702258131679658,0.0436006833700458,0.0125879576327245,58085.2771430099
"290",-0.236979912051543,-0.170629734411047,-0.247879530226236,-0.127003490648751,-0.0145843403046507,0.0327667517262533,0.0195438138765937,0.0180142038466404,-0.197698984684672,0.296003114084425,0.355977503528216,0.27753909165314,0.48128082680433,0.678228996043071,0.826193012445219,0.956499208430284,1.22472522505396,0.717477607828355,0.675450157092192,0.724162751189543,0.498933573057175,0.302587916839395,0.162797714342675,0.040346182935309,-0.045785634994959,-0.0575968263572648,-0.0677938593675989,-0.054068556566073,-0.0493598563458581,-0.0223508695772331,-0.0174675049713091,-0.00264674398890575,-0.0228197530316989,0.0108071257835719,0.0371556211809586,0.0693464833477514,0.029302509921699,-0.0189756975189672,-0.0041205416595525,-0.0120684765301425,0.220357785870705,0.183181486986238,0.158526727788802,0.134681121394736,0.106142076712419,0.0708930750531938,0.0433511956043395,0.0125663031297056,58085.6415018769
"291",-0.232175273471577,-0.158581499192381,-0.282613816811293,-0.132470156792417,-0.0235429098000996,0.0264152502542552,0.0117231779873618,0.0165949718966732,-0.118349557838798,0.325213255832127,0.271830238740972,0.299819074284345,0.48929322954241,0.662832746894994,0.828391647430918,0.957311584614116,1.14214571057368,0.690624845301964,0.762891520814984,0.704935359609584,0.488447912720946,0.319281696410473,0.161971903535718,0.0401963354321896,-0.0418015447103144,-0.0448616434928092,-0.0694031674117204,-0.0617539569053497,-0.0520080129550012,-0.0236723682710855,-0.0196552236293987,-0.0031333672897115,-0.0252239445916804,-0.0466068573656845,0.0942198860655476,0.0675422323628091,0.074245864605709,-0.0126732981229179,0.00748671639140703,-0.0120987117258852,0.218474637829481,0.1858186504527,0.157602640853155,0.131257231292626,0.109828002657303,0.0700796438546295,0.0433584120430885,0.0126461647255503,58086.6368386736
"292",-0.275423853821143,-0.143928579693851,-0.288544242806293,-0.125205410329373,0.0126511130132459,0.0254200540609473,0.00848572603876716,0.0163752790043938,0.142550017177824,0.317747700861995,0.418710401801668,0.268595273796808,0.46344228020888,0.673343951170993,0.831604591897108,0.957943624892752,0.891203892828809,0.686255314407451,0.621263511496084,0.732731512376831,0.510408520393517,0.309072077430051,0.159811268116019,0.0391217168233062,-0.0366347030687778,-0.0446686046907203,-0.0585340346724719,-0.0528425345074962,-0.0485707174201504,-0.0247207428201051,-0.0178885511591535,-0.00119601170980091,-0.00708243994787467,-0.0105561556852555,0.0623930451616417,0.0703719372273797,0.0107762345381061,-0.0131804418448835,0.00527562002958614,-0.0131849078899052,0.217925866163451,0.185900667727928,0.159588425938761,0.134775113741041,0.108941855892434,0.0701406947143769,0.0436367610332357,0.0122509664208676,58075.9986583291
"293",-0.282853226988262,-0.153774701568797,-0.266445417643061,-0.135496429579127,-0.0166779161325805,0.0234345042025048,0.00898898926110227,0.0195521079969599,-0.616546351415042,0.362626323067895,0.311333412908446,0.265673651312555,0.490667098473861,0.653865879308484,0.829207664741675,0.957679567390913,1.65235661693646,0.65153323566176,0.722723635531975,0.738650954691802,0.490019054163719,0.327541351507793,0.160705492787746,0.0390611508981372,-0.0495305567771095,-0.0464926528223726,-0.0658438115798874,-0.0525941858644605,-0.0537145113265735,-0.0209740432603292,-0.0179033101829612,-0.00233033461426201,0.0215005068465337,-0.0636073567313666,0.0520573965362319,0.0563078509326567,0.0397369350245809,0.000804706916642768,0.013264406810432,-0.0167366006806407,0.218800925694035,0.189242634597412,0.159322762206794,0.13076379744942,0.107560355907407,0.0702239306848656,0.0436527679818187,0.0124076234006104,58080.6823835062
"294",-0.242786951795005,-0.144453888748925,-0.286837759109694,-0.12920697811504,-0.00970893471199049,0.0170761176182584,0.0138717443715862,0.0188382692580055,1.50665375166515,0.29672381427795,0.389558107223107,0.308909727547765,0.469102451935911,0.671612108842842,0.823273341808734,0.956794948904954,-0.488510548366027,0.710035875871861,0.648268290704731,0.695064522807075,0.508463308277611,0.314603030862209,0.166656303089813,0.0399649458662432,-0.0423125393437222,-0.0594736394918998,-0.065548388008093,-0.0525675205768606,-0.0486062252163614,-0.027727220265027,-0.0165202366003952,-0.0029424765126014,0.0252496277138659,-0.0110065462115829,0.0803626471320224,0.0570480127253543,0.0402942845088143,-0.0125425803588446,0.00745229431870623,-0.0140972335379088,0.217343743506191,0.182602461464839,0.158642700359306,0.130769431759247,0.107258317247941,0.0698983395819535,0.0436095994595956,0.0127556523287294,58079.6444347296
"295",-0.231473385858982,-0.206483752561854,-0.268574503842496,-0.153157867836506,0.000327860925801823,0.0322793729964913,0.0165139115746418,0.016413655430733,-0.00244730103355328,0.284222939260534,0.3153284070995,0.294220128840186,0.449689667834471,0.665124317253087,0.824378784046797,0.956679177932003,1.03055095237432,0.73984378485987,0.717552737599039,0.713073797853866,0.524086312346312,0.316202602966604,0.163593530750822,0.0407115269869595,-0.0496248629982432,-0.0571463535790588,-0.070225454108134,-0.0573111367651058,-0.0476179739707859,-0.0252442449102876,-0.0154297055340109,-0.00262966452723639,-0.0361760831918001,0.0110173009012985,0.0691814513158793,0.0950753201016122,0.0362846370331616,-0.0173781314106925,0.00863381269019541,-0.0112810813088722,0.216998274640759,0.189379435708058,0.161102458395725,0.132112451580521,0.110133079487495,0.0695759508888942,0.0440754751841608,0.0125289686636954,58083.4663239627
"296",-0.292035865240382,-0.123780362325374,-0.298280835863413,-0.14515571788771,0.00784691707100235,0.0262218073392081,0.0195204765728869,0.017890183756247,-0.546594244738829,0.320197711165216,0.303197602174962,0.309878932477829,0.473973233159917,0.657690039343329,0.830110541043261,0.956927866385259,1.58542723575546,0.685716833108693,0.737697602334811,0.693822621082741,0.499040181834525,0.323958368100256,0.160107411598703,0.0399186791381486,-0.036837917632181,-0.0588620882548186,-0.0742084164053719,-0.0532880446460421,-0.0436584897242424,-0.0202360054232727,-0.0205469770913076,-0.00210199916446363,-0.00413245046275878,-0.0502734235817938,0.0895234409945686,0.0880094428570591,0.0244324879211279,-0.0160594975116432,-0.00975816909388856,-0.0131260517340767,0.21816244849536,0.188104065299464,0.16062166082391,0.130626766398201,0.109894155577521,0.0701582805874396,0.0431941510586874,0.0123627291426707,58078.9184098579
"297",-0.244560833358714,-0.126574104981673,-0.264786881648711,-0.136331513588371,-0.0188320049837609,0.0212139410011702,0.0163323677809676,0.0165374075232807,0.0644683314896243,0.362191019458839,0.229648334372945,0.299611572983508,0.46935265239228,0.663658455540661,0.823167206566916,0.958058831529561,0.963620430108256,0.64699672939632,0.804190678123771,0.705212921684241,0.511083067383845,0.31748284188425,0.166914813926177,0.0392923975502679,-0.0436862885488524,-0.0652162056395579,-0.0709150667398927,-0.0591465151403648,-0.0546517370374121,-0.022723469798455,-0.0152706268504352,-0.00273151948094881,-0.0160941391897186,-0.0581721155738437,0.0574523796088207,0.0703351622577203,0.0515710225811645,0.00671424790445528,-0.004106351439107,-0.011644670361855,0.21856569251819,0.181440068872302,0.160365908726037,0.129588813654925,0.108420279741838,0.0689869243985472,0.0437831248920538,0.0128521119654856,58078.9130078488
"298",-0.248514087081503,-0.159070723401483,-0.275614466519182,-0.136827186726151,0.000351714318571482,0.0225077700023522,0.0120176013655059,0.018454539931744,0.780126144560285,0.284054795569161,0.267463519850939,0.299151024872024,0.482216255873364,0.662193134594701,0.822125827245008,0.95573654797792,0.254001306641164,0.730758115420001,0.763469469041505,0.706064835958379,0.492564813745833,0.318337475468657,0.168460489218195,0.0411275272437198,-0.0514423129524478,-0.0473675969881825,-0.073460586170877,-0.05420991767078,-0.0440998156171958,-0.0227602811088556,-0.016668560130151,-0.0024266682303601,-0.0532672269665081,-0.0359424030296096,0.096832517482681,0.0697086837469752,0.0236214939402792,0.00917000679971474,0.00376784019977596,-0.0130550690188015,0.216822527241011,0.184996052472221,0.161592805239633,0.13382725751944,0.10768942080776,0.0699162489099514,0.0436814592658012,0.0123786329697193,58084.6302145416
"299",-0.281159351437673,-0.184923491256085,-0.259777847171051,-0.129482785793713,-0.0185735161792128,0.0174149143039804,0.0111911886390717,0.0182512182756904,-0.0625744930517498,0.300541199121018,0.326083813179684,0.294982068648848,0.463858101033489,0.667856951473702,0.828816528786352,0.95595852316816,1.09843709251284,0.718520562637461,0.703669175835623,0.706281979263811,0.516113237378185,0.315184442971582,0.160627158198603,0.0412335719047454,-0.0348391153567247,-0.0638862979866496,-0.0660995213804739,-0.0570653767958852,-0.0535706127601125,-0.0233652360794315,-0.0181032448295794,-0.00141258346081641,-0.0108625922914588,0.00859850733234674,0.0619265617909878,0.0776159119934369,0.0555560263776683,0.00423016410497844,0.0101509464548914,-0.0163928978090399,0.215691869161621,0.186358167592185,0.159975436731703,0.132735333395379,0.106043851676895,0.0698327278207935,0.0440402010572131,0.0124388301296864,58082.672585333
"300",-0.237058221163437,-0.151716390405466,-0.311155690060912,-0.151411833815784,-0.00513264557162748,0.0271784734063985,0.0199135053273832,0.0158608648994424,0.987736913473894,0.279868007386304,0.295482202402977,0.311162954767241,0.465565372269504,0.658316238474876,0.825524317331281,0.958406206914748,0.0348649775946526,0.729779848143567,0.749712463540031,0.695970525565742,0.510576748219357,0.322656251915926,0.163967574390846,0.0393137334807772,-0.0257384902849424,-0.0598433756409483,-0.0722350687143243,-0.0500813692617206,-0.0455517746104774,-0.0232956539039967,-0.0172953807080203,-0.0030691200438893,-0.0259067425420991,-0.0124205488912455,0.0922980270165899,0.0832351646624649,0.0374989770925367,-0.00410778151097189,-0.00818346315532521,-0.0129131035727042,0.219132591454446,0.184615997632147,0.162847241424033,0.132792566765555,0.109114724848865,0.0706984633434393,0.0445622998659765,0.0124684120107219,58085.8518111793
"301",-0.246488150694961,-0.124933948296037,-0.278500531521986,-0.145960624716836,0.00612585719278414,0.00813804990297337,0.0144915696721138,0.0165970490713368,-0.0686699944048225,0.318492266342696,0.328506184269146,0.288350986172756,0.48195304360272,0.673444765070448,0.82493073910442,0.95919146734263,1.09377932774761,0.684697121869068,0.707606954760928,0.717713962213252,0.493259221030148,0.310996361254012,0.165609284703846,0.0385911111237194,-0.0382714021749594,-0.0624811569804847,-0.0695595654665297,-0.0585670577421225,-0.0459389971108258,-0.0232080492115242,-0.0178935239891359,-0.00228678508745016,-0.0205505965817981,-0.0151963818715801,0.0800333509231704,0.0972597315690397,0.0123659890098726,0.0100233380726006,0.00285102848142222,-0.0153234572595109,0.221416197079056,0.187243560331175,0.159028685581906,0.131006704526577,0.108927392425437,0.0695298764099708,0.0437205298598074,0.0125965369907823,58077.2418141117
"302",-0.247975289083749,-0.180768785414269,-0.272250163207939,-0.158012719161633,-0.00141970403445601,0.0234639168156534,0.00807763802875161,0.0185637537599147,0.370825185941234,0.295109065829015,0.424084546309211,0.316144629404221,0.479380647615198,0.673972676063533,0.830846542469122,0.957423381534116,0.658017285612511,0.723673943308182,0.612481920666819,0.691978970131869,0.494207149078491,0.307257982343247,0.160765664024392,0.0391351426719384,-0.0482184669000516,-0.0555583980725076,-0.0674347207103638,-0.0624792108445848,-0.042258186581743,-0.021776915147339,-0.0209857266976349,-0.00261083604485006,-0.0127982194441122,-0.0159767212942365,0.0529902237982353,0.0981867869318276,0.0356100669645228,-0.00824929909656497,0.0119598323055246,-0.0121029752277296,0.217992610061366,0.183540072230611,0.160195029984091,0.131690784062851,0.106399320283305,0.0709954557655532,0.0436305560995796,0.0127872980151106,58082.9530173069
"303",-0.261696569883418,-0.180166515301829,-0.27511989650047,-0.17628146344956,-0.0143059635060458,0.0232041858405904,0.0243250985965147,0.0187134663591412,-0.922604886226693,0.32854697328816,0.347915563785957,0.33277298126038,0.478860067423908,0.686024097977223,0.822882523368423,0.956066862390797,1.94824087431771,0.690329322533799,0.688262438064173,0.677810018503409,0.500679029869568,0.295355983778457,0.164609663796844,0.0406267961919788,-0.0424001743896714,-0.0545834721528182,-0.0613551323669522,-0.0615640695435788,-0.0424193256797291,-0.0219952885113226,-0.0151916313710639,-0.00228255337373616,0.0301312144847121,-0.0193575635444245,0.0517650427444788,0.12171910706851,0.0309271208859527,-0.0114450383092788,-0.00830104089637401,-0.0137333105059099,0.22062978045161,0.179568493845608,0.160846707246261,0.133473014328706,0.108909961133883,0.0709985022605635,0.04328452271055,0.0127836833486684,58077.7139809798
"304",-0.270891004961811,-0.150258555512443,-0.253857351359628,-0.149422757471241,-0.01650671039797,0.0297865402261847,0.0200398859324113,0.018943101270992,0.115922069530657,0.280802941960527,0.296474029616021,0.292315047053231,0.469514913648326,0.666010516941949,0.824451504584701,0.95743645639352,0.915584238010734,0.732256723037782,0.735402388597157,0.713565508720783,0.51051738085634,0.314422450014666,0.164460638492057,0.0390643996911658,-0.0467807436127778,-0.0541262622783418,-0.0643520221926316,-0.0573551482427684,-0.0489136253798752,-0.027251827054855,-0.0168852048636277,-0.00272218582744758,0.00895006954414579,-0.032238255442376,0.0441827821425089,0.0939379205226396,0.0365461618732473,-0.00707285827275245,-0.0033631007235097,-0.0130772308822875,0.220487026809541,0.180721860557421,0.157108330654765,0.130578978847012,0.108176864707922,0.0700800803939301,0.0434263650320449,0.012679559783906,58088.700802926
"305",-0.270050294245844,-0.162527969555148,-0.265573358076296,-0.134930749472486,0.0122701872703598,0.0152729532570845,0.0173792280761778,0.0176540144747973,-0.838203247269058,0.292943120746779,0.352481000679239,0.30470759642399,0.452869805399537,0.667952139207312,0.827350721492418,0.956375201411362,1.86995874125471,0.728156056251825,0.679843843283929,0.701174126454723,0.5215864939977,0.31548162138786,0.16152592415042,0.0408798071966735,-0.0421544620545758,-0.0656368908533116,-0.0619545426973437,-0.0628878540269391,-0.0397223549697181,-0.0279735589265839,-0.0212619088033598,-0.00149940535871197,0.0114878899340493,-0.0487802528320834,0.0620483617515718,0.0677860045244164,0.00569621002878078,0.0133572096348267,0.00665746248525299,-0.0143755358144662,0.219246037899398,0.184356741459866,0.159380588508291,0.131585891174587,0.110585510637825,0.0696859504192892,0.0440141070656438,0.0126927287054467,58074.12170904
"306",-0.225300904432773,-0.138291667460842,-0.249816830481724,-0.143036300262712,-0.0153262772194592,0.0177375407221247,0.0231144061167845,0.0185863414602929,0.335712039304426,0.224400405765508,0.315105123860798,0.268709587794358,0.463556899662369,0.665268672997482,0.825933825968098,0.956306841415779,0.68614295092451,0.783637325926576,0.711051419383631,0.738335051690792,0.514546476077838,0.319067498277318,0.163646212744571,0.0410678426024891,-0.0476094017844791,-0.0505521002678821,-0.0670821284407719,-0.0599677885066342,-0.0437381256550975,-0.0323192891889226,-0.0193843042020666,-0.00173749984125789,-0.0217893285078321,-0.0557103499277551,0.0719601492832307,0.0752915685363503,0.039930571016618,0.00701458166841555,-0.0108244560983602,-0.0178706532877511,0.220503139098247,0.186457695402928,0.158267414124008,0.130381906165655,0.108703756635516,0.0696967282674433,0.0435232118118421,0.012584377818754,58073.5115584571
"307",-0.270431735889559,-0.147779991396877,-0.279804376240709,-0.161504264458562,0.000621863879007529,0.0334315117291796,0.00770806548538014,0.0180032919351825,0.53379909749567,0.236970989196164,0.386203019640396,0.35768213662953,0.469777057806652,0.662882621708824,0.831916442602003,0.95756518631921,0.499457596185944,0.768587533826489,0.646553817422486,0.649394690846679,0.504102891581065,0.316906927610077,0.160099915619327,0.039306866027826,-0.0475865307165474,-0.0477555430845868,-0.059863811849691,-0.056810612317951,-0.0462426829791065,-0.0232064039425691,-0.0182234504358107,-0.0023207394030535,0.0161182494688027,-0.0127079138549135,0.0762728953037293,0.109001329360654,0.0409733730934145,-0.0155303089909284,0.00612741718402099,-0.0136632899080391,0.219677197934635,0.186572846607793,0.157864887970723,0.131862460850691,0.107453579646353,0.0702603211505565,0.0433287979269732,0.0122682488080571,58083.2436291003
"308",-0.309810932181189,-0.130001869880461,-0.234289643211866,-0.154528086345674,-0.00744249921900497,0.0138769699813558,0.0184598586837868,0.0185771407543128,1.196731698687,0.308581635438928,0.30857885392818,0.294867288664284,0.480934855138928,0.67944055845148,0.827780948788394,0.957657665341628,-0.154571219236246,0.698961343739584,0.71175655759539,0.711036327984761,0.493755476759485,0.305330935778459,0.161256120324183,0.0389676014496039,-0.03964090946437,-0.0514185533445162,-0.0628015058877696,-0.0461918588086584,-0.0511550538706001,-0.02379438298716,-0.0180851105353499,-0.00235278048523448,0.024215682385867,-0.0573544118201348,0.0651945193346456,0.0932408518538256,0.0598150537711462,-0.00987267251816568,-0.000331704881113671,-0.0129065175413154,0.212704206906687,0.182525108792494,0.162214315037402,0.130595274106103,0.108548676214916,0.0694553242068402,0.0434387670436238,0.0125852608720555,58077.4467004795
"309",-0.267623805533321,-0.126659296220028,-0.244123568973217,-0.14556641273127,0.00793817973254755,0.0193577358227831,0.0217266829283207,0.0182072500744373,0.467523681344001,0.246038943148497,0.270111444105761,0.300039861222079,0.456529294673169,0.67349163582379,0.828341302767753,0.957261989325946,0.568952233021995,0.757871411750186,0.755312332744358,0.70551716441062,0.514360747242382,0.307339047815501,0.158997920787688,0.0394022188933156,-0.0512380222866376,-0.0462382817901534,-0.0541372861855143,-0.0547080524040393,-0.0431065181176732,-0.0259714540485841,-0.016302520752089,-0.00165785134560055,-0.0161447000359783,-0.045005490770022,0.050731181905974,0.0898074896262415,0.0420247867504732,0.0114833695850197,-0.000896915561491094,-0.0126430615948981,0.222382672223047,0.183350850537578,0.158135169353696,0.132025034284827,0.10794070739205,0.0693823933296093,0.0429189980108211,0.0126685361939911,58080.8414378186
"310",-0.274051842807523,-0.14771382811231,-0.278775228536905,-0.162975029868697,-0.0231126866271868,0.0262900256433794,0.0175853399630114,0.0181804469898762,-0.350339000918673,0.320397375807851,0.322540506991088,0.337398337479571,0.482626871292763,0.667462969727267,0.835134427001599,0.957594802797263,1.38711673657331,0.695430609487519,0.715540835456291,0.67446048774355,0.496943566972054,0.311723166363768,0.153743286117365,0.0396157473300015,-0.0521129570694018,-0.0489666425320441,-0.0661600658464104,-0.0620838254474945,-0.0469994809503779,-0.0234370354690382,-0.0166504989930042,-0.00260790789087828,-0.0080367793922913,-0.0796442659173852,0.0582924800036666,0.083300637895006,0.0549042432312515,0.00435025606882667,-0.00268959451159063,-0.0152852370642466,0.218928080236671,0.184677798983262,0.158459439403255,0.130009697991609,0.107118270006454,0.0705493025607387,0.0427125527753747,0.012737764201445,58083.9996759021
"311",-0.274918956673264,-0.175420213526828,-0.290458588392571,-0.124663575606998,0.00596568703229793,0.0346859952897672,0.0213476301364723,0.019498113889491,0.400871596852432,0.276040835109151,0.367491293775632,0.303874774782035,0.462305917089948,0.671773840645988,0.825448676142215,0.957044356418325,0.636292956289918,0.739465161505335,0.668877210443348,0.700862184183372,0.509972434721794,0.308374900341029,0.163396998579984,0.0394642351992411,-0.0417570932173297,-0.0496555578725507,-0.0547263040453385,-0.0604854979719081,-0.0476431237403528,-0.019499567785304,-0.0167126354743168,-0.00301794613749381,-0.00808219684795962,-0.0177864608600615,0.0839177143608883,0.0561813193977679,0.0350338878285075,-0.0242402930274582,-0.00695303561889033,-0.0135342026630531,0.215790455224295,0.186285512273061,0.159102606989599,0.131828494342169,0.108247056555844,0.0708312232733786,0.0435294353522963,0.0125286528115982,58084.7161866794
"312",-0.204757008172907,-0.148321048534865,-0.284498181628337,-0.134263446396165,0.0120717337946469,0.0348448998611773,0.00991665282925708,0.0180719697139184,1.34504731017721,0.226205155144753,0.378101181544079,0.310458206955868,0.471659838057682,0.66793116359788,0.820261880173804,0.956895231919127,-0.324708267731964,0.781792836123321,0.65639888799172,0.693708072905185,0.499366401415857,0.310657587143291,0.170786621670579,0.0399925360593183,-0.0538746597336373,-0.0520878227773666,-0.0613779313932609,-0.0505880628451442,-0.0460815278726827,-0.0221651261564282,-0.0166347107643278,-0.0013629795515651,-0.05717404983813,-0.0180190262304824,0.0891167872275957,0.056144909711803,0.0304785490659588,-0.0102765673985368,0.0096328381806411,-0.0147931037767778,0.215698935505473,0.1869467744328,0.157872128205984,0.132599753232213,0.109018249256685,0.0683828810357492,0.0431266776524982,0.0126671197182847,58075.4267555477
"313",-0.286739334315651,-0.191812296638791,-0.267425743147367,-0.149371119150361,0.00880342741142641,0.0322796304361667,0.0115202119912649,0.0212003999853056,-0.112054899640492,0.400212194317823,0.323011175707352,0.305032033138602,0.46417404625016,0.669644441478115,0.825773612406489,0.955764561634971,1.15249490342784,0.624060442319617,0.709445279744032,0.700941386882255,0.50960562196478,0.310343760982076,0.164173758139205,0.0404975477030454,-0.0380851032969007,-0.0624292956838112,-0.0655563246142586,-0.0545193582361466,-0.0424279370444378,-0.0256291295075306,-0.0187467393471861,-0.00257122395676751,-0.0212980666887007,-0.00682694422761102,0.0598372990793737,0.08789783557637,0.0186229471974791,-0.0152838826104963,0.0111417509387114,-0.0153234243596874,0.217772238656856,0.184764146900022,0.158578272167234,0.132693978781062,0.107032960471539,0.0690812236308482,0.0438958631688562,0.012458992138643,58081.2529748595
"314",-0.25711302968168,-0.154403586922927,-0.261944298344591,-0.13859879014753,-0.00559714108394119,0.0168257277958457,0.0188224692992753,0.0182508414079378,1.10457547632611,0.399340298020549,0.325306629720708,0.273602918811049,0.476658085315929,0.677828931243771,0.823467284724001,0.958718540787067,-0.0690781811765425,0.615991533871111,0.703239150253534,0.735181367715866,0.500820406405437,0.306492292593325,0.164477403746097,0.0383501700721409,-0.051251402168328,-0.0586730597632801,-0.0631052865259979,-0.0576544053619903,-0.0515077878926993,-0.0261321528046898,-0.0163367845937701,-0.00208046430202166,-0.026400308111179,-0.0455263580344829,0.0835542545290677,0.0486626227739847,0.0400026638938126,-0.00547983169756092,0.00300369363268478,-0.0154990790639077,0.221485467421171,0.18620967072681,0.160251078944848,0.131156627232392,0.106568057654944,0.0697963449459305,0.0438517666262384,0.0123454706645134,58082.6238514613
"315",-0.276088626596747,-0.16325058235254,-0.256149865813486,-0.139173879649646,0.00353752142235964,0.0192908844587621,0.019773926803575,0.0186204467371627,-0.195028079536403,0.294283309301402,0.334055861673461,0.31121189549548,0.470801558738386,0.677031525498694,0.826893717602162,0.958046956171517,1.23425758816001,0.716803681021225,0.69780761211906,0.694335773178805,0.499724993636074,0.304364972716006,0.163419057353322,0.0391434653709244,-0.0591176508291371,-0.0588349049365785,-0.0593056787888523,-0.0521636651428669,-0.042859163704811,-0.0213344441971938,-0.0161959754843175,-0.00308312399951997,-0.00287941372963006,0.01577556013748,0.0508219451217354,0.0551842978022317,0.0472965001263172,0.00263623361323312,-0.0134316245578113,-0.01506098101416,0.218274143805539,0.185631296411115,0.15999392249887,0.135178010885272,0.106586212001662,0.0698691112398742,0.0440453192614378,0.0127090337071643,58077.4139293662
"316",-0.262848702224312,-0.140510363038424,-0.307145743609059,-0.114506318877546,0.00414910388753372,0.0348412228795162,0.0129726434648802,0.0174896017201303,0.672515778420405,0.27201650892145,0.31843992989045,0.312178249514845,0.481706807274366,0.669230752375454,0.830761876311627,0.955952114222334,0.355513131135503,0.73575393213972,0.723691499201738,0.688324082173312,0.493935606762186,0.30890918921448,0.159071735936111,0.0412633994482446,-0.0449460186466234,-0.0463875326877949,-0.0739502754599716,-0.0509687232859729,-0.048998076123991,-0.0183047116797218,-0.0184308737263942,-0.00202230181401213,0.0236731631313943,-0.0350713786884628,0.0971055572597769,0.0493816234825852,0.0188971133486333,-0.0174051295857031,0.00618921507799527,-0.013685004997207,0.213842653907094,0.183324612274246,0.157715974503661,0.133195649435716,0.110547594796932,0.0695245411783633,0.0445469545419422,0.0124707022525614,58080.885255901
"317",-0.256762395583124,-0.158787019531375,-0.292043776383929,-0.16896333588324,-0.0250121695953599,0.0271491729561388,0.015507387962453,0.0165781222944087,2.24426154871267,0.306613432913481,0.29207473285621,0.298360511152984,0.485450461213438,0.660135954369426,0.828700587793013,0.957898398682009,-1.2191022977755,0.701573659179475,0.740973418832554,0.713602986967382,0.49583197204318,0.319206453869107,0.160177638838784,0.0392936026437154,-0.030476838934771,-0.0652824472248876,-0.0666330430514741,-0.0578295756957128,-0.0481139538572874,-0.021890329486002,-0.0168052684982594,-0.00272684503051632,0.0121908968229387,0.015523991569655,0.124109929428607,0.106964422572306,0.0449965016173919,0.000517600775461853,0.00357918197412343,-0.0125538171758986,0.221428741342777,0.185119145264644,0.16039023766345,0.131445913083736,0.107895966155502,0.0700229244275164,0.0436653755690156,0.0126039477744422,58081.9581773118
"318",-0.260080282741466,-0.181665939212114,-0.265514735779052,-0.123352965866271,-0.000370083396056172,0.0113328642230464,0.00621944269194301,0.0183898314256335,1.07623225443773,0.321864498434017,0.307044241606044,0.299099929403548,0.48272937510078,0.668152307556376,0.82388426272007,0.957789124308169,-0.0463670431305884,0.697122309986838,0.723914722167308,0.703433248211469,0.496133822532169,0.315705110874309,0.168558415441211,0.0392070865410674,-0.0564801781107587,-0.0550856587326641,-0.0648583243708674,-0.049499748583749,-0.04098228736013,-0.0213704915695192,-0.0167774965021966,-0.00241688828097384,0.0192603014151034,-0.00855352919906818,0.0682669041550636,0.0559403979401675,-0.000471049966622397,0.0063585490571665,0.00640411667011251,-0.0155240870316856,0.21613348789548,0.184982736610529,0.160218006866138,0.13257494679351,0.10843848781495,0.0706114365427454,0.0432034597842539,0.0123838038815159,58080.0815817047
"319",-0.235337409727128,-0.161104041132123,-0.276126739129375,-0.137704920694687,-0.0212464605230874,0.0384439909350524,0.0141232639498222,0.0180677217112391,-0.569060259494492,0.354603621794591,0.3116636362475,0.312306679489283,0.513744563476601,0.663551678368129,0.828395165933179,0.956812980086088,1.59678914793834,0.653424144165949,0.722189470656896,0.692419856495418,0.46493259594488,0.315176383186022,0.161927379088315,0.0403039990506203,-0.0471529950086133,-0.0442067495934597,-0.0665870944805243,-0.0565717335612344,-0.0498121506226057,-0.0202392862218001,-0.0165701026397076,-0.00269533297023752,-0.032026475581359,-0.00118838791038408,0.0805047849448126,0.069740072284547,0.0540373355758043,-0.0190114577103481,1.67937183525634e-05,-0.0139897463160802,0.217400717430989,0.180739073429704,0.159176788938868,0.135131334001476,0.107946912085601,0.0706000979362544,0.0431617983737815,0.0127539354696007,58085.0711407653
"320",-0.29454160620202,-0.169664811353079,-0.28332244052604,-0.182031642771734,0.00143494260554936,0.0322709831344511,0.0189477982918083,0.0157584208008441,0.300193337265847,0.277290511350367,0.270019854232843,0.293950323975017,0.465284260507374,0.657306310983371,0.825529816076248,0.957373504804364,0.735731218036414,0.738798756633984,0.767002117907277,0.71651866377515,0.509678806000293,0.32083172220171,0.163886792664325,0.0399441067975116,-0.057660630754994,-0.0619707584427606,-0.0566190665777209,-0.060315970934712,-0.0412170326467285,-0.0197080332612348,-0.0180534320535223,-0.00185316837054598,0.0598188817603289,-0.00934947746320088,0.0681073840690035,0.140738659793799,0.0207424354548517,-0.00406211070139156,-0.00417149676129545,-0.0116867301485323,0.219540003786065,0.184807412958311,0.160585044589805,0.133559317658256,0.10737450169532,0.0707878891063399,0.0440249790733537,0.0123347752968072,58080.9637401853
"321",-0.282702022518023,-0.173492459571218,-0.271475670877219,-0.147472549163784,-0.0108354124073654,0.0147258262032792,0.0184083367310016,0.0169717703885566,0.937418855257143,0.229765988142046,0.328216417435772,0.286810360879786,0.466174740962742,0.667315085808795,0.825369801790179,0.956407326881919,0.103999691261768,0.785471844196911,0.703440597640003,0.719706857186412,0.509744893682887,0.314334210591388,0.162630861948009,0.0406921896935673,-0.0449191845152269,-0.055759668213062,-0.0751121098936865,-0.0574773698526265,-0.0471340148566764,-0.0230245914126297,-0.0181560332974673,-0.0021548235775732,-0.0284482279818684,-0.00912236353166367,0.091058308244392,0.0849436916569318,0.0500767045875007,0.0192505322038449,0.00826473630028586,-0.011940966220846,0.217981249917747,0.184466884379276,0.160311130190296,0.13287207764929,0.110512112975983,0.0702805404776993,0.043544388128804,0.0125889962346258,58086.9867342885
"322",-0.273964662234365,-0.192497263829239,-0.236620041555347,-0.138863867155957,-0.0145624258871531,0.0211134035404833,0.015832439599993,0.0177595051199165,-0.516965414240117,0.240420116626682,0.265652309804454,0.298078912242298,0.480599072498926,0.678535246594863,0.82356781931697,0.956353815301528,1.54632865422677,0.778097708309113,0.75635462215429,0.708341076172931,0.496703088565571,0.305957551088962,0.166842494684552,0.0406658638466659,-0.0561597233255542,-0.0456944526423131,-0.0577599266636872,-0.0637120614494237,-0.0437064741379747,-0.0213445016300046,-0.0204545541998254,-0.002212748670576,0.0463162661070312,0.011318095316323,0.062216062518944,0.083598004628601,0.0459115759930821,-0.027464419828005,0.00140466527602157,-0.0119019431096077,0.214113310702471,0.182038916480298,0.159544046192021,0.133418137855976,0.107218982499477,0.0704775108666626,0.0440731448927626,0.0122558451914966,58068.8952805168
"323",-0.292412794623021,-0.157933271554742,-0.269015303277994,-0.129750745271222,-0.00957569178288541,0.0336395690907826,0.0187096293101578,0.0185002903710748,-0.46147296899971,0.24137265683093,0.41373633098674,0.297501579630755,0.487870357995476,0.659886960950673,0.818481332250377,0.956606075010107,1.50049115716136,0.767543880278674,0.619341210369967,0.707188683945732,0.490701508346294,0.320177917151156,0.168715693045512,0.0403817921084772,-0.0470997597327372,-0.0457614003515021,-0.0672246181094176,-0.0610229760415935,-0.0504583182532552,-0.0220444840756475,-0.0158128824600582,-0.0020971283796552,0.0182990588275701,-0.00745446315255523,0.0685955915006637,0.0576893140910999,0.0337742650939817,-0.0188129923062724,0.0109310433970936,-0.014769190820382,0.216295812791948,0.181647315449325,0.159571104807187,0.12925746699276,0.107315150114228,0.0695208101369614,0.0446859115419946,0.0123688719736113,58081.7053064213
"324",-0.215141357246343,-0.141164231031357,-0.272285916929061,-0.154790805838491,-0.0015706357223698,0.0202148502407833,0.0185137757430019,0.0176874874982009,0.851729965314772,0.21893388156486,0.334009329236873,0.279960841288466,0.477757248236361,0.671150770969364,0.833196087437253,0.956477854243914,0.166569381051601,0.794301112210248,0.701887671530472,0.727667500779118,0.497766849960537,0.309592016388351,0.15603978786615,0.0404589040696855,-0.0458052430790823,-0.050533261405233,-0.0662168455605092,-0.0595454797345464,-0.0467880964381618,-0.0201068433692183,-0.0202005454302633,-0.00214360231560564,-0.0171399148988899,-0.0782811992901902,0.0582741502267043,0.114977888114064,0.0314324811161815,0.00240675236894721,-0.00234779048120428,-0.012652676083703,0.219274397946039,0.18471385939731,0.161315914580709,0.131672420297707,0.108575351019028,0.070450530197412,0.0430534566386759,0.0126395754841883,58081.0953234394
"325",-0.276455865536401,-0.151193931662864,-0.280824519028749,-0.127176148017796,-0.0114983235789514,0.0257570615538875,0.0158029590636813,0.0148027776017825,0.527798088535569,0.279420586038471,0.339080205278363,0.29132132373786,0.462048435187771,0.664102999675778,0.822731634045443,0.959469115148759,0.501587543402475,0.732003836224254,0.701598091186857,0.712286712414413,0.515011491864564,0.315767731986497,0.165787508656299,0.0383275050324228,-0.0393241958894413,-0.0550797761469578,-0.0707204012214882,-0.0550057040239242,-0.0560339149558869,-0.0210178513704366,-0.0179834670687451,-0.00245981111227067,0.0370934999053363,-0.0245126097625658,0.0482970389818617,0.0588186174361646,0.0541154986978196,0.000162517611441883,0.00900728303944587,-0.0125924488371843,0.214972795656346,0.178570905204184,0.162297165802383,0.131443623084462,0.11049022693965,0.0713790245783367,0.0425968900138084,0.0127086252178828,58077.4717380174
"326",-0.235304033036947,-0.172749177181117,-0.273192504240285,-0.117980478638696,0.00101924710551636,0.0281944528688409,0.0128275461212831,0.0172314874713497,-0.291579014725803,0.373042774028806,0.33456944195879,0.262732705716543,0.479996323400126,0.670896785294888,0.826692836574698,0.958068630533012,1.31337766130927,0.642965987675266,0.698901549382151,0.735758326361226,0.494466211576429,0.309375959848283,0.164453682434627,0.038900402948536,-0.042721691000755,-0.0759430436097203,-0.0708596758362488,-0.0579405680824869,-0.0401858123000866,-0.022252424459899,-0.01956450728876,-0.00211164501450271,0.00168628863915583,0.0214180823431795,0.0747691517326613,0.0606782023712101,0.0191265895132302,-0.00784711348211131,0.00417642585385571,-0.0122737203149215,0.216147708022963,0.187081707510332,0.161191659737456,0.131494025050336,0.105392460396131,0.0694537351565132,0.0437645698927349,0.0125032452985621,58073.5835320221
"327",-0.231814638648887,-0.152419672430148,-0.262732976533352,-0.153840768966213,-0.0033074252582801,0.0297647109344525,0.0103588735728548,0.0171179126571457,0.65800670428427,0.273571578760783,0.358483004224072,0.283842219211332,0.474681458973977,0.668302527163768,0.828926260128841,0.957152700313767,0.371477733310518,0.738898630369145,0.671501378651278,0.720198839992053,0.498829056643436,0.311079793798871,0.162381278506959,0.0404764054682277,-0.0562364148125569,-0.0487124062587891,-0.0614501365005011,-0.0604649485735475,-0.0406848030771028,-0.0175661505552892,-0.0208208763229674,-0.00207342671736523,-0.0536747749523152,-0.0492040473779555,0.0687229357849831,0.109427667979333,0.0320274576706306,-0.0122659300941023,0.00507443804593212,-0.0158785120239202,0.218915137678912,0.185276332829825,0.159551574350208,0.132102536678116,0.109984457664445,0.0707051113283384,0.0429550032818109,0.0124853673430813,58078.9356546849
"328",-0.290150964645717,-0.144142067271827,-0.2702855079377,-0.140318889257706,-0.00987205792554066,0.0403922650922595,0.0212540225813898,0.0183531535206992,-0.460530870604154,0.350061592839606,0.308883866427543,0.296974262716088,0.484454011211538,0.659833782804901,0.82359068911952,0.959020013057808,1.49666010731591,0.661625456584912,0.722304561060335,0.709833522916224,0.493322095314293,0.316841014753383,0.164577080733398,0.037923003168917,-0.0368224996425492,-0.0494405307365351,-0.0742077801361591,-0.0525994398790627,-0.0460959438473775,-0.0220760147493006,-0.0132418326875938,-0.0030302456808651,0.0052417536320187,-0.0528352688934503,0.0905404175430453,0.0704895295553534,0.0350039401975,-0.0154722710840736,-0.00644322739627254,-0.0150276120732817,0.217518380983026,0.186473948256033,0.159764185491935,0.131973282326008,0.107234067274038,0.071420226030372,0.0429172450693811,0.0122136992362861,58076.5876889529
"329",-0.243450507706403,-0.156512488588211,-0.278045419544346,-0.159373656498962,-0.000314235613196635,0.0250214311226759,0.013872153091665,0.0169722844863348,0.396337158709398,0.267723530386453,0.315672775995385,0.29413531563496,0.465741781430929,0.661709780451672,0.832424335109467,0.958420725910173,0.630817319530633,0.742108457937844,0.723245566070291,0.717291269734356,0.510460279030497,0.317955691497777,0.157853520646499,0.0385987241082721,-0.0531153450508345,-0.0523571877823963,-0.0706747694696096,-0.0668858609012504,-0.0507883680078043,-0.0213034320679028,-0.014666523104301,-0.00247024594747398,-0.0179991933349425,-0.0248574792898864,0.0504480185009953,0.0876738683196695,0.0332976010689074,0.00259478411095147,-0.00388571921441687,-0.0116784986322539,0.220172966530804,0.183424676674034,0.156575736435635,0.13069365463766,0.106970820119216,0.0704151756630922,0.0431984411425366,0.0125711966639093,58083.0359623077
"330",-0.246799915535893,-0.183724145744268,-0.242919668384969,-0.13511793825475,-0.00196376475709576,0.0209692568523065,0.0151203449956339,0.0165225867590999,0.29459669060722,0.330947880043043,0.307106905962621,0.3317613459715,0.485579277459279,0.67136792167855,0.829471532245874,0.956875167295385,0.736719823453672,0.684817321857451,0.71867462537301,0.673345765145842,0.491895753364824,0.311505973284386,0.161586852700856,0.0402592776614335,-0.0374266291506107,-0.0485116891536268,-0.0634986495305656,-0.0532418453202944,-0.0545021764772573,-0.0262977989302533,-0.017712192789633,-0.00214580476802978,-0.035493263383386,-8.73881042259477e-06,0.0508283580703739,0.0680484226006186,0.0287768106372491,-0.00910357918409149,-0.00682188949696034,-0.0112576194962743,0.215005664998492,0.183581626142162,0.158179674618376,0.131544265198686,0.109498910560051,0.0697446053722723,0.0438267199788363,0.0124492456758896,58083.2912157693
"331",-0.272693207716566,-0.172600514780095,-0.291529031610733,-0.159613075502068,-0.00884090872668126,0.0182896251995092,0.0104995976163967,0.0150477475910503,0.349641454144479,0.273179322707149,0.352231741181706,0.325546833249495,0.490033863496269,0.66590032842935,0.822949439623961,0.957394434671995,0.684314444049667,0.739476747864108,0.685642829666468,0.682083996945708,0.485372968304568,0.317357362406645,0.16711301240437,0.0405170071923727,-0.0402627499910077,-0.0567612381344756,-0.0697952021071162,-0.0575155638207512,-0.0451836271967018,-0.0316516778935538,-0.019022322521601,-0.00262826721882919,-0.0107346151333111,0.0150833170551587,0.0902313988059514,0.104100268875437,0.0413757134114198,0.0113279281068738,0.0132736224876453,-0.0128173909444916,0.215177821186196,0.184492084624322,0.159923647672386,0.132849097800303,0.107516876630099,0.0711106409895475,0.0435416237427573,0.0121937187464935,58077.3068073847
"332",-0.264718915654951,-0.145068634006745,-0.274472017593829,-0.150997792750422,-0.00687212436981617,0.022477628782798,0.0117602908585621,0.0186311199915478,0.233853474297087,0.318183575963016,0.293953177920863,0.292751599472688,0.470496943049526,0.668945370907969,0.830585622135391,0.957261978363991,0.793451186008705,0.701633234345529,0.739101940273002,0.714794712702751,0.509192593013256,0.311607810289972,0.160565292478541,0.0396527516131246,-0.0347115825939266,-0.0607193850452104,-0.0616069073698411,-0.0592769323916462,-0.0459502938925219,-0.0204339194899219,-0.0168619035046705,-0.00232456968450545,0.0308831555723919,-0.0914138012811141,0.0647488310605154,0.0864784348775935,0.0146478713705732,-0.000268577073192377,-0.00326253577913486,-0.0142235141536616,0.219771124525521,0.181447586364452,0.159336516802007,0.130866790192115,0.110102646129101,0.0701730454383385,0.0430209216349838,0.0126094540672271,58082.7680955919
"333",-0.244526384914831,-0.1928419495302,-0.276463625889975,-0.155181808303475,0.00733817753774508,0.0279562555022665,0.0178732584214665,0.01995303704719,-0.201071773233267,0.356757120828238,0.28199478016675,0.251900772067925,0.484569395863196,0.671947137284095,0.822912905818844,0.956882169969391,1.22275743764745,0.663778309481611,0.754429522016459,0.756102911760383,0.4901290783294,0.30821282365667,0.166780344456804,0.0395123438752983,-0.0382387171206296,-0.0609040222503263,-0.0673878666000166,-0.0579301652235987,-0.05094082101624,-0.0218741759814479,-0.0172029381141244,-0.00136239486923994,0.0160623280791469,-0.00457502515184132,0.0692595319296348,0.0911557667565805,0.0198367357782579,-0.00192250382085727,-0.00123124439145372,-0.0163222940516664,0.217444789137308,0.188901271251095,0.160990342935908,0.131214700788693,0.108799342682389,0.0705076592007273,0.0437875465022506,0.0123988835579531,58077.874100268
"334",-0.268545116793898,-0.130231248380021,-0.268055070541615,-0.135213605761749,-0.019549234235241,0.0268309133601475,0.0239567265319724,0.0161486324798925,1.21850918192413,0.155864415280708,0.355933200056686,0.297770270324756,0.479200343360425,0.676572799100748,0.827052821362192,0.957134556686988,-0.189042655759356,0.846608475954594,0.676017251248404,0.704043080882267,0.501096273002046,0.306157082864639,0.162017044646428,0.0400489621827587,-0.0298350370949226,-0.0456720081662327,-0.0696081613519797,-0.0593372888640972,-0.0476066204097769,-0.0232478725143475,-0.0204243510962294,-0.00150203214709386,0.000810795297147162,-0.00973456452228795,0.0725705767553525,0.0860319782874076,0.0466021710212466,-0.0205712536469713,-0.012425004947827,-0.011959617248168,0.216546443989671,0.185903127491937,0.159866489895249,0.13135946456381,0.107249392851041,0.0699381840563911,0.0441108512891591,0.0124473684726762,58075.9870220551
"335",-0.293756611759187,-0.170331579523759,-0.262805959457053,-0.156594855606986,-0.00841334693541117,0.0224579981774368,0.0149911636780563,0.01685964217155,1.83086099036365,0.287789464038308,0.323635817182726,0.307873903995535,0.454727203113147,0.672054313713463,0.831924888063511,0.95852325852814,-0.801931805551168,0.72276508332282,0.708321278812178,0.702412723909828,0.522829066044645,0.309574079777088,0.15678681111035,0.0386359015482724,-0.0393288986515902,-0.0637892106918877,-0.0635132936526645,-0.0571673262103509,-0.0496782004867686,-0.0225313086667309,-0.0161563322737089,-0.00273825469201823,0.0830252280640452,0.0204328609728567,0.0626916316315674,0.0838248771266731,0.039826048374523,-0.0101783866338348,0.00678518267469867,-0.011918303867558,0.215805665896559,0.184516596432283,0.163170512178799,0.133577024731899,0.108958723635506,0.0701918091779398,0.0433936060593052,0.0126497961561324,58079.4173214177
"336",-0.219319927076194,-0.161821755654106,-0.240798950785497,-0.147231904722646,-0.00474466100561033,0.0216484886082835,0.013298071216239,0.0175854019709563,1.49503530189794,0.252693681071092,0.344243565029826,0.289280236715798,0.470635023194729,0.676541928637022,0.822781253896715,0.958219448434737,-0.474629301385199,0.762229881440102,0.680515616167471,0.715694582438106,0.505626905002752,0.304527680923719,0.167586062299313,0.038578221563139,-0.0320804079632341,-0.0537398241086147,-0.0582904174307197,-0.0533256164067475,-0.0490143256867988,-0.0218995411192719,-0.0182805965906861,-0.00235360830880197,-0.0452740504353933,-0.0386967452741252,0.055116066710526,0.0889501694833114,0.0383658284456326,0.00176526068309364,0.00624198343393925,-0.0114488036048638,0.21779489575876,0.186067160663303,0.16118134353328,0.130736942984554,0.108499521133236,0.0693664728551173,0.0434681077156867,0.0126107598479421,58086.7055485288
"337",-0.259435204029324,-0.158662301358327,-0.283701040620556,-0.133014897305612,-0.0188669595206284,0.0322197700459588,0.0181699299599545,0.0171298709758249,0.302651997638154,0.291015500395604,0.361254548242832,0.285744528130016,0.46687682703611,0.666811539509296,0.824808061502136,0.957395714517321,0.730870262582306,0.72269750852219,0.676088458990403,0.71848845335159,0.513964009444387,0.31145101911516,0.164846443958359,0.0398368959559129,-0.0464610640799674,-0.0544790066706196,-0.0677349487824818,-0.0572124897718875,-0.0505064476088661,-0.0240251325187469,-0.0161318675505585,-0.00219122175478031,-0.0324071466514501,-0.026351225172349,0.0788113787392096,0.0656457601296579,0.0424865401357652,-0.0011615060657676,-0.0036359237879187,-0.0136433030483869,0.214703767153334,0.185956704891575,0.157357509549147,0.130576409467536,0.107991948983441,0.070110526008337,0.0435022922020328,0.0123069902437972,58092.7805897832
"338",-0.231795090900193,-0.175717530387925,-0.279079628848013,-0.147431409521944,-0.0057906796641693,0.0161536695946793,0.0112053194578528,0.0160351647079605,-0.962934943694922,0.341918643570265,0.359482812289829,0.339421609122612,0.47411128230307,0.67474488982043,0.825601767027092,0.95809262309854,1.98934844976739,0.673680162738053,0.677953185024568,0.673422371129717,0.499550188630022,0.309276615356771,0.164772397758899,0.0398832003302028,-0.0387288898181946,-0.0534863595391618,-0.0701425598620828,-0.0618511080860584,-0.0450818969732692,-0.0215055676152291,-0.0195975957247429,-0.00303615751187085,-0.0522077029397085,-0.00832353192638815,0.0657231731183085,0.0472960466441856,0.051586341707551,-0.0143144534726698,0.0087625361999384,-0.0144477085833364,0.220261979471551,0.181539180540355,0.159991981008601,0.134809690988547,0.108368882279627,0.0697574292315782,0.0433167024974066,0.0124364205194939,58076.6839544204
"339",-0.248195877359197,-0.131022491565254,-0.261297233007253,-0.126807191807873,-0.00494290577966941,0.0174285159469173,0.0230132959593649,0.0165280180527505,0.344673834393784,0.287319565199897,0.263215024447198,0.356466037196643,0.464962653685772,0.660803816158463,0.82405022429101,0.959142317133997,0.681309236863482,0.720174117980576,0.772652433421924,0.647790786157822,0.509499903125042,0.320382353945296,0.163343259378176,0.0383341961978093,-0.0452375472354516,-0.0522168800634538,-0.0675966194316537,-0.0565835881044338,-0.0465641148955679,-0.0186207737994113,-0.0155057842500281,-0.00267782818466138,0.00980865361424725,-0.0414980658717587,0.0442588174402176,0.0445554882455472,0.0483244629306468,0.00873719268335569,-0.00278257192679088,-0.0139800196729347,0.221892501168554,0.18490633147947,0.161765360533252,0.129607718040832,0.108036574684292,0.0703568222674359,0.0431036187613242,0.0124169654398142,58079.0696219553
"340",-0.270805030169316,-0.183205214445394,-0.25986627210123,-0.157766279649139,-0.0147373595140783,0.0280578006424803,0.0150118787922716,0.015474662582657,0.978323930173228,0.26160545480902,0.298820820344752,0.31565181669068,0.486190867406005,0.667229616443641,0.826643832183457,0.959466006015999,0.0524477527469427,0.759594708863426,0.733860151640949,0.694951237874391,0.49410755742905,0.31350662776618,0.163527413207201,0.0383676064776776,-0.0359812912477293,-0.0585293012835662,-0.0634060607688816,-0.0606143680849041,-0.0512614992883317,-0.0203964922257905,-0.0173682675944796,-0.0025697137505298,0.0154009113082941,-0.0147878515554181,0.0528230362562923,0.0873792783040863,0.0292689239543085,-0.0119523199527499,-0.00214508727347734,-0.0129388172083334,0.222369703174877,0.182556384488315,0.160074397692036,0.132178192137076,0.107914833913478,0.0695083777052196,0.0430457703390845,0.0126241630252368,58087.8846246982
"341",-0.232049877055477,-0.139047122785453,-0.264562880076601,-0.143258624303931,-0.00946297391494958,0.0217484730875384,0.00553697780504673,0.0174942782030281,-0.143949615731519,0.256411379193078,0.320818213786331,0.29241742243063,0.493125107853684,0.658686387621372,0.833178899018772,0.956513205606993,1.16637889861212,0.752785416424251,0.713964899763488,0.713626126174411,0.483209063520573,0.322627658794477,0.158176756399676,0.0405636989826195,-0.0336981017726513,-0.0411735284869796,-0.0669912256258774,-0.0538267056768221,-0.0532413832953814,-0.0249080674141054,-0.0171413429006076,-0.00217964434719567,-0.0388916455062657,-0.0723207701581294,0.050318731264318,0.0784762626004462,0.0451446479966903,0.00820764000962786,0.00866649143140644,-0.0126241459448113,0.220103403072889,0.184402616503516,0.161754339033541,0.131089540939328,0.105773006260766,0.0696723825943959,0.0434546331774847,0.0127348735480238,58081.3976063023
"342",-0.258124232578191,-0.194163545682929,-0.283237135299656,-0.126877568812446,-0.00528402951923402,0.0206253575654998,0.0159068829329919,0.0172636741242296,-0.135251093871853,0.284133891423623,0.314705184655724,0.295974071951328,0.49234228639296,0.67581285260531,0.828786428766174,0.957538699642221,1.16644841555273,0.732634315555967,0.720053568473026,0.707483597725785,0.485819185222779,0.306067924995117,0.161152662227179,0.0394584703114403,-0.0334818763881602,-0.0442529339519794,-0.0623083817575734,-0.0523807928846361,-0.0518214401209719,-0.0238982010207355,-0.0163477952359647,-0.00194857751143065,-0.0241008153525731,0.0194233834395404,0.0943153570101319,0.0496920039908731,0.0267467840172504,-0.00169873889520372,-0.00385924338276255,-0.0132358761730757,0.221899259382232,0.187646175391741,0.158847155606668,0.133103560366749,0.107881501989315,0.0706700196920666,0.0433440864135284,0.0123491220319408,58088.2104229871
"343",-0.297068215157749,-0.181725934460385,-0.270962553107324,-0.141614821039345,-0.00509165228084878,0.0183416821371894,0.0224478356791255,0.0180123004593594,0.983423431679318,0.268451032132469,0.356512379912671,0.280297035849327,0.50866642822095,0.670638409306822,0.827282855472139,0.957204751615136,0.0494837374379037,0.747592436170498,0.672936273969755,0.72848840113968,0.470909757908999,0.312896868495083,0.160752728322836,0.0402398507965121,-0.028585469361854,-0.0507419417225175,-0.0616583095602524,-0.0622634065601569,-0.0391637336310815,-0.0230778157749916,-0.0187351007334971,-0.00188448776847675,0.0490609220725135,-0.00384504846365696,0.0926330827767141,0.0670926159459046,0.00154408977786367,-0.00450018607152708,-0.00369442098784627,-0.0162967524748536,0.217704462895896,0.186756155345158,0.160039448047588,0.131499859975136,0.106823361310987,0.0693172807764786,0.0440167037152109,0.0125606776968962,58075.4880382704
"344",-0.247210157120637,-0.171798939059188,-0.284649653539052,-0.161808370242918,-0.00740879433289325,0.0280862679318224,0.0187356143673059,0.0176430514157685,-0.785427818503708,0.204897791340583,0.372879791178915,0.29689867179938,0.475276951335525,0.668712011562658,0.821563700850422,0.957217937887952,1.80869501486389,0.808559104834106,0.661980808978688,0.713287733842605,0.499875634717104,0.314230331334141,0.166834458174401,0.0397674862946991,-0.03512078308019,-0.0597306991393464,-0.0653206283004003,-0.0569853990921191,-0.0524950340091024,-0.0243168784243818,-0.0176799624854723,-0.0021272500055797,0.00346631164161118,0.0158770642763358,0.0842533193573025,0.0854013995136279,0.0508667625890044,-0.0208844628952727,0.00316294348204464,-0.0126971564268871,0.221731912038082,0.183134081541849,0.158058241874724,0.130959311388239,0.108785568940681,0.0697426388626721,0.0436970745830234,0.0125816194718753,58084.6893055772
"345",-0.243470408458115,-0.18806939688762,-0.25501664599372,-0.130789674410736,-0.00952670088596616,0.029258437431059,0.0168148221415028,0.0166478880637355,-0.658922805033024,0.306727844688933,0.334904001347285,0.279893618815824,0.495228957256065,0.679403158678874,0.832030203950938,0.959940508650477,1.68605140819735,0.709165865923647,0.694083588160042,0.716937761332981,0.479923866683013,0.302107707023843,0.158811730151854,0.0375179230926657,-0.0410126386888326,-0.0474400731545913,-0.05382808423107,-0.0551167544664152,-0.0512113963591195,-0.0257648599178459,-0.0204171699488141,-0.00278329574350271,-0.0171105789448575,0.0160609970095331,0.0517002532323306,0.112100028737444,0.058072756067527,-0.0154443961634854,-0.00853747202204492,-0.0141338517792253,0.21657284448027,0.18185413926915,0.156853116047669,0.133000875787284,0.108518961997479,0.068123321813467,0.0430317972721546,0.0124129491697402,58070.5640842596
"346",-0.276613888506423,-0.163081044539474,-0.250898954920817,-0.139189832364024,-0.00753088651543844,0.0295234035329044,0.00787797950076885,0.0183242776146458,-0.234585020303458,0.271662239119662,0.320535120544946,0.317108032639166,0.466958606776203,0.673932653425691,0.831571318600317,0.957284741334021,1.27201771435361,0.744001225381385,0.709480873535127,0.689376039835308,0.510397751661331,0.307317454972035,0.159427808765709,0.0397656744252383,-0.0434434172845055,-0.0536846030090743,-0.0671755489887439,-0.0587865395973379,-0.0514394751693736,-0.0228145376916748,-0.0188303728101544,-0.00255493002992901,-0.00298602953930095,-0.0450110228434858,0.0588669879862801,0.0676445258293912,0.0423297975173764,-0.0173805993999319,0.0133790053089914,-0.014712960902937,0.216759578233976,0.185185150812853,0.158240425246246,0.130705988412926,0.110175223505715,0.0697610116161612,0.0439707370121268,0.0127369076498407,58088.4107193658
"347",-0.308764415355765,-0.145565052799429,-0.261065706383242,-0.150547516990678,0.0169194965382811,0.0231424060002183,0.0263076181361227,0.0172756274996587,-0.439190528292578,0.28899746172532,0.277222585911927,0.313282820253474,0.460474481925506,0.667135411368247,0.819859148267934,0.957521312734796,1.47436620703231,0.714248726997899,0.7592130735933,0.692960619801622,0.511981275355806,0.312702098936234,0.168223676592615,0.0395452839043076,-0.0430769971619858,-0.0496826422854426,-0.0659231779952879,-0.0574031490025609,-0.0420700970388012,-0.0256933360656029,-0.0159541653379963,-0.00216694313532704,0.0722090853599844,0.0148134861594158,0.032336077038129,0.0980444387651204,0.00272480373654242,0.00985619921065338,-0.0105861265641933,-0.0127763217619678,0.221453036485652,0.183258954630026,0.161346137179893,0.131603032923443,0.109060782553089,0.0712158729617385,0.0439186302073828,0.0123670765222352,58077.8798835763
"348",-0.292846526685034,-0.124802650633227,-0.25375292509577,-0.153304711514513,0.00151386209469725,0.0335980268943934,0.00740266803752884,0.0176596217963365,-0.774734658452125,0.249884065952414,0.321887127438008,0.288272836344771,0.483619259805338,0.671656150283927,0.835467362384698,0.95709199660852,1.81400620005207,0.751889799257917,0.708761985349984,0.721406498915224,0.489443340165994,0.309862758226061,0.156474341389673,0.0400947193263656,-0.0559401066032213,-0.0578253824283101,-0.0639088845685386,-0.0565998685480133,-0.0421990594044546,-0.0237467254732953,-0.0190778762949149,-0.00215455422295811,0.0232992304824867,-0.0230064177839031,0.0557971936299536,0.0803637984885862,0.0320903051855848,-0.031997495089346,0.00632456299093546,-0.0138921549061537,0.215732986563181,0.186339492686089,0.159037045936761,0.133345733497709,0.107516321204535,0.0702474047005227,0.0439393461262032,0.0125972459376942,58081.5207321701
"349",-0.253741178481095,-0.165683895407338,-0.248276926788621,-0.138387717829087,-0.0122047403770688,0.0299583117470892,0.0203015096974474,0.0174837582199971,0.850715772686441,0.267599499506234,0.348861583161218,0.291807248617875,0.469873692532289,0.66380466084512,0.825691595541638,0.956130226550958,0.170465762021945,0.74642348356715,0.67826638183884,0.713556489255112,0.506644110813424,0.314516952246366,0.162629737301474,0.0410338872428811,-0.0325453603615455,-0.053923854984128,-0.060235680024343,-0.0568625169044609,-0.0471422218698138,-0.0226151327858793,-0.0153786636882737,-0.00239438420623865,0.0245546677861869,-0.0296619679542782,0.0446062434260561,0.079040890557901,0.0524610211986619,-0.000776512362316484,-0.00340249783784457,-0.0125077119609739,0.223563121616052,0.184697057794976,0.160477042087665,0.131235519585622,0.107054375917797,0.0706096556466864,0.0443696556117422,0.0124559987722494,58085.5874683112
"350",-0.269638145248071,-0.174106505222821,-0.291199459362108,-0.128560327603651,-0.0149309815351433,0.026160063390953,0.0180028060864646,0.0201685673181322,0.685361725416106,0.207850638635616,0.374806782798131,0.267020442609914,0.499957205251193,0.664357740373591,0.827155312874569,0.956580092959961,0.344315950841256,0.805976083670958,0.663833826848035,0.735856406401388,0.478680169901022,0.31385482744997,0.16177224885434,0.0401087155610708,-0.0337206931031545,-0.0508319725330833,-0.0587534125601498,-0.0585059199998118,-0.0429979116247345,-0.0233340879901618,-0.0165788944607105,-0.00214863925047101,0.0267130596255374,0.01258934738079,0.0668078705527067,0.0625047579126896,0.0331184919502129,0.0114875845822218,-0.000600159333518074,-0.0164271662574263,0.22064127154612,0.18327602785505,0.161312189739404,0.133857284251044,0.108436937263938,0.0695606142613759,0.0433511947581425,0.0124181061125997,58080.8935037984
"351",-0.265419555510669,-0.163198830197303,-0.262307199008282,-0.15053582222622,-0.00827025620077985,0.0426705712412556,0.0239843659709824,0.0181694260803723,-0.16236759366522,0.387224509848745,0.340586880922017,0.288795098311601,0.493451420659021,0.659990099897257,0.825730011599009,0.958614876194683,1.19339643301676,0.631815043103451,0.689585771549814,0.719984257699803,0.487664286166106,0.317190417543643,0.162129326605051,0.0385548492968789,-0.0484607573007247,-0.0621444195125106,-0.0613909248761528,-0.0614906295886846,-0.0523827787766343,-0.0214021719834109,-0.0154342127870589,-0.00265263916568428,-0.00266246169977542,-0.058067177727071,0.0583318348234729,0.0785630193258058,0.0168644625980391,-0.0223748008950237,-0.00620391343339932,-0.0151213366854198,0.215674975634772,0.186105658246502,0.160674429835064,0.131782700199323,0.108516311288834,0.0705594604827478,0.0436120238049941,0.0125910859710741,58082.4501289471
"352",-0.260714721595442,-0.181071084213625,-0.261716411761808,-0.146806889039741,-0.019027684458148,0.0288317878392556,0.0132951957607407,0.0187669349469239,0.469589423910067,0.345965540640681,0.294790596634,0.321808794026464,0.501329459999371,0.656845576404937,0.834256566400626,0.956334029926186,0.560720529420036,0.672081946911832,0.735201099977002,0.686291242016127,0.480591254737778,0.323631671200077,0.156302269099793,0.0404966273077963,-0.0420843855434848,-0.0594471873286553,-0.0701738956903317,-0.0607364487119078,-0.0450903765219605,-0.0226705399023826,-0.0170117024704555,-0.00206818215906518,-0.000839040226040462,-0.0133145940761445,0.0721602534957784,0.0760216080118849,0.0211158019623033,-0.0107797241009089,-0.00145885748245274,-0.014363263791585,0.217233343729888,0.184253379719722,0.160414017100438,0.133050079708231,0.10917466874945,0.0707231101705417,0.0431742430241748,0.0125641470562422,58088.3581205737
"353",-0.256697053481542,-0.207658694831514,-0.273916304878628,-0.113172564158194,0.0076252642383769,0.0271036636646809,0.0181954361838483,0.0166482503632985,-0.377202459584892,0.364235637540712,0.300587686027332,0.249931806029845,0.471864886296646,0.666563510714793,0.822228436700962,0.958130044808708,1.40327823046832,0.660011191052722,0.732335848938674,0.748490031401074,0.501161418333653,0.316327169752034,0.166526659168061,0.0391205847396002,-0.0357408133566048,-0.0568448966684364,-0.0731039849266622,-0.0520883808892764,-0.0460350804367999,-0.0256887936103759,-0.0162096702868544,-0.00264100076776826,0.00942242853976114,0.0101358743662808,0.098850081298488,0.0582030653730188,0.021809436030013,-0.0171158351830797,0.00217492749832954,-0.0120967997128031,0.220388376142941,0.182408111552238,0.159919231073135,0.132536280628409,0.109153879355911,0.0711112279017201,0.0436129438611042,0.0125597580049838,58086.5354088289
"354",-0.287418492242261,-0.208930736494131,-0.268221354724362,-0.128056082522351,-0.0146780954662001,0.01865080938038,0.0100528738781889,0.015828625232315,2.50589206362034,0.264926292760193,0.266073759325269,0.270971860313841,0.489252735454576,0.674784471015488,0.828624462865893,0.957482212523602,-1.47228463002471,0.764960224868047,0.764434236427486,0.726845067573157,0.491056699295261,0.308754221163227,0.163047601608085,0.0402352516425736,-0.0424303611371484,-0.0619224477619357,-0.0678321363370939,-0.056729781726018,-0.0454468975154768,-0.0211741098229293,-0.0185067787580185,-0.00296913673882018,0.0405418874244984,-0.0204426459009561,0.0847011081851646,0.101850020182429,0.0250978261064435,-0.00959877587481311,0.00249168088797957,-0.0124482070551023,0.221619518092386,0.185076857853581,0.157719908472936,0.132765616556779,0.10651209679644,0.0694823246658557,0.0435628148992388,0.0125049311810813,58077.6338139854
"355",-0.288334137896286,-0.163552988889491,-0.24979350680028,-0.144030705532012,0.0121080870832163,0.0295703464821061,0.00827407427141773,0.0164177878730266,1.1273912001436,0.336901663420379,0.327790552528722,0.354666229476319,0.439764515290732,0.672711542391632,0.829737436135038,0.956760395278222,-0.0899993415631163,0.671166311587939,0.704464057558488,0.65019699976771,0.533120537530746,0.309623292823976,0.160595093514017,0.0408599648514462,-0.0465059426990614,-0.0524439440706697,-0.0680527593988214,-0.049566041700611,-0.0455818580321352,-0.0216138927597536,-0.0170636456882367,-0.00182320041631935,0.00909158591086917,0.0112633757792622,0.0406310977668869,0.0721295708049414,0.0240274836345642,-0.020603750792843,0.0111341617646385,-0.0146571302590501,0.221594857324124,0.183802880071117,0.159088636626239,0.130360485561612,0.109165338413859,0.0708701283896278,0.0430797368321505,0.0122623244749984,58074.2942431212
"356",-0.26407082335086,-0.135158626411243,-0.232700258062697,-0.12747897141093,-0.0147444894249208,0.0312050719397528,0.0133655273505531,0.0182479793538702,2.43823872779903,0.326054909983574,0.340502775581605,0.289901752829483,0.5003563120248,0.661067279326551,0.82881515853617,0.957614112887012,-1.40984135154728,0.683393430374419,0.687746748058222,0.710843389191543,0.480046064310405,0.318248016176386,0.160569171147044,0.0393088430188542,-0.0382661504895256,-0.0404378100393654,-0.0765929156356617,-0.0569691128930369,-0.0538086944123588,-0.0212880873872565,-0.0150751098587682,-0.00265311780647342,0.000172966255241839,-0.0711851804960866,0.0305557499989499,0.0769081111376761,0.0300978544879191,-0.00780179954772894,0.00409965251312313,-0.0133604562572791,0.222096440783822,0.185618040935238,0.158641252387337,0.130571919130482,0.108230876395645,0.071041589132014,0.0435208521315212,0.0121712406246517,58076.9000058566
"357",-0.278191091263084,-0.179571726413629,-0.296775760286055,-0.150572560586533,0.00697569784881516,0.0121660158081902,0.0217376832007066,0.0176595407045929,0.236183237468513,0.231071494844864,0.363077274286892,0.255799866415945,0.473756551255666,0.671515024844215,0.820434386517069,0.956531228410705,0.79907515202119,0.785644032902658,0.672760788750708,0.752537806457097,0.500613384989141,0.312394223465215,0.167146289953181,0.040503706760147,-0.0523618254813894,-0.0529062600293625,-0.0620142891963041,-0.0565730728432833,-0.0434706298901796,-0.0230593808250421,-0.0176994611708152,-0.00259443412801772,0.00221036494098187,-0.00582144241837743,0.0970086969210106,0.0789303998980522,0.0186938531548567,0.00489222766558525,0.00211329605583194,-0.0119913088897032,0.214126775581943,0.187349727520537,0.157605989922092,0.132574186875735,0.108610937285032,0.0697695471359372,0.0440072476645194,0.0126232033228666,58081.1634515756
"358",-0.254027949757634,-0.172197939039516,-0.283998203929111,-0.15963440512874,0.00105983690682945,0.0418202120340241,0.0207648785285806,0.0189583619314893,-0.536431287260902,0.355551377967159,0.372986267043667,0.286932094063392,0.488616380530983,0.654675328047054,0.827745836534018,0.955248133361466,1.56711941517817,0.661789967046572,0.666296675440986,0.723738610539768,0.485247651473073,0.323233647550944,0.1595634069085,0.0415906515904039,-0.037039611342224,-0.0520462313517836,-0.0638343746923862,-0.0615034678993422,-0.0470087113908185,-0.023851645846992,-0.0158280132063964,-0.00253893373950042,-0.0210392675072662,-0.0371209329914569,0.0579607085793052,0.0840540459667638,0.0298961084694247,-0.0139628164125674,2.13044408878507e-05,-0.0139750316367631,0.213338319213902,0.187535665013472,0.162895050546664,0.128770787464996,0.110575605765636,0.0699778934903917,0.0434015168175403,0.012712879470807,58073.8747808306
"359",-0.317836951803727,-0.181953883787525,-0.264492046538316,-0.1188285613237,-0.0080746085790557,0.0389690044612864,0.0144844867886496,0.0140835134424012,-0.195574897142304,0.312130362274927,0.369689877645275,0.263391155449947,0.487054659753,0.657639576805889,0.830309099366044,0.959287757357127,1.24098057285263,0.704978192402542,0.662305014063179,0.74079250998648,0.48784035474104,0.324318177175496,0.157852167600524,0.0390818194634221,-0.0470653761102074,-0.0512185723035308,-0.0593532034441888,-0.0557478478885414,-0.0471531458940722,-0.0222179857763375,-0.0177061439608741,-0.0031753646402319,0.0372771881461453,-0.00237889245308112,0.0591130389258632,0.0373228737363142,0.0468608480307451,-0.0367176093062484,0.0117482808152952,-0.0121825446949671,0.217341677943334,0.183272166850682,0.15949028009444,0.131065126036279,0.107422422838863,0.0711442938509449,0.0431911934837025,0.0123389432983999,58071.0821283351
"360",-0.294781939665744,-0.124962074609514,-0.27387642588709,-0.13508025522946,-0.0133371661630842,0.0156102796136365,0.0231817136474569,0.0173947305324122,1.06830969142009,0.238609032691257,0.348916807939392,0.32755642356028,0.470969585548863,0.676155894548023,0.821741660971171,0.95656472816052,-0.0367938836713184,0.769472839686581,0.684403113861099,0.677413803385054,0.508174038118458,0.309096029274517,0.166627777962837,0.0405015081595222,-0.0470793943586582,-0.0460746996161705,-0.0637650256223648,-0.0561462724608732,-0.0481193328497404,-0.0272510640444586,-0.0167861718368655,-0.00212594509202672,0.0597328040876795,-0.0624964203819087,0.0795157849669706,0.071314326341666,0.0427238977693021,-0.00419442445176718,-0.0080714037916351,-0.0129286102170761,0.217195751649622,0.184879322317895,0.161803267252368,0.131523922488747,0.104990929466295,0.0706163871373821,0.0439257617969727,0.0128351402344726,58078.1327652322
"361",-0.297565631057035,-0.161437581773835,-0.266427295469884,-0.12793233711358,-0.0250139492434641,0.033430612731499,0.0196861450498498,0.0183487069689973,-0.411183435865452,0.208640710618987,0.412200968450519,0.289550324359505,0.492078510596189,0.658880140766419,0.818475374402911,0.956607325863305,1.45138296565538,0.801915990648832,0.62032304868403,0.714259696640998,0.489077325850407,0.318307663194316,0.168979101983907,0.0403518633182179,-0.0485502454815512,-0.044789867081413,-0.0670705493195925,-0.0603505452476681,-0.0468961219376746,-0.0204680433640491,-0.0176079273798195,-0.00260893540534817,0.0184430807797787,-0.0112216803389195,0.0733063231397196,0.0621069045541436,0.0416277422034345,-0.00308612550683245,0.00841650520483431,-0.0144631705561473,0.21593093129235,0.181900331484716,0.159411676518624,0.129298496809748,0.107299148218335,0.0693435929801679,0.0445653054811169,0.0123739869127567,58077.4087424777
"362",-0.250090006607491,-0.152632734416184,-0.272332931489885,-0.112092839160446,-0.0324574280492527,0.0324799977041037,0.0274339697839356,0.0185348020376401,0.7913971077426,0.281278489789426,0.282214383826593,0.299878701819542,0.483257011050682,0.653555597776037,0.820367340707556,0.957689010210409,0.235531977538084,0.729280277799745,0.749730021197308,0.702461535309445,0.500393970849321,0.325949253349672,0.167453997409711,0.0395302920849611,-0.0355048970744249,-0.0423120392781337,-0.0730991806896161,-0.0578529828753281,-0.0471527438561322,-0.024539777523658,-0.0179145114173569,-0.00253489968829276,-0.0186566422169753,-0.0411332200638903,0.0871879007707861,0.0367846770376685,0.0500712302537993,-0.00573589386388405,-0.0124121121890991,-0.0160620887769904,0.215476545480998,0.184870607311227,0.159471654445328,0.131531688258111,0.111095435781824,0.0689481153090509,0.0437931359835299,0.0126268229749303,58080.9355602576
"363",-0.250087384471068,-0.166152014246999,-0.277972263831557,-0.143813536208981,-0.0158073808608661,0.0321283498715821,0.00828751561410642,0.017376058174938,0.230931306007438,0.319233653445123,0.330350697377296,0.297300892761322,0.453947623377634,0.662711657444868,0.824495886174878,0.956447684123076,0.789532923548717,0.697259900892249,0.711155186765111,0.70589562359755,0.524727656197534,0.315047679173926,0.166569612678808,0.0406046813794733,-0.0317029460743953,-0.0534947288907884,-0.0713947388670417,-0.05234571540283,-0.0432759159090922,-0.0202709471560213,-0.0162494656335769,-0.0012498504235875,0.0169641910037066,-0.0350072017388268,0.0455701543541086,0.0800632334433788,0.042786729092273,0.000660671328840563,0.0105599738145759,-0.0130722650139384,0.220918324422323,0.185930969637966,0.161158155014455,0.132704700481323,0.107889862910637,0.0697446527710786,0.0435079032299838,0.0126519469721414,58078.5775293416
"364",-0.277115975899303,-0.136743524395379,-0.281190425171508,-0.13000533517887,-0.00253614051215847,0.0355778802969224,0.0207589779977307,0.0175133093321414,-0.115340064929827,0.256984989804317,0.323231340474751,0.326088769062878,0.465686506848745,0.665152019881347,0.821275500112366,0.957454977606785,1.14568529224515,0.74885737521786,0.711894109738002,0.67813523123386,0.5081933352947,0.313678188658395,0.168091152278448,0.0398459101044146,-0.0385440434611558,-0.0503763620891623,-0.0644362137557506,-0.0666023634199343,-0.0461653356322601,-0.0198760742494168,-0.0166780322925136,-0.00287070535482691,0.0204779853269841,-0.0332838631558587,0.0921467922734795,0.0668303233417893,0.045529255722317,-0.0185162420961753,-0.00468778725328347,-0.0139682721038379,0.218066527053691,0.185802334940734,0.160621148801975,0.130252227901501,0.108036645018942,0.0697554376655575,0.0437112496962252,0.0124493667861291,58088.974785886
"365",-0.263264228309873,-0.13358169899187,-0.261079875020122,-0.152767548487072,-0.0311398723094186,0.0319634930662058,0.00768712349633408,0.0196679894414291,1.20701358524199,0.212583494271778,0.306749335864243,0.306851816293871,0.465728018243658,0.666264175873127,0.824340888225569,0.955572813966292,-0.174489178785822,0.794540653829063,0.724074805120665,0.70296340363719,0.514885378574344,0.314073366878321,0.167157892439515,0.04125637728176,-0.040329261748349,-0.0534488666785761,-0.0603636478674134,-0.0685791724084854,-0.0517733562463002,-0.0226721634547228,-0.018689628179363,-0.00226066562827419,-0.0155219855434072,-0.0465341952918075,0.0463002408636641,0.0866423812143272,0.0716143485534914,-0.0113096335344703,0.0122419607346146,-0.0159107527188768,0.216720275822478,0.180816858690789,0.160619004244205,0.130482052506221,0.108566691748462,0.0703798189402433,0.0437525362239856,0.0126248715387713,58080.9998558683
"366",-0.262201388552321,-0.167708750721113,-0.251770138424943,-0.154418860534004,0.00811340579180883,0.0305665912970458,0.0123748044766305,0.0199363811973005,-0.110378515186596,0.291521805324315,0.278096727986002,0.317009319019403,0.472916167388392,0.66873731128108,0.824692194116811,0.956800135802116,1.14424707946013,0.726923555076742,0.752625071531492,0.68969415358265,0.501575492094344,0.312908150672345,0.164320350946189,0.0399463079653321,-0.0421177198118021,-0.0555757420886132,-0.0634547218965281,-0.0540013897892784,-0.0456946606511017,-0.0175171642012981,-0.0173056507740476,-0.00183023649459567,-0.0200356393967218,-0.0405025693455057,0.036386058687255,0.0870390406752583,0.0241879473275376,-0.0291263808994722,0.0104636232850369,-0.0162275909446999,0.217606334413919,0.183251566316166,0.160952740960377,0.130646075826226,0.108414478235541,0.0715938883654649,0.0435928379243057,0.0125054802694782,58079.8177273662
"367",-0.26470813464671,-0.149723718148201,-0.290368000707951,-0.0774511980066369,-0.0210481672668415,0.026737749746348,0.0207090606079681,0.0181555697800473,1.05705227503237,0.25090498449017,0.308870436178452,0.251153285842407,0.507333575136659,0.666293256144803,0.827099549954692,0.957991187422965,-0.0298926803151496,0.761374790242787,0.727422252908353,0.744993378953568,0.474388645641822,0.314835059934762,0.161498903649227,0.0387958690342486,-0.0449636619382676,-0.0563944946161375,-0.062400378639791,-0.058784786142675,-0.0520259309802567,-0.023681746969134,-0.0163333268017776,-0.00246978958900032,0.0265809214956818,-0.0507004394477025,0.10059476926191,-0.00155800301435312,0.0301743494364485,-0.00219778779013258,-0.00356630167044915,-0.0127077174738444,0.21424850639928,0.185269681865856,0.158639406457605,0.134558934822,0.107591471374311,0.0691643218615666,0.0440525746729631,0.01279241689585,58072.4878979242
"368",-0.244243720529912,-0.188471135930136,-0.296793092969314,-0.162269095859139,-0.0156877167332355,0.0247334468192395,0.00790532346735685,0.0149065333165311,0.921832104998718,0.287760823792941,0.352082425261372,0.277777685998216,0.483175738170912,0.672693137839503,0.828375569654129,0.959281443323631,0.103465055222248,0.727063805331215,0.684990524779084,0.726006936640875,0.497558860735546,0.308757816529144,0.163148432846047,0.0383371747181131,-0.0266930756775853,-0.0576793378678002,-0.0559492695055502,-0.0626633051642724,-0.0493327714624505,-0.0239124283229295,-0.0164955987490237,-0.00194927168256609,-0.02967955293179,0.0338202244004795,0.0899934618602854,0.143445930706139,0.0376993335608033,-0.00410516406785367,0.00536450838726156,-0.0120757231505954,0.221302707616495,0.183058457942763,0.159747554180109,0.133737062701765,0.108700198005666,0.069139433591299,0.0434118891776731,0.0124398639880139,58077.7247187906
"369",-0.218631701294083,-0.165983454355845,-0.244300688557757,-0.13111027181873,0.0210281374160464,0.0194668793439589,0.00820933846648392,0.0187217435414347,-0.793655488627355,0.355026942427734,0.332523280534571,0.2629483409116,0.459681064260363,0.675232897311119,0.830006522542592,0.956458268304965,1.81403890547623,0.659184855470471,0.69202421369514,0.742147418290827,0.513189079124476,0.306869689853249,0.1620473670004,0.0400752432891076,-0.0356486814053004,-0.052527486491462,-0.0517169788170341,-0.0505529211037531,-0.0486568943143087,-0.0248196998722085,-0.020733550605417,-0.00192283450653823,-0.0396767232584129,-0.0235043852226156,0.0487490099601661,0.0495922852799347,0.00290785406947891,-0.00713467425256723,0.00737634574217414,-0.0123811950250388,0.220029406977961,0.185168395555028,0.15760251480165,0.129504570464939,0.108333301273914,0.0694047053911235,0.0436599100228378,0.0122270307484973,58070.1115718055
"370",-0.24132554917757,-0.14236462565477,-0.256181256727332,-0.149905679682012,0.0155021774977236,0.0235635094974695,0.0127991334031093,0.0189740104770673,1.04495103922926,0.273682534655115,0.323955031614706,0.318291884077262,0.470668135014076,0.672544807650265,0.828866011690996,0.957190650901828,-0.0186136628466114,0.733555235733978,0.711773747217302,0.690022919779651,0.50481988440828,0.308643429771458,0.162306544835905,0.0400009696652736,-0.0422646604267423,-0.0424361456125758,-0.0719160614906013,-0.0548890241896751,-0.0464425451138725,-0.0249099979605048,-0.0181130436605344,-0.00259374291969988,-0.0171674344878955,-0.0436337397171941,0.0283184115506061,0.0728610237076582,-0.00630190515344265,-0.00213669671011531,-0.00356926581716451,-0.0174071008353104,0.219052926175378,0.182828328622108,0.16532326268204,0.130517553310051,0.107226487623503,0.069657065431373,0.043871589233589,0.0123653710476625,58082.5692139687
"371",-0.320548307428374,-0.150435442591533,-0.255291600868095,-0.143528576437641,-0.00676231043075681,0.0335870887951916,0.0117083988639911,0.0190754895488428,-0.311871577688162,0.323267160185126,0.364482775872057,0.270280576424235,0.480235779970912,0.667143714334216,0.832015872834163,0.957847127683706,1.3526335165008,0.681374170438986,0.669042337422408,0.733762798704094,0.499678841536966,0.311173405068701,0.159066680891409,0.0391434090228382,-0.0549447574146506,-0.0562005716521867,-0.0612069989294734,-0.0452590968417337,-0.0545917131401259,-0.0200964456746251,-0.0180741883140998,-0.00212328641948541,0.0721916678117769,0.0143269847989555,0.0223431916894578,0.0770341387973955,0.0282933217403395,-0.0111018838741673,0.00137552922334257,-0.0168997759972835,0.219852109662876,0.184313407756672,0.158881641743526,0.135190552889914,0.107066585709365,0.0703073202265761,0.0437425390845519,0.0123914009965475,58077.0042896166
"372",-0.251323118975079,-0.138153177371299,-0.277464163320588,-0.157435057035195,0.00468845836397458,0.0275976854779646,0.0116792650012316,0.0171753221726965,1.17894463213916,0.317136009634626,0.35069818030161,0.28492349154268,0.472842928422941,0.670295097987067,0.831196706696482,0.95724485795496,-0.14545147746504,0.68974481605409,0.684126092087952,0.721502652237734,0.500456230107758,0.309375274997058,0.159379016443145,0.0398828599021949,-0.0486377506416849,-0.0440428532514604,-0.0620260078355951,-0.0559570148338761,-0.0439518219302492,-0.0210882073580837,-0.017360088920765,-0.00287273655956777,-0.0248625546824476,-0.0370503891106628,0.0687196014802064,0.113319440053359,0.0317582907253085,-0.00307379367845373,0.00179202503531743,-0.0129184595835704,0.215514542149102,0.186237214553941,0.158480553852856,0.131404296510497,0.107335682779419,0.0706974088037244,0.0433747946048582,0.0122638910467608,58086.6163716527
"373",-0.253034991303637,-0.162240170414148,-0.246763630710644,-0.144937662569938,-0.0320890808374191,0.0285299617310981,0.0212947076298116,0.0158090174653144,1.10559444977625,0.291165663632031,0.268054669058779,0.300970874621846,0.485249826229118,0.660708070671472,0.822224540720875,0.957294101470226,-0.076304954297501,0.720434743567567,0.75784830740142,0.703193089485837,0.494613439307135,0.318712503062778,0.164744507095464,0.0403588222802645,-0.0571292479728137,-0.046632299698915,-0.059052996056923,-0.0597960134231966,-0.0438947999753391,-0.0210531115139761,-0.015486902745196,-0.00302575567144892,0.0101151659038072,-0.0243758785888664,0.0609833856750293,0.0943206754852332,0.0648650701191062,-0.00583243149871043,0.00392862867155625,-0.0114052409773608,0.214492435146021,0.182149422814333,0.160144757150186,0.133733619933802,0.110544212877604,0.0692698995943232,0.0434627870705778,0.0124749312564506,58082.8522160342
"374",-0.270577934311751,-0.147659919678362,-0.257416472692579,-0.129644702774999,-0.0262559263885353,0.0379697335644506,0.00802534990885652,0.0191971521257213,1.58185438483356,0.262137153968415,0.316785180225675,0.280526279190824,0.483923688162653,0.670796697343186,0.834769484138242,0.956984138864902,-0.55083731242792,0.743588764915773,0.713136824044519,0.723844753081447,0.497517490696952,0.308028201289295,0.156256538585906,0.0398422389984798,-0.0355264360559233,-0.0529520362051112,-0.0648927404208681,-0.0570257111373827,-0.0497809907773151,-0.025179559696092,-0.0185660221580379,-0.00216881795392386,0.00269088721424353,-0.00288378985886799,0.059677024639768,0.0619622691371912,0.0505149432837231,-0.0153726688749692,0.00665077096451189,-0.0165580862034924,0.219016655409353,0.18181002142366,0.159838392459627,0.130033024323631,0.107937311012505,0.0698783100649026,0.0450012289242383,0.0125726145865094,58083.8102296935
"375",-0.305403757863517,-0.142348418988127,-0.256886574904012,-0.153019192465769,-0.0169711516434907,0.0359281864709074,0.0202616289733113,0.0183905065275585,-0.393831710641191,0.247619064506075,0.31932689268097,0.306672089334289,0.497503787565747,0.668214558217346,0.826510348005572,0.95741614107295,1.43929277972769,0.760157799243913,0.709197378721805,0.704056627250594,0.483282229204909,0.31012066009367,0.162122013191423,0.0390776239935309,-0.0412930100296876,-0.051427781680874,-0.0620245220587823,-0.0572546920789925,-0.0450058888495094,-0.0242290809831056,-0.0201446266149865,-0.00198673169632735,-0.0167894218414423,-0.0317905700734929,0.0785237346048658,0.0748071829974428,0.0312974539053879,-0.00702871701884494,0.00248918439301747,-0.0123396922024215,0.21670933821805,0.183447535769197,0.158967257388873,0.131501702665203,0.106327004361383,0.0718889098958308,0.042833685809322,0.0127017650237303,58074.6474650032
"376",-0.264902382677337,-0.206160783158819,-0.267367413370884,-0.161959534168491,-0.00871595439094626,0.0334514114261442,0.0130629838710954,0.0176098586256439,-0.194232277985839,0.268210855070704,0.329390969050336,0.319496564902189,0.488935400820361,0.667925145141434,0.829654146011668,0.957160137743935,1.22884107633476,0.758361910747646,0.706987553780708,0.687653785356751,0.490325200642938,0.311915446504857,0.161013603434842,0.0402550193331169,-0.04739202401687,-0.0627230365824391,-0.0648201412387507,-0.052010493994776,-0.0468626251463793,-0.0234728992746168,-0.0173887818616081,-0.0019438598089198,-0.0233205089787471,0.0124191259373294,0.0483645371606984,0.104269430467377,0.0248800227927596,-0.0170098073465813,0.00140662031445686,-0.0153577728214413,0.222439749219162,0.182645455076546,0.159194440801141,0.134410179873303,0.110600420542443,0.0704114158179001,0.0431553175534512,0.012343083922399,58082.2027199501
"377",-0.272693734164847,-0.140843131524103,-0.296002148991053,-0.121575652028442,-0.0183349968180292,0.0162560928394896,0.0145352603834984,0.0154386353907109,0.323620089901849,0.354656593936537,0.332072665167089,0.273206688236542,0.457908043822091,0.673419837549356,0.833440772483395,0.957596583308519,0.707239105078556,0.655000834356534,0.706161208571831,0.725289015707167,0.520255513952112,0.311355791562357,0.156664326021396,0.0400779502831278,-0.0291914789357907,-0.0588107373900327,-0.0689287953791818,-0.0518071551383257,-0.0490322223483995,-0.0233952961897415,-0.0158229647759966,-0.00233345666264758,-0.00494491312697834,-0.0240252010570016,0.102385822669765,0.0649215408718327,0.0513070312218106,-0.00877985917119039,-0.00522994739030824,-0.011880402170375,0.220087651301847,0.186970073355938,0.161556314555329,0.127126805190617,0.108237926121625,0.0706340449698111,0.0438090411295533,0.012262937406582,58071.7426997651
"378",-0.293509909791298,-0.151257273502768,-0.293661380837647,-0.137519128310768,-0.0128224308930096,0.0196713787728073,0.0190968309393947,0.0156810048132116,0.515160659367698,0.331010187614496,0.392178498744321,0.302800176815643,0.505206243035912,0.664161133503989,0.825981543224151,0.958435353385626,0.519231346282897,0.67737123903559,0.647821465741834,0.699171594752731,0.472926035191487,0.318522387281107,0.161727564264107,0.0393667285784428,-0.0434230107236049,-0.0459360567567314,-0.0633408938254714,-0.0477673235007384,-0.0477677197894409,-0.0258971655931958,-0.0169335244951119,-0.00283099260996685,0.0343752024417182,-0.019420909484665,0.078063596737954,0.0829577663977715,0.0342239220870904,0.00195964411893254,0.00327086896315268,-0.0132383116730794,0.218027608613206,0.18464341724733,0.159888232437192,0.131608269416654,0.107271547676356,0.0704075155176475,0.0438709673634742,0.012757919915821,58085.9389456847
"379",-0.275594585234505,-0.16818787950122,-0.246759280168329,-0.142942731315826,0.000182570638795444,0.0210760244183978,0.00869317590873187,0.0150801489576391,1.50664770604312,0.239945694180959,0.275818088874083,0.30801848767502,0.472329457260709,0.666318540308249,0.83560208530547,0.958542159965657,-0.46760219445902,0.77603524494163,0.75189741360415,0.697888823703667,0.50248701044313,0.318803192850882,0.156000942367723,0.0393971845612047,-0.0455638542959191,-0.0505129623735307,-0.0635597389392046,-0.0595747339743661,-0.0468244318191284,-0.027193258225895,-0.0182277368394065,-0.003121107410319,-0.0135104085691723,-0.0292580285316408,0.0461814602113289,0.0855903068905648,0.0222377917050398,-0.0162707324455526,0.00633321161832964,-0.0115563687968209,0.220443692550818,0.186155504042445,0.161143444322537,0.133289649197003,0.106984077782177,0.0711954916731213,0.0434268650253374,0.0123429074917492,58074.6831263859
"380",-0.258635609292267,-0.14816080667819,-0.293620419418165,-0.147243345123341,-0.0205942027521483,0.0214826860640886,0.0132809700556297,0.0178552812330818,0.732853736352937,0.286198094406594,0.33768797400615,0.31039798842363,0.481103469199005,0.666729035864578,0.827249832513966,0.958541636062052,0.304173276752839,0.724794110939948,0.701328871932586,0.697391287246344,0.498538812049184,0.313801861202565,0.162398303848199,0.0386441826294702,-0.0536542308498879,-0.055768854317646,-0.0694721569223795,-0.0576293998043834,-0.0457306573964307,-0.026608624554366,-0.0200216780586776,-0.00288490579754828,-0.0372714916370264,-0.0196084117648192,0.0849701267365157,0.0812736617492006,0.0472081825436444,0.0123658538244801,0.00739438572338885,-0.0147482490328672,0.210003367351776,0.184944994007281,0.160307609700797,0.132792168546251,0.109718535485085,0.0711453366174204,0.0438679660918262,0.0126157301220092,58082.1291613924
"381",-0.303561064102314,-0.189128790885799,-0.29118752734477,-0.178960179282633,0.00249971744624437,0.0303458036653971,0.0163856475886501,0.0166820634478018,0.35220021159659,0.354269815527588,0.251075999475546,0.338730370552641,0.451186969742332,0.660262453092034,0.822932685818666,0.958490648521241,0.679990296436311,0.663675375395874,0.786661994536987,0.672341899472794,0.522969587163656,0.318079961948259,0.16740292820594,0.0387155248142112,-0.0559390799333071,-0.0649928032131544,-0.0644338048548802,-0.062969989242438,-0.0455771651995147,-0.0181891164340224,-0.0181090941394495,-0.00285127468500473,0.0979768278831506,0.0216296286529661,0.0750423263511691,0.13949244826872,0.0349195241467775,-0.00434365090146076,-0.000524418841242807,-0.0118521311540228,0.219138210921351,0.182181282667967,0.159729481443184,0.132602435051937,0.10804723782761,0.0695838838611457,0.0437210172846983,0.0124376899773102,58074.8499941871
"382",-0.335184788408077,-0.175416441035961,-0.310354891908681,-0.134195204120069,-0.00211244190815229,0.0227760258736087,0.0170776033368202,0.0167255589462474,0.104927197372738,0.303179264094674,0.35178046845009,0.318662744933768,0.468721573342517,0.668912485707415,0.826018770225257,0.957169575264766,0.936102368697713,0.710304691703474,0.69187927358949,0.684115379927413,0.506317133918786,0.312927860673159,0.163197622549305,0.0407907111531353,-0.0501744343201997,-0.0506986945177844,-0.0669855230017185,-0.0564946485099626,-0.0454806318751386,-0.025359765424568,-0.0151515114802548,-0.00198715853657309,0.105721955081688,-0.00343355187980815,0.0919114886553531,0.0765742944689268,0.0361848699791724,-0.00123844773009841,-0.00101155021742043,-0.0165792647270748,0.215991690289152,0.18853364519991,0.162316525588005,0.133510328684776,0.107922388904546,0.0694011045209122,0.0435967413666151,0.0123826798477202,58080.7238790463
"383",-0.239573405267825,-0.158476937495411,-0.268641865249405,-0.151287492752426,-0.0169379516592994,0.0251445010734517,0.0242917101781517,0.0175799927289362,-0.801743322119631,0.290869029577766,0.36328480435511,0.297603345977853,0.470923409157656,0.665773840948985,0.827079559215969,0.955495495317641,1.82513090177222,0.720356031622892,0.67479622443105,0.705086932757878,0.506462449355031,0.313934847268216,0.160779796329828,0.041303498893145,-0.0346383878093445,-0.0499100312122105,-0.0612602355272948,-0.0468082562770901,-0.0446246493374299,-0.023804802899045,-0.0139440398996282,-0.00223149570235138,-0.0111242036639519,-0.0257334840160808,0.0390511660695939,0.100678906555781,0.0508910614665152,0.00478485345558606,-0.0137211120371611,-0.011031764836088,0.217680220699654,0.183413931983333,0.159601744763226,0.131643450902221,0.106698701792421,0.0721904331766009,0.0433888614272633,0.012328428387674,58076.2265546207
"384",-0.226545386178415,-0.146086317125625,-0.252350168636398,-0.128370959723984,-0.014859808913285,0.0176499350460695,0.0125866324292704,0.0161661865547023,0.274805847244849,0.32567231760317,0.264935687473863,0.266044188018159,0.4628373114305,0.668648272456333,0.827059855949966,0.958249104641766,0.752246926689537,0.683202254248418,0.768219138178516,0.738621494543114,0.515298764311417,0.313275487556355,0.164707720663692,0.0389877860755106,-0.0497733111496641,-0.048290831290006,-0.0635876579349094,-0.0650756516101418,-0.0471555634576805,-0.0230006081002089,-0.0167321441333601,-0.00219141650753023,-0.0563251092329281,-0.0353002416516541,0.0315845345959165,0.0668058197024885,0.0446296183013717,0.00866320628467682,-0.00347776950183891,-0.0124249353684058,0.218361336192559,0.185046945441664,0.161969032782875,0.134354309976314,0.107157970656461,0.0691368777010887,0.0438127394543339,0.0125446805859669,58083.2627173493
"385",-0.247718225851679,-0.137430889844647,-0.280962936614425,-0.131548792985071,-0.0263894075363068,0.0307395204490066,0.0141509095643299,0.0176057946914588,-0.402898851533689,0.286110136862855,0.385868771317713,0.304462783399361,0.461592998877968,0.657689136272578,0.823929001748301,0.957836544380467,1.43205719050144,0.72302483482447,0.650345095985076,0.699555492935354,0.519631592154716,0.322630013294928,0.165501193576227,0.0392160733240634,-0.0518200062774564,-0.0609806471338489,-0.0679273330338025,-0.0607150055229849,-0.0531715736990805,-0.0212030942275908,-0.0166806698238652,-0.00249780224796239,-0.00822115762685926,-0.0442795958420052,0.0691756271556558,0.065130274144068,0.0627902504958412,-0.0078529634231338,0.00772849615976029,-0.0128473604770042,0.214669093418361,0.181813089252357,0.161644383826491,0.131436231933699,0.108844776609141,0.0711961240124028,0.043134845107468,0.0126190049536803,58084.7152241779
"386",-0.263237263577423,-0.162206582929151,-0.241007280653785,-0.144650134523969,-0.012851865395296,0.0193451058632601,0.0219124185193757,0.0163331660234074,-0.00219196381197908,0.156806132684368,0.300161774881747,0.293593797734277,0.471855493899053,0.680553785882026,0.824142400849539,0.95871956163937,1.0328173696249,0.852342711532596,0.723667004775093,0.713419486406414,0.505032827570707,0.300000554066419,0.164211655779052,0.0387593128983504,-0.0293308293982118,-0.0427703895649855,-0.062148466374123,-0.0602412215334501,-0.0570845403180224,-0.0242665131219823,-0.0149341736657939,-0.00291159686802281,-0.03279114735358,-0.00769280940195489,0.0561507214237644,0.0763460987874713,0.0574832810189148,0.00739398272588323,-0.00271985857337025,-0.0126714657528096,0.218463833140309,0.18204221125794,0.16070196715231,0.132935118907256,0.108875220628683,0.0701565142693711,0.0438799341110955,0.0123437667946089,58074.0266683568
"387",-0.220798919814512,-0.179549930814379,-0.28142479950753,-0.11742197902072,-0.00271065764518802,0.0330841488453696,0.0071167358831734,0.0175292292579357,-0.0639606387166442,0.273167515934476,0.29335665101747,0.270528493444969,0.482288795618576,0.657075583248957,0.829484835992706,0.957502624195445,1.08796997758302,0.74231542100398,0.734610290151565,0.728306498590328,0.494453982832916,0.320949708696315,0.162023218825763,0.0396323475330052,-0.0459142168810354,-0.0490152191439599,-0.0643069623033423,-0.0559273711696864,-0.0494053679724239,-0.022545217751805,-0.0192890642976217,-0.00279366911763485,-0.0393366776132109,-0.00207561429173954,0.126301216352334,0.0692347894323814,0.0276545240009862,-0.00282977157203093,0.0105697769780596,-0.0136663126856313,0.21735789804032,0.184257317105533,0.159545346490321,0.1326226128814,0.107601045650682,0.0712661247016371,0.0438105124722073,0.012275337273811,58086.6894178272
"388",-0.248314319346148,-0.141145558608143,-0.263614394514042,-0.138686327047716,0.000465610173900615,0.017734074783015,0.0193925626408046,0.0181560098786367,0.951881825090899,0.255205020276474,0.294096183138758,0.308106592829148,0.462086177401502,0.679449407608812,0.827703152493767,0.957347098065858,0.0656131612516518,0.754345374875221,0.739616666326209,0.693893835755028,0.513402823597411,0.304990706157145,0.15998082280787,0.0394953163361656,-0.0439260949671665,-0.0639760790395705,-0.0723702233020418,-0.0614651454868485,-0.0426001668057767,-0.0270296812523916,-0.0170898561860532,-0.00226952173743628,0.0666371252113513,-0.0261949771002071,0.056297397908117,0.0890907277651813,0.0203715344844856,-0.00586621102390513,0.00223423504002703,-0.0124860488009176,0.223201200842442,0.182665054478738,0.158452565656347,0.13433575886633,0.107032947097546,0.0694059661121627,0.043282441841391,0.0127162919638802,58075.3990720493
"389",-0.235303759634129,-0.151224097055383,-0.266597098900702,-0.153846037780197,-0.0360313060243374,0.0180688523642384,0.0124538991019147,0.0185830116250944,-0.495089244877567,0.314793633990618,0.315713271021921,0.289351192205601,0.48430180983412,0.667871188891332,0.824768599162524,0.957015283668533,1.51771245923133,0.698867344800456,0.715277076437901,0.716193049136285,0.50040059211284,0.315403926868667,0.165697072271757,0.0402545584612406,-0.0512243883918448,-0.0587219579325129,-0.0678912580325241,-0.0627393152058969,-0.0557629119639285,-0.023182830183536,-0.0163993899983151,-0.0024347474802985,0.00559952187967809,-0.0322516375959045,0.0928016778203308,0.116536520164333,0.0590958987212797,0.00288024184541991,0.00320720867118957,-0.0163303153756737,0.215765875022457,0.182266036176023,0.162972107970568,0.132010889094006,0.109114513757122,0.0705894812096378,0.0443940260136987,0.0127224753793372,58080.3946207104
"390",-0.24230576165459,-0.189932107412637,-0.273644595227861,-0.14957087911712,0.00923705533847156,0.0294999893438578,0.0117935511960142,0.0181568321782032,0.741418778228403,0.321140748810377,0.368122370756256,0.292144196593926,0.47955472032864,0.66848022886427,0.832969002102042,0.95773237283093,0.281707454755461,0.693081144582514,0.668913349833263,0.712683134240551,0.48909949914239,0.310281204270886,0.157967906358373,0.0390877548822629,-0.0436256578515907,-0.0663209409035672,-0.0794958846394085,-0.0580829859800842,-0.045391913866379,-0.0193615445631511,-0.0176182024842975,-0.00266780205058938,-0.000981742032258361,0.0420576513354546,0.0719726195575455,0.0987670374964062,0.0492291585763197,-0.00640691682442606,-0.000754521818157643,-0.0128425980106953,0.217437668464572,0.187941501161188,0.161886001352515,0.131615627083902,0.109641860411991,0.0714120665205562,0.0436444455070088,0.0126845274627548,58077.3889619779
"391",-0.313867415686178,-0.171670424024965,-0.264481333920628,-0.151545115907808,-0.00810434269571406,0.0280441415841338,0.0234045174218279,0.0170286057593858,2.36902118285904,0.288603904542359,0.329962383607465,0.306356407720503,0.474643146823088,0.666016779145782,0.822375031210337,0.95728441937209,-1.31733982897257,0.725217997284579,0.703489680009294,0.703237027739546,0.500697241466005,0.313258495520115,0.165655790563725,0.0397262646855079,-0.0594650823317035,-0.0377186819445349,-0.0673098837673948,-0.0564390332906396,-0.0501451067110785,-0.018863560050813,-0.0189515618623882,-0.00264436998829564,-0.0181464193603963,-0.0293792585640144,0.058762575172066,0.0742355822048682,0.0544159955728365,-0.00282271873145868,-0.00348839535346016,-0.0121279751871599,0.214042005333,0.184316283252698,0.160690824455465,0.132544744645522,0.110352136723619,0.0698786601421481,0.043253228568596,0.0125087471005674,58076.1377861684
"392",-0.236600282599219,-0.144022694733368,-0.278866835322268,-0.141509268263034,-0.0123990060343418,0.0247213258040424,0.0162650205923783,0.0173657665651118,0.0406018202183523,0.308238136258632,0.295443202511114,0.309947066877152,0.481248015870659,0.680523679276956,0.822956089199865,0.95825624598815,0.986330844726507,0.704560867687527,0.738616527975756,0.692476806138064,0.492287947582443,0.298828845225169,0.166889180186555,0.0382263806203792,-0.0510081986435841,-0.0392211814892476,-0.0591485463866232,-0.0549651552353581,-0.0409140461488767,-0.0224909939437342,-0.0206187096167056,-0.0024750607962398,-0.0235867864201477,-0.0760976798088202,0.0709000014684726,0.0956240503776073,0.0549711393558358,-0.00274488448777054,0.00247119702371638,-0.0097444777398759,0.21916781425006,0.186970884204323,0.161475822494327,0.133135877000098,0.110077646651251,0.0695394475121216,0.0444326429437913,0.0125138002463503,58072.2115494371
"393",-0.304237399904443,-0.199898694115159,-0.244400067376366,-0.123647042047316,-0.0177920387332246,0.0354998080531633,0.013146097608263,0.0159118577062344,-0.407681150488909,0.370692939827319,0.308803437202802,0.315822121414729,0.467900704320242,0.674451873013737,0.825962815333365,0.958783874792911,1.44506153028675,0.651375766224564,0.718531880258182,0.682186522695762,0.51129805506346,0.304503268957965,0.163832435443236,0.0384438981923718,-0.0432233291877281,-0.048321978450685,-0.0696279284046493,-0.05332805890745,-0.0507525050254882,-0.022804205183515,-0.0160744451977315,-0.00247110350189279,0.0617962912263028,-0.00818002967689461,0.0534533842317812,0.0697955348714924,0.052825736646032,-0.0198711044814975,0.00706785185343025,-0.0110586974500648,0.216141739527905,0.181902478091651,0.156289122071604,0.134170041950477,0.108596352974504,0.0692792152105787,0.0436378415274548,0.0125722512526619,58077.8663885115
"394",-0.261623731531351,-0.151601979659046,-0.266908049203339,-0.13228751148308,-0.00315141760726022,0.0227735849469898,0.0232324300546478,0.0189220557935989,0.0462495652260419,0.299315084477285,0.335121272940008,0.304023995806749,0.479628058740101,0.663499809230027,0.816365973197532,0.958347450613484,0.979451025736324,0.717257393120959,0.698831479138629,0.700563000444696,0.498765523327375,0.31943406934247,0.170832682880337,0.0387033963495914,-0.0319225537939112,-0.0473047325302156,-0.067028854063862,-0.0556229481536865,-0.0537898417303019,-0.0237986676154399,-0.0160181012024456,-0.00270608220028342,0.0309638463411376,-0.0800272593208536,0.046156399992572,0.0654676154798984,0.0292118333719605,-0.0104828665040334,0.0033693395192125,-0.016335498695161,0.218549633958868,0.182446743256359,0.160900726329792,0.133514120339539,0.108750232899467,0.0716187664397115,0.043500553221794,0.0125141337482252,58079.0133172124
"395",-0.266272564412631,-0.161944042475623,-0.245281098788682,-0.147662084399585,-0.0028771508320433,0.0271100712013067,0.00804200715758466,0.0158369037337194,-0.161275169875925,0.229787579211611,0.320254828253573,0.290635464484947,0.484963864227166,0.664331935390679,0.832384041833203,0.957386756152233,1.19553183042164,0.782250573128663,0.707559565911081,0.715281510436257,0.488740778482049,0.316107104300284,0.158836229311069,0.0403565517776275,-0.0526383220999597,-0.057931961929922,-0.0673035306711479,-0.0651484696361837,-0.0507110594837397,-0.0223459429572099,-0.0194308780864633,-0.00288488622072882,-0.00533128878846929,-0.0108344765524839,0.0472314115946513,0.0954966413735312,0.0382458873069202,-0.00239169612330149,0.00710322856994517,-0.0115129466951872,0.221052209129234,0.183297095248656,0.160260194911722,0.134534229823149,0.110237142861392,0.0716178038295465,0.0434640331713582,0.0127351122709432,58077.7573398429
"396",-0.217151114368876,-0.153387316492809,-0.301060316349253,-0.130099231088082,0.00773629502456802,0.0248814804906316,0.00868482449105693,0.0173080032904216,-0.145548782245657,0.288175257231591,0.275856233439567,0.258035511185992,0.484298618170331,0.660681667482328,0.830135887958592,0.957259785226722,1.16937443517014,0.717504472007178,0.766070430117768,0.744377191610149,0.490101101875678,0.320252511376784,0.159436006908701,0.0398866415533158,-0.035680807928554,-0.0491639924519477,-0.0615438234313886,-0.057419532801115,-0.0465471308350186,-0.021534964482291,-0.0152848386338367,-0.00236156601702348,-0.056960102358406,0.00636748946686626,0.0783928565280016,0.077143489028731,0.0169119894587953,-0.00514329279786077,0.0141869393841377,-0.0134873441638849,0.217272481874565,0.180998936104529,0.159540689656896,0.132412915242239,0.10770243514767,0.0686300597411567,0.043583604343439,0.0124440223156585,58082.2762582755
"397",-0.238748539040607,-0.162019380159506,-0.293915419534429,-0.127362074348084,-0.0106876544432195,0.0370263821390226,0.0201649613028705,0.0180619908670437,-0.484763599483297,0.276940178828565,0.331797330956058,0.291847117533917,0.470114259585331,0.667940114272392,0.82566091414328,0.957883950990368,1.50375519470291,0.733428304036363,0.707732209874527,0.708249564902599,0.508716325872882,0.309586322264594,0.163626086734785,0.0392404786491356,-0.0485453373306817,-0.0575151945544365,-0.0683779747373152,-0.0557363990556444,-0.0480424228450206,-0.0240510196097603,-0.0200848270808835,-0.00370435337872223,0.0463973442348631,0.0068897467416079,0.0878778346384108,0.0702167175053537,0.035660431189024,-0.00515024925233506,-0.00132662983739848,-0.012219663476955,0.218621493237929,0.183050492383074,0.160934397045771,0.132670542364096,0.106846516432091,0.0686321317844732,0.0441828265021877,0.0124914760739783,58075.2306322592
"398",-0.283455923861265,-0.162054092787631,-0.255086948189375,-0.132298953255632,-0.0168366824411586,0.0281384514511046,0.00978078359744629,0.0184310187794736,2.58314485135915,0.305861370357789,0.287146816624354,0.30944399518729,0.484346396577401,0.665108740742084,0.831339268073792,0.95731483449029,-1.5565703003328,0.712736485851145,0.74435393151931,0.694041538931904,0.493318460321854,0.315816461014281,0.160042650495433,0.039849393885061,-0.042882105913749,-0.0492460401626275,-0.0675796814742104,-0.059418185628217,-0.0511690286834149,-0.023876778756425,-0.0170796473587652,-0.00219263808408071,0.0911749399852254,-0.0529282901162682,0.0579173349045125,0.0700882123191081,0.0549082675229492,-0.00982162664153095,0.00380646572323109,-0.0155231201798822,0.216150412365438,0.182736168215977,0.157366913136086,0.130935480941522,0.107314491943044,0.0699094726460402,0.0433090714488151,0.0124815658808087,58081.4533397527
"399",-0.286223175029268,-0.15842318290897,-0.271837607730224,-0.150806475816355,-0.0216794759741986,0.0159134122451157,0.0173439869824505,0.0158527481438698,0.319601432052471,0.242046009748556,0.285256944836202,0.330386596606373,0.472376407616991,0.673823855750393,0.828689953128053,0.958565094716451,0.714117937441919,0.766532401755642,0.747971116885211,0.676663646018673,0.509473992262456,0.309248827240314,0.161499467002769,0.038989140966198,-0.0472232903893084,-0.0569514266028366,-0.060466281510545,-0.0507294347576399,-0.0475177243107928,-0.0223052909612877,-0.0187809864419603,-0.00237691151309958,0.0308167536808179,0.000511441123183999,0.0672917010993316,0.0719687956468481,0.0422770820610329,-0.00183907975383457,-0.00281492930177573,-0.012754278352396,0.218522098393552,0.182177635630806,0.159872955192143,0.133314919399376,0.106938733213838,0.0693811792902014,0.0434463486080269,0.0124479981969676,58088.5655988987
"400",-0.220740140972736,-0.168071104421932,-0.288149670616592,-0.144461743641517,-0.00422187548796129,0.033353203073224,0.0183649485577095,0.0181332779656097,-0.0682391810570989,0.249616794416635,0.309121337455611,0.33358882323484,0.504869355161017,0.668016416825606,0.823130131992439,0.956850415576905,1.09026593276353,0.769037074017554,0.728041196129823,0.669980982434149,0.476993418214747,0.314314335333423,0.166333106600318,0.0396788261518253,-0.0494617867970008,-0.0628590270954854,-0.0710372783752107,-0.0610258113896057,-0.0490338477163917,-0.0265014522761118,-0.0162291677228509,-0.00132761807873352,-0.032540820641076,-0.0307249282819393,0.0864057841067664,0.103971488812953,-0.000759520898531024,-0.0240760852067857,-0.00336175754714304,-0.0133379332693182,0.218825026052792,0.182896536903359,0.161889808378744,0.129279256588358,0.105289964092806,0.0701464755546368,0.0431469092761021,0.0128053077704452,58068.4288667166
"401",-0.285955504475446,-0.125580637767734,-0.257182018202368,-0.117719723443659,0.00273803777323855,0.0266902217696831,0.0173334802125533,0.0164203290273887,-0.756170613378736,0.33453097666403,0.326109190318314,0.316210819291031,0.459469478208653,0.666745400620834,0.824672429435694,0.956983849496217,1.79373436926704,0.674303884073825,0.703493689200002,0.684295325767394,0.515879274381056,0.315101108971591,0.165025995467002,0.0402319715971487,-0.0484537443089214,-0.0505857594741521,-0.0682314141109826,-0.0497268985850942,-0.0461168605383217,-0.0238646171894438,-0.0182415625333982,-0.00250720506150978,0.00274488789982119,-0.0848237090030595,0.0704820841013564,0.0411363059477206,0.0214005738874937,-0.00746003644531652,-0.00381822131330259,-0.0115455376003804,0.220378944003811,0.18856866490009,0.16240670162765,0.132133789579006,0.106963994887154,0.0690220722769455,0.0448451446474393,0.0127960556787902,58078.1836641561
"402",-0.279071266003203,-0.181476039087512,-0.283770584203594,-0.146070391181042,-0.0116548757197017,0.0267533898688864,0.0104156861586986,0.017950663926912,1.42233378169769,0.274185245110622,0.329824023519857,0.284446616818584,0.49492301159788,0.682182729441223,0.82928898629468,0.956994615114424,-0.393752988527429,0.735991368664741,0.707076254579025,0.72028589731293,0.481290504480217,0.298002265012217,0.162000975061895,0.0400476650651001,-0.0342984818471879,-0.0499988757725155,-0.0656772733579464,-0.054679999817173,-0.0463913340734021,-0.0228857345753267,-0.0192657839220151,-0.0029986207361546,0.0401740300708267,0.0393870416673427,0.067143927815724,0.0990434511528085,0.036544352613345,-0.010798934190243,0.00188587665586925,-0.0129867316983178,0.213427691139363,0.185026814147194,0.158830067453496,0.131702334681404,0.11046108069477,0.0696710238880635,0.0432670377385687,0.0125487779299714,58079.7821368706
"403",-0.251186302854375,-0.18540456330446,-0.250036426053219,-0.137246894526855,-0.0138795601244895,0.0257753111199631,0.0199553529872813,0.0170372597367181,1.17420025559354,0.237671090397426,0.310305826578608,0.311822141049855,0.483331172814159,0.66964556281762,0.820925443477241,0.956884559383734,-0.141977312191462,0.78369990357388,0.716074060763741,0.696309468764144,0.495106043751625,0.312288452740543,0.167802290320451,0.0405226531194808,-0.0418124304038338,-0.0657853890709626,-0.0603541057666034,-0.0559910999850482,-0.0458024023600562,-0.0251919828260708,-0.0161503557996889,-0.00180458063478212,-0.0508610611922083,0.00552817024225241,0.0656244630809403,0.0432762007995584,0.0313306554306859,-0.0117103965450682,-0.000973996537178058,-0.0146941829312874,0.216744933004482,0.187568132852087,0.159080321852155,0.130891953489618,0.107470031914597,0.0694160343943845,0.0435587502109002,0.0124496652178213,58084.8844081425
"404",-0.240100329005248,-0.147979347526135,-0.264262419376468,-0.171348429882937,-0.00264771317097929,0.0190927801477358,0.0198663135942719,0.0177418791694485,1.67936988618903,0.333307009914023,0.298621429337916,0.316409122129045,0.477840942276674,0.662954100500154,0.822851377193306,0.957184848694638,-0.653027947764147,0.679361596901417,0.732844609029106,0.698411888237224,0.496715094483761,0.319381719852557,0.165473576051679,0.0401725298137255,-0.0483894912541232,-0.0484778571873192,-0.0635878535056441,-0.0626731585652743,-0.0530793049683427,-0.0177739426527623,-0.0189023038978294,-0.00242880456611394,-0.0217364518621034,-0.0573288018815445,0.0741930306393605,0.0899818212007809,0.0418879204258168,-0.00175089457701783,0.0016029513578812,-0.0147920749497127,0.219258072966187,0.184312761879097,0.158081806670375,0.133639295219518,0.108073674719838,0.0698790672012749,0.0436203155923303,0.0123233895639718,58083.9584663737
"405",-0.228053014085426,-0.164568716477896,-0.270465384978086,-0.142242494145927,-0.0156815828561796,0.0182314093866519,0.015483773044807,0.0172872167754869,1.0583328298833,0.35941145093143,0.267939845058673,0.314366200791906,0.470589440782119,0.65979779318848,0.824311276454282,0.958273720638636,-0.0382706242018667,0.655812749780906,0.762711061221693,0.691143604113023,0.509935881107065,0.322161762424545,0.164643086606075,0.0389357311226063,-0.0374679570649072,-0.0604884585913137,-0.0628641806695156,-0.0599122108870663,-0.0456912601475041,-0.020751951541607,-0.0146780958576206,-0.00242145292624369,-0.00547878079249258,-0.0174620855356882,0.0841735576529368,0.0827094275226774,0.0303874446129204,0.000617751240869158,0.00253607715411432,-0.0136289654075641,0.216595151475346,0.185504877144071,0.157881545600784,0.13140153878164,0.107318673650897,0.0702017680714678,0.044271686586973,0.0125558560660948,58088.0123533578
"406",-0.231682422027942,-0.169768115158221,-0.25373059964361,-0.141486170711058,-0.0130051265206984,0.033824372154519,0.0153693178580432,0.0183805035027615,-0.0718295927691997,0.294049477154282,0.332443868839302,0.299042013156015,0.466094668475873,0.661856682476313,0.827169808448199,0.956923316414043,1.10177271804238,0.723862525161688,0.697175664217278,0.70631151718481,0.511420064878734,0.318716345224507,0.163986067576577,0.039918797555463,-0.035423858209819,-0.0583608116366573,-0.05804483005107,-0.0568184882845812,-0.0475372724602927,-0.0240992041491001,-0.0171674051292976,-0.0023934119364578,-0.077666818727777,-0.0249635209717531,0.0518096817281778,0.082170018304169,0.04519674699565,-0.0111444571698259,-0.00528178355609233,-0.0133700080913955,0.220351644963079,0.186100532685287,0.162560567839211,0.130619184246143,0.109088067829302,0.0694980215978074,0.0435088024082607,0.0125351222529763,58087.0909301677
"407",-0.275533869575748,-0.170158395299264,-0.284989758196584,-0.104460848813946,-0.0124831845951463,0.0382870753010467,0.0112919074485139,0.0194758414604119,1.22606463686803,0.331468031530997,0.336701904919056,0.244558490030986,0.483565828528108,0.664940906953453,0.830301812209628,0.956731797869726,-0.188104767280161,0.678798373025512,0.701737528011939,0.752893547583206,0.493052830162362,0.313030014914913,0.161658899965088,0.0400951769426093,-0.0609756338186047,-0.0489036434252367,-0.0649143819943632,-0.0565561913395591,-0.0479228523445329,-0.0240875034533968,-0.0186056303550871,-0.00298338971765248,-0.00639033550173519,0.0255195138734586,0.0758633620526434,0.0539481052346574,0.041141859483747,-0.0118284857785885,-0.000382764777360017,-0.0150476781461399,0.225465458753714,0.182493444172288,0.159799489093864,0.13171363309302,0.107114282711507,0.071100556878289,0.0434215796910974,0.012527869620953,58075.4891621399
"408",-0.244512916256574,-0.195467015441237,-0.285359012717799,-0.148086475665974,-0.0108657373788652,0.0263572586090663,0.0157936686418343,0.018548499112659,1.04862460010807,0.299547723902768,0.353830387888169,0.310071884417099,0.48340046205419,0.660404046277325,0.822367241964557,0.956195549731641,-0.017661710319062,0.718171604733809,0.683160796010154,0.695761845184442,0.491427179083302,0.320043455130901,0.166677695350348,0.0404500682688561,-0.0502732415586679,-0.0566506849749479,-0.0599783508491196,-0.0549646803398341,-0.0381043824547016,-0.0230048240576905,-0.0189603790825369,-0.00256088056491025,-0.0346886297101609,0.0310165214986714,0.074958373599886,0.0837454382542929,0.0471766589170282,0.00161524032801675,0.00784648646290316,-0.0120635915970361,0.212931766429024,0.183868978872997,0.16037194529799,0.136639723306763,0.105610237112044,0.0704308207304177,0.0430349773495351,0.0125863500047894,58078.9085935529
"409",-0.2837453996381,-0.172909200168752,-0.28712736669329,-0.155710644585451,-0.0175765203410532,0.0221062965905966,0.0202069180196699,0.0177563663057561,-0.461026198545707,0.309104466798127,0.306444042747316,0.302981312268216,0.499228187757826,0.672071224919092,0.827832538954,0.958114661003295,1.4948759643527,0.709139059838457,0.735681416220696,0.703801773635473,0.480337426946747,0.309100755252838,0.162414402369643,0.0392217428312993,-0.0423257064640641,-0.0577246198384403,-0.06392281437559,-0.0559720341671686,-0.053524127323607,-0.0289270418604859,-0.0155552840568788,-0.00209099773410118,0.0153554563839223,-0.024769436263829,0.0437170628389098,0.0968934122614391,0.0463087339830773,0.00592922147274794,-0.0143650739642654,-0.0161409902765088,0.221619362429233,0.185482546504412,0.160297730051633,0.128870553287881,0.109397543311055,0.069328809452145,0.0442030022019508,0.0126097751013336,58080.2853960732
"410",-0.223825823872665,-0.130956735270534,-0.25338474795817,-0.12278599417053,-0.00397653678309906,0.0329869593873901,0.0148000100327128,0.0172164196139965,1.43750413608811,0.214722199898197,0.239819555184447,0.245137009680294,0.476283245176779,0.658394014694846,0.827956867863056,0.957792686820158,-0.414446000564885,0.788283318766022,0.790448604321269,0.75575219168607,0.498922269287644,0.321700881211825,0.162578407038097,0.0392532205276725,-0.0551730454471959,-0.0631679831043387,-0.0687632739797759,-0.0573244027228995,-0.0429701625555933,-0.0189015934716067,-0.0189758845378548,-0.00227635952973613,-0.0171788175308283,-0.0136200019356361,0.0599776385491549,0.0799519201253177,0.0380467421750693,-0.0179743187000726,1.20651136068057e-05,-0.012552548042702,0.215853025066318,0.183481933329201,0.158775732092957,0.131652689340743,0.108698719742765,0.0701181167354101,0.0424174817700929,0.0128830535831682,58074.6972684838
"411",-0.237727409543501,-0.155264751181094,-0.267869141633304,-0.159730024346696,-0.024497251576108,0.0165771655641465,0.0204519652312212,0.017155768013915,-0.405925652606685,0.310053535788344,0.287976868497754,0.309950396268637,0.491877233158586,0.686461395098112,0.821740676802534,0.957871627740604,1.43158390365164,0.700444272788087,0.742247499409715,0.697490713618181,0.487948982522962,0.296631427276537,0.1669948538247,0.0394175559909047,-0.0407153240784976,-0.0551486529197798,-0.0653498194753919,-0.0556342521700205,-0.0562034283380599,-0.0234502452591453,-0.0126545760762823,-0.00229657216810089,-0.0290452618207421,-0.0201280285811157,0.0893832814313174,0.102967248403974,0.0645269413017567,-0.00667669058364039,-0.00634591054744467,-0.0137871314486175,0.214225230680907,0.183182054959284,0.158606057650412,0.129592541457309,0.107952985347077,0.0704582817935238,0.0439447491277933,0.0124708285788535,58084.3661629422
"412",-0.302831827679402,-0.146798419989496,-0.275741749363395,-0.133890703922296,-0.0163563585330753,0.0326244239246235,0.0112501710564266,0.0160025788540591,0.169455350574225,0.29301478049446,0.310363696932206,0.274123327453954,0.490165810212962,0.654071354189813,0.82668653620872,0.957233386713378,0.872156092949789,0.717091110739215,0.725453908318859,0.729282279431383,0.486355645324477,0.327003950661774,0.163750376105579,0.0404414698269738,-0.0548366515258948,-0.043595739458635,-0.0649409738893269,-0.0535418059105158,-0.0479365295759762,-0.0236642089697363,-0.0192220067750678,-0.00181032736610944,0.0392684464487175,-0.0489107689206149,0.0612923274707045,0.078476149458284,0.0527299713882438,-0.0152004435325959,0.011414122221829,-0.0143485157606824,0.218758374787757,0.180073005721049,0.160581688631798,0.13358437571621,0.109451352918567,0.0697398038628969,0.0436051565116966,0.0126103656008168,58083.3857949651
"413",-0.2231226403776,-0.149166845551945,-0.257711410151319,-0.14598062670137,-0.026209751506712,0.0260115170322263,0.0214638696287237,0.0183140992675617,1.76442253324487,0.30713242272105,0.335671552048649,0.307156123537666,0.487333899307134,0.657069092268968,0.819989218972471,0.9583739945694,-0.745298628610864,0.705340429065331,0.697038290361319,0.700457886363824,0.494603453764349,0.327169878725999,0.16751891599312,0.0385843575397573,-0.0428161032488957,-0.0488684119992191,-0.0643032711052214,-0.0598789001959602,-0.0506685924771139,-0.0252046258204231,-0.0159521033110465,-0.00237046936263437,-0.0256151411230761,-0.0502235039216079,0.0406697347021019,0.0833597641224436,0.0453874793347185,-0.0171949277037496,0.00123731174344764,-0.0154686919091502,0.217081604981647,0.184338523670949,0.158731886394415,0.134334992644146,0.108861967891819,0.0702003510871286,0.0431793678430718,0.0125595817481513,58082.6416363687
"414",-0.239826483607001,-0.14782953515756,-0.276696677710834,-0.143387548878873,0.00132908812496103,0.0215311314050318,0.0091219609671977,0.0172126139600149,0.849172953459808,0.243481761834792,0.309062012937676,0.287103053816057,0.476331342793875,0.6617583768017,0.829591912060289,0.95681158433602,0.179676502730652,0.764837841058637,0.727366342099912,0.718194390376348,0.496952399753999,0.322489618153338,0.161348063445341,0.0403640971711493,-0.0464142469358709,-0.0514875759142649,-0.0685673177746394,-0.0533872354915882,-0.0458684513180997,-0.0243245935661126,-0.0197664084089187,-0.0025878012910766,-0.0261830069595952,-0.0245643156139299,0.0653562977665974,0.0826534515787084,0.0367376180000771,-0.0197047676699174,0.0116904769434866,-0.0128567067492088,0.217829238810277,0.185280161180816,0.158233505147502,0.130884771755557,0.109652103735652,0.0700541052622536,0.0444058285893246,0.0124783277501919,58085.9730350796
"415",-0.275353651827394,-0.165134749533848,-0.262443426673433,-0.141111111835895,-0.0141324794707898,0.0193454175165646,0.0248415828560701,0.0173003795188848,1.39307756639232,0.243037857911714,0.272314526959114,0.30414848426704,0.472354078808734,0.663948746555394,0.820754697875179,0.958820795503639,-0.358677705946279,0.770709388137684,0.756495761815741,0.701223412915681,0.505538677198115,0.317306468390136,0.167479290217074,0.0385995150515849,-0.0403967779111918,-0.0583158559706807,-0.0521357682716367,-0.0514543052274782,-0.0454952652919392,-0.018169084521825,-0.0171756719797297,-0.00330497174102408,0.00909016854627532,-0.0194700663701978,0.0590631783793849,0.0706010905080515,0.0375160855552819,0.00174401281798761,-0.00693621052165411,-0.014650901406672,0.218515402837179,0.182613251989805,0.162305519820291,0.134555594886914,0.108426681606678,0.0690371040951378,0.0434067511358523,0.0125781725674461,58081.9762276854
"416",-0.23673918524861,-0.193555528583708,-0.264232675452737,-0.120571514200389,-0.00717080758540894,0.0270927554754857,0.0191967360378916,0.0172176492161199,0.104179111501688,0.306800573247481,0.253548627650645,0.369062283270757,0.475717531089745,0.660908454820009,0.819936650231606,0.959294426765296,0.91652516958338,0.714806741315557,0.773644776297066,0.636746673552739,0.501571275697447,0.318809039167229,0.168834481563515,0.037803183922677,-0.0349822378069806,-0.0648252078537066,-0.0665145205695866,-0.0612487606213904,-0.0462027459064717,-0.022179326784746,-0.0174368127094513,-0.0022300686642611,0.00616866502342864,0.00883022640719709,0.0936349338399454,0.0284115774962688,0.032936568913116,-0.00284355257257766,0.00203714797853231,-0.0139441265599611,0.222708562227793,0.183519053998753,0.165335642866299,0.131985116427609,0.107433086545315,0.0702659893181213,0.0442650811185165,0.0124873808626187,58073.5810890713
"417",-0.281957979792132,-0.171396709354081,-0.302422382953762,-0.136806367913343,-0.016654173711358,0.0184219496751913,0.0153043677330782,0.0191547272787269,-1.10257230034815,0.332799205584204,0.319696963615674,0.292781530284469,0.492587922783344,0.669003831199507,0.828829733384762,0.956295363061773,2.13723449329663,0.682500951480886,0.722489803396462,0.714178621978344,0.488234200990575,0.313792522974035,0.162496873357466,0.0408958232501771,-0.0505127464555784,-0.0416022262415191,-0.0678380368161312,-0.0521865705354251,-0.05244225282353,-0.0263373070997616,-0.0169123612685488,-0.00204313178117067,0.0274464240156686,-0.0340775728876235,0.0901412782160674,0.0538714500476436,0.0301762793497178,0.00351440267172912,-0.00867415764564231,-0.0181856670417443,0.218614381121757,0.18616689804423,0.161080941007616,0.131044917047305,0.106758455038909,0.0706150181533753,0.044353536686107,0.0126753417044535,58081.0124192875
"418",-0.295186344291059,-0.159912261330659,-0.246549625476413,-0.164941558848559,-0.0171332551351917,0.0321678936061346,0.00496895934515643,0.0180804423080366,-0.293755840217848,0.258445396472697,0.339878672136499,0.288852657321415,0.511035600907391,0.649818575934686,0.829283507762366,0.958014217091226,1.32731497234428,0.751041568939233,0.688108535917771,0.718975795583248,0.46758962438266,0.326834037882374,0.16107165255139,0.038981328816217,-0.0544267774394229,-0.0504639901169313,-0.0678974924367515,-0.0566870609396204,-0.0521518720584222,-0.0185195041439598,-0.0164115507020173,-0.0026579642202968,0.0678477868735181,0.00367784501411372,0.057311237927618,0.121136285738332,0.0469884115176782,0.00594624306269903,0.0175829889146619,-0.0141855509732645,0.220159966774405,0.186152220590544,0.158064013774033,0.13292020237039,0.108102067416183,0.0698987367194899,0.0439763299169652,0.0126530466225712,58077.7438001758
"419",-0.228992983026635,-0.141659831023832,-0.260669000192482,-0.154919663699457,-0.0199342970596415,0.0269153997663267,0.00637848870795628,0.0170174976612535,0.580603775644816,0.343331584288949,0.316566894223014,0.252254178470012,0.484038839971716,0.656789153464431,0.827170302521298,0.959280856786082,0.443608773514368,0.669011587619728,0.712055350100154,0.757201243271936,0.49378721397737,0.321994512582707,0.163674658989659,0.0380228905811579,-0.0452523601118566,-0.054544653074103,-0.060826208729756,-0.0563621579746046,-0.0391249291344176,-0.0242468740942595,-0.0157367269452107,-0.00283703917847678,-0.0259754468986803,-0.047862222058076,0.0671555860427682,0.0863578904050464,0.0502409790356826,0.0055319436201294,0.0131597016181171,-0.0134187973602929,0.219272098201606,0.185857048778648,0.15968691325499,0.131974450827542,0.108940128654307,0.0700332940645995,0.0436707526661979,0.0124869842017731,58079.4969214861
"420",-0.265285688715812,-0.150142290331383,-0.301419446492328,-0.156562628824606,-0.00789858440603678,0.023142312545279,0.0206804510127525,0.0193663787312245,-0.641360297011225,0.241535923547915,0.348441325920633,0.297771013783595,0.500470655854175,0.671878693668274,0.827011532902396,0.957057606536827,1.66797193842976,0.7682818644752,0.69440621129572,0.710222796237082,0.477996884310073,0.309226564098104,0.161676556567125,0.0394837152259273,-0.0381323219575265,-0.0494684644728954,-0.0718364270090206,-0.0566846534699583,-0.0424432195541064,-0.020220870204543,-0.0163807095332274,-0.00179398289832404,0.0250407893898847,-0.0255008208285054,0.0714048955144358,0.0972184616327743,0.022038700811734,-0.00731029666824451,-0.00619604973787951,-0.0155081475840642,0.2173651520919,0.185510005976028,0.16000431570393,0.134304712817491,0.105886892619755,0.0697750239384186,0.0435323593436148,0.0124302689128812,58082.8187078197
"421",-0.249230361250712,-0.167498672348154,-0.26683554357604,-0.14612129781468,-0.0117255049806381,0.0281635354698991,0.0151959458138615,0.0159276474486114,0.818719471134162,0.296954534843103,0.343596799996247,0.293053357028278,0.490330966105366,0.656040614166208,0.825389364479304,0.957450289871232,0.209606222343145,0.717380778128269,0.693419012920856,0.712430096365103,0.487449906819058,0.325646680853271,0.164449836978374,0.0399494001479262,-0.0460716420954922,-0.0563723005908766,-0.0712317165111927,-0.0511399064763336,-0.0444939255591893,-0.0242341637835523,-0.0200726858760823,-0.00320706850214046,-0.0195955274156938,-0.0225264167570202,0.0488282139539171,0.0800132307317652,0.0288888991178076,-0.0132047148269764,0.00526817454610796,-0.010277441098608,0.224487924838266,0.188483702021523,0.159238603566621,0.131301519752395,0.106231050245625,0.0705343311028041,0.0436812498926879,0.0127355544896399,58082.0939870977
"422",-0.208322914781934,-0.16951791077165,-0.299205031271887,-0.153471729099246,-0.0208484848291951,0.0222938761828524,0.0167078481253459,0.0160995805357923,0.979831243103211,0.316292563871762,0.328819117482219,0.297678542404842,0.50520346167859,0.665126780523416,0.823591331258322,0.95903162932439,0.0408498053588854,0.697484435310159,0.70780266333138,0.708134642667047,0.475312850389164,0.316108047559364,0.165919569837256,0.0386295056275417,-0.0324652751222393,-0.0555805390286914,-0.0655824477341391,-0.0547280293730362,-0.0470596890561817,-0.0267928448394706,-0.0153442024277979,-0.0023254982221359,-0.059954147785213,-0.00383173386766595,0.1120079983584,0.0995827574054598,0.0332716708362959,0.00689565755760679,0.00106598924906844,-0.0147772102336351,0.215379995434871,0.184033409465459,0.157963549851627,0.132211906468321,0.106711620586998,0.0695046368877111,0.0437224035885863,0.0126777841754868,58085.647721031
"423",-0.253738374256907,-0.130981329175471,-0.276105811142134,-0.142142844035552,-0.0305940833258707,0.0170202418578852,0.0173475960900295,0.0183251109743775,0.590821085932716,0.308825872789395,0.361236874617,0.324751835907451,0.477382060046277,0.676405588734828,0.830585519692891,0.957643553676441,0.442643738223787,0.697472370130367,0.667022557675729,0.679737840983186,0.50603843230406,0.304726586772415,0.15915664332299,0.0394286280272707,-0.0503851782220857,-0.0571262627688583,-0.0608956718249739,-0.0588837753321998,-0.0540875843618112,-0.024177107506132,-0.0179244443399691,-0.00218978604490172,-0.0193876901427608,-0.0453795953405725,0.105573699701256,0.0907581068456044,0.0578256699051196,0.00934234159479794,-0.00619772989723706,-0.0153108350065741,0.220813046600346,0.186328982832758,0.159423637271804,0.131751016812033,0.10871788072346,0.0707566098651221,0.0426127744374847,0.01253633750839,58083.2728161722
"424",-0.23771480384981,-0.1422242671725,-0.256665730498331,-0.149706134895206,-0.0284596075633907,0.0363130102159981,0.0141464603096202,0.015223691202457,1.04189330923172,0.33406110522065,0.328423546001899,0.277773317935429,0.474249873320913,0.660531748184643,0.828266445240778,0.958249264995544,-0.0117172273481776,0.675367663989949,0.700946280690003,0.730692034957061,0.502801956871335,0.319999057386057,0.160755690769048,0.0392007417089407,-0.053018340518191,-0.0444958497034194,-0.0711508762032764,-0.0513818850919286,-0.0419418795493011,-0.0233029540132526,-0.0159307307337175,-0.00254750661975282,-0.0465326745678811,-0.0518387639458721,0.0718490429936683,0.0606369134838851,0.0657764923457645,-0.0239276384784033,0.00623851432541405,-0.00957067679716878,0.21629378801968,0.185294086637968,0.16193336235073,0.130049379985416,0.108541523286497,0.0707498393614942,0.045039861067533,0.0124515773952316,58073.2461023194
"425",-0.284621473665752,-0.128200650855196,-0.262605380012362,-0.134631204390146,-0.0217257986362726,0.026520752262144,0.0154841286109621,0.0172788258204565,1.44704796918764,0.226343961219958,0.316358101121116,0.304149357874054,0.48890189570482,0.66384129755662,0.827380716688225,0.958073644247187,-0.417671114298456,0.778513416647813,0.712462410883234,0.699889789843052,0.486020562183711,0.318436239325832,0.161940969728443,0.0389737110910784,-0.040393385169301,-0.0535403446246853,-0.0674276719863472,-0.0476086585807941,-0.0417998415223484,-0.0221362994033592,-0.0174650434479717,-0.00174629582759422,0.0594023660929527,-0.0492986011611135,0.0842190761657538,0.05792145987913,0.0722012479521127,-0.0153860031490282,0.00347928583286071,-0.0134771176551431,0.218789820975734,0.181040833258954,0.157870959738215,0.135163941240418,0.106971303068281,0.0704466381802939,0.0430273495949233,0.0125297160502414,58081.4637914287
"426",-0.213324335957636,-0.153160127486583,-0.249216850217284,-0.115599675805007,-0.0195381797063011,0.0241470876017592,0.0142258440895691,0.018174483750391,0.350385887703706,0.309935881856548,0.314663285697383,0.281489543008335,0.476434222474462,0.669339297073027,0.827651849063444,0.956850811882769,0.676181172177434,0.701902221479167,0.711664998433716,0.716551970807754,0.50430133270455,0.311678610195626,0.161144795749186,0.04027034620572,-0.0484822185779128,-0.0633684563430678,-0.0637323984765319,-0.0456961693152631,-0.0425942211001227,-0.0198996381853316,-0.0146327021922892,-0.00235270425818638,-0.0905778860571868,-0.021936171106778,0.0608969238745539,0.0541300130704009,0.0413014111464516,-0.00665061803972112,0.00383943580063525,-0.0147385637458599,0.217647143757727,0.184867926546694,0.160507486652833,0.132789101129148,0.106950194857713,0.0702455271148852,0.0436010537605834,0.0124453146477274,58082.8886628281
"427",-0.306982264615887,-0.139873816740468,-0.302764583480455,-0.146580139868038,-0.000635234530866035,0.0292693432258566,0.0214798829394908,0.0167760339101429,1.93848555495489,0.264375557917171,0.255529184060624,0.266598666188023,0.485987308164315,0.668437618664635,0.821404625558062,0.957471263710768,-0.899118658378116,0.740336906643171,0.779874315414339,0.74335838555603,0.489687348782601,0.310775852612567,0.166659034144833,0.0395522208585343,-0.0409420761585097,-0.0476460795506898,-0.0589576557690349,-0.0624617407777163,-0.0487594010707589,-0.021815148938035,-0.0163699476688001,-0.00265793603537407,0.0326992020105067,-0.0242523827156079,0.121555747605526,0.0710811523418565,0.0320413834616734,-0.00175736316930112,0.000111107184166707,-0.0115921442969923,0.219348256600274,0.183470346002074,0.160858329630777,0.129608692183976,0.106953775752119,0.0694310851714157,0.0441175852650249,0.0124162645967301,58080.2675017964
"428",-0.248160196663826,-0.160814914919908,-0.275117371910368,-0.136273729493048,-0.0294784451276173,0.0231698134687121,0.0145010417402503,0.0179397002011773,0.535903556788344,0.364931866115699,0.307512531047713,0.303835835577465,0.470854025453131,0.677855725852109,0.823485668450481,0.957006271753473,0.48855352223087,0.645870615835864,0.729386470950592,0.700547414454484,0.508295241265707,0.304866709767211,0.165585078475483,0.0400741924877097,-0.0427783528856238,-0.0607821094133213,-0.0665012809414588,-0.0567638224362442,-0.0453721879063718,-0.0212321656156624,-0.0159646722949032,-0.0024963869158178,0.0156500220516856,0.00357192411050806,0.0653209503083335,0.0704204912089667,0.0715714296891225,-0.0125953072066001,0.00765653189373235,-0.0139337473501827,0.217802782804174,0.185115196208131,0.161155843417296,0.131302604205362,0.105607670074689,0.0696057382854002,0.0447074298938243,0.0123172358748531,58085.4681379656
"429",-0.266036831852797,-0.164067055616723,-0.279238314906963,-0.122988304904015,0.0223837091305744,0.0145348377384158,0.00496670280620242,0.0151394464013932,0.723487751949105,0.269452409923179,0.293529935147817,0.316821947861955,0.464657158389113,0.681273866805733,0.830111818098025,0.957691374594273,0.304517642647312,0.745122606220319,0.745251483379689,0.683390770821527,0.505540377008731,0.301994837830929,0.160972038625647,0.0394773337206835,-0.0450728066210435,-0.0560543883358885,-0.0664419518385347,-0.0662697191157641,-0.0435626798711539,-0.0233496767792011,-0.0170314623328429,-0.00200465072824481,0.0232001765100425,-0.0148277830501551,0.0513541534222896,0.0750871849931015,0.0108781428002404,-0.00314907177995404,0.0177320233027334,-0.00891430974833607,0.213205745272819,0.187734061731615,0.159342711133975,0.131273727020014,0.10508852294725,0.0705843461800578,0.0436388904695879,0.0125851556288516,58072.1151524476
"430",-0.308393173338031,-0.181911305132973,-0.297802369726477,-0.131292766927968,-0.0144008180629078,0.0314079073227309,0.0197519893644253,0.0181473310250934,1.34511584161053,0.407585509166497,0.35555939057679,0.336498550410779,0.467660309335341,0.664388101915319,0.825797704223109,0.958928524284263,-0.306838857439892,0.611137838999217,0.685521132602116,0.66889498669174,0.508639583558897,0.316617196477493,0.161652522392916,0.038902198215928,-0.0450229837406534,-0.0560612970104819,-0.0697113228653775,-0.0560621670683943,-0.0444442203127423,-0.0215630782219787,-0.0175734563145661,-0.00266694732871312,0.0379111322994565,-0.0143665433009786,0.0797983700152617,0.0592095768482058,0.0495408568111581,-0.0129620309458673,0.00473483829245153,-0.0191421033171201,0.216522635875339,0.182686556781335,0.160171076923961,0.13150533098439,0.10831922544586,0.0694444768625607,0.0436589404400558,0.0126765859629451,58073.818822814
"431",-0.211433090767923,-0.220725678574698,-0.25846102845237,-0.150271949872812,-0.0178268733931822,0.0220481452068161,0.0206267949269714,0.018259261927289,1.39229323768937,0.358742327315943,0.268686823229122,0.261851880945931,0.481136379430834,0.665577283583096,0.828270126979955,0.958138013457041,-0.37693093372503,0.668540491157932,0.763218987859923,0.740415453139369,0.497225850021616,0.315506351750484,0.161264399199106,0.0383319372917756,-0.0347916433992006,-0.0543057498230256,-0.0658091204589351,-0.0577519338095275,-0.0479014364189403,-0.0208595339071306,-0.0192946820797715,-0.00224928761299645,-0.0299741413650605,0.00537280730074325,0.0597027992773988,0.123686285125798,0.050950383827222,-0.0016948473263296,-0.00282894762056711,-0.0119127853498683,0.220436966476671,0.184603308831202,0.157013891840732,0.130227857692913,0.108482247225643,0.0703596853847714,0.0443879487701415,0.0124754138551644,58073.2796542798
"432",-0.257123600975364,-0.183357952297093,-0.275208172646381,-0.127957732719054,-0.0150371074983249,0.0326118060528406,0.0178191018552674,0.0169826000740378,0.820293757478351,0.379025308028032,0.333416923493132,0.295707808804139,0.470474949112692,0.666341452658413,0.824446103785798,0.958302403625213,0.211411186956263,0.638400220073854,0.697699516301477,0.707027797501504,0.508804753273185,0.314045647934223,0.163962712360705,0.0387723939493295,-0.0529555723173164,-0.0546913617937261,-0.0580615270107655,-0.0600920801658879,-0.0528234616555768,-0.0220089523720008,-0.0170910136076941,-0.00188958371831089,0.00353061818373467,0.00334166793591185,0.0819453919436314,0.0733836861800497,0.0491580792858104,-0.0198313638377526,0.00424103461450137,-0.0133682752198672,0.217808435126436,0.182196449148965,0.160552298586019,0.131393537882409,0.107115116332925,0.0719746996755256,0.0436723319483905,0.0123339959507111,58087.7548696214
"433",-0.24094957707049,-0.134921473019,-0.248525662956868,-0.139537734967733,-0.00278506803811571,0.0352853181274976,0.0126556764634585,0.0172383407656559,-0.672169571993021,0.317608682385463,0.283165176139129,0.287220034274892,0.476838231547261,0.668023749786508,0.824728206958815,0.956559535530327,1.69379310291873,0.690723369627959,0.743530936890783,0.715344072554927,0.49696234375267,0.310354532221053,0.164689008233887,0.0402118715025711,-0.043449337857089,-0.0634326710099404,-0.0611968452126631,-0.0473859781143401,-0.0463986976259442,-0.01887400450299,-0.0166791404890541,-0.0022564793342239,0.0151179157911069,-0.0346984056208178,0.0698805524096535,0.0840395399012907,0.0423631570535208,-0.0184102663817902,0.00947121825331669,-0.010480798868681,0.216756085046349,0.182929870755186,0.162064711324881,0.132041760976515,0.106599976823512,0.0693935334389915,0.0429157942945832,0.0124743954749367,58082.2050966684
"434",-0.323657161442889,-0.124168809356818,-0.250300873281177,-0.128104430421026,-0.0041422391395674,0.0419302751778252,0.0145515482446402,0.0151285321800937,2.34889007745374,0.216905241669228,0.299032847810686,0.262140866132187,0.498966318244401,0.665523304951932,0.828386458614513,0.957745732446267,-1.30277007034268,0.786297428264628,0.725572780383993,0.737740266854766,0.477807403157526,0.311436786112145,0.161501045763104,0.0398687965143437,-0.0423211753699943,-0.044361678878072,-0.0582584732066277,-0.0622039959155584,-0.0551892867963484,-0.0193423783428739,-0.0192339919423205,-0.00250478160481612,0.0581810152838512,-0.0508940784375918,0.0745259878614412,0.0948061180885968,0.0350645253325299,-0.0244312917959718,0.0065595009293534,-0.0108371383670736,0.223776469831291,0.187240728033179,0.162941205010579,0.133489736453822,0.108868958707609,0.0694990305408091,0.0437442769195354,0.012584737176372,58066.4085679086
"435",-0.304061409743721,-0.154471458553778,-0.26270709389102,-0.142203392758532,-0.0105528531328824,0.0274323495669623,0.0185164001835561,0.0193143157804958,2.08052832025743,0.34378487628993,0.298120811621441,0.334899975616176,0.487295121257617,0.671139174105522,0.81751556834464,0.956009352598975,-1.04063225095992,0.669464436291226,0.732907652477044,0.668634234880647,0.489648026133562,0.309318583842095,0.170448050742983,0.0407413127111384,-0.0380668791024308,-0.0539870583225616,-0.0635746678821687,-0.0551192134931474,-0.0481903459231088,-0.0234507646697958,-0.0159640012957039,-0.00253035536728161,0.0199398088029892,-0.0485316987104993,0.0654398251014917,0.0869699505990353,0.0413826154380883,-0.00698330265674909,0.00976325561052666,-0.0144161050828389,0.214790131406952,0.182412071101132,0.158757796844478,0.133284932266573,0.10962646144774,0.0704067639483003,0.0435807576849011,0.0124851807130809,58084.987384419
"436",-0.269157903965096,-0.130805209487374,-0.269133895193221,-0.136660911880208,-0.0223587726007996,0.0298707153973611,0.0173475926044901,0.0182087051760041,1.45044150411386,0.265932504446568,0.299456166387586,0.296044459731441,0.493813652265427,0.663726373704768,0.820928137141103,0.957990137990419,-0.410470214749261,0.739711165007188,0.731581896021401,0.709845865290553,0.485223963822374,0.314874633077931,0.167510576161694,0.0388900021943591,-0.0495325115232726,-0.0467460563682125,-0.0622746739088232,-0.0592442197395382,-0.0505000605730095,-0.0203972662761147,-0.0140892298665622,-0.00198351111507054,-0.0394803312375231,-0.0494065085225841,0.0761084954138742,0.0687663491674671,0.0530367465931364,-0.00356744780169688,0.00206181276195488,-0.0139819894499164,0.218954759159139,0.18383843445282,0.158737881218273,0.137246046984141,0.107451415040846,0.0708602031411511,0.0441271408328199,0.0126417449756178,58084.3682788756
"437",-0.255185108104666,-0.159222047179714,-0.288185891379937,-0.134015319795528,-0.0138924538770774,0.0180494767506147,0.016062142462315,0.01728071751557,-0.933805706488147,0.235255185356456,0.360481964305989,0.30283938506699,0.475982454056796,0.665307419300045,0.828639958112176,0.958280567846833,1.96092194992835,0.772445129729899,0.679152551023676,0.699991038106201,0.504393961323639,0.315940163082779,0.16153379775128,0.0388705696019658,-0.0432205750990173,-0.0421695741975338,-0.0588635080940709,-0.0640646929242139,-0.047779409922959,-0.0222788796369277,-0.0154910646964136,-0.00233349435834304,0.021654466151122,-0.00409748284612331,0.0566690760025557,0.0925055462856947,0.0295596517686804,0.00737139826106715,-0.00631434421777902,-0.0129626970381469,0.217718967616855,0.186190167452353,0.160870157014777,0.131817910080919,0.1084441697759,0.0685346928483673,0.0443955304028557,0.0125027326817804,58081.6458526084
"438",-0.259044789274535,-0.136437151197602,-0.276751284105595,-0.148478007082464,-0.00297149492809458,0.0253636977363397,0.0177253852814306,0.0180415008483658,0.834717691739168,0.245199708541174,0.341254034758631,0.327504911174384,0.48584423978991,0.669828382776453,0.825734222472884,0.956356945250402,0.204362158656629,0.765349780558599,0.696803518438093,0.676778638267273,0.491224138137598,0.309405377062119,0.164526738043572,0.0408711739658909,-0.04721639036533,-0.0686106453480876,-0.0730252538767815,-0.0596442106691236,-0.0464237616797344,-0.0255533298187707,-0.0181774491328989,-0.00248022259107164,-0.0471240544914015,-0.039956618274103,0.064608551938511,0.101853529484888,0.0195621577835395,0.00875178875809842,-0.00686294343003066,-0.0144404085440636,0.216414749236727,0.186272918755532,0.159845977057617,0.132250678277459,0.107725713768553,0.0705135224499642,0.0441369518126987,0.0127260582802036,58083.9275512466
"439",-0.255995162531024,-0.126295948886173,-0.29741062069218,-0.135233235566246,-0.0139764026511897,0.0217658032929831,0.0236901190880986,0.019443438481629,1.1976716624746,0.250077707028238,0.361406729357234,0.278121421103442,0.48490865571761,0.669717379731403,0.819440361630498,0.955941130369816,-0.170368329546366,0.752686818903899,0.676257241128087,0.726290069877941,0.495097602298095,0.312710467206142,0.169428565389066,0.0408393944944841,-0.0351659143584909,-0.0615548344132214,-0.0649330568007664,-0.0626187155864042,-0.0542067005237139,-0.0186281224499673,-0.0162392825300777,-0.00207277508763203,0.00277657720096214,-0.0228395636214411,0.103687359405067,0.0757564904305284,0.0307775679975923,-0.0104676067011592,-0.00859521625967534,-0.0142673684452496,0.21422176506021,0.184871708551736,0.157846658463153,0.129461332038112,0.107848289266705,0.0688863146387619,0.0425432721807234,0.012713592954215,58074.3606367928
"440",-0.249075804020186,-0.183493687863855,-0.255118607483081,-0.160622260072222,-0.0125937132574071,0.0298970316869906,0.00701857910482624,0.0168884093519052,-0.0771435385316807,0.261069587084704,0.300521102247818,0.295483293834075,0.485249123570738,0.670397639363947,0.832024369627239,0.956871189235429,1.10692100395047,0.757421806008646,0.731615010149185,0.711068010179629,0.490443927088802,0.309888795073071,0.159937639701882,0.0407135724960961,-0.0349357834215113,-0.0403335735639111,-0.0696074440749557,-0.054686728570082,-0.046637482123039,-0.02095703724325,-0.0179477355459486,-0.00245528202645608,-0.0267205294182618,-0.0189821689654155,0.0474707648170867,0.11026548578541,0.053361028979287,-0.011423575537778,0.00470568741274443,-0.0142404100724948,0.222593205135784,0.187127518151215,0.161159599842666,0.131000192515433,0.106371101698541,0.070645387253812,0.0430812599125698,0.0126023693659004,58084.3623364645
"441",-0.294514628013447,-0.15821119357675,-0.293528785420049,-0.17404510443956,-0.00700870678682218,0.0177058751421176,0.0130348332917258,0.0182917639695318,0.410474023433519,0.316376977653153,0.3254213303212,0.297269793701843,0.462667208123126,0.679405070226515,0.824071913993327,0.956528297794508,0.629921484843022,0.697224553622803,0.709877485192822,0.711896111444845,0.511279744911314,0.303041420778978,0.16510269689605,0.0407050978237591,-0.0423249100177605,-0.0609467415877042,-0.0557168367544789,-0.0558097095541509,-0.0451861162936967,-0.0237041653954902,-0.017002446969395,-0.00163329159704021,0.015457325082237,-0.0198678575290499,0.101186426708213,0.12987342213957,0.0533045163453551,0.000716023622497986,0.00546386452763662,-0.0161471538879523,0.216032679921934,0.181878588349736,0.162658886703419,0.130907464780809,0.109036309460291,0.0701522737317274,0.04465055599449,0.012547640883388,58078.168562334
"442",-0.246462329934653,-0.135648236063751,-0.307240122261753,-0.152859113599596,-0.00948345893631201,0.0302609768940845,0.0259288526891101,0.0186909525782467,-0.320640273736363,0.319622615446906,0.309988617253601,0.297822360219776,0.46381779387026,0.661595919957282,0.822870444147411,0.959005618217599,1.35350363385491,0.685708089429326,0.72909795000826,0.707544179111833,0.511415358735746,0.316931968901823,0.165407595048917,0.0378765350911042,-0.0460237800460394,-0.0503137888640295,-0.0668438690442466,-0.0589158889881767,-0.0490692067134633,-0.0213296996208705,-0.0148219401191971,-0.00299160734639222,-0.0384254268196646,-0.0388412983519265,0.117437467033634,0.116313454100487,0.0501709368140716,-0.00390972733165363,-0.0156580262353463,-0.014801474150685,0.218549971356689,0.189814491990873,0.159212581774439,0.132003662047625,0.109006681736905,0.07019423085389,0.0433797853224047,0.0127452339859572,58079.7058735789
"443",-0.233645845798496,-0.155041073909657,-0.308276713718888,-0.144902838045528,-0.017539985373611,0.0315305818392095,0.00547419703438088,0.0179158822812918,0.78218243906565,0.221296646764898,0.304299366790937,0.310170147145263,0.479167517372347,0.653354284073933,0.832116392308332,0.959188030472233,0.234456422338448,0.791148775529189,0.735204079660799,0.69365156976801,0.499819963571697,0.327373248903296,0.158777424225673,0.0375701019900129,-0.0496311995871388,-0.0498593569825104,-0.0573715162665801,-0.0528537845440128,-0.050314169153239,-0.0229078382696453,-0.0181586469565347,-0.00281972159514738,0.0297141273828702,-0.0472136624438952,0.115447169385316,0.0902759487976157,0.0475476541650312,-0.00890990346008642,0.0158000662707037,-0.0126317867470125,0.22376088407015,0.185285563312134,0.161792464951199,0.128270506903313,0.107545391778604,0.0711694204233823,0.043670001986598,0.0125659228266866,58071.1585083909
"444",-0.272980843206788,-0.173871234379668,-0.267593450270627,-0.107298585540052,0.00925597087397448,0.0202018401811077,0.0121605726526239,0.0174090988127005,0.379723460980458,0.265771206852848,0.306355941226216,0.264690508003976,0.46606989089415,0.664827074793698,0.829827451185828,0.958470433761505,0.657039056540152,0.750477258945561,0.722045963046778,0.733807844620814,0.504131774026837,0.315907080511094,0.160149190653207,0.0384536142486832,-0.0519224407002124,-0.0464458737763695,-0.064519718208056,-0.0663283675439094,-0.0468902509424212,-0.0208728506691492,-0.0176402997777592,-0.00211521273614359,0.0106028418524133,-0.0279614540772355,0.0911164138243253,0.0603059090624298,0.0421668100416182,0.0048905360849635,0.00732799202672087,-0.0127339206825202,0.213692602713617,0.186386612333253,0.158287464070201,0.13236896697113,0.107370883218608,0.0703225502246175,0.0427933584063935,0.0125442486025436,58080.7681944676
"445",-0.273198483432397,-0.148110827670462,-0.291451076100369,-0.148871755236905,0.0103058361871332,0.0167893526442016,0.0148788934667378,0.0201531149205135,0.302061053708784,0.223274412840277,0.298557388896863,0.299626330259695,0.45045711833175,0.663843011695532,0.82798669988711,0.956410721695113,0.729590812051103,0.783918066632723,0.744191718285251,0.706186564385039,0.520379926495535,0.317244409362006,0.162058321374691,0.0400970716341027,-0.0343964606420403,-0.0553086976367487,-0.0704239398755649,-0.0490642219568104,-0.0457262876251764,-0.0247016466721187,-0.0147222777655815,-0.00216244363258819,0.00988852855889062,-0.00479788321818558,0.0709715139928436,0.0830059647488315,0.031495955831549,0.0139961229094484,-0.00494760615472594,-0.0153592200613635,0.225520751529097,0.183757282331888,0.159623441126335,0.130091325356048,0.107881222573315,0.0711035389019816,0.0439403592232217,0.0126507233168482,58077.2997045991
"446",-0.244061458841528,-0.180137967033144,-0.246920211194796,-0.168971549556736,-0.0151976895784091,0.0102892854374262,0.0195896795751316,0.0153071252764118,-1.02458508734571,0.331951471061884,0.271187641816094,0.300863075738881,0.49528157295185,0.679255941115682,0.817812646016634,0.957300494668025,2.04852301449207,0.684849671324759,0.75128742077809,0.711271891943944,0.485040159480026,0.305319222400779,0.173057946001383,0.0401869416984155,-0.0383621042725966,-0.0548577632971595,-0.0618862480762946,-0.0607265645380691,-0.0409874582701506,-0.0223421256119596,-0.017345947354996,-0.00285483638903916,0.014861638054946,-0.00748787616686179,0.0835459547973576,0.0984993793696719,0.0199622519483076,0.00501698169572779,-0.0146061852069964,-0.00984012975693685,0.221218117816315,0.186947242012381,0.161086155502495,0.133684708920637,0.107990462649559,0.0690638960695679,0.0450606559252777,0.0127733224021547,58062.913541508
"447",-0.231949111483771,-0.144679876315658,-0.287667674692385,-0.147157062932422,-0.00799950676800839,0.0230739509521427,0.0101370243874836,0.0161509912221734,1.1456826252141,0.181220787398261,0.328059726811916,0.311726928944575,0.480300224787836,0.668572142628088,0.825686996763506,0.960235206308638,-0.120323153503335,0.824694320537501,0.70662366594286,0.692363231853203,0.496084907743699,0.313482626158948,0.165096901707665,0.0370516570443774,-0.0342573831105436,-0.0546500504476131,-0.0782933430600789,-0.0498436996129187,-0.051642098241044,-0.0235611393217774,-0.0173305057786155,-0.00251959721855685,-0.0406177511538844,-0.00397868488179486,0.121260158188356,0.0833510455147232,0.0402813432581091,-0.00866789882626885,0.0065873602190697,-0.0121174301383338,0.220193314216511,0.180835232518238,0.159671474280564,0.134648751423252,0.107699762749866,0.0691944730456132,0.0436543722746517,0.0125059116532684,58078.7244931462
"448",-0.259305297743331,-0.157702670811257,-0.267366069037689,-0.141714674134739,0.00370384138840489,0.0283040982431592,0.0174427139400485,0.0182560980453284,-0.832939733780918,0.283992584860296,0.273069745622986,0.332948736770794,0.459716967723022,0.664138782268278,0.82225981198747,0.957010783317169,1.86069307963203,0.729609103601507,0.755681215283596,0.671405037497513,0.514516570244737,0.316945081513946,0.166657639438208,0.0400575147328591,-0.0335259112852713,-0.051801995476894,-0.0596088846418869,-0.0655869249901696,-0.0459274497016566,-0.0249898837472265,-0.0166387407255351,-0.00233879119319426,0.0150564202788391,-0.0296605018040284,0.085172422211067,0.089125525636556,0.0288043892072481,-0.00925905168204116,0.00115252282059177,-0.0143530316549845,0.216490510495767,0.182601749594118,0.159361912970172,0.13288149974797,0.109533625700174,0.0698605528778358,0.0433988992141734,0.012220764672437,58086.1493002472
"449",-0.27804426370149,-0.132664353392358,-0.278431340420962,-0.107768497594568,-0.0111200707583353,0.0258253867121045,0.0132043754473003,0.0157097648569746,0.47620589569236,0.167625012353711,0.372763887050036,0.231594841488767,0.479727657185315,0.656205140452416,0.825344481640823,0.957026032391312,0.558959433599695,0.837025506307734,0.663812580980403,0.7640925831619,0.499292138759437,0.324404851743542,0.164246584159251,0.0406481707271762,-0.0401886512337435,-0.0470151258741274,-0.0654569669258182,-0.0553736101981877,-0.0477747235212465,-0.0223818581982915,-0.0172503115066525,-0.0025411956945803,-0.00104579479971832,-0.0374979202993542,0.0570893694989248,0.0670122435000084,0.028338117625673,-0.00289162251849643,0.0103594073063778,-0.0113328166512362,0.218548737370002,0.186107063404349,0.157332752286548,0.132241515947845,0.108917109180284,0.0698977243699535,0.0438597615337242,0.0125563209544443,58080.9739911775
"450",-0.264236678317241,-0.18661466595245,-0.304124474560963,-0.149298649995078,-0.0182493012758969,0.0366624454266329,0.00705389321601545,0.0174864343572067,-0.671379622700249,0.245026096105917,0.395108172741289,0.324754633175493,0.481431791746356,0.660846593900467,0.833437512830265,0.957953089957456,1.70785783344155,0.777448719614096,0.647196873836236,0.685379866159031,0.497060284367886,0.318267061470735,0.158454372774797,0.0392535244544589,-0.0441213802966247,-0.0542137690786811,-0.0678462166362432,-0.0585396585994323,-0.0448153544535,-0.0195081196955625,-0.0174282130234331,-0.00254229336751427,-0.0230049142956752,-0.0252884652113162,0.0917840370901752,0.065472840692434,0.0390255013109495,-0.0195564372828292,0.00306472490044592,-0.0139040607465417,0.212173444188248,0.183094357597096,0.163088146493075,0.130830860581245,0.107989171858953,0.0702346891232751,0.0429649131328707,0.0124912433784599,58079.9429318779
"451",-0.271487638210719,-0.127967576245051,-0.311811298576602,-0.17131285775436,0.000961713212981523,0.0316394186838824,0.00674755520537874,0.0193893476610759,1.10863409329505,0.229567269841071,0.325727773027979,0.310342243298799,0.462407088499846,0.657913329604094,0.829008144358925,0.955326982838335,-0.0766253765089835,0.773555724183946,0.713985833086943,0.702649549507124,0.513608649178825,0.32341455433335,0.163507320890048,0.0412979376702034,-0.042181476317409,-0.0535561014258679,-0.0612157415063048,-0.0680407596639309,-0.0564783974668996,-0.0222862705901243,-0.0192087851889744,-0.00184188183561544,0.0154628403199983,-0.0359563757139903,0.107420477301301,0.113918531029477,0.0359084903246562,-0.0188643967748574,0.00403110174406997,-0.0141995159879609,0.215173414580042,0.186188434912773,0.158998509316894,0.131230021990063,0.109125496723974,0.0718652850135545,0.0439285258158635,0.0124543103083996,58075.1933600364
"452",-0.304573759846975,-0.161055236152641,-0.293005486143612,-0.151085325270972,0.00210526032338878,0.034198138582075,0.0148762980484901,0.0180538539784965,-0.22572867101118,0.316051767916977,0.294626669790223,0.280208814680319,0.495208646101726,0.660656499679986,0.828171157040588,0.957137103738827,1.26606481404347,0.69774513617904,0.741344705313257,0.727792083207383,0.47791578945226,0.321501333592872,0.161385807323835,0.0399270191445363,-0.0529107005124024,-0.0521970437540086,-0.0592370192343019,-0.0591635877740867,-0.0424960579071436,-0.0248044708382206,-0.0170866598538709,-0.00203452268779393,0.038213476935131,-0.0391084280046888,0.0963927651023082,0.0895865122462045,0.0308056881448442,-0.0254407159683779,0.00251829222806212,-0.0156159019110368,0.216101132466129,0.191994849027488,0.162546289029088,0.133370667931685,0.108234864396505,0.0707524109232449,0.0435867303072583,0.0124994450513558,58078.5507570798
"453",-0.229739070288343,-0.155568367983831,-0.274295052497955,-0.143347098076802,-0.0135523222869989,0.0209093280566307,0.0149590929200378,0.0157029265369362,1.29626007090156,0.282302968574994,0.391021495219527,0.280162710989192,0.483726954847069,0.669884805039708,0.827656854723715,0.958547830575927,-0.269869562947184,0.73294820601216,0.644197815143853,0.723159074094219,0.495254242840622,0.31252451505362,0.161129035600453,0.0386763349993928,-0.0418126623900538,-0.058566382185418,-0.0663039216241244,-0.0531807075117811,-0.0520229483058569,-0.0205646441258005,-0.0185090653211225,-0.00244540227569716,-0.0614608225125682,-0.0399778771993402,0.0727384590466817,0.0914969053574199,0.0398499665114998,-0.00600677898617564,0.0104083364619326,-0.0104186308977662,0.220038767996952,0.183673718683145,0.158443547681699,0.133332865977083,0.107766729778113,0.0702873471942392,0.0423892980691167,0.0125544495585399,58086.6391742295
"454",-0.264214788927915,-0.150450102983681,-0.259107449648803,-0.138630706234617,-0.00953561893271138,0.0220349210799157,0.00797776666288168,0.0206629097248382,-1.07920867319549,0.261645859740006,0.286114214758939,0.283425215867301,0.45802897037859,0.673966824926802,0.82780652937519,0.95697371073478,2.11335130316169,0.745061870291048,0.741569367542677,0.721024949948809,0.517440307521558,0.305784125329159,0.164017077130547,0.0393564080825799,-0.0483855146716108,-0.0458388295223879,-0.0626828549298159,-0.0516274963417661,-0.0496399217083316,-0.0186255571988079,-0.0173192442067342,-0.0024063662820929,-0.00624910935169275,-0.0166611617089592,0.0731063288135238,0.0693107060474511,0.0582655059135128,0.00268108297940671,0.00826459182917889,-0.0163022730419372,0.21744680103614,0.186018256182444,0.158924090340585,0.131372647311556,0.108653723952379,0.0696146636472906,0.0445866549161676,0.0126393151795485,58081.9613912818
"455",-0.201493900299287,-0.109498460046076,-0.263868242229463,-0.162936622946872,-0.00226672308293984,0.0308071524993776,0.0186998863883707,0.0180579286217952,1.86120032261487,0.237179121005591,0.275578364868771,0.330204395335863,0.477205063986719,0.671871514326717,0.829644807245887,0.957523298062449,-0.849026157781718,0.763325183365843,0.761230984854951,0.68095567458529,0.496906555016386,0.308571173200222,0.158925996067758,0.0396145384554607,-0.0400552969596796,-0.0570711246073518,-0.0651639911041625,-0.0565679839580521,-0.0468103839640142,-0.0242495308597283,-0.0184005054713816,-0.00186003322673139,-0.0217456388912007,-0.0359231005083607,0.0450733877503374,0.0825397426956189,0.0396765952812733,-0.0124588399625137,-0.00104571821610947,-0.015610522550274,0.219569797657968,0.186223854428292,0.161473974052374,0.130566298732549,0.10710069000135,0.0705281714623791,0.0435085414118385,0.0123535697309854,58076.8311248647
"456",-0.253812438467786,-0.192476545052994,-0.240464976435706,-0.147927491590398,-0.0029069905899765,0.0332652954864519,0.0213695370617596,0.0179190232159835,0.171300038413789,0.332270916296502,0.289916327415213,0.288962389911195,0.475685477147122,0.670079750940111,0.826625321461586,0.957360595400944,0.854019167268034,0.687339892554926,0.741069134080996,0.720337167414728,0.497923160570065,0.308473942749567,0.161284791098203,0.0400507900527889,-0.0339463675152183,-0.0501777527281751,-0.0623575998508158,-0.0587068897043785,-0.0470496110834655,-0.0230527532819644,-0.0161510450712999,-0.00251066360200425,0.0037819394703337,0.000125998404068771,0.0171301049115012,0.0634564725262843,0.0473015994872179,-0.00704082314138592,-0.00416442025764338,-0.0162852164526084,0.216016769908263,0.185461575987538,0.160439960520331,0.130992002883476,0.104666823890887,0.0699712845837176,0.0438949839181718,0.012506099880048,58084.4953248881
"457",-0.283087824770086,-0.163024627717438,-0.276301238320333,-0.134934942958692,0.0139635217355968,0.0153175564638279,0.0110688859351764,0.0181248616054012,-0.016802684865346,0.280078401672605,0.261285299008324,0.272629817002092,0.467871260722091,0.678227506243875,0.828764008422203,0.956686056677493,1.05259581202093,0.731898621999077,0.772783950036251,0.727308728048977,0.506280151471133,0.304454797495641,0.160839641971704,0.0402236751155042,-0.0440786994450427,-0.0467074939819631,-0.0609786479699566,-0.0524948378733475,-0.0439823667092943,-0.0238062081620278,-0.0177352715697621,-0.00324725348898736,0.00730640499689124,-0.0137256484061408,0.0779859062717877,0.087773445593962,0.00594922456435402,0.000533202153824503,0.0104213186145327,-0.0116486899540225,0.217617970572941,0.186288247493627,0.159686041460569,0.131742191356258,0.109163974839469,0.0691689371437614,0.0434510472430491,0.0126566749090543,58083.4124162781
"458",-0.218997001926049,-0.149248442512573,-0.261640270859368,-0.142021970093931,-0.00456250819372949,0.0205308963765557,0.0168951378797174,0.0176828026409608,0.577097967193729,0.331881796308037,0.309289447902365,0.31006172426151,0.458118905450945,0.670591843272579,0.827341660036573,0.957982436392785,0.448789246905463,0.677948587526261,0.718949149283232,0.696806492708057,0.515784386125621,0.313614818569985,0.162326731853693,0.0390925082242244,-0.0397707760970664,-0.0601177019933346,-0.0684636120330276,-0.0524502409965461,-0.0569167157836245,-0.0244645809427617,-0.0162246617245006,-0.00209281625211357,-0.0646738607927184,-0.00706533129626681,0.0866307033150751,0.069440977603008,0.0673460691803063,-0.0056814072650834,-0.00378490476580216,-0.0147131407635057,0.22100797948515,0.184995025585488,0.153863141907985,0.133734116450494,0.109616575947583,0.0697292318474801,0.0427112694615282,0.012657686995561,58072.0146728712
"459",-0.287819989235999,-0.121057514028619,-0.296376671255805,-0.139616478260268,-0.00763877422095864,0.0266789349026369,0.0200807114166782,0.017405709231308,1.05161276559145,0.294622595844155,0.398554074176417,0.273884535732512,0.484471274502369,0.659480591816356,0.827154150483472,0.957747182614364,-0.0184554220972049,0.712591376796302,0.643590681149892,0.729314150094988,0.490503907942116,0.321478081799497,0.161018680611703,0.03932951600094,-0.0477225457975318,-0.0557252020252838,-0.0633416166571577,-0.0619975463571161,-0.0457461050791815,-0.0223300415789282,-0.016946451372555,-0.00224168756677869,0.0578175822537764,-0.065753856120525,0.0633815690477699,0.0975004760785485,0.0515947486951338,-0.00533694969051608,-0.00448188817759453,-0.0138313932464767,0.22267715888859,0.183572354133394,0.160891141755597,0.130636640240456,0.108764061516013,0.0698685084136432,0.0434857628422797,0.0124136371293114,58082.1078958721
"460",-0.245046755671326,-0.15140949555685,-0.242964908214207,-0.119668342553833,-0.0229677319266938,0.0373896490018971,0.0252998480826749,0.0183892275644759,-0.669061941054806,0.285734614347074,0.201322173047203,0.332027575618103,0.503352188783176,0.670541908491465,0.822886772787115,0.957303677092543,1.68935182686546,0.72846635074135,0.824106041915606,0.667370087521595,0.478385809523085,0.310127643047475,0.163706947104798,0.039628173457236,-0.0398473883116075,-0.0611881825387436,-0.0675803442932397,-0.0590693999158686,-0.0578545421563112,-0.0238535576405653,-0.0141778864861835,-0.00241165331340926,0.0104581202260596,-0.0364002051918447,0.0630916424283165,0.0740044809633953,0.0394265622338643,-0.0344070109450575,-0.00369541954677479,-0.0141043487392156,0.225051788239555,0.188300905979006,0.157389535568134,0.130010811523219,0.108453389767373,0.0700315404632162,0.0434140186834769,0.0124053337253432,58062.5294994396
"461",-0.24573079346519,-0.138248560256874,-0.292412802548816,-0.140084983038245,-0.00813985041272162,0.0325956795902591,0.0221577309481055,0.0190399725445497,0.333145122973378,0.341470660284196,0.370699841158015,0.285659937901075,0.46579979347435,0.659058138007896,0.822817277587984,0.957592251984494,0.689846423442969,0.667030312816801,0.668503348382314,0.721658020621368,0.511542130071555,0.321252146731034,0.164495501215554,0.0392535340959356,-0.0286046497300165,-0.062126539626384,-0.0643040245624775,-0.058508741896526,-0.0566127136928715,-0.0203108046574105,-0.0145314889655749,-0.00282601177024577,0.0119112300590605,-0.049724586022185,0.0881291481938902,0.0683066940999074,0.0483692304958934,-0.0181916212013859,-0.00312024465189884,-0.0143903360640849,0.213654638292234,0.180723657481094,0.160485773476412,0.130675487501118,0.107946318345616,0.070086612689318,0.0430748715984804,0.0124077010757702,58076.2638997608
"462",-0.27152699225014,-0.138227230307097,-0.27369520605651,-0.147717071553507,-0.00577019296689689,0.0265151219426404,0.0117238456819036,0.0173494869173348,0.429032891050301,0.208592533670359,0.30947812797827,0.316003574581011,0.481187543454481,0.673370026625242,0.823209199649754,0.957839932307131,0.600547939189812,0.795767609450527,0.723938745238599,0.690690193282896,0.493573420639609,0.307656284617043,0.166982775677798,0.0393409419317978,-0.0457964315643391,-0.0323498105331822,-0.0620491654933635,-0.0558365249791763,-0.0432678054554676,-0.0179033170351129,-0.0173143843754266,-0.00236178824333564,0.0306008193099163,-0.0438476231606447,0.0757322700390226,0.0897534255784065,0.0356119552448824,-0.0119742907607479,0.00848584756397716,-0.0143258291638927,0.22057692376329,0.184054482876802,0.162342191811814,0.133976004241041,0.106278120439514,0.0697409120650799,0.0430628936397884,0.0125340554098183,58082.5506683681
"463",-0.224799037385239,-0.163305856385684,-0.252914770365505,-0.153004319026883,-0.0108698022230575,0.0295785234100044,0.020366134367583,0.0180598544167506,1.34312960468616,0.216638028717014,0.270724263809642,0.327319510937908,0.497264365769709,0.671018388748057,0.824062305032382,0.957035997441859,-0.327251021915371,0.80240134643062,0.754426300143373,0.680138189938714,0.481021473978916,0.308487320705571,0.16468120941214,0.0400840949751241,-0.0374195213524246,-0.0583716671954514,-0.0652589637994811,-0.0626218411069987,-0.0489660966865923,-0.0187850102281693,-0.0167898784324874,-0.00261510560230969,0.0226776771229707,-0.052914870488374,0.0875231774312667,0.0938104328384635,0.040747595914183,-0.0118142450329688,-0.00332182597783694,-0.0141282771629657,0.219601149738552,0.18561366114743,0.15771690067944,0.129399223466212,0.10689503139572,0.0696230936796693,0.0430095323536752,0.012455882538055,58079.6283581191
"464",-0.222207562981613,-0.132563587473263,-0.257928668312602,-0.148654480099381,-0.0215360493052267,0.0220493239649197,0.0189736539425671,0.0168619158789912,-0.242548290750109,0.293373861354387,0.364364357645676,0.320399726516666,0.480763573178817,0.663228309157432,0.824757633118439,0.957344767950934,1.26363575958598,0.717254154899827,0.660848744708468,0.686614990940906,0.498105738293534,0.318623685778575,0.164505560591719,0.039944948114321,-0.0425915571313131,-0.0556064224507226,-0.0677172281851539,-0.0566814727665681,-0.0522132877619802,-0.0197685116157125,-0.0161452561684931,-0.00265274460303484,-0.0326188778820491,-0.0641332502008806,0.104905997220968,0.0783728436504799,0.0602952021924919,-0.00330951623825305,-0.00689421032887571,-0.0126646651362933,0.223868563244013,0.185713857252671,0.160421735051904,0.12940357404083,0.105770676614574,0.0702218859071882,0.0434766113218016,0.0122947874159461,58082.2109908875
"465",-0.223357731069543,-0.153972047893896,-0.282352483601792,-0.141398082799405,-0.0263223236432566,0.0167959945310289,0.0185557739147606,0.0168636398753897,-0.825932884277031,0.315050719682409,0.336950188168473,0.286033435864268,0.491902291160079,0.67498181095936,0.825603345265299,0.957915749753341,1.84971862820164,0.691283622301405,0.702380281741827,0.720262600685928,0.48765665624731,0.307981124450643,0.163289654626591,0.0392254337013164,-0.0446445821181326,-0.0487159114839997,-0.0666223669472021,-0.0600057704723371,-0.0523507278753386,-0.0194532589765955,-0.0166231051470358,-0.00287913093878205,-0.0538229946498973,-0.00643509206184183,0.0662416253979625,0.0698128418957426,0.0620367241739695,-0.00694055674379486,-0.00390162674109642,-0.0116867026007415,0.220731830268999,0.183051417093456,0.159995917757179,0.128994492059675,0.10760106326768,0.070860409411768,0.0437368057069599,0.0124647454417745,58083.7221517081
"466",-0.272236775286671,-0.133692385503247,-0.292259554517739,-0.133671773692291,-0.00893480518018557,0.0207966375053798,0.014061640126957,0.0171054673608844,0.148004105390502,0.302540482951141,0.285325430528284,0.294751418223873,0.449282523670047,0.669090112455381,0.826909836741978,0.957932662463479,0.879742562823792,0.711853837610975,0.750176123783275,0.709051522853813,0.529282868622531,0.313325899834972,0.162175627846611,0.0392541667428637,-0.0324381155310045,-0.0532446602449072,-0.0692054091010269,-0.0539476321707834,-0.0519213632249062,-0.0201956555376544,-0.0164857227833233,-0.00240783177865883,0.0181730627276211,-0.0936148230900633,0.104172655380859,0.06850379571572,0.0436225633217105,-0.00712423777089737,0.00578214611817902,-0.0127343243115663,0.218484227367122,0.18500791886108,0.161656049781254,0.136407427853243,0.106255161460697,0.0695789257617127,0.0437380970824786,0.0124672271839331,58082.9769397895
"467",-0.294516816158233,-0.145691465715061,-0.290756924226859,-0.132438551147682,-0.0159167016548624,0.0103067003094105,0.0113876884371756,0.0188805935815348,0.431802993408544,0.290455188811828,0.285021685952095,0.278931520393614,0.462949852277159,0.674040449675391,0.829780278805528,0.956469791134949,0.604471510110436,0.721275350087747,0.74708088315415,0.725980882821658,0.511875239253196,0.310672567058992,0.160245384455295,0.0401417489588777,-0.0350007904397702,-0.0587783657372062,-0.0675011636760718,-0.0665447512919246,-0.0443540897514971,-0.0218208294506509,-0.0174604297961108,-0.00244209825262856,0.0171624717729845,-0.0473973388768914,0.116661887942509,0.0665691563546151,0.0727834115426521,0.000494929306440972,0.00926753751509075,-0.0135330979073613,0.212631563659537,0.182373248774392,0.160740055361308,0.131359334234592,0.111090017333309,0.0698675754975794,0.0433970971705204,0.0123736959764592,58075.6143415902
"468",-0.240251361511442,-0.183601480582278,-0.290042220036105,-0.147806727230646,-0.0175276678620776,0.0211929840390746,0.0250712883799735,0.0165092417806712,0.0242885515529476,0.365832229859333,0.352957411560336,0.299138055875136,0.465899414729532,0.669745733801031,0.819309081165596,0.957383709058589,1.00010781587744,0.651269079960458,0.681518323206363,0.705921293595157,0.511465694167218,0.312643806689554,0.166633065285844,0.040322172801015,-0.042697759683166,-0.0601371065805706,-0.0647263085046954,-0.0575508083090935,-0.0468101033671493,-0.0257842446459664,-0.0150745122041025,-0.00191958334578061,-0.00080550893678354,0.00443139765636404,0.105823652208368,0.0986166318795665,0.0555621983100598,-0.000789740706506647,0.00450918350926972,-0.0155486785201036,0.221852550497482,0.183602983527634,0.160463415872958,0.132623613554924,0.106074277331196,0.0707545103621268,0.0434193415965076,0.012468151880389,58084.0928280282
"469",-0.284324424972891,-0.166909910438883,-0.290168285054123,-0.110136125151957,-0.00872020128696844,0.0232894158627974,0.0108272896578359,0.0177315442029416,1.41022090745968,0.272149808839813,0.3270520750629,0.292679617447148,0.4847660337094,0.666417870994544,0.827936661896219,0.958234005323021,-0.379405588564242,0.738489297881953,0.714423678029744,0.705915784493149,0.490168208347138,0.315756144668063,0.163349700306886,0.0391916506118332,-0.0504340353616229,-0.0601547968660224,-0.0647414240113081,-0.0547145603992927,-0.0515123914435559,-0.0243453226956259,-0.0201985424015164,-0.00238135734727515,0.0599764936216634,0.0309763812818453,0.0558484398533306,0.0552421853035973,0.0574047747029458,-0.00430064980386638,0.00770770204851341,-0.0156284772029162,0.213147571619775,0.187091830029135,0.156322244530391,0.133012750119389,0.107287100905847,0.0706931162162978,0.0443154814134171,0.012598500193556,58077.5567832442
"470",-0.253406759220663,-0.155370239489998,-0.295045627785859,-0.132017145904916,-0.0158889913387485,0.0126147196220009,0.0122583251351969,0.0186067222472344,0.527019831662136,0.349312759954986,0.3474254776076,0.305136780113897,0.467768988404893,0.683157434400676,0.834908219053178,0.958835596048088,0.497598702311223,0.666522239988129,0.690281539025031,0.698980457123421,0.507195313152076,0.301961489140484,0.155978911710041,0.0380126322380278,-0.0296569338472023,-0.0505361255263146,-0.0718809046744088,-0.0631485955464866,-0.0491156654744993,-0.0238665959972717,-0.0191347499937667,-0.00321906013282838,0.00056611290900584,-0.0528366510125677,0.0978024246093252,0.0739802219053259,0.0737787323551269,-0.0089693289956842,0.000749238127770576,-0.0139788761459722,0.217335762177296,0.184915829404131,0.16159259513457,0.129292264814172,0.109119904149749,0.0698190652160259,0.0435491759606791,0.012660981730267,58080.053821774
"471",-0.216981649585692,-0.122292756015332,-0.290614487081499,-0.131088397490533,-0.0137362071545059,0.026968205864595,0.0177187541221428,0.0178047221104544,1.81038854363837,0.234326328224274,0.339769072422847,0.268979571488801,0.477208314541821,0.667250850379592,0.829557796155337,0.957088332630936,-0.788701340031194,0.770426707498069,0.693650028632131,0.730696232694187,0.498191738846436,0.311830770660426,0.159941393410203,0.0402504523336984,-0.0347420793930379,-0.0478206403989557,-0.0717219797007707,-0.0584116308242618,-0.0483407731207904,-0.0229827274611161,-0.0187066122981812,-0.0022192206452997,-0.050828406231268,-0.0657886863612984,0.122685819666706,0.0991466891960631,0.0561924725732378,0.00505274328902388,8.59107091179194e-05,-0.0151194287501332,0.219543314526848,0.182986756947953,0.160498569070726,0.130868361736005,0.107202556420671,0.0687852064595948,0.043437059436846,0.0125374324732714,58084.6651762457
"472",-0.261168344932577,-0.152432835650581,-0.262660279662882,-0.139838064231617,0.00753999496853932,0.0341584217062223,0.0251351343200531,0.019359584619253,0.491939342166692,0.238477430469289,0.316042092978514,0.310670467544457,0.456205849685489,0.658464421555473,0.821680742555048,0.95634816866789,0.545646210839638,0.768002551130706,0.718937367918076,0.693714691288893,0.513821755685868,0.321925669128716,0.166064531624855,0.040343119224482,-0.04808079372481,-0.0555879500518136,-0.0763378765590525,-0.0577505212719396,-0.0439286456743523,-0.0265362631254957,-0.0142731314074702,-0.00260056659278705,-0.0480954795166811,0.0193761768694844,0.0626596302062551,0.0739455182543144,0.0447663789588447,-0.0103522670920224,-0.0103562649613852,-0.0146500458967959,0.216481977071829,0.181252417512404,0.161224728028346,0.128837070945426,0.111106055501771,0.0701564905667891,0.043854134272136,0.0126461639008635,58075.7179351529
"473",-0.266445425780926,-0.226359735018838,-0.285763168504764,-0.13038359133431,-0.0127743149951779,0.0154331755348137,0.0141831948002624,0.0197005901236427,0.0531460750653184,0.435221042340313,0.354623885902178,0.295107431977581,0.474412481378743,0.670103203003639,0.824814160621469,0.95765685857282,0.975257515891923,0.592613368516533,0.684650621030196,0.707520496211299,0.50438472338597,0.31354951035597,0.164091438568623,0.0385705859165356,-0.0440332009633566,-0.0567316677019123,-0.0630365261860284,-0.059115545539578,-0.0449875773554072,-0.0291053626409372,-0.016720971021247,-0.00171720202113012,0.0228854037949122,0.0239715276368616,0.0697816520090229,0.0769626699310475,0.0322615079582575,0.00316772886717374,0.00931822112012565,-0.0139761511439018,0.213755146611798,0.185465163404952,0.161214369555129,0.13240398932252,0.108189435093727,0.0704046284951973,0.0427241563119669,0.0126992165874031,58075.810762738
"474",-0.244806950208937,-0.182330014508406,-0.249542123253288,-0.109199433610815,-0.0132966310332894,0.0217209820177569,0.0138277687503291,0.017778533031064,1.11068430150759,0.271402060833515,0.380151233323672,0.247011998231947,0.493944637825414,0.676791131812896,0.83254447928464,0.957694152749936,-0.0853221641973527,0.74221110155957,0.649776302133804,0.749729204416669,0.48643979471685,0.305660761202844,0.157350016065685,0.0393811758056612,-0.0259650031790735,-0.0410086794131407,-0.0735426669491875,-0.056507698869244,-0.0503172285452657,-0.0200912272667134,-0.0169153886218915,-0.00303637435589051,-0.0241943754012902,0.0196437331171773,0.0585919580699189,0.061427805087635,0.0275056828410203,-0.0128599875955299,-0.00157617063529899,-0.0125137459583013,0.217457841477879,0.185281894043551,0.160904549517373,0.13308806277919,0.110549161291036,0.0706788770219441,0.0435602356816759,0.0123903271859001,58075.8296098564
"475",-0.254895690323298,-0.162939811004381,-0.294937794278952,-0.150650198694208,-0.02396386215387,0.037814467421105,0.0106688273743076,0.0172110928380771,0.30490277167222,0.318316032777825,0.371991145720446,0.300255962793434,0.499041411620504,0.661875576215994,0.824087263554491,0.956918965497401,0.724566834898897,0.699322677953044,0.669940818615459,0.704687396156044,0.483432101514803,0.31708988206608,0.167039244317755,0.0405110161884228,-0.0359239933760731,-0.0574637477084017,-0.0633751893899773,-0.0520406078651983,-0.0533236506141761,-0.0214656977698617,-0.0187302408547027,-0.00213771902199395,-0.0118368405981249,-0.052312328307542,0.076268942695432,0.094077260169897,0.0399156037782514,-0.0249317836853963,0.00498812083829545,-0.0147424579445303,0.211125770566384,0.182929662917629,0.160184465787756,0.130582998504218,0.107740805284213,0.0684966627878738,0.0439993947279967,0.0126696668781752,58079.492970576
"476",-0.278145198459204,-0.164860023950997,-0.291794715815979,-0.135191303880192,-0.0127162030674804,0.0135853505974677,0.0123280099286531,0.0188431305270008,1.34243369751231,0.280277270807464,0.308651629131926,0.306349592230291,0.473418404662052,0.673121009187698,0.832619739799351,0.956979271290583,-0.307906208445621,0.730685239362375,0.730999814911895,0.697629430714567,0.506428629798018,0.312999672196576,0.157324220930999,0.0399510394736603,-0.0566182725890367,-0.0466183852506356,-0.0661524969740094,-0.0528616625342005,-0.0539799052402748,-0.022469550754081,-0.0156295764516243,-0.0028449050282905,0.0193028536106547,-0.0142342488248373,0.0736970179704876,0.0640772650431529,0.0400620539944592,-0.0133850930031585,0.00182318990206209,-0.0140593010139753,0.219436306849547,0.18600212208897,0.158251984441171,0.13171504795659,0.107114130659399,0.0703965631091013,0.0430525977213668,0.0126995358424627,58085.2770230116
"477",-0.256865559160845,-0.128911369882391,-0.25004546267464,-0.129291736991443,-0.0230037159521158,0.020020157179414,0.0230089880239504,0.0186430814886444,0.280985747583643,0.289273320338495,0.280146874118628,0.281368752385476,0.478352280084682,0.675243410413726,0.827947583153733,0.957408888448735,0.752625109079991,0.714016314846988,0.748567258282601,0.722182874361409,0.503056319889873,0.306242820632195,0.160445368725871,0.0395551590179915,-0.0399874348085617,-0.0457162708066346,-0.0667005845394222,-0.049958678127191,-0.0515629081372343,-0.0210539735193289,-0.0178160712813974,-0.00258877429949421,-0.02942630440689,-0.0397676306071851,0.0538297107348738,0.0513310846804162,0.0564302559497143,-0.00181225141658405,-0.00778576207036766,-0.0149570574828848,0.215377853502152,0.181970785272241,0.157854746430213,0.132681067164299,0.106734126999056,0.0701223921986693,0.0436440584101357,0.0123616976099335,58086.9199893265
"478",-0.249245986071575,-0.157830071455641,-0.24276435878429,-0.137307827477592,-0.00790827807546133,0.0207514937917566,0.0134438322828199,0.0164449557405013,0.0017162599356904,0.338871399694889,0.317324447256567,0.276902918778338,0.481561700508438,0.659360091938684,0.823820532698929,0.958863754366008,1.0257641060702,0.67456940870332,0.710498644067372,0.72961698714589,0.495039439704711,0.32274120280525,0.16494976525288,0.0385010757327431,-0.0470897224597173,-0.0571404325145645,-0.0634372057012801,-0.0585304925964961,-0.0472875089163667,-0.0235243006036196,-0.014577917885124,-0.00230497203964815,-0.00162911051436452,-0.0352049414586095,0.044167366052457,0.0661898545260068,0.0452752260526828,-0.00170139902812385,0.0100826857762266,-0.0136010088328282,0.217922980905306,0.185539062710929,0.158989375122136,0.131324598942676,0.107428651106507,0.0719101082781258,0.0440112451287143,0.0125907397847789,58086.9275232143
"479",-0.275356253660866,-0.174177184989078,-0.303796470749255,-0.149293149800715,-0.0288333503270139,0.0248838496120629,0.0208509036054621,0.0174932327457971,1.66935899139212,0.191680491783156,0.345223315287478,0.368172143680204,0.486565382269238,0.66199719044788,0.82712565190313,0.957295105081926,-0.636643846294971,0.827028913587224,0.696140318761267,0.637755945114397,0.493158891960629,0.318894212104038,0.162775485854072,0.0400546300032683,-0.0375468223602439,-0.0571636445989971,-0.0635377409441984,-0.060946160249696,-0.0490719005784315,-0.0206225492031241,-0.0180459041154066,-0.00278843660429917,0.00582168071434204,-0.0263952238155935,0.0893131985905895,0.10205624495629,0.0572285727810821,-0.00601814781906485,-0.0116727370260918,-0.0138117081341436,0.219505598420629,0.184967127031466,0.162040617724988,0.131848479535051,0.109945832526669,0.0699470680495585,0.0428832494570609,0.0128088814403907,58074.9744538688
"480",-0.286258092621164,-0.153310058795944,-0.28782581893456,-0.126399058897102,0.00295824827185211,0.0262959912541124,0.0151102518003729,0.0168145051478558,-0.418170856057609,0.27254277462134,0.313482854699157,0.269056569500223,0.477362976970119,0.659169976283271,0.825995868574961,0.957321766681257,1.45454972476186,0.734578572808102,0.7242901975768,0.735514749697177,0.497932567149256,0.321265632672198,0.163072887615495,0.0400769473840174,-0.0479880152058125,-0.0561210611863977,-0.0571018456737255,-0.0585052959550028,-0.049319501960986,-0.021141089519313,-0.0181208025823232,-0.00261634503843774,0.0142331673931324,0.0125463361453288,0.0739227015581604,0.0457687833163829,0.0180092073789767,-0.00291242325750033,0.00820427314755396,-0.0130950714806532,0.217308743472505,0.186042098654196,0.158246314236026,0.131681024418414,0.108738646141399,0.0700185994671084,0.043679441297849,0.0124620435825263,58088.27142704
"481",-0.264728864857623,-0.208938842054861,-0.262889916845793,-0.142393136939018,-0.0138900767947856,0.0319923481069393,0.0198939999737085,0.0175261185215388,1.27918356726034,0.348823295817466,0.368059009690548,0.295787590184511,0.491324606201754,0.664737730364548,0.829038133881867,0.95614790561663,-0.246854968018864,0.676066426409623,0.661154355919893,0.710795463759615,0.482998048958233,0.31410206100662,0.160137971189133,0.0409158861688331,-0.0572302203919459,-0.0582739784246339,-0.0621768979996467,-0.0628157495927859,-0.044207037902862,-0.0190660979213604,-0.0169731072842481,-0.00243156509861519,0.0115655967602288,0.0127013267431779,0.0669223659784346,0.0817664729308592,0.0596887063238084,-0.00922394565627058,-0.00677639907387934,-0.0117941742669468,0.220539181944123,0.185517291206614,0.158145165963575,0.132451445171171,0.107126502758416,0.069590847260378,0.0438516787576802,0.0125154146987318,58085.1070229498
"482",-0.257794351394578,-0.138664572066885,-0.297286737781232,-0.134606778578037,-0.0278597238217331,0.0265749391902825,0.0195190668315533,0.0190638321072084,-0.220601792681032,0.204827306209842,0.367469519325917,0.296522751728111,0.467749098687086,0.670605216314809,0.828417199905201,0.956746125498527,1.25220234182392,0.804598418334683,0.675699387099702,0.706309326142167,0.512917807171404,0.310006904028735,0.161028076500952,0.0401443394678249,-0.040121649506006,-0.0538555138949557,-0.0611635838989281,-0.0572968194988199,-0.054605841511514,-0.0199595236069186,-0.0159655120539357,-0.00288300218585513,-0.0214954125912648,-0.0377355822590589,0.0642362603747,0.0758096135551501,0.0719781246913536,-0.0100180221537084,-0.00815696559281107,-0.0155848781783233,0.214334437174361,0.183330637348147,0.161167431724089,0.134844976548029,0.106166190693644,0.0712154891950973,0.0432721729571289,0.0124847845145716,58080.5120997192
"483",-0.24888797014351,-0.180404804115891,-0.289602854643197,-0.159140386044126,-0.0029134251652741,0.029942453057479,0.0168772803885009,0.0196179630805157,1.07674186976047,0.282034236417123,0.343871777046516,0.321976468638415,0.472257934805541,0.662771338954284,0.822902069175896,0.955966025864954,-0.0514727132782962,0.733501983317449,0.69525777206546,0.688713839880889,0.502650086581411,0.317385857435442,0.166584966831055,0.0408549041883723,-0.0458058059799463,-0.0488328721041013,-0.0552782269702473,-0.0643053570954163,-0.0477378202711581,-0.0158889263196356,-0.0176550856635478,-0.00278351526843264,0.0101000438907524,-0.00438548958579784,0.0640655749819078,0.0902226786742291,0.0363857072864332,-0.0163086484113941,0.00221135376726971,-0.0156611605595665,0.217052806098524,0.183512410862327,0.160544219668675,0.132615154350333,0.108303698646391,0.0700140047915061,0.0433607921326023,0.0126664381185529,58087.3213032456
"484",-0.250867290322909,-0.145558343277923,-0.248323748677802,-0.127348243687117,0.0156737144577207,0.0286893877981582,0.0122532159797136,0.0178187737357548,1.33000768088877,0.28410032752925,0.340536947990931,0.310350512691064,0.45162647453498,0.659150915919845,0.827580944513655,0.95635226278907,-0.30723176847654,0.726020503916459,0.685258271610412,0.691729566495713,0.518054319914761,0.321183182382105,0.16112979647061,0.0407209156219966,-0.0325322777015484,-0.0427753891169916,-0.0594863180124968,-0.0549460615373257,-0.0468363523230775,-0.0237340586064798,-0.0151167865756022,-0.00179836016636205,0.0155092738861562,-0.0552879771489257,0.0619294988596394,0.0592046444256076,0.0342481923466266,-0.00728274908115319,0.0103141401163506,-0.0141892330631419,0.219521490892966,0.187724546880267,0.158902321193648,0.131656417464574,0.107308371051314,0.0702150741800589,0.0428338932496281,0.0126939117557749,58083.64694102
"485",-0.262642444402694,-0.142997074012819,-0.302859541691651,-0.157236478083382,-0.0106060074022517,0.0199284248714658,0.0173207809956997,0.0167039328374325,1.19452505770612,0.306029919651285,0.363711108432408,0.295356469719135,0.492443449060434,0.682235900543977,0.830395146183532,0.95652761651611,-0.167527107011831,0.704131665770737,0.677866528017305,0.711412348777046,0.484110090130086,0.300714090408227,0.159028156168724,0.0404983630552781,-0.0299188617658542,-0.0539913866021531,-0.0543054310727491,-0.0559203094985741,-0.0494997887536719,-0.0290870025837552,-0.0159346311845425,-0.00241776654283485,0.008317957479547,-0.046524776841248,0.0665733172313065,0.101277733003427,0.0486325456826501,-0.00554674484788435,-0.00369947868038891,-0.010753909417157,0.219401345274383,0.184897203201546,0.157816770212527,0.132997395019007,0.109964886645055,0.0696473555927403,0.0432374658519532,0.0126434702225676,58079.7138553786
"486",-0.262573217265158,-0.163303620137931,-0.248246188679571,-0.15667953802303,-0.000904566251839271,0.0281671195211512,0.0199061104580234,0.017498218857618,0.786634455354215,0.31634276404388,0.331262089183192,0.3215977323405,0.466585549880408,0.676832137070233,0.826268192642941,0.958002575126198,0.243189503117655,0.704157845964101,0.695034375927796,0.68737977499619,0.505507742782873,0.30496737184986,0.162045320317974,0.0392457670037323,-0.0490105577578888,-0.0557266271237413,-0.0628767629374755,-0.0579886641450481,-0.0456335709735098,-0.0225843631102021,-0.0143421853291349,-0.00266325174477971,0.011402490990608,-0.0814324717297293,0.0604789245848767,0.0858984971791295,0.0499741012949085,-0.0232860106950826,-0.00307003825807555,-0.0138290641437613,0.217536524372862,0.187618992660353,0.161907291414339,0.130823488615786,0.105064452952401,0.0706307486353477,0.0436910836823857,0.0125356205903432,58082.7806221572
"487",-0.246532403180645,-0.195583600891118,-0.285060998760878,-0.150903690099727,-0.0263475361686422,0.0157772638036094,0.0177591331213957,0.016514799096065,0.453213655787545,0.368001518081417,0.303632930866573,0.345841662506468,0.497609306202062,0.678541682215729,0.825438467119755,0.958740602021253,0.57658644353304,0.655958822172528,0.728995867403367,0.664833435038042,0.486191662407874,0.305425757390601,0.163716928036536,0.0385807448179332,-0.0454106108760342,-0.0727898550386945,-0.0665622896393779,-0.0628156675192132,-0.0514325267465156,-0.0225587857826541,-0.0164043398863443,-0.00287161006514917,-0.0237412441089301,0.00980106447941154,0.109677602816866,0.0662607812399253,0.0412709861166567,-0.000160564991281765,-0.00161646915377431,-0.0135498142371959,0.218876386511041,0.184684108418615,0.161210218380304,0.133206827286322,0.107500538570192,0.069260542424335,0.0439968076650876,0.0125167199644256,58080.6595868313
"488",-0.277831827485822,-0.15248484919637,-0.268674765018266,-0.147443918274467,-0.0100703228942107,0.0316581506647794,0.0254680814645007,0.0149171130428708,1.35488903960386,0.328567575703628,0.279500956400381,0.309755702657018,0.489494753397772,0.652973637151429,0.821599734083018,0.95877296801798,-0.320359515738971,0.693185250062316,0.750162225259658,0.697618897515221,0.491883159895966,0.325538636347593,0.166797558494497,0.0392617671080989,-0.0585266741457012,-0.0575703974958657,-0.0597415829864974,-0.0572187412250311,-0.0467372213037463,-0.0228764779802375,-0.018585477113101,-0.00305985612695453,0.0246908202169433,-0.0921346333792525,0.0719966294995747,0.0765078140560821,0.00810816631405127,-0.000326268344492956,-0.00702818198976942,-0.0129401729098814,0.216010047830298,0.182613108660906,0.161318244096673,0.131739739980329,0.108934708065124,0.0708394904268819,0.0443983808069986,0.0125626784171023,58075.7504004533
"489",-0.328608943062911,-0.192707508216522,-0.282211567394875,-0.158404678533209,-0.0420257761742039,0.0175573457827396,0.0142015685153935,0.0150917265259906,1.4398293845873,0.295672536016687,0.295181497840044,0.265776473695141,0.492573225324341,0.687803366447567,0.825164336374009,0.957822779222534,-0.400723575470314,0.722519124888782,0.739889080300355,0.742758027819954,0.491188389801915,0.296449582269819,0.165432904029875,0.0398836366965458,-0.039540132422471,-0.0547460377449715,-0.066494850798153,-0.0533854826229193,-0.0532432794705793,-0.0242850613510944,-0.0168242641359056,-0.00246832450835716,0.0916607909252384,0.0129944975085514,0.0872885084110264,0.0915215702256932,0.0801774281973493,-0.0117058756552226,-0.00014246138732164,-0.0117851320412088,0.222006415816768,0.180410148307602,0.160363407748707,0.130586482324583,0.109179161130457,0.0714176293436309,0.0441701449535972,0.0124051557852778,58074.5137239082
"490",-0.222854859861897,-0.161673156013516,-0.294605528614772,-0.141061548030671,-0.00208347732787862,0.0141630924698901,0.0202394272300471,0.0192777775411763,-0.903464925019625,0.300754179832045,0.31160637999764,0.306969593875341,0.473531260074972,0.673804974079693,0.827764885764394,0.95711057527115,1.92983670913391,0.715141311840952,0.725403399824266,0.699323833732575,0.500396012797961,0.309460306918215,0.161005748266955,0.0397591783497752,-0.0453042733774078,-0.0474132754247561,-0.0743052772576925,-0.0677376342937472,-0.0427455946669683,-0.0231703758327793,-0.0196843782497755,-0.00214956516064616,-0.0655496924348992,-0.0476974026845194,0.108827539673401,0.0854025313823149,0.0373061555549544,-9.86505725309222e-05,-0.000768530759382994,-0.0157384112105672,0.222437939297153,0.181590625690323,0.161143181015456,0.132235271118751,0.107824189646982,0.0699161831935184,0.0430453834358756,0.0125269957114048,58083.4954723767
"491",-0.294380425762819,-0.143863383863881,-0.266343783519119,-0.138355305937805,-0.0191727333186008,0.0306163781447877,0.0116626530047607,0.0171306998767155,0.104017765242291,0.283860604963857,0.345310074224433,0.301198428571439,0.485255559618536,0.665377916757608,0.825463962952539,0.957870813686,0.929071689980697,0.723928777815579,0.684663474890813,0.704340588281132,0.495217633693735,0.313527813255636,0.16572220947626,0.0394952229631221,-0.0495120616056444,-0.0602452962441914,-0.0611025651190093,-0.0574947538273175,-0.0474556512060509,-0.0189406385249023,-0.0174218434485547,-0.00271015916815819,0.0680488225321279,-0.0232564274055538,0.0738263321169939,0.0592978639089579,0.0346580625278793,-0.0149489979501886,0.00110756833731753,-0.0139022335674367,0.216304979465201,0.186089919751492,0.157694097010818,0.129669669988888,0.111323420330123,0.0701223550826531,0.0436343393460323,0.0126464003137746,58082.4161568568
"492",-0.283891013720797,-0.194098566697032,-0.273047470979041,-0.139877725951184,-0.0101329521060132,0.0183044481412006,0.00956018469422547,0.0174085350150068,-0.424247860983693,0.315339312440032,0.343376598598057,0.319465135329926,0.477449296495149,0.6908303657106,0.831449590560238,0.956513522504293,1.4585391186094,0.704038983909897,0.687389238242151,0.684244742835635,0.499311497250526,0.292822518206892,0.158523968643244,0.0409160052468638,-0.0447418003661686,-0.048704155654461,-0.065955898125202,-0.0519429868789782,-0.0476291412203662,-0.0218598522631325,-0.0196541537705871,-0.00202997167266045,0.0203679432876181,0.00920592028014591,0.0880434020294569,0.0721718323363216,0.0408906275990093,-0.0134538956812621,0.011608083398661,-0.0145074499374853,0.212934613902697,0.184848944256248,0.15720004951381,0.131881505343687,0.107556066772148,0.0704255141245989,0.0427684348335062,0.012578178117067,58080.5718266005
"493",-0.308840046096833,-0.14928179585004,-0.236970850664233,-0.188215601422102,-0.0158005064602655,0.0253217687508464,0.0203517885666465,0.0163190288138224,1.33756415750288,0.349786458248014,0.287676561436524,0.320697821718456,0.474990266625631,0.669040309658208,0.823396473300188,0.958549687437711,-0.29466645960999,0.656998674556507,0.734788481487315,0.694330736642052,0.506497128175761,0.31160439942622,0.164073161207615,0.0388736655230565,-0.0404620762750793,-0.0453205887020404,-0.0603037443380608,-0.0642339273027143,-0.0516747216271224,-0.0217613042574132,-0.0145585171958515,-0.00206547975160185,0.00922836165929758,-0.0169508798230909,0.0620665957033721,0.131539339867235,0.0316472722847103,-0.0022020324624568,0.0010859978324038,-0.0136046202636638,0.215846806595399,0.186649479489268,0.157725022156217,0.133175518075547,0.108554979188347,0.0708195670551841,0.0427208832975999,0.0125851346526445,58078.6381747651
"494",-0.29544588089894,-0.17162568780048,-0.248458258043439,-0.107380461556329,-0.00826044021444497,0.0173211940715583,0.0141628836436063,0.0181295647606402,1.17918248559686,0.288560308604683,0.3269031308184,0.283565232245423,0.485545277968667,0.67361992271404,0.825905590271817,0.958729465397108,-0.135708773842458,0.729136533010329,0.69803161150654,0.714264262357062,0.494865910987367,0.310825493861161,0.164572040975052,0.0384804812592349,-0.0453589619744002,-0.0588890471440054,-0.0699706936988641,-0.0473235143930306,-0.0566303603243145,-0.022839847325147,-0.0153494583588015,-0.00284109203652507,-0.0131540186039313,-0.0216170927767325,0.0756896171636507,0.0313066211556367,0.0251747877693215,-0.0117210942009708,-0.00259719142180478,-0.0163546247777387,0.219720900130389,0.184697584144195,0.15851635361486,0.134391103745373,0.106988743800356,0.0684949838368085,0.0443724347326343,0.0125131360320868,58075.4671591158
"495",-0.300243697459895,-0.173618503060641,-0.289736545481161,-0.150740089557236,-0.0063119619558021,0.0280955693915322,0.00991132737376069,0.0175245020063097,0.592545582330181,0.23756949550428,0.317738823030239,0.27801355507729,0.473213550682758,0.675021773590463,0.827782499943816,0.958950375010458,0.453331183415247,0.780928919681945,0.713447140887304,0.730617970354229,0.50399891312639,0.3047811071126,0.161286269853633,0.0385108910255234,-0.0478230208173981,-0.050515872108294,-0.0597603184424143,-0.066692629098313,-0.0510301837663984,-0.0199720541525514,-0.0165168835177218,-0.00234986763933258,0.00330382695292846,-0.0261070528027444,0.127826573808082,0.0876012184279803,0.032626319614015,-0.0138808991395267,0.0153813179507095,-0.0160729607104362,0.218065644775496,0.182325308666639,0.159828504974892,0.130147476931041,0.107571520208079,0.0709176231002323,0.0436124494297362,0.0126649669875856,58077.7175034383
"496",-0.265823276156513,-0.129721288320351,-0.261761769478337,-0.11461165207346,0.00409856150678847,0.0230339680891049,0.0208376963440429,0.0173639918418237,-0.770009025056231,0.23479061337526,0.336480072777798,0.263557247216837,0.44335994631578,0.657905992291827,0.823194613898804,0.95841118112615,1.80371776699766,0.768176325914887,0.69681598349545,0.734591273333312,0.528667230900048,0.321479907904455,0.165678833969383,0.0386583648313408,-0.048478377084638,-0.051819225853306,-0.0648374066649264,-0.0484341062603183,-0.04563820773006,-0.0230012885505035,-0.0135181608464806,-0.00250051152748999,-0.0174052317400194,-0.0311956556394777,0.0578439464067635,0.0508673261972164,0.045304387191086,0.00952971527718201,-0.00811328196749846,-0.0130447369861466,0.216182273371917,0.185030786654062,0.158733979740179,0.133531833262364,0.106550562849172,0.0704558883227371,0.0436301563410107,0.0123700437946992,58079.4440573358
"497",-0.26436714474997,-0.188255383189426,-0.276952479186545,-0.163299658079764,-0.0141321025339308,0.0236153960832896,0.0177109711555157,0.0185257326042842,1.05366514685835,0.193920685257008,0.317210506628911,0.29763051149318,0.482893582690295,0.67304625617176,0.826914622371613,0.957864821984202,-0.0216766645552666,0.821296660648644,0.711962139932322,0.710333279947236,0.495051063581252,0.309285919851524,0.161520853903701,0.0391604082744477,-0.0341390187824998,-0.0419621877339692,-0.0716588558696955,-0.0557635263642859,-0.0474695261446561,-0.0252709006629527,-0.0146262799258834,-0.00194461860466917,-0.0206575088628412,0.0231561333579583,0.117396188498917,0.108519360715687,0.0399783509230933,-0.00688393059721005,-0.00197549280773885,-0.0159205732587619,0.214647135881765,0.18607223811563,0.159325545057233,0.12968461988145,0.10476628261266,0.0705874299615033,0.0439741744994375,0.0127639499762758,58077.713226466
"498",-0.246637434558408,-0.145445030207164,-0.258718181137911,-0.134085992027802,-0.0222436196974225,0.0416363976635085,0.0202894306205734,0.0167721588290859,0.175637754726175,0.307622936765223,0.328975141959013,0.355483113736233,0.484848011600286,0.657920187849708,0.825869961940937,0.957890029401966,0.846806072795576,0.69955435181409,0.701789335038352,0.648712542024822,0.497329248105154,0.320061561067335,0.162714340892925,0.0393744147721458,-0.021397191166163,-0.0598235033182106,-0.0605198162121262,-0.0547465267064713,-0.0530679348958377,-0.0272586423216329,-0.0191551422242777,-0.00243572832979295,-0.0213667263564342,-0.0221678293037267,0.0484706437505294,0.0619642179578097,0.0424411594146969,-0.0148855077401617,-0.000932471023141507,-0.0139594570652783,0.216588158709739,0.182040453893519,0.158655051321362,0.128572554027159,0.108003436223431,0.0710927824374441,0.0424036676390189,0.01278332169414,58069.9423237644
"499",-0.253849590223174,-0.20149910703687,-0.290034659696363,-0.142450601796336,-0.00555707734088935,0.0299837566219403,0.0109046654465251,0.0161935101134418,0.104080779145925,0.320054129472679,0.336101810177769,0.299886556741662,0.464604833583395,0.681410812571762,0.826660142610376,0.958807715681915,0.926043633635043,0.699164453504631,0.700108662776663,0.706595414887603,0.512002149369188,0.298075371577735,0.163649600046401,0.0384693523646967,-0.0482827512997661,-0.0508242647388393,-0.0628944810014569,-0.0614024429122098,-0.050945757775016,-0.0281810339407884,-0.0167348222799437,-0.00245368104946881,-0.00779013558562898,0.0343535460406678,0.0944931054742706,0.0862295858478356,0.0431563812346362,-0.00734534211559788,0.00701403531573431,-0.0129387008266015,0.215486313368496,0.188590156110946,0.159096904478876,0.13420853168746,0.109765526870257,0.0712385420944873,0.0434802611528385,0.012424988203547,58079.9529146811
"500",-0.255752351482677,-0.183750533325939,-0.26573405677589,-0.15569761986753,0.02054115608332,0.028509302753895,0.0263284741205264,0.0183602292858139,0.107134958891337,0.294770087961227,0.383934840781168,0.303442524743861,0.473275142257308,0.66793264707072,0.826340123249808,0.958246750544725,0.91849489135731,0.727920598641866,0.645145762392556,0.705574255981673,0.498210322564211,0.31428068569859,0.162850770276071,0.038372464177749,-0.0393555891226908,-0.0566967099392839,-0.0589563110040705,-0.0618449680021926,-0.033747065990508,-0.024953590712222,-0.0205279648978591,-0.00278320052782691,0.0138106948044756,-0.0273736014722586,0.0752157305040157,0.0883666861055275,-0.0108293537966255,-0.0131765733376399,-0.0163613710692363,-0.0124527151081175,0.218297328198274,0.181378773881385,0.158953080370601,0.134625550844825,0.108543598871643,0.0690212447657369,0.0429302921893922,0.0124473652832716,58069.6549224675
"501",-0.214200872517107,-0.191174205581692,-0.276668642247112,-0.164505075670975,-0.00411112393986195,0.0346058004163907,0.0147790152053097,0.0173937814972476,0.503636043238901,0.290374961833876,0.318828666501592,0.332322488737518,0.468682246634095,0.656268167889391,0.825269708168746,0.95769491480147,0.525530936639625,0.72862822511786,0.716573016927234,0.678127341414095,0.508946965163575,0.323942866550443,0.164702966627691,0.0394390904355722,-0.0524843664821806,-0.0641950495550679,-0.0676202164576674,-0.0701102612465047,-0.0509919994188283,-0.0245985957232352,-0.0184870541326374,-0.00252687183816974,-0.0903792147767809,0.0204733717646001,0.0702497772151349,0.106342763406021,0.0369942816728633,-0.0175368524599609,0.00571433224531321,-0.0132210685818227,0.218343646326873,0.184590407324676,0.159396201812513,0.130586376580504,0.107283694936618,0.0704771706964634,0.0435975916598488,0.0124762249873396,58083.4558994072
"502",-0.285810739321083,-0.189901124873746,-0.287143710003314,-0.12480870113159,0.0057080581322654,0.0273094855892084,0.00524093593925054,0.0171379159508595,0.172613786345769,0.219168011086241,0.323534819457169,0.282903879268494,0.459484485854125,0.664569184659003,0.832172406914608,0.956475496702404,0.864070892666189,0.802200830132556,0.709748809264717,0.720941500854994,0.51493632318166,0.316843317383021,0.159791705912024,0.0409953415999739,-0.0455907602532094,-0.0546132201206559,-0.065392255357297,-0.0572807972652535,-0.0508035688843198,-0.0229794980639979,-0.0192051884840693,-0.00174743413179876,0.0149141500683454,-0.000599573872170636,0.0996763480655761,0.0486311927441224,0.030736163337477,-0.0122015866846436,0.00834933953431084,-0.0148532756083442,0.22188599691049,0.186622267897408,0.159914767893308,0.130551278494446,0.106447816025774,0.070144546222923,0.0433464391322935,0.0124492959966795,58083.2607149424
"503",-0.288968777007147,-0.125000997632704,-0.247884618429506,-0.148240831249375,-0.0111642281814574,0.0183175549186104,0.0228453975219385,0.0170966700519152,-0.125044942307715,0.230909072098484,0.330292199658695,0.288253505397433,0.492549415453737,0.670155028485378,0.824618748516628,0.958075758280898,1.16573816602243,0.774659363868645,0.70195120629149,0.720080082479423,0.486020422986649,0.312785152092565,0.163000928745435,0.0394544480282201,-0.0512284823169931,-0.0356152551030358,-0.065995005517989,-0.0589103138917127,-0.048707367358415,-0.0233304582603898,-0.0178712985694298,-0.00248785283878424,0.016531733271757,-0.0834772559147414,0.0189242455463594,0.0750636149538668,0.0324549961760551,0.00108296417025872,-0.00102005222576821,-0.0142525050408014,0.219156376080358,0.189738686366104,0.165206922258829,0.130923381238759,0.106041001283098,0.071107891255287,0.0429577007958002,0.0125801464929486,58074.6805581628
"504",-0.276185303311972,-0.167336866895353,-0.305329416823317,-0.181395007643864,-0.00770458275067119,0.0311416863232922,0.0197958949340451,0.0176568708948727,-0.00888579630904166,0.30926903273251,0.26497059876374,0.345386886712618,0.470230132718404,0.661999528637573,0.827070581803825,0.957866886357391,1.04590452322741,0.701950003497445,0.776883314431269,0.661953389103047,0.506591847375829,0.317109148315438,0.160954790385293,0.0391084335126356,-0.0559705956802911,-0.0512710012671083,-0.0787079339754416,-0.0572549355837835,-0.0497245230692176,-0.0236150307334128,-0.0147120609562124,-0.00154769071421598,0.00677446374249997,0.00231751198603015,0.102594542468927,0.151933316040836,0.037689092342351,-0.00595280221505814,0.00065963943952587,-0.0144345352702435,0.219062469706781,0.183970921396713,0.155286111890707,0.131184039608858,0.109647769341656,0.0696538575387061,0.0433454619909228,0.0126416063824011,58074.7155194536
"505",-0.241267029875179,-0.150228606272484,-0.259287687777165,-0.159586087287388,0.000464703030098282,0.0236328913528303,0.0141595649764856,0.0171794568248123,1.00425942782602,0.284734623591941,0.265027937550239,0.330018011990687,0.457085706272164,0.666045920903249,0.825179724756267,0.958207964250047,0.0223089457959192,0.725876584853699,0.763487848752652,0.67868952176155,0.517201666989839,0.316358136105255,0.16468554648715,0.038813322726944,-0.0308647923749579,-0.0516158286060862,-0.0582624426197071,-0.0607558106284789,-0.0428194826570743,-0.0229336467842026,-0.018685050683497,-0.00169665563860665,-0.0277609391312216,-0.0276568460676192,0.0782351531506416,0.100053726777398,0.0329552592425388,-0.00920512451076677,0.00671986094039985,-0.0134578631035748,0.217169970827634,0.185090227467468,0.161241050151138,0.132589602244317,0.106514419585615,0.0708062238683791,0.0430445356868852,0.0124031792564037,58087.4688678486
"506",-0.287778494027908,-0.112174973307697,-0.261594319684917,-0.157092516527252,-0.00602864732381615,0.0193002722313306,0.0185215416117443,0.0205134400250169,1.17065806277719,0.207423813106279,0.323075517793853,0.274517194105655,0.461464559877565,0.664687329476017,0.825421107773837,0.955868584486505,-0.133746970888894,0.795902194579531,0.706430877669285,0.735833442700413,0.516858315108283,0.317401429570559,0.162379039998774,0.0405628511967942,-0.040271900075212,-0.0587916389028664,-0.0569782496349483,-0.0625558144997188,-0.046970868845303,-0.0232943961464974,-0.0169346801298925,-0.00218968146259735,0.00404600256790041,-0.0656801632912654,0.067613091833774,0.0968027528550928,0.0208725458954604,0.00307924785165334,0.00782647114706378,-0.0154667335340846,0.220812791814668,0.186426153141734,0.160155122211494,0.131515834738216,0.108593636997073,0.0709316846045108,0.0445639178855068,0.0123162313254574,58079.8647653819
"507",-0.230646471215408,-0.130027501088217,-0.248863947275239,-0.148628588367766,-0.0157140211193191,0.0230323675265834,0.0231001766318669,0.0182507878965034,-0.691035246167351,0.275479208606294,0.316499154354068,0.316696065012571,0.489982358781161,0.667518140707156,0.828838825767269,0.957836912883755,1.70996979583422,0.735532762482079,0.710566170848978,0.689126076632732,0.489918924319723,0.313518317257216,0.158848595682698,0.0391985756664827,-0.0370441976298118,-0.0517144419833406,-0.0681423886952034,-0.0565497752868003,-0.0483974904990865,-0.0269475489072844,-0.0178088138107662,-0.00235346311806826,-0.00776725161231378,-0.0730935614744749,0.0685390183429919,0.0860378829236517,0.0417655199786566,0.00490527274856191,-0.00508855696900465,-0.0152987148834508,0.223500102720067,0.182202506522134,0.157880031133922,0.131337546188526,0.10888391041221,0.0693099353158624,0.0437341777098733,0.0125688917785934,58083.8884616093
"508",-0.288966327273759,-0.192277877090076,-0.284305336140178,-0.145794637595976,-0.0151826379145416,0.030184655031454,0.0162628066355468,0.0182334572337684,1.37817962182892,0.364370799699731,0.305292542465765,0.294768947194358,0.481332068858213,0.670411978819647,0.823320599854125,0.959658406907838,-0.332429105286596,0.653111452716578,0.732404259330201,0.713107394892979,0.496655429809532,0.308704286958791,0.164776173339507,0.0373439387773247,-0.0433168627376337,-0.0493970986721759,-0.0553049227065823,-0.0509290650207271,-0.0494180593046361,-0.0219877019963923,-0.0143507824158034,-0.00294306145494967,-0.0415316587588894,0.0145076818846557,0.064515416763259,0.0691311751553418,0.0437594399886605,-0.00610624873448732,0.00623669903181165,-0.0150679522708664,0.217007790429028,0.187551304886561,0.161037699703616,0.134417086903555,0.109165822822852,0.0713164392890988,0.0432504267008532,0.0127001239211052,58076.9693976938
"509",-0.233804619608016,-0.0987478193592854,-0.276211303034254,-0.153108716501589,-0.0148671576403027,0.0156797654052807,0.0127834974066012,0.0177593886894686,-0.0224419399055529,0.289295206591749,0.323944066454149,0.299809621853971,0.473759978651574,0.670832854708402,0.830002691593448,0.956259881056746,1.04463956694612,0.70794492111034,0.713582950059968,0.70835499835991,0.505916922980407,0.312974594253796,0.160420361196047,0.0409901858340808,-0.0443599734920234,-0.0457219541703042,-0.0746962375420248,-0.0585447852997679,-0.057734294868585,-0.0237688924253253,-0.0161705771266856,-0.00237895432395146,-0.0041084490974426,-0.0727693192987494,0.0554162997740163,0.0849075909605035,0.042334773878348,0.00547906876440058,-0.002102822445561,-0.0138926662507958,0.216714007776972,0.181293198043508,0.159295047992964,0.134234492664004,0.107424865707255,0.0703009772029235,0.042803750314102,0.0124488304675951,58078.0268944925
"510",-0.23810282139294,-0.112380723401835,-0.267938622483504,-0.155702767929778,-0.0327600901740277,0.0135701374688281,0.0135136717069703,0.0178460944291482,1.39644651033424,0.311259318382974,0.336827974430964,0.321742126063576,0.491308296575448,0.664511249088441,0.828408142553142,0.95807837069159,-0.368266253649358,0.694091826560434,0.694313484477355,0.68639038628408,0.493113700194073,0.319207556760842,0.160817719471124,0.0391401266081755,-0.0367761057541528,-0.0466252837989994,-0.0748656392427367,-0.0603699537242497,-0.0528174322064289,-0.0237790520000334,-0.015145917799197,-0.00168853737386436,-0.0609909496408757,-0.0977349182053159,0.0944110891385835,0.0989479918008621,0.0480311354068585,0.00936156357612293,0.00285147948980694,-0.0161878738586663,0.220492310163306,0.189504506657605,0.161750088535256,0.133368961358382,0.107137905339478,0.0705702366738957,0.0442407492206816,0.0126437812917362,58075.9715271861
"511",-0.229828394488862,-0.139423589689432,-0.254229418938631,-0.159233038648346,0.00213639853784218,0.0207912136793599,0.00448631333603976,0.0204719188023615,-0.843089696561259,0.264201470622608,0.263364380783164,0.295034436375702,0.44410162592158,0.679816011692709,0.832802705804533,0.956368261287279,1.86138663022364,0.745369717787444,0.762279184552504,0.714112176087513,0.527650143368229,0.302591453199542,0.160252351266836,0.0402395876679605,-0.0468729815398309,-0.0536179593350893,-0.0620870888341579,-0.0579918491331764,-0.0500532481436512,-0.0234249869053122,-0.0187172952478337,-0.00216805747169887,0.00284841054999398,-0.0436870728331886,0.0833470204363698,0.0936555625313929,0.0591497609940297,-0.00400546305857711,0.00228531937362477,-0.0177361776405097,0.217832244309133,0.186825527515819,0.160310789046192,0.131130971953579,0.108652178653722,0.069515121679456,0.0443345438856236,0.0128454443463039,58074.2571526864
"512",-0.254671014610453,-0.19927477775657,-0.279160789249813,-0.169806427432053,-0.0215775407427284,0.0311836160836828,0.0113967183085775,0.0162502782772631,0.664896898016758,0.304985191634149,0.332090539569925,0.326110120788068,0.492873278870068,0.659381195500817,0.832428062104831,0.95754409905725,0.369912719369982,0.716674591565347,0.697220522251377,0.68372068713847,0.488048704912352,0.320856424407463,0.158000645613311,0.0398511105924363,-0.0436100844293749,-0.0639139082428042,-0.0663022958497338,-0.0619181214141888,-0.0478055601509176,-0.0246142035866716,-0.0159673040541874,-0.00252473185411184,-0.0410798385395951,0.00911768412372874,0.113519260543948,0.11806814524338,0.038040560672973,-0.00749681423752564,0.00422285672917682,-0.0117614022312162,0.222464175206523,0.186046963511428,0.159280894103128,0.133589127755337,0.105137257012294,0.0699627897463342,0.0440947375607573,0.0122406669061007,58079.8718442918
"513",-0.228202556551134,-0.184020436529731,-0.282754713055521,-0.139511742645586,0.00259042381757652,0.0289508633998516,0.0146427828528562,0.016648019810263,0.0175936749768507,0.202858761916249,0.299818900914752,0.273297046224419,0.46683402682908,0.666724027975898,0.825769356695214,0.957089327347215,1.00700710871467,0.815323097613058,0.73503800350554,0.728576797426425,0.506536345966617,0.314652265433143,0.162953291856971,0.0404587538919325,-0.0410659695816037,-0.0600952782418801,-0.0703091374142741,-0.0546319255693627,-0.0412383917111546,-0.0227535013785427,-0.0159396853437616,-0.00284290641017331,-0.0361212228011762,0.0154599392748031,0.0888820959570303,0.0938755658514581,0.0339828425160508,-0.0144061581908779,0.0075139022454743,-0.0137769801190339,0.218513769974416,0.187013781681471,0.160452823040397,0.132065401963958,0.108697135592142,0.0693035633846669,0.0431795564991237,0.0127595242633657,58087.5199888663
"514",-0.284144684916542,-0.166382261709534,-0.275019852608848,-0.147718864100647,-0.00934808732628072,0.0247042938145481,0.0192652818126198,0.0202863430236292,1.15971860487926,0.36096212359601,0.34763682913128,0.285872621933699,0.472918015611152,0.665940737773101,0.827857225347982,0.956621402206378,-0.125359601997407,0.653657131453415,0.686671045513124,0.718555582228429,0.501282365855979,0.315054398761078,0.161654701580042,0.04025222794102,-0.0573730617800313,-0.0541297999006401,-0.0669256955638459,-0.0585070561286298,-0.0421123696284204,-0.0223787114601075,-0.017424487336565,-0.00258987216800887,0.0303211085373847,-0.0309963317327255,0.0739488332088988,0.101376052955132,0.0533499342108467,-0.00303601390317615,-0.00573940321493009,-0.0174274230549039,0.217461049193765,0.189126261677759,0.156966845467304,0.129154341911301,0.107585436026433,0.0701320153038998,0.0436623380452204,0.012689670307551,58086.8108141277
"515",-0.225634005475938,-0.18809077137965,-0.26764326823416,-0.140681561931623,-0.0150390176163652,0.0177684203042277,0.0164801282366434,0.0170642201902247,1.37043928256903,0.20002221713589,0.368161422206611,0.30662966215598,0.480764054128897,0.675506761285553,0.828842239299357,0.956574796392805,-0.343982264090941,0.817077231695956,0.663170891717093,0.697437188390419,0.496702523849866,0.30876802338628,0.160874074303875,0.0403991976117474,-0.0457535521548944,-0.0527078811679589,-0.0505898876785196,-0.05543471347045,-0.0558762384803875,-0.0265250705762353,-0.0194387104474735,-0.00179295028024649,-0.0550326022534855,0.0272083286501359,0.0579225164804313,0.079851429699848,0.0560784597701947,-0.00466873706869209,0.00056565606715352,-0.0120132870576882,0.218371329152256,0.186959316622741,0.161392709869607,0.135521888480047,0.10864994795051,0.0693173731479321,0.0437446260085722,0.0125630448854713,58079.0163193538
"516",-0.259100000482061,-0.18623431539457,-0.243061251435554,-0.14789572865011,-0.0292269493797389,0.0337459390851283,0.00612666252909896,0.0151822040585316,0.0817546333266005,0.322478409112633,0.319719047792058,0.297288592076022,0.512054681705924,0.672660956925275,0.827103612918913,0.958713115189637,0.948670623126451,0.690990598732502,0.703661929142912,0.707253200295255,0.471165338422167,0.306164687618271,0.1638417588247,0.0391001662282215,-0.039059084279962,-0.0507499764917552,-0.0627996654357547,-0.0633738204521005,-0.0575641910597868,-0.0282194334435214,-0.0175111753818481,-0.00320766116405683,-0.0046498821801973,0.0216791922928342,0.0654754917684885,0.100565207497257,0.0449917717196808,-0.00912255997460746,0.0138412507311683,-0.0125083279683667,0.215723914738208,0.186580326653125,0.160565003785125,0.1341249278436,0.106418389730113,0.0697349451626188,0.0442542327062188,0.0124620215358422,58072.3141762435
"517",-0.272684272266932,-0.161023067922974,-0.284174874311492,-0.115234435907806,-0.00585405272623645,0.00993065022890086,0.0186830057002146,0.0163099111916234,0.988923805228563,0.265866828055353,0.304856310518023,0.258046342012683,0.453930209258437,0.673838399947134,0.824312322030084,0.956245555576746,0.0398572055331535,0.747540835000024,0.733676104074789,0.74094423855395,0.523880515224949,0.30908172338855,0.164520020575281,0.0413126148651982,-0.0349138413164628,-0.0601486271500452,-0.0599955849369736,-0.0541121282192702,-0.0510725752932051,-0.0219852131062734,-0.0166993123187036,-0.00195553667723626,0.0424724368784995,-0.0131567552354201,0.065601855219999,0.0680854033671974,0.0324281546855506,0.0170649503363535,0.00104670631927457,-0.013401257620551,0.217433598138135,0.186632952911514,0.161339899030029,0.133625063542975,0.107200021443383,0.0701879524740381,0.0444654174242664,0.0124660791959534,58079.7585982481
"518",-0.249297414240098,-0.138555335306354,-0.269875909978572,-0.129062835782412,-0.00780525972870449,0.0226522347220758,0.00780841950053482,0.0169528767068466,0.569891210339189,0.242865286400288,0.292266934625881,0.299883228763644,0.472910400758405,0.665225145853426,0.827137234751623,0.95646073183641,0.459721791975419,0.763440484958356,0.739854923343638,0.703166590286427,0.503128578801061,0.316014981408202,0.164333316038662,0.0407081894316608,-0.0481194141043599,-0.065888775859168,-0.0672835364090439,-0.054965918678789,-0.0452265413471952,-0.0189456014127063,-0.0181027768040188,-0.00281257250805326,-0.0232152389544619,-0.0140006418885156,0.0744609740890524,0.0559464372493139,0.0425840100743357,-0.000175588250026517,0.0095386266119975,-0.0118221712588785,0.222750308616886,0.188835121890268,0.160578276349646,0.132662571073684,0.109884044147524,0.0706690595756736,0.0445910671504702,0.0125596088283737,58082.8929185506
"519",-0.290417337333321,-0.187744395048265,-0.265144057617744,-0.113183732889279,-0.00276015581689691,0.0288528204736639,0.0127965303098893,0.0187800680310619,1.24390399697821,0.31665427182355,0.24843291678309,0.283001934590244,0.479089203258389,0.669662974665315,0.823414086108534,0.957108573269161,-0.205610385463379,0.701185673432858,0.784282854477693,0.714880336980113,0.498584692372427,0.312316981560836,0.167283550043819,0.0396751074168025,-0.0328076205701773,-0.0580593672677366,-0.0684480400135359,-0.050746783662437,-0.0513309506464848,-0.0227342418732383,-0.0170919706029921,-0.00215822737893568,-0.0169795028299496,0.0126533219088735,0.0700337525398737,0.0590103533135004,0.0251791169246276,-0.0215324982629999,0.00217539154292319,-0.0145915094990075,0.216636672981268,0.184724601927866,0.159047333263886,0.132430223742664,0.107144931266486,0.0701888892803985,0.0445867129764718,0.0127183669419548,58084.5820362051
"520",-0.272866275039349,-0.142364410010271,-0.275448605612958,-0.141943193019773,-0.0142534438400884,0.0304813073795079,0.00817811360890432,0.0156849523550439,0.015721905316052,0.296709905069971,0.342143702022948,0.314926260660932,0.481961133217533,0.661075628064034,0.82643524519185,0.958080526401533,1.01561185626057,0.710307603376252,0.688686230429677,0.689586849089593,0.497266770308285,0.320460633683663,0.163845747222435,0.0397396943224336,-0.0469374758601457,-0.0440019935953597,-0.0653281025689185,-0.0588668799583542,-0.0465368726832016,-0.0252088135159244,-0.017910691201202,-0.00277776592604884,0.0186983610045464,-0.0438308019200717,0.0934728078736421,0.0798610049935692,0.0288710047855632,-0.019912925822487,0.0138636258844866,-0.0133018880267336,0.218968990840082,0.181165033778193,0.16009597085249,0.134347995931334,0.105109575021703,0.0698163262392996,0.0435368334878974,0.0125732536702137,58083.8515685942
"521",-0.267506358923171,-0.129266789468411,-0.271381349657933,-0.137182810296443,-0.0300695839866228,0.0213340292780316,0.0198547300013695,0.0177443328275597,0.0519136160761013,0.259498655533036,0.336114935824132,0.274748966495967,0.485530825733539,0.66855648532645,0.82217117811867,0.95859079305103,0.979742695803127,0.749857187919361,0.693934296099589,0.727704632390369,0.496940195008771,0.313357568701052,0.167032410230932,0.0383544384000159,-0.0403872235568727,-0.0449983489615681,-0.059911134751221,-0.0516157774216533,-0.0554703063077429,-0.0216414471826375,-0.0143075810348217,-0.00251507134765573,0.00435427525399315,-0.0707212291875412,0.0809551730896638,0.0849754803041994,0.06225048273634,-0.00656560757390682,-0.00839917747507532,-0.0129604416850776,0.219956377692197,0.182184084516631,0.159222229061448,0.132365642555269,0.108853343861841,0.0692206592920941,0.044196974271571,0.0127670248517,58084.9567539956
"522",-0.304782369230007,-0.151947624307414,-0.277970952548086,-0.168929606830711,-0.0255117599274771,0.0317073783328308,0.00960887918554854,0.0167342886732179,0.190099391290857,0.247629986229814,0.31800245339916,0.285308825996093,0.473690352073599,0.662582108729735,0.830868635305564,0.956863618934833,0.846013986276149,0.755253667730323,0.719255914222051,0.72572320537712,0.505813703761446,0.315537125933994,0.160883515802494,0.0404395098420817,-0.0455450332472328,-0.0533291583179452,-0.0662592025210011,-0.058066439296562,-0.0469431217775963,-0.0207125150825538,-0.0173393308550706,-0.00198308426994672,0.0518160942167857,0.0278762096497932,0.0601385264495647,0.0963572570899263,0.0683796593828501,-0.00314320879377039,0.000724766108712126,-0.0124587079245449,0.217520996811053,0.182058043821664,0.161596240765795,0.130872883670933,0.107083603731279,0.0699979105916901,0.0435240655433165,0.0127238749575899,58081.2825242144
"523",-0.23844658180781,-0.13760262240157,-0.255043573940391,-0.143249630327732,-0.00918914445612755,0.0172863065803666,0.00786285866299894,0.0171843323457964,0.812812220742225,0.21012415423327,0.272514082258777,0.336747645653173,0.469426752608888,0.665255984431074,0.83171470127225,0.957406029422348,0.210629284271422,0.794006817792865,0.755253455546311,0.673888894859105,0.509906053187712,0.316806901656638,0.159426161963484,0.039739866729612,-0.0359363203675798,-0.0529133254580637,-0.0704289704996649,-0.0595693898918686,-0.0542986957641415,-0.0206347460516648,-0.0163018548901552,-0.00220669211821536,-0.0317654585807182,-0.0218204791168482,0.0646851892632762,0.0561574736763245,0.0350169908333852,0.0035905076429453,0.00776151405517385,-0.0139633111807859,0.22017344160596,0.182750157185222,0.161295162178703,0.133783382834948,0.106332249610047,0.0696457634373735,0.0433536734575715,0.0124878936695277,58077.7593260331
"524",-0.255786024990423,-0.177089733426325,-0.262820757058986,-0.110884908992752,-0.00338604731284967,0.0139646194367784,0.0167728350798179,0.017047566659949,0.575613577620374,0.246690535178978,0.33209987280979,0.276526237611977,0.465721451574992,0.678854008093996,0.828745911502785,0.958328668240708,0.449511209938158,0.767490426184142,0.69839571003433,0.723729086578606,0.512808447020179,0.304463855743921,0.161369222705511,0.0388795652075144,-0.0372512017637376,-0.0596655710149422,-0.0613081337228041,-0.0430152466383116,-0.050259435287442,-0.0227578211113846,-0.0169188305455545,-0.00209747729248831,0.0205244309104448,0.015411539463802,0.0680760517576438,0.0271278996477374,0.0168306019016795,0.00486858908707646,-0.00522020343431806,-0.014808557523647,0.218198791528026,0.181488121687071,0.156597702573529,0.13190177793414,0.108698811360189,0.0703476012244567,0.0437806590057172,0.012642450727737,58081.9042983644
"525",-0.268115060434459,-0.126871155242467,-0.261827858605195,-0.136333094984438,-0.010415052865662,0.011013602539761,0.014022980441698,0.0180306761109744,0.38875417838081,0.320073457742705,0.31447249462354,0.232568864696608,0.476755828710015,0.676752886674033,0.832293631937223,0.958187696388864,0.651988946040692,0.689322747303684,0.71785087964061,0.771434730090719,0.497900331249646,0.308243034296543,0.158575394945388,0.0387436506079886,-0.0649882344501041,-0.0636745638431553,-0.0654644016324397,-0.0546960571231774,-0.0449107262232586,-0.0258054922513557,-0.017492225055777,-0.00256695519875104,-0.0190325267604117,-0.0500866626963647,0.0556694012735019,0.0770792505227263,0.049737166461399,0.0021907983192483,-0.00580022446458125,-0.0141840217495596,0.215893247001234,0.182271230957183,0.160239675939572,0.135366043114855,0.109011645462107,0.0704905207234799,0.0439931449057149,0.0122528314999646,58075.3633379383
"526",-0.23901248497996,-0.188434711324477,-0.26346149556939,-0.118116470041997,-0.0126300445975579,0.030383669232272,0.012748350989853,0.0180619662659433,-0.391175450526565,0.410460814711076,0.321021969001513,0.31598893712573,0.478041404567864,0.659851146710046,0.827466755604005,0.957850208989343,1.41323416727581,0.611868380732234,0.710109898584708,0.686015133054922,0.500199693272866,0.318871991432382,0.162826461777,0.0390689380212252,-0.0477582898491958,-0.0546049012231896,-0.0595790129338173,-0.0428128356340101,-0.0477743688493453,-0.0182513269472141,-0.020178440697875,-0.00166939483839933,0.0126100104350041,-0.0249450116676813,0.0537800332903507,0.0263924704166421,0.0343199202362712,-0.00834862810088546,0.00725248208429469,-0.0143021708405413,0.218175392852077,0.184859429195055,0.160299857866559,0.137264308543745,0.107574524104916,0.0703741948270512,0.0431018441012563,0.0123292921536154,58075.0417376788
"527",-0.276592050230999,-0.15933645186532,-0.280036675169501,-0.123654144901495,-0.0299862391021539,0.0237401618872741,0.0163469219695382,0.0149672010599712,0.0306132340550041,0.244189893730139,0.335898619310357,0.279395387290793,0.484735267391231,0.66564642367343,0.824469954295165,0.95826821411088,0.999221776901404,0.766317102492525,0.699652598889232,0.72130713207003,0.495594427679305,0.313741574781337,0.164430707614795,0.0395890128943671,-0.044831956374203,-0.0473666307467941,-0.0659970581642242,-0.0545508646852237,-0.0542809105284787,-0.0216355839222711,-0.0169227295114442,-0.00321888257138549,0.0307193915990349,-0.0271750325391087,0.0805456798482202,0.076525997291388,0.0660520005072452,0.00639429383465717,0.00325330042698705,-0.0117010517564767,0.218540529807278,0.187566800634243,0.159910142937243,0.132542873526462,0.105828992672001,0.0701405122543046,0.0432673491308312,0.0127677718547538,58083.5536801011
"528",-0.265315658552481,-0.149462424822973,-0.277320012167085,-0.13009506573112,-0.0347204314074599,0.0344102102708936,0.0174946160594349,0.017466263087508,0.0747691846207623,0.246781235749447,0.318660050074162,0.295820164730132,0.471826480488566,0.655198807238994,0.821919088813137,0.956862061571755,0.95202313723034,0.758691679027461,0.714222333922341,0.709196738284482,0.512998474605597,0.323032849498042,0.165189866063816,0.0402784062566283,-0.0481844263844683,-0.0403091451804239,-0.0765762778180668,-0.0596978698365192,-0.0530751389015938,-0.0201185325932709,-0.0149196673167427,-0.00271618360342577,0.0325830320958931,-0.00443437993659346,0.108881483699071,0.0511861510655698,0.055316870272505,-0.012412200928722,0.00974932015047542,-0.0124794599594756,0.216853315229539,0.181121578518376,0.157167401527948,0.132933202933115,0.107162690314336,0.0705486435645963,0.044180363667968,0.0125060771548979,58076.1135152284
"529",-0.204720972562337,-0.130051706528171,-0.277825042041552,-0.15438517089559,0.0145883661269362,0.0256380575149205,0.0130305375549265,0.0198001594639653,1.40773787489495,0.276321639204998,0.307750690200475,0.28688029561011,0.479406808516251,0.663968487954044,0.828195650080765,0.957597805545263,-0.388331571679045,0.727891234317631,0.727694976850154,0.723547102422108,0.494644200206351,0.316901998964443,0.162253499283108,0.0391965895387912,-0.0473379746269751,-0.047875379835105,-0.0769328727963585,-0.0594059043382845,-0.0469013732355751,-0.0208832189449324,-0.0178149692846972,-0.00300042519704672,-0.0519734617447002,-0.0533403600741021,0.0890257704729625,0.08470074501761,-0.00164112464344384,-0.00503041103485363,-0.00193946214618444,-0.0161473298645249,0.215414478652257,0.18091155899983,0.161408689867517,0.129099009515031,0.109460428043521,0.0711925569663817,0.0434721568009128,0.0125260575811959,58076.4355199084
"530",-0.229977301020258,-0.171900910707858,-0.275240954976347,-0.134253232449816,-0.00813882700852199,0.0155248743817644,0.0161044384862825,0.0189912222595022,-0.359977529524329,0.338234710937805,0.315253138086817,0.268668180648804,0.472727611068235,0.664238073088045,0.826013596435779,0.955075208062403,1.38608152988047,0.682235290381218,0.718769047063365,0.735454363867122,0.505383552932347,0.322102296621619,0.164342931575948,0.0420700641103819,-0.0365358837696575,-0.0617884632826815,-0.0645697444650606,-0.0562381165710615,-0.0466442969865999,-0.0200313498445322,-0.0193570486034293,-0.00179395527033982,-0.0562638518281558,-0.0356851104742384,0.0718449501224282,0.0658301071219513,0.0370331838577592,-0.0167621561752966,-0.00368228799910661,-0.0162634508857089,0.220832397285618,0.182480795469555,0.157472958244849,0.133040461469277,0.107255537924664,0.0698064769296043,0.0438101104420482,0.012725882722796,58076.118593751
"531",-0.240839766643224,-0.155255887844385,-0.257785187849132,-0.131467863266232,-0.019314364262316,0.0231999170212375,0.00648725816210431,0.0170944025388425,1.39288573278843,0.318376456247615,0.341877675174141,0.308178100761339,0.482427087220212,0.672618884626146,0.832799200907979,0.95580315904446,-0.359616116285555,0.692780913162098,0.683011123594724,0.69159241088574,0.497262058862092,0.309304543541305,0.157567939177517,0.0413588517281813,-0.0431217379490202,-0.0499386106543862,-0.0545927375188762,-0.0500293218594444,-0.0553396570569058,-0.0257346976513256,-0.0180168496035135,-0.00281964269065825,-0.0829597748027378,-0.0337051576866336,0.0812381780325174,0.0877815256830992,0.0489204442569809,-0.00201327563595573,0.0187066742929655,-0.0110818517709037,0.219444673510708,0.185829393752833,0.159787162210429,0.135277411870998,0.109086016672804,0.0714870008003023,0.0433906451942951,0.0126870348025277,58073.8672303074
"532",-0.205993789535985,-0.200295829624859,-0.289045929346657,-0.132868406331259,-0.0111640114684378,0.0308179700867971,0.0121509856239474,0.0187100057480561,1.80594229414634,0.235202507429371,0.339308365501197,0.339857807436265,0.467510606132405,0.666481559849701,0.830097533455917,0.956718771979286,-0.790483680361949,0.785977863992053,0.69895662265613,0.663472289212934,0.507854723982101,0.314906588395751,0.159933069331145,0.0403176019881281,-0.0425340310568271,-0.0630727327628161,-0.0564238123822323,-0.0545640922681858,-0.0527546678697347,-0.0234969662467294,-0.0179651570800383,-0.00307428861769355,-0.0493173535352564,0.0213723599562471,0.0674288121406467,0.0693090885766678,0.0621088403323248,-0.0207917500439366,0.00831293558923009,-0.0142898096664551,0.21779290058571,0.189095414874225,0.161467994408625,0.130726592177462,0.109297079565345,0.0703146067312175,0.0442970210704685,0.0124658552244074,58074.6963578017
"533",-0.26791875670514,-0.141812117187679,-0.27386542248434,-0.17607603289459,-0.0192235503513353,0.0326385161501701,0.0147298408328929,0.0175715709005113,0.372012713558054,0.320320548498052,0.346008739048885,0.299261110127922,0.47018904230006,0.661680849707889,0.820944415936742,0.95858149319462,0.659445123494784,0.689977016870722,0.689286531940146,0.710424849201192,0.511631642364235,0.318403385151968,0.169146305325322,0.0388034925589857,-0.04887183170853,-0.0601412758169298,-0.0719641721593713,-0.0560935842845031,-0.0550994905550819,-0.0239013274252022,-0.0187320712406922,-0.00302356727678244,0.0213595006738428,-0.037765678389241,0.0657484985159919,0.128082556570084,0.0390604228864262,-0.0110352016692808,0.00971320854641627,-0.0146799075966881,0.217369940057302,0.181848652381231,0.162944343836458,0.131114763842528,0.109737583911197,0.0695709240883336,0.0446983240877609,0.0125330320268578,58078.5818478263
"534",-0.274421893601462,-0.18627951026612,-0.285154915029563,-0.133255847432118,-0.0149958162896423,0.0289841350715235,0.0170913587825362,0.0167503184708533,0.364546607932284,0.238507566946039,0.307113229363087,0.284628441680427,0.462031499727784,0.663710848915769,0.828933767153807,0.957500725213109,0.67439024584909,0.778285986990613,0.731002926939218,0.720734568076082,0.514530663667021,0.316628208193521,0.161282873187158,0.0399639226864721,-0.0489213134141277,-0.0488102413627617,-0.0624877922717262,-0.0462034631072753,-0.0457232470059834,-0.0256133640832691,-0.0180747578965645,-0.00250653006501937,-0.00720954712374655,0.0108198576329741,0.0749159664859342,0.0463659663020298,0.0495195575182116,-0.00435205212651998,-0.00287864193087292,-0.0136608524275044,0.21998566063192,0.187265145728064,0.159038698273788,0.132877665854004,0.109358017132072,0.0698095494103514,0.043182185509284,0.0124456568409722,58084.9252576068
"535",-0.252649085834482,-0.189315215280962,-0.269217857533173,-0.13413124708109,-0.0206416080508872,0.0365018062796398,0.0133905209170577,0.0172443726738498,1.15444304085621,0.257371313533785,0.378155334286862,0.26484537507041,0.493288876079613,0.673264121440026,0.826099298684295,0.95686230088317,-0.126326096728954,0.764252756162991,0.656855257334006,0.740471063673489,0.492169698245199,0.304749015000689,0.163121992940497,0.0403350670800342,-0.041625307726811,-0.0495006580437055,-0.0646016253310226,-0.0580671041061769,-0.0586029761179021,-0.0197918594001295,-0.01622726482145,-0.0025215046432607,0.000680799988385815,-0.0150403335173875,0.0500426602482403,0.0739287439021197,0.0231416571281359,-0.0178497829103882,0.00978041249124074,-0.0126784750888123,0.220348001480404,0.185881137785727,0.157513947970827,0.13359286900079,0.107576911003543,0.0685656830738212,0.0438293410842615,0.0124650179253867,58078.578295147
"536",-0.306321174960981,-0.149788884819499,-0.265429073362911,-0.162479829993426,-0.0264405301445785,0.0310378216773603,0.0225390561331435,0.0179294676449269,0.171735853961468,0.291053207571413,0.292819590407854,0.289760413693407,0.471980348060879,0.671083164298337,0.82135147330482,0.958378259117585,0.871504280450531,0.717836035049548,0.735633088842019,0.717726010936236,0.507207338167251,0.309413390606326,0.167779060448874,0.03890999209002,-0.0462037229438852,-0.0614433291539754,-0.0588711517620053,-0.0576465773776907,-0.0480499193811425,-0.0263731022846187,-0.0159920202148466,-0.00296734776960247,0.0210117181308872,-0.0108325933843046,0.0789731261374275,0.114722403535432,0.0628288558558704,-0.0131939518267734,-0.0105840693304187,-0.0149953692457081,0.215893418566608,0.18627073428653,0.160215306457424,0.128591004915013,0.10534235879327,0.0701992470310136,0.0433671811193938,0.0126019289834683,58083.230404508
"537",-0.292841389443391,-0.168212157335297,-0.265993199634305,-0.134235342744404,-0.011078442440587,0.0209356273034093,0.0194548562323886,0.0184520088402271,0.701341465949123,0.376199103246175,0.352195177467081,0.301377232432088,0.476591651063433,0.66684699151089,0.826030636790661,0.957603128672632,0.3299400612978,0.642646165580733,0.683600652911145,0.702542398532649,0.498886421925651,0.315050367451748,0.164514249828429,0.039386718739365,-0.0476861227113925,-0.0469169724382672,-0.061177046886189,-0.0515013887182996,-0.050777320678375,-0.0197726479049919,-0.0164432556581336,-0.00266861058505989,0.0558664662198349,-0.0653987310355009,0.0325840856089063,0.0664399104946155,0.0578564469045269,-0.00419401253366899,-0.0152253053850314,-0.014771852711237,0.214760142113906,0.184770556965901,0.158460829460629,0.129909950788394,0.109229064706191,0.0704866229204662,0.0439786626160601,0.0123129350650639,58081.341060472
"538",-0.284884932694605,-0.165631723583145,-0.298009263539612,-0.149136774710012,-0.0115249464284279,0.0380505615797887,0.0182673038893176,0.017480579646091,0.364909034035357,0.350860125455456,0.266393566822421,0.282656154829537,0.460733858570032,0.666772679506923,0.827791389971002,0.957410184169803,0.670945447741075,0.664427157912365,0.771155871524629,0.716758796244305,0.517911373412466,0.313064455726113,0.161109746198522,0.0399620715737665,-0.0350633567919346,-0.0513847848198832,-0.0649323638786061,-0.0528047239611514,-0.0504829098651904,-0.02189413920537,-0.0168574751065065,-0.00260090397353789,0.000672530028965672,-0.0414320000756472,0.0995748308237016,0.136807704877741,0.0450046558042634,-0.0280539821602216,-0.00174014526890507,-0.014170467095332,0.217572373826932,0.183868596314427,0.160650199129634,0.130154841289234,0.106264907671675,0.0699301694710496,0.0429284438861899,0.0126343657238375,58082.3924844066
"539",-0.284180730130741,-0.172086542204548,-0.274727128909301,-0.11829947730027,-0.00457909602679693,0.0273614051684526,0.0184537586412653,0.01776510841774,-0.390286657034687,0.318960321120081,0.305167673464665,0.295888455497949,0.475720774835267,0.664012829684538,0.829387056904414,0.957757113357137,1.4248379975522,0.698965411691776,0.727097972724143,0.70277963834942,0.502528853348045,0.313732277425315,0.160651466666428,0.0396435801494115,-0.0405575004640659,-0.0533795600228915,-0.0652191919367097,-0.0454196672841769,-0.0454676842765281,-0.0215087339871947,-0.0189485067759904,-0.0019770821491291,0.00382056903006915,-0.0286570947543681,0.0719579788179599,0.0610917628465877,0.0213509852861704,0.0065682999678814,-0.00756368463410461,-0.0168508483828748,0.222627666505715,0.180767532572478,0.162642059530244,0.131744908591454,0.108877098963383,0.0705131711748632,0.0441926350341034,0.0125626663828773,58078.5032120033
"540",-0.256725364840513,-0.150556813410625,-0.279951426625116,-0.145420097487757,0.00707461542728174,0.0314167643944503,0.012070453492773,0.0183383728190854,0.437142061549242,0.38629126590963,0.268208174608761,0.282612494020403,0.485920969092398,0.667362124424978,0.823005247948728,0.957020390855827,0.594466557592114,0.625929184982272,0.767565421060198,0.722923729801057,0.488702144738913,0.312409684865215,0.166861499142026,0.0401850113494464,-0.0487615821494069,-0.0607290336596695,-0.0585182600226249,-0.0578459257143153,-0.0417866976088162,-0.0230504139499116,-0.0174041432907911,-0.00313510876573341,-0.014687830284172,-0.0411068042919801,0.0683525893195924,0.0909092938163542,0.00868209101449927,-0.0111157248131268,0.00953022171185189,-0.0148979048837376,0.217341863501919,0.183779833768918,0.159685953403487,0.1306946012784,0.106616117706599,0.070856869923197,0.0423083508864745,0.0126069398506414,58083.9546724931
"541",-0.26524729847085,-0.160032838532367,-0.247320547426378,-0.12951582041711,-0.0183825650277984,0.0204920406844787,0.0233205812501035,0.0182559572583571,1.74818549990088,0.330086679608405,0.301313867129602,0.296081863386922,0.478440782725914,0.669156197776873,0.824922911432498,0.957113570093223,-0.715598952387838,0.684808336082844,0.722988693935318,0.706258393761137,0.501521427585396,0.312784025194196,0.163453933321771,0.0398961985436057,-0.0482999162190056,-0.0502801186840749,-0.0631430083621666,-0.0537053004990215,-0.0470259318265672,-0.0205272613423738,-0.0177667510830559,-0.00238540962198643,0.00427100328644976,-0.0290451756729112,0.0690113188489219,0.0702386194839409,0.0423065279263428,-0.00614474658970436,-0.00162033810144419,-0.0143817086266367,0.220070664402815,0.185213357260881,0.162403286352951,0.133273494360778,0.108815764109875,0.0705427069084403,0.043773172034508,0.0126855822036936,58085.9849382214
"542",-0.290616831318872,-0.165585648510229,-0.259642871257818,-0.136515270688494,-0.00861732756855378,0.0148573662793938,0.0181898123734783,0.017674616527333,1.05022952345566,0.336615979119929,0.365881154949994,0.275674744872564,0.462127117323165,0.678819139728813,0.826096078288246,0.957755220055374,-0.0106344738236733,0.683446704102614,0.66442973029288,0.727067475120353,0.51749343161797,0.30544033420496,0.162112736857924,0.0394744496916232,-0.0550881779408264,-0.0578092571796633,-0.061868100119371,-0.0642159466527327,-0.0436581854938827,-0.0240133302406898,-0.0162206843940023,-0.00301630601241068,0.00527917513826978,-0.0276318459519991,0.0644590518952242,0.0967362947669564,0.020860705144308,0.00131405434044478,-0.000794169683520412,-0.0144128195583445,0.220898838729338,0.185830403077268,0.159978821282165,0.130219124961219,0.107260586099334,0.0702344326587848,0.0436885354231293,0.0124231528781523,58074.6352657844
"543",-0.26821548078052,-0.16006720914112,-0.274395423919618,-0.1341513642512,-0.00573661201124286,0.025733928536287,0.021803611801865,0.0192265565472986,0.734973463228281,0.299469086845924,0.345616505512834,0.289303772687926,0.472495328720848,0.658724850989163,0.822673297425228,0.958609284240043,0.296093313308991,0.713350120386338,0.694627676871274,0.713859119291306,0.503679577415468,0.321552714435013,0.166370686316588,0.0385734055481429,-0.0484464161286397,-0.0581407157078497,-0.0671046903247041,-0.0578066369160424,-0.046367470627249,-0.0248845514314535,-0.0176320153254906,-0.00332411306487684,0.0254837142872441,-0.00738372621468233,0.0309792222860107,0.081498062934179,0.0395037429466105,0.00243786346740655,-0.0061144855629765,-0.0173727754526615,0.223195531382924,0.181778538506457,0.160921821381005,0.133825309138546,0.104780100131446,0.0703186464455425,0.0433583803909195,0.0126504491948922,58081.7344782195
"544",-0.203913198365739,-0.172092593539816,-0.26220701798961,-0.146756489213569,-0.00460280842789282,0.0288153069305032,0.0126511696070043,0.0171332965674805,-0.408240611451696,0.358133605018773,0.329563227394416,0.289212595104262,0.477586260601078,0.666725553388712,0.832747491221499,0.957963810573189,1.42126204723393,0.658020775790115,0.703040490704972,0.717800795719786,0.497233883647669,0.313220458649955,0.156341722712117,0.0391023562207861,-0.0388001880496543,-0.0568830969374789,-0.0602228327036139,-0.0592032255638652,-0.045087511391966,-0.0199582496308039,-0.0181377913956562,-0.00248189058514278,-0.0314389965004614,-0.0238581710163667,0.0474049652331077,0.0844427306782729,0.0445996185608001,-0.00997252452994632,0.0104340276561611,-0.0121131345543585,0.218789148780932,0.183802774973297,0.160848381350716,0.134213403565324,0.10487504930347,0.0701234581090736,0.0436471633959452,0.0122940609657129,58083.0881638334
"545",-0.243919595322016,-0.186227385119454,-0.29628829525832,-0.11087055950479,-0.0184779730819415,0.0310996199135807,0.0104356470117264,0.0180947430569255,0.36952155425339,0.304934535240852,0.355871060128284,0.297659115894464,0.493178123972128,0.66201324541111,0.829753637312313,0.957166636979138,0.661576022566171,0.712080606122552,0.684141681716138,0.697899244941537,0.487084822678524,0.318373653289857,0.160259990993661,0.0400354155431172,-0.0372772263806101,-0.0465314104497556,-0.0619023035720588,-0.0482487385271834,-0.0437812570916063,-0.0239966470684657,-0.0179554662224643,-0.00252087757862064,-0.0437362673171946,-0.00484326231161683,0.0893636138332959,0.0628962705284979,0.0398708154246609,-0.00933295155317735,0.0082144607986162,-0.0149766897306593,0.222439338553596,0.187117151947784,0.16167614137463,0.132784843269762,0.109276326889963,0.0699451296844013,0.0430443038410345,0.0124384870178226,58082.5240210386
"546",-0.290800977874114,-0.172059958477974,-0.281669821388576,-0.147042798971344,0.00433244322230459,0.0237294377848091,0.0189077354425174,0.0167372910685186,0.813265744038695,0.340296362707023,0.310770321471449,0.294984889341017,0.484561633939881,0.661714832595715,0.824368642217138,0.95668627372401,0.224760178403751,0.674572909800892,0.723653675387311,0.708809566451324,0.489246136826393,0.319111512693407,0.163383291513435,0.0405937836214614,-0.0505665556275813,-0.0534804596256712,-0.06467429830158,-0.0544810081517952,-0.0496790481515511,-0.0230942086128841,-0.0146092946091006,-0.00238463435793875,0.00710921617608563,-0.0135580639056967,0.087645571785008,0.0944354387666498,0.0357771619910324,0.00238980898594148,0.00211397224721609,-0.0112690012005025,0.214155930574731,0.184421693783531,0.159466134163925,0.132588794915748,0.107907346980495,0.0696753463400055,0.0430467128314347,0.0125757942571394,58088.4436719764
"547",-0.290276032850651,-0.163734791653242,-0.291824071598024,-0.124597199389114,-0.000347243868182085,0.0222448994290664,0.0177990807818113,0.0182471769946711,1.30937506604478,0.383515587284133,0.312721687749874,0.340818474034212,0.475954794536788,0.664457471602283,0.826294438690525,0.956295893934538,-0.273982726619773,0.633558580630517,0.725296667473436,0.662901170870087,0.500836266500625,0.315495501328518,0.162233482581578,0.0410050967347568,-0.0388927057155849,-0.0506064402690886,-0.0637897518735474,-0.06710617587986,-0.0457226791812293,-0.0193203021245021,-0.0172195836001736,-0.00267403956353723,0.0344183066394516,-0.0476019253036909,0.0811002113384558,0.0615627922870995,0.015131412066043,0.00338645523416317,0.00134868982397341,-0.0148514971510884,0.213975802110898,0.182716663512734,0.156627860260017,0.133733380640922,0.106940358214362,0.0702454140191921,0.0427420195991031,0.0125485392285867,58079.8579323797
"548",-0.280761963149531,-0.147012044657776,-0.280610326114052,-0.155449732096286,-0.00782727034602597,0.0142276486381894,0.0135398739716583,0.0165464963849069,-0.0806336606167502,0.292435452675513,0.335043232447051,0.295284951104952,0.468641809942109,0.670463571604265,0.827776651174052,0.957914450868542,1.11773049381816,0.721605906941088,0.692473015089742,0.713097842128346,0.508897914586232,0.312399601775202,0.161711348297367,0.039287206751044,-0.046993591560704,-0.059693121138149,-0.0670736160386474,-0.0558547484443818,-0.0504819851081559,-0.0222235925095492,-0.0175570176361306,-0.00184929899659324,-0.0015854474913531,-0.061586561676455,0.129713591029995,0.0776215267737723,0.0399668044266417,0.00760243917051802,0.00649391689647619,-0.0132836766714245,0.213897072388986,0.186096580900377,0.156148166710435,0.131388995637968,0.108560682538833,0.0704080273580662,0.0445676274289409,0.0125211674485733,58081.8451015707
"549",-0.2535650932094,-0.170144708706193,-0.289747970516884,-0.150199940090187,-0.0223255903684683,0.014702387581815,0.0164905343464944,0.0174023948228185,0.00131578263240072,0.292087180727033,0.336760222634328,0.306278482805879,0.468073234411034,0.666077658246719,0.828852875691628,0.956570693432864,1.03205239043142,0.723726126073588,0.695230529844832,0.701668524646193,0.511007744084768,0.316870095780202,0.161085009990483,0.0405455118761969,-0.044313804622108,-0.0398094396366071,-0.0585686551535006,-0.0578384026186007,-0.0447673449403798,-0.0230592226734089,-0.0175107532644916,-0.00225539115921194,-0.03597698614599,-0.031984204310668,0.106168356204519,0.0774406357822015,0.0594297147877425,0.011792499944636,-0.00534432093637768,-0.012694584601537,0.21228122196365,0.186071107945105,0.159197728027833,0.134491224672286,0.108326837976071,0.0713093488601807,0.0432337831454769,0.0124705325059841,58082.5392904725
"550",-0.297654425399131,-0.111300825675868,-0.315363766296532,-0.146589090267824,-0.0107706603036336,0.0138739094543049,0.0168694446963988,0.0176790340782985,-0.341539710689014,0.228978182321997,0.331632308598324,0.329906895220415,0.494162333224864,0.681895042911974,0.826422909595281,0.957854286440025,1.37212027419505,0.770064407373572,0.710092691895799,0.677010232971267,0.484411533706189,0.302081207011139,0.161881011764724,0.0392117269964682,-0.0312298431170611,-0.0382422413920673,-0.0634033321743721,-0.0653893910768467,-0.0478778512177726,-0.0243757792634148,-0.0163813987938925,-0.00244261609439076,0.0615360756887992,-0.0652567765853849,0.106689151366189,0.0777124386088737,0.0312980944315386,-0.00115595360674406,0.00394051868186246,-0.0140537609503139,0.218329066586205,0.182604375666331,0.162257044020646,0.12993205055198,0.10831048301068,0.0690693193101756,0.0435997544108393,0.0123398312758864,58077.3585909751
"551",-0.226832546252621,-0.163948306080978,-0.273553035497502,-0.133247386056535,-0.0256524415212882,0.0282249889344225,0.015634984075381,0.0202129899898351,0.410095973865532,0.248613789551944,0.336861531688478,0.267633716998926,0.485029917535916,0.663562138169429,0.825851924825883,0.956243736609735,0.613864658503591,0.759431184158168,0.701435976248275,0.7387026458645,0.496834264857254,0.317464729258761,0.162589236591535,0.0404611066994045,-0.0406486647471736,-0.0533231898551177,-0.064691552292769,-0.0586323751103244,-0.0524655568943373,-0.021056827189811,-0.0158654101908923,-0.0017230194577207,-0.0391544500498899,0.0237647225844894,0.0457233468341447,0.0545090818320699,0.0481793591322263,-0.0149691213733077,0.00838401372606219,-0.0179789229026977,0.216513896218555,0.181802132881016,0.158145796870388,0.131953337764329,0.107906561172627,0.0710213761448853,0.0436122272076096,0.0124152673007186,58086.4600580611
"552",-0.281024182161801,-0.161793845143727,-0.276868994558416,-0.166694022578452,0.0117846830961667,0.0181570953095303,0.00673287718936331,0.0161330135796669,-0.457791103019955,0.370808468886856,0.298538675469025,0.329739635195094,0.448262792138592,0.671947127637505,0.82936089851818,0.957340128394935,1.49057332720185,0.639245932375545,0.731526319443975,0.680033317892054,0.523155789066678,0.310466161712831,0.160845580422474,0.0400624153130268,-0.0487261337564849,-0.0381850222835588,-0.0649832413984942,-0.059652448114749,-0.0424868201502547,-0.0228083330287724,-0.016462281256123,-0.0024041461573274,0.0304881847483537,-0.0310046896909242,0.100960232386546,0.101731648692991,0.0263905384058494,-0.00158761188492545,0.0129966178933304,-0.011409417963534,0.214909356062776,0.185120443548493,0.160908319331956,0.130102880647858,0.107882129612135,0.0695885385039423,0.0438200118164046,0.0126439365863762,58081.3652111332
"553",-0.280874004914347,-0.158299870280067,-0.254133545061704,-0.153309073574815,0.000470421105046169,0.0295430916998342,0.013394437426843,0.0171317079501767,0.373923348316885,0.255755669779606,0.31449586371817,0.282560192225439,0.466150059648725,0.659729106496296,0.834345986934888,0.956693050446873,0.65870796118202,0.754747124036618,0.714036381699486,0.724645338617933,0.51260516334328,0.319376839096333,0.157341316574447,0.0404208331338637,-0.0491978645123054,-0.0614115510016783,-0.0661646310571039,-0.059717653292234,-0.0562349689030629,-0.0207489532357524,-0.0203947852708256,-0.002100744229268,0.0350332037130687,-0.000403251025863886,0.0610049668965642,0.096324524390841,0.02040169846639,-0.00265924311002729,-0.00652348081061198,-0.0122252801125247,0.217814445573875,0.183203991076374,0.161192156309595,0.131798130075919,0.109320147077936,0.069547803111285,0.0446423317568109,0.0127494529633333,58084.0912854663
"554",-0.220141316340285,-0.18263746719705,-0.264742234677017,-0.1587999089498,-0.00372181730792978,0.0144571011575245,0.0149797429529171,0.0184262580370666,0.90099825513714,0.396224919132415,0.362515535341432,0.296965824959208,0.469231689554345,0.677261468561326,0.83138259376153,0.957558389894902,0.123647508897495,0.621847744604779,0.667845403118469,0.708669332237438,0.509510573930792,0.304080973778077,0.159268892739782,0.0392100026977687,-0.0452380949325012,-0.0576347282343828,-0.0599552491588968,-0.0480034979183143,-0.0505987800473536,-0.0206747167641834,-0.0197252437024233,-0.00285952193720907,-0.0530104996100974,0.00370682214013647,0.076478775092362,0.0928727260625694,0.0184129196155062,0.0127091882531113,-0.0011033006889457,-0.0130873220653198,0.216786089361347,0.188062249531908,0.157016053986296,0.134216186664177,0.107757897926359,0.0703521274038775,0.0431069392236397,0.0125040564219224,58077.8932463303
"555",-0.253740164938996,-0.178750084282814,-0.288986923502669,-0.150231889900804,-0.0182871289075134,0.0284035682509995,0.0149127519355941,0.0171859720059738,0.0138910351440768,0.304982881530355,0.357528285351712,0.303945927566081,0.48277321650188,0.670405594021786,0.820361658800365,0.956505852851166,1.01394048758765,0.709962337129522,0.67615897161333,0.705086347208275,0.497083743699416,0.310389109492438,0.169534325027693,0.0411761282600476,-0.05435383947243,-0.0536143862209124,-0.0688494366450807,-0.0543641047271394,-0.046270000448373,-0.0224244039010169,-0.0169919843811108,-0.00279597256535745,0.00723071066409161,0.020218293550058,0.111267345113407,0.0685799948241099,0.0381382609299223,-0.0122168953777056,0.00281275742406068,-0.0149845263303941,0.222383153054987,0.18564236151797,0.16111202864867,0.13271116455619,0.107351444606816,0.0701723055159585,0.0434252483521541,0.0124922548047744,58086.8851620889
"556",-0.323090942289011,-0.122835232171883,-0.300800869925246,-0.149643479308338,-0.00691624483165798,0.0218559983492865,0.0132149760065399,0.0168254209615623,1.84772997075087,0.365035262591859,0.341745211953067,0.341883032443912,0.474428429989053,0.665750439385015,0.831108349880576,0.956807657555129,-0.806037327789743,0.635867085751281,0.695896093772357,0.663078326902475,0.499019062406601,0.316584126754204,0.158782883994599,0.0404562825323141,-0.0436635594419554,-0.0457719568523316,-0.0623878683607252,-0.0567669087904642,-0.0500909593000598,-0.0251883032371003,-0.0187855128812123,-0.0024570147407103,0.0669806998174409,-0.0449380113327982,0.0928022263553717,0.0979638378578081,0.0582637075025585,-0.00294981997077785,0.00875119433646476,-0.0125215276423928,0.219027234227085,0.186635123788242,0.158733894822342,0.132006407188433,0.109111352397166,0.0697024433504348,0.0425394708910867,0.0125221837707396,58076.1607291646
"557",-0.289933927397168,-0.150492007450033,-0.285105879730596,-0.155253496175418,-0.00562037017223199,0.0252532152393895,0.0216885880108368,0.0181700117107243,-0.336096049633035,0.242663500000998,0.340541186687327,0.340768048701586,0.463913979090473,0.668827666712063,0.825172866603428,0.956360935642129,1.36325848606503,0.765477663583463,0.694625747571912,0.669747975959947,0.512308568373931,0.3128970109779,0.162756878834646,0.0408285711989013,-0.0428319699346749,-0.0479891954066927,-0.0604735115124995,-0.0547218985312878,-0.0498738780646338,-0.0253933453152674,-0.0137705869669653,-0.00220856668513784,0.0750525701558058,-0.00851332620389342,0.0918544930986312,0.0680543682763723,0.0363442426715364,-0.00450895560158201,-0.00581859473339108,-0.0153278422620926,0.217624683240443,0.186479522295883,0.158505981064242,0.131387022303906,0.106737537049673,0.0698367051311849,0.0436439944708169,0.0123546820494247,58084.3995176694
"558",-0.297425665072856,-0.152716494704667,-0.279961679177273,-0.142672512272143,-0.0248932939842588,0.0190086408424071,0.0100242210509034,0.0148168953593533,1.35682999637436,0.298448268806406,0.271019414191633,0.309238541560172,0.46300619655875,0.677226543411958,0.828873335463857,0.958813663177732,-0.320529453722861,0.705848914550552,0.766796660437146,0.697451183153946,0.516068119228166,0.305016048751188,0.161925995276666,0.0390058253556611,-0.0475141002568776,-0.0477675455047394,-0.0740196381725402,-0.0573338660504947,-0.0482957053796839,-0.0199521389054693,-0.0137437519666248,-0.00286923636020226,0.0546937479913393,0.0238836904079648,0.0784267131523844,0.0701064049533853,0.0562573320438716,-0.00241703198820847,0.00295106855970116,-0.0111484369714606,0.214950944941494,0.185981542899509,0.158570991768647,0.131528050885082,0.108221579590715,0.0698356340214697,0.042824863844111,0.0125643985940889,58075.5974877994
"559",-0.266458517506896,-0.133170046346763,-0.262571714229204,-0.116581294933908,-0.0095156361585452,0.0353689721224759,0.0164095784112219,0.0200144086032167,0.216567460133863,0.221370438407169,0.315802292414312,0.293622760216224,0.469908848492762,0.665779960264351,0.823302498910128,0.955792090274421,0.811865059233892,0.783154524294867,0.71462356193398,0.706751790394489,0.504854059019213,0.314180366798728,0.167004865292285,0.0408355692159311,-0.0468554639241149,-0.0479652634958385,-0.0653518040788571,-0.0577625621523827,-0.0447698767775892,-0.024089504835227,-0.0154606509751897,-0.00283483790947292,0.0325057994804204,-0.0259580374015121,0.0786068384736683,0.0539393312017481,0.0512105070515275,-0.0196735692728885,-0.00281253898837991,-0.0148726681566343,0.215952847487727,0.183631399288321,0.160648730349462,0.13078844410477,0.108395940865906,0.070025392000304,0.0433757235969923,0.0124612321295231,58088.3187406373
"560",-0.25458884567527,-0.177435397101252,-0.25029924099676,-0.124746348852729,-0.0151032874758467,0.0192568789152809,0.012009700766428,0.014663372577771,0.123777814872517,0.199589876689647,0.383090670961614,0.28638536272204,0.458750639194089,0.670109685805154,0.823618170745666,0.958260250535102,0.902518481161628,0.816466595240334,0.637758531605598,0.71196822404316,0.517691802947627,0.313917184841174,0.165828513376881,0.0394592423544942,-0.0409027578313541,-0.0526249503521636,-0.0558442437654611,-0.0525807803618782,-0.0443557986774749,-0.024372329587438,-0.0169422341573364,-0.00268202256118479,0.00628257693545832,-0.00413242816387997,0.0942393887598692,0.0863732254595618,0.0557997208555447,-0.0108983105820124,0.0118900591121536,-0.0102538940647242,0.219949925847137,0.185339099138507,0.157533316653879,0.130090626564766,0.108861767014493,0.070062852519609,0.0438662339075155,0.0125056044016497,58078.8069311317
"561",-0.240859429759087,-0.154297096604476,-0.255871390348957,-0.161206889099932,-0.00758687199456412,0.02948050248011,0.0110775616033105,0.0173599332501799,1.13153881610952,0.31480083636591,0.36708352326219,0.31877007263101,0.518601381486788,0.671629957197066,0.830596804143963,0.956478700625758,-0.101890030341043,0.697037903212466,0.667432792072329,0.690505938223426,0.461959967669871,0.306276517063046,0.160107478821047,0.0400978775814559,-0.0395135361069132,-0.052725747944625,-0.0711927944762445,-0.0638675705341285,-0.0460603719617768,-0.0179371706298368,-0.0180792157572454,-0.00218513620322115,-0.0398020623787625,-0.0270331310941244,0.0452143815682895,0.100843847347227,0.00396409526293933,-0.00536920730105943,0.00488910601444754,-0.00926968466338914,0.220460652438157,0.185007119020689,0.159475054017936,0.132785992034885,0.108760880225294,0.0708219394879817,0.0437653399353362,0.0127148861885414,58076.0462624135
"562",-0.28515409521349,-0.185820876530495,-0.287478279897036,-0.137964675132711,-0.0119726299277262,0.0306029430915628,0.0150162501828717,0.0178794354555783,1.4536302926479,0.371248325098263,0.317837181601737,0.274647475668403,0.475147967504157,0.676911662785608,0.824840702283225,0.957543373510127,-0.416115456790374,0.648443554979682,0.718412716599323,0.725180398689336,0.502069145404883,0.303940860776616,0.165094644662648,0.0396991706139677,-0.0565507864003034,-0.0479609825789992,-0.0596094011275218,-0.0531778961484986,-0.0440626457010234,-0.0206077122266788,-0.0184669760210905,-0.00214261113062692,0.0225440873261207,-0.0224795111229808,0.087317776544215,0.0966178019879793,0.03108284733803,-0.0210686855502835,0.00270924180404444,-0.014584856646981,0.219579614499784,0.186044804090527,0.15878354892781,0.13400029648471,0.107557061573193,0.0700243770872993,0.0450503229355016,0.0126289669392044,58081.1042969699
"563",-0.240812344561311,-0.176639296762778,-0.264204469232875,-0.162999540756119,-0.00398888921867334,0.0223729699789119,0.0132635495414513,0.020939738702824,0.444256059926591,0.43465696034658,0.368099427246918,0.288122836339049,0.484655986174777,0.672759119690651,0.823053831029021,0.955115340422387,0.586146554690171,0.584868310960828,0.66322298869467,0.724290658312885,0.492991434025359,0.310456554772632,0.166151329408418,0.0410615644224098,-0.0470493636211634,-0.0602295445571867,-0.065314380699742,-0.0608590377656482,-0.0477239665983028,-0.0223508354802784,-0.0163313518816367,-0.00191492777046515,-0.0361723928894581,-0.0169609090681899,0.075213352164259,0.0894606340289193,0.0219435545026355,-0.0184205554004747,0.00750245007374078,-0.0148396937768616,0.22363561135077,0.182552425813986,0.157092086638356,0.129381880366091,0.108288863107715,0.0693805204136727,0.0437133220389936,0.0126641060931247,58075.3726496599
"564",-0.254272331059947,-0.167914611603719,-0.266162205424161,-0.151669194125552,-0.00125314513029753,0.0127993834778839,0.0105819161329964,0.0165143970302418,1.02754331017437,0.32983802890135,0.327907719219259,0.312930435411426,0.468696461773512,0.67958446682766,0.824337508743557,0.95825934543228,0.00225217508146978,0.684480699687333,0.700953483579784,0.694888837730907,0.508471339097832,0.305591325418893,0.167628964929057,0.0393232205499229,-0.0324257113139415,-0.056895012578234,-0.0601929039404286,-0.0562240566178877,-0.0487204124727041,-0.0240754701160937,-0.0189287703073962,-0.00244992605571302,-0.0292605718791066,-0.00872474145374486,0.0759232184355262,0.0858044931550966,0.0229955448050104,0.000685305821786939,0.00429914427268689,-0.0141479087931352,0.22042816924503,0.184086336400115,0.158169054009101,0.136401775352196,0.111059544558802,0.0702808827472504,0.0430425911674846,0.0125833566571185,58080.6177365867
"565",-0.293275535377487,-0.175451397755129,-0.298262747257446,-0.0853458134016266,-0.024982159423466,0.0211708133617823,0.01353967132862,0.0153493498568878,0.417495677409507,0.353249649462668,0.337590103431983,0.282524639726561,0.491228753869732,0.664519568521984,0.827610235702715,0.958524673821143,0.61892761472603,0.664538133578687,0.702817613833626,0.710891565590915,0.489978830300032,0.316577797418227,0.161791574988691,0.0389928316983497,-0.0400673854009017,-0.0521808373613414,-0.0661347126584189,-0.0546985988296131,-0.0562991375507319,-0.0218122368588731,-0.0151772222498625,-0.0024323199732917,0.0346902628962795,-0.0270538123361059,0.0941909352844809,0.0314720963130914,0.0550262518615775,0.00193080996694095,0.00598463898038053,-0.0113313512447844,0.2183308343662,0.185051567567489,0.161741674693507,0.132484315221753,0.108502493781239,0.0691847385806935,0.0441701112491767,0.0124146283062583,58083.0144247824
"566",-0.270689838939,-0.147143297009015,-0.270871270390903,-0.151572081599237,-0.0128914980533793,0.0114245377813187,0.014197118165812,0.0189576347451803,0.744916376337594,0.25904648631938,0.316766891545455,0.309576044650138,0.497828431767921,0.679550347744224,0.826569953504717,0.955994474181363,0.288318121451833,0.754301605413921,0.720711619040452,0.695551152669291,0.48077687982403,0.303820440506967,0.162764235338724,0.041005823247276,-0.0481402018284921,-0.0553475167523031,-0.0598521470350312,-0.056765175516978,-0.0472813947433232,-0.0223141060707403,-0.0148737564596552,-0.00275428946824647,0.0103016861885262,-0.0481351415076947,0.0323261135916687,0.099600379410301,0.0353397503932572,0.00454090641635836,0.00393978056813493,-0.0150243253406413,0.223189016980047,0.182247450447638,0.158784425540044,0.130732416955661,0.104772218882536,0.0703272677997606,0.0434730933711102,0.0122747960624347,58082.6524513887
"567",-0.261553087161229,-0.141379089031395,-0.264768958459806,-0.133614652915445,0.00647435841583113,0.0352994565441827,0.0130829425007346,0.018178846324027,0.51538638515322,0.352472961575067,0.350163892683329,0.305045535006948,0.488131398706414,0.650978361553506,0.819622803803223,0.958444877899667,0.517254891242502,0.663509198154479,0.682794726756028,0.699306977957852,0.484869528897655,0.327458913353205,0.169899924809455,0.0385176701118107,-0.0388980903101914,-0.0508016765632256,-0.0635128851906542,-0.0626524219178657,-0.0430262788494665,-0.0255209805048122,-0.015652876236565,-0.00248880594705216,-0.0224973195624735,-0.0871055359031337,0.051195927047548,0.0709363804094757,0.0226097282795526,-0.00462606482138985,0.0110522081356472,-0.0145278536088555,0.219658627007117,0.187692757512983,0.158438240794241,0.129348957824417,0.106852845660042,0.0706416043618469,0.043474574730116,0.0126463305493665,58079.3843557962
"568",-0.213783747209157,-0.124967045040165,-0.270335802605371,-0.155167903824315,-0.00900128886486376,0.0284056747123911,0.0117975370036084,0.0188832839521292,-0.525159623221335,0.234008911534477,0.366263672972167,0.310346060695941,0.48565770994743,0.666102841593447,0.830416942528495,0.957540251088595,1.54396411091259,0.769452548763523,0.665738130578523,0.70060816262635,0.492325327252872,0.315427646184694,0.15922689129822,0.0394431103713912,-0.0495929991826532,-0.0481519714826336,-0.0654506425818794,-0.0608121270315471,-0.044206605575554,-0.0211945372298679,-0.0191615901016529,-0.00215454389380364,-0.0205632352062989,-0.047214180981833,0.0830816629541856,0.0801541873920676,0.0323367619980628,-0.019150907614727,0.0100765116686754,-0.0165372857458361,0.220355853243891,0.188519414784522,0.162053603160738,0.132239240715054,0.106990172336779,0.0713057846727716,0.0438507857980985,0.0125358769626502,58084.0709702408
"569",-0.257340180524272,-0.15783218577045,-0.271740983631219,-0.137315205513983,-0.00974405913834543,0.0165137680550525,0.0137295732161459,0.0175084312775894,1.07523543925695,0.367201877847349,0.300663943642373,0.311488375600221,0.479521421566726,0.673711782811575,0.825792189994613,0.958594216288904,-0.0482605619218254,0.646503840839446,0.728761505056487,0.692723794485542,0.497152963219606,0.310513677764595,0.164205739443932,0.0386791472675233,-0.0472737094867846,-0.0549572013732588,-0.0558136600289041,-0.0567314663458259,-0.0431621077605539,-0.0283214165659586,-0.0190681007655403,-0.0029048676748495,0.0177751760329609,-0.0252517674723626,0.0962363802683135,0.0769481993222764,0.0338315358889938,0.00060870989821177,0.00650222069045593,-0.0139319114491927,0.219762908678423,0.181174423055586,0.160042696696816,0.131806683937183,0.106944320289376,0.0704852922337917,0.0441006116647529,0.0126042578346139,58088.4796474062
"570",-0.306097827654205,-0.159362444824457,-0.259148025939226,-0.102241423283598,-0.015111889589967,0.0307018462247964,0.0148778016286523,0.0183086000115064,-0.0720587222803235,0.318975175449558,0.352202602011169,0.299131046205736,0.483156164239975,0.67608586797462,0.821873710602298,0.958389807827454,1.11379672689525,0.692481666311862,0.680737881640436,0.697115596401314,0.494120258052326,0.304430922093862,0.167800347185174,0.0386892330322484,-0.0631651381600628,-0.060846599930782,-0.0711390917507779,-0.0514950358287779,-0.0427893015736231,-0.024852144212948,-0.0145895535488908,-0.00271361308313489,0.0419224222613529,-0.00349093963654545,0.0585585022533221,0.0367656183129132,0.0441703578031973,-0.0131002080894928,0.00346426372821001,-0.0150789697070163,0.217511668349116,0.185908392981619,0.160262431872756,0.131828533144916,0.110091841687445,0.0703128852999428,0.0433274557877257,0.0125666302677764,58082.474272539
"571",-0.263441648590326,-0.165408175492141,-0.298740522484986,-0.130189816312155,0.00445995193891701,0.0262645743604733,0.0201047550500185,0.016018787024635,0.822581694589001,0.358386151696246,0.299886009226119,0.313659435456551,0.450774083039386,0.667652027548216,0.829272487844201,0.958325345888228,0.21070987768057,0.653007203095442,0.737938192768333,0.690916658278988,0.522721494266348,0.313167021700477,0.159793869112478,0.0391477647047154,-0.0550343572390621,-0.0547923831755417,-0.0618270536454317,-0.0608787505975137,-0.0444111680534817,-0.0184787429023972,-0.0159620342837015,-0.00253574350661738,-0.0105207203687416,0.000646915249526122,0.0960730260792833,0.0570823237253979,0.0362549214085461,-0.0119856648826028,-0.0081547177677107,-0.0123219725229185,0.217258970845568,0.18352973135734,0.160681849720407,0.132127501135278,0.107750702097997,0.0689984938993501,0.0432811768386762,0.0124832892369377,58088.7613025909
"572",-0.279041057309616,-0.1681674448125,-0.22251824085444,-0.145928206868181,0.0108232028601364,0.0294060624127046,0.0260429126856723,0.0190244658979578,0.299175715251823,0.26444232476693,0.346292503154914,0.304186133844705,0.489785707175282,0.666060659421803,0.82403814588635,0.955712124426271,0.732747105832449,0.748998776642162,0.673138172468427,0.69992903223732,0.482544264562241,0.315294150506688,0.163872683188065,0.0413724068870255,-0.0381304674665642,-0.0594971686450015,-0.0616962804573808,-0.0520788098907989,-0.0503531508309125,-0.0225414877865576,-0.0167360865351683,-0.00195804277145111,0.0192545815663473,0.00138999756732371,0.0616419128650644,0.0918014821179722,0.0209891563610427,-0.012243916922098,-0.00940340175591992,-0.0166790420730584,0.212187031444954,0.18430825170673,0.161667793679481,0.13017753795445,0.106921615526561,0.0708839214066709,0.0430324806709854,0.0126510053813165,58075.3300815529
"573",-0.312589565960142,-0.144557732724873,-0.267506873026037,-0.142809859177171,0.00925438339610864,0.0234356391181812,0.016922803584832,0.0175520431943083,0.58417575693135,0.182320431532165,0.304571380219567,0.321785796221822,0.484722208356254,0.661485776234023,0.825932591720689,0.956371142687324,0.45937155381523,0.832874807242842,0.72616264168271,0.684838031909378,0.490209046830843,0.322350322537598,0.163486785453473,0.0407219914533551,-0.0514699807501577,-0.0482980256970717,-0.0587773966362097,-0.0633009845703489,-0.0588438994162804,-0.0246929011062103,-0.0176818866805868,-0.00251352858578148,0.0446961019227733,-0.070325153425545,0.0688188022662792,0.085586091023789,0.0217664052989888,-0.00877501470384597,0.000293990264188365,-0.0130002411371596,0.221551816008746,0.183242778519814,0.160797245037707,0.132867361902193,0.107093826971478,0.070372789310584,0.0448834339453238,0.0125772820573944,58072.654091652
"574",-0.245501965256667,-0.188889119460575,-0.312218098219425,-0.155613627460512,-0.0275352498131983,0.0159723943393789,0.0214967033292445,0.0172764278416207,-0.219143491377824,0.293201549342034,0.358091678389892,0.32952888869745,0.47725748871835,0.673155320842719,0.823405302504649,0.958806784593552,1.25212337192324,0.724600190688049,0.688407900709721,0.679824162679545,0.504109383444474,0.31055692644969,0.16583910023632,0.0383823165605009,-0.05709924420314,-0.0522530330359876,-0.0641803197041868,-0.0569860404945556,-0.0427325144706463,-0.0252442624750413,-0.0171203073659082,-0.00269923319053081,-0.0302831480427656,0.0021955814374998,0.0700207187456836,0.0811684294323523,0.0404846018460702,0.0031613062661802,-0.0105749165472491,-0.0135503998900851,0.213746529579843,0.186416532143989,0.162980047091793,0.130136918978271,0.105502884247443,0.0705871884421971,0.043205373900404,0.0123411963892536,58076.2390273499
"575",-0.292995972914113,-0.189693635906553,-0.275973651030256,-0.139254483530492,-0.00281638375173526,0.0273488024107948,0.0242499814589553,0.0176975593687322,0.310007622102081,0.297551511247607,0.329433270313173,0.321185222773658,0.479131522321285,0.675417593466778,0.825334219354805,0.956040052914124,0.72530208660442,0.722200720747063,0.705889055199887,0.685395966792983,0.493816263207744,0.30486996181209,0.163126531899618,0.0412555887284647,-0.0481017052837317,-0.0596999384586831,-0.0622340332117017,-0.0593206750944571,-0.0470495391308676,-0.0213308101411082,-0.0158577557932356,-0.00275346933561458,0.0491371017073024,0.00518682870640897,0.070133738647175,0.0710079974917422,0.0463840145041187,-0.011921142931276,-0.0133668950992767,-0.0132915877003183,0.22111734599076,0.184115066351373,0.159735804146582,0.130792577599319,0.108651051898722,0.0704583909279917,0.0438277397249855,0.0125286960558913,58089.7380447066
"576",-0.285825867169074,-0.178192142304773,-0.271021813937332,-0.145057442684989,-0.0107382731071309,0.0305449743384743,0.0123672984070927,0.0175676786406922,-0.579289989423815,0.327431568214434,0.343987800298125,0.291162320684904,0.470441103668337,0.662379707365316,0.833734991231187,0.958278742340931,1.60854805930755,0.687460314227085,0.691324969727705,0.716472802006908,0.50970703869344,0.317765770976213,0.157606980378442,0.0388098146292676,-0.0562253196494584,-0.0543141212994946,-0.0683242978821822,-0.058850001959255,-0.0507367513877289,-0.0205918663173755,-0.0179679090983401,-0.0026552279027826,0.0747067350705719,0.0022148399653419,0.0599064448650107,0.0724578497900614,0.0309808838242323,-0.0111326356335093,-0.00536043956641098,-0.0137046763188714,0.218451397716939,0.182112770434992,0.159996126527855,0.132090693899891,0.106676129346278,0.071140105118391,0.0431015264119307,0.0124738231628985,58087.7151501732
"577",-0.258398939983619,-0.160207830397507,-0.261365596108293,-0.13953920769709,-0.0234780422414391,0.0257777247836948,0.0128418314856203,0.0175690040612338,0.149763728400572,0.258454685945558,0.344185037082512,0.298083119639455,0.47454388549266,0.668348609096797,0.828786377529694,0.956373244864789,0.881440856361325,0.754536978561381,0.689258245324909,0.706162178234439,0.502900417232189,0.313361496167584,0.161944043809364,0.0405375188498849,-0.0440324763895567,-0.0539972186539638,-0.0670593210413893,-0.0623395511687133,-0.0495323067443264,-0.0263065001187369,-0.0174671615644578,-0.00218344464946865,-0.00593264109690025,-0.0125838190396019,0.0543152004791446,0.0784986060960899,0.0669399749402044,-0.0014939228159511,0.000442043117829081,-0.0111362552173673,0.219098884424259,0.181152388093566,0.161898487702561,0.132861441562973,0.107923310093125,0.0698530966576165,0.0434740865831041,0.0125920942008484,58087.7710937993
"578",-0.213606171738593,-0.203941658955298,-0.253433775544581,-0.14505230370784,-0.00634985720986566,0.0226795331414489,0.0187417217055834,0.0191147790944755,-0.762013221290271,0.26705172320174,0.321717035432117,0.316131710567346,0.463063020238753,0.670731843708466,0.820421894173643,0.957028717006826,1.78095513473857,0.753387940145623,0.709555201203045,0.692120498027555,0.510984311307676,0.312521296257005,0.168178154688325,0.0398231392180376,-0.0377091785021547,-0.0548162353427912,-0.0672965340984046,-0.0674761217871956,-0.0425135644077056,-0.021165935013976,-0.0186600786828719,-0.00227631784188206,-0.0481877814169828,0.0245149698291659,0.043724285955938,0.0821267561189949,0.0418795627304887,-0.012044299750766,0.00307416956620377,-0.0160381923799916,0.218576695823027,0.181808874867373,0.162243108789084,0.134120121484868,0.109072376840385,0.0684969443840444,0.042378332778928,0.0127823063715947,58073.5830321231
"579",-0.241620161078754,-0.152860329693201,-0.292845287654206,-0.128059121211824,-0.0300472636049507,0.0108671548374811,0.0104303648409711,0.0158085294164908,1.67928605219207,0.238457526057677,0.304240460913913,0.293396609532131,0.474019881546919,0.671996728694625,0.829139411466565,0.956502808277367,-0.648337002049786,0.774584347671361,0.733702223162241,0.706213242803429,0.50763862674267,0.310569000384783,0.160688017306227,0.0410802462930739,-0.0487291179991873,-0.054366150367078,-0.0656488672228687,-0.0517753056559657,-0.0487605491918236,-0.0184303346795368,-0.0154337975988524,-0.00262990451836302,-0.0467975293751204,-0.039615935172763,0.0860079410063142,0.0785766045241822,0.0611505035317222,0.0118042655828669,0.0080203459270188,-0.0117751312505422,0.216221730388737,0.185228491303484,0.160296179678281,0.133872360939588,0.106893510236632,0.0705719468516976,0.043715291026899,0.0124300433180667,58084.0091567223
"580",-0.257586892796168,-0.200740903800863,-0.257040474650092,-0.166915539724791,-0.000710129453868479,0.0200529539395015,0.0126374520517489,0.0185399479455689,1.16708122714893,0.244196790676391,0.282764807402159,0.29839391561257,0.477714646211945,0.666393939790599,0.82556222325068,0.95903234633679,-0.13455020471924,0.77728534805215,0.750786071607366,0.712442489761992,0.499549986140889,0.315423960462228,0.164511427716675,0.0380752468242435,-0.0456929810973668,-0.0565989619667405,-0.0685549912495955,-0.0680914094214815,-0.0446940928573034,-0.0200421132068147,-0.0141983898079698,-0.00269291451838893,-0.0252282368107653,0.0186388241135883,0.0399939207581576,0.110549894558155,0.0171027687137992,-0.000178196304111657,0.00291477550257568,-0.0167115903172379,0.219872111869008,0.185226922525742,0.15822636118017,0.134381941475555,0.108764595064456,0.0707781214310436,0.0437897856864703,0.0126731656959137,58082.3195475603
"581",-0.253535478488921,-0.188766996196123,-0.24318589105457,-0.173452443685467,-0.00924636788029319,0.0238026787777069,0.0203059209796614,0.0172414110668065,0.700748071544804,0.216282795048626,0.313740954272419,0.33482506293612,0.471636616816106,0.664150681909104,0.824407225667737,0.956856392623207,0.322311730281409,0.799285504776805,0.709834653236395,0.677622344181245,0.506677002337208,0.31827961947091,0.163508926432278,0.0404807480075828,-0.0277426713603261,-0.0560298375532459,-0.0533131574357014,-0.0552188778607671,-0.0488018584529829,-0.0221608157682949,-0.0167163593299516,-0.00245869441990885,0.0086897516875101,0.0338013268251053,0.0575556316058568,0.097972873545368,0.0348456494646682,-0.0115454579267696,0.00548432524455535,-0.0139205048105798,0.218842608427372,0.185254526023109,0.159228244400833,0.132549080113227,0.108656277962706,0.0705203695490334,0.0429326097555319,0.0127383713626883,58082.5108364592
"582",-0.229552970921458,-0.189259666097264,-0.282194446457728,-0.152685019281907,0.00423112893128071,0.0238449112012829,0.0181576952064043,0.0171869614581841,0.0595059218893716,0.322559500331153,0.339375255825708,0.290598032399982,0.461543133185985,0.665094657206533,0.824316898779209,0.957676062520336,0.963338966241151,0.701218249594569,0.696344356583208,0.718585427308316,0.513590197335494,0.316172256038605,0.165134804312323,0.0398031183383059,-0.0460866469662078,-0.0611465683405137,-0.0587256546497484,-0.0694277773294732,-0.0407006480644168,-0.0230913644332986,-0.0151953145970388,-0.00236688711963794,-0.0293369498559584,-0.0316365413439331,0.0784629505014748,0.107241221508861,0.0177719933782068,-0.000701764785970103,-0.0060032101463981,-0.0157592201541498,0.222044427371273,0.186825694044434,0.160973348846096,0.133924715125929,0.108530385052869,0.0711163595581629,0.0435778991393176,0.0124319544680607,58078.8839389512
"583",-0.28941016500531,-0.173022062807936,-0.276221747953782,-0.124659135657954,-0.0210795982777505,0.0230193074381685,0.0132421490102604,0.0184194025627301,-0.291271507916478,0.23740714430107,0.296445421728194,0.314940416642589,0.488316093853475,0.671467518478022,0.829651062525694,0.955938378042534,1.32733897690755,0.779095478917667,0.736676265813636,0.684678278136923,0.488627283341795,0.308893535833728,0.160727891012734,0.04084087425263,-0.0473856825716794,-0.0484702482900622,-0.0712993012908629,-0.0531433484419843,-0.0483388942859604,-0.0188614971582818,-0.0202518956011509,-0.00182057896784242,0.0297592301367285,-0.0250382043348115,0.090130988980137,0.0720244360167601,0.0637880630776513,0.00255097155480941,0.00650022912460474,-0.0141209612883303,0.217791294645205,0.185359844835621,0.161882156171795,0.134689911485746,0.110716488954134,0.0698965676081855,0.0430272189741413,0.0123329625167182,58081.6625715312
"584",-0.299000814912374,-0.162325246837319,-0.267474741762364,-0.167614970095152,-0.0276510560251666,0.0181069808100231,0.0278063253880811,0.0160849285025378,-0.834042271339483,0.341091301414232,0.329222958156477,0.302988413182031,0.488771958106715,0.677146071688593,0.820577031753763,0.957198227803912,1.86827401330188,0.67421314929784,0.70363531416342,0.705101970925691,0.494377879991173,0.306910258989312,0.165805742084688,0.0397823157282929,-0.0450445758498704,-0.0585183456774388,-0.0595544315917176,-0.0547331628920009,-0.0517124255873829,-0.0242930954989931,-0.0136045683027406,-0.00215274907916096,0.0613100344172711,-0.0199771874677533,0.0671263998071054,0.115270298390148,0.0470761237386891,-0.00519436858013159,-0.00921322673151028,-0.00972639207837876,0.223286156131506,0.185859937151621,0.159104804438139,0.133847488959218,0.108209120531604,0.0699333377205264,0.0442055074731737,0.0125761175517035,58079.3727486239
"585",-0.227129283203244,-0.197396698057207,-0.253601953522313,-0.130022558045424,-0.0224852149134858,0.018752415177405,0.0144677209487293,0.0155695854018993,1.1720747349349,0.341923223181298,0.290978509268763,0.264341300621968,0.477106553556469,0.675314310382921,0.825349916667857,0.957167026465135,-0.152293915567795,0.680664029051223,0.735346491786979,0.741096979756034,0.501468984756519,0.305122378691035,0.165600951804395,0.0403563737878018,-0.049502166643475,-0.0460854061646942,-0.062727819673332,-0.0480437508101778,-0.046559925657508,-0.0213849122067081,-0.0182269699746288,-0.00245483638557897,0.00305009242103667,-0.0118796172086357,0.0773460227120489,0.0463989876061671,0.0601742735759544,0.00821715068778038,-0.0010854252046442,-0.0113917518048101,0.222567339397556,0.181425271353584,0.160823612657048,0.130253267985257,0.107679051053839,0.0692142678519578,0.0442564519724433,0.0123585457134163,58078.8644449133
"586",-0.268055727013572,-0.160042464505356,-0.278146330117583,-0.131049371837317,-0.0268223530248601,0.0239037380922471,0.00694813253852552,0.0178155749934716,-1.07792272881825,0.22064172541401,0.32492248691682,0.278414438946571,0.496239588049185,0.666769216561446,0.827378602167591,0.957393152539558,2.11212899963255,0.78832297200578,0.706394670928525,0.726323570466746,0.484154692536407,0.315008687367061,0.163430185707725,0.0397444089427046,-0.0434727665696074,-0.0376497166830559,-0.0636976765262172,-0.059309974190447,-0.050796855269353,-0.0221416375914357,-0.0154002577205737,-0.00241905875782125,-0.0150897558912804,-0.0149476720192067,0.0925826949841476,0.0681843177635953,0.0640338051798993,-0.00852753131794294,0.00881496157924466,-0.0144050460671936,0.217955639369779,0.183520150924449,0.160311944439199,0.132817002021485,0.107736414813556,0.0703888904824711,0.0440223171851183,0.0123053125337581,58084.8382089496
"587",-0.270177936599566,-0.138643070434234,-0.265133508967422,-0.159447231114681,0.00366009216910502,0.0254135408942667,0.00730266646329802,0.015422177048845,0.166990645738448,0.251416091516901,0.326050529068361,0.296991180480207,0.472299762959821,0.661942951927992,0.832306893120497,0.957418896093673,0.862615863478411,0.75458688298367,0.704171362047122,0.710962357423784,0.500736191301,0.320467116547006,0.15924124170993,0.0402439389828498,-0.0396598903436542,-0.045035596774739,-0.0688523619097627,-0.0516668380206228,-0.0441711968116004,-0.0175175682905695,-0.0174373098954987,-0.00147552870632359,0.0253680500828109,-0.0340771462715997,0.0770153308331066,0.0965778764088866,0.0383336577575273,-0.0184010987957096,0.007997411099895,-0.012519644407368,0.221328109415466,0.181851812320148,0.160830956196377,0.13028664545489,0.108341085269892,0.0708976777490016,0.043048375766744,0.0125758123176661,58080.6078609075
"588",-0.291895860892144,-0.150147219663145,-0.277088412758078,-0.165495666356878,-0.00741100072675791,0.0182407025061686,0.0133728515705267,0.0171889157123224,1.03973389810176,0.20642783404228,0.303311128284209,0.339269773246056,0.473885146147614,0.667068894323611,0.82363990655863,0.959753565506211,0.00288669811786542,0.804283857612393,0.732996003863756,0.670491231124921,0.502439213396423,0.316356366697234,0.16586506966369,0.0375144218254878,-0.0445700326234388,-0.058403086412008,-0.076679555414793,-0.061076114586475,-0.0495570961205643,-0.0228079032609099,-0.0173459767584835,-0.00281652481782053,-0.0262753677066384,-0.0259989069489584,0.0721983916382233,0.109133101612975,0.0388280486853767,-0.00420512955861368,0.00831622129118102,-0.0144815351177391,0.21896982218381,0.181032034677466,0.159171127878735,0.133699774349709,0.107738831323042,0.0690450226166872,0.0439874205048857,0.0126090928654356,58082.6457557149
"589",-0.214541371172316,-0.145292391261648,-0.254243171279252,-0.141668658087991,-0.00823108965810904,0.0119770230988398,0.0144950965991236,0.0201637938728521,-0.278318937099271,0.168855839633438,0.293154239478786,0.291437478678721,0.481916800208359,0.66906803608958,0.829032976159331,0.95628423674826,1.29875423262784,0.835359527998301,0.737735318946788,0.714453056466376,0.496017998550801,0.315590862557794,0.159883800510189,0.0402525295758429,-0.0348003917358335,-0.0535329067000374,-0.0663786184701215,-0.0609615806712326,-0.050066445389498,-0.0259294400634395,-0.0166420319437344,-0.00196858837407702,-0.0373217849696124,0.0010398284746917,0.0567354451452388,0.0836385726004109,0.0382841214252697,0.00875696529309307,0.00385606098592589,-0.016466971576615,0.214916477821559,0.189569988349611,0.163009921177373,0.133840612856729,0.108950298644872,0.0716830108569009,0.0431756711380424,0.0125408853123963,58076.2225393508
"590",-0.255032907008303,-0.143842481964091,-0.263721363516943,-0.12394622035349,-0.0266512875963902,0.039845561748966,0.0239391372933096,0.0132819482814992,0.651982056801154,0.265126535640775,0.363755487484278,0.310597954640025,0.464265581665799,0.656015600835383,0.82217941171842,0.959942202809402,0.376355358683313,0.740478510556026,0.66458105071674,0.6958473351741,0.515688900123035,0.322299263141374,0.166111304411407,0.0378574823677231,-0.0428185288302725,-0.0489133452084836,-0.06280472817546,-0.0668678298130385,-0.0474897651797099,-0.0214196595782036,-0.0172098563052648,-0.00221723286042186,0.00612530533072777,-0.0207748164124589,0.0964171169229176,0.0439324485422539,0.062170585167228,-0.0155836375246796,-0.00960251026425119,-0.0091987403993378,0.223134650869671,0.186807605552532,0.161145963835788,0.131130249568372,0.111316892525758,0.0693217797693825,0.0438436805160128,0.0125653172679646,58071.112119119
"591",-0.292786713802583,-0.194452979113586,-0.25856188116789,-0.145901532151994,-0.00858281974361347,0.027023718958622,0.0157232301923351,0.0169635340807334,0.135237025627055,0.329608464743363,0.316207219630067,0.29284198754652,0.481140961886143,0.68441260051848,0.82947819079924,0.957764327408353,0.901675637479487,0.689315635802396,0.713847790595471,0.711174487586473,0.494841898927805,0.295977593504636,0.159863020688363,0.03967406618914,-0.049911994740176,-0.0484442819686725,-0.0657054486276539,-0.053748650544982,-0.0479318953689434,-0.0214327521753819,-0.017079475962143,-0.00234879050678802,0.0288569122491804,0.00788667698259239,0.0735400821348932,0.0883374208867798,0.048890176298273,-0.0164838867971158,0.00285645976992301,-0.0146367978402234,0.219566300034727,0.18426397787264,0.157130603101252,0.132540453341862,0.106977760591465,0.0713956750696242,0.0428059235631559,0.0124038027211968,58085.5662099848
"592",-0.203475618173178,-0.13570970753944,-0.26381539325141,-0.147133455301412,-0.018476442530603,0.0253640300217446,0.0172463023430071,0.0181155121278091,0.000876065140138449,0.311590273253686,0.322952317585585,0.315105828533057,0.491851702102781,0.664470538089422,0.828379440045987,0.957614315430817,1.02610781886028,0.699072876751736,0.711969441700079,0.692574070155871,0.489066988638032,0.316748558458955,0.160943096455421,0.0392034157503048,-0.0493752538868227,-0.0529258175687582,-0.0652094694696439,-0.0592977923823938,-0.0547800206159607,-0.0229879805821334,-0.0174165160450725,-0.00316837529017222,-0.0909772155961331,-0.0624010461915034,0.0375658561689652,0.0700500975242467,0.0387396233076585,-0.00576450232570418,-0.00160778339577916,-0.0122299761759419,0.213593400817542,0.182565215167565,0.158086896314013,0.132503015167364,0.108764678932067,0.0699927621825608,0.0441645549711313,0.0125516121391466,58084.7684684434
"593",-0.264417489369376,-0.193796507981678,-0.25060971484912,-0.166405010037901,-0.0261306447302817,0.0358719216074742,0.00590919695729723,0.0168118427770119,-0.382580530028673,0.284890031930789,0.351810578324538,0.320484405950125,0.452972031413571,0.655365378839785,0.832953039179978,0.956917187368459,1.40884979001677,0.734309219358966,0.677894874527207,0.689954993930103,0.52885040851125,0.322874368698254,0.157865902773179,0.0405968115899527,-0.0331904467843159,-0.059492999163515,-0.0719608315009855,-0.0665360298758904,-0.0508846119836592,-0.0225372770340397,-0.0178076747530321,-0.00302031808135572,0.00865477381452275,0.0264894171046459,0.0512616613727284,0.106472742332401,0.0582214637889061,-0.0061064155387454,0.0130237869075685,-0.0128603945971282,0.222791181254447,0.183427187677323,0.158867486305395,0.131427663714934,0.109775836127069,0.0698907432372907,0.0430334836105294,0.0126942425841561,58074.7081532425
"594",-0.260369290828354,-0.156663136014116,-0.289679290970496,-0.140398256763944,0.000323038473338905,0.029718025098903,0.0095606106033112,0.01756118481688,1.60856302128997,0.393522529043802,0.346253672815284,0.339832320059276,0.465870268518859,0.662152517978949,0.827325255478568,0.957624443298486,-0.57750067836329,0.618178352205966,0.689571151566191,0.664829714632341,0.508741359431629,0.318784073787944,0.162324246301719,0.0395133935905915,-0.0473939869351872,-0.0530353214427081,-0.0687675287426828,-0.0577066763975611,-0.0502506339828199,-0.0246659719574963,-0.0172840136918553,-0.00277995069624307,-0.00924689485937055,-0.0274282744822763,0.101433776604446,0.0669994051312273,0.0279330344593463,-0.00857574442978217,0.0146459634957867,-0.0136539797690452,0.217065526021777,0.184867254210592,0.157894204713788,0.128431779823808,0.110205416776217,0.0699439799888301,0.0432623616914555,0.0126265974396104,58081.7570211209
"595",-0.23705284056883,-0.180502021582814,-0.290419750698586,-0.185976538076218,-0.00170646699703254,0.0411963932311954,0.0204118781197121,0.0189489401178615,1.12070010192664,0.28220410982582,0.2887474821,0.36606102089353,0.476729411930054,0.672602595751735,0.824130512539812,0.957555330882141,-0.0884366677459414,0.732074414790345,0.751600531755796,0.647840589273193,0.499946081041443,0.305105326053562,0.164692879869147,0.0393179519890627,-0.039083953578781,-0.0579568819915902,-0.064818469891341,-0.064734458531325,-0.0435810338006037,-0.0232893340862353,-0.0166585020639753,-0.00209189377101579,-0.0800809928664741,0.0262620402106924,0.0549235336623106,0.124386058180803,0.0175117697359381,-0.021242483650743,-0.0038888732258259,-0.0165969151475633,0.220585394035062,0.183730386617906,0.160461049072213,0.130476220199836,0.106824568398393,0.0686087108509584,0.0435964347214016,0.0125567068687001,58074.5554984107
"596",-0.242163252627051,-0.174088797153132,-0.245098057364371,-0.127748302050288,0.021339982739289,0.0252627565740938,0.020812658264419,0.0177676233854048,0.994479507904881,0.335128948781437,0.318237395678779,0.262400237345624,0.45499999822845,0.67324736168123,0.830307769548495,0.956860217173821,0.033724983162426,0.684288958781484,0.710201444051179,0.739376812060212,0.517755769829854,0.306025056784146,0.158520490177008,0.0402872891575422,-0.0468913909567825,-0.0615813474817085,-0.0692233858215667,-0.0492910092135371,-0.0454097990033568,-0.0224022692059408,-0.0152718617039016,-0.00200242990415256,-0.0237458693528119,-0.0234747759243382,0.05524438927845,0.0760160352278208,0.00993400756628997,0.00431557230873626,-0.00913187495530115,-0.0145026785139415,0.220367205641243,0.185471075476381,0.161884278789546,0.130255922105289,0.106828157028889,0.0702452989826531,0.0423047935906037,0.0124352548866188,58075.0594442057
"597",-0.213172250627218,-0.137073347470459,-0.287705686528072,-0.142506570834787,-0.00668287219372227,0.0132309664708391,0.0191564765641567,0.0180240558870679,-0.293711424832854,0.190115039859212,0.316748528061078,0.291941090337287,0.469371875031122,0.669103979061926,0.826869709200439,0.956629417653832,1.31660384892579,0.814289565890395,0.717505634771507,0.713408492090603,0.505413389951766,0.31496506925561,0.163393259248281,0.0409688323196456,-0.0408898989534502,-0.0514545295820222,-0.0683512773598099,-0.0620992418344278,-0.0444775659108386,-0.0266945136670292,-0.0180623193815405,-0.0025952468866549,-0.0574231918972044,-0.0238322481560336,0.1069333362416,0.0912601970092654,0.0424815701777664,0.0116349476065749,-0.0059861960228018,-0.0161071777939135,0.212682174165443,0.177453908693767,0.157200319089063,0.133947740394789,0.107960208110949,0.0688021991819552,0.0439343169243103,0.0125717958639723,58072.7739657732
"598",-0.280027469155286,-0.136005833716351,-0.289459310296331,-0.14649062660124,-0.011829613022844,0.0363323701199531,0.0191323595283114,0.0174524769473097,-0.111908840203474,0.306607482017597,0.314533368380878,0.282503558782917,0.459907705135806,0.662009238433737,0.82472415545428,0.957507165167872,1.14942089506139,0.701312273467435,0.723813747452608,0.72584908826652,0.517647744477,0.316473688706867,0.163680629341673,0.0398181173413328,-0.0367492000843191,-0.0529491846759996,-0.0692821412894238,-0.0562528930822716,-0.0526280897642942,-0.0206265911881557,-0.0158831348609503,-0.00274438802435469,-0.0166809516655101,-0.0571813978142895,0.0769313621199899,0.0757961619066516,0.0517886339970203,-0.0162415545552465,0.000356875200717968,-0.0137550403352324,0.218363457303522,0.180565472216096,0.157115598712242,0.130431226444015,0.106969340263205,0.0712868906166837,0.0436021450641434,0.012604386911488,58087.842101111
"599",-0.237714351327929,-0.130658389319566,-0.281014747199869,-0.145092825339176,-0.00709973547150615,0.0326827029955114,0.0220141541921202,0.0174458292527549,0.311459047501396,0.257461022079614,0.273918556781879,0.31271039880215,0.4967049436586,0.662853647672224,0.826289510127043,0.958090152697328,0.719404781531803,0.745142958645645,0.764560341320538,0.694505958383613,0.480307485590306,0.316216070558527,0.161641523180013,0.039158197536622,-0.0323365087324501,-0.0578119453853844,-0.0650238294361275,-0.0528423857086289,-0.0381966397143487,-0.0210597651898609,-0.0150281859285051,-0.00281869504861591,-0.0593934814028163,-0.0024811451954008,0.0633766836171725,0.0638508726016493,0.0212576707425475,-0.0110289223394535,-0.00517465081823682,-0.0139046664016941,0.214321418208038,0.188532517886424,0.159549812452044,0.13298411998036,0.109649520650605,0.0701046315945703,0.0441622797828795,0.012412458603059,58078.6506611414
"600",-0.246999880613239,-0.176692753981312,-0.266533616211082,-0.142858298579551,-0.010768865002225,0.0120884208124505,0.0179656173354245,0.0168372084876439,1.10168240176494,0.39844997255794,0.322532771082428,0.268324448599301,0.480003368639047,0.676713845625626,0.824110013612515,0.958150002571596,-0.0782624375039,0.624632240593926,0.708997821922849,0.73683159538423,0.498872819370565,0.306228517360095,0.165258734189542,0.0389800338157521,-0.0554739486473048,-0.0576161375043071,-0.0573079153372072,-0.053290579482587,-0.0446121869903364,-0.0235211007385,-0.0198831476362634,-0.00202996740580309,0.00207215162591529,-0.0490495617042258,0.0681332858657898,0.0783802894725449,0.0246416851882229,0.0087747703690658,0.00281235043053299,-0.0129390004326464,0.216378795339558,0.187560127847346,0.159177529974932,0.132148092969022,0.109283291504003,0.0681786282735832,0.0433338814565392,0.0127366615476865,58076.6539072069
"601",-0.256971217932553,-0.180277367131617,-0.288585448970013,-0.138467289251893,0.00382188176199224,0.0315468439379686,0.0159868685268936,0.0186285830496034,-0.844848208601475,0.310301626805845,0.325262859236433,0.329458633427544,0.454030377214965,0.668794019673957,0.827621121762564,0.957812957144234,1.88087511584374,0.704472190875017,0.713940934344067,0.67443929984579,0.52106355986534,0.310345029350248,0.161539926463356,0.0389274025011957,-0.0551816895193763,-0.0444390091245369,-0.0753233225878582,-0.0668262211114341,-0.0482383704056309,-0.024165265417723,-0.0180165990683776,-0.00254460077329561,-0.0291288545593556,0.0017808954699633,0.0922769173531892,0.0865964262635571,0.0316231189755715,-0.00592252457136368,0.00525409434010786,-0.0135623031274145,0.214161244646934,0.18408928071402,0.1598715155167,0.133178276979789,0.109225146857515,0.0704831962042274,0.0435736917686295,0.0121987904631366,58081.3160299808
"602",-0.242214859043451,-0.158364435767194,-0.306859786055962,-0.140558711054771,-0.0182471378519045,0.0268591785188986,0.0187631987534404,0.0174512900771964,0.523074053757395,0.275101021054981,0.286759188801991,0.270194023315379,0.459741000417294,0.670140221345353,0.829371706533943,0.957973059491867,0.503344959155398,0.739246383188773,0.752953841619784,0.733898802427569,0.517043284574074,0.308065112186873,0.160572244436769,0.0389823224968666,-0.0294867781780869,-0.0525368545293791,-0.0639307854721173,-0.054379858989495,-0.0469853273784516,-0.0179095871367549,-0.0208037606792838,-0.00263239704123601,-0.0331887789778975,-0.0256884698585452,0.109336458286293,0.0896911448272214,0.0589323260878778,0.000478475563264302,-0.00260510444773807,-0.0123692540389389,0.217222300804571,0.186958208755771,0.159951959072359,0.129917843031406,0.108421442348832,0.0692717811498523,0.0438699331924903,0.0126343152010774,58082.3591336344
"603",-0.26742939178778,-0.146311901879713,-0.249375691807558,-0.127785411685809,-0.0149683659261501,0.0370374934017262,0.0143054555476365,0.0193686652378176,-1.04685572628392,0.226302667619745,0.340644181352426,0.288679527096244,0.481059741828732,0.668557913496228,0.823538608596781,0.957291288884337,2.0832500644324,0.785758537153448,0.685530896826804,0.712597939909161,0.499356881968258,0.310641979080605,0.165288263161038,0.0394642642381528,-0.0467672260756121,-0.0581060302483853,-0.0640015163486338,-0.0541326509704679,-0.0533262632705285,-0.0179445326600626,-0.0190516560866283,-0.00238123794280576,-0.0300153682704731,-0.0404790321268494,0.0657100275809694,0.074231954881061,0.0422965571451914,-0.0274876112600777,0.0163058099401901,-0.0149407868852937,0.218034642794676,0.182850300788561,0.159490592396972,0.131163893961378,0.109373017365468,0.0696050237317509,0.0440807353320792,0.0127778733285322,58080.3550538089
"604",-0.208013657983558,-0.137216282865465,-0.265166738176461,-0.15762260611396,-0.0103738853062859,0.0229849620899855,0.0161153787267416,0.0184050745209828,1.12864150558367,0.269599747210232,0.281274445114005,0.31254911924377,0.467841943383917,0.676952995651822,0.821318761429078,0.957911400093359,-0.1163652379504,0.73825977024339,0.749664303914985,0.691712271847002,0.509896392783265,0.304273522026334,0.167555137071615,0.0394333739190149,-0.0234051065585489,-0.0655776355775558,-0.0628952687811347,-0.0573767608787547,-0.0456305067987397,-0.017321020685626,-0.0192535008089311,-0.00320779483816076,-0.0140901402575917,-0.0334344048962684,0.0722366065097012,0.117057590499753,0.0357059389400363,-0.0119417788593022,0.0102440982441069,-0.0164278334463501,0.217438631651853,0.1846678585503,0.158264455161781,0.133156664131776,0.110701073416873,0.0702288916361079,0.0441328736457745,0.012382685459721,58074.6571505565
"605",-0.255644084829665,-0.175099752539774,-0.262180624540361,-0.123261353930739,-0.00140834512947338,0.0238818084617256,0.0174549795067571,0.0188469087469065,0.0814492865531804,0.32698184694867,0.325426055814859,0.283993070752256,0.481649184898611,0.672759215180794,0.829943356399983,0.957633835721889,0.950853278640352,0.690228638968807,0.711324301278104,0.716388450545592,0.496705773143471,0.311170370223351,0.159855571542159,0.0394284227864039,-0.0462680158478008,-0.0600086434447104,-0.074772866795021,-0.0556426570212608,-0.0511280220372985,-0.0199663425601016,-0.0187337230268136,-0.00240604128591786,-0.0214052420204514,-0.00259940478983808,0.045911731644457,0.068258128634463,0.0137898840448759,-0.0238815360432123,-0.00545222818033084,-0.0164745164256683,0.213418418151545,0.183985780477368,0.159498367420795,0.134716949370263,0.108267485199778,0.0688518905228068,0.0444179729464335,0.0125571786906188,58082.9505668711
"606",-0.221288030958875,-0.166202677708671,-0.29829727120192,-0.158462001951418,0.0163029267907933,0.029304464975537,0.0183697735056439,0.0154096312592524,-0.0247474036591623,0.333062578194285,0.335326613948347,0.352778330518324,0.460684995215291,0.663512521146465,0.829571649107467,0.958396227473394,1.0506960577989,0.678354741900076,0.704262785204522,0.655686826564693,0.508782858312163,0.316302020621904,0.159738551913683,0.0391815542606949,-0.0506833342817117,-0.0545340212237388,-0.0576897286189894,-0.0585406118821557,-0.0437475563538093,-0.0203017715007207,-0.01849587157577,-0.00271435754204325,-0.0689424431830108,-0.00645801387867895,0.074515613885041,0.0859789758663796,0.0245092623621778,-0.00618316202423723,-0.0041472864268359,-0.0115538565045948,0.216867102393685,0.184620128767623,0.163062394979562,0.130833049331564,0.108376283188737,0.069479389693083,0.0441417723899965,0.012593612124402,58080.730646268
"607",-0.288738662288868,-0.150322823508369,-0.263086090708387,-0.141763566701635,-0.00910458641274535,0.0245816072177724,0.0117859307866122,0.017813432010009,2.01301330408034,0.229121275491374,0.337876895361485,0.304386754114736,0.465528647839313,0.662833700471166,0.827400276616686,0.956770369159235,-0.974283043759675,0.780314169059978,0.69197682358699,0.701351370036142,0.507927202979828,0.317230617504188,0.163860330358941,0.0403553588388311,-0.0434117386821163,-0.0529453768470726,-0.0631050590730475,-0.0594236937105556,-0.0462406484511902,-0.0180707991621653,-0.0185027284267794,-0.0016189873749946,0.0146787267918222,-0.0181045014237373,0.0684011464356696,0.0787406678115877,0.0592354904677982,-0.000603849769049485,0.00429058141259772,-0.0147903527177381,0.214857879503233,0.186489792665354,0.159071406735134,0.13023652915575,0.105505200207232,0.0706065672303384,0.0434534158427984,0.0125281210018776,58084.9701253094
"608",-0.219087352288511,-0.145300819253665,-0.285302988686175,-0.149064722648837,-0.00974666243905577,0.0307605743157152,0.0205371049849679,0.0194701083031074,1.30138645168686,0.278256523845755,0.344201838482209,0.307676267187376,0.464244465585659,0.663903651675057,0.820620074840026,0.955842861835342,-0.279928490868177,0.738683264256645,0.692128695488222,0.697546736204241,0.514591009160523,0.315322894849669,0.167380725880422,0.0412131976402574,-0.0407994636385187,-0.0549147997641332,-0.0655284377154771,-0.0555191079086551,-0.0470379947100373,-0.0215842722872015,-0.0182407837366773,-0.00228127784481017,-0.0451817975462488,-0.0851366945838391,0.088288959362198,0.091711038811838,0.0288666308734258,-0.0087106757713064,0.00522408607403868,-0.0166392316783367,0.213576062080109,0.181533401567754,0.161320359866405,0.134584750113643,0.107759954267625,0.0695790105129712,0.0444152293000759,0.0124813382057277,58084.2872871466
"609",-0.243480361161585,-0.142981907664425,-0.301347556709892,-0.146882909345491,-0.0176998508703615,0.0350741617400222,0.0234724306545698,0.0163798928290009,0.76577055726839,0.285007274175996,0.324676017033686,0.296571708126634,0.501598705593593,0.660858896781418,0.827633502485185,0.958072185646219,0.255572085358404,0.723902463666269,0.716928809262824,0.709377493511517,0.476418038122549,0.31806093183769,0.161387869494277,0.0391118718256053,-0.0386239402510668,-0.050278218457206,-0.0681525199181053,-0.0590452645171955,-0.052328024173134,-0.0172753779753257,-0.0180896831074643,-0.00187391540386526,0.0137694790286304,-0.0455892768418571,0.0979521472546868,0.093259291361047,0.0491924533836698,-0.016696282795827,-0.010183729731117,-0.0122871188342724,0.219847624801914,0.185249846816989,0.158101200775812,0.133300803756482,0.108680860608996,0.0701627621360901,0.0427478806856757,0.0126485267818885,58084.8250788822
"610",-0.250944229265998,-0.148170040690343,-0.259767127631711,-0.155234407521524,-0.003337856039917,0.03190042624218,0.0228781988176796,0.0197376195135091,0.647911961550472,0.236569552431184,0.30429026991425,0.32131043548128,0.456619122522086,0.664255761290945,0.826873364732574,0.957558634801009,0.378991563765454,0.774586564282326,0.727153718365867,0.68460745444443,0.521524307434885,0.316162179369177,0.161694784264717,0.0391732759656003,-0.0298377413850818,-0.0490269479898826,-0.0618698423783717,-0.0590952191732231,-0.0535438594878582,-0.0221129334217723,-0.0171415650648661,-0.00228058237021512,-0.0294787252813869,-0.0375249833965902,0.0512618790699055,0.101850131873162,0.0313773281097702,-0.0145042388052299,-0.00648067187738289,-0.0158625297828362,0.221112441476297,0.184200540811455,0.159430157473818,0.13537972612304,0.108388444871884,0.0711385844657338,0.0440301165399382,0.0125519991482631,58084.9826773783
"611",-0.252230521556953,-0.194281998066883,-0.311560077221764,-0.140588164044196,-0.00777045988420032,0.0347960273567281,0.0143307622070535,0.0179902599381768,1.23460149132176,0.35319880604035,0.324939765905669,0.265493013348461,0.491092854025186,0.666296151817416,0.825523165468588,0.958108262272746,-0.207637097336118,0.666621918235895,0.716128828819262,0.736266454859798,0.486576936263719,0.314526044219269,0.164515303136107,0.0392492080382621,-0.0527351868302869,-0.055521629868957,-0.0679160562900546,-0.0571606034056097,-0.0435838716148408,-0.022700289306271,-0.0163855169704461,-0.00328474684289047,0.00504158824658143,0.00519470046485136,0.116594354311956,0.110006570930219,0.0312419043652426,-0.0270694537038623,-0.000254928940971247,-0.0150484137768748,0.217416192707372,0.187849523120922,0.157580155523541,0.133585085246183,0.108102870791009,0.069482786757925,0.0439755384814244,0.0125240343791752,58083.1356262579
"612",-0.251242062917483,-0.191309386692681,-0.256516362376799,-0.147599511767148,-0.0267753954012158,0.0210679117283453,0.020977573679298,0.0150596187745764,-0.699897008733537,0.306946818286313,0.335816886894858,0.288595321591959,0.477427940189942,0.673739906001026,0.827300967691497,0.959047019495884,1.73333364263601,0.707211481100209,0.691871795113295,0.715434437615107,0.504304116692213,0.30848185613912,0.162140988156813,0.0384181963909286,-0.0403755158494252,-0.0437001871415246,-0.0701621295897662,-0.0449389330746195,-0.050402781022474,-0.0235411570258637,-0.0181208771054376,-0.00246538262871168,-0.0485759051089342,0.0308686829390992,0.0767281686039104,0.0841532991853724,0.0478504126427613,-0.00158855528090032,-0.00946875263518715,-0.0108174117860723,0.217503081576841,0.185690810929127,0.162057112442311,0.132426129052203,0.106344283624621,0.0693372028500965,0.0446082125307886,0.0125241408101142,58080.4323458444
"613",-0.269938893348039,-0.158837626742143,-0.262811494528171,-0.153202378788292,0.00315745388163762,0.0121687907407254,0.0232454564839661,0.0182858504611927,0.0022359230692854,0.326739009787878,0.324192418604904,0.354520004936359,0.463796300442793,0.672323442210539,0.823955191706104,0.957623188433809,1.02834610134156,0.686441407024035,0.716839777728056,0.658217855081835,0.510081322867879,0.310536133085963,0.163414781398283,0.0393990652861001,-0.0394140010643839,-0.0568540131934908,-0.0763862276325386,-0.0606722824615724,-0.0458766253089861,-0.0227947844340257,-0.0158827407201005,-0.00298020988680117,0.00816312806549512,-0.019838034504323,0.0222312474462869,0.0658031345791028,0.03246009510383,0.0112869449710001,-0.00224721137925694,-0.0148295723616332,0.21300121063234,0.185874259102731,0.160529372492127,0.133657836918845,0.106856328359802,0.0703117141482714,0.0444098083228439,0.012844484016895,58076.2301201279
"614",-0.286945140905263,-0.173512878155315,-0.285969005957241,-0.13769056760101,-0.00786852340056397,0.0234150025936439,0.0143960074401439,0.01818743150334,1.36428768070913,0.326060461641724,0.289065358117857,0.281991245349648,0.478244109922274,0.679541181038069,0.83303799860632,0.956871881721253,-0.32364681671264,0.693778296932499,0.748246755187185,0.720552472946078,0.498856466327659,0.301981072361373,0.158448829779646,0.0402775637544341,-0.044561777694438,-0.0616621461015839,-0.0722207688882583,-0.0456874962202289,-0.0527844028210623,-0.0253424149397676,-0.0176583475340719,-0.00255994692100499,-0.00373745580821375,-0.0270412157442845,0.0885363563153282,0.0701450180240092,0.0459823704404233,-0.00520556156490052,-0.00661747126958424,-0.0145331559564896,0.218786118399469,0.182736474020766,0.160826364300651,0.13275764600621,0.107940427557332,0.0706816309722061,0.0429496888840485,0.0125238163107112,58085.5016721744
"615",-0.277570024882457,-0.172431716932823,-0.276298434059736,-0.144059994914766,-0.0100409210391113,0.0372192958099351,0.0196026603995774,0.0175248904741605,1.05641053677451,0.333787140801816,0.364992943093555,0.314354753875492,0.475919108731184,0.6619062099572,0.828454082049252,0.957525177064689,-0.0187284250717438,0.682281298659157,0.670570704828641,0.692488027348451,0.501723646617254,0.314814177747824,0.160584441996447,0.0397885448732595,-0.0444885700563443,-0.0561799773848314,-0.0709468553759433,-0.0595269920937528,-0.052665302792776,-0.0174278215006696,-0.0160594780615263,-0.00270435706310286,-0.0168119397769075,-0.00806937136501097,0.0866856496374351,0.0699334758060978,0.0452630736073015,-0.00704977456688097,-0.00657665556731783,-0.014246333394058,0.216199257055969,0.180896202933348,0.159248827938996,0.131069326834368,0.107835491114801,0.0695969296335477,0.0440347332416205,0.0125684031685091,58088.6010379303
"616",-0.250391313155701,-0.190615485300988,-0.264893257604191,-0.168666718605357,-0.000298027044504234,0.0210705006779229,0.0218761112497675,0.0173816568569386,1.49119213146346,0.387329496550459,0.309779886737431,0.366549430461928,0.472524087221189,0.672768721221956,0.822857463184803,0.957862179077676,-0.459368809646242,0.634581900687241,0.726737784344651,0.648804019649786,0.500938309030819,0.308473987908557,0.165703009824916,0.0394699948922863,-0.0440749409049885,-0.0489581996728862,-0.0679057051542733,-0.060738548830148,-0.0479484740886556,-0.0208520873474113,-0.0160169083126655,-0.00250557096929548,-0.0286178427562505,-0.0303870411554638,0.037259472778014,0.0730077571544685,0.0354643104424127,0.00165045072208085,-0.00655246687238989,-0.0141919533989514,0.221229358688099,0.184283460286516,0.163321786603052,0.132250395512155,0.105957929538347,0.0709227287996423,0.0430934631347352,0.0125829333328269,58080.3128477802
"617",-0.255134405673906,-0.154017303666982,-0.310352579130748,-0.154097859915296,-0.0111752354459545,0.0275976182511368,0.00580203358625987,0.0181926607761225,0.106524799827647,0.2872565492646,0.374019198061389,0.300104676679515,0.474424915942783,0.673532112192451,0.827476061831983,0.958271914366318,0.924206372844454,0.718537083455555,0.670421440575587,0.707385230078848,0.504157874605724,0.307669139831551,0.162212578780573,0.0381266223723149,-0.0486348999535468,-0.0492878397438359,-0.0624481093931221,-0.0621760359705613,-0.0379323843284054,-0.0245630033922359,-0.015900952736139,-0.00223832835929256,-0.00625003650519516,0.00415810369791829,0.0752351143401338,0.102624186033918,0.0199250155194085,-0.0140973537330901,0.0218165297947636,-0.0118460126798474,0.213587301766121,0.187960896018753,0.163048883912787,0.134399345356311,0.108895599332599,0.0696907724474698,0.0443188601686483,0.0124612502420804,58071.4861133062
"618",-0.30357569146658,-0.171968496458266,-0.275350221165931,-0.155677668844878,-0.00733470330621908,0.0248001838059672,0.0235918587072287,0.0165069563272971,-0.491945250507586,0.295818533189193,0.338846667076362,0.302921758169367,0.48061611010137,0.663975331671581,0.823007077341089,0.956743626535174,1.53345997251274,0.717503036768096,0.694846925263224,0.705774021443554,0.497053113427281,0.314191737467632,0.165202785907235,0.0406458087252322,-0.0377637234314198,-0.0491433261835784,-0.0652827366520557,-0.0673025191871593,-0.0488524726717536,-0.0211837218132938,-0.0162444103230605,-0.00223985170001744,0.02518303928424,0.00301974051688478,0.0790238333356404,0.108812241153315,0.0290158697573379,0.00874433913639506,-0.0104443519283263,-0.0121544448687671,0.22215606858907,0.185859172929035,0.162668434955649,0.131882320903579,0.106957217991779,0.0699000083222589,0.0439772909306547,0.0124546476234178,58081.8584036377
"619",-0.283726019408971,-0.191148715427816,-0.3173027170345,-0.148337007341533,-0.0127482152038032,0.0314923830169612,0.019352761024963,0.0193372387909225,-0.0352032768317861,0.239330444620681,0.303435368770438,0.34514054422658,0.47659682583365,0.67249757028276,0.824307926765842,0.956457138805092,1.07195088227641,0.783728894789249,0.737217423482004,0.661088128586051,0.500614222825744,0.308310737923768,0.164564785448078,0.0402984826518107,-0.0356796394647083,-0.0654261801031814,-0.0656277174949148,-0.0537493677372452,-0.0432450667612808,-0.0221718624717146,-0.0189773216799523,-0.00223286193857373,-0.0141221209366201,-0.0118584774322934,0.115475053854575,0.0815953633795006,0.0420593081416335,-0.0176436525698917,0.00201388217611336,-0.0151554509275658,0.222709796574034,0.179066827934776,0.165228213557677,0.13068818595369,0.110107381990975,0.0693045317606689,0.0440888061769594,0.0125976049088247,58072.5578215175
"620",-0.299011308644935,-0.15632745121545,-0.278555683626402,-0.162762690283385,-0.0085062296356994,0.0378557641623644,0.0256491811013389,0.0165087096588037,0.989749754640462,0.210947498613651,0.319683358303189,0.304637045052427,0.491041329028048,0.668812782468147,0.821562086161693,0.957923969740743,0.0490916517223469,0.801290907399285,0.716315673093659,0.704533083286042,0.485905086146019,0.309026649907926,0.166065732024679,0.039620339351452,-0.053578525457536,-0.0539069052436719,-0.0692372511964919,-0.0568499218989966,-0.0491279731067782,-0.0169780254939819,-0.0143788584304724,-0.00286630765530449,0.0424939153512228,-0.0193455928696837,0.081251811837658,0.107747596513468,0.035710430918139,-0.0208778728006841,-0.0118498119881331,-0.0135846589677827,0.218469529264474,0.181471928546437,0.156927315538701,0.135707044062688,0.107832297805105,0.0701274315565166,0.044118124917153,0.0124342539807154,58082.3737915454
"621",-0.290735868953414,-0.177703887210363,-0.248315669619935,-0.137419045939672,0.00247015552771961,0.0276314274086677,0.00936569445643584,0.01583939967725,1.37334937866733,0.303663777571507,0.329724135840457,0.295038248779972,0.477517913843481,0.67529646014349,0.831980915317386,0.958863595549355,-0.337176648501578,0.710699017855611,0.703159893838324,0.705790287298998,0.495947106361808,0.306421930552002,0.159036341153934,0.0388105309853046,-0.0374129512952745,-0.0525878645011256,-0.0658734469700592,-0.0453299323072562,-0.0419605551597166,-0.0241044112089822,-0.0181952109827866,-0.00292683730395184,0.0232139025538466,0.0140732941927232,0.0240647294108727,0.0822212528972638,0.0303800795352498,-0.0101260197257848,0.0050167111883263,-0.0130369912942642,0.213304825648217,0.186319581570773,0.161566340062637,0.132295448041878,0.108239599692804,0.069686400002785,0.0434814696923094,0.0125747070693978,58083.6899259493
"622",-0.252412141689335,-0.144309813290017,-0.301647781100237,-0.148248853074598,-0.0174089691048067,0.00725640997260283,0.0276071102178761,0.0203019881579284,-0.00582051267618729,0.346999467313237,0.263536128787805,0.303077387508025,0.510668476909062,0.66814567960165,0.819731711598359,0.958014261084336,1.03817570504818,0.660377510463706,0.774013653283578,0.705342558657035,0.468258487282079,0.316583263769681,0.166524175275299,0.0383585427193464,-0.0450780731050486,-0.0525422096754827,-0.0622101710032318,-0.0583359677695764,-0.0479048143970159,-0.023683069058854,-0.0159639146483762,-0.00288444182044146,-0.0280866970143903,-0.0161760557726189,0.102373675133672,0.0724298716267228,0.0418834513989671,0.0131855724351081,-0.00214559797665501,-0.0148926913009672,0.215742676509016,0.183606532138739,0.160839912578865,0.133015737499095,0.106794783648428,0.0704776345008323,0.0438258505249742,0.0125531904119361,58077.2247271288
"623",-0.256908197805969,-0.15201470451737,-0.233748847225749,-0.104146864674945,-0.0112502111976666,0.0157410442874287,0.01004853974758,0.0164344557152297,-0.00676166122367225,0.293267981180015,0.279693050415123,0.297229335072935,0.462158479187049,0.678021141544596,0.823369649865369,0.958356702121614,1.03800315456752,0.715993203213618,0.744489101174435,0.700941737042275,0.513109734668978,0.304109620039258,0.167718469543714,0.0390755904435636,-0.036044157829645,-0.0534350463683874,-0.0621079468959958,-0.0557035175046029,-0.0505170876131887,-0.020928743704522,-0.0146288599833346,-0.0026610430344036,-0.0357853822279221,-0.0233299407728683,0.039012334794126,0.0455408577301136,0.0727738858795988,0.00388145611211843,0.00677106332163047,-0.0124472941095935,0.218137288324453,0.181803839070168,0.155751524176181,0.133209391629103,0.109448047566082,0.0694836449433674,0.0439602656913427,0.0123287060697374,58072.4673705498
"624",-0.298405662969758,-0.167333725055438,-0.282240321746722,-0.120924628258937,-0.00697126332811841,0.0223660666924178,0.0144854146009101,0.0194184378781722,-0.34002564728827,0.192460234751991,0.303910143197728,0.282012607275352,0.467228071588383,0.666507272682532,0.827546205636723,0.956974181314854,1.37210862255582,0.823328173792619,0.735314837238932,0.717374204262741,0.510209568650187,0.314088088762142,0.163337016855278,0.0398257976808261,-0.0459943566041113,-0.0584216136131004,-0.066168676055149,-0.0557557278800374,-0.0433950343679334,-0.0203573327483908,-0.0174849748103741,-0.00215500750712985,0.0696055482149244,-0.00866522793827593,0.0588165785384845,0.0696155788726969,0.0321138741851755,0.000743280015768966,-0.00598540946149852,-0.0155732695766916,0.213938644876106,0.183806055332139,0.163447033527558,0.131515682134044,0.106818840993202,0.0697588092283318,0.0439127962234757,0.0124344240522255,58083.7644504176
"625",-0.235163612362985,-0.139969966711855,-0.272779352991635,-0.108321365944111,-0.0126619174158391,0.0394515403839928,0.0169544669336269,0.0183179063067959,1.13027693745725,0.27425244978618,0.357458664348951,0.247857338361255,0.461543846979813,0.652996405602111,0.820289225884483,0.957654650779777,-0.105977388142836,0.73689533298108,0.673489463733964,0.746837264061512,0.515336730623582,0.322883528908949,0.168075868405438,0.0392062746006284,-0.0356531387685987,-0.0618691111153351,-0.0623122306742625,-0.056038639731,-0.0503744141526309,-0.0180655092993886,-0.0184491379592893,-0.00266038897128652,-0.0245056404186273,-0.0524717335390724,0.0965709906836082,0.072599723123225,0.045868576827804,-0.00773657412531742,0.0105691784529273,-0.0130017680823246,0.216814038415201,0.18468289909811,0.158642829722069,0.133184676322553,0.105564668755867,0.0699763568373205,0.0438559226670106,0.0123882314971306,58076.1343992921
"626",-0.245028633758498,-0.152884326235655,-0.272759373511575,-0.130909972064691,-0.0120085866270669,0.0283130577399769,0.0149870017993333,0.017411264994752,0.855238884594201,0.313981677492716,0.328383416628969,0.300707936056062,0.474459551131243,0.664515639112222,0.829018012799259,0.957868145328401,0.174316045568532,0.697977960385821,0.706762302768672,0.701200793539968,0.503819294996361,0.313383258118124,0.161430146688018,0.0396423172461944,-0.0382972755799355,-0.049093132875738,-0.071547275473823,-0.0556980299591203,-0.045537259859074,-0.022889760524174,-0.0190692772070669,-0.00203948290657065,-0.026350914101776,-0.0356416704347591,0.0715351704979414,0.0730334991536938,0.0323029913366306,0.011474946948502,-0.000234797722253988,-0.0160166982990239,0.220567877463391,0.187030020398602,0.160585173963748,0.132811083828532,0.106568991368481,0.0700461991324062,0.0433620968063105,0.0126665116427834,58090.6415862557
"627",-0.257833922374869,-0.164502007503384,-0.295096529186015,-0.160878688368232,-0.0190595986977993,0.0251218333522603,0.0132198662974895,0.0191751506948481,0.16790464953278,0.293223915983905,0.304828695708615,0.281835690531171,0.496564929723036,0.672515055551379,0.828668812957184,0.95848967193771,0.859186122574845,0.724555861758818,0.732178853886007,0.727488981454817,0.481176456627192,0.310185047423649,0.162164856932126,0.0382828944294157,-0.0419261854735687,-0.0528104477160922,-0.0644777257636483,-0.0565510411760395,-0.0479235689518184,-0.0249164452665717,-0.0189634855631872,-0.00242046176404233,0.00145918384562183,-0.0563244244230976,0.0955158476126136,0.106151675348794,0.050148719120102,-0.0144615915330347,0.00121889987774526,-0.0165219581467612,0.218400212825901,0.182450075732131,0.158144753955783,0.130426344564489,0.108199279123865,0.0703714408969238,0.0435207971773987,0.0126869437672078,58087.4679125313
"628",-0.218603813666476,-0.174548867870509,-0.297945546126761,-0.154936611583425,-0.00498985702106586,0.0334308709450242,0.010071632070365,0.0182715389712442,-1.087877757835,0.27662814185004,0.298644030164231,0.294993908002891,0.476168164617352,0.660138870044762,0.827783738095092,0.956558385994232,2.1082634848224,0.739338547176899,0.743508405293899,0.715142195749607,0.498625188243532,0.318202333284112,0.164280212752996,0.0405305706784425,-0.0426889113671558,-0.0544822200912548,-0.0637844268808911,-0.0586464166405941,-0.0474546416349806,-0.0196571976061282,-0.0195494644659167,-0.00259377940878267,-0.0173453866197841,-0.00385660156850074,0.0672679168826025,0.0756806175176231,0.0418070691406034,-0.0112174474076254,0.00148193069673665,-0.0150190895522024,0.216223644162752,0.183284682251812,0.161641024706813,0.132188188084613,0.107173756812699,0.0708590832471533,0.0431474715100819,0.0127102616596956,58083.6614494725
"629",-0.230829573108837,-0.116903267549127,-0.272655122146562,-0.153373024856308,-0.00140163054260286,0.0347687128648291,0.0230003938587903,0.0162698095991667,1.30643012546673,0.284396187074995,0.333620438885034,0.281832349471289,0.463974839806764,0.665835585373129,0.824157539464355,0.958135776049057,-0.285274698997526,0.716203994892085,0.699825700272665,0.724333992131644,0.509927395479075,0.314615453885264,0.163696911613335,0.039237497815374,-0.0424999411949368,-0.0458700155672628,-0.069217674521761,-0.0596569541494152,-0.04844923926648,-0.021484359898197,-0.018772810148466,-0.00274736587626427,-0.0101860222562598,-0.0496174958176763,0.0833255766666838,0.101990144776051,0.0397636527831641,-0.0254342779079508,-0.00421391864899195,-0.0115217290769205,0.220210172371861,0.183144724130467,0.158791916356671,0.130042347906321,0.106936815734443,0.0702291943266201,0.0436789745338689,0.0126485320655233,58087.5854885338
"630",-0.30352209086668,-0.168354106425832,-0.256350867003433,-0.126767136947633,-0.0141085569885217,0.0154977428757855,0.0173140031545135,0.0179406282941319,0.781037660476672,0.360173848748416,0.332086133957489,0.295904692405515,0.480392565007417,0.668349725681737,0.820017277328857,0.958052813378828,0.261584917437434,0.655136944264836,0.699846163467058,0.707209308181991,0.498304792407247,0.314070468051144,0.167978900688615,0.0394842191927158,-0.045330389462799,-0.0591353476246824,-0.0706674230459934,-0.0585664426087027,-0.04810894651137,-0.0235231489095451,-0.0177375395255916,-0.00256915119337873,0.0156597362890732,-0.00185432979200127,0.0565306946047853,0.0585543169501278,0.0364369616147708,0.00718445626436105,0.0120299392544457,-0.0172435383035159,0.220892716508216,0.184165851327114,0.160195090892791,0.128606497766039,0.10956199071952,0.0705389739957853,0.0434579372523866,0.0124715619026865,58084.0295779226
"631",-0.305175148756469,-0.16633893575823,-0.268866238867522,-0.16609250682922,-0.0118194483972135,0.0164696663103242,0.0193197441427086,0.0158978258015801,-1.01829111389214,0.303862074596433,0.284761788809559,0.303312752778377,0.495194977795765,0.677876798148633,0.81889912266864,0.956673786030146,2.06491339296697,0.71047832978022,0.746453586317052,0.704552210921107,0.481789126030674,0.30457060618761,0.167715043008527,0.0403524424506952,-0.049129624016553,-0.0532856530095811,-0.0693670498816239,-0.0620520389095587,-0.053794653937246,-0.0207691707080355,-0.0178011025738843,-0.00264538310345704,0.00918346038485508,-0.0222689559661321,0.083896899010163,0.126087895277685,0.0462094065789855,0.00398539400731567,0.0168149270066686,-0.00869398513379255,0.216253107522707,0.181766541339619,0.16033916002581,0.133052382491964,0.108000413564007,0.069089651844468,0.0423177414509489,0.0127549337461249,58067.5800452365
"632",-0.249444037312889,-0.125079436901549,-0.289393317775937,-0.142854060010498,-0.00283024152271619,0.0362494685418651,0.0169688625794048,0.0184292885844428,0.0852715706083794,0.322726852987382,0.312861224851407,0.295643530997008,0.45152624591985,0.68030662944506,0.826652889846838,0.956577807414874,0.937643805851801,0.683001941786972,0.724712804934731,0.709038096222587,0.523616537541101,0.295891056183177,0.163697239249948,0.0406104215587113,-0.0351654950565025,-0.0517669964774564,-0.0735943263430125,-0.0608452616521678,-0.0449310243492076,-0.0198914834441057,-0.0178345277984067,-0.00276292521359308,-0.00565575083008932,-0.0428253742891422,0.0997431080494357,0.0966332719936049,0.0380394280482879,-0.00935099501920173,-0.00243970259981527,-0.0138990457608497,0.220750373099076,0.180045870130606,0.156756522722925,0.134246741865876,0.107866688492828,0.0705661509179347,0.0443090830008607,0.0123926783600422,58070.1389976903
"633",-0.253972777322845,-0.120133455577252,-0.241092977481509,-0.172099088097999,0.007360467839467,0.0274603125370357,0.018927543769442,0.0170861937904007,-0.0735423289398148,0.312725975541123,0.314985869052972,0.35204225583508,0.462373559240232,0.676296631410796,0.827004068124342,0.956946077350047,1.10131860476571,0.694567989218845,0.712582205942716,0.662432965051136,0.506601251200399,0.305574232593428,0.161381771761054,0.0402885605057149,-0.0480050758024154,-0.054120090133518,-0.0766274590390919,-0.0630776833184752,-0.0408503938211457,-0.0243186296394139,-0.0168671661868257,-0.0029062161792803,-0.00614665879034914,-0.0726902831437465,0.045701155543305,0.0967769066757624,0.0430649893009927,-0.0154235581655718,0.00264601897405909,-0.0127186923678338,0.219856542518343,0.182594664462467,0.161012355347697,0.134556727468698,0.107371653417406,0.0703788341144343,0.0438203223891974,0.0129429454881205,58073.6841228969
"634",-0.263492531451293,-0.174843323788983,-0.257344538699537,-0.145552643047936,-0.00394974817051244,0.0257946476208213,0.0156741463003244,0.018874732963863,1.542079634694,0.363488693959279,0.331780411263323,0.281324675823695,0.468892805208014,0.671670509608079,0.827251342586096,0.957182231128291,-0.507817367862901,0.647174606971729,0.696919862112287,0.725677939461747,0.50655574444553,0.311529846274752,0.162036956366774,0.0395856021096229,-0.0380085490107362,-0.0429927743175728,-0.0674853240352972,-0.0623764618437909,-0.047260589569844,-0.0274191677598359,-0.0170364685451576,-0.00235931533639857,-0.0172408240617103,0.0219162179302258,0.0708334338381783,0.0846948437986929,0.0385068724396744,-0.0131341146762121,0.00139383974699683,-0.0148853221164209,0.214341071594138,0.182228654237751,0.16006897345796,0.132004812990286,0.107136666037357,0.0700637106907333,0.044069717128088,0.0125532476860654,58086.6342142948
"635",-0.235841716771497,-0.150874302752988,-0.284616249689559,-0.145068426388377,0.000465010370162079,0.0184329326291122,0.00628920272073261,0.0172278588321267,1.8085411206374,0.264194045479678,0.286848849735599,0.336909705517438,0.471300751196461,0.682673790302566,0.829180115380415,0.957182688628814,-0.788298490032835,0.744182844932017,0.749809643006265,0.665696074682091,0.50121042612337,0.299767761064578,0.161766872664527,0.0398716408859901,-0.0400158785660477,-0.0513134344453022,-0.0696989003089212,-0.0490529254502472,-0.04380559818706,-0.0196216948980973,-0.01608700796393,-0.00245026121983757,-0.011213576391744,-0.012916102602504,0.100452622185994,0.0869011327292044,0.0389942651175647,-0.00526851325813548,0.0100114080542939,-0.0126897524986215,0.216296464328332,0.184453572082237,0.160102433142915,0.133051142818873,0.106388982253171,0.0713579997299628,0.043392496105227,0.0126982069839466,58077.292226716
"636",-0.248072317408169,-0.186460763227747,-0.292060897979918,-0.135877722867445,-0.010026876387817,0.0202896578479727,0.0258753480316541,0.0182160715017825,-0.335291044999097,0.334107490584889,0.324011508231394,0.350996886756511,0.492602465502351,0.675679320411258,0.819953684444514,0.955762385400877,1.36682528184067,0.685738340065193,0.710756727197351,0.653465310227737,0.484143989346786,0.30698244304629,0.167693289539636,0.0414899203140874,-0.0463006202105354,-0.0527438414978483,-0.0583897668146367,-0.0543522793099072,-0.0467896697564102,-0.0252108373256045,-0.0167188279034553,-0.00244074175403371,-0.0410115405068507,-0.0142466246346962,0.106467773517077,0.0557971831959675,0.0365749844202378,-0.000157137526167759,-0.00996527461817326,-0.0155296895373243,0.220240027647618,0.189868279674099,0.160815787537269,0.130875793326271,0.109217768605699,0.0701568108303678,0.0435698136948419,0.0125509871349967,58080.1924582821
"637",-0.234855263781137,-0.173889816315597,-0.284252565406278,-0.12314918782143,-0.00412356760802039,0.0345956271575962,0.023284929356193,0.0170024525142104,1.17574080537137,0.284708967690569,0.310878915736603,0.309462896519429,0.475732537145738,0.671303503862249,0.82426220740414,0.957820222428632,-0.143506416980543,0.733023606918826,0.729379114589866,0.687807641592703,0.498313794276048,0.309475853696214,0.163278870250897,0.0397525483574893,-0.039003384532939,-0.0526572052059869,-0.068940263325978,-0.0528151434129467,-0.0470020370432467,-0.0236434684848898,-0.0168213920016062,-0.00273016428543996,-0.0789591361244567,-0.0398739216115309,0.0606044046723964,0.0854961388163773,0.0429877399261787,-0.0265288115274362,-0.00257946201964733,-0.0146140349231702,0.220585959740806,0.183697408125662,0.159813555292609,0.130572721196545,0.107078779284123,0.070353923249579,0.043271449782702,0.0124070350920453,58085.0972609787
"638",-0.247859586691547,-0.121013469045136,-0.283403204312151,-0.142794649939363,-0.00338305560387184,0.034018581718851,0.0227826374280572,0.0194727586886241,-0.0240382579244168,0.328271439452528,0.302817787109727,0.270210498426736,0.471748357933361,0.675208022414535,0.826581242076552,0.956900077321539,1.05556452546233,0.680367597156201,0.735117766141637,0.735359982312099,0.506733772132155,0.303800853597262,0.160186057791861,0.0398712584517449,-0.0470948446663659,-0.0475244338365684,-0.0640474452702903,-0.0650826632073116,-0.0435521532733957,-0.0201047213289929,-0.0168818656105578,-0.00120959767972595,-0.0273632893204745,-0.0793676339417037,0.0722814141298607,0.0906254043728418,0.016958750944908,-0.0159231231251298,0.00413014095040223,-0.0162272854336133,0.216994111201354,0.184543243658531,0.159795492406612,0.134912159628888,0.107965548243839,0.0691414365801348,0.043052475262132,0.0124878322165876,58074.242124244
"639",-0.245830561567557,-0.152527547057326,-0.282804616363855,-0.16006539290867,-0.0186956039686789,0.036351296249842,0.0245408624264679,0.0179890824291421,-0.661013954927894,0.207767136273184,0.331952991789499,0.318069164848191,0.471710210240476,0.661128803464047,0.824316394455935,0.956674358719644,1.69055910549438,0.799376927222636,0.705846114893562,0.691746294196456,0.506444024510192,0.317210397465345,0.163690839893095,0.0404443438529784,-0.0415280766898725,-0.0389849915357865,-0.0656676736441903,-0.0647023540374042,-0.0421200498413508,-0.0221867061553115,-0.0151739162679536,-0.00245291551374597,-0.0376424409937964,-0.0155648551793142,0.0729556558713343,0.0983589085557246,0.0498288085042329,-0.0121266138105155,-0.0139386726473787,-0.0139040955113786,0.214884031905748,0.185548181413328,0.161077493808318,0.131128190155032,0.10819137799386,0.0700139215316646,0.0439384661222854,0.0126457647037742,58085.7914533492
"640",-0.2609185131681,-0.171518667479804,-0.284270563150544,-0.131814479274346,-0.0216779441939724,0.0367391780331392,0.0226875383805958,0.0175371195332304,-0.436464315291947,0.322337663834444,0.322522550074692,0.307772207316905,0.472152061724295,0.670530124417343,0.821899071130455,0.958079079245929,1.46921005450606,0.695296146927476,0.711403794238289,0.694923760989761,0.507743090683337,0.309978310332639,0.166234092124559,0.0395629381968916,-0.0549528284252954,-0.058771506536962,-0.0619720547174264,-0.0556914629656645,-0.0522553126865836,-0.025842607634682,-0.0178242345567486,-0.00303771868822538,-0.00824036824177223,-0.0155231804408535,0.0962733225454167,0.0763261732032893,0.0512677337000527,-0.0233460172960375,-0.00173454567852255,-0.0160396140991907,0.220066051305269,0.187375014033351,0.161214404647273,0.130523261754405,0.109468915666125,0.0709868661456142,0.043606621579396,0.0126322573516942,58086.3723761536
"641",-0.222269793484094,-0.113637446130022,-0.278993052129074,-0.148916616809171,-0.0247779021711942,0.0192794131212578,0.0155202606530773,0.0155786358334587,1.22409357791084,0.283515061429267,0.297354073436177,0.295471278963565,0.470307816337878,0.678874116176836,0.826424767466013,0.959539585810128,-0.199736379811978,0.721174989240615,0.734386858561131,0.711600933593315,0.511137059376675,0.30673223610537,0.163424099400072,0.0380915535208255,-0.0526714027979939,-0.0486820628276096,-0.0636082591916463,-0.0610834871490481,-0.049876677887393,-0.0276365824217663,-0.0185894966315567,-0.00274956051167856,-0.0378260738668521,-0.0782876498900812,0.0908368971021604,0.0918365322807759,0.0515018946050721,-0.0166188881144036,0.00317604256573042,-0.0117146182561148,0.215670430315977,0.18428341031887,0.161573532095532,0.132545561882748,0.109808597560391,0.0709606728764165,0.0434863448051598,0.0125671120499385,58082.3967006194
"642",-0.220830441700176,-0.164733862144078,-0.242082840375193,-0.140394469152597,0.00335143025150227,0.0255522214312765,0.0118924621036927,0.0181720412563981,-0.123500452299968,0.309240009429847,0.322690543406763,0.320662562621759,0.477841434484563,0.667979517923623,0.825813662022908,0.957862119336399,1.14432528206218,0.702886553335668,0.697814526750627,0.684656947492003,0.493272541450302,0.312581822356369,0.164235443594155,0.0393465690685238,-0.041496990995874,-0.0570410653015887,-0.0687392934663479,-0.0599611969786016,-0.0424698570836818,-0.0246323639597378,-0.0172745494722092,-0.00267494101724888,-0.0219275820094376,0.00330553187590005,0.0985320164267009,0.0763608844762213,0.0384209903082575,0.00300302902598383,0.00696219299521719,-0.0155643562530127,0.224506622225337,0.186504396898665,0.162686739957643,0.134020722546874,0.111209834718184,0.0698736153260303,0.0434300184058402,0.0124019780471455,58078.54942441
"643",-0.290814915617402,-0.134585682465942,-0.252305665402608,-0.137977307505649,-0.0102875748362798,0.0357096471350172,0.0109272152508369,0.0171418430664056,1.24980949355463,0.305144840637095,0.302468473384644,0.334811044403839,0.477032838986729,0.668935898310101,0.829546779684823,0.957898496858565,-0.205201489267086,0.701475001474391,0.724437680479793,0.668629209790836,0.498602191107296,0.310053327003559,0.161834231416314,0.0394770366872333,-0.0490259702255896,-0.0528760570626397,-0.0700168396894879,-0.0597999218261225,-0.0466673439235455,-0.0203202592686939,-0.0179911034380873,-0.00276396939013556,-0.0216381987741716,-0.0435077938299664,0.0877484050594024,0.084690201185038,0.0457540244865603,-0.0178414104072777,0.00069418282826789,-0.0141773367442566,0.215688587352686,0.184156802149767,0.160781138656215,0.131397267019552,0.10669518783946,0.0702192934821984,0.0432372507256726,0.012299697229655,58086.5730528818
"644",-0.280952941112684,-0.0999228777833259,-0.304435756138166,-0.130272829672083,-0.0114685724944046,0.0157233435259209,0.0160870668771366,0.0143536950099681,0.671910007317607,0.230593696242362,0.365608991110446,0.304004702006865,0.471613146778213,0.66684040147885,0.831400525298242,0.960725532096808,0.366468909097608,0.774304023983258,0.67805047740453,0.69952928608093,0.505460742441353,0.314469451127779,0.158586602251084,0.0373023727089215,-0.0457724692681834,-0.0554135883864271,-0.0724551793099961,-0.0592678189089911,-0.045804162782948,-0.022837798860349,-0.0194336638790801,-0.00255021955303067,0.00308762942650711,-0.104451619112613,0.0881961761314306,0.0669235369938378,0.0449399081036876,0.0157789134224683,-0.002325266836839,-0.0131649126939535,0.216732426855763,0.183541682669967,0.159016352702682,0.135018915352994,0.106680380013072,0.0703668122202088,0.0433406290122006,0.0126222891199729,58077.6320997074
"645",-0.287086786657959,-0.150959995481341,-0.231988052637266,-0.161722258305873,0.0012911975697975,0.0303731337451022,0.0158452209585942,0.0179450320881421,0.332773082730027,0.312021648949455,0.28160639723424,0.301015271199984,0.450141019825254,0.667088450905301,0.826754570212291,0.957399836144812,0.697837171260173,0.701997963831669,0.737255860589711,0.707970796963534,0.525334593248395,0.31374869610348,0.16263620723579,0.0392892740817609,-0.0392376404853415,-0.0569761502200874,-0.0637579627392602,-0.0523222866193411,-0.0456095678980921,-0.0225132349826432,-0.016936419603025,-0.00216576052978227,0.049085591181207,-0.051208164305116,0.0812060875343586,0.0924387007090964,0.0213529243731237,-0.0129586003940441,0.000847983697652781,-0.012419508858637,0.223841351036823,0.183855324395312,0.158675725573357,0.12995910756128,0.108376817939866,0.0699560766353902,0.0430248576812191,0.0126868992479094,58082.5464930557
"646",-0.26089164438215,-0.131608881544202,-0.272226030655249,-0.155762324240098,-0.0177905151236816,0.0264235431184251,0.0137639693562802,0.0170650840027933,1.12473869626639,0.281246719150809,0.246131788067869,0.281777987963605,0.487724701548618,0.66436195582575,0.82211213674582,0.95777975977013,-0.0908792873397378,0.724938154763021,0.787312028877454,0.72415877278706,0.490289221139221,0.316550254200736,0.167840498366736,0.0395148013057197,-0.053683642322462,-0.061060022410697,-0.0684312994142668,-0.0575016229364546,-0.0457173993004496,-0.0237270708801201,-0.0167895959410828,-0.00274859670635266,-0.0279603911518394,-0.0305029005059859,0.0741883884458589,0.103852734762311,0.0453957666974768,-0.00363697241798089,0.00421773450313099,-0.013010404958274,0.216942279881797,0.184919081340505,0.159332864510983,0.13184724714482,0.108873609463521,0.0708428012512617,0.0425398556113374,0.0127250299134632,58086.8598454974
"647",-0.240737331567206,-0.179615298532062,-0.266174286549991,-0.153208167103975,-0.020608863799693,0.0181466163057999,0.0315346539627643,0.0160933971425863,0.109308846848978,0.269041228228359,0.298285602714189,0.302067206022554,0.484431293509909,0.676558847047481,0.822598415267569,0.959708822467099,0.924526126186657,0.745642341892908,0.737081911947171,0.706192656594454,0.493231602036752,0.306527223535438,0.165440198874018,0.0378937701325397,-0.0463228436583901,-0.0585861565604067,-0.0682681284394976,-0.0590097385004958,-0.0500851342555044,-0.0241326543962512,-0.0173279880544208,-0.00260319821089081,-0.0597372439054723,0.022731164977673,0.054122208041811,0.0918190029170005,0.0631423767732158,-0.00693218895856212,-0.0230691880676849,-0.0143499321835294,0.21811043163649,0.182662882221778,0.158408298198836,0.134154194162728,0.107421265604593,0.070778071363164,0.0430837684242282,0.0124426646201047,58080.4044221391
"648",-0.313202651677871,-0.154429915935983,-0.272260572534343,-0.143966784401362,-0.0126291031812802,0.0320563617455996,0.0171912334420267,0.0178666690628108,1.43997353498868,0.280787989198333,0.321611486767837,0.273226704544779,0.493950918022711,0.66893795667592,0.823427832095573,0.958083086008092,-0.405212482485094,0.725740479636031,0.713421492133248,0.733506840146832,0.485198660503822,0.31099271814584,0.166003640710143,0.039087294791589,-0.0338940798140375,-0.0583368183239666,-0.0664125140849537,-0.0623375569637748,-0.0483939895721444,-0.0180278547553965,-0.0187064889509388,-0.00195601159581033,0.0809468514636092,0.0133291101905613,0.0597332576222221,0.0885073381891033,0.0265797452589311,-0.017877332271055,0.00156492246170673,-0.0155878841409373,0.223967730239506,0.185487196930373,0.157499366621294,0.131842221405363,0.106353343546304,0.0707305719558925,0.0429060080735485,0.0125393728607996,58081.1472439678
"649",-0.259294268056178,-0.184926206158749,-0.274398048690364,-0.152958974237681,-0.0136035248420155,0.0154950146417417,0.0176605645713235,0.016550427420607,-0.4156600011772,0.41747768095859,0.316950518647347,0.291243174571508,0.488070540692106,0.677884516577867,0.826779229083451,0.956526465546043,1.44709134141433,0.598530966130763,0.715057392976756,0.717294915222949,0.489678409923852,0.30522691590485,0.161009216027576,0.040847678482485,-0.033110383450967,-0.0531346944977566,-0.0684547410269451,-0.057360402144397,-0.0520521192703602,-0.028958041398235,-0.0155607955107496,-0.00168914714993798,-0.0216627572871441,0.010941264313823,0.0915335982103407,0.0824992095731991,0.0535272587276969,0.00656371453140548,0.00217462746881091,-0.0130903180110714,0.220801427900176,0.182355282282944,0.16071301216317,0.130228695087676,0.111493752474023,0.0687556875767613,0.0439105485051334,0.0125170376743048,58075.9075323945
"650",-0.261572096345776,-0.172073811910315,-0.239326032417411,-0.125484312232202,-0.0114828541349719,0.0368001031204327,0.0102355901121457,0.0170742472657616,0.429147591800608,0.264606613676909,0.311946390873275,0.283176507802876,0.499908054222059,0.660698266693782,0.82816953768571,0.956301787842126,0.597295810445046,0.749626476516201,0.717070563031293,0.720667960101137,0.479669326550328,0.319093352736584,0.16277137875042,0.0410369177897953,-0.0375618289583999,-0.0553958191008697,-0.0672225608693829,-0.061216141151119,-0.0509559888358726,-0.0233047997090059,-0.0179051828762051,-0.00196797535485578,0.0154384768999018,-0.000589809266154829,0.0276507294962003,0.0656292074326258,0.0306474809256847,-0.0200065096405275,0.00528731465304956,-0.0132632391340491,0.224209296493231,0.183142756422845,0.156960136600203,0.131690330562578,0.108167994435594,0.0699281228173649,0.0433973428708499,0.0125043888436988,58086.7966054478
"651",-0.267018206820391,-0.144966819531882,-0.258036271714346,-0.114781952326378,-0.0342880944260782,0.0155856562677313,0.0140962866971092,0.0177015825745491,1.01099358521843,0.264293641681093,0.313171427721778,0.259192395537992,0.500416924572363,0.653973939951109,0.827063408062098,0.956894061756251,0.0238344039925425,0.744610258008669,0.717602297162336,0.741848606082942,0.481253049848291,0.328786729626699,0.162912940173505,0.0400090349220368,-0.0528236564042748,-0.0580772738899103,-0.070066995142319,-0.0559873171733787,-0.0430006854844814,-0.025430762258993,-0.0169613139302262,-0.00258789935031662,-0.000784731365651458,-0.0264142800964113,0.0734906646366927,0.0564694109027678,0.0582862773552967,0.0136873289150463,0.00100640227689412,-0.0121055034160221,0.213941093282018,0.187131911065724,0.159232961223547,0.133724303977088,0.108749066755077,0.0705819813960907,0.0444515366079979,0.012481362434527,58080.2449212387
"652",-0.224730933356092,-0.139299942803248,-0.258878520883765,-0.138359934629289,-0.0051779601967252,0.0333987203690856,0.0146154464630167,0.0165635673399848,0.338818163543074,0.270215651906763,0.292270151631223,0.306752463570658,0.472629692544439,0.665899287825763,0.827285177590535,0.957823750153342,0.682623961932853,0.737770186156732,0.739841879705404,0.699385746869766,0.500512450387581,0.313975879858396,0.161903344574209,0.0397335977867766,-0.0425090936604643,-0.0430419500609847,-0.0754688166595628,-0.0586496877608123,-0.0422655583209185,-0.0227823823524729,-0.0152412987371331,-0.00260319952590819,-0.0279621938798936,-0.0464841606191332,0.0635715997906408,0.0657966809972243,0.0491615316909312,-0.0136641310481775,0.00669681939362918,-0.0147174685628796,0.217274664601299,0.186213679355079,0.156276964380242,0.132041033306477,0.108198620998585,0.0697988283398876,0.0426262311898634,0.012389149513895,58084.998498378
"653",-0.260150185406955,-0.104663693943579,-0.312563253388112,-0.148169704453838,0.0158135929605856,0.0363828122499621,0.0162771340051629,0.0178796823005032,-0.027728569164319,0.19311022212139,0.340557529122364,0.288058257739943,0.463702362847853,0.671238443780621,0.824514660794957,0.957426706494042,1.05406275675899,0.807131303516488,0.700399202320172,0.716035171825398,0.505461445107771,0.307114529860507,0.166203244734168,0.0394448002705144,-0.0362324038293704,-0.0623049256211974,-0.065132851651119,-0.0587685211461844,-0.0465732213983901,-0.0223544686735206,-0.0156871405240616,-0.00296723330119743,0.0270933964796391,-0.0471333984680469,0.119740119687254,0.100826052980399,0.0349761855994753,-0.0161611482442644,-0.00711706248690405,-0.0121024088237086,0.218190730763653,0.182195864251949,0.15960131637117,0.131249012828393,0.113239078553133,0.070783145815323,0.0440803385940326,0.0124621349629174,58070.9311789169
"654",-0.266815604900959,-0.176820891924614,-0.280658296371798,-0.136457202814811,-0.0203243501135202,0.0263987362925369,0.00769695662384865,0.0179286477441505,0.418083834709438,0.301765634322497,0.375147259124846,0.276324087935235,0.497658408032466,0.671104851879362,0.824823491849459,0.956995303912389,0.616630443787673,0.712000342330481,0.662648675159279,0.731077724329329,0.486026017865604,0.31070872930808,0.167271603604007,0.0401347679480028,-0.0527215830883852,-0.0503270479155526,-0.0722857589155182,-0.0598403581403224,-0.0462096400227337,-0.020715965632095,-0.016826827301531,-0.0021951676633847,-0.00593726953125166,0.000533551919004391,0.073814206202478,0.049768832106474,0.0184718433669262,-0.0152125367314699,0.00487778881386462,-0.0147833431984856,0.218144033289453,0.184049990748676,0.162783100481685,0.130854182498085,0.107435591178349,0.0706242378821236,0.0445569869635233,0.0124745132483876,58083.0734754176
"655",-0.23792563367742,-0.151558225994597,-0.257857363142454,-0.141479462370372,-0.00513201203943038,0.0297737339603773,0.0148910567786071,0.0193212273252487,1.14327850258849,0.244974056466932,0.300201093015742,0.335365482673153,0.474545632467576,0.669464115719178,0.829657242116996,0.955912869971723,-0.115303955634592,0.763107549769863,0.724344244946484,0.666186343127763,0.498271279501627,0.310677536878862,0.161783835729274,0.0411208820753216,-0.0498641311564946,-0.054703566797298,-0.0656557189907444,-0.0549653920501051,-0.051418665235577,-0.0240327798918482,-0.0189311189891652,-0.00242698972106035,-0.0463229789761571,-0.00340771831978884,0.100624300589589,0.0938900141786546,0.0582977530730017,-0.0108689473117301,-0.0043053103501341,-0.0153380645379946,0.220489918986561,0.184573660677538,0.160861515073,0.134098217125601,0.107936380442609,0.0696304987524407,0.043353370250092,0.0125496912708848,58080.217203156
"656",-0.246781131486463,-0.177676585371974,-0.280801158513992,-0.142319962931824,-0.00474778529874091,0.0247883638723221,0.0135465559283243,0.0183468378209139,0.782613640786105,0.242360384876101,0.341973643287721,0.310570053866217,0.474675511241717,0.665068121410087,0.823292486061883,0.955901580327834,0.238503902324104,0.769943460848337,0.693845767223231,0.694081520554955,0.501222195109766,0.317301772397967,0.16591874617048,0.0414038304798154,-0.0432117115154773,-0.0518086293436449,-0.0590605675829258,-0.0557926062519501,-0.0509041762377746,-0.0242709926898285,-0.014711050992653,-0.0031555297282754,0.042990159801413,0.022245291474951,0.0763608282675865,0.0840812535121966,0.0360682048137904,-0.0122875301766003,0.00771670294195298,-0.0149305189201743,0.213949766970726,0.182333389213779,0.161307030865769,0.127077880033679,0.107835668178089,0.0702882114924824,0.0430897924364206,0.0124956637172637,58078.1720123793
"657",-0.264584787220739,-0.128604049338986,-0.279679749805864,-0.129068323313162,0.00355517619703269,0.035160040524608,0.0212021122183369,0.0184853762743232,0.503541435800685,0.32033637515943,0.334005329016083,0.261750680127273,0.466764568205588,0.662659452456198,0.825638536809061,0.956911911320446,0.525515129837507,0.685219236822934,0.700651643862309,0.740940236226738,0.509226982291321,0.316052564868699,0.162582853374102,0.0397698604249506,-0.0477106737857142,-0.0558208398569314,-0.0601112855073627,-0.0633997235903619,-0.045880342007468,-0.0251728730468318,-0.0178961033000746,-0.00266487418084814,0.0185824781667376,-0.0527189838563945,0.0754596620958963,0.0817411026393456,0.0139723060585836,-0.00996030596833389,-0.000454559636993893,-0.013246165252247,0.214875157758288,0.18229265017058,0.157640550531206,0.132242085739992,0.107607935960998,0.0698153971540632,0.0443804059272951,0.0124267170387518,58086.8795998565
"658",-0.252596255319191,-0.163445550630801,-0.297282596140775,-0.167371761367305,-0.0140622424433291,0.0382207786221833,0.0153842763086577,0.0177092903919255,-0.118116014344209,0.180231628317335,0.346281355399943,0.309227657660918,0.474627947308724,0.665070612432002,0.825443874421328,0.95829006817347,1.14448618505347,0.829994085029704,0.692215220231055,0.701941696565281,0.503501488018315,0.313314147084302,0.163655329418777,0.0385062203720238,-0.048351503990269,-0.0532757374457707,-0.0705479717691124,-0.0598389356131177,-0.0471140033365825,-0.0254365318665007,-0.020045788762828,-0.00178675921064785,0.00460882888176225,-0.00461958916298914,0.110742450625727,0.100187339363861,0.0415135798706754,-0.01213226150612,0.0105548590887583,-0.013032060971636,0.219193227386837,0.184937553147325,0.160138007586722,0.128621606219336,0.10766978656528,0.0698869570882991,0.0442163919189894,0.0125459780541779,58082.1368034212
"659",-0.304142409470437,-0.13006534329858,-0.293842136186813,-0.153386454526167,-0.0262326882496759,0.0232229658108849,0.0213316382610794,0.0196839651378716,0.0778375696497527,0.243719973639938,0.30848489075757,0.30032999740165,0.491385309814523,0.668632634272983,0.825107230721744,0.957268846674629,0.964564377855479,0.758077769225564,0.727506796649084,0.707515824317376,0.490959433512955,0.313199365546392,0.162730604973789,0.0392431503355508,-0.0434873543731446,-0.0544496035963651,-0.0690552357636524,-0.0659352942464928,-0.0563678320336864,-0.0232857978650095,-0.0144726274173705,-0.00255702814928205,0.0237737105234881,-0.0114663935143599,0.114866249340872,0.108426800992756,0.049273419835542,-0.00522222259093764,-0.00419318245587763,-0.0149083412295937,0.212939404501334,0.18665548647244,0.159491651133135,0.131963444330538,0.107814543263507,0.0701069897041153,0.0437133549082401,0.0125134272566709,58083.2989223772
"660",-0.221264009756494,-0.14408605261816,-0.289244568041913,-0.131021287757844,-0.00870060308973779,0.0240265244019715,0.0182210962525082,0.0183761839826284,1.39091474974261,0.348867534064222,0.308903469159802,0.2849549674725,0.485955529266933,0.671955239248789,0.82429384084213,0.957759779520206,-0.366540810279026,0.663410042560987,0.726328511835226,0.717498444099452,0.490577435421505,0.308975503855892,0.165259998506143,0.0391853629036185,-0.0293079381005447,-0.0559137090908469,-0.0603764825159072,-0.0498404982789156,-0.0463616677604551,-0.0239718721656496,-0.0171117210096945,-0.00253773979762491,-0.0664193984811687,-0.063504062540919,0.0854785282180778,0.0637277810695305,0.039121469659188,-0.00352834643613639,-0.0033937736319592,-0.014362853506203,0.2221779268728,0.182634040883264,0.162014392594383,0.133596331338763,0.108753662073641,0.0705247757597448,0.043849383253535,0.0125598800214131,58089.451758299
"661",-0.287272639974754,-0.168894928388845,-0.277850656594344,-0.125421340618486,-0.0237152820086993,0.021676376725447,0.0212196158139696,0.0177344814106928,-0.409805261067197,0.276799891714603,0.317754310407844,0.268449780757074,0.477727978861136,0.675293954355486,0.82283705930273,0.957035384589279,1.44774240971964,0.739863574621653,0.723151576798741,0.735361239021786,0.500608075802929,0.306123681788331,0.166186234428167,0.0401832470310831,-0.0503937604657468,-0.0535789374122283,-0.0678888516632137,-0.0580899289156607,-0.0509118655147556,-0.0243041645479415,-0.0163258365497479,-0.00375439129456211,0.00337438054826972,-0.0389516651494485,0.040503940402078,0.0481600774941936,0.0628885732826784,0.000110765823741603,-0.00661749209820154,-0.012814691493785,0.214313207914784,0.18223123989759,0.160183863895077,0.131835086603951,0.108087053755657,0.0700087496086861,0.0432910666989503,0.0124614319761756,58081.84699267
"662",-0.210124358796058,-0.161857755708723,-0.268973266129614,-0.143484795646803,-0.0123087627880674,0.0152270082046989,0.011101390198767,0.0162026488971986,-0.421797457752379,0.300667070603863,0.345049639387129,0.305869910703552,0.477205606944935,0.679770717255766,0.830818193839817,0.957738051407753,1.43927642623028,0.71337961121607,0.686266779094453,0.697537158822074,0.499667800003773,0.304740268542024,0.159601421819628,0.0401394362913234,-0.0391503502415763,-0.0568110766429966,-0.066143967067144,-0.0552326341641617,-0.0414109575658131,-0.024131186421836,-0.0164656256270447,-0.00270665308838407,-0.0399843118350019,-0.017528987434498,0.0846743863278272,0.0948581502534373,0.0425177674419522,-0.00268171274426099,0.00060657592855635,-0.0144735816895273,0.216861129087991,0.184077473000008,0.158359881040808,0.129946891716533,0.108304231587213,0.0698050982968198,0.0438516683823622,0.0124428666795701,58086.5903274755
"663",-0.256240201473512,-0.148544198939623,-0.309277549178565,-0.149596920688657,0.000988663857421523,0.0272495539304495,0.0129334706761661,0.0187996245712583,-0.276388186434796,0.292406122079409,0.323393714594248,0.284610088087491,0.45955585142044,0.662150408278969,0.826264965178392,0.957020701859953,1.30371362803551,0.721947050692444,0.717452432794831,0.723997946645314,0.512270085155167,0.318765643159383,0.163883198003578,0.0399263035338767,-0.0370762011906124,-0.0552976300512879,-0.0705349276767934,-0.0570123486384925,-0.0527545631123714,-0.0206103822071138,-0.0185830037057767,-0.00251149992503577,0.00283100699725276,-0.0537916682476722,0.121858405672867,0.0801026446597239,0.0631051040753815,-0.0130547791641797,0.00414997834164379,-0.0146304380098654,0.221344277425991,0.183070790691025,0.161691016277153,0.133985267317261,0.108867084740735,0.0708141630370097,0.0432013012381395,0.0125228388067603,58085.9904077525
"664",-0.282548257676013,-0.120660059765135,-0.271976055853278,-0.15746855752773,-0.00156282073694174,0.0213140005464619,0.0169356572203328,0.0171659529960306,-0.365724587063564,0.265654012087578,0.289330816788623,0.312959524047992,0.46467992515984,0.668997114185766,0.825246779091457,0.957158707104082,1.40168389796106,0.739195539006699,0.744905216474691,0.695013902898341,0.510390124239023,0.31196117002685,0.163951090949185,0.0401046800988344,-0.0489229887061289,-0.0624455268622099,-0.0632596074389985,-0.061346625796444,-0.0483625015076439,-0.0233748904598537,-0.0161534847333572,-0.00303701249789924,0.010585319620472,-0.0608450363031073,0.0666440316838357,0.0911484711137072,0.0395947638422557,0.00239229350185722,0.00223112622156583,-0.0129281361311219,0.215445660052699,0.18709775592306,0.156724924628941,0.132206917783465,0.107343874726437,0.0698146634722978,0.0436625683576002,0.012713204049583,58085.8359152191
"665",-0.221051617397021,-0.148357230200093,-0.260111975482023,-0.151682188771003,-0.00479706634020416,0.0269774103778523,0.0168474424856121,0.0180440500017567,-0.646833211008097,0.28876781564951,0.314978454297638,0.307561115550386,0.46522001348558,0.660570751484891,0.82393099461669,0.956810836255963,1.6716194793644,0.72035475860343,0.715219983679655,0.70038204322601,0.508403041241483,0.319996052372165,0.165504818542607,0.0404335110246942,-0.0463812242371465,-0.0557338569799739,-0.0651838363439823,-0.0557507452993393,-0.0405577968140973,-0.0226137179567265,-0.0172380629932095,-0.00260235102279999,-0.0547180400741979,-0.028018228540067,0.0621970186476118,0.0746122885949938,0.0380854906044299,0.000335433780690172,0.0049962276544332,-0.0148381846627463,0.219103472645561,0.181983584445897,0.160171794422607,0.13442824709215,0.109886372570936,0.0704980141911708,0.0439583906097129,0.0124881826660502,58086.1209978002
"666",-0.269722237416753,-0.141244887859274,-0.296151050125633,-0.150623116681867,-0.0196663588095052,0.0356412283773775,0.0195626224527381,0.0177112220512734,0.404686252939782,0.28210452507966,0.368514967888112,0.278719459678778,0.492211267258997,0.660676284703382,0.820781771223393,0.958457133972924,0.630432707299801,0.732269241054411,0.673253686259818,0.728604156608743,0.488690784268952,0.317660721711909,0.168891071156228,0.0388837346716204,-0.0563186545935924,-0.0551395896145084,-0.0723551075227414,-0.0613691422837017,-0.0484481678371335,-0.018754972689468,-0.0170859214596654,-0.00255069148293434,0.0127766269341039,-0.0632885179555902,0.0775858036062441,0.0912891507706154,0.0326332450857692,-0.0166758446783743,-0.00750647110160753,-0.0155401120439069,0.220985694888381,0.182966046266375,0.158582855416484,0.132236269738733,0.107434177058456,0.0690986337644837,0.0426857545734622,0.0128112027145462,58082.2716640261
"667",-0.270703093628751,-0.186898858571624,-0.268792070653939,-0.186214573713931,-0.018227461502278,0.0155114798742148,0.012433203962206,0.0177685128870864,0.460816279966008,0.20435747998119,0.313352528595999,0.331240864739325,0.461897857351136,0.68356405324121,0.827587715163509,0.957768607251213,0.570500647222252,0.810039479763664,0.722319313796456,0.684380519625759,0.516594085654141,0.299604505776202,0.162371191466484,0.0395897650332105,-0.0552854646027128,-0.0460543070947142,-0.0602091890785568,-0.0635932086494378,-0.0441556982111202,-0.0240572997768767,-0.0179941113323161,-0.00226344155334027,0.0221225732190902,0.0118895853713638,0.0484939863154052,0.119791833585235,0.0500717718591633,-0.00605962232432201,0.00708293698762235,-0.0148730074011931,0.220489415391642,0.180523586713354,0.158507116257304,0.1325388791299,0.110806016808272,0.0702026872859862,0.043186566469058,0.0123000820814209,58073.8350412241
"668",-0.310445629002307,-0.164980229501699,-0.26221273663463,-0.130810507844696,-0.0283452106751407,0.0301118811813414,0.0191536441741723,0.0192816167194852,0.874316795004746,0.276037317077828,0.325909195117116,0.287997521576882,0.448406878570337,0.675994729923388,0.822369726434118,0.95501130823781,0.165171755188001,0.739451355861041,0.70684530245203,0.717330455207491,0.52999379237567,0.305846035738258,0.166397522061056,0.0420621601611079,-0.0393927952276368,-0.0537063040021567,-0.0672785820995503,-0.0564810275928339,-0.0476656192290648,-0.0259473064070094,-0.0166641190741844,-0.00173461194885085,0.0323450678328175,-0.029123679949986,0.0468290795865503,0.0624346265725145,0.0832300815963545,-0.0216451365336529,-0.000358186169521606,-0.0168339283777076,0.215151609464386,0.184964941524249,0.160885874246465,0.132528853423098,0.109883465831767,0.0713899850972687,0.0438252425499285,0.0126144739541968,58077.4840523825
"669",-0.268655000389754,-0.17469831926421,-0.303734621093804,-0.136460793077116,-0.00708725533013653,0.0159760481638629,0.0191092664312742,0.0187144372368108,0.577983038051557,0.202435533241881,0.284114317169624,0.320850801617617,0.462922976211531,0.672144654346913,0.824410599454951,0.955769952842838,0.450550787495837,0.809833183809444,0.757710293528316,0.68093347390429,0.509144433995245,0.310297531003782,0.164395822480591,0.0409687536124362,-0.0406774892258093,-0.0490031293619398,-0.0718455399197441,-0.0583190048990401,-0.0419047930929609,-0.0229907408047023,-0.0143761049929714,-0.00204375087304855,0.0159037799628342,0.0162656272467388,0.10636128288585,0.0885395728883768,0.0600706408019965,0.00273942184333305,-0.00260049984508727,-0.0134907498378152,0.214380027137603,0.183382055376895,0.16140463673374,0.132038654709621,0.108496601853354,0.0707253158693595,0.0448458732320895,0.0125858867659402,58080.2422047316
"670",-0.250929038945715,-0.143876058049747,-0.258440098993671,-0.125928770531134,-0.0145678550246172,0.0218005514177502,0.0218709562298231,0.0169336790528696,-0.0861829206500444,0.232786375919456,0.328916065245479,0.305166064837644,0.482441754238421,0.656002930681822,0.825530481571514,0.957395763577916,1.11331591760309,0.78112417955083,0.698754109267393,0.692891727795613,0.493662592399378,0.324203460392673,0.161447699409912,0.0395137867814976,-0.0483083415824172,-0.0581656724262942,-0.0600109119027495,-0.0489307348057011,-0.0520718428059038,-0.020362268802667,-0.0181928176754359,-0.00140080669941397,-0.00873622331288947,-0.0517815377090992,0.0738944422867491,0.0811066551245976,0.0557370588127725,0.00605159798714799,0.00646506834992701,-0.0130574633617369,0.216447305190982,0.178715110962689,0.163551946482086,0.129764327420267,0.107475153613895,0.0700762382151159,0.044102532718526,0.0126409764375797,58071.5975278187
"671",-0.269885537013625,-0.170158149024749,-0.246360695114722,-0.146725623583632,-0.0225882290011398,0.0271588575988246,0.0187343774676319,0.015513793021577,-0.834405461051486,0.406960756230879,0.311094066766439,0.338757315135705,0.493171910106317,0.671982256310243,0.823633774035677,0.957994957585014,1.8620963102147,0.608706131286058,0.71867193342294,0.667962538705968,0.488076518467003,0.309121518077211,0.1645668925273,0.0394325318543458,-0.0327340592310559,-0.0526527989228002,-0.0659409310084884,-0.0627870069974093,-0.0512999843042569,-0.0202024789211086,-0.0146188113858146,-0.00240968868408544,0.0165679276719699,-0.0176889073869531,0.0483873210315393,0.0893699793138998,0.0441794900112713,-0.0156629420627485,0.00296821330086472,-0.0105094143585296,0.219827140307565,0.182808938595723,0.162044998009497,0.131704337136317,0.107640171060826,0.0701463262630972,0.0434429056725403,0.0122674033031251,58082.2133015878
"672",-0.287847385865031,-0.160128764327255,-0.283005546603839,-0.131406227551317,-0.00214551295187055,0.0334710761855289,0.0095905434083714,0.0182800360536579,0.389746171025165,0.262820343291982,0.312594829864897,0.324393148881847,0.475083569513598,0.672402559800917,0.829349889505096,0.958635262581872,0.641866911638415,0.745334826763965,0.722080432810912,0.679977463915274,0.50194218875351,0.307774044744779,0.162524236730699,0.0384188458397636,-0.0268706824453444,-0.0589952170425662,-0.0682006568302047,-0.0559548407746378,-0.0460822400426711,-0.025592245686655,-0.0169770330181029,-0.00286955242086352,0.0243884509728848,0.0245655021783425,0.0848899464266819,0.0527555328159206,0.0240925796455247,-0.0173888627031307,0.000276663611826197,-0.0149203021410019,0.218859933858084,0.184810771576209,0.160247538271203,0.13078984509588,0.108411338824625,0.0689707366431269,0.0425852642016181,0.0127023933301635,58083.2174477328
"673",-0.295874410651052,-0.164464011580332,-0.297845395054284,-0.150695148508424,-0.0276796709095583,0.0170638797023851,0.0154282384859572,0.017296453595139,0.0856748296919065,0.231369001391402,0.33277108133829,0.289987368946823,0.47635416671056,0.660833908769121,0.823669556536393,0.957719607952009,0.952339296114436,0.78036203516998,0.708044112872087,0.717172184912923,0.503829789086032,0.32104285355248,0.16535225741497,0.0395060844565117,-0.0490469070703059,-0.0515214800125126,-0.0675079104671061,-0.0528644523110818,-0.046795928364952,-0.0260587998226019,-0.0169733655365402,-0.00253385892781141,0.0391708594618265,-0.00868739018112735,0.0781870522172472,0.0763846580351592,0.0611646824166234,0.0124712788763615,0.00478572786229749,-0.0135349586327092,0.223811837874091,0.184997921569236,0.161541737997383,0.134887759554456,0.108432846839153,0.0708548687037969,0.0433294156644903,0.0126182595145293,58086.2454084498
"674",-0.272904247861805,-0.150746817680261,-0.260188401684012,-0.130626491537532,-0.00574851484950471,0.0339985394383667,0.0174381498789408,0.0168359658882492,1.20283337371704,0.389915953048644,0.315697583584589,0.2723912051344,0.481931020753962,0.666667210659805,0.819628669030197,0.957747796534363,-0.168546907555912,0.618239760191119,0.718504591172046,0.733482751233131,0.496609276073624,0.314735941939068,0.168598936863998,0.0395457054103347,-0.0414840488140065,-0.041163255190688,-0.0733841877409687,-0.0628132872711973,-0.0541296250533128,-0.0218624602469832,-0.0133619668102454,-0.00278280280985104,0.00518696928782743,-0.0392754650694608,0.0559136665763215,0.065079871413085,0.0263476608708903,-0.0289941996064798,0.00363784945693746,-0.0126312474472283,0.219404225158331,0.183950026891267,0.158092918669042,0.132047246689043,0.108001061080989,0.0697987730428999,0.0440968015909518,0.0125101139695821,58082.5671425755
"675",-0.218832453310908,-0.174319589426403,-0.262528820218774,-0.150228011492561,-0.0177995908599205,0.0170940635501881,0.0162750524116121,0.0196170305956185,1.02734167679396,0.414046231298936,0.306312871769817,0.30645561523765,0.485169551723529,0.660765531588127,0.8241190122612,0.956600959667562,-0.00786113505078614,0.60340824587204,0.726611506659325,0.700512560985664,0.496155001383649,0.320895785026708,0.164934604443462,0.0405375756469375,-0.0429558084616339,-0.0579220435884792,-0.0637461031285936,-0.0566257842804306,-0.0512011186509441,-0.0188622449679898,-0.0150773225093757,-0.00289005317281068,-0.0353263146073047,-0.0280070187313362,0.0581488188163098,0.0868115515625987,0.0388706058781013,0.00762013065432542,0.00062921351403213,-0.01732777741925,0.218372759707955,0.183072388767316,0.158981345413304,0.137158341572899,0.110082633443923,0.0701072955925516,0.0440470659808428,0.0125435403454489,58079.1016356256
"676",-0.311533542962088,-0.179407227156301,-0.274402638568659,-0.134774236985649,-0.0128991932982838,0.0228182657199012,0.0235041476288322,0.0169745755088701,2.32083011138344,0.24279803044159,0.348631850676101,0.266964931213949,0.499093534937834,0.670581670748153,0.82059620838148,0.955960302082827,-1.27718140723033,0.7734112109903,0.68528784936307,0.740577940633051,0.475874722869101,0.312919868962473,0.166801733589991,0.0407091549827024,-0.0547484494465783,-0.0579087998148495,-0.0731791171818954,-0.0598185391176249,-0.042329909128356,-0.0279679678008112,-0.0169518382270019,-0.00213369694533451,0.0519486393433248,0.00828410210713707,0.0942679617227307,0.0655306857229391,0.0506133480335963,-0.0138241526664348,0.00161158490961517,-0.00858579593166315,0.21746680250453,0.188794833045396,0.163133164088329,0.133859282121763,0.108746417643627,0.0692409597025773,0.0437524835898669,0.0125987772196605,58064.2373587347
"677",-0.219103444355948,-0.149520839974102,-0.245321121342641,-0.140821681892435,-0.00701571655825301,0.0193964698672552,0.0119701341252458,0.0165977231795938,0.609925836681966,0.211856709023397,0.344808527198979,0.298591870645439,0.484725558245164,0.678183671090674,0.825731089814991,0.958178221243205,0.405709085536562,0.792723352865316,0.682685897433428,0.708734382933693,0.492733254849683,0.306269446342044,0.162534918709956,0.0390932535247554,-0.0389066328080218,-0.0475095989859642,-0.0631716034066882,-0.0645961624381169,-0.0527255852778256,-0.0263389287094332,-0.018759329912584,-0.00276122180145019,-0.017803492741358,0.0127384208342956,0.043040768702569,0.0709792228343215,0.0366272830387174,-0.0117272127584892,0.018409109087438,-0.0119662682748004,0.22215614647835,0.18542258392337,0.163624865964979,0.129518718490079,0.109762312403503,0.0706238106059497,0.04396759749073,0.0124303118153162,58075.4017771101
"678",-0.228942944552545,-0.134602467916993,-0.267487978849088,-0.115955475332516,-0.00402188947216411,0.0290952292539205,0.0245541464149948,0.0168008367625617,1.2439648986182,0.232204679785892,0.308921440434261,0.250102695084762,0.460250996371842,0.662993620583211,0.824692779213052,0.958698404579192,-0.215083642386235,0.773273026693888,0.722948569563912,0.750669194743381,0.519571409519752,0.319030260719929,0.162741087392109,0.0389029439805708,-0.0526298204552472,-0.058020694752103,-0.0561276989068717,-0.0590938356872691,-0.0486135595027519,-0.0247576583780465,-0.0173314454395679,-0.00309504649816603,-0.060245636345588,-0.0226513208043967,0.0663663118326138,0.0617000989735632,0.0172250931623682,-0.0116390410377557,-0.00253571506943796,-0.0146762004091622,0.217125308896044,0.186730470682455,0.159624264995649,0.131565048258332,0.108405956292287,0.0710506585767238,0.04505535467329,0.0123930942853755,58076.2058533554
"679",-0.258283430193981,-0.183445313069004,-0.267933003457281,-0.149600592277253,-0.0137930749858227,0.0348106937905441,0.00697722907759565,0.0171464677388722,-0.678086402829481,0.246183585750504,0.357691404099325,0.32569418853457,0.469189175107647,0.663462827595501,0.8300206727752,0.958344146430489,1.70704167991819,0.770926667289246,0.670337888011626,0.684955799505436,0.506244955273328,0.316195205678228,0.159773836342611,0.0389490067116572,-0.0386953631511354,-0.0560550628753699,-0.0673800206193693,-0.0583126750760139,-0.0461953289821362,-0.0186895742417923,-0.0199034714007547,-0.00269125040600782,-0.0157624126014974,0.0144374403448504,0.103428933931376,0.0626802532337577,0.053384026339619,-0.0212312152634359,0.0212832214036239,-0.013985164583614,0.212783508799971,0.182347208829103,0.161673198538544,0.130841066613257,0.109045279493015,0.0707911733200363,0.0436785412971447,0.0124914371430745,58079.618061891
"680",-0.209310218054706,-0.144711684675284,-0.270023335642256,-0.136886286965324,-0.0116454702921045,0.0277327056668376,0.0223112577800038,0.0192433170620403,1.19158136688172,0.359461702167014,0.28288570888419,0.275289935238328,0.495541700558646,0.65398234530082,0.822034901300886,0.957027164608695,-0.175586687518268,0.644060348237948,0.750684030443695,0.72828454000085,0.48228192057516,0.326727142773714,0.165967329587,0.0395481013673901,-0.0320225923406447,-0.0466441532659856,-0.0636034342768644,-0.0562331512205983,-0.0488674967219954,-0.0200480601003442,-0.0157308467926559,-0.00265168654008766,-0.0210979750991931,-0.00511214003032243,0.067987322359982,0.0819025900248427,0.0407640608693718,-0.0084147363700248,-0.00698947940601426,-0.0136486457136674,0.216972807911713,0.182743216076923,0.162532566669717,0.133143483505709,0.109447400350932,0.0702468307195339,0.0445969451521889,0.0125749770431741,58079.8516059558
"681",-0.227895585698953,-0.109714270627656,-0.270686859392534,-0.152254970364262,0.00208472821283763,0.0219707837546714,0.00997701707644194,0.0160696948253098,1.41860039739166,0.293238355757226,0.341978733332585,0.263926064076953,0.466652376163623,0.66318574486487,0.828494831004903,0.95789637748503,-0.392586776961864,0.712312014811515,0.692356420772059,0.738070483569478,0.51103903762332,0.316003769926536,0.162028398854312,0.0396650876130526,-0.0370586787774732,-0.04767413017921,-0.0670513779691085,-0.0586138137236001,-0.0493828072435379,-0.0247098130075676,-0.0184021539335313,-0.00275034467511495,-0.0652453073128215,-0.0809485229030817,0.0647185951466081,0.132600428566476,0.00658445891695356,0.0162509487307078,0.00503387915731607,-0.0129692835587313,0.213029667116744,0.189463178967865,0.15717722096149,0.130094915968978,0.108046166497868,0.0712589283036946,0.0431423342826981,0.012456809026992,58067.9004498633
"682",-0.267703643908458,-0.173520490761958,-0.306840869793147,-0.143074693126194,-0.0200734849990798,0.0323766649269242,0.00857344692319757,0.0167042328947267,1.36721074212307,0.241851035569552,0.311940024058078,0.339889416825866,0.47661067596729,0.663808794472837,0.82559766046224,0.95728364348939,-0.335022682553107,0.778141514776123,0.726279961371371,0.663639002564842,0.503586222074164,0.315426575326376,0.165114593143223,0.0400311341862707,-0.037857134483758,-0.0496555550835784,-0.0644601181198946,-0.059684830426743,-0.0455248305201039,-0.0201631126557253,-0.0156583442590436,-0.00251239212930906,-0.00286452245790397,-0.0453772634176779,0.115344240788451,0.0965344627046504,0.0439201885266168,-0.0141326511388724,0.0108667197574218,-0.012400436228384,0.221833000456411,0.184177153449454,0.163097545980325,0.131276710410578,0.109606931301577,0.070155452579662,0.0435405018994363,0.0123756110093018,58084.4380411363
"683",-0.29637397215006,-0.176460563456094,-0.240148393053102,-0.109382684872122,0.00364037793515924,0.0256425558758957,0.0194437593570001,0.0174422056749612,1.40404112610446,0.272813660050184,0.313569547996032,0.292362752951544,0.479386206226277,0.671463274011809,0.823188072125075,0.958167443568645,-0.374787562590822,0.74878135688704,0.715062045179777,0.705177636963067,0.494630067633946,0.30990965241771,0.165390415325944,0.039551432040066,-0.0496108675018709,-0.0485207276264343,-0.0685059891364529,-0.0546154143420357,-0.0469073076859398,-0.023844448272367,-0.0159414234225052,-0.00282975828364972,0.0948154042313004,-0.0382853263014698,0.0358494572489522,0.0536924613927664,0.0245703968912086,-0.00715930823339736,-0.00362563945437374,-0.0161009864396427,0.213640353191222,0.182023529508678,0.164472466280052,0.133105823631626,0.108295346425235,0.0698129717385728,0.0430176667344679,0.0126001417938604,58076.5639274858
"684",-0.212166936001399,-0.144848302098594,-0.261635114583648,-0.146369752525333,0.0129757751543698,0.028917765426645,0.00859240568430248,0.0154991213546795,0.223061408906008,0.28615573377816,0.308204461848283,0.260759796015291,0.470647683617978,0.661782132067823,0.829886880586966,0.959212438138275,0.799310588176606,0.723282156138986,0.722749528700137,0.748906674430872,0.501020265028655,0.317204492113747,0.1617874588515,0.0385997830115731,-0.0494841158384351,-0.0513293011649296,-0.0664568745482765,-0.0615914917110181,-0.0413228060442152,-0.0208289420165509,-0.0158099818671966,-0.00305383920221636,-0.0534149869637745,-0.0441857106035227,0.0559172199320213,0.0657564813539627,0.0112287316332784,-0.000243902475560025,0.0022053644893828,-0.0133642719382248,0.21976670992019,0.18648385995681,0.164956088969377,0.130374477672876,0.108886546622179,0.0704497109692177,0.0436575389442137,0.0125804063935353,58078.6469755131
"685",-0.259767262120143,-0.180189764864046,-0.269954742232244,-0.166199493106361,0.00379244988346095,0.0343752352058321,0.0109864135748676,0.0162228765937725,1.11440717790844,0.22563761520984,0.311524506052248,0.28404529614367,0.466766622811832,0.661644677014645,0.83024582542667,0.957509415006687,-0.0895163066751116,0.791779811328801,0.722747572180347,0.725090218372688,0.507094080443997,0.317080000057188,0.160545328089404,0.0397918870436086,-0.0320973664024382,-0.0502162498009835,-0.0583646237039019,-0.0519814208753582,-0.0552871882618544,-0.0250042863296637,-0.0193893012328604,-0.00178018051716484,0.0314143259093705,-0.0177333558626243,0.0556204576796373,0.101764035464681,0.0404843161116897,-0.00438322167444808,0.00744816957726888,-0.0130017357687457,0.218230616874841,0.18386840446726,0.161431914779983,0.131602411798362,0.109925109780244,0.0696569317337895,0.0446156793270752,0.0125597876085117,58079.3458086576
"686",-0.229240681478817,-0.142374001578524,-0.276072601860631,-0.157946052800971,-0.00974149291002693,0.000548062534679594,0.0178117020670785,0.0163516798552308,-0.00988739397319016,0.265476500009955,0.343421918813049,0.305478385020875,0.485348305778624,0.670569826082533,0.825964974169934,0.958606547984938,1.03809264035954,0.741376661800527,0.692651101154605,0.703899383293776,0.491832867828142,0.317115300673455,0.161865965492828,0.0385073439674493,-0.0488521274226923,-0.057792775541218,-0.0703402349947112,-0.0593919401562294,-0.0440691650694522,-0.0223590771276927,-0.0164747185416251,-0.00221537402156453,-0.0568324174920119,-0.0173055197714343,0.0721330813640951,0.0842179363090058,0.0310703747658889,0.00414638235059415,0.00896080088956885,-0.0123190272163746,0.22064590347398,0.182083633643616,0.161853676933123,0.135399884296669,0.107474494190172,0.0697933118304664,0.0441350296489376,0.0123076022159765,58075.8455359809
"687",-0.252738995261191,-0.151912114716463,-0.292349784626657,-0.123294957318994,0.00308491780089891,0.0189439376940932,0.0107960463071098,0.0186868402900005,0.645984526434127,0.190306231271169,0.315703596547766,0.327143079256009,0.465981826629873,0.663490239011278,0.830963781141457,0.957173687292111,0.384515859753106,0.81940677256781,0.725978137360796,0.677787984975969,0.512189891972188,0.318791021023955,0.160103258083111,0.0397424357955349,-0.0509368449910851,-0.0622138706646958,-0.0743588216427448,-0.0595837005887895,-0.0510446015209917,-0.0273618567228518,-0.019578830916537,-0.00239529736874036,-0.0155323045739881,-0.0181189443772476,0.0789576019601384,0.0512829261478109,0.0092837348427427,0.00964592915215966,0.00528693233060848,-0.0145373170309673,0.220847300408658,0.184269966203644,0.16042198184743,0.131573619883603,0.108473318130165,0.0695103900922471,0.0447634888382018,0.012327459397661,58078.3730971838
"688",-0.273089621341443,-0.13745166356427,-0.284883972886879,-0.136227319279194,-0.0233704102978199,0.0265298500412072,0.0157795807104864,0.0162248497900348,-0.489041497764656,0.24339653825536,0.351624513628963,0.264475508026374,0.466658556502493,0.658333476630493,0.833260899159949,0.957672926866876,1.52113525568831,0.766195086672414,0.680261129456228,0.735840900980767,0.515384189941062,0.322695092429508,0.157608483023548,0.0397379960405748,-0.0374651669713174,-0.0602356409462574,-0.0610744782050913,-0.0594362017438975,-0.0475131472785324,-0.0209510900237481,-0.0196066075883529,-0.00226491606999852,0.0098565119506021,-0.0420733531812884,0.108962061238376,0.105786062703197,0.0425332215347962,-0.0105241456838722,-0.00607369511356996,-0.0124203297835694,0.216003688758597,0.184140758727138,0.15886616788749,0.130653583868437,0.105908826134078,0.0696473724499758,0.0435587083653153,0.0123118756557398,58082.5105137139
"689",-0.232214542313683,-0.20646923473787,-0.253447685791632,-0.126869385714614,-0.0159752272912806,0.023113667633831,0.0156352771582419,0.0176974422995717,1.5293365962569,0.308292296321742,0.264508431030048,0.33421680785796,0.484987906360983,0.671963108035526,0.825064776668755,0.957326878900359,-0.5004380945206,0.717027021623075,0.763504262147452,0.667101297340981,0.493337596583029,0.310066058886582,0.164095142307509,0.0397998159856834,-0.0414062703050182,-0.0612090092747979,-0.0582399119539867,-0.0549461185112569,-0.0460818150337424,-0.0228773917212643,-0.0174959858776986,-0.00216120907060418,-0.0568223721422664,0.0152245662450162,0.0611691657871811,0.067889132628375,0.0483042517856418,-0.00769415099258596,0.00921918259313114,-0.0140145823996582,0.22044980220782,0.185316647147281,0.159328128923213,0.133565417334771,0.109428932137851,0.0696712127966923,0.0436669098327074,0.0126377059585932,58085.9595744108
"690",-0.223638914363268,-0.127186141472534,-0.263115372768796,-0.136841241259526,-0.0119430905132731,0.024660391520227,0.0174557313952966,0.0201016535101113,1.16027595923786,0.243091372545876,0.355372846859861,0.310349446612503,0.468784607125609,0.667761242870603,0.82249437703617,0.956842614810743,-0.142229386907909,0.763643549130288,0.67569527395805,0.69296444400375,0.508895063920283,0.312790198657178,0.166653646723559,0.0393630817914959,-0.0456956094287912,-0.0530516255152194,-0.0637185502575661,-0.0545534079511477,-0.050222940842421,-0.0198017200635465,-0.0155097305189317,-0.00115680529863918,0.0102727570941334,-0.0704297361301081,0.0644802747545363,0.0785345794428538,0.0417110721893267,-0.00721743371527311,-0.00107000662131204,-0.0152917280313521,0.218589538938769,0.185038263743178,0.160696431628449,0.130661935686318,0.107064832184797,0.0704126805003485,0.0438558357334278,0.0124225410458516,58083.6016891952
"691",-0.283750475814642,-0.129482857822167,-0.257564485545056,-0.140598277893574,-0.00500182960120527,0.0295291724749154,0.0177833290618452,0.0164755676015561,1.07016203680661,0.333749935500658,0.317528174143754,0.30745586809219,0.50201198939385,0.674640589789448,0.826670852049244,0.958667512888057,-0.0306589341014927,0.668356334755033,0.712923679126045,0.696877574199656,0.475621767620494,0.306978579168806,0.163264845047039,0.0389383094510586,-0.0525390361159256,-0.0493275636715889,-0.0641162722968033,-0.0576107729057548,-0.0494426183193417,-0.0201334980118288,-0.0172454193310979,-0.00277495778231548,-0.000499765169301019,-0.0293474608138484,0.0664230470017968,0.084844656000123,0.0186686265444017,-0.0245513451928191,-0.00593205709288847,-0.0144121106867928,0.222983268072466,0.183602025552644,0.158476710697083,0.137479609039756,0.110862784707837,0.0697719752438804,0.0439668778307587,0.0125462550330085,58079.0418653169
"692",-0.236640904982112,-0.152309135788397,-0.304341088356999,-0.148925690803996,-0.00177511005424183,0.0197829429889319,0.010121111818691,0.017588565630257,-0.485431692741927,0.387176372371953,0.333881329943447,0.29489892106383,0.459962291055681,0.670525024445003,0.824223319083764,0.956811918266613,1.50960519480062,0.624196600012848,0.706682509243809,0.712240982891767,0.51190688694511,0.309778395402538,0.167566860582493,0.0399468037162377,-0.0383961403357514,-0.0564270752611166,-0.0716082089612742,-0.0594766616186743,-0.0416848254349635,-0.0186601903318435,-0.0176000400170676,-0.00215620945713804,-0.0120258997236616,-0.0305381673775573,0.105529911468977,0.0901162574921996,0.0510503844231343,0.00622975657850418,-0.00155969994656061,-0.0111142681025536,0.215052129716229,0.185362653170178,0.159298922701983,0.130645748515302,0.109710465551883,0.0705043481262411,0.0442101880709395,0.0125515655298127,58079.9282062151
"693",-0.302214401324948,-0.173830771020114,-0.292157454034003,-0.140361303887515,-0.00758212933501823,0.0376070495458512,0.0135271171790865,0.0157526761066783,2.03275604841281,0.234276021505185,0.318292658074122,0.299508592187884,0.48375475341603,0.667889531377931,0.830201336467352,0.95903009289184,-0.99067447982518,0.783040341866366,0.719269137011488,0.706295611599035,0.492856145992007,0.311056662553855,0.158177591087085,0.0386155602291692,-0.0443481201857187,-0.0571967695819694,-0.0654376209160035,-0.0604613036852744,-0.0478311983043432,-0.0204498600266735,-0.0166961428768915,-0.00242442751326975,0.0151972048960781,-0.0263680920636898,0.0923297545954383,0.0748996637784322,0.0387031200667744,-0.0231449243879237,0.0130502904590761,-0.0131815268564279,0.216871225491799,0.182851198229252,0.160367431303211,0.130655655468851,0.109069393267245,0.0712191492850246,0.0436121140266265,0.0126897708785886,58085.0422033217
"694",-0.296801309323833,-0.201409822954525,-0.272789416727362,-0.120073672299278,-0.00488344419758303,0.0117830491482286,0.015188382111052,0.0179263359171877,0.115413066151367,0.274776539805469,0.28824073980624,0.280715230419325,0.454290004574335,0.680460464103144,0.82835682484541,0.957207479611301,0.920848695392044,0.746757968473666,0.749836893029164,0.718403979810413,0.521824875019795,0.304909577543835,0.161595839285827,0.0395116837891815,-0.0346443169659203,-0.0606867891396919,-0.0755989672959599,-0.0510482361385724,-0.0334609392959315,-0.0220260902043563,-0.015998376127375,-0.00245553258909437,0.0226760079297734,0.0179077782633141,0.0588797647661068,0.0629806601471304,0.0287439287512313,-0.00540063663667404,-0.00548451044175012,-0.012282965931654,0.220343562483335,0.184706238600112,0.159080827585178,0.134813064040874,0.110226901980454,0.0695842345608983,0.0447612431266888,0.0127542730959284,58068.649341525
"695",-0.276326849778293,-0.147573308385766,-0.248390973747268,-0.153936017046971,-0.0124006003759191,0.0398179958757399,0.0225604127814562,0.0181113544360719,0.372713615324242,0.357796152246424,0.275397351126182,0.283189348359463,0.492137527853722,0.665595203710708,0.820906332025252,0.957495742108052,0.654592053313044,0.659578125191582,0.753112519535389,0.718402827721086,0.488772903361141,0.313280486650315,0.166367519085019,0.039393357843733,-0.0516464152843906,-0.0516566395735979,-0.0575660175697896,-0.0535769446159789,-0.0522105384746703,-0.0198305922981106,-0.0165983888588421,-0.00230956828893535,0.0669236276785296,-0.0792409202737644,0.0355904896370144,0.133628172186153,0.0291222244888504,-0.0288650426991429,0.00175761215832125,-0.0140099901169384,0.21639602659682,0.188446810176393,0.159186441474197,0.130207296537289,0.109044139248737,0.0704581032224127,0.0444611396583328,0.012621645950711,58076.0875823255
"696",-0.233447045900682,-0.156803820027893,-0.2636120518356,-0.140240793463534,-0.0173734075728752,0.0317755095143567,0.0113044781956462,0.0161100177463843,1.21370110168132,0.292564444647085,0.383677837627882,0.328327117152876,0.492159007474008,0.665808864686239,0.825632301589007,0.959152046404818,-0.191485042370168,0.720528395163735,0.6520373516784,0.678868495049799,0.48513608636528,0.313450584009962,0.163972681178203,0.0385076050958858,-0.0414059223623402,-0.0440698214226355,-0.0598373537541083,-0.0595261010918862,-0.0505536773100073,-0.0181926679182107,-0.0154504927194359,-0.0023853381298306,0.00273071145484063,-0.0490337421559309,0.0302471681511028,0.0591045472887543,0.0512959594237497,-0.0154856207243124,0.0122146219102798,-0.0140046668678344,0.214340363176093,0.184791712459183,0.162252511761589,0.132227810101306,0.108377780875776,0.0708247899605102,0.0432799582502471,0.0123100290528588,58079.7322067232
"697",-0.271967576078805,-0.154711202789201,-0.270024752803664,-0.141057496448006,0.0144934754050784,0.0184480504901069,0.0117474821943743,0.0191732716612488,0.88927915997316,0.303136825555799,0.381816047548381,0.300134722604456,0.4793130647765,0.669757433543842,0.820166532761342,0.956395159046445,0.140765194408514,0.714215527867343,0.650035120430207,0.707341345767906,0.493668832436896,0.312228561575016,0.168601072944399,0.040324166846865,-0.046169622369466,-0.0570363198840672,-0.0704969062979278,-0.04902525306021,-0.0462953311009971,-0.0203891261162316,-0.0154709237072934,-0.00142985784757429,0.026798103775052,-0.0600206217084301,0.0777507968733113,0.0551275227800815,0.0082896051034831,0.00259788218249412,0.0109762525220411,-0.0152888001299061,0.219662575347871,0.185143100121842,0.158116324498936,0.132218423364511,0.108188628236565,0.0698137964432942,0.0427657282786718,0.0125939137926053,58076.7057593832
"698",-0.256750132250682,-0.127916413108458,-0.30271233803563,-0.129534290557104,0.00612426743000877,0.0374612810401349,0.0218015556639278,0.0179265833338806,1.2427053946568,0.21679208064274,0.346557720950954,0.264119331624458,0.465840710481458,0.668226793181833,0.828378263339487,0.957134226865438,-0.207877203737448,0.788626882817423,0.688777636298535,0.740294457853674,0.508535749360072,0.31078297546833,0.16127338633914,0.0398532167265625,-0.0496244140984561,-0.047680809399014,-0.0603437655194781,-0.0589545397151827,-0.05292905160327,-0.0218913384762194,-0.0172146691754889,-0.00206974072798528,-0.0222155645392573,-0.052349673977604,0.12594527441389,0.0715701566603981,0.0296104447926469,-0.0236121367106409,-0.0124499603481408,-0.0142673624244897,0.217178393069923,0.183043012734386,0.162898498769248,0.134588753379092,0.107175856594264,0.0697250354791874,0.04324773376007,0.0125657481727482,58082.1334422365
"699",-0.272652774723236,-0.138737809038271,-0.271138757293106,-0.131569293789288,-0.00720622191129596,0.0346049025581323,0.0190890365685534,0.0173839567673508,0.0451283554258515,0.214695211527141,0.30101277181727,0.281869266517069,0.474258457240169,0.656548437127875,0.824224231909299,0.958201198063267,0.988032714482701,0.792303761152199,0.727624812531415,0.720165229872028,0.50553322369005,0.32497677109491,0.164961293118802,0.0386576651849417,-0.0379667945183824,-0.0601469497253199,-0.0611645408316532,-0.0538088380875353,-0.0460163530832884,-0.0260391774705712,-0.0194138677835394,-0.00186347903051886,0.00387804769627171,-0.02930394694819,0.0973375364001089,0.078237035063504,0.0159463598172906,-0.0220856623386633,-0.00307382810701364,-0.0131172568431888,0.223063755448601,0.183453704123143,0.161180645581148,0.133443332569516,0.105700357476019,0.0699471356477633,0.043557469036915,0.0125836409225589,58080.4748606133
"700",-0.229134446188114,-0.182148539290229,-0.284989070414362,-0.140584477315974,0.00621363105830706,0.0182218230120436,0.0161879503030587,0.015286772630585,0.0913115206191532,0.22717978775895,0.310511806657077,0.323049193032832,0.475174778916275,0.670282761753318,0.830922519061579,0.958126040702571,0.936687255633851,0.781291180212085,0.727722890730146,0.686062839269708,0.499362933777797,0.311304242959112,0.15984892333972,0.0396821616122647,-0.0517138559942727,-0.0433351965462556,-0.0545704302239386,-0.0546672558247317,-0.0522451597709685,-0.021574579596846,-0.0196610099611085,-0.00229782280511723,-0.0462430121504241,0.036936389784461,0.0622509192310361,0.0522070023080604,0.0258141030624378,0.00288148890256563,-0.00830710463300048,-0.0128816210337534,0.216562718989179,0.184327447451458,0.16162249137663,0.131715788043238,0.109096373772111,0.0701892299202873,0.0445487077969627,0.0124324651524297,58075.9052539774
"701",-0.241062316956007,-0.15034363625063,-0.285986832674129,-0.121343439168864,-0.0314173602876584,0.0125710712316229,0.0281280817267173,0.0181436489351236,0.0191468542013306,0.302862245936943,0.269281569698879,0.271797042838314,0.480583446615687,0.670623679931996,0.819135349605617,0.95588652391842,1.00622601771032,0.707186672777589,0.765969253395719,0.727898600547074,0.498875327246776,0.311389941063503,0.167772691005911,0.0412340818082705,-0.0390125503813711,-0.0458697365043553,-0.0572457852572264,-0.0568117195203457,-0.0490786580435019,-0.0237086469355674,-0.0148854950030755,-0.0013022969449316,-0.0310299701255936,-0.0389757533138115,0.0723565691357179,0.063855601524587,0.0749059535687556,0.0190274285057869,-0.00765935740509801,-0.0155275497846855,0.219094933034464,0.186068795850621,0.159625706430713,0.129254642649432,0.108842546228968,0.0692003858920457,0.043894165023403,0.0126156165773816,58076.8584883112
"702",-0.274035230374986,-0.154570279352269,-0.269867324907447,-0.130739772593639,-0.0135085510397596,0.0160097727410314,0.0204373305564057,0.0167224473404009,1.63383952794725,0.308910860108916,0.373447399905352,0.280434259840465,0.490384679276898,0.677690077783146,0.827264273822541,0.957416680194066,-0.599996093144476,0.700940592485229,0.662302910268473,0.721785618258571,0.48706284750783,0.305138584278953,0.161904470672953,0.0398665780987916,-0.0467493861298655,-0.0545301828948712,-0.0631086181493995,-0.065619005534855,-0.0531782412831837,-0.0186414149524832,-0.0167489993303201,-0.00228183492109605,-0.00714654099011739,-0.0138074657023182,0.0611687664791558,0.0886917120947301,0.0492250491913774,-0.00768641055078434,-0.00989369491043478,-0.0132015252385019,0.220344709116583,0.184263182607275,0.161658062513567,0.133234183596666,0.107556435085548,0.0708775945459012,0.0439214797856395,0.0123064456650043,58081.5430311089
"703",-0.240971527696221,-0.1417795972852,-0.288109316392147,-0.140738954453233,0.00794306200424377,0.0167374672315025,0.0173474077149743,0.0182843428668062,1.54461909656604,0.310161560153681,0.311449456139641,0.309407836699655,0.454703311978384,0.674073408349738,0.826104576047457,0.957194437306018,-0.523254855326198,0.705793562526136,0.727227570317622,0.696862075470314,0.517918817753065,0.309489207951738,0.162863700796443,0.0398233295425248,-0.0464777121304908,-0.050534767631521,-0.0675907552316959,-0.0620903508572565,-0.044544162165615,-0.021319518483538,-0.014606264992851,-0.0023117118185822,0.0181753139001481,-0.0819879098325032,0.0673199790327175,0.079888549551369,0.0369289644742527,-0.00333165070804361,-0.00483429679445567,-0.0145022708536202,0.222983959646177,0.185344043229118,0.163964976137001,0.13315679494333,0.110352315857581,0.0696682883501087,0.0433559264265121,0.0126440367470171,58079.5213466333
"704",-0.270811851383258,-0.133120857045347,-0.30430688051529,-0.148266206016738,-0.00493903623720943,0.0210791203064699,0.0107422328109978,0.01905460467833,0.32050539018679,0.317803374460435,0.32977113835051,0.263999690596241,0.469164566026829,0.665411714000696,0.832130663965721,0.958014196766894,0.709953639324294,0.691155100375029,0.711031844156834,0.738141644254384,0.505989906396792,0.315823123920945,0.158605924435523,0.0386830097367073,-0.0457840014092594,-0.0532554168590958,-0.0688767220639905,-0.0559363119329891,-0.0461184759915313,-0.0208004389986458,-0.0192251333144513,-0.00309733599349757,0.0144300651322497,-0.0614018944532588,0.10475312894178,0.116083321572947,0.0459965939655846,-0.00176424374696916,0.00684101291511558,-0.0139933328599192,0.221189467036323,0.187772289512833,0.160017629088889,0.132762175856966,0.108829406834801,0.071031306196315,0.043818612886107,0.0126711745499513,58086.6489129424
"705",-0.267137825762066,-0.195123430131947,-0.251899656049024,-0.167619487333771,-0.0108652185881582,0.0187102611138865,0.0222511707484267,0.0180476799854021,-0.362642489658644,0.321577538480386,0.340283072774014,0.336736427684515,0.458501757930449,0.678803890018723,0.825992066176983,0.957637337114142,1.39279461370142,0.702400471035741,0.692134947590483,0.673188557727801,0.520247909848872,0.304428867215766,0.162850193848379,0.0397667917692425,-0.0412213186356497,-0.0592030479090971,-0.0599995011781219,-0.0613350285381742,-0.0480954733567889,-0.0219597491438929,-0.0154392444186203,-0.00205778899530509,-7.91784967530079e-05,-0.00825350441412338,0.0295801861661248,0.102923421767091,0.0367858678560194,-0.0133801230018186,-0.0118068718530719,-0.0176199867543926,0.222529788360552,0.179895257978946,0.158878218931648,0.131443597752661,0.108897366423727,0.0696306077384855,0.043514563397702,0.0125510975516964,58078.6644848171
"706",-0.244981143909474,-0.175240413959526,-0.304640765787559,-0.13561423636195,-0.00553519833993873,0.0175185867978548,0.011357266654886,0.0163047367946308,-0.487924631399159,0.304767241816636,0.393101988750775,0.269106633237116,0.484493916819298,0.668021329056466,0.827879003820742,0.958279115977544,1.51627981705291,0.710418546782204,0.6462051601907,0.732032555413928,0.490183822907267,0.313277045235748,0.161621551620172,0.0386992003001496,-0.0481711551721283,-0.0434928188715351,-0.0683995701730876,-0.0582081999895129,-0.0498747523834842,-0.0240497421128492,-0.0175577132699826,-0.00253846389013201,-0.0192254471875018,-0.00609988397009563,0.111414511116673,0.10056405190351,0.0489394745074221,0.0113285550078956,0.0117840912210762,-0.0102977471447106,0.217306988481575,0.18553413353999,0.159078697315001,0.130744348847502,0.106331646879139,0.0699569196603495,0.0437102351808685,0.0123752366510075,58084.7737098796
"707",-0.28022330379436,-0.110028158042224,-0.27842569785344,-0.124538274208414,-0.0264709241590367,0.0353622028383296,0.0260765390378332,0.016624985570709,0.104807404744854,0.20576986933496,0.376013651644074,0.285534726880811,0.49688795157842,0.667272044568401,0.820723026092489,0.957938555977841,0.931091357570998,0.795491084155289,0.66054046327452,0.714484577829449,0.486661243254085,0.312625824496492,0.165951568993864,0.0397521290747303,-0.0321888717821652,-0.0499324521405998,-0.0625222298627311,-0.0525405570397132,-0.0622990005998625,-0.0226010765721497,-0.0176150226998981,-0.0025530992172222,-0.00959926263097374,-0.0673189707806824,0.0666057786943354,0.066624021727726,0.0449680896701108,-0.0195489618288152,-0.00239479991557592,-0.0141991310305899,0.215660968736469,0.18525597624568,0.160058265628082,0.134606358585607,0.107021406841164,0.071256957128152,0.0440811789997746,0.0126774196811112,58074.3175723487
"708",-0.250216968228602,-0.155143957852121,-0.300432266889274,-0.137465348103532,-0.0188661528845639,0.0395694872057181,0.0151046525049191,0.017183169782817,0.111314410288206,0.312997131411837,0.357924514823797,0.276982716788555,0.464682704985447,0.655914394407699,0.827920713043381,0.957615894188717,0.920486800719897,0.698650632810592,0.681918711508553,0.727477299082096,0.516056932104507,0.321111959228349,0.161841979140213,0.0396610983359446,-0.0429515720070711,-0.0432150542260878,-0.0759572386255269,-0.0511349383706363,-0.0525632567767471,-0.0203716784682098,-0.0152325779790969,-0.00226528683378197,-0.0356800966766508,-0.0474391310681369,0.109172233012444,0.0697621492445098,0.0396326830276808,-0.0123421859226169,0.00158682160685018,-0.0146558098191128,0.216286631103494,0.184478711008515,0.159968030185881,0.132962345583234,0.108565191752494,0.0699084050625359,0.0423132164727359,0.0127801469643464,58081.8825529695
"709",-0.211202056897077,-0.152138104443047,-0.318793083893821,-0.142616858111969,-0.0166464179215655,0.0255980220525162,0.0148510170597146,0.0171579869276987,0.524728161514478,0.267020841747531,0.344322282743686,0.270830360464824,0.458880131831758,0.655942929244338,0.822930063996891,0.957193805846584,0.494384067340427,0.742609833358938,0.697266965032158,0.733988376340561,0.517962162503154,0.325895105576559,0.167167766694117,0.0401525584274045,-0.046513647489684,-0.0561128872341734,-0.06678905028778,-0.0515742188346665,-0.048793091217108,-0.025507083475439,-0.0165229101407221,-0.0027659536504426,-0.0310961991967855,-0.0245234477153047,0.126678454075551,0.0827842510207736,0.0572397050194622,-0.00082376715926543,0.00304800343178341,-0.0135195835043894,0.214761741236928,0.184423338912944,0.159365752860742,0.130396687589538,0.109383051811114,0.0697036251896359,0.0439351414214762,0.0126795382283651,58084.0193484567
"710",-0.280560336815197,-0.179923592521523,-0.271589471509518,-0.142969287661054,-0.0106424234842073,0.0240936412579427,0.0155712475505221,0.0171936665037591,1.47996726175074,0.225827950124032,0.300868166689908,0.278714403424422,0.484659941129967,0.666158276939321,0.8253827079508,0.957207439220022,-0.438526024699208,0.792408490168772,0.729862459002933,0.725026781083468,0.492809416604863,0.314634236551444,0.164596099842251,0.0400049728978091,-0.0558817295361647,-0.0501020278221867,-0.0624015236921693,-0.0607395670495636,-0.0472044729804875,-0.0228206838448094,-0.0176850432085486,-0.00238286197043218,-0.0022908114441672,-0.0059156733775212,0.0914533911422562,0.0870566160922022,0.0391429906129901,0.000279234756662921,0.00163482791712385,-0.0136694796830759,0.215055649337752,0.186584679278845,0.160535265865097,0.131933301370144,0.107692249179047,0.0690018544635741,0.0437779910711093,0.0121688694197554,58084.3109838086
"711",-0.234221806008316,-0.1807776399165,-0.238566071542367,-0.147151508694854,-0.00782209855425544,0.0305729020679361,0.0191741802727358,0.0168703399071521,-0.624576825132705,0.220637766779847,0.316543243954883,0.263064699176107,0.480874120953229,0.657180633100728,0.826756146358649,0.957677109577098,1.65810314021246,0.794408397630162,0.712270132803079,0.740256109462501,0.497324586744558,0.322591200927185,0.162230504906169,0.0400404981982245,-0.0525851869168944,-0.0584693274662268,-0.0721199578623902,-0.0605986905590813,-0.0464880495677804,-0.0209552434182813,-0.0196252906166848,-0.00311216359378856,-0.0738084304433517,0.0225601270785228,0.0339016647409373,0.114802039538148,0.0195251538096086,-0.00992473072943984,0.00193786164833394,-0.0145408409472443,0.219949137776069,0.181625548112041,0.159016158694453,0.133039481795267,0.106590181724275,0.0705880960020628,0.044115412427911,0.0123529196623995,58078.0320206105
"712",-0.255280562761399,-0.176934373640522,-0.289765684070317,-0.140963570773303,-0.000282154130955689,0.0213497117288198,0.026025730840706,0.0173837519163446,0.231973770874581,0.307603982554279,0.361287853399156,0.261898102342429,0.487551994504304,0.666948438955744,0.821794753980833,0.957950561951136,0.791658102459767,0.712660524458854,0.676224097967868,0.739370707357076,0.487242109925588,0.313574441560808,0.164550119871163,0.0391502770645067,-0.0324602102787683,-0.0531567358270811,-0.0696894942546868,-0.056869112155007,-0.047429761659802,-0.0281599892503224,-0.0166281789871955,-0.0026098021195071,0.0108494039132774,-0.0261644504854402,0.0903324837333842,0.101648634609666,0.0277896765934288,0.0150168518438799,-0.000223218153105758,-0.0132061300052635,0.214874836341603,0.185633756590806,0.159933488087182,0.13174009344941,0.108954611399512,0.0697917838393533,0.0445788801854096,0.012648598887596,58083.1608093974
"713",-0.277537285614525,-0.1803358160343,-0.306463191677828,-0.140404267190899,-0.0146973481403513,0.0203022339894311,0.0214053231175357,0.0159105194990332,1.90283058118527,0.298315130145912,0.292577490096185,0.267323002738955,0.485528909191155,0.663771519325429,0.819239951405627,0.958180204568368,-0.869030020889744,0.717916068296718,0.744026690308159,0.740413306752061,0.49529482765433,0.319124570751334,0.167766510548595,0.0391268029641801,-0.0475389436338133,-0.0590392313416434,-0.0722065431159912,-0.0592592745767069,-0.0476387646292761,-0.0227112696217073,-0.0130808397767356,-0.00204046445983524,0.029021973352663,0.00965489066970986,0.141759726875452,0.0720704437978011,0.0254697386744712,-0.00233002201223586,0.00286818668839853,-0.0125618002976187,0.218937255021102,0.186021976153936,0.160956809900713,0.129706608096197,0.106922738046038,0.0695070960789538,0.0432205072445679,0.0124070940405926,58079.0159368033
"714",-0.274754638525517,-0.140510960121983,-0.260020217674413,-0.130809774978604,0.00294168010641575,0.0435866995127639,0.0187392253472292,0.0167803911973885,1.20576485195677,0.392068626601362,0.307693495034783,0.270297955173526,0.471406330478508,0.655751841455482,0.821494041903325,0.957389118763306,-0.175218399687828,0.616092729886673,0.727089730586334,0.733451626454591,0.506055314057707,0.322528254699729,0.167632639167073,0.0399771467397971,-0.0380615250520197,-0.0404592932805688,-0.073927062845729,-0.0628792703676542,-0.0509385049526638,-0.0209066183656468,-0.0161508308523194,-0.00245904535577279,0.0144836635596035,-0.0599776314370463,0.0518613986910529,0.0637369590329032,0.0104956973972191,-0.0299533313280433,-0.00202601234138335,-0.0128059863708263,0.220881127421434,0.185831713800108,0.158142015791817,0.132151752581659,0.107501473039769,0.0691681706367349,0.0425130304286037,0.0125016023226076,58078.306315591
"715",-0.251521222112423,-0.162793851446564,-0.26823051414392,-0.142647674457977,-0.0115757639683086,0.0221739352530242,0.0100022159502412,0.0184542305574709,0.602998507918726,0.292930665184868,0.310499728225502,0.311947050229683,0.484090583237882,0.673627721587982,0.825415953788218,0.957771938427515,0.421158010632849,0.726778727691822,0.723419443959153,0.69482607140589,0.491971416768396,0.308537532999174,0.165331955537157,0.0396119108537802,-0.0403829652560779,-0.0510236052688952,-0.0698691209719723,-0.0624900821282775,-0.0450938938702347,-0.0228041424092823,-0.0152871724986508,-0.00239559298130868,-0.00108023229669899,-0.0651640112507739,0.0722440145233638,0.0730193804247226,0.0407818364811802,-0.00674587999844985,0.00564272127299351,-0.016363919475995,0.217168649975498,0.181892636522392,0.156492419639025,0.133041543457962,0.108255866050806,0.0703244803827399,0.0434852710582044,0.0126923505621487,58085.8940634681
"716",-0.226711798477849,-0.134266557046442,-0.286750679209567,-0.12882596612862,-0.0213926402736652,0.0210477626300915,0.0183953315419107,0.0166889041001106,1.19022332875465,0.311909666807661,0.277714171032716,0.269247388191888,0.493178959712119,0.67419076771926,0.823586504227596,0.957029213873557,-0.160087981611707,0.699268615450357,0.760902695495205,0.735551215825497,0.486447827868743,0.30816810361796,0.165172979973635,0.039921259221339,-0.0472778417515238,-0.0609175297214282,-0.0710641914838746,-0.0517147628215097,-0.0499529820780193,-0.0228910265355009,-0.0181800995845903,-0.00283721746887599,-0.0761785048615119,-0.0671608283028354,0.0740806409501563,0.0451587221394773,0.0517053407832251,-0.00410444429723756,0.00117721389505536,-0.0098706774517869,0.212635330625874,0.187712596646636,0.160523135115365,0.130226280263426,0.107794194626569,0.0692278316234765,0.0429741715206902,0.0124051584170821,58080.7086182
"717",-0.226903018504234,-0.156791507528647,-0.252626947758413,-0.137874764251813,-0.00312069118140119,0.0261115341779733,0.01230387468988,0.0163831963137261,-0.519667728654468,0.401116675119352,0.298157360454407,0.296559883224284,0.466806479133316,0.669758267158854,0.827587661840815,0.957372184655549,1.54384141399204,0.610502661864367,0.731095955977039,0.705784419061145,0.511178218349631,0.312455005780998,0.162409752362862,0.0400452573934564,-0.0415870653640574,-0.0393004043024863,-0.0664486576094622,-0.0484500279597332,-0.0521602692337895,-0.024220170813873,-0.0164152501839157,-0.00257249530168293,-0.0336298097722714,-0.0537368904556299,0.0646810561684843,0.0742358285558067,0.0256597308140321,-0.00961229746029777,0.00590249655609336,-0.0118951960225729,0.222556282472383,0.185545337512934,0.161146836197788,0.134142504892274,0.109303562333612,0.070316557660103,0.0439790257396217,0.0123399375642915,58082.9199608608
"718",-0.248984888376843,-0.133388355063096,-0.277142663195235,-0.151976028704102,-0.0225898943179094,0.0272578261092212,0.0100335050897395,0.0188661666214167,-0.869581010015489,0.263050133202071,0.31331725478303,0.296156334039174,0.45705258234941,0.663373289687951,0.834475338490361,0.956575871281469,1.89560322285626,0.744889570663465,0.719398837583503,0.711943377763472,0.521436642674254,0.317096746869939,0.157422171664868,0.0400802065214787,-0.0532123234874319,-0.0499588200445777,-0.0592629202222491,-0.0611001588611164,-0.0528354061797853,-0.0222421569199373,-0.0202448788936734,-0.00229497750712581,0.00351092746835733,-0.0614993804186202,0.086846128051815,0.0962852054199426,0.0681032030454426,-0.0076374682395264,-0.00188548385373703,-0.0136354138629349,0.218575555454733,0.185024734798333,0.161622608077549,0.132822959089608,0.107370073441931,0.0698460816979507,0.0433489918033642,0.0126366084512239,58083.5483490278
"719",-0.260727497389616,-0.177896639453136,-0.280539145710349,-0.164031828941225,-0.0175521780662414,0.0241431863102001,0.0111034966473282,0.019062367178344,0.694836657519475,0.370835126387603,0.283199730426648,0.332192643939759,0.472267087090987,0.664869240031826,0.830723562878963,0.955993914818919,0.336562341706474,0.646098356881274,0.752954380146133,0.681209689786338,0.50621156670722,0.318423429428162,0.160020689197834,0.0405734219429167,-0.0504525837831063,-0.0612477318181751,-0.0690508864273636,-0.0575141565318086,-0.044670871870198,-0.0252796879975868,-0.0165727528398817,-0.00252829828670697,-0.0149882526239241,0.00692223203131307,0.0769900873960322,0.0834715371611828,0.0510525988264141,-0.0105287956443042,0.00424695411838342,-0.0129751804915222,0.218466332422267,0.187076448154371,0.16218059208113,0.133832539640059,0.109844299089209,0.0701977202129231,0.043415881412719,0.0122129590909458,58079.9756696586
"720",-0.239981429764305,-0.112975718807036,-0.28203657366988,-0.152676963899478,0.00791848596024075,0.0219753001699606,0.0220131424567824,0.0165345327674787,-0.288070504829498,0.1270132944127,0.33474020580206,0.314147511073437,0.4607588692787,0.666755049118812,0.82250168764538,0.957391960529733,1.31887036541922,0.875893504617142,0.70270833106091,0.69499972898074,0.513220635408303,0.314214243541826,0.16615486116132,0.0402231316292765,-0.0440085142026286,-0.0604352302522031,-0.061979760574947,-0.0605189782454737,-0.0513169207872601,-0.020770237561878,-0.0163510263275627,-0.00284730790025441,-0.0391920397886148,-0.0623287634677894,0.0717677666386989,0.0859517205521844,0.0228613733514959,0.0018340310493085,-0.00357191941297379,-0.0126914382313219,0.217334213334824,0.186449934986572,0.157473582483632,0.132324774927854,0.107569685591117,0.0695885992417733,0.0439747707301981,0.012586091877483,58077.5831190813
"721",-0.273378322638394,-0.183281617812763,-0.283572102769766,-0.138174944121567,0.00235467094383022,0.0204757846507286,0.0126118261891975,0.017118621242669,-0.644893175843044,0.293685984855047,0.323974034282092,0.272483139432902,0.465388934373548,0.672136467855246,0.831266627371941,0.95720212675933,1.67911639337195,0.723008808174838,0.714588536367155,0.734503808303757,0.509693115994321,0.310326327149852,0.158871702355266,0.0400307556370187,-0.0390980781713237,-0.043661624236808,-0.0768329755245195,-0.0535084171362234,-0.04655435809435,-0.0235273681311523,-0.0172288143363383,-0.00187344826783929,0.0146299057787549,-0.0111335993054887,0.0829190969973368,0.0633712878281792,0.0278845424875553,-0.00208250622449392,0.00164622304955498,-0.0142093596039621,0.218324727862566,0.187843650104646,0.160755189552893,0.131888606509314,0.107111300301361,0.069697854614034,0.0433744693255956,0.012192328627224,58083.9087076982
"722",-0.308042478216367,-0.183882991486271,-0.277748781321119,-0.12590046929997,-0.00668356053280342,0.0363266990429506,0.0233510262022689,0.0188319355298778,0.515852464411108,0.268561721221483,0.335738570909759,0.287650578129576,0.486534812421437,0.67217187078217,0.826548856193468,0.957597382899195,0.526076650135868,0.742982547686509,0.695508034817731,0.717272220134558,0.490428385992883,0.306670582150611,0.161321844778102,0.0392237737234596,-0.0488419327609945,-0.0423760621969831,-0.0657987026859494,-0.0600690242775044,-0.0464537368095492,-0.0260369443675362,-0.0161884651072083,-0.00289311827872384,0.0285432616054278,0.0319998752689939,0.0887748761968531,0.0419641815684766,0.0316346059107399,-0.0172850601645474,-0.00705219449891078,-0.0140667457279948,0.214726315785478,0.182018137940522,0.16010469858699,0.131366210748009,0.106569458222739,0.069135790667972,0.0434940066568211,0.0125663271556369,58080.8790943663
"723",-0.269205488089712,-0.159168763417829,-0.279106348526796,-0.142133756711177,-0.0150909336235101,0.0287301170653638,0.0145451177064212,0.0174921113153364,0.778994634942635,0.259273719775986,0.355364010552917,0.338035505945483,0.458339289919242,0.661296000306089,0.824930890913435,0.95723040642189,0.260347772288632,0.750400221494072,0.680766067122672,0.668134148483397,0.51936265696003,0.316953119103109,0.164165808496593,0.0401184595826322,-0.053305897444678,-0.0530455466226214,-0.0670811001272518,-0.0614739724265165,-0.0471181472905896,-0.0192848874337854,-0.0150845895776682,-0.00271700788070491,-0.0262267823301529,0.00126850428171024,0.0769549364666683,0.0727143720037388,0.0545701911207271,0.0014008514539154,0.00445043312275358,-0.0138311777602797,0.218631237330039,0.182759508037755,0.16250411232867,0.134037860792684,0.108001116547695,0.0713727581142804,0.0436217465223002,0.0124611480007846,58088.3975077494
"724",-0.306864519856077,-0.148908550539712,-0.269310197206477,-0.131511167797763,-0.0215797552696144,0.0185451799235426,0.00208001304599417,0.0200324708721878,0.095986851124939,0.226916704922776,0.343048216391217,0.287774253400482,0.481278619023228,0.675487589074299,0.823409055852513,0.954829285455134,0.94826042646945,0.787235576611405,0.6933331526308,0.712116766505558,0.498178431525771,0.307158221376429,0.167845036071,0.0418389885000445,-0.0419286046294259,-0.0600608969106402,-0.0681389925234459,-0.0441415705793662,-0.050465900473714,-0.0227504474557889,-0.0148518159841246,-0.00214475007921254,0.0216178073646416,-0.0375464302633709,0.0374733019646783,0.0734760914387064,0.0553036924094021,-0.00419822856991898,0.0195086210845852,-0.0151939500391936,0.221748187089175,0.186767333269146,0.160786644834917,0.134237209874985,0.107951826098086,0.0708187055455776,0.0443966684896667,0.0125995300744392,58070.0493718825
"725",-0.262470612330352,-0.154211939638881,-0.26384119161277,-0.121792596861839,-0.0111630084031391,0.0201210953773956,0.0102343588449746,0.01814549648778,-0.403086764627498,0.283088501372333,0.298293209521036,0.305264112648231,0.486212246915839,0.668606355242242,0.828201215268289,0.95701839528802,1.43762806454925,0.731257373047255,0.736195153206619,0.697520024695765,0.491042319247584,0.313940403454683,0.162897606191714,0.0397028173817861,-0.0546627499060905,-0.0668582363627138,-0.06874260872829,-0.0554662328843235,-0.0456900172125057,-0.0208378369967856,-0.0172718785850613,-0.00316219956069419,-0.0187998376562545,-0.0241558230905263,0.0547702335851519,0.0491258837221305,0.0347604013501828,-0.00371312681491298,0.00576007960089268,-0.0120359825038554,0.215325787005122,0.184223165178972,0.15951435948075,0.129885052332409,0.10680253569959,0.0692245723598146,0.0435565117272457,0.0125734465762718,58086.4727659645
"726",-0.281590333308171,-0.140133728346615,-0.293245114108123,-0.112519798359845,-0.008702202413704,0.0260785737099177,0.00799288205046135,0.0167484253060691,-0.912744968900841,0.325734224624957,0.287467031314799,0.251593977861906,0.45775843552312,0.659723733814004,0.833556479595269,0.957980043919145,1.94611597412538,0.686055760639933,0.751978141502548,0.748268124660335,0.517506581033098,0.321657337242359,0.159112124213442,0.0391636726080236,-0.0519343406864697,-0.0559186958838521,-0.0672158612864487,-0.0559234973018092,-0.0492939449665573,-0.0234795267520686,-0.0202395414999256,-0.00261040802065412,0.0240973264106106,-0.0556736797336855,0.0719313340005149,0.0528990804196396,0.0567884927664436,-0.00171123443888419,0.00342146289494547,-0.0110330465513763,0.219787252828407,0.187548127277285,0.159026394051998,0.133893305448705,0.107674631469279,0.0706246939801784,0.0425299488201956,0.0126051062610092,58076.4889198609
"727",-0.253086230973925,-0.155339361326349,-0.23965800407846,-0.166686919870625,-0.00862848021787839,0.0244495536819374,0.0107910546256894,0.0183605902753139,0.0374677343662417,0.20375795167322,0.276347129619968,0.365523721554933,0.47482330006556,0.668088297573434,0.830201684803125,0.95681600332074,0.990893455636892,0.804364047763935,0.745318556548788,0.647184974265534,0.501383993106979,0.314314858477233,0.159863313085526,0.0401757520415959,-0.053905279417817,-0.0493957915006109,-0.0482366752591495,-0.054165978942134,-0.0506546361191392,-0.0241942678640598,-0.0162159528137075,-0.00245217182181944,0.00613085942340934,-0.0156634957515378,0.0516966678838872,0.0722148679557743,0.0452575897817217,-0.00636302447678398,0.00638124748632596,-0.0142259960046434,0.218797038889457,0.182277584528954,0.156335098845917,0.13108250437686,0.107548429374859,0.0706264012019305,0.0433461989970491,0.012560470937295,58079.4073869884
"728",-0.216871819954216,-0.163697155147241,-0.28134536185975,-0.134611397150389,-0.000168406541441732,0.0154380621641447,0.019544552246521,0.0159928976298428,-0.807415597421407,0.272758117359041,0.32059223840813,0.279675750665337,0.478977383174151,0.679597009793441,0.823990403638775,0.957653609859689,1.83417622862189,0.736758933605674,0.707867863653415,0.72389624942136,0.497676920257966,0.302626012285003,0.164954774946012,0.0400185021029782,-0.0493874415539801,-0.0476912718738173,-0.0692545183221443,-0.0528767699604543,-0.0506664982684522,-0.0245282734203308,-0.0183985387808949,-0.00339168878424408,-0.0591493636180807,0.00193844949556827,0.133809339843508,0.0796886830897517,0.0276514603868784,0.00700189542564864,0.00123163145119954,-0.0120289758750917,0.214556156151432,0.183252925295061,0.159659154410934,0.135317928215966,0.106833319378859,0.0706687558382234,0.043602984094144,0.0125569837017347,58078.9600635282
"729",-0.240649776998626,-0.128098605214047,-0.281844348430429,-0.127580313159255,-0.0154710048378578,0.0162302372614943,0.0162848642670493,0.0177872488842848,0.420331080130225,0.323290027407357,0.282979247030544,0.263556444482618,0.462324515848002,0.673764202319906,0.824787644790958,0.956413533342724,0.601008263298681,0.682915687212052,0.755042391861019,0.738465488163441,0.515119412553523,0.308561489393153,0.164514452264352,0.0406582127965294,-0.0276044242086115,-0.0373614064691533,-0.0697941575389819,-0.0593530542249386,-0.0480483409193109,-0.0243496939000863,-0.0143907464178742,-0.00226419492634256,-0.00112497671929519,-0.0577733301324323,0.0745230552093337,0.0682709826478655,0.0493314148589651,0.00482933884977438,-0.00309331204804737,-0.0130807810073282,0.220293615172874,0.185148498147959,0.161660040254195,0.132682845904351,0.108378717812487,0.0700632083630344,0.0439427878194979,0.0128030471507238,58081.3297840261
"730",-0.259185873767562,-0.171395021329547,-0.264191560465439,-0.144442470459031,-0.0316394160570882,0.023630779956017,0.0199155951060586,0.0179658742230284,0.594791132677904,0.283954297737958,0.34217839729786,0.314226810568668,0.492108110369653,0.669480738930143,0.822708211423244,0.958008225522426,0.435489019683937,0.725745318870689,0.692375874901071,0.69447420433514,0.49066168281066,0.31187212045488,0.167226158932309,0.0392407729210167,-0.040461604476001,-0.0557211423843494,-0.0720545357405396,-0.0626685849449521,-0.0491622028954891,-0.0229654540755209,-0.0172502586975693,-0.00269423459543804,-0.00106424660448263,0.037257790709393,0.0575423554685424,0.0762776597466984,0.051532567368139,-0.00532184126933191,-0.00898007589201178,-0.0163727268987205,0.21905084638326,0.190156348217554,0.160786737668589,0.132948281788842,0.109389748626115,0.0699885447451746,0.0438184734661247,0.0126868367938856,58083.5782992431
"731",-0.264461969323189,-0.155645405868884,-0.282599015286752,-0.134605610089203,-0.010060536397437,0.0257129398640724,0.0109696083976771,0.0179167869021922,0.0211526719613786,0.411684548486739,0.335563365820996,0.299621960801058,0.486158804892245,0.664632175977541,0.828968199369676,0.956763676131094,1.01024927313095,0.600289941135321,0.698058894537674,0.703816722730819,0.491731608297451,0.316207615810772,0.160946546649175,0.0406738526852043,-0.0471750309557905,-0.0498053214636167,-0.0720454816556932,-0.0574696497293125,-0.0494943411406506,-0.0208003245496621,-0.0174168034947831,-0.00315259731507592,0.0142804692011435,-0.0450153440423249,0.110334227728867,0.0712358808446122,0.0401072162641348,-0.00153881755158336,0.00925294130231439,-0.0154038348117494,0.217232466664969,0.185250991027562,0.159459799816783,0.132454635425757,0.107617677561405,0.0699940595995617,0.0427400829094204,0.0127171249592746,58085.8375574283
"732",-0.279176352743657,-0.142095001817359,-0.307434509201429,-0.138895741323537,-0.0070901079451286,0.0262784000671756,0.0253425860490683,0.0196570016820871,0.898639645624675,0.296064259235759,0.377810534594095,0.299423961588183,0.44574382742413,0.661614330702386,0.820797436079477,0.956483259772449,0.139175514841806,0.7091702065191,0.665073590752279,0.704049408625042,0.530745016637672,0.318146234509021,0.168143041228818,0.0400430624179176,-0.0373102551394321,-0.0513461173331134,-0.0704706466010017,-0.0482714455129452,-0.0461533718987754,-0.0221650111447586,-0.0188797239962331,-0.00160820865507579,-0.0183418036448353,-0.0106104741718923,0.100593180732861,0.0647747664956835,0.0423322950998305,0.00162294609415914,-0.0087566773918283,-0.0153015751964131,0.21921606051641,0.18332362021315,0.160080727351885,0.132262836000157,0.108536873106583,0.0699699563773442,0.0443143361889211,0.0125898298197649,58081.0959065607
"733",-0.251270291888159,-0.152908609628293,-0.261411574270716,-0.155597873846846,-0.0159541449220105,0.0331965885788288,0.0163651241262906,0.0188357174306007,-0.560615376200096,0.286240101872519,0.303439405384658,0.307855634362472,0.488437974429386,0.667713253601882,0.829477523984173,0.958490478874045,1.59486822041803,0.728956156558912,0.727275000770568,0.699956485968437,0.488921114732952,0.311802114518578,0.160812416699277,0.0387691415574145,-0.0487712600204695,-0.055378933462567,-0.0666570808595352,-0.0620686820358035,-0.0508210848546134,-0.0228083255738555,-0.018445974593079,-0.00274493401187745,-0.034752752123035,-0.0463635123205055,0.0684696301114838,0.092513897617226,0.0504827920030259,-0.0151130328503265,-0.0022317998082869,-0.0170791045121811,0.212771224111713,0.181198274813603,0.162007787682515,0.132207906671285,0.106827109478116,0.0714963292019045,0.0432507426743358,0.0125316703301951,58085.4769504568
"734",-0.252692987756283,-0.192853115337665,-0.256745136631284,-0.131413590787348,-0.00502183278062221,0.0247609210481014,0.00851093346998331,0.01706450062559,0.938344145915437,0.373976510985284,0.315998545473578,0.289818873834365,0.46472293996774,0.666096631097508,0.828147578536324,0.955829631363624,0.0934768434519182,0.64276696070144,0.716172996830161,0.714349235083657,0.507054143789197,0.316310794939187,0.162129354311619,0.0412576402128255,-0.0450494647451077,-0.0620870879093878,-0.0651758489982266,-0.0517647525017073,-0.0421904022260656,-0.0205088082179636,-0.0184216966494013,-0.00219895476653289,-0.0246428447152729,0.0339234531341802,0.0344614922292006,0.0654120422424246,0.0563930175528032,-0.0188231560274609,0.013718165111518,-0.0116844345108815,0.218044102049328,0.183469509903629,0.160514334945202,0.129583817841662,0.106862018734274,0.0684191702176774,0.043774987761035,0.0124101453230803,58078.390905984
"735",-0.228292253909727,-0.164644374050753,-0.257934901532925,-0.139647457124916,-0.0030232778067728,0.0406188975908069,0.0249419549585255,0.0181433669511074,0.178260809308808,0.300482715237077,0.307776050522978,0.336640655284491,0.4808646884448,0.647980594875597,0.822380551503972,0.957543695237196,0.851204507789553,0.718297436813382,0.723415157943007,0.667069046986489,0.497682428271348,0.328464248151613,0.165157840837167,0.0390925200606667,-0.0570613984340088,-0.0567060314123711,-0.0600529224247216,-0.0565971693136694,-0.0512610685925949,-0.0203264807946045,-0.0186921132784734,-0.00267618193971744,-0.0425035140414274,-0.0635552512673952,0.0508729761897727,0.0825520412355835,0.0250982799756357,-0.00783487629138222,-7.03153369043343e-06,-0.0121018157164349,0.218966940668862,0.184735328188184,0.159602344027236,0.130376413458056,0.108014100083589,0.0711091918117471,0.0424829538433735,0.0127204722440084,58073.6998139132
"736",-0.273142576908817,-0.172373009280576,-0.286940497520363,-0.135104011026844,0.00991988819527844,0.0239585049543334,0.0257399519733844,0.0193076381249193,1.01275182069264,0.265031454109014,0.263970912619556,0.273285591490983,0.454852706681288,0.664010765668796,0.821633085527688,0.955868553567713,0.0206964855527134,0.750671936624823,0.77326309080074,0.728669901461045,0.521379586928626,0.317231175613235,0.167708708899359,0.0407217627161498,-0.0446541986733641,-0.0459183316043957,-0.0683592733379057,-0.0616133376888568,-0.0498945712148783,-0.0238778458224606,-0.0150513463841644,-0.00142119562843307,0.00567410641509274,-0.0300088767570967,0.0745326751111294,0.0908287820002484,0.00612551980759788,0.00437938894052596,-0.0157679084367387,-0.0151190022483627,0.219009247605651,0.182144222589973,0.159583170939547,0.132710448072238,0.107549162518535,0.0682419437302333,0.0446359861308365,0.0124896840371815,58071.5797808601
"737",-0.240888273106803,-0.200801676380245,-0.287964096222646,-0.161353071387208,0.0132245840022612,0.0234065795453482,0.0184670423418653,0.0159816289600377,-0.355949524225244,0.252986327755473,0.348939928557743,0.307645897399628,0.45342764476568,0.670048304694069,0.82337562462283,0.9585958858083,1.38044442769652,0.766581449102139,0.689822200802668,0.701862568596567,0.520558781341979,0.311503149578893,0.166495647601863,0.0387182867775083,-0.0334058838343217,-0.0462115552460657,-0.0681607095467895,-0.0581628045569129,-0.0450582364600841,-0.0266810413525978,-0.0151903353450438,-0.00230751975515874,-0.00674221993715874,0.00256000973323461,0.0776014255743607,0.0904963892327775,0.0101225977127621,0.000749277304121591,-0.00536512694057555,-0.0119231244635534,0.220212918894311,0.182922508365335,0.156631237554703,0.132696871727709,0.107628652414075,0.0695931779638709,0.0432789024395262,0.0126531268328969,58080.8133493794
"738",-0.257749918737134,-0.15107054877242,-0.249588531628568,-0.144549711693163,-0.0359615601888084,0.0351791096516519,0.0123902292317423,0.0155284790176103,0.998282017305049,0.373008500942295,0.333786598767526,0.266562572387921,0.476296378697649,0.666096707646434,0.826723699518959,0.957453083584582,0.0269846225576234,0.635730209038298,0.695347940877496,0.736348157120599,0.507150431911086,0.313915485941877,0.163431865327815,0.0399844383813671,-0.0258698655427602,-0.0566110580604135,-0.0581973445272937,-0.0517370245177557,-0.0446222682247253,-0.0245929943536724,-0.0167765086241034,-0.00174122207448825,0.00867201040745772,-0.014932667613842,0.0451525981897765,0.0948378974663802,0.0597251482897645,-0.0128966595106696,0.00594550921736165,-0.0118714676822392,0.217566026065967,0.184830291118668,0.158729259501651,0.131038235983697,0.109730609386999,0.0712298241310552,0.0425149566253081,0.0124770203702998,58077.1850959354
"739",-0.302011607046,-0.153982128696754,-0.264159355100065,-0.14693688567464,-0.0053706516075384,0.0138902948229572,0.0205551840008241,0.0168546971420669,0.398221754505087,0.239042298250816,0.396321617363837,0.262461252670477,0.464384496871674,0.674659978047291,0.826748289375086,0.956293551003928,0.642641862549277,0.771541720160834,0.639753048640078,0.739216565665837,0.510374108185503,0.30715304494116,0.161051849517783,0.041060711718537,-0.0669177086763166,-0.0397255872214492,-0.0647862672354438,-0.0573703245324393,-0.0459080512998337,-0.021077609177075,-0.0175485297598438,-0.00225306647764329,0.0571826857360179,-0.0446860689748025,0.037922317523584,0.115687596562102,0.0493989612841923,0.0144290128950457,0.000509387752412113,-0.0128031048713093,0.224862947448648,0.18597156976103,0.160615505960566,0.1313147058074,0.107880695402744,0.0712005352509199,0.0447339190585863,0.0125258243111258,58072.9596182084
"740",-0.262487871568935,-0.160510294747617,-0.276674979714163,-0.149321924659306,0.00220195466865824,0.0294627253856374,0.0123652667432265,0.0183086229024964,0.787502558418732,0.37281622066321,0.323605244495652,0.289638330192492,0.479768015123797,0.669092412237694,0.826973208324262,0.955050313161655,0.245779248718531,0.644156928724192,0.712140297406701,0.719355270421764,0.494469975577812,0.309036122027499,0.163556065023002,0.0419666459066105,-0.0553443080901763,-0.0594275932536225,-0.0609316023448839,-0.0541117928845024,-0.0463432751880083,-0.0216807352565338,-0.0168056308983577,-0.0022372389439243,-0.00698413491408731,-0.0308325899493486,0.0639812757473863,0.0749673261688519,0.0308984240626577,0.000712628288668728,0.00157867772527922,-0.0136055029069109,0.219209474732771,0.187329415201473,0.160194045766084,0.133054765047056,0.106201516489509,0.0711860076034578,0.0431706099695571,0.0127318019015687,58084.2728817158
"741",-0.235912214163572,-0.169418963736829,-0.31334797585455,-0.13884194176471,-0.0120554836274516,0.0344734609257026,0.0164260747270328,0.0183373113747035,0.904488013163973,0.333971947999441,0.370347128318333,0.30183479118578,0.460309207838039,0.657935090525111,0.825349940820176,0.95739273465909,0.118897087118015,0.682286108827719,0.673929771503197,0.703201813286823,0.518820585975561,0.321429953766774,0.163540833888654,0.0395761694450424,-0.0376658404115588,-0.0454088622384032,-0.0649158105474217,-0.0514916715342545,-0.0486393310759898,-0.0220948810027838,-0.0155902611664256,-0.00267487779226372,-0.012474134255071,-0.036988455843492,0.0942881686240022,0.0689250872212789,0.0423073749418594,-0.0138390665763523,0.00342686329291469,-0.0141122235041134,0.218258908272735,0.186511510494364,0.159705163099708,0.134188540495032,0.106894926548543,0.0699563671882466,0.0440509124801898,0.0124055486010574,58089.969970536
"742",-0.275507772679971,-0.189681436384276,-0.255922941402371,-0.14523292393147,0.00709213211225793,0.0250623846268808,0.013148039512532,0.0188609535003017,0.0368953071596433,0.366859505202296,0.259981825913625,0.289015179562483,0.479292387026814,0.667667647852551,0.827394857374453,0.957229714807768,0.996040006575175,0.653764443418625,0.770192170656526,0.719562281943414,0.495684026258446,0.313489800819844,0.162782876636077,0.0398663916645764,-0.05176687688597,-0.0544891874392136,-0.0773968190387709,-0.0558962726908686,-0.0527672185102801,-0.0249492556299925,-0.017625737717295,-0.00211412821646756,0.0267282894073173,-0.0194752176094448,0.0810926530707871,0.0606378461517261,0.0202590795719301,-0.00140485896476952,0.00691937034120133,-0.0169551640331248,0.222004216181506,0.184608240997501,0.162013434509878,0.130246701964848,0.107258125948294,0.0699754800942144,0.0434794131544716,0.0127094558682458,58082.8435381969
"743",-0.26013481632828,-0.151894654673341,-0.302863705558857,-0.149114394832433,-0.025230814345185,0.0267890146057475,0.0250926780394473,0.0185292107850944,0.829513536134825,0.264820978808128,0.339399011907643,0.310587236364191,0.494855760002538,0.657361107618771,0.822858100520915,0.955181110700664,0.20098761847928,0.745496966687596,0.700164753237389,0.697862818227939,0.487786747385621,0.32452889257343,0.165605088707489,0.0416905149245359,-0.0472090325671403,-0.0549181378530862,-0.0614829077556889,-0.057313859253972,-0.0523316890498565,-0.0221038385205809,-0.0192411537835429,-0.00226700164352368,-0.00166038744427639,-0.0048380930815071,0.0997940902971145,0.0739372835353542,0.0386045106376142,-0.010807353625587,-0.00964868199292585,-0.0129301679303683,0.21863287902723,0.186463011321733,0.157550104158038,0.129484051842282,0.110211022427621,0.0693124636906563,0.0437447178769923,0.0125166716595994,58082.5176308243
"744",-0.198362948048977,-0.185147026413399,-0.257627324232112,-0.132830590143129,-0.0213188162478717,0.0334488909524852,0.0145509107390605,0.0183440420102436,0.474737209430491,0.164010273266189,0.304853104589107,0.293359376119438,0.478601658025375,0.656186903149545,0.823058255312285,0.956741718169831,0.545746989856201,0.857221238320158,0.726833494084375,0.71373253875629,0.50176956976859,0.324309567665848,0.16700203042902,0.0400235253812142,-0.0467910915739147,-0.0629740448364755,-0.0683919525296912,-0.0567592708533828,-0.0558585813156404,-0.0231394328999175,-0.0178725986421032,-0.00220998259672701,-0.0734782778141272,-0.00836292326511885,0.0499362159477712,0.043841792156815,0.0545220124546924,-0.0176606059591891,0.00621347527979099,-0.0132017559795877,0.21806259088316,0.183094399013411,0.157312067132077,0.1324443572182,0.108772467982369,0.0707293923319251,0.0439210095121178,0.0123292556203648,58078.8730770014
"745",-0.255280425341926,-0.178198997377481,-0.243848155446143,-0.146128096607733,0.0042204323046898,0.015950312639715,0.0223696757708171,0.017071709654346,1.80896332790174,0.260286488450457,0.278263230108404,0.331948862980077,0.472476696142337,0.671086924992952,0.829152317575393,0.957227771030548,-0.776731788127358,0.758722860473448,0.747470512592259,0.67222892928412,0.501481223097469,0.312814154962896,0.158793123362854,0.0400345201281252,-0.0467838532858308,-0.0571048896642268,-0.0611122804157009,-0.0492848304045504,-0.0523057603344765,-0.0259994393628,-0.017444285332162,-0.00243014233359058,-0.00886908812430616,-0.0101243232384882,0.0475812361648198,0.0771782287076928,0.0313297787201131,0.00190562897105961,-0.00225832360697392,-0.0134219684528114,0.220579563431207,0.182949481733736,0.157780089132224,0.132557828244955,0.108755237417718,0.0705770907394762,0.0435343269514031,0.012715025954936,58083.0313924155
"746",-0.232592841451471,-0.159225340160834,-0.276774621250153,-0.14403808774841,-0.00241134463784142,0.0355710631232274,0.0206268427173625,0.0175807726165066,0.0283327315068208,0.170319924788412,0.325746171067548,0.297073677647553,0.476918005773973,0.658039185807935,0.827742041110378,0.957002757295157,0.994672234841491,0.842364834728174,0.707849316294354,0.709994015937324,0.501797052267114,0.321263060763966,0.161327713505074,0.0401927846516338,-0.0464066754717547,-0.0443888301781517,-0.0649587017579367,-0.0566753881863919,-0.0501631248793449,-0.0185325198800366,-0.0170236406399093,-0.00192490319396205,-0.016614800907368,-0.0352411529899032,0.0807258207663328,0.0784149753048442,0.0234460532233429,-0.0172599867926359,-0.00562710865927536,-0.0142318371053103,0.214469913741755,0.187613918764224,0.162913417854203,0.133361728613539,0.105631657439721,0.0701661071971624,0.0434700443925,0.01262239012354,58082.5098501886
"747",-0.283685384033409,-0.148494369396288,-0.284604586979122,-0.155176992857219,-0.0136167047565866,0.0201404079309136,0.0169941020120579,0.0176037829261437,-0.19285557112909,0.308277190065384,0.340364737913763,0.303511078438528,0.47479375229808,0.677489475086457,0.824335103686799,0.956432826045146,1.23230378920504,0.703275373308087,0.694695290519096,0.705712745277472,0.504382428926447,0.305602469788741,0.166016311456214,0.0408214434789382,-0.050579061035268,-0.0475170349366809,-0.0583650264675636,-0.0618004161867076,-0.0556197623037116,-0.0235980947184443,-0.0155358904630729,-0.00228150151528289,0.0088719794775237,-0.0538715353193255,0.0834285646388627,0.0839429351345233,0.0467780122416151,-0.0046458344772158,-0.00548447760266638,-0.013866155024496,0.216574299590565,0.182568699739046,0.161584088697735,0.131881880776766,0.107552883799484,0.0701318061020133,0.0440798245613257,0.0122347086635582,58086.6084054248
"748",-0.258944829484815,-0.181331850282728,-0.275660468107968,-0.128540007720591,-0.0279648411872294,0.0212704486521167,0.0173578945712869,0.0173813750289025,0.400807023052188,0.270893053422743,0.344489621114944,0.272565705305019,0.49715436064104,0.668407700095319,0.825842107951654,0.957963960687518,0.626625225736364,0.746730238797051,0.68812629487391,0.730975315825089,0.486464166444642,0.312730006470018,0.165408120575281,0.039298940170367,-0.036147294648466,-0.0488618366518711,-0.0620703174141262,-0.0573560512283199,-0.0532458498482909,-0.0237407100698086,-0.0174403789700673,-0.00252437071179222,0.00453929956139644,-0.0128338023169378,0.0803828309625182,0.0555970608559157,0.0359718482524186,0.00273725319682593,-0.012306167120959,-0.0138961045025667,0.219426843545648,0.186412455515744,0.160435709874281,0.131176027133307,0.106332398793403,0.0704304408410366,0.0447803437157589,0.012492934485797,58086.3100206167
"749",-0.278677054786195,-0.166739329691534,-0.276959008304857,-0.140045645178381,-0.0090177495312659,0.0237781825921675,0.0233056820469336,0.0186357864900302,0.648290924709729,0.224586806787122,0.36555985348275,0.301432249857439,0.475696443996626,0.671098605384953,0.826315513023696,0.958108688696768,0.38349540993963,0.785004083228658,0.66360635229302,0.704416176391955,0.500001130209972,0.310034121433771,0.162498709177136,0.0386267929112665,-0.0443877660665553,-0.0607197122092351,-0.0594697362048544,-0.0594217085997695,-0.051342661153084,-0.0219016840531788,-0.0142555289182622,-0.002917891947405,0.0141943879838729,0.0365597169038024,0.10795789978079,0.0700141690198446,0.0541786828115611,-0.00117771191122528,-0.0145615618215151,-0.0131676814535737,0.222611261295941,0.184158115613221,0.157646448371911,0.135094618782819,0.106376157541634,0.0698161433212128,0.0433317091642877,0.0126415486682089,58078.0910117013
"750",-0.295857273641587,-0.175741827848325,-0.263043310184163,-0.139882375950791,0.00759168198578077,0.0209865454771545,0.0177752192451826,0.018051645087996,1.82628977617633,0.307423574340872,0.360948037665618,0.317773942767081,0.47885484613345,0.661347192297256,0.831182124351711,0.95628249801387,-0.790054463233807,0.708110301088338,0.674028079838726,0.686598950796842,0.496361044568483,0.321889573799759,0.158335931847009,0.0407033558203017,-0.0460153372308926,-0.058358025754239,-0.0706222148736328,-0.0510985317592053,-0.0513340663434828,-0.0216690524887907,-0.0216103686561068,-0.00212886661449931,0.0270086916496617,0.00349328324951579,0.0462550081654001,0.0642088590990223,0.0184186849304287,-0.0055599836921344,0.001083827948101,-0.0142161789414574,0.218194646309248,0.185605049163451,0.159292665317372,0.135510841956184,0.108769102598239,0.0702539200968689,0.0440968783432799,0.0124940053638535,58080.110532103
"751",-0.217984661468031,-0.124873760168156,-0.265222796845269,-0.162624339499035,-0.0165912106437046,0.0370545068433816,0.0190989780720147,0.0171669723286481,-0.363278097724815,0.342322224247498,0.32178817349582,0.330456669898049,0.495252772766899,0.657998001353927,0.825194367648343,0.958083070214056,1.38497346187462,0.66242384434466,0.71048282336691,0.67564619900218,0.482782047529387,0.321186185967353,0.164350934623652,0.0389991840281535,-0.034237023220078,-0.0386446022874821,-0.0661819312955862,-0.0509470104086978,-0.0470396808507017,-0.0231920598401023,-0.0160746775694409,-0.00198032762046037,-0.0577888480900353,-0.0576868048285356,0.0603024712987553,0.101102656083176,0.0421979059028156,-0.0146075500518203,-0.00511848351887298,-0.0128167923954033,0.218836122965157,0.182164957276526,0.163434481419428,0.132797630629489,0.108692221597543,0.0707325736566918,0.0436155060111715,0.0126346255866714,58080.9125762023
"752",-0.264878591183671,-0.185177328398475,-0.283221010837813,-0.15481662811628,-0.00642085744454934,0.035335549795927,0.0135191510471679,0.0179175455415623,0.384111750692531,0.378166221125656,0.335430351378194,0.288008443385712,0.460824582977342,0.670681929374157,0.827250626255531,0.957146025234946,0.653308002193579,0.635894120631479,0.699647702279091,0.721054065507965,0.513292195685337,0.309997608216874,0.163635140292978,0.0399554628158013,-0.0559279783785844,-0.0540840360924897,-0.0667946868135725,-0.0570641861125468,-0.0396325123847373,-0.023399513465608,-0.0150227843787645,-0.00223527379371077,-0.033858955636319,0.0348485330165441,0.0811489901248084,0.0811726768013563,0.0437694503015246,-0.0245324583348226,-0.00247106289103555,-0.0147791411513646,0.220331348659579,0.188813894171244,0.160225485256101,0.131145254694823,0.108039123370106,0.0701958498957372,0.0443570207476514,0.0124678705178853,58082.0308585455
"753",-0.231205307778614,-0.158464749161075,-0.270345425423917,-0.145381319536744,-0.0292522728583825,0.0222765963226059,0.0120713424505069,0.0189702313586701,1.65821684552474,0.231125511351943,0.294191558467013,0.297242947484612,0.477612534849353,0.674731579584353,0.824322097068802,0.956743249994256,-0.635008455128822,0.77921919195238,0.737016466110451,0.708825780297957,0.504618380348853,0.308571511621737,0.165733804995232,0.0399137439337673,-0.0473425211451156,-0.0590163130089686,-0.0635537428417087,-0.0557597328546883,-0.0468790346772681,-0.0275032994056182,-0.0189865903135882,-0.00229102357780047,-0.0233788537408998,0.00298218566391074,0.0757299144737104,0.0787618674568786,0.0540123418933185,-0.0121494743254784,0.0123534842386014,-0.0133547520656781,0.219275665105197,0.182261108738814,0.160092847307443,0.133902218212844,0.105469270580675,0.0705267240577218,0.0447696177195624,0.0125244577849751,58082.1778572291
"754",-0.256407316671222,-0.142121969702879,-0.264430821341753,-0.135971242446556,0.0197563997642381,0.0260525251793665,0.019259213699673,0.0200213087801837,1.33287863171441,0.273110076156484,0.297275351306377,0.287034323281399,0.477442558483149,0.669728649527907,0.826858920738905,0.957780219864559,-0.303023962078442,0.735257406318303,0.733849073677918,0.716574344480142,0.495787211216978,0.310791068522793,0.162049939689561,0.0393454538221687,-0.0442423002738112,-0.0549455945568708,-0.0622443568812069,-0.0516127163763836,-0.0513958248641764,-0.0217422909002523,-0.0203635020889425,-0.00329023319784816,-0.0108654687750134,-0.0227426468631376,0.0769446683382855,0.0763052060498576,-0.00154721262581855,-0.00963116725657178,0.00691796637975551,-0.0180947787156449,0.21629348263887,0.181869030797331,0.158875585788954,0.134077914662335,0.109543711957673,0.0714512034470365,0.0423727734028469,0.01245850235221,58070.6067715726
"755",-0.266988246336271,-0.180852745305285,-0.29501031888716,-0.133050264724516,0.0135112322823865,0.0102683840188718,0.0150650924089079,0.0185131288728973,1.22758168667454,0.212049911539103,0.323882486121575,0.264287319935636,0.459111532106258,0.673223314354122,0.827496101025619,0.956632207851392,-0.200519948722594,0.807170968850737,0.710508089805954,0.744373828294146,0.512775661236328,0.309227643572716,0.16310951776604,0.0402284453049102,-0.0379753843287693,-0.0546915154881406,-0.0665739016051022,-0.0604621233208037,-0.0436142056194842,-0.0230355230125177,-0.0183614332671862,-0.00147810794944348,0.0159514874064693,-0.0188924051993924,0.122520345746203,0.0484571360839846,0.0181120867656576,0.0184345728103517,-0.000214944263298435,-0.0147915032518285,0.219081968876002,0.187982473892025,0.158977250403623,0.134395322682026,0.108079794483594,0.0696189743463866,0.0439307819302794,0.0125141102934827,58080.4082164746
"756",-0.268549703689863,-0.129506587938939,-0.237249105477245,-0.136436150144069,-0.0194141170985072,0.0309099990963867,0.0146625041132451,0.0155067779332355,0.094775874635161,0.230546912432083,0.270328993206736,0.286684331951636,0.497889780451554,0.660571442718427,0.827586789508341,0.958090553515773,0.936625848478067,0.774323932006867,0.750175412604093,0.716256842135168,0.481783768937226,0.319865889202908,0.162120194012043,0.0391068314656611,-0.0392171946369471,-0.0476266828233453,-0.0633074224751727,-0.0545770294944834,-0.0458610680629223,-0.0208449214357763,-0.0163817805033045,-0.00290059342074573,0.00443726791707119,-0.035325300611758,0.0725983387752011,0.080227385906762,0.0342600462078455,-0.0130742056253826,0.00186698905780562,-0.00918111926411499,0.216398065524003,0.185120955733705,0.162437337438951,0.130156964388741,0.107046801598994,0.0695437853004395,0.043971930172129,0.0125953979512097,58086.4137486523
"757",-0.280615100190866,-0.150251398813382,-0.282545375127796,-0.150336422221872,-0.00599846293449917,0.040198445651121,0.0211676094690342,0.017471901600982,1.77753175861155,0.265865516392442,0.27163834600938,0.308084647070006,0.476520911256358,0.66216749283695,0.819621795453057,0.957976958524357,-0.743753222085446,0.741187820780414,0.762549175211493,0.695933101074292,0.49779314042042,0.312128830485903,0.168243885226408,0.0396015690981881,-0.0462922303103631,-0.0467133711686784,-0.0684677356531637,-0.0561281644906615,-0.0464595106280516,-0.0183565971211597,-0.0175378267919145,-0.00282146595303251,0.0123866383601829,-0.0101428740503846,0.0888027427826813,0.109364483604508,0.0492620529702017,-0.00121206501984446,0.0054591246751742,-0.0153129490695328,0.219641978713212,0.181617997695013,0.157743073579966,0.134155943407485,0.108851575707833,0.0696725381976853,0.0437714902820074,0.0125726993575128,58079.4695851473
"758",-0.266429824586062,-0.156669104286731,-0.299224006074689,-0.112702657333385,0.00574381903091096,0.00832179880571607,0.020825323346928,0.0169447018158838,0.09559721940486,0.317917981379171,0.224861242894042,0.248462627869795,0.47647591885753,0.672686676091634,0.823532029461536,0.957381553865618,0.939281389239812,0.696876112800896,0.815832828134952,0.749089178824774,0.501020918228417,0.310230501434231,0.164223193286401,0.0401334137750919,-0.0333546911128164,-0.0538772493065224,-0.0648835129954363,-0.056850665121205,-0.0556651657581858,-0.0217921670946378,-0.0175928296310331,-0.0024582493747482,-0.0180489683503952,-0.0450372757365939,0.0883947458615806,0.0751040813159573,0.0188952813147695,0.0225889651379204,0.00483438895486723,-0.0142829243525258,0.225911555490869,0.186386769397061,0.158746980979906,0.132245582372843,0.107187584027121,0.0698527562784631,0.0432927166506643,0.0126173894301651,58069.2064533865
"759",-0.237269689057185,-0.128004989753927,-0.267627192093589,-0.159888156025452,-0.0156423690245223,0.0301034128245713,0.0164983859483416,0.0171470807399802,1.04762096413815,0.169795920040789,0.305009621739531,0.289905443625232,0.4851881508675,0.671474742149945,0.826373415938007,0.9574516136033,-0.0228802752896881,0.835467764121633,0.721207711641122,0.71728921289631,0.494069940905736,0.310063752237022,0.162404858763897,0.0398514318011768,-0.0523869804670886,-0.0643352186212828,-0.0594306072799383,-0.0560091709218695,-0.0482590031378668,-0.0239677772942494,-0.0140536248587215,-0.00199613715875609,-0.00535016784856078,-0.0351601960944149,0.105025038264073,0.109446531818367,0.040001739205048,-0.0203206288898243,-0.00205683153866285,-0.0147995671055585,0.220948251924346,0.183870745872366,0.15884565921125,0.129696858275956,0.105224061775667,0.0703827245887377,0.0437333966446134,0.0127791924003721,58078.1976494037
"760",-0.304115450890199,-0.220085519408886,-0.285069136862295,-0.1493256982188,0.015266392805969,0.0317723264010283,0.0170059139076242,0.0167583725794489,1.8470251524532,0.358760326058929,0.341809268932506,0.335904528147685,0.462849740070393,0.67265302177189,0.828001071982759,0.959280790309826,-0.806423230442543,0.666150160608186,0.698558813022796,0.669822514228993,0.508611538186774,0.307050905910152,0.160979544873163,0.0380600162129791,-0.0528776074796461,-0.0550616667882557,-0.0714798935699434,-0.0594370557534126,-0.0395819611990374,-0.0227586178056273,-0.0180941627298457,-0.00276843725554741,0.0358200360612644,0.0275798391188024,0.0666718004790062,0.0900482515203991,0.0169688817181444,-0.0130738247607769,0.00559740201709047,-0.013874621842558,0.218188879554699,0.184426290768458,0.159617761316633,0.132243856218943,0.108091210558243,0.0714613322605315,0.0436638059813782,0.0125723392962521,58081.4880938173
"761",-0.234881923291234,-0.135030870574228,-0.253803461228911,-0.146345669628168,-0.00893595024474595,0.0295327790968353,0.00633955310178743,0.0161848058001625,0.402186561317462,0.2630107643791,0.28059018161106,0.289309004490177,0.466256718207505,0.673042338002315,0.832584718460915,0.95743923818731,0.624936260492628,0.744470679423443,0.748841350571658,0.71584521693237,0.510313124299911,0.308084077440973,0.158995111948006,0.0399806761627925,-0.05015570100697,-0.0543072476692656,-0.0584878485392826,-0.0576446852835541,-0.0531607323262366,-0.0204739174947719,-0.0175514514769509,-0.00245116639155174,-0.0305901988905064,-0.0384322942813136,0.0430963297879815,0.0941683339067033,0.0586739273330239,-0.0189662986321176,0.0092666942007275,-0.0115863515605641,0.220223639571159,0.183629283158072,0.159739189626157,0.129991562110749,0.10604224656844,0.0685978213265633,0.0442775104126905,0.0123733646004577,58083.9048731994
"762",-0.269849331337096,-0.144044023713206,-0.252187742183655,-0.148966390771185,-0.0193639505538507,0.0162138276649617,0.0136653153461158,0.0190797693307639,0.148034099787121,0.381513374264717,0.296649602185818,0.286399692084895,0.474427955910858,0.664375486730688,0.825021127288787,0.956561382895676,0.886299031045062,0.626110448834531,0.736241702825015,0.722778691418083,0.506784262960028,0.318996582214379,0.164295648891206,0.0399871762195075,-0.0487221766168392,-0.0467837590522983,-0.0711647982530842,-0.0565972916178381,-0.0530914877416954,-0.0238168837768886,-0.0147442459923625,-0.00187963289184642,-0.00284457435897089,-0.0386550467253226,0.0414799404852572,0.0749820610369156,0.0340732525028772,0.00336671179163028,0.00296562857027275,-0.0135487223252566,0.21908773320548,0.182445130884298,0.160418382084386,0.131074009026182,0.105296951839506,0.0698626577767293,0.0440362823744168,0.0125356778911011,58082.1771401708
"763",-0.260684934141038,-0.178653523979115,-0.285963006910301,-0.14266869472923,0.000415274261868814,0.0379830617330707,0.0149532856869529,0.0175057353023825,0.267642192632137,0.274769874372877,0.347022250291846,0.276226764013653,0.464097219047259,0.667753948836283,0.822521859855837,0.956319546021359,0.758332038938046,0.738139255528486,0.691866993422611,0.727099947357182,0.510325048068118,0.311078599831428,0.166177604681032,0.0408528088358739,-0.0439050619340214,-0.0623578233568573,-0.0668133937423275,-0.0566726077639897,-0.0442829492798787,-0.0230088136907638,-0.0171970425219884,-0.00292824731227735,0.0198119487423923,0.0342119213729613,0.0717850990445429,0.10214339325962,0.0291617931708858,-0.0201081675791602,0.0103934212174312,-0.0121846113524553,0.217487570391899,0.187131673629577,0.161128680075378,0.132856199664619,0.108030674570676,0.0704811901167866,0.0434635035871162,0.0125436463138927,58089.3498607187
"764",-0.258280917386309,-0.178931953827143,-0.302660954885538,-0.122372077452822,-0.0091027763177673,0.0171700453021479,0.023954581940008,0.0168607600370404,-0.0661712722915265,0.261005895792833,0.294776388310612,0.301761257895744,0.466492313474662,0.670968259143835,0.824994197224076,0.958165143225672,1.0961416586153,0.759185743065027,0.748402195857092,0.695853027528826,0.512451338431565,0.313189674503727,0.16093595333772,0.0391498791579259,-0.0424954518484422,-0.0579779906246104,-0.0667654462635611,-0.04945603959508,-0.042619042881859,-0.0194607199643003,-0.0154220826643382,-0.00298033220577106,-0.0100569492573136,-0.0154164101972892,0.0821167525664867,0.0774472932879969,0.0223320903625059,-0.00933685723359517,0.00332294749373155,-0.0129011555617254,0.21469756247275,0.181349532297958,0.156606232466094,0.129730195256739,0.108811770724297,0.0699925445338388,0.0443085982610821,0.0126048655677927,58077.7133275338
"765",-0.252667942001175,-0.136797681263411,-0.259401912148498,-0.126445680172733,-0.0159598599391985,0.017168488430251,0.0203485016921773,0.0167207031537741,1.05591863894857,0.209892626483367,0.345551825306192,0.305153921504602,0.468629514981328,0.66846840230205,0.826366595114768,0.957592390799572,-0.0337945253538178,0.797839330757294,0.684309224478993,0.696282478452092,0.510400278717408,0.315449832222832,0.162275627639787,0.0394910829615621,-0.0375561959955652,-0.0472168417690036,-0.0650375640115932,-0.0541089064951083,-0.0458791495662811,-0.0241734142154645,-0.0177602250651438,-0.0026122396493198,0.023523530282403,-0.0467326103727689,0.0649591989344874,0.0687153098875933,0.0414688819720505,-0.00157446443051457,-0.00298470200255747,-0.0117518326965543,0.220115115282039,0.188986054428437,0.157022269289377,0.13290875704594,0.10893469148983,0.069936019549105,0.0436337210753369,0.0126788272777317,58089.196081425
"766",-0.211676133885459,-0.173344373005736,-0.264611960440571,-0.156172802380281,-0.0293060217685349,0.0256721808840015,0.019354678797539,0.0179467560718677,1.07952428746704,0.331415625225021,0.319748684930596,0.309616374194013,0.473526010589479,0.673724112515196,0.82156813865444,0.958407314821442,-0.052172724381317,0.68970346418986,0.712665558467292,0.694836348633561,0.506948273817399,0.310054717591243,0.166802245705894,0.0385744016047072,-0.0565552669048271,-0.0594874919278109,-0.0701815638494846,-0.0559374534529577,-0.0495339097408911,-0.0260974187462426,-0.0186965501196719,-0.00189916929704933,-0.0840563653451138,-0.0450420068894768,0.0623866217608941,0.109478568388614,0.0623583692984168,-0.0200159747937433,0.0050202116480303,-0.0144324342186845,0.219592371619342,0.184800904182953,0.158026887343751,0.1319386232341,0.110073757498499,0.0700380675987472,0.0436731092064523,0.0124570187408864,58081.1326409856
"767",-0.259579935260502,-0.190692803560828,-0.261850510068904,-0.153259373783758,-0.0178666584905829,0.0339741394401088,0.0189918107513888,0.0175483131497461,0.394573087396956,0.341330551287773,0.329998354201638,0.30447071662081,0.500179243148922,0.6579811725541,0.829735979470263,0.957274563659732,0.630859384718414,0.671993422458896,0.70127587113605,0.70319087717817,0.481866542371447,0.322943246683682,0.159638694572427,0.0399637865343817,-0.0574807969674343,-0.0531986344239217,-0.0604192575200402,-0.0578711079784679,-0.0518765238602806,-0.0245490477255419,-0.0175515544557925,-0.00253539364209385,0.0397474769053461,0.0390932364754831,0.0478211122319142,0.0844973063056615,0.0294267190666031,-0.0136731445871141,-0.00561276378323637,-0.0135426178796479,0.21628664313795,0.186214018062913,0.160944854338239,0.129974531031273,0.110179296317082,0.0706084784734427,0.0434205184263473,0.012411331032367,58082.4805581415
"768",-0.273012554772169,-0.19444224939542,-0.270538779211075,-0.130436858916187,0.00792312606688832,0.0243020901025171,0.0166776156371178,0.0187568943980774,0.0614263117511743,0.351282448292359,0.273508891436886,0.303790004401336,0.452104574791941,0.661002248141189,0.829427807201837,0.958197914098215,0.966707867805289,0.667641744140379,0.761301136213771,0.698367105467419,0.520763552128067,0.320743989599514,0.160806243998234,0.0387955570480976,-0.0353130392822435,-0.049089632944356,-0.0596159574100465,-0.0510382826053243,-0.0457488006886686,-0.0182457570700083,-0.0186126154944378,-0.00277311267514765,0.0264795007152503,0.0141404449997539,0.0649721194922522,0.0672442685317613,0.0286552090790944,-0.0108609969572205,-0.00374050658762653,-0.014859073026964,0.223897126121948,0.185336718564589,0.160695979662274,0.132416657978679,0.110078295403373,0.0697161061144865,0.0437508885852445,0.0127589278389651,58081.190621736
"769",-0.298964743365398,-0.180146807864331,-0.258582198552165,-0.142733031428635,-0.0242233557894943,0.027886021185723,0.0182954332044029,0.0149705926241959,1.50631550112738,0.31126494903423,0.296192871734502,0.308452261398186,0.470900806448417,0.667722016462448,0.823496888923936,0.958377894143887,-0.466632281362647,0.707679010978817,0.732472627001218,0.699621804687042,0.503469031302936,0.313656777528547,0.163961869985786,0.039163519920536,-0.0533742314689573,-0.0562447070183015,-0.0653188216593847,-0.0559274028885949,-0.0467283557423302,-0.0235129704377759,-0.0165148831941546,-0.00175911939952694,0.0348712864822797,-0.0100756396885628,0.083564309400776,0.0647071011798237,0.086949095337631,-0.0129187186568262,0.00364203100766735,-0.0116935925862342,0.220912607950938,0.181292644094102,0.159958883990332,0.132939612876876,0.10961773668882,0.0710854359147279,0.0433685218338365,0.0126844742136146,58076.144969422
"770",-0.251024680149034,-0.177946547037314,-0.295628910686547,-0.136434300964714,-0.00302814367860165,0.0272916223591994,0.00605431316813907,0.0181701368019234,1.2082576947251,0.241889462140632,0.400258136946464,0.274965357249856,0.47150198934301,0.679594427836801,0.829506140222606,0.955758041777138,-0.173722699210934,0.769342331718881,0.637002948137825,0.728534021041378,0.505715597427723,0.302166658874864,0.162261037288766,0.0412296734927366,-0.0577793612642367,-0.0452491102724297,-0.0660108905571325,-0.0593969637942449,-0.0380761346949383,-0.0255846049966996,-0.0197729322890469,-0.00247550678990775,-0.0154100568458249,0.026585554720623,0.104096420390885,0.0928955912033792,0.00852896293808652,-0.0159177415798634,0.0113989515236374,-0.0124262078798729,0.219471565166804,0.184337083860191,0.158272276976549,0.129055991442829,0.106837048117513,0.068665115832845,0.0447183855346824,0.0126838804201715,58067.9171774044
"771",-0.309845773687628,-0.167293320072433,-0.272509793351859,-0.145508767987741,0.00125338711413014,0.0247449062075603,0.0139958094122209,0.0193079842933459,0.31076448562485,0.293235243484232,0.291538346790366,0.299405460109242,0.481451777775984,0.673013986353904,0.827330949238026,0.957585123572067,0.729343525856398,0.725993950511854,0.738710532315821,0.706266203265748,0.494339798406883,0.309569306949649,0.164229237592611,0.0391044941189171,-0.0468904784945176,-0.0557563137394907,-0.0561190075722183,-0.0620509795130798,-0.0553324564472162,-0.0245069762796689,-0.0179334829769035,-0.0025545925475715,0.0595193602180431,-0.0418815565127408,0.078681747350991,0.0949690085171813,0.027666822638696,-0.0124466354580776,-0.00462549427212607,-0.014957414996194,0.217790926379572,0.18659199937911,0.156860214981843,0.134293647427751,0.108954999573126,0.069540018539038,0.0434330131654385,0.0124177417955956,58084.4393214521
"772",-0.234158561587898,-0.199184625810935,-0.278150811635632,-0.142381124612491,-0.0183706814333411,0.025140933474434,0.0262505449147161,0.0180528128045212,-0.291952474793589,0.183959399447401,0.325336526125262,0.310631814967707,0.471464354709113,0.659106607037239,0.826450349975381,0.956730808098734,1.31606119562355,0.838214975156043,0.705289016019551,0.695955955772156,0.506601059752037,0.322856793276314,0.161842031565105,0.0397665550767485,-0.0404704623622231,-0.0673830849232512,-0.0659577256009215,-0.0609474025952456,-0.0449507758433707,-0.0239490222261748,-0.0187468680780751,-0.00204885355911314,-0.0280721590664806,0.0283045289014827,0.0991674079037628,0.0820118303937918,0.0484680792835806,-0.00414709503221658,-0.0157500153313545,-0.0115475700064319,0.219026918482937,0.18310043432105,0.156991351112082,0.131912314605514,0.107434592065523,0.0700912239589912,0.0436861652499404,0.0125109547293377,58077.9213332271
"773",-0.210468110793868,-0.17781749430192,-0.302877115993859,-0.123232084693169,0.0133362253315551,0.0272369144952233,0.0119544897311837,0.0192792462956309,1.35836568940625,0.293859483108105,0.289484273379545,0.293416949128697,0.470481362828187,0.670429978528768,0.830738339729769,0.955699520393604,-0.33668475608543,0.72572313480318,0.744809677382198,0.710474191262346,0.501831458115389,0.309053548776095,0.159639328476594,0.0412750611347135,-0.0421167548647244,-0.0545098451498413,-0.0653884898219246,-0.0528555515698743,-0.0408349733809044,-0.0241842038591386,-0.0187551957647971,-0.00188657399445248,-0.058693456456572,-0.0128733594291891,0.137066277212251,0.0421337453952342,0.0162850323480603,-0.00322013914215346,0.00808543659725555,-0.0168297166502105,0.213110840165034,0.182547376203863,0.159523460496257,0.132184404077316,0.108026445861729,0.0703234028096972,0.0435863402846936,0.012456870248042,58078.9309985064
"774",-0.205458375431302,-0.206964706757771,-0.274089800111626,-0.148460299140531,-0.0147171874035019,0.0208210406065293,0.0107705784628777,0.02036193946291,1.04587584848261,0.423760960430633,0.320087250348605,0.304882027268222,0.471927678539692,0.666467437968104,0.827939804482454,0.955718233489165,-0.0198684079205897,0.594705971258118,0.710928055175192,0.701631035607615,0.506379779311953,0.314063553370812,0.162417593635293,0.0409415034695946,-0.0477134346447449,-0.0511883277682073,-0.0500330196274709,-0.0576058494454931,-0.046479506009077,-0.0252229099105426,-0.0189420170096974,-0.00239848881596255,-0.09413753686956,0.0296840116084591,0.0786683867110146,0.0880186796474506,0.0393040605025479,0.0116758766982621,0.0112366340106533,-0.0160034596507281,0.214388130190939,0.185302973667241,0.160629523143937,0.137365046735947,0.105849814630697,0.0705170460503342,0.0430660325537702,0.0125661972517178,58070.6494694703
"775",-0.243515223132962,-0.1505581440284,-0.285142173796807,-0.143796513863187,0.00631790825389921,0.026323167741921,0.0250776894900758,0.0146902574440031,-0.465745223787607,0.329575383592388,0.389586677485467,0.265790354255838,0.468439041944059,0.669000167226686,0.824176480215059,0.95889111721583,1.49429380183404,0.680629915856008,0.645258772963885,0.738372006095252,0.504813120861224,0.311741948405351,0.163529824459824,0.0388841027496751,-0.0344718566614223,-0.0453437363014763,-0.0601921931256381,-0.0616613079404085,-0.0455408522836961,-0.0248293758555457,-0.0161830173048442,-0.00287069081605858,-0.0404172611934636,-0.0294078366915387,0.0905898553532385,0.100630618395211,0.0343614510048766,-0.00403526382215077,-0.00953500763984137,-0.011672577627799,0.223232464538226,0.182590867414409,0.159307167439377,0.131418362144521,0.106782577156229,0.070004754553959,0.0436660552143782,0.0123274054155578,58082.2085046804
"776",-0.282092415934865,-0.148409436098447,-0.271132468497486,-0.137992103803433,0.00657426357275513,0.0047420024719324,0.0127242234038494,0.017705490515896,1.77461537934993,0.246587839174445,0.373132436973687,0.312095793965383,0.479175129712435,0.672150981484157,0.828429323994733,0.956947708428932,-0.737515799077679,0.76329701452708,0.662070019818655,0.692454417912465,0.49468545153811,0.315795604828735,0.162110629901248,0.0400397640714633,-0.0475304394836767,-0.056036475474647,-0.0669498139534737,-0.055055208645702,-0.0446839163122213,-0.0278510278023682,-0.0181177410846277,-0.00283252259226543,-0.00730019009169205,-0.0244952481982819,0.0635922546676341,0.071027216311517,0.019343736462777,0.00441208479724172,0.00348695160157585,-0.0128236796019585,0.216687716588153,0.183500623147202,0.160068182462155,0.134049705439761,0.107640751589479,0.0706791151441291,0.0437294540671398,0.0126232675856024,58085.7004608113
"777",-0.264677315264778,-0.117651481087674,-0.271147304884203,-0.175066553695351,0.00261106306597971,0.032907073545618,0.0157406074815073,0.0170185405745576,0.73683009318452,0.171275289180838,0.329310000738582,0.32411979482852,0.465700514718939,0.657410281876012,0.822885358595388,0.958743876765842,0.294958422993558,0.83370694617125,0.710272806630517,0.688651046985523,0.506485167843044,0.32371475752143,0.165261257858535,0.0383708654502784,-0.0387645476359369,-0.0615186432263407,-0.0791968575852714,-0.0508908725946911,-0.0466578576746282,-0.0228129259856529,-0.017475673966992,-0.00232558060395484,-0.0269378830153841,-0.0554763475036057,0.0526052161137014,0.0958356240762299,0.0419726005948177,-0.0209646491123344,0.0103333307588018,-0.0128766961978222,0.216325886046459,0.182839446296929,0.162603849103729,0.132434306616609,0.106988019636097,0.0704408837249837,0.0441218390209046,0.0127338209087117,58074.1992406522
"778",-0.26138361301817,-0.139320070844802,-0.309132569125455,-0.14257230722263,-0.00416706881973552,0.0308072598333662,0.0157573762187203,0.0193366850925165,0.137054541197797,0.391143207347546,0.36325242201855,0.286594365639936,0.471429352677268,0.671138309813005,0.828004041599021,0.957508803134135,0.899265200613012,0.617225672371772,0.676442492689055,0.721052819640794,0.508424825817659,0.307626909155399,0.161677870668212,0.0392662920049498,-0.0378799611784731,-0.0463044892093266,-0.0606677630684674,-0.0593596047958691,-0.0492781294547012,-0.0225008391831329,-0.0200180068010887,-0.00295128390623767,-0.0377625034706314,-0.0522506373371448,0.115004348798494,0.0702616303575788,0.00950105941180758,-0.0044068581063411,0.00537069657405403,-0.0150094011314681,0.220216133692041,0.185945942536287,0.158394813555626,0.132296112399738,0.113609016447108,0.0708111326769457,0.0438478806002388,0.0126463012907623,58074.2307060923
"779",-0.247582453597107,-0.140532975201561,-0.260870027933691,-0.155704147428307,-0.0234050443077684,0.0293187067110874,0.012200590823451,0.0171266005373059,0.422509332760568,0.224266689204121,0.309671861260647,0.321029976543822,0.490728073411256,0.664078027279957,0.831859308111394,0.958660831238935,0.610316148751583,0.780171625329638,0.722085801812886,0.686051416382617,0.490478472881914,0.314861806606392,0.158383183987074,0.0388151921494274,-0.0444313696113812,-0.0318874800034708,-0.0637052273135726,-0.0569777681032502,-0.0512055390356453,-0.0230093501017009,-0.0191368048313174,-0.00274549878401283,-0.0557021643218614,-0.0328569895756519,0.0511799470966049,0.09753921844132,0.0399559120139701,-0.00537650668600212,0.00635344919850068,-0.0148194823070504,0.220094083454611,0.184162855252966,0.157865780847966,0.133698527684878,0.109041686039804,0.0718127976655876,0.0430195201151815,0.0124473344445144,58081.704492736
"780",-0.273310748137828,-0.151199101351601,-0.284804863713402,-0.1408636922327,-0.00656570020675603,0.0175448816020022,0.0166726677189226,0.0181245172557146,0.855674022845362,0.270289550067358,0.271795473903299,0.348474540044386,0.44624822624207,0.669264095826807,0.833948762954839,0.957679086247832,0.181038104879317,0.740170045032073,0.767815550638991,0.657719094727476,0.529681913929595,0.314272058524043,0.155968544225962,0.0389417723610711,-0.0579992148863463,-0.0519077728315792,-0.0726394787229655,-0.05614465787943,-0.0529467105425636,-0.0221505592772407,-0.0188157064938813,-0.00272130556760573,-0.00269668977081689,-0.0254400162751328,0.0651944989806729,0.0572050782399875,0.0463544755648649,-0.00684200817403267,-0.00177931919692592,-0.012158496080507,0.218058521825869,0.186469890783302,0.162249396144959,0.134660380553517,0.109128790541326,0.0691407851382555,0.0437842311039405,0.0124266108629363,58076.6477626243
"781",-0.272033498769338,-0.187053451995863,-0.257655301648377,-0.15929245578402,-0.0106078411398059,0.0345128080352016,0.0174298453811137,0.019089929634543,-0.674091302785085,0.265635021921385,0.275697232358764,0.297069499195492,0.46791051097197,0.66232056319759,0.825748668946626,0.95703720188039,1.70868768080742,0.75166940891438,0.752321357556288,0.710413238029472,0.508530229596145,0.31725495978259,0.163292057004736,0.0398722744141895,-0.0357939292038554,-0.0603987301887597,-0.0706783655547065,-0.0568740020914443,-0.0521362146042658,-0.0229724273133483,-0.0159309281940952,-0.00172263897302352,-0.0173677165064262,0.0167229636297799,0.0890950706148069,0.107015139912599,0.0565245927087269,-0.0128153132474931,-0.000191169689996494,-0.0159436282529542,0.218901648279593,0.185899027618815,0.160745479660614,0.134850358283951,0.110579739985337,0.0705404882210045,0.044586545267397,0.012364525693152,58083.8298119442
"782",-0.278959667498343,-0.0962759681032031,-0.271225975772575,-0.126489219433167,-0.0193518817553699,0.031289558740545,0.0113232054093071,0.0158388661696781,0.095661205343343,0.204771715416597,0.317019711766223,0.289988612530426,0.466750747372946,0.669656784073255,0.829736143724344,0.958152362632467,0.937657202897294,0.792922881616769,0.714740763458831,0.70998785105063,0.510872223865316,0.31000226576586,0.161466745920478,0.0394866467965911,-0.0458450305928054,-0.0433675614846566,-0.0563009582093411,-0.051442807315258,-0.0458282884966133,-0.0222678407639024,-0.0160736650365908,-0.00224469451647769,0.00541650465812104,-0.0807716030144107,0.0597869222590603,0.0686802492277264,0.0531469534114193,-0.0151187720833257,-0.0015584059272133,-0.0137829565855221,0.216634249655717,0.182222032399671,0.15981116242515,0.134833037129702,0.10888094881969,0.068678396395604,0.0427743685853902,0.0126728633678966,58077.3079221627
"783",-0.274969440205312,-0.156491616411206,-0.295660123973991,-0.143936734352303,-0.00354128028521546,0.0229845086291491,0.020280522469586,0.0171655013026282,1.42595888025781,0.249479750290562,0.365482668095489,0.258409693919428,0.477564115019657,0.673130534981501,0.822363916391853,0.958600599537909,-0.391373291507714,0.76508971557799,0.679784964741869,0.745595796452803,0.498014593435352,0.308848191702203,0.167540605703735,0.0387109905775903,-0.0404197162337047,-0.0708168498223867,-0.0779985474307818,-0.0604821811503741,-0.0458869401888765,-0.0219972104753683,-0.015548868939528,-0.00285098737870668,0.0103411276708574,-0.0142821573711653,0.0665720488471097,0.0954499310272349,0.032613728927674,-0.00394723914790391,-0.00746385153967651,-0.0135449126708509,0.216564092268256,0.183961419983137,0.15970035814861,0.130882078319422,0.108838158782569,0.0702453320610068,0.0441412840183903,0.0124310636867438,58079.8371522206
"784",-0.296326587064211,-0.16083229103536,-0.269756645541207,-0.122362524930603,-0.00603114952296602,0.024376686914659,0.00926354583558292,0.0188199822200434,1.21581237027114,0.329453011166292,0.2998674784784,0.246320344637259,0.459992590845443,0.676160446676241,0.830333255019296,0.957638814649721,-0.179354399098769,0.687359721108587,0.731099912578836,0.753388855343183,0.51599854437067,0.304594134593964,0.161205110218174,0.0396346405203488,-0.0657375268171957,-0.0490119651165033,-0.0675378726406886,-0.0564074093119099,-0.0460226159128301,-0.0202563116214164,-0.0174845987848328,-0.00313207444225654,0.0712014844569843,-0.0475178497954847,0.0843097307279931,0.0772043933607814,0.0417927169552503,-0.00566302065384549,0.000975541254918595,-0.0166709600688251,0.211463054215771,0.183124800674657,0.159873744660401,0.131114186240643,0.108680078367705,0.0691931649074298,0.0438609449201529,0.0124484255794957,58079.9688043015
"785",-0.268496561532662,-0.164792819424142,-0.272982973799948,-0.137534428374934,0.00477410486425485,0.0225521954290551,0.0158851356897034,0.0181632727934218,0.685808958353331,0.218548620926921,0.348021235233643,0.335838828419834,0.466272127522423,0.67080274990827,0.8301967179111,0.955862008069501,0.349469754013397,0.790708026219404,0.685850879827431,0.671045951165341,0.505405506738971,0.312035903108773,0.159558098583847,0.0407635265944735,-0.0554830473678308,-0.0571741941729564,-0.0606246721130007,-0.0523111110931588,-0.0459057704429261,-0.0232377648098133,-0.0167986179344436,-0.00191943195652026,0.000673163449287764,0.00838049224430505,0.0638413030416685,0.0509617642133303,0.0384990348955823,-0.00904089432114383,-0.00138245418686499,-0.0119015182113949,0.216820592664679,0.18717481574141,0.160723216295527,0.133432300388185,0.106227302283748,0.0711928418284521,0.04340350446661,0.0123020803581732,58084.5118862562
"786",-0.238667493554187,-0.139279415491302,-0.265960046999886,-0.139915899640508,0.00926408460412184,0.0321012230301133,0.0133434032825147,0.020050112153488,-0.71615929764068,0.180624332283409,0.298257832622606,0.34212532822755,0.461295331671752,0.675552043196305,0.827289855545254,0.956886422874586,1.74172744350056,0.824361438548589,0.73596272740437,0.662957638113631,0.511452613831879,0.306461065505681,0.161594011038619,0.0398436156599925,-0.0497059849441786,-0.044197994528709,-0.0675327182883385,-0.0553444303917717,-0.0476153918069728,-0.0244553975711184,-0.0194480521629302,-0.00281906113451268,-0.0192561218050359,-0.0114885686263009,0.0610328647896412,0.0705944649961143,0.026026719091706,-0.0256144597162175,0.0120417287730572,-0.0161913274131168,0.216627224893142,0.18581252040009,0.156691595297262,0.129866458142839,0.107107423174912,0.0714185066162303,0.0439931365461287,0.0125750480638164,58077.4957032124
"787",-0.270512966492422,-0.162077795604106,-0.291907654914989,-0.138426000700015,-0.0130346020921441,0.0364967304195242,0.0215258244904997,0.0170839607315682,1.06077777701977,0.286171516999085,0.344342787794112,0.317556883390554,0.475002300381918,0.658246274160326,0.828680923512862,0.956714470815437,-0.0292191594787078,0.725962851555007,0.697850943654326,0.686108413642527,0.500033825118605,0.321632393277919,0.159326011493705,0.0406084450978637,-0.0364544658760337,-0.0560213041122716,-0.0733773813561761,-0.0521959980763892,-0.043484250328894,-0.023679518453695,-0.0192936239661669,-0.00233358972858769,0.00426486834381042,-0.00949667327906928,0.0782147310878895,0.0744066208989895,0.0577741835801854,-0.0136058327988342,-0.00227896947938743,-0.0132819905568012,0.220278173271688,0.183931016444915,0.159485517522203,0.132575783084712,0.10509347514858,0.0694465433837836,0.0437802291238929,0.0127567236534163,58083.9519436075
"788",-0.212372688507621,-0.139562026727982,-0.305529440103597,-0.126917753643984,-0.0219413919433005,0.032040264198733,0.0147898851452957,0.0184614538713461,1.15902429936009,0.228245410341076,0.331080438692823,0.338282276289175,0.475912446335164,0.667979764889107,0.827454096431797,0.956698159700319,-0.145520340115333,0.775400034097855,0.712605376141287,0.66502189011503,0.505673827307932,0.311138401911774,0.16396926666193,0.0401698213434012,-0.0349897721476587,-0.0512747344727531,-0.0641291172514048,-0.056293166094575,-0.0441983735042602,-0.0221683953058324,-0.019089688265868,-0.00203933819037162,-0.0248137233649435,-0.00887377613876574,0.0756815448766663,0.0577342037818873,0.0389152999856877,-0.00854480349999681,-0.000630791758182958,-0.0137429050353732,0.215204843759974,0.186034294745111,0.161148895895013,0.13496774132017,0.108508694649851,0.0699123881329182,0.0440934690130354,0.0125296292761167,58076.7837607261
"789",-0.263493639168413,-0.14288585698147,-0.274992633911674,-0.114044085267753,-0.0123685356182847,0.0489938539248861,0.0145812598874539,0.0172434175811255,-0.520600540402164,0.273398145105542,0.333174373888629,0.284816737631764,0.482324378251722,0.65113524446417,0.822367967777295,0.958099582492445,1.55082508773659,0.734982904581334,0.704359006920728,0.716140805195926,0.496794957933014,0.325105026728546,0.167102591635491,0.0392307877697554,-0.0465629246122243,-0.0658277160174974,-0.0604039004605466,-0.0552223420311916,-0.0490382479896218,-0.0208444732114819,-0.0158862232281919,-0.00260931433619628,0.0158166048786753,-0.012212730156878,0.0474935315168866,0.0377355282618927,0.035677344420452,-0.0278654569178008,0.0029466661120587,-0.0145518795300843,0.217056228479533,0.185984579527799,0.161005290765225,0.131817088407029,0.109353935649297,0.0697041278132609,0.0430424829939613,0.0125593767528696,58084.5176044891
"790",-0.262411669959483,-0.16009676138915,-0.268789653253198,-0.143179483349477,0.000285523700015139,0.0171555957328634,0.0140700726532258,0.0186374157058341,0.813039683227154,0.241871692851621,0.364084242174407,0.287702638296368,0.482394743645059,0.668150973050205,0.828342578456737,0.957000475780608,0.220403592043183,0.765125107747014,0.669249446858618,0.717804082867357,0.493163146459137,0.313201308660063,0.161540455234266,0.0398028229949741,-0.0345796762634841,-0.0505637244213496,-0.0663062824163492,-0.0457309866387715,-0.0427586878408277,-0.0244082144952947,-0.0174428352006919,-0.00225238853092068,-0.022547193578238,0.0161427435500458,0.0559413061953869,0.0676342273202083,0.0195966641164136,0.0101125855795189,0.00121991869082895,-0.0140433630881924,0.218607801150255,0.182932592169504,0.159190959778109,0.134074221921112,0.10678134736413,0.0705479383789365,0.0438023739523407,0.0124648785335709,58086.9581263589
"791",-0.302303132379254,-0.146759529023768,-0.279701307264999,-0.15115390496233,-0.0191051356514736,0.0253733927399942,0.0170063098370108,0.0159725009269412,-0.797914256734076,0.294967015221299,0.284879032168065,0.312082972545017,0.480263934236528,0.682763781517156,0.826630594579317,0.958038326356865,1.83526826119787,0.713431840692991,0.752212174361783,0.69841258900742,0.500139277794976,0.298401619608805,0.162167641429627,0.039416125990684,-0.0519864136613624,-0.0555026246815483,-0.0719448656682192,-0.0519080400085707,-0.0530491460581396,-0.0205970328064452,-0.0152211622963998,-0.00193699643178035,0.0647193449244634,-0.017701867551261,0.0765964436523897,0.0554741923951352,0.048299211450153,-0.017359466639551,0.00122809014750125,-0.0123606043236206,0.218194953672055,0.181126579941507,0.157369905359431,0.131505716441915,0.107562915754022,0.0718772955439136,0.0429930127636937,0.0127674679563382,58079.0527160544
"792",-0.249759836919273,-0.142574350791055,-0.252141899080855,-0.137904621049414,-0.00441823701082892,0.0136431289862601,0.0110594462310512,0.018825864418806,1.31177086253894,0.209136821362994,0.332501696371163,0.3025085923208,0.476845422724529,0.672119853621253,0.829867980948869,0.957800103372207,-0.287800945290553,0.799430910105214,0.69735955964673,0.702370566550794,0.497994691047282,0.310839244932204,0.160076880954629,0.0392301313138071,-0.044059063220722,-0.0629074494316319,-0.0566966899782895,-0.0601294090539101,-0.042035533755589,-0.024025733086425,-0.017842513421649,-0.00259570537828659,-0.0106508944175842,-0.0228396839869531,0.0453039009407472,0.0666047435764443,0.0349770664916829,0.00994749400722444,0.0104829790182161,-0.0160314771197642,0.219536098290828,0.184668773936437,0.157457534580412,0.132425436596052,0.107922102090891,0.0698991655621101,0.0431613157513871,0.012383047565262,58082.5384517166
"793",-0.27675983946212,-0.179838510504871,-0.287652982972427,-0.115978059574535,-0.0281977539284507,0.0191924344138015,0.0192654022599884,0.0171358453175245,0.989689543941207,0.246437801170348,0.297993299909111,0.257044398556826,0.506255699242751,0.664808860676089,0.826000121476643,0.956537852513447,0.0397188542266273,0.767404570385548,0.741475446746154,0.741743855423379,0.475641407843804,0.317207037015224,0.163359970026773,0.0406523398292648,-0.0561204766748376,-0.0491699177220125,-0.0671200003042632,-0.0533213808911193,-0.0528433663286046,-0.0224414791155134,-0.0168894583690242,-0.00222503110369796,0.0470227429077537,0.011659458021239,0.0716019506687023,0.0708820146598883,0.0504841214039414,0.0082701452764621,-0.00723783440802667,-0.0130738402171213,0.217329721793329,0.181427790100587,0.158423462806091,0.133746465907682,0.109031099148228,0.0701698048344006,0.0430271266664222,0.0124803994092429,58083.065020975
"794",-0.266447189618029,-0.119196322027137,-0.294771320259922,-0.119263579607552,-0.00650344752126203,0.020841245029244,0.0265880430823998,0.0186677706463962,0.216440338357858,0.237813940560669,0.355578151065651,0.296702404684737,0.486980519886,0.673788489410852,0.822379690421824,0.958713959458752,0.814348998600376,0.763840381404619,0.679195017223699,0.701393182654515,0.489527646047026,0.306792584019866,0.165671981158827,0.0380612242618063,-0.0422743721702924,-0.0503997724126836,-0.0660843461085496,-0.0548082490018969,-0.0450537535032468,-0.0203565904955056,-0.0161939350737468,-0.00221929105480231,-0.00564698037978625,-0.0446671370587399,0.120245821949262,0.0706493524956628,0.0236044511975608,-0.00173004564208783,-0.0137778611625189,-0.0138788367291906,0.217681210748159,0.181002613039972,0.160918155299923,0.131006935214995,0.108681464301184,0.0707125314448415,0.0435053003655102,0.0125110426298402,58080.0779567086
"795",-0.261203377984142,-0.170334093632351,-0.285215691608574,-0.124657349040903,-0.0247992182862971,0.0330669642588786,0.0204362044377937,0.0193852347175228,0.984001809000973,0.375894125321443,0.348767600227569,0.31015045204266,0.490610853166739,0.668825877011651,0.824450480144474,0.959272550071516,0.0412486655202342,0.640133645110596,0.685887224375314,0.692365003173173,0.489530272085345,0.309356819324172,0.165033190502172,0.0374728423157277,-0.0350536758339487,-0.0477754959218063,-0.0543515378963765,-0.0579348036336946,-0.0492762530017949,-0.0235375527108487,-0.0180376200099703,-0.00233789549448418,0.0304776612833243,-0.0255224235428876,0.0874346525709336,0.0579301590913943,0.054877632532308,-0.00468853495681876,-0.00603785766699487,-0.0165563454353524,0.216312053693587,0.180238318310137,0.15921623727933,0.130647670574503,0.107933886779757,0.0711744496353375,0.0432400285143005,0.012467423559725,58082.0783756974
"796",-0.275048865731481,-0.174298579161513,-0.285001751727264,-0.125430333121811,-0.0236370056952987,0.0213672699555859,0.0195843399220096,0.0185760979837412,1.12041575295427,0.268894774131867,0.347425399467078,0.263922401394037,0.492994313207837,0.678918086964675,0.82258050514494,0.95767289367626,-0.0905170606398904,0.748416053863573,0.688468713393192,0.732991670795222,0.487488121534011,0.302698479799812,0.166436037020553,0.0389177867073622,-0.0305936539767362,-0.0577284379005841,-0.0604728743833141,-0.0501638971787823,-0.0544195258660779,-0.0210528088951093,-0.0160866259052911,-0.00155589050656241,0.0103057491926131,-0.00393391209691334,0.0769688114259105,0.0981163333813912,0.0626882197135003,-0.00102739766388189,-0.00295847132517918,-0.0132238498279531,0.218791178679874,0.18513834105555,0.160490639330323,0.131658733384099,0.108238100482143,0.0687534362664427,0.042436237447674,0.0124717329367715,58076.3427537573
"797",-0.277969418795142,-0.138137482660874,-0.259722316818932,-0.14689093740677,-0.0136494061335448,0.0261229390626715,0.018599373740648,0.0190614127917671,1.42454224268485,0.288002503838696,0.353922733874947,0.29026213948371,0.47250600560893,0.672781042630034,0.829986775400317,0.956092327959211,-0.388105892057188,0.714516262285941,0.674077451408957,0.715100241857985,0.502986586835402,0.306800895896688,0.158031468910914,0.0405907844471217,-0.0492934409560814,-0.0574270425799212,-0.0629361134122005,-0.0590255721768767,-0.045770165331599,-0.0189789428712445,-0.0174819230542056,-0.00218398912145782,0.00229266044703344,-0.00464377675295297,0.0909773768866857,0.0943647172900759,0.0539152635447539,-0.00579165329654762,0.00414527653456519,-0.0145366439361053,0.222716853698196,0.186253647148883,0.164050058922389,0.13395824389356,0.108869493429341,0.0693961662381577,0.0436069698105799,0.0126726935243583,58080.5062692233
"798",-0.281500736836582,-0.174774701154677,-0.295767894916346,-0.135566295971949,-0.00514748608276707,0.0303543528712973,0.0110952947674872,0.0191003539018164,-0.570440769491909,0.297794675961769,0.330538131352057,0.296600593613815,0.470228774792291,0.667944537629424,0.823373571375337,0.958074449381264,1.60306095993763,0.723329280731719,0.708087065281661,0.711769811058236,0.505425898352664,0.310874799371686,0.166301424216683,0.0390563701299161,-0.0430543522540153,-0.063118457032199,-0.0637482862589584,-0.0546582266757902,-0.0468192001316401,-0.024029745481279,-0.0149142421997585,-0.00331528033776007,0.0239110291298795,-0.0338897414914635,0.0828361778095008,0.036993135366368,0.0304902414028407,0.00140578444171499,0.0102449236332368,-0.0158958573613403,0.218320028629742,0.185549212102815,0.159852038874393,0.132247802588218,0.108636287553857,0.068567924008312,0.0433055614187484,0.0124858581313387,58081.76497997
"799",-0.287372229886899,-0.145785356058835,-0.29208264323747,-0.139157765451999,-0.014067957217825,0.0242402111519282,0.0144509905535109,0.0180074878067159,1.77213037453665,0.242084056662872,0.376509005985575,0.311289557599674,0.482945826112865,0.683529802345695,0.829624682462094,0.95666512505452,-0.739085788505093,0.769842354649841,0.660644646375699,0.692856228289293,0.493899718077969,0.296787958379437,0.160555233196976,0.0403150114586366,-0.0441249233106374,-0.0490931520333502,-0.0675713145782903,-0.0543683120073126,-0.0468783057995444,-0.0267389714602737,-0.019715781860577,-0.00243243568585495,0.0222189451851849,-0.053668551610443,0.101186590695352,0.0734999897457624,0.0409307182046843,0.00479692267142755,0.00271090597552061,-0.0126629747854852,0.217227896045547,0.184322171056698,0.15741893600621,0.134108741572971,0.107174226620406,0.0690326185725525,0.0434507659113821,0.0126298758855749,58080.6325374692
"800",-0.28655938931762,-0.139643815831787,-0.305277351692707,-0.131507494737761,-0.0139033005563642,0.0251335035418457,0.0266180714725481,0.0170624379275405,0.174439744755402,0.222143616611411,0.297878578841344,0.252300720119522,0.483184469455174,0.669904951496636,0.825236017226406,0.956469637178158,0.862717055352072,0.788284428666113,0.742619333163646,0.747340713682733,0.494854769945431,0.311108688229527,0.161333143485827,0.0407925059517661,-0.0592105000554123,-0.0464505077305202,-0.0644800969339389,-0.0561627213387896,-0.0457148669683233,-0.0201789086414579,-0.0149563842252508,-0.00170609380538317,0.0277853067081389,-0.0508766615665162,0.0868320140303169,0.0951111629218699,0.0336655453785661,-0.00886265393107719,-0.00559782776750084,-0.0127009026000758,0.219887727630231,0.186564968004375,0.163822237512839,0.130653295694862,0.108668499187122,0.0703624924802226,0.0438227600554471,0.0126052221838232,58077.607141292
