"","beta.1.1","beta.2.1","beta.3.1","beta.4.1","beta.5.1","beta.6.1","beta.7.1","beta.8.1","beta.1.2","beta.2.2","beta.3.2","beta.4.2","beta.5.2","beta.6.2","beta.7.2","beta.8.2","beta.1.3","beta.2.3","beta.3.3","beta.4.3","beta.5.3","beta.6.3","beta.7.3","beta.8.3","beta.1.4","beta.2.4","beta.3.4","beta.4.4","beta.5.4","beta.6.4","beta.7.4","beta.8.4","beta.1.5","beta.2.5","beta.3.5","beta.4.5","beta.5.5","beta.6.5","beta.7.5","beta.8.5","sigma.1","sigma.2","sigma.3","sigma.4","sigma.5","sigma.6","sigma.7","sigma.8","lp__"
"1",-0.117425099482997,0.00919444679138089,-0.071613713633615,0.0916784745216712,0.0919657356316812,0.0700702178304097,0.0592838896954041,0.0156208277510795,1.18600114295385,-0.0174167281881181,-0.0436014772704106,0.248143353640499,0.49659142004455,0.654206154960814,0.801980886899526,0.948615108176451,-0.218383184309898,0.956703967708008,1.00659330246198,0.675810786408097,0.449820383583349,0.301088434381528,0.176109104543515,0.0485319664387235,-0.0492568226452105,-0.0739103056370586,-0.0632037219706217,-0.0545261734385389,-0.0258306116655733,-0.0189007361511259,-0.0094872880796304,-0.000869492511645144,-0.112498032943657,-0.170579904023585,-0.0143297231860821,0.0249449429632338,0.0322321719907415,-0.00302357309562149,-0.00994840818690816,-0.00945884083846161,0.231426310072575,0.187480983182288,0.153384711601887,0.126161381070951,0.0979272372812101,0.0690455883825286,0.0395849672685422,0.0117107249848928,47522.6481672179
"2",-0.119376773065431,-0.0369466522829315,-0.0470594445593468,0.0763482471290715,0.0983689164056007,0.0786325622381305,0.0610001479753359,0.0197912403416287,1.63099847670517,-0.125306932787243,0.0378425211223997,0.223298172981249,0.499716457045672,0.678101822712839,0.806951256030852,0.947297356435285,-0.671633816751277,1.0680494279786,0.924800706863811,0.713757866747684,0.44540886406932,0.275434383691411,0.171057301515181,0.0494901268871911,-0.0438787614011597,-0.0552947239124551,-0.0678269662037677,-0.063591135736064,-0.0354592767235351,-0.0270343891381944,-0.00977287663582747,-0.00087002972956611,-0.0760962295763732,-0.110118681663801,-0.0603948528588115,0.00764511590940749,0.0387057859512721,-0.00992491459388893,-0.0189007186395674,-0.0152542334288171,0.232270225005283,0.186148671499436,0.159031302014002,0.124871948328979,0.0966221741831264,0.0700482796636594,0.0399325964229082,0.0113871028605835,47536.029386224
"3",-0.0721172966095227,-0.042182213782859,-0.0459126229115246,0.0603034636311885,0.104963064121445,0.0724063449900855,0.0665448392663388,0.0207415525484046,2.08613628090418,-0.0612599211040365,-0.00909781209479574,0.21347112871054,0.48824680517479,0.657599297670307,0.802415084353945,0.946537991444886,-1.12882355715275,1.01068560937737,0.966410033094008,0.722697650168417,0.457648360636756,0.296535593058967,0.17363336480861,0.0496589815639187,-0.0436644054906337,-0.0827319869396419,-0.0687186128933518,-0.0625162643827816,-0.0354672142573805,-0.0242393132061553,-0.00598452821311451,-0.000864864247635444,-0.174369047940252,-0.114051403893141,-0.0231709695388369,0.0548438570701087,0.0202683856772257,-0.00676542788130007,-0.0192501176807742,-0.0141721170219208,0.230961594976575,0.191078710978128,0.158159502906836,0.123101889106179,0.0977167856317862,0.0699902693584915,0.0395951073711747,0.0116127240204126,47534.7622667019
"4",-0.0965104351499627,0.0162463694129193,-0.047062180176869,0.0660344666634196,0.0977879646324739,0.0678778778890253,0.0633629101465534,0.0149793151040991,0.88568830199515,-0.0382406590092936,-0.0238606000914727,0.223416976922507,0.49732959417394,0.673516782396553,0.804507019393817,0.948051515670385,0.0750632386817173,0.976576878135521,0.983337475365262,0.709937607290256,0.453656335925455,0.283161053859298,0.170774462839206,0.0499246299373053,-0.0646667658987433,-0.0735584557059942,-0.0707866919398482,-0.0549051461764986,-0.0427651957005665,-0.0251420614144346,-0.00734900290290532,-0.000825079165949091,-0.0867651129339256,-0.181778516206907,-0.021698128576976,0.0427840343188843,0.0094462451492049,-0.00716113225532595,-0.00880017958036696,-0.0114285969709939,0.227446541251748,0.182459993893463,0.155831385218244,0.125379246315512,0.0989441815731865,0.0689542525033163,0.0396630159595421,0.0113867748964931,47533.3609105309
"5",-0.14807202251548,-0.017580105299972,-0.0219645863539069,0.0969783875642243,0.100454820177381,0.0633124681460601,0.0601365365206979,0.0159769731353407,0.704069329666741,-0.0738830337557481,0.0343641371595475,0.192018834974483,0.48991817030988,0.664322178684202,0.806219792877064,0.948867952632841,0.271441672169617,1.01543096276273,0.915345705694234,0.731869688822348,0.45702739880329,0.293930313992723,0.17044763103407,0.0480384585562473,-0.0489199029245061,-0.0762784912602658,-0.0614108110554762,-0.0518356253226985,-0.0347193504808436,-0.0226651328964851,-0.00777638951660882,-0.000799570495387382,-0.100715373650931,-0.113161544725042,-0.035015308099139,0.0381400076638612,0.0250362481963788,-0.00720917797332766,-0.0081083977626482,-0.008344489749732,0.226278375367983,0.180630211408507,0.158934337886349,0.121566144988609,0.0955018318243491,0.0693758782169043,0.0398678415314448,0.0116119749512867,47536.5831328874
"6",-0.156040369280614,-0.0174611388381237,-0.0178714320072486,0.109522593155078,0.0805119525364862,0.0640118979436631,0.0610889932599774,0.0196310649987349,0.179371164279947,-0.10688151789443,-0.0323607385136468,0.180641114165607,0.506001969146155,0.671020887115923,0.802035185740549,0.948894566336987,0.793768303403154,1.04724306164755,0.986022139656418,0.742221886689711,0.443976575906664,0.284660829384459,0.174152397526089,0.047360165405455,-0.0584747110800859,-0.064836633523074,-0.0638470231975545,-0.0578623281921442,-0.0369673482474912,-0.0257461653869434,-0.00777516820492758,-0.000235434283828202,-0.0604032241422354,-0.132307367265601,-0.0521053836492446,0.0160942644053833,0.041264518636905,0.00888013626476433,-0.00705611324769606,-0.0137243158077677,0.228203291040584,0.183981964490547,0.159839432658946,0.127841275892611,0.0982103691079561,0.0698196088288162,0.0399402661842819,0.0114133906564471,47539.8155190071
"7",-0.113354115562084,-0.0120119793516953,-0.0812601765809425,0.0775743551277794,0.0995692266984404,0.0802281795920093,0.0599862118359543,0.0153860147694979,1.05520298805137,-0.15693236810608,-0.011049986877461,0.194696531244334,0.489537753410983,0.664488379481127,0.808206196459027,0.948372755501168,-0.0940627829946828,1.08745005469351,0.976847100241966,0.73515366155101,0.458684652939729,0.288654980110305,0.168999622903942,0.0488135682016921,-0.050279710243383,-0.0629961657782625,-0.0583150053710527,-0.0566073985211214,-0.0384738246227836,-0.0252163060848438,-0.00739076029151165,-0.000467048078047394,-0.0891301543134905,-0.0797974630817238,0.0063139626950764,0.0460577507518008,0.024744167088557,-0.0128739578212018,-0.0114405394742888,-0.00883618250453191,0.232678659160833,0.189466868464386,0.155291774843825,0.122776797230016,0.0983903742619581,0.0707976738264431,0.0392993749934449,0.011473439903657,47538.1838270958
"8",-0.188268931721531,-0.064592734333454,-0.0355791614933152,0.0933605169361347,0.0838476949720627,0.0857118272023731,0.0641270494892599,0.0193417602498309,1.73334796747488,-0.0456651275698105,-0.0456181770813311,0.206258396965827,0.489422852786064,0.64032809434846,0.800216297506202,0.946709507921166,-0.751764206484331,1.00053009947587,1.00404760951908,0.718826819754457,0.462847464204808,0.308965945964138,0.175888854681093,0.0495461569439659,-0.0726738975155794,-0.0798426678350617,-0.0600932521369365,-0.0636378950973899,-0.040757064134935,-0.018533101560569,-0.00482561365233557,-0.000495204223599408,-0.0308978024718414,-0.0904567638754266,-0.0630567118949702,0.0466941783522626,0.039563988224523,-0.00734226954147508,-0.012628897348094,-0.0115345047947131,0.228047357398319,0.187080889370389,0.155008075910732,0.124759459765708,0.0980713535392698,0.0686953073178817,0.0401415225154693,0.0114772013791013,47534.679652645
"9",-0.151447179807573,-0.0706714346560686,-0.0304157738684007,0.0821473113480818,0.0860050423415071,0.0757692160369922,0.073690440874745,0.0178224426331549,0.972541830261478,-0.0295609956969942,0.0440884237536942,0.189289019013233,0.490653157831505,0.667224675750262,0.798536918556894,0.949554722560332,0.00963411080386641,0.980693355243855,0.915150355227562,0.741913622711022,0.46122953217261,0.285588070456459,0.175393493080563,0.0468506721635092,-0.0675868616931579,-0.062149234917525,-0.0669324992523671,-0.0612076654661947,-0.0379790809037531,-0.0267303486974439,-0.00471430255363212,-0.000615389217736047,-0.124243699789844,-0.0930094732482691,-0.0834752436713161,0.0349724272932496,0.0343939752361592,0.00224913533585612,-0.0277632648506276,-0.0101185713381167,0.225458885699077,0.185578765965656,0.154615610876562,0.124281982968326,0.0954301570612825,0.0702381129869077,0.0387200766567744,0.0113610276320586,47530.3235536875
"10",-0.131278520180923,-0.0878621536508098,-0.0424052718043576,0.087409589208816,0.0972094106075981,0.0741785854259632,0.0628237548201867,0.0158129327433293,0.541639046890668,-0.111013323391747,-0.0116253066111931,0.231371116598926,0.497678945328211,0.653659366703985,0.807474350424185,0.949291545824741,0.430415525576753,1.07685860997775,0.972054937716834,0.699237957699362,0.450043448704596,0.299175050137924,0.170616396349993,0.0481543004882183,-0.0613734853793509,-0.0867510857657693,-0.0675521160926616,-0.0624272710937259,-0.0370041550049127,-0.0180580480444347,-0.0109979814735288,-0.000715913935694695,-0.0932674174634809,-0.102697957466151,-0.040522885092574,0.0125913587470408,0.0264697199569837,0.00369930896864741,-0.0180308282760034,-0.0110702552475765,0.230481095397632,0.191073997491707,0.154054330568134,0.124384901816452,0.0996340167723905,0.0688824062938803,0.0397954622880328,0.0114571812041712,47535.0319955218
"11",-0.122803117108144,-0.0492488196071869,2.81711179753917e-06,0.106923698963868,0.0852336576324499,0.0705358634991833,0.0653139719812879,0.0175546235556917,0.308373250130963,-0.129078608865909,-0.0261975308836529,0.188774011241056,0.492469765894144,0.659296545768664,0.809209655034382,0.948965198857846,0.653137867006545,1.07626003898813,0.973786673295434,0.735820863574637,0.458172474523734,0.293205868409961,0.165709875685642,0.0479152706870934,-0.0618433691190432,-0.0715328679352473,-0.0682100275573082,-0.0598494599936677,-0.0321325917454566,-0.0250218607711526,-0.00707242956990389,-0.000338642369627935,-0.0463813581408695,-0.0914174683720632,-0.0573746502996913,0.0118121280847988,0.0331787810340765,0.0167413678080968,-0.0161331979697271,-0.0128704411867516,0.228601129715019,0.184838084893197,0.156165817708547,0.124673663160218,0.0993654172883358,0.0718120055714638,0.0394574945916271,0.0114691570878779,47536.984362994
"12",-0.0938301539530345,-0.0683978360944329,-0.0546278790326102,0.0725763636102877,0.0999594416927617,0.0881725825175427,0.0518780247516809,0.0205243003288167,0.261962057629045,-0.0991733939668091,-0.0135335714037021,0.189803231262436,0.475115108774464,0.644622028291093,0.809362327668387,0.945500766801904,0.697189376426579,1.0523808379246,0.972936073160946,0.742949161973807,0.472572790982752,0.30219320281419,0.170239506988315,0.0508845839933559,-0.0506685491001964,-0.063931966318436,-0.070012351206428,-0.0577945613757299,-0.0395177228145481,-0.0197099952363168,-0.00898489904324531,-0.000601026897407835,-0.108986243563581,-0.106961518508946,-0.00937493586487238,0.0368971280483888,0.0336702307097639,0.00325413208204927,-0.00709423546650742,-0.0138302498347937,0.228148392027534,0.187762250160711,0.153271095838092,0.123013762836316,0.098479407036266,0.0703514960366606,0.0408381028499073,0.0112892928194345,47533.5826552483
"13",-0.078405042018589,-0.040987226875508,-0.0287614812696759,0.0709091014284467,0.114476413159672,0.0756218179273986,0.0621854718049018,0.0167873281222668,-0.60477324332108,-0.0959523695658725,-0.0185095597493476,0.190911668898459,0.455302610920717,0.666278601210328,0.806715312693894,0.946865851729705,1.56260086869736,1.0462815110512,0.974910347130439,0.744409551694208,0.488310189594762,0.288145454162109,0.170491564011182,0.0500637237021455,-0.0512764391132003,-0.0754063516123426,-0.0685151071799487,-0.0682970058318852,-0.0291877413662714,-0.0259541471787353,-0.00696570513411853,-0.00041123586995363,-0.143500986461386,-0.137893121830068,-0.0382977457405494,0.0442202718816261,0.0228556859848439,-0.00648296563234197,-0.0189211109435016,-0.00903086087329205,0.232005559134127,0.186047700437544,0.155048350701453,0.125320774596209,0.0955258312251824,0.0681888602364551,0.0398147970511503,0.0117773617216191,47538.6174641989
"14",-0.105575011856093,-0.0260523792346844,-0.0603578687982864,0.0896985585866016,0.115200354860644,0.0677551732978228,0.0691893273325137,0.0179733181080354,0.245379410380896,-0.0919495604498827,0.00914453642720411,0.221774550988975,0.475792954157147,0.663048815297196,0.801614113349139,0.94502647955802,0.721355117596858,1.03583069876529,0.950122830667358,0.712545031058644,0.468311419062225,0.291188944423161,0.173221819894704,0.0520233214769699,-0.0544886191181276,-0.0646427067750202,-0.0667419006543062,-0.0703844220050039,-0.0349849915889446,-0.0215763347986406,-0.00653255763791556,-0.0005215454030068,-0.139042178937255,-0.110815114198522,0.00469532326464662,0.0111967900618041,0.0198524066195179,0.00988485723147561,-0.0162987590624583,-0.0127647333816536,0.229074178470656,0.18441271100505,0.158890751826916,0.125008678107485,0.0967395311967307,0.0691336631968018,0.0399506267899736,0.0115841729368728,47535.2496255998
"15",-0.0525042286506656,-0.0373728003518154,-0.0132603931608153,0.0769139514733519,0.09337282976463,0.0912657264947181,0.0588906309298071,0.0195841792881405,2.31538250833733,-0.106939281640305,-0.0490163253172187,0.254628515499302,0.483780642022079,0.648712946531971,0.811581543420253,0.945331843898285,-1.36146285752636,1.05776158148033,1.00765106524388,0.685751577705773,0.462849424711176,0.301208815329007,0.167042528474585,0.0510515997237387,-0.0453026318201465,-0.0719703967354399,-0.0610856054997907,-0.0668423326067647,-0.0385210619132071,-0.0214976780494269,-0.00957166359998201,-0.000563840568843356,-0.159500066920855,-0.152853301833207,-0.101340811240258,-0.0142525770170713,0.0584403927022451,-0.0161318263892636,-0.0209431101592336,-0.0114330997875861,0.230661694771111,0.185936863853536,0.15829329211187,0.124366176247906,0.0960905957035119,0.0700507968787906,0.0395861974859982,0.0113135071926459,47522.2622556771
"16",-0.153753681748248,-0.0111062119796709,-0.0480384588795514,0.0723703340038506,0.0833705358896381,0.0819836953573203,0.0731165219170626,0.0161351628804368,0.573231487696212,-0.166125371255378,-0.0619528624099756,0.220410791629291,0.505123182480662,0.652954153781529,0.800055699852849,0.946361234316672,0.399188756395706,1.09928558539315,1.02116909329805,0.712710817745034,0.446247209769469,0.297222275768069,0.17533717258038,0.0508434820944795,-0.0296516218235356,-0.0638864244702487,-0.0621925822465469,-0.0672830452255913,-0.0394876051967542,-0.0241227185845728,-0.0081569976782141,-0.000647051459693601,-0.104003486958293,-0.102314026540168,-0.0182176656935408,0.0388158801508785,0.038949353361766,0.00215094495172822,-0.0298043195832576,-0.00916283952708884,0.228233296542978,0.187147113011565,0.155389925939027,0.124320119642965,0.0975355995782421,0.0699574398020281,0.0397564865041398,0.0116102219156012,47537.4056446061
"17",-0.121938412093039,-0.0617629627594625,-0.0528486299891267,0.0828584008993037,0.0823865990295144,0.0922235846903464,0.0593090762015515,0.0197421390612554,0.553583744110334,-0.0528936178854817,0.0487154673062395,0.246441841160995,0.468552093451306,0.64322409215893,0.804644241440945,0.947307358070874,0.414102496446406,1.00298656419398,0.911077394219557,0.683273524810173,0.484318813077612,0.309159292995938,0.172628402261116,0.0490422653776048,-0.0506421931388204,-0.0731964285457563,-0.0655787833344893,-0.0576498253697088,-0.0359627419640549,-0.0282690987595363,-0.00859970471853444,-0.000622393480289845,-0.101707356636375,-0.0916024338814789,-0.0184384620754081,0.0214493112025082,0.038802748034259,-0.0191413295294742,-0.0104828895279598,-0.0121699866099654,0.231497273849467,0.185981746864993,0.15391410185829,0.126604202123674,0.0958882536701021,0.0701363673478466,0.0397634632272746,0.011351377240111,47533.7863264525
"18",-0.151490192430916,-0.0514291317690844,-0.0572378316054624,0.066446219507717,0.105588044682069,0.0701425419246029,0.0583368971628817,0.0191700811974918,0.397969627694532,-0.106864620930258,0.0572889810692372,0.235787285478543,0.483223849346283,0.654675146839003,0.801551587436323,0.948912346078032,0.576708807511475,1.05375185673425,0.901031990650978,0.699423948063669,0.461522343494759,0.298981671653952,0.177563743779354,0.0477402861761442,-0.0395158134388974,-0.0648834328891201,-0.0583309985757878,-0.064945502746434,-0.0323969822390371,-0.0258929170719515,-0.00806196402249976,-0.00075754189072958,-0.0975485739252248,-0.0840591462862363,-0.0166479080896675,0.0360200175368656,0.0222341149209686,0.011679894518123,-0.011148673705561,-0.013695930195706,0.22967392678611,0.184199446469909,0.157472359905404,0.125301628267314,0.097678948259894,0.0695721025857125,0.0396220738155714,0.0117440432216998,47539.0550690841
"19",-0.160847346645162,-0.0682386639324021,-0.00296967353512404,0.0806834365978071,0.117583628390448,0.0724347068251086,0.0551330878783344,0.019549894562813,0.694334931973347,-0.136558725122229,0.00897704223181136,0.208360582477827,0.47497256925876,0.659959849311918,0.815409398092349,0.949210252664611,0.282936952392733,1.08764554418272,0.940553848778391,0.723495360088669,0.46691888106983,0.293988525228488,0.162763861040224,0.0467685917361929,-0.0492902953303967,-0.0611551604360433,-0.0593722941076543,-0.0740510688526501,-0.0367471250952439,-0.0205537175394587,-0.00802087598987359,-0.00115255908324322,-0.0838650866790669,-0.09258181603083,-0.0779768766534345,0.0402633143551299,0.0273624613424285,-0.00686272654086093,-0.0110655241186249,-0.0117912397115245,0.226909440286883,0.186953289074292,0.157572357440923,0.12570914114981,0.0948985193179394,0.0695420503006772,0.0399057943677239,0.0113171437674797,47535.6119563125
"20",-0.166510843477041,0.0214483919892432,-0.0645741909336147,0.068783452859901,0.10684370057448,0.0610622432725599,0.0599213555472745,0.0196992518264532,0.429388401014376,-0.0934425136314178,0.0352366359704025,0.210138662066321,0.497345667978403,0.660516519776621,0.806801891817052,0.948820590056344,0.536937058459451,1.02312177099658,0.92737922919813,0.719231813888141,0.449087163794648,0.296994637493653,0.171831761031719,0.0472109185853304,-0.0603479908652091,-0.0556463779446336,-0.0726436470520139,-0.0629790766226529,-0.0359689304044167,-0.0311123931328729,-0.00390958937463646,-0.00143923023615636,0.0228580579366313,-0.170132403576174,0.000564431633897985,0.0784327124786695,0.0113972372027711,0.0200077044937548,-0.0231306875284674,-0.0118600486548679,0.233135030693982,0.184954802611714,0.154412893523055,0.124239834146571,0.097144027156293,0.0675420634180277,0.039139672164664,0.0115498312746758,47522.7379862764
"21",-0.132920717362213,-0.0155421451122522,-0.0237929614438146,0.068268300638884,0.0936484789763792,0.0793229601649357,0.067115908901252,0.0175849880365516,0.0365679230010344,-0.0824458296110604,-0.0454735809196132,0.229162615397209,0.518027841979125,0.644089904484321,0.813605961902402,0.946703931556412,0.930179068772536,1.01925556463072,0.998742539353342,0.701845115475526,0.43048986960375,0.310588734148081,0.163008292070002,0.0501952856055784,-0.0328960942532892,-0.0653368073739097,-0.0637525008205582,-0.0603120392992431,-0.0398983641840698,-0.0235033924601702,-0.00824340015950147,-0.000937256973859739,-0.0961833900198302,-0.110993128809331,-0.0386858709029992,0.055515696190418,0.0247549522089982,-0.0144362224111353,-0.0301925011292263,-0.00990593314531394,0.229657300666801,0.18823510042951,0.155729389465258,0.123350321745946,0.0971289491060968,0.0683485049704148,0.0395263744274082,0.0112017034521864,47536.3247000981
"22",-0.0966376181289786,-0.0342373373857718,-0.0710118745993404,0.0399591729460141,0.0985021504154265,0.0575814066343107,0.0603727068771963,0.0181240331607565,1.28213094338055,-0.133590800534805,-0.0176460980397679,0.233810008227802,0.534680559688008,0.666188002502293,0.810750868741846,0.948680355602763,-0.309476249993025,1.07858288049818,0.983905565520551,0.704331520083354,0.411790381530856,0.290737346621995,0.16697111439409,0.0479490204394191,-0.0578381859506372,-0.0704551785028995,-0.0597585698756565,-0.0647160656411524,-0.0458500048307862,-0.0277792415532832,-0.0056973677552628,-0.000424297225671145,-0.194037746264756,-0.110824310246325,-0.0192110302080158,0.0701866836971329,0.0271571700354507,0.0209314612186075,-0.0203339827337459,-0.0124245253793153,0.227141203649993,0.188052945151848,0.159218064346278,0.122405636023644,0.0990216851836633,0.071371334298312,0.0401580019895077,0.0113530170121746,47520.965884114
"23",-0.168979464133121,-0.0253086570379254,-0.0366969168132083,0.100887113732371,0.130225945988351,0.0653749964188478,0.0703116743893174,0.0195793367109601,1.2428022558599,-0.142981544343994,-0.058153083133536,0.187550192769478,0.4646205434428,0.673616531646245,0.802076866399756,0.946584325802321,-0.263303144128533,1.07810261612008,1.01734042588201,0.739708281910099,0.477220267154961,0.280443435094425,0.173961568812223,0.0499647620181103,-0.0591585708682162,-0.0620678470388732,-0.0612470230093469,-0.0626622618775709,-0.0370890253412188,-0.0241102893237718,-0.00553920649282647,-0.00102270426881968,-0.0655565256671763,-0.0891987234879661,-0.0523876768210559,0.0164256612397987,0.00522634584025651,0.013367123393069,-0.0321355196141955,-0.0127692962236485,0.22692964092455,0.181757098485122,0.153563902097797,0.12518991322638,0.0985349459815959,0.0704786868930578,0.0396828286759833,0.0114060977217652,47534.4128973961
"24",-0.140882328922648,-0.0372920297385276,-0.0257709067343354,0.0855529665303311,0.0906723274118884,0.0827237316124012,0.0592214783796603,0.0151953820780894,0.722665119991808,-0.0806117460134483,-0.00798014817195326,0.231363358707281,0.502422202867308,0.666327998702872,0.805708303930862,0.94814245816167,0.248817809102642,1.02141655368903,0.96248922413012,0.699828326592852,0.448569188531813,0.288564172542917,0.172287025649102,0.0490185998980422,-0.0474946912871096,-0.0676109779170747,-0.063652591072362,-0.0705390369399552,-0.0390682032174417,-0.0233678271266446,-0.00813917939159957,-3.00425915366886e-05,-0.100578937651884,-0.0828010324361153,-0.051653399839103,0.0274405734537632,0.0237644594136173,-0.0307674506130989,-0.012841679632644,-0.00898426798270468,0.225967912817446,0.191287348340665,0.154907555020569,0.126938185890821,0.0986741854067871,0.0683325086553741,0.0396902827632699,0.0116106443756626,47539.235861279
"25",-0.12654875978489,-0.0224494940001331,-0.0557205217433128,0.0730059343334875,0.0920199395747702,0.0764880274122638,0.0615629379544335,0.0193418305521535,-0.331958166257167,-0.15694187734448,-0.0534175798755809,0.244070506388338,0.519839346647785,0.648617796873294,0.807453869519943,0.948366617845513,1.30085594871705,1.10144440942382,1.01383856487875,0.688553827084601,0.428560122429858,0.304563625851804,0.169709598319563,0.0480964699200873,-0.0421291699188004,-0.0636567453390116,-0.0791327334020471,-0.0625998932030828,-0.033749962029579,-0.0251029301624863,-0.00647141727441942,-0.00061533647352316,-0.109343298691792,-0.141188275078366,0.00610148094465417,0.031368962427583,0.020493287457829,0.00311318723949591,-0.0132679319278097,-0.0137680514107308,0.225520921864369,0.184464537304717,0.157571286128447,0.12553513175164,0.0968063578156653,0.0691190475437128,0.0393213102670438,0.0114626289423332,47539.002297552
"26",-0.142091621727709,-0.0350126788013908,-0.0340456296167486,0.102681977101758,0.103004663763536,0.0839485526738527,0.0590238943781638,0.0195773679435668,0.370981592411793,-0.130582112855897,0.0222940598445851,0.219242942599283,0.482643574852681,0.656305628694417,0.811394394937352,0.946795367678369,0.598702556954855,1.07266252179588,0.937557855065066,0.710214438944663,0.468113808018699,0.295657528401396,0.168021270003158,0.0496319631800084,-0.065302566762444,-0.0700513654245644,-0.0662196823431535,-0.0667700631378413,-0.0472027740810219,-0.0226714275081906,-0.00940467095860308,-0.000339743798386318,-0.0394515280836498,-0.0945864220944009,-0.0589425345363429,0.00120335962308088,0.0105617973741582,-0.0127988326899919,-0.0226604064483446,-0.0139200747956267,0.229924040394757,0.185395345939079,0.155388284244306,0.126323058869504,0.0969574604727914,0.0695228947721835,0.0392062558057808,0.011448003122859,47540.0551468623
"27",-0.172203455813431,-0.0475884418431524,-0.0279578890787505,0.103031915912061,0.122898457004432,0.0675697839095696,0.0698527066257308,0.0202425752111794,1.24850774399961,-0.151113738592822,-0.0729928355052722,0.191907527528659,0.459031622500733,0.67296560449241,0.800339979121209,0.947205383484899,-0.268018136684617,1.09545844534745,1.02768229300014,0.733950488993789,0.486139681932926,0.281606346148677,0.176643710234865,0.0498145592917276,-0.0618395208335943,-0.0602762879194946,-0.0639055494889256,-0.0574269392627528,-0.0339179443811797,-0.0223683540602052,-0.0053487547989034,-0.00137907865198615,-0.0686514927618905,-0.0981978431625205,-0.0444606091425131,0.00789514067599176,-0.00531344479016429,0.00480866832874407,-0.031166589196708,-0.0169420540238885,0.227391889435702,0.180381616448051,0.154642909035542,0.126322319077813,0.0984089474899022,0.0700714736494963,0.0396093367572876,0.0114571239058722,47528.2698540996
"28",-0.0744334775449311,-0.0165965822263074,-0.0210723090712539,0.0344082685209872,0.0783920697504326,0.061601964576316,0.0594796567446295,0.0184093434974369,1.29159348362994,-0.133508467962553,-0.0213268648792589,0.230450057796584,0.506218691886683,0.663847247897025,0.806621532459975,0.946421591650736,-0.325952026754657,1.07508935188455,0.96802975463313,0.708170874797885,0.449431958872521,0.292447065645487,0.171823601417622,0.0502740637690684,-0.0716557651343317,-0.0699257227410431,-0.0590762511411619,-0.0675273048333417,-0.0471105346980521,-0.0272769043444932,-0.00973748728544136,-0.00127593583413802,-0.162519340818077,-0.138398885059914,-0.00744613285134179,0.0847096998154163,0.0314321595300764,0.0177278714905178,-0.0139358692287597,-0.0103855684289553,0.22540407331601,0.187017857737107,0.158006097132143,0.123059201363217,0.0990075553216509,0.0713587161924267,0.0396912219952999,0.0113342651670402,47524.8885797889
"29",-0.160522114839164,-0.0530250569570586,-0.0214058895301506,0.0441329336728329,0.0922673768376403,0.0937173504804842,0.056251885003454,0.0181382479658958,0.387486808739797,-0.0789189831606158,-0.00100468684572528,0.226844810602717,0.502754532150559,0.635980039557212,0.812300163943034,0.94559414069667,0.586812026542354,1.0275289239075,0.956963079433158,0.712003238926887,0.443547837743229,0.312468564525095,0.165584306395492,0.0513178991930641,-0.0526825351102672,-0.0709190605227925,-0.0631091027909153,-0.0584074883471134,-0.0344167083442778,-0.020209296104353,-0.0133908319773964,-8.36988191586219e-05,-0.0690819510986228,-0.088485865072309,-0.0725622142791056,0.0582705736088482,0.0406906025817596,-0.0123247364981212,-0.00463578236464185,-0.0124272488520335,0.227179900244911,0.185986887327788,0.153829984962648,0.126901509072314,0.0985643357046243,0.0693076147050527,0.0397897701731862,0.0112805833069535,47532.1118391599
"30",-0.156806008240644,-0.0138533940788593,-0.0288014631567844,0.110382771419225,0.104628359741254,0.0746324427042278,0.0593078875814653,0.0176800481053913,0.263123280022817,-0.145864453977649,-0.0355099086825047,0.2020231991174,0.494842850555765,0.662831357772519,0.799946463310698,0.948955420687308,0.713762174920146,1.08648262525026,0.990217521605684,0.724015015451464,0.451981311693921,0.29090191359402,0.177324389412131,0.0482495955208103,-0.065284072483144,-0.0603495901621399,-0.0609179544845028,-0.0569240364575497,-0.0369223329853528,-0.023628920575977,-0.00950801887393542,-0.0015454878032054,-0.0671246601124218,-0.162610477212869,-0.0418925853381341,-0.00515634602910557,0.0159768385621775,-0.00218413615647454,-0.00595923374333561,-0.0134807698393868,0.224239397159795,0.184952563416641,0.157834079160773,0.125052099420731,0.0978945606520735,0.0700906866836343,0.040519016377031,0.011397158954978,47538.7648021298
"31",-0.0881058493444563,-0.0189927289741278,-0.00500279411337579,0.0827117503640929,0.122749147427741,0.0647218528643401,0.0661318130047901,0.0165806527651757,0.30041104446976,-0.172228065423417,-0.039588130426868,0.211656580752746,0.466863793061109,0.663056697536768,0.803619447921199,0.949324283094941,0.670083847476435,1.10755306000069,0.988235474804397,0.719982409040262,0.475622812809384,0.294811051539216,0.172609632217284,0.0479553694039139,-0.0638325916573168,-0.066567974458458,-0.06550789309567,-0.0671697211514535,-0.0308492500602013,-0.0278216496722841,-0.00896682514888404,-0.000748683090345615,-0.172284636297381,-0.0928471853680735,-0.065662849150953,0.0319846428056878,0.00622597672770269,0.000627833149889742,-0.0175637297893604,-0.0124685751856034,0.228443813808101,0.185482709428206,0.156309061196314,0.126430290443199,0.100141886274958,0.0703768170832169,0.0399153985151291,0.0114941433383882,47534.5006847783
"32",-0.0727329823579189,-0.0520283701167824,-0.0349653674171987,0.0800717670987163,0.0962797681612507,0.0895160081827568,0.0612476768667912,0.0181810951919203,0.01959148352723,-0.085368314366049,0.0250823918819544,0.208366109594628,0.49567077055526,0.652504342099463,0.805469910311736,0.946242006830413,0.929517930813444,1.03348565308406,0.926903711273796,0.721686798550743,0.450740607296168,0.297025920782763,0.172895719532112,0.0508317008830105,-0.0482519318450009,-0.0656897462971015,-0.0574491193766525,-0.0637579222228853,-0.0360732916532885,-0.0240961851677318,-0.00651188425382086,-0.00112989025226024,-0.0980613172240503,-0.101299133955202,-0.0180911470557188,0.0418194727502015,0.0390156549906513,-0.00979157101835879,-0.0172078946325103,-0.0119012777981932,0.227813727988281,0.183308579424171,0.158163869595918,0.126057862511335,0.0949193747668402,0.0668079024514302,0.0405525191389348,0.0114224108070938,47536.7030580302
"33",-0.147496211481424,-0.0158826610498738,-0.0602657992639896,0.0851946166387928,0.103272549026623,0.0908711422385935,0.0641361732314233,0.0159953038251582,-0.433002305707193,-0.128934059709811,-0.0111627165802318,0.196706742892206,0.506906831957643,0.654796559804461,0.807507882368583,0.949875312316046,1.40352580214497,1.07173597972284,0.973774236954573,0.729327006712132,0.441481172930573,0.295729780921968,0.168909903538488,0.0477183236492096,-0.0720445146589171,-0.0632871394435905,-0.0714122610331901,-0.0524216860828293,-0.0375135278748876,-0.02806183501597,-0.00725737447307365,-0.00151193561946293,-0.0431174123583088,-0.14799298839617,-0.0199555617463651,0.0498513974379701,0.000209793633217272,-0.0154329084508594,-0.0169567253687188,-0.0113125294995516,0.229546040224156,0.18597505054446,0.156523629764878,0.12647150835085,0.0973679285764845,0.0688311646413333,0.0402103940398763,0.0116081671729859,47535.8833054152
"34",-0.1203030982858,-0.0498289196366208,-0.0115179445444571,0.0933676682979795,0.0817111659126664,0.0905119978014435,0.057956850416267,0.015554300284476,0.337984894868824,-0.118663452173965,-0.0141169210042889,0.23338916669104,0.498218894290114,0.651290094954858,0.808574549577665,0.950079170482935,0.628159814253005,1.0653947620722,0.964757963593744,0.6986897099386,0.456565523383932,0.299472070896241,0.17061555376208,0.0469963599723084,-0.0506050953035642,-0.0692905957651496,-0.0579525441099373,-0.071822797003909,-0.0378583149315789,-0.0209474443181175,-0.00692998174788008,-0.00146973962184474,-0.0894544289799898,-0.0992767492267494,-0.0710554557227292,0.0110636750209799,0.0230916747255311,-0.0207268428089708,-0.0188576897535024,-0.00808822080612217,0.224204087913254,0.185237737410625,0.158134424236492,0.124783832426154,0.0978790094958171,0.0686811454890327,0.0398873170275348,0.0116003250604265,47540.6730229946
"35",-0.135342967302906,-0.0129697282952623,-0.0589649383228241,0.0867614153091571,0.0918773204787454,0.0723539609992225,0.060865543921781,0.0162898534001098,0.216356416498815,-0.0747224042697572,0.00910021360081505,0.232684907514152,0.471710168070699,0.655030242273122,0.808232759432421,0.947547799055182,0.754145745832295,1.01775364641241,0.950313160597741,0.698238388543758,0.478770346489233,0.29989035522301,0.169678265537723,0.049318903662092,-0.0491811987450292,-0.0673545442171816,-0.0658679205297129,-0.0658713726927744,-0.0361188348450074,-0.0235560764264563,-0.00768717638984003,-0.000281389130715055,-0.0996731035893797,-0.160711519388689,0.00663327165144035,0.0161114437762526,0.0373089168602199,-0.00427647921631905,-0.0155778283898768,-0.0083661628236239,0.227146144349178,0.183597246508394,0.154737688774714,0.124625239636316,0.0960816452815779,0.0711293104788581,0.0394671924087397,0.0113793536820729,47544.7473999201
"36",-0.0750662358612869,-0.0446645196186727,-0.0446363100955882,0.0933771654041047,0.0728759451429961,0.0872279719040581,0.0512119904682142,0.0188879154212382,1.59388202849785,-0.140811475955809,0.0378035754329261,0.188022520999652,0.485376421572932,0.647595611395473,0.812644395549971,0.948430811371417,-0.63564896926216,1.09376977715416,0.92330064472512,0.741420333960108,0.468172930538031,0.302876016982469,0.166276717689465,0.0480332812125257,-0.0538810941098224,-0.0754483083378897,-0.0615664700152623,-0.0623163617889915,-0.0437970598860036,-0.0224192174054188,-0.00859192841669368,-0.000737599487125627,-0.154371196285056,-0.131106565728109,-0.0603874126786083,0.0225835922213696,0.0666171809668426,-0.0102969947073451,-0.00460193194276286,-0.0126282892298277,0.231150244896179,0.187065903854862,0.161080916007536,0.124959678594194,0.0956339894567552,0.0683215259375651,0.0400556312616886,0.0114349352655076,47539.1826614981
"37",-0.127849871285694,-0.00494485903607766,-0.0740683472398711,0.0815947220352733,0.086145020872959,0.0745540730917469,0.0687285739649671,0.0164366139640687,2.15482718105471,-0.0357221572941727,-0.00861773752190735,0.214569625851604,0.488004307809096,0.657206407251466,0.805609169424154,0.94777762845388,-1.19138651114756,0.972752843473688,0.973779524979916,0.714759394545132,0.461952117477209,0.297092451715098,0.169658307488947,0.0494635599853604,-0.0526583713542427,-0.0568949759350917,-0.0667483437452782,-0.0671311970546422,-0.0331347441375278,-0.0233712772006248,-0.00456919614784329,-0.00169734952193127,-0.07227841264126,-0.151803094384577,-0.00584902754445008,0.0462035656826008,0.0381880213430318,-0.00392818247085938,-0.0281807317775487,-0.00879250973174607,0.225353669311751,0.184226108361523,0.153448721404167,0.12329916556944,0.0976314886796039,0.0692097917269692,0.0391223446077211,0.0113665234724439,47536.1861491658
"38",-0.11329867630912,-0.010548350568995,-0.0420111500646621,0.0693928050715237,0.0957152822365421,0.0760414643199305,0.0561325734582197,0.0192685206827759,0.979177503068974,-0.122324251626582,-0.0331459744945108,0.224645197980058,0.511517658189369,0.673637622877805,0.806047659536832,0.948933349745262,-0.0151801023937443,1.06497681774374,0.992177859530646,0.706243430019202,0.43551096435454,0.28063274109382,0.171939960858419,0.0473261887037021,-0.0641758912555951,-0.0696307610775881,-0.0675077027837727,-0.0536223682407796,-0.0388348273973504,-0.0238882842047443,-0.00548237317672972,-0.00136398815279776,-0.0778734869674076,-0.162290172257381,-0.0288856381390452,0.0416925816247898,0.0281249349590304,-0.0138822672458065,-0.0108363762486629,-0.0110201916904874,0.227805998369611,0.182528889373099,0.156889121255347,0.12515671110406,0.0984530160942868,0.0688719058671498,0.0391871121609828,0.011588920863433,47537.7796769235
"39",-0.178414671773981,-0.0666376524310006,-0.0494640024335981,0.0740335514288214,0.112403807143571,0.0669743051699709,0.0668105195758167,0.0164179927918127,0.116544481578439,0.0384903998800307,0.0479632062255842,0.220314368419687,0.487803991788036,0.655824599696428,0.807748615832053,0.948965491016115,0.86373122157052,0.92390664856585,0.907428622399584,0.712504598203284,0.458386719288539,0.299879194511808,0.168962166304282,0.0482668804312688,-0.0646334240674568,-0.0687386116953556,-0.0633000006767266,-0.0703668151917667,-0.0341203876028625,-0.0265950499627928,-0.00806007160023858,-0.0013203156563682,-0.0480448848769599,-0.159021042224588,-0.0119201491834343,0.0395436657839064,-0.00109462987400464,0.00989407522750149,-0.0230992887111117,-0.0102752200898702,0.225902708811523,0.186123572967377,0.15545438644324,0.126208407641988,0.0984592336770915,0.0696956125360351,0.0400637923521164,0.0113535716816379,47538.1780541346
"40",-0.147869689428883,-0.0625353287681182,-0.0659561131041908,0.0767267053940865,0.0929357121110695,0.0900116485349367,0.0516697975237113,0.0164265440448308,0.170589519177493,-0.0704815791455067,0.0799495405369743,0.226403114323243,0.486901285860684,0.642167277760845,0.807588927248929,0.947910583723958,0.80380477695371,1.0219369841012,0.881552148394826,0.705034870069137,0.463918191381003,0.306836177436012,0.171752980750558,0.0491629957128502,-0.0669120885495092,-0.0723161833068848,-0.0567724615394988,-0.0525709657579804,-0.0271490595261566,-0.0244042338411435,-0.00823340518756428,-0.000582543345167946,-0.0719787079547315,-0.105955112689222,-0.0257079428273172,0.0244427434679013,0.00389888193399439,-0.00336822275406885,-0.00412394668439831,-0.00969129926312019,0.225918722247327,0.187886465992203,0.160327666109667,0.127382412091052,0.0967892120571889,0.0702521923405555,0.0386378343943327,0.0113626625975264,47529.7825799806
"41",-0.152511190983798,-0.0263478862219261,9.74519702558275e-05,0.0807933637168677,0.0860152166735984,0.0719229581481193,0.073500337605578,0.0173487506003319,0.869109246505495,-0.0252160708349401,0.0367093784718365,0.21609838900267,0.490949260101698,0.668069943647312,0.79785079410218,0.948311207028082,0.111703868526591,0.966190926605324,0.913916205737625,0.713931512140473,0.459420167398488,0.288899919602642,0.177530948748347,0.048697390295377,-0.0764158827258758,-0.0586020565136884,-0.0725832338961222,-0.0614515779159277,-0.0385854600032486,-0.0253783251686157,-0.00716426823273003,-0.000162856636908129,-0.102330277285169,-0.133795732270916,-0.0747959344934648,0.0372758883280005,0.0419051455921048,-0.0116553705105854,-0.030863697870502,-0.0124553077605713,0.225467075033601,0.184231689737027,0.153895698097661,0.124998426827631,0.0961037981665611,0.069921950034086,0.0389182510435968,0.0114615639243629,47531.6904081339
"42",-0.168272614511998,-0.0271995111995552,-0.0311718037831478,0.0773066067189085,0.0991183090580804,0.0661046751112676,0.0585968900415192,0.0180628592472388,0.777308733226701,0.0256232464435854,-0.0843655945408726,0.241080773535934,0.472486256053835,0.657779189747387,0.81389213504297,0.946985822576518,0.195221727668798,0.914649966667912,1.03955587995048,0.690695505582087,0.47487364963987,0.296794070503517,0.16284021798829,0.0495475141816249,-0.0527138330457276,-0.0622191125875868,-0.0534234693231641,-0.062209209705595,-0.0289709781509289,-0.0240358131831414,-0.0101508512509677,-0.000815499145337597,-0.0443273150549489,-0.0993080295303456,-0.0504746370675598,0.0306494087734367,0.0273381501672503,0.00565066773505935,-0.00868618220620678,-0.00926274816003091,0.229225434372425,0.185392793875134,0.154625613286803,0.125787116695266,0.0978848136111067,0.0688525740100412,0.0401414480743484,0.0115128700018653,47531.4855522846
"43",-0.165701140839786,-0.0390646852826321,-0.0561843309273227,0.0758229876404678,0.0991535925043934,0.085044914243105,0.0688260100042288,0.0201643470757138,0.407389495012381,-0.206836427281578,-0.0153967236789526,0.19644450701351,0.493141074048295,0.656496768796277,0.802441864206207,0.947585995136549,0.567670901913885,1.15029337747692,0.979522060717774,0.7364369342655,0.453782277537121,0.296950835511317,0.171766657181488,0.0491647548222634,-0.0575667923841716,-0.065323060647951,-0.0607144993413006,-0.0636224308060347,-0.0413352844268059,-0.0307348975579313,-0.00642435283709269,-0.000840210357420548,-0.046675828344911,-0.0873883566556963,-0.0319301831160625,0.0486500328480149,0.0310788301897197,-0.0139195294973017,-0.0182873422895344,-0.0160972530497078,0.227225918826893,0.184928875900892,0.155387770438178,0.124604442774166,0.0964846216225698,0.0711227912665326,0.0393007806650633,0.0116385796521973,47529.5809968396
"44",-0.135957763003426,-0.0366771157820141,-0.0431282258127923,0.0917340445013689,0.0813169781370321,0.0783258203364478,0.0670077139023167,0.0171231062620332,-0.427776982702667,-0.12154805761187,-0.0700931420596092,0.21512294693609,0.498591733923961,0.660086951126694,0.811551288907448,0.948834141617224,1.39999537787802,1.06992429206293,1.03242770952346,0.718004532920865,0.453937125202285,0.290632507438234,0.164472747883449,0.0482912639711767,-0.0417741145281799,-0.0677930750394709,-0.0776964127076092,-0.0705979757280414,-0.0421334235860178,-0.0196685945220371,-0.00819569669849513,-0.000786619574192471,-0.12288782758427,-0.139507949894642,-0.0407410342006466,0.000234052397817604,0.037944524866632,0.00669609205499724,-0.0268601456630478,-0.0114265627184623,0.23205498154532,0.186684352070071,0.159213340547988,0.124414617889386,0.0963265023096871,0.0672305085541334,0.0398795781942759,0.0111781380652038,47529.6800939405
"45",-0.132016252965929,-0.0768861187235622,-0.0185132127281128,0.0973921793771254,0.0873256082904624,0.0720897553038464,0.0604791239559131,0.0182300061234479,1.72422089863945,-0.00281655496246209,-0.105894104503304,0.184204302373812,0.501864585507822,0.66892417112723,0.807981591218691,0.946796418916079,-0.753526033803352,0.959523087060512,1.05438487046677,0.745103788021596,0.446175427631806,0.283976865272693,0.169724090590033,0.0500559087179799,-0.0577202328704822,-0.0588320934392721,-0.0604326942305996,-0.0653839138535417,-0.0361617947077235,-0.0251758493335574,-0.00699420830640778,-0.000223838876132921,-0.0969712941146619,-0.10655665564006,-0.0156572088856043,0.0241594826900924,0.0435205739401479,0.00325234594881126,-0.0185019279409275,-0.0127862868052264,0.226214176082176,0.183647553694473,0.158227887080673,0.124984438055726,0.0989143165411378,0.0685214628076323,0.0403829155166618,0.0113745281290097,47538.490353758
"46",-0.157355326469563,-0.0507137447258871,-0.0535825303491076,0.0670399622485554,0.0736177268375058,0.0769537463538485,0.0715231516716656,0.0193219650940556,1.4515754422237,-0.0670131178477656,-0.0255367985446436,0.194410047203146,0.487704336652343,0.659940489262999,0.80540641874428,0.948933235201068,-0.476118328687883,1.0154341763608,0.987360057510311,0.742117826990075,0.467892176442366,0.293266485842714,0.168456602321171,0.047036124211617,-0.0409795316952437,-0.0737517427747859,-0.0720380010474499,-0.0635303265750339,-0.0342426645667787,-0.0260920980790557,-0.00641291024553015,-0.000765127933343355,-0.0853939286956073,-0.092329206551671,-0.0224894860928201,0.0312596215603951,0.0313401399868167,-0.00895864059404247,-0.0199539406171403,-0.011482983367823,0.230477952229107,0.183764385675622,0.160891803514634,0.125714593084022,0.0968914083803239,0.0691985437090481,0.0398362380222139,0.0114635824983856,47532.8525456887
"47",-0.153215545094534,-0.0367214590725656,-0.0725813517524307,0.057243997942014,0.0951515512922369,0.0773615768086868,0.0672397819110505,0.01636380613656,1.12242746864758,-0.0697501510057716,-0.00401709989142738,0.262694104296404,0.477548308265664,0.662754469402607,0.805688942255552,0.947869166509191,-0.152656513248135,1.01913539114587,0.9668426443198,0.672271326881657,0.47042871693143,0.287445959078044,0.171498960807037,0.0491311147500654,-0.0502724827707487,-0.0716910849454013,-0.0596500685717456,-0.0638825990291395,-0.0403210057862736,-0.0243938671563376,-0.00873621960716332,-0.000527749990738123,-0.0388718318227523,-0.140528112112128,0.00106885846214682,0.0470448671653255,0.0451419293667233,0.0139740448193229,-0.0253140011060295,-0.00914879849061291,0.228297752338248,0.184325031804501,0.154423873886649,0.126174810261655,0.097132037118892,0.0709100177273068,0.0392173653677744,0.0114713368796224,47539.5011432533
"48",-0.11440324353061,-0.0198416067885161,-0.0297550873018109,0.0821672431344379,0.0864655190997702,0.0752184574022866,0.0539663108145789,0.0181597691620794,1.50189781638404,-0.00917376400940914,0.000116128527827145,0.192017666724579,0.481101862546795,0.662369083624913,0.809933460689439,0.947657954943705,-0.535587230344269,0.958633799557344,0.959208125872607,0.739860151713574,0.469911215482963,0.291791856787694,0.167827986578518,0.0488164583567651,-0.0593116662228687,-0.0723846519896097,-0.0603575654065916,-0.0726868710329604,-0.0393253651142967,-0.0212935131204136,-0.00824795366886689,-0.000718379144466707,-0.0986258672924042,-0.177024257886295,-0.0770487121059325,0.0405235464153652,0.0390177180229152,-0.0137943895770385,-0.0024870169958419,-0.0102789494027868,0.230993874043359,0.187344068999975,0.157989440850189,0.126104089247764,0.0982480579721648,0.0713945801581893,0.0393562530961054,0.0113939446188257,47537.9252535781
"49",-0.156402048252835,-0.0274111610377214,-0.0200609705179444,0.0591871402489255,0.0833795543124569,0.0542180132820404,0.0596485641030542,0.0160815911531853,1.1851704524527,-0.112875964880025,-0.0224568797916815,0.179301031291591,0.479324700884424,0.671613095612477,0.811134564473368,0.9483593738921,-0.215401938762758,1.05751331166983,0.973491352185581,0.756898069893903,0.472079532611659,0.287734172895941,0.168199830913296,0.0492254827555329,-0.0482414087186333,-0.0783023607386717,-0.054723932975271,-0.0605033176405141,-0.0336813411442,-0.0253179169124644,-0.00737237813095638,-0.00184050003098213,-0.0381155797436934,-0.121597212760533,-0.0555332025923033,0.0553011265766652,0.0397216551820646,0.0113607640230753,-0.0231809506773781,-0.0106077527555624,0.225861712922402,0.18375466737624,0.155211922209258,0.125023799989019,0.100547256751005,0.0692880135575006,0.0391167880972091,0.011529800876677,47529.803644591
"50",-0.138087742821357,-0.0386165875427321,-0.0384135231849499,0.0906741270045469,0.101321230460853,0.0781892184991904,0.0688135653334124,0.0186357149868509,0.127855932013264,-0.119753954901064,0.0268617869945493,0.204823813568306,0.477893679082899,0.666653913978063,0.803632644908772,0.949143320785212,0.839410591813125,1.0669270629644,0.930958871872105,0.730557528870854,0.470206472603983,0.283637166364331,0.173355066418064,0.0475664807909556,-0.0527992062265705,-0.0756484760746873,-0.0692567075831522,-0.0666579715984921,-0.0428470131476018,-0.0215742387755492,-0.00788996082685283,-0.00122079541491703,-0.0540425533365211,-0.106594348713316,-0.0407422720956911,-0.00781495569403093,0.0374827676146876,0.00532415651993757,-0.029905455052458,-0.0128907236024662,0.229618551173627,0.184513528543212,0.160077546826685,0.127218312595379,0.0960230586525067,0.068382832492219,0.0385795621241862,0.011416908711768,47536.5921245309
"51",-0.162277128739592,-0.0389612422462302,-0.10795979183121,0.0800752217083576,0.0673303475832851,0.0812870993559642,0.0641523330330124,0.0165109493356556,-1.24750825495784,-0.0298104888231415,0.00557988015124078,0.203363769916208,0.510143502724966,0.653022001880943,0.802074673239452,0.950360167343984,2.22587571319682,0.976843973868905,0.969769692565499,0.724536399271199,0.44197718771887,0.299937033884648,0.175565946955539,0.0466197668787811,-0.0507502364521772,-0.0733736227150554,-0.0638298559545822,-0.0532408507734779,-0.0407613951443007,-0.0253718235842361,-0.00700696058825171,-0.00122865852719649,-0.0837202855384684,-0.110039998753991,0.0204501044535092,0.0486711840453798,0.0750460540641798,-0.006545043483069,-0.0217359168175231,-0.00981761677726591,0.227378010779034,0.186095506874638,0.153599247958753,0.125695273122071,0.100032251211341,0.0691168372080079,0.0389447434381508,0.0114584721552949,47526.8923293939
"52",-0.180154961540447,-0.0341135001280137,-0.071204487422061,0.0821533820805737,0.0640399143445794,0.0676899810642244,0.0654896212046348,0.0192172967756648,-0.822298194378534,-0.0896664125502886,-0.0269337804129534,0.225597896357207,0.533905600648653,0.663258177931394,0.801635584437466,0.946526510873203,1.79636985509647,1.03513271796189,0.990019790889131,0.702693057598518,0.422568350748173,0.291111532432794,0.17460649668756,0.0499926856293397,-0.0433358860785466,-0.057814908826241,-0.0600493205491822,-0.0625444134491522,-0.0483780792086346,-0.0226231227977475,-0.00635255570770663,-0.000635994444193061,-0.0344218388242528,-0.141729018004805,0.00743504590490262,0.0501768080786004,0.0466712190837354,0.00554098917511926,-0.0185046389632244,-0.01285228690986,0.235454945928583,0.1869336805479,0.158067812623748,0.12537687746555,0.0991149427288093,0.0682157316848231,0.0397400380844862,0.0112829558224484,47532.2818923889
"53",-0.132508837543974,-0.0421810285277074,-0.00907654174569244,0.0676321696922722,0.0820596835384283,0.0685748942032313,0.0595482301972935,0.017256216606216,2.5788170172108,-0.152047258653943,-0.0179305798664582,0.19137423981051,0.475602492819596,0.661930822195606,0.808567807746204,0.948192004206159,-1.60837979538268,1.09772531445834,0.966646769740909,0.743053560952233,0.475585845256749,0.292725670186989,0.169318396563624,0.0486153298867507,-0.0657385237521439,-0.0771214109991746,-0.0615814906401365,-0.0545558133138904,-0.037558573139047,-0.0222985952305531,-0.00983693038859583,-0.00155117674081136,-0.0833605029484186,-0.0831172321846139,-0.0524051333114374,0.0392632938600243,0.0577380729765524,0.0081790356055249,-0.0132625852603662,-0.0101954944587874,0.226917873384285,0.185244441115798,0.156157167334389,0.126551597414964,0.0972903255696933,0.0693155422207534,0.0402908984791262,0.0116824775649429,47535.0221261558
"54",-0.0632576304841439,-0.0528228782486143,-0.0143797969497312,0.0796604328729572,0.0913333412382331,0.0902877532064724,0.0593566240049919,0.0182214574211985,2.30041473593261,-0.144795698272635,-0.043671522560399,0.248554254191723,0.490642656907765,0.651558270046209,0.814157066390333,0.944716402362458,-1.34420366397855,1.1006223907686,1.00238874738744,0.689414706253899,0.455646179510297,0.298896674135836,0.164977378661885,0.0524761880928614,-0.0397684988515933,-0.0750087483060017,-0.0619839489469072,-0.0645935141261681,-0.0405920057438796,-0.0236713823320901,-0.00945264619890882,-0.000393020149105302,-0.177041781566483,-0.144590047975906,-0.0989203808985558,-0.00705350337072973,0.0573020277954938,-0.0165003078547724,-0.0232423449172418,-0.0130627614615884,0.231396415213417,0.185177774757974,0.157556035752096,0.124787976858983,0.0962944937313304,0.0701311587487853,0.0394235632533017,0.0112972859894737,47525.1816015804
"55",-0.0988044299543646,-0.0558678075563829,-0.0175472138665793,0.0769475905190369,0.0842797333199302,0.0755704607914297,0.0670711556406786,0.0173640134587043,1.53813934148623,-0.124513105680925,-0.00753240448014974,0.221484795075974,0.508839236744061,0.654208466370798,0.806130902573249,0.947159369500332,-0.573134499740116,1.07418479502299,0.961167440706278,0.71229481941503,0.445804510844016,0.298273182061,0.169280300018441,0.049475176953215,-0.0420978418429735,-0.0686190050655551,-0.0691540480706266,-0.0553663709297164,-0.0451211314697969,-0.0205259525707834,-0.00728105386204963,-0.000426237716637334,-0.159359411840898,-0.100792959760367,-0.0563420168432834,0.0123572173373644,0.0256435640805792,-0.00511252671520085,-0.0171457824180008,-0.00915180278636124,0.227068690196259,0.186151554023106,0.156832513020971,0.124872134943458,0.0979765536945289,0.0697180933245347,0.0394862960930266,0.0111504247022067,47539.9739621865
"56",-0.125172752751058,-0.0208478524665388,-0.0453438630683624,0.0864458633711824,0.105949291038213,0.0791044318426519,0.0610217622734082,0.0159987778580815,1.55258902986675,-0.0793945872297241,0.0109455569482643,0.204433045806682,0.469189548615163,0.662447896665728,0.808497941934064,0.947478464774477,-0.5850795706443,1.02272144753525,0.946516350506085,0.724580035870457,0.476588074044972,0.291157233011625,0.169435063835944,0.0495653980991642,-0.0499697565738059,-0.0615149586889185,-0.0601656560725517,-0.0589831875618404,-0.0405443903155686,-0.0214470217516984,-0.00924255740826824,-0.000785674129734147,-0.116313242753008,-0.164975260741045,-0.0325544362488434,0.0268322711371324,0.0341666230056904,-0.0121399286198206,-0.0149689813671203,-0.00863124679102453,0.225489160904415,0.186530361401951,0.157061981232487,0.125987681835171,0.0970914365412612,0.0683591396804057,0.0401102885255408,0.0114862454833007,47542.6076440029
"57",-0.145197716269893,-0.0405991769506131,-0.0523480122457165,0.0778359999601051,0.106885010201347,0.0664886067798196,0.0629971606108417,0.0159573601911232,0.729815832767113,-0.16580641747268,0.0381642360636994,0.205642432743974,0.485017182149127,0.659750000302225,0.804862345784246,0.947959702177249,0.241354622973348,1.11474934892102,0.924511053743859,0.721440547480388,0.460991758873003,0.296055844477346,0.171284312435579,0.0492399660721486,-0.0471462931424727,-0.0812051194750298,-0.0624248529189371,-0.0509937745315209,-0.0363313717419923,-0.0253741867999819,-0.00982593655936546,-0.000693348004444933,-0.0868352438259597,-0.12312254067951,-0.0528376340973409,0.0523314368030308,0.0236997034567365,0.00354333118482077,-0.00921429951113,-0.00907626309926288,0.224539552173433,0.180240104267554,0.158276105762425,0.123138180669384,0.0959557069670271,0.0686972247742502,0.0398297062784676,0.0115717811939968,47537.7369556508
"58",-0.100869231502479,-0.0331991333717245,-0.0347148200163369,0.0697508391235249,0.118048758743356,0.0767759932301353,0.0651132739994672,0.0190964860641818,1.80366765501802,-0.0566072103364101,-0.00536246554975735,0.246136320557167,0.489607774279425,0.652632620660888,0.802647081999433,0.947081093346166,-0.842159117571629,1.00337660343927,0.963136698775509,0.686064654476217,0.455674657694642,0.300193429239992,0.173307520808477,0.0494813852361496,-0.0511777533840149,-0.0844835237132066,-0.066561190265118,-0.0621255992621886,-0.0391477931720493,-0.0241823958621601,-0.00491014597606484,-6.60299080910327e-05,-0.125995939126022,-0.121924754613353,-0.055902810575263,0.0440694676623158,0.00218240135472295,-5.86968974292763e-05,-0.0184482427201892,-0.0130930345043826,0.222351472384497,0.192069599019824,0.158863970806952,0.123346860657366,0.0976773206578776,0.0688462423596951,0.0395832821967229,0.0116651539097365,47534.479247426
"59",-0.183424892487486,-0.0394376412290319,-0.0473254105773397,0.0950899244929992,0.125864014344931,0.0850554871223903,0.0580998509359164,0.0201980559486412,0.265453598808488,-0.127263591858889,0.0637605476602844,0.221769435108093,0.476014898738646,0.647278008680179,0.808284587973394,0.945795990420343,0.717707649513737,1.06878285384732,0.892658291293875,0.707570883288249,0.467996744413799,0.303565961744582,0.16968590488175,0.0505828294896579,-0.0658637373418365,-0.0706184737335594,-0.069129281598028,-0.0561082748046563,-0.037752397925617,-0.0205633273319118,-0.00783213082611363,-0.000122692555892858,-0.058814760854267,-0.0735562137964225,-0.0016191690638698,0.0084558261188711,-0.00536280894906748,-0.0164967134316698,-0.0113261644090367,-0.0143749157175591,0.230620727835775,0.186961856076921,0.155797696404091,0.126619483232038,0.0966205960813779,0.0699055634634132,0.0398603944651547,0.0116286128749954,47535.7769969853
"60",-0.11996996473565,0.00251862864554755,-0.0575793177652391,0.0896928858551073,0.0964519293971728,0.0819658271087893,0.0647789526263881,0.018197554155462,2.12801220177861,-0.123370764322713,-0.0260102630975456,0.208409323457266,0.480666846122358,0.649475613465059,0.804554518541886,0.947855723797158,-1.15858513612219,1.05796697606321,0.985141221978841,0.720877050326279,0.467347186784087,0.304390908065563,0.174686394135328,0.0484681905144441,-0.0635959087506648,-0.0575701481269723,-0.0648180647564916,-0.0719497651849548,-0.0406028717351571,-0.0248413698311525,-0.00954768249577931,8.44135105434819e-05,-0.115968456200039,-0.158302488889863,-0.00268049518147189,0.0413751206948058,0.0401819082109595,-0.0148539941043086,-0.0291495746017809,-0.0106402636361816,0.227231464080107,0.185080178359551,0.15541813443841,0.125712061165321,0.0999840687452892,0.0694940411715113,0.0398353188070448,0.0111360925486757,47533.2536879201
"61",-0.0866637978049192,-0.0530227365000915,-0.0475358045942915,0.07101443865115,0.108798322646616,0.09084490929206,0.0631391434051285,0.0174956120413159,1.72854621897517,-0.104571820177331,0.0111788024927296,0.249264641019534,0.484190592886022,0.649746352564323,0.799550646869184,0.947091270514582,-0.775713921286643,1.05874749472257,0.953015986094906,0.683794496601087,0.461049374561494,0.299328804077528,0.177868190584511,0.0500764518135676,-0.0529486891632684,-0.0813100161046005,-0.0753701230311801,-0.0630791601982301,-0.0380797762714076,-0.0290722961273833,-0.00949787003839846,-0.00141575891670187,-0.0738003779401732,-0.118589445284423,-0.0520560353673819,0.0349299260633195,0.0231290660209466,-0.00147985777645895,-0.0126059317341951,-0.0112655650287708,0.22312228074897,0.19117620704929,0.158033382917105,0.124389400504456,0.0968982227786586,0.0692682732759465,0.040169345965808,0.0116059559287257,47531.0150925394
"62",-0.109369914183188,-0.0201821327443468,-0.0472321677531419,0.0837619692911277,0.0746177995639318,0.0780772710310139,0.0618761253205633,0.0178013161009886,-0.373025557921653,-0.129518908557904,0.0157810237125943,0.213095834477842,0.514270896670178,0.654621391918269,0.806838041476019,0.945856312908905,1.33098954279676,1.07012872951913,0.941367477856835,0.720060836528497,0.439401014773324,0.299523692700942,0.169701859299138,0.0508866786057475,-0.040818231544615,-0.076894306769027,-0.0521266228692131,-0.0669646984394269,-0.0434363216390033,-0.0274701926303881,-0.00631181147070504,-0.000542288776381125,-0.0786750552122039,-0.113864632682589,-0.0394325853542236,0.0229346329191667,0.0407741585416357,-0.00182220469783563,-0.0133669444290577,-0.0100034131737774,0.227085863003307,0.18402524580682,0.157517138769114,0.124616136880312,0.0971846858164193,0.0702784517380874,0.0394795459156861,0.0113542333315963,47542.6492378906
"63",-0.0806064769930716,-0.0272031582798217,-0.0878362545750095,0.101586843345064,0.0808940784570147,0.0757340607197493,0.0606543332411516,0.0188631003004216,1.92409254826294,-0.0738363798054078,-0.00613874818351766,0.213623901187156,0.487824316991653,0.657739786053934,0.804518556742627,0.946481992310677,-0.976301229994038,1.01780815777557,0.971095036155177,0.713070616386234,0.464247868730736,0.296012055000114,0.173510011255742,0.0503418404609374,-0.0502403592041993,-0.0613507339798429,-0.0636238594347734,-0.057796863599517,-0.0376458809259398,-0.0261001618528624,-0.00964150451759813,-0.000745293853849255,-0.0904908175212026,-0.122881470680958,0.0208059631378793,0.00484575018333785,0.0403427926531518,0.00244094646319752,-0.0152562701971081,-0.0133342807985225,0.228723146022541,0.186467321316749,0.158128511163876,0.127228377898456,0.0975904284251633,0.0696427670445375,0.0392911129092464,0.0114920861116564,47538.1027291842
"64",-0.113245722334226,-0.0530467892558973,-0.0337967684595131,0.0746977444288718,0.0878486944501936,0.0559480549111202,0.0600480135757219,0.0169835627391482,-0.0517871421117201,0.0702220767734025,0.0187921865559174,0.214467573124334,0.4840962940522,0.682780332928636,0.813403551238664,0.947551922514534,1.01535697215425,0.88340719104197,0.937285195163572,0.720622340205225,0.471746799972578,0.276463467649726,0.164317208886827,0.0494393253723017,-0.0568767747924191,-0.0698053744855872,-0.0575429026147835,-0.0746107023702429,-0.0445528490450753,-0.0275427884506033,-0.0089169698562413,-0.00105232722211113,-0.0868513766555508,-0.126815237863212,-0.050689436478741,0.0438797046582741,0.0136582310340293,0.0055169182506026,-0.01770528862007,-0.00883700369196135,0.227978946835242,0.185621922337631,0.1550738584834,0.125520414439863,0.0987601660368022,0.0694629828447701,0.0402227501710316,0.011333967437462,47532.5003254445
"65",-0.102445822690895,-0.0418810609312479,-0.0785863150459584,0.0939825755012823,0.0914172330621414,0.0769259374820786,0.0622751140039949,0.0177995544056556,1.35379426367827,-0.0511332260505927,0.0916979192033714,0.200559709705883,0.491462678389288,0.662773325613462,0.801992914924418,0.948257689334653,-0.391071141088899,0.996771889768565,0.876368239272299,0.727557115870025,0.459927763009443,0.289196677018064,0.175942869893018,0.0482897669666302,-0.0501097209626902,-0.0665615546100494,-0.0620315384877248,-0.0647860362962304,-0.037058687150824,-0.0223218834836119,-0.00953645421719541,-0.000621975542721242,-0.127345605617973,-0.104141556972775,-0.0244716288840833,0.0265254846277146,0.0204212625302055,-0.00370758065964485,-0.0152435871447426,-0.010294706577098,0.229470274474849,0.183052314821687,0.156929972991026,0.127973807881691,0.0955926712766468,0.0702414290687441,0.04013192554596,0.0114167636947465,47544.8647994393
"66",-0.154909138547091,-0.0481069873486187,-0.0676564485709516,0.0729171232717677,0.10347814830357,0.0673828857373734,0.0595475348753387,0.0169323046163317,1.08269076095135,-0.153871235405705,0.0403807704017248,0.221998922660544,0.483015649973155,0.672937932271813,0.808023349583786,0.947603877484374,-0.102814306144038,1.10571772911742,0.92190880460542,0.711180031242557,0.465642315277007,0.283030041948831,0.170010203512198,0.0495448909529386,-0.0697385733066905,-0.0677175907757608,-0.0740632678239523,-0.068420133082968,-0.0433289030534592,-0.0242597508979608,-0.00647098635745171,-0.000906817146834695,-0.0799791109016031,-0.130425729696126,0.0129330401121288,0.0393204056562482,0.0227004936758996,-0.00344040167436289,-0.0174015227153849,-0.0107183042979412,0.230242059139196,0.187066006664388,0.155572396727367,0.125112518478232,0.0978959941226531,0.0672191717419001,0.0393651498175977,0.0116256218910798,47541.4391437613
"67",-0.0985182400362663,-0.0237191447777466,-0.039350042148072,0.1263990020382,0.0962148719138562,0.0640138065350539,0.0673072072996189,0.0174204131139232,0.343324716471767,-0.0282834542928687,-0.0609112001919406,0.171112888658558,0.483890374895533,0.665306507780123,0.802675726233558,0.947428282485691,0.611498699873964,0.96937744595033,1.01257089042446,0.749912729313161,0.461226916590657,0.290437261677761,0.173141088324642,0.0493619941957233,-0.0414337768816537,-0.073215031950978,-0.0664395263950518,-0.0567327178005321,-0.0374850049544849,-0.0211701932195278,-0.00838357097243357,-0.000503073006762572,-0.103479789373012,-0.116771595144768,0.0173679962505428,-0.00922087311401802,0.0522628001188341,0.008762357013493,-0.0157439922496439,-0.0107313278816591,0.22520850488456,0.18750256241635,0.154803413983483,0.127622979420685,0.0975811175131068,0.070132647906827,0.0392444461732184,0.0115745123313442,47534.7597852988
"68",-0.120446809219397,-0.0559097571835726,-0.0597610764719103,0.0929144633939535,0.0828113335954997,0.0806543334731757,0.0586763096971522,0.0186178768686176,0.0918969120198406,-0.0537272560370056,0.000344736880597986,0.228721599894805,0.489975063427339,0.665729318375044,0.808880675438627,0.945963263197371,0.873802289330547,1.00601112110801,0.960030224780952,0.706600359591459,0.463457729921035,0.284450096072059,0.168520075900641,0.0505360662412476,-0.0386670061314938,-0.0789841220934632,-0.0639644695886289,-0.0666499367976423,-0.0422750634329071,-0.0279737120305344,-0.00743486241959308,0.000224642572058648,-0.105291887456485,-0.0948239825485139,-0.0132482186728224,-0.0326223023466862,0.0294222174688241,0.0104700736051963,-0.0130134927755436,-0.0113704844309688,0.227402163107862,0.187223738591783,0.157002710739216,0.127226656924118,0.0975046865448444,0.0677908914114186,0.0390339430445014,0.0112184664942207,47528.8762152123
"69",-0.147699643755919,-0.0678422486690492,-0.0456853715594169,0.113559390939307,0.0902950936727735,0.0843759097311971,0.0640484449402872,0.0168633902614921,-0.790447101819683,-0.0153631408283925,-0.000489179303067428,0.192104627406149,0.524545118720286,0.657606193133676,0.797324761719233,0.947585315863515,1.76166819153282,0.968782456801618,0.956724534711251,0.731996907768925,0.42740567227588,0.294299082375054,0.181578967303038,0.049562217699536,-0.0534486787555189,-0.0683313552355732,-0.0574745480536514,-0.0550666196743302,-0.0459007337270461,-0.0239710785444638,-0.00464060878507511,-0.00113466437416988,-0.0669125220526652,-0.106879631663215,-0.0162488099701337,-0.010136995292178,0.0214706396374563,-0.0137745894915494,-0.0292712774512293,-0.0103409914156577,0.22794796169607,0.18606814414419,0.1590009493813,0.122925495701692,0.0970635816350784,0.0685543715900123,0.0398335349736765,0.0112132276931361,47532.1610493236
"70",-0.148687348672221,-0.0594611230425136,-0.0449010319867666,0.0904637712495984,0.135946264163731,0.0661847786158718,0.0638378828385293,0.0193255820882275,2.0154695766964,-0.191649868352689,0.0396779815961736,0.209579631211524,0.485423019082537,0.672435916877657,0.808967083026781,0.946338862340681,-1.04023397565524,1.13696046640339,0.920084523120044,0.714520709141489,0.457197146737122,0.284329194130336,0.167711942401,0.0505582878116303,-0.0374646748935602,-0.0698134002799904,-0.0616167243153709,-0.0575972014665918,-0.035923176811501,-0.0268433849602035,-0.00842071056848641,-0.000967765021360316,-0.105851744899873,-0.0571361421551854,-0.0450307845906407,0.0414930583375767,-0.0233252092827985,-0.000145353707435701,-0.0199571099762972,-0.0137656011251989,0.229261409604999,0.185023959412996,0.158566868461127,0.124624596548437,0.0955636345689339,0.0695118072505384,0.0398860881398542,0.011784775156845,47528.8898252695
"71",-0.180197680938678,-0.0554383730681313,-0.0586167913651546,0.064644504732021,0.0586386561543363,0.0702099121338741,0.0612022115632028,0.0165957888971479,-0.186171522434919,-0.0691226981118447,0.0146313255928566,0.254642085895327,0.529541833018559,0.659742899832731,0.804772352041248,0.947609151698884,1.1650974045973,1.02003260167438,0.945411534657899,0.678413992574544,0.431125635320637,0.293812358614671,0.172264205282986,0.0495595711570377,-0.0526130415694625,-0.0694928207117675,-0.0611117815623753,-0.0594815361376474,-0.0477158462194523,-0.0300516639685161,-0.00778989915784269,-0.00136146730239529,-0.0450879247050078,-0.108617543973056,-0.0109629707433471,0.0447141206392085,0.0391953487720666,0.0168209054126304,-0.0129176422078353,-0.00917538132117253,0.230445213731679,0.184662336362455,0.155911289735177,0.125809361889123,0.0981990035218065,0.0712379999130854,0.0398091105987103,0.0111218824556447,47534.0153049637
"72",-0.155888126878832,-0.0526971525926022,0.00769473898424394,0.103301671094724,0.0848701816348197,0.0704113058240285,0.0675379454468593,0.0168377795589527,1.53614161425654,-0.0866997044742534,0.0114167319747695,0.217204389377105,0.497296698488897,0.665904464843566,0.801166410857475,0.947292844061182,-0.561513777787783,1.03738953030571,0.933206609391033,0.705316182637053,0.456850940814235,0.290034128822624,0.175171815456921,0.0494150770843067,-0.0415706960376538,-0.0580122125244138,-0.0562043819652799,-0.0559245579745169,-0.043037105255077,-0.0227467765161082,-0.00488974535632182,-0.00105324466049923,-0.102043273050181,-0.117145101039935,-0.0854516499748212,0.0280630503373837,0.0273909998531606,-0.00709650461159427,-0.0226746945197183,-0.0084838055622649,0.229077333725455,0.185551977558361,0.158972722625269,0.127171755957479,0.0975122533777678,0.070474371252228,0.0393586566036023,0.0112832715321337,47533.5914393326
"73",-0.0927890917006987,-0.048763616377649,-0.0487377662479217,0.0720556019742037,0.0899910028566174,0.0801940756848522,0.0669317340813077,0.0186507756072062,1.00039925221215,-0.169163500450914,0.00154533844730011,0.188026950196257,0.467335335014607,0.659502353495644,0.809210400537937,0.947441717851355,-0.0439777558706402,1.11351438063523,0.957910505661178,0.740120845792516,0.482091995507124,0.291390311047884,0.165955382348778,0.0493009646115364,-0.0552029393479438,-0.0745134932123067,-0.0734755790893163,-0.0533243593053562,-0.0409940866685805,-0.0205264550432113,-0.00794548068277829,-0.000687631192019671,-0.0928206508785593,-0.0667619763173189,-0.0178581461406529,0.0630132773786783,0.0579039291973203,-0.00475720792866775,-0.0196226668533516,-0.0128860001843398,0.228549157442373,0.188704266235455,0.161006725004098,0.126204925990431,0.0969659548439008,0.0686617438940605,0.0399919830374922,0.0112348271752536,47535.998388986
"74",-0.119037520154889,-0.0559310966250169,-0.0384241768351281,0.0872487605171718,0.110994752670967,0.0556596243232727,0.0682732933212254,0.0181105764351255,-1.02369616746498,-0.0998675184324129,-0.013225255415079,0.192031696080229,0.477093071739428,0.662882271329982,0.806291773939814,0.946300213594483,1.99511749549277,1.05564344907201,0.968828395933739,0.739671604025133,0.470401710679807,0.294329760314591,0.170610859310009,0.0504378457385828,-0.0715331634933856,-0.0720796355220973,-0.0674152689582855,-0.0708767051431545,-0.0357294709357909,-0.0215287446531498,-0.00567031720520079,-3.95024313602647e-05,-0.0969114403151789,-0.131412529309444,-0.022759947456493,0.0233872806089222,0.0121667841021551,0.0184381937944166,-0.031619217053769,-0.0123575410315828,0.225382103909512,0.183126412214521,0.154594573739391,0.125834981291068,0.0969329877401599,0.0706045787563918,0.040357628126826,0.011274302668963,47532.5975697131
"75",-0.162083315200404,-0.0692669358461859,-0.0358476345480561,0.0783480711976784,0.0901603628145857,0.0623632345198234,0.0573108829380681,0.0162773866385471,-0.0404123750901529,-0.163030063691553,0.0367470040967626,0.247496075905345,0.493426520677809,0.645310080705138,0.806096998388735,0.949850873594111,1.02208155637262,1.11552186313464,0.917456126972197,0.682721509357018,0.457720130497513,0.310632231704836,0.171755585830664,0.0471173081944827,-0.0625579831547846,-0.0737954726572756,-0.0584364430063034,-0.0603660528719574,-0.03878739869533,-0.0252867746253737,-0.00934736296061504,-0.00122812184203394,-0.0986951982632933,-0.0698857544457481,-0.0372025821083096,0.0302786463774184,0.028394132443123,0.0203124002615661,-0.00664293952757137,-0.00993431868240395,0.227551290690674,0.183146164615994,0.154341502018943,0.128298461676596,0.0975068078281869,0.0694878744734038,0.0393322995118222,0.0110635285871709,47535.2956380798
"76",-0.127231143738836,-0.0227015749658038,-0.0654324757877184,0.0817518718444984,0.096665488970822,0.0696913216339403,0.0539779871562055,0.0181938836123701,0.416299860975362,-0.0901635655681559,-0.0608714582583753,0.225001892492547,0.498813941879695,0.658131343887285,0.815781988039884,0.945690259552644,0.555546326309181,1.03207332915558,1.02326645636337,0.708559355658525,0.451254505412927,0.294308022656442,0.161888695382208,0.0507850835241969,-0.0276510214186533,-0.0700405969187321,-0.0608988822364675,-0.0651233118978481,-0.0402853745554971,-0.0264037170309338,-0.00831340729678751,-0.00125540338503549,-0.168463419690247,-0.125263673311523,-0.0105255402923811,0.0142818446439829,0.0213908190115894,0.0161429143276815,-0.00509335216637444,-0.00836626003880602,0.232338045323265,0.185286273184878,0.159452904910415,0.127659175508896,0.0990460414772304,0.0686901269683872,0.0409995633617719,0.0113797392364189,47528.4689854771
"77",-0.196635177058274,-0.021643855194455,-0.0265381867623962,0.108071654319485,0.090455957846876,0.0743852529680266,0.0660065655199331,0.0181574060484835,0.597279881356267,-0.0747843099267212,-0.0521001033425476,0.158772004898846,0.498682645579102,0.643779434626319,0.807622797169826,0.946398066069635,0.39341290263882,1.01810811377234,1.00927034419776,0.763388525983252,0.454927033885809,0.311472666015636,0.16851993464022,0.0505444003459482,-0.0647400306024726,-0.0626753550177323,-0.0638472978054615,-0.0651932500854539,-0.0387660970737742,-0.023817744886272,-0.0059643480424163,-0.00111610708443159,-0.0741636545884064,-0.142904451704625,-0.0549925532389944,0.0474092354087798,0.0105197912801061,-0.00667471941929617,-0.0222529527905781,-0.0128483828185763,0.228606817758968,0.183923045017156,0.158190095884797,0.124656896216343,0.0990573593670105,0.0689045121570091,0.0397653496894908,0.0115197022686972,47535.8466792148
"78",-0.116037672364006,-0.0531103761585794,-0.0557751204761956,0.0771850272868381,0.0818853047839557,0.0651646638361685,0.0648180033572135,0.0173918954358935,1.46610993109287,-0.140927285361426,0.10617679668573,0.223824986226767,0.478408913533308,0.656713410536403,0.798586290279481,0.949286528858286,-0.501655556185413,1.09450197067528,0.858961093971934,0.71273252371221,0.475466935223982,0.298660377577494,0.178824676131644,0.047674727978886,-0.051588055118109,-0.0778493519844288,-0.0617256029751204,-0.0669018727182188,-0.0377465350609756,-0.0251045040013296,-0.00656109602550874,-0.00128133102059485,-0.121803672882944,-0.11619864723203,-0.068771747505538,0.0113883330527173,0.0436535971547933,0.0128160046732311,-0.0223416670318057,-0.0112407021447657,0.228269278870924,0.18673748548978,0.160517901588716,0.126759107525242,0.0951960230415436,0.0687941346467601,0.0405036821958123,0.0114170227933942,47533.7783305006
"79",-0.13782282544296,-0.0612391079865219,-0.00945049502092762,0.0837134214351529,0.101902316991328,0.0741196710764994,0.0613535050583741,0.0176570796182622,0.308136804141677,-0.0960129172210174,-0.0258706834544713,0.184904537298908,0.4780120606184,0.655288197233513,0.803343435375853,0.947881533001444,0.666353146384868,1.04912024009183,0.977298382612287,0.749215668994031,0.467952069265195,0.300695757707693,0.175330523901774,0.048527475649943,-0.0561474995535999,-0.0763015884256509,-0.0662572983495438,-0.0777380149658708,-0.0358736521800224,-0.0255363553467399,-0.00941229406243052,-0.00030927300557848,-0.0963031374755884,-0.101254095846306,-0.0581606295117173,0.0387892672418123,0.0344983159157882,-0.0136438619335239,-0.0155548621023846,-0.00965354630191812,0.230682316394567,0.189164863529882,0.159452539905444,0.126673313380199,0.0976686828536802,0.0674824932990593,0.0407444915172106,0.0114985609123287,47534.3608421468
"80",-0.132283955611672,-0.0590102161892882,0.0163737237921564,0.0888974245711991,0.103083000665808,0.0795990347626459,0.0582297150595308,0.0185421877005502,2.00722958403672,-0.12992367131877,0.0145988491355883,0.230099535088744,0.503953454545522,0.649815343163381,0.806923589220745,0.945719174033331,-1.03866767774287,1.08183852641024,0.928680146183645,0.693987566858005,0.443736335776923,0.303119224313224,0.171590125900698,0.0508417326170534,-0.0566414340327546,-0.065946163673959,-0.0592612695870599,-0.0596561798434626,-0.0385595543175456,-0.0215018565330238,-0.00838905075491942,-0.000615097966151764,-0.0992246884898451,-0.122026099492543,-0.0762125681000577,0.0497938756031683,0.0126734205266302,-0.0075932259358439,-0.0152668819422379,-0.0102073285486743,0.228727541969992,0.18531401151594,0.155816621800394,0.125315121068761,0.0983957361219714,0.0691142478776002,0.0403250435091894,0.0116535740928526,47537.7128487531
"81",-0.105433027552879,-0.018181483330766,-0.0195666646161518,0.054364021449817,0.0788837623826994,0.0652426643362003,0.0549062503534299,0.0173417470703372,0.436624253717158,-0.0971564735774885,0.0212207911851162,0.225209497246223,0.483756953554229,0.653228521357408,0.805861466847169,0.946567416207235,0.529259046301279,1.03605649767141,0.935816936907417,0.709764484880159,0.465029791664225,0.300275194769632,0.172923492421452,0.0501077402410953,-0.0597993784364686,-0.0825854059089793,-0.0672357928434136,-0.0589122990209289,-0.0409860045998929,-0.0186220015050509,-0.00499290697671486,-0.00117981803383998,-0.120782470657743,-0.0986900498965336,-0.0741444463266654,0.0534323961643642,0.0726055243784213,0.0141853928230098,-0.010750229169135,-0.00836527263805149,0.228828023904377,0.183948575504358,0.155863436605357,0.126666302555413,0.0979565879765461,0.0691677977306101,0.0401991727225567,0.0114754696744922,47533.0042056416
"82",-0.138248471447205,-0.0461883696122619,-0.0490367667550094,0.0898481881882209,0.0936939590901495,0.08436493676729,0.0640611070545606,0.0194258911520016,1.69636902727356,-0.0582731919181856,0.0141033010455652,0.228612067506832,0.488491777787684,0.64385084136481,0.803115201066529,0.94687854302863,-0.72229341936097,1.00743808288956,0.948797999366095,0.697650853526179,0.460909186595731,0.305342217190554,0.175148266541865,0.0496723577251664,-0.064583804561062,-0.0748094408131794,-0.0782487672099492,-0.0561017184495044,-0.038047995372993,-0.0201346241640109,-0.00765938223757081,-0.000625526036575339,-0.0983499889745899,-0.118497377878509,-0.0418867818580408,0.0224957368709847,0.0309255584391327,0.00466423330597114,-0.0225186817885321,-0.0131341120928379,0.229747454807638,0.184684618093768,0.159615477318006,0.124582838931746,0.094512295248894,0.0709430540403268,0.0401143674900054,0.0112203064749794,47537.3093049072
"83",-0.158675569789656,-0.0288594065043072,-0.0715687231852809,0.109157217326218,0.100134530867287,0.0864737585068151,0.0637364059465733,0.0177824279707148,2.09176403087929,-0.1831609441722,-0.0240349136652727,0.182575999361721,0.479166697653493,0.665145532899135,0.809310363357654,0.947316495479689,-1.11867650385835,1.12071630162038,0.988937704966659,0.740003483388594,0.466098584768841,0.284940844028681,0.168241481526791,0.0498265838228693,-0.0510183519425373,-0.0590531757912653,-0.0636520253114946,-0.0548628902422346,-0.0327239496678677,-0.0267911161041243,-0.0083050819283976,-0.00121176533684145,-0.0568208333326128,-0.0849431803755373,-0.0131874367772016,0.0217504397070656,0.0395324526974751,-0.00305195239792132,-0.0249733866636042,-0.0128638812561856,0.234281663307003,0.185427557637678,0.158667788161918,0.124073686011956,0.0997628093317611,0.0698854159234997,0.0399702442120865,0.011485633411661,47534.3262770473
"84",-0.110076652733633,-0.0337537538182202,-0.0700491369976725,0.0858865986045638,0.111850462699214,0.0735746712494137,0.0647634768810116,0.0185824098582667,1.12995504211408,0.0217256306433798,0.0109483957914192,0.212970411795022,0.474878949704462,0.660937606538831,0.801802510078885,0.947396753815354,-0.164302225629808,0.92088101814301,0.955460665096863,0.713218746353416,0.46993320932181,0.294943993690977,0.175488425501086,0.0497153509707319,-0.0712441945326246,-0.0641675872878027,-0.0593555924611733,-0.0645050266095791,-0.0391835052847185,-0.0184368902153804,-0.00922054912880938,-0.000429032668121603,-0.0898746794961093,-0.110215894504025,-0.019179979611909,0.0580793220575768,0.0299799024144045,-0.0233934685679675,-0.0199744527763763,-0.0154367411206545,0.231093167902944,0.186187167361513,0.155207247169054,0.126045486100429,0.0973058662929831,0.0681878042228447,0.0401863415761666,0.0115446170134727,47532.1632928377
"85",-0.0961052218672515,-0.0714382946811529,-0.0383299525281405,0.110869410526359,0.0821491120073582,0.0729383104326672,0.0615040863081712,0.0161577623161371,0.866107646076568,-0.120256509622004,0.0141463794338675,0.211636935061316,0.479901359932786,0.655002133092571,0.808255945296181,0.947908032087231,0.0974184065678262,1.06560720027873,0.946975114976464,0.713667270401053,0.474526508536408,0.29944956203765,0.168574429382152,0.0492053104756772,-0.0743769578138215,-0.0613493319408068,-0.0671159275359248,-0.0708228269609992,-0.0369527533317992,-0.0257641787913981,-0.00994074262853249,-0.000785626504059336,-0.115543159919939,-0.0515003540585122,-0.0559218542602295,0.00868224429886692,0.036089549605532,-0.000877175692341006,-0.0108843208133057,-0.00948325175975653,0.230739232988573,0.186613187258238,0.157981595108405,0.124310045510693,0.0980599090228767,0.0708126756282904,0.0390985856803331,0.0114221855773433,47536.7297433752
"86",-0.123954244897023,-0.0866105775575045,-0.0525902170273053,0.100296745594922,0.104852446157312,0.0894088948217947,0.0628864622299055,0.0181709670440311,0.51894321176549,0.0361570945167068,-0.00888895650680702,0.211467981876745,0.49850653450567,0.661557659177635,0.803561297666429,0.945778128190627,0.448821117381998,0.924934076107332,0.975308809264176,0.712195055346211,0.448666095220021,0.289902075796273,0.173607225908597,0.0510669411560144,-0.0568828296132416,-0.0841705948680699,-0.0553964165839447,-0.0584544324506354,-0.0347613052255026,-0.0256845222619956,-0.0101345345616429,-0.000290966139416198,-0.102394715721986,-0.0741846955792281,-0.0818540051058532,0.0279750260379057,0.0125008859600718,-0.017132938039698,-0.0146823770677441,-0.0112578693167202,0.229575260358482,0.187302431109635,0.159470371700418,0.127876392298175,0.0966401432274831,0.0688740635943881,0.0392300355297322,0.0112855684872503,47532.4329843395
"87",-0.15389269263716,-0.0482429904435566,-0.030946635694759,0.0850135761152402,0.0979297094062081,0.101467253437515,0.0592379493865928,0.0151080863574304,0.267933244182702,-0.0888437659403969,-1.066503959834e-05,0.230047046519199,0.490470007199365,0.655868932191804,0.811490506035616,0.948976726378912,0.705433017288648,1.03901315052529,0.960196078493415,0.695930789763561,0.459022127109985,0.292283287922107,0.165194039353036,0.048575289990173,-0.0608628294160451,-0.0671670002076277,-0.07364182818002,-0.0670772417474318,-0.0380841821047226,-0.0206789015363388,-0.00760346334688916,-0.000818888156992376,-0.0657419385524218,-0.127395270864173,-0.065408671092794,0.0480606417105302,0.0182471351555557,-0.033905149569142,-0.0102960362535279,-0.00986468752365679,0.225580444325137,0.184450176869638,0.160255465343185,0.12348007646613,0.0953812210146432,0.0684004113968279,0.0397098608981072,0.0116448954271359,47535.4477434313
"88",-0.14049879191222,-0.0758716219996328,-0.0115354627940154,0.0960471500102065,0.0928420466133095,0.0887367740073894,0.0625574867057314,0.0158704792462331,1.44360807211723,0.0347321322239299,0.0213207626258451,0.187673315891425,0.492366331578373,0.656010167392961,0.812007180816099,0.948903037870205,-0.467844583922708,0.921194897797505,0.93570117768806,0.743056124493645,0.455952936607505,0.294667073658926,0.165167148930814,0.0483793502508579,-0.0578978959542801,-0.0646538097463119,-0.0581624837792796,-0.0730150855630128,-0.034994507569814,-0.0210623879840121,-0.0058582876051373,-0.000939059692386369,-0.10575628549155,-0.100445188453699,-0.101775902156759,0.0247083629027201,0.0327310872841354,-0.0171246892860115,-0.021241144548112,-0.0093478983962358,0.228461925486213,0.181981725473269,0.159757574575351,0.125088532839191,0.0965131865568312,0.0693770589738825,0.0400214767864096,0.0112006266994605,47534.1617375237
"89",-0.141156851198341,-0.0460104834574066,-0.0552609967808995,0.102019074637881,0.0831313094523913,0.0768632792472534,0.0611836985108162,0.019260348501669,-0.118796941083181,-0.087080074666799,0.057803446648119,0.241523297371163,0.495986218347499,0.658521890663501,0.80390022850375,0.94786639267054,1.0904255540343,1.03794461371981,0.90879079195575,0.689299895347676,0.457243065925014,0.295999200135491,0.173060017981411,0.0479846300863665,-0.0615145419943358,-0.0685189704532274,-0.0785108417085348,-0.0649502161747323,-0.0406874034413108,-0.0197337642279238,-0.010122701053777,-0.000342787214754134,-0.0799780359688756,-0.129236591113514,-0.0393573695166306,-0.0134327571563627,0.028953574032955,-0.0192464870414083,-0.00891056336135779,-0.00985551476128066,0.231433022998142,0.189415619219792,0.155854148768882,0.123293723686364,0.0960312466968325,0.068559673438119,0.0390951446415168,0.0112782717331301,47531.4868723661
"90",-0.165087605268418,-0.0453982942888809,-0.0366692669170578,0.0956766458270135,0.108996299272712,0.0809949566604365,0.0522227153593199,0.0165611337787031,0.0648662261292207,-0.1189842351556,0.0285081402598113,0.230436643128087,0.486870074559871,0.661613655808257,0.811964745345733,0.946869236262069,0.907966039426354,1.0668410885806,0.9245408853994,0.698945684895112,0.45920068232598,0.290769467844842,0.168039292377978,0.0507201499723476,-0.0501836052592872,-0.067668221202436,-0.0551589102941521,-0.0604205813360549,-0.0358903829576208,-0.0278519018629254,-0.00976710913675216,-0.00102809887367697,-0.0393170945749425,-0.117064239765446,-0.0362550405285753,0.0155203402071661,0.0185102589038113,0.00157337687841253,-0.0113975143285443,-0.0122322839819085,0.227138802993696,0.180461738437986,0.160708952797174,0.12386292188985,0.0965447184207769,0.0689393808931768,0.0404301903057762,0.0111767581853249,47532.9386288205
"91",-0.117154357294162,-0.0379589147345568,-0.0853025143803503,0.0691673658183047,0.0930932511297958,0.0828262284866295,0.0608053919942644,0.0162414662147176,0.781183628880369,-0.198349087421542,0.020723683181943,0.239332104946233,0.481594517477685,0.645085421762218,0.807014322757339,0.946972513666338,0.187014327981969,1.14933762082149,0.947298543431114,0.695542353166624,0.469605134903971,0.305802846885516,0.170461936219532,0.0502227796551526,-0.0500240482192711,-0.0719874476383967,-0.0725953473669839,-0.062959944042919,-0.037007575684022,-0.022297230394378,-0.00623998798990172,-0.000564988730941341,-0.119536234698796,-0.136563661688708,0.00622640756563477,0.0221750815640976,0.0240656626556474,-0.00298455055314166,-0.0215207472103933,-0.0095398964832694,0.230260372182765,0.184776318863112,0.159637323509146,0.125319773104517,0.0957289774133798,0.0708472973695579,0.0399494919674559,0.0114228992963931,47540.8487015136
"92",-0.15617816631829,-0.0564918595192824,-0.0303640209857386,0.0918771733018596,0.115277225000121,0.0673954096191702,0.0664591905524747,0.0191370257628889,-0.242546338766353,0.00148857082524397,0.016734346781496,0.226556567098352,0.489846758016764,0.663398170425936,0.800756270531651,0.947837832528464,1.21864642745822,0.951744881402386,0.935595594517747,0.700002158509983,0.458113773872209,0.291844264209163,0.173764719380038,0.048685217989358,-0.0416087661072058,-0.0753781631546462,-0.0668028909392782,-0.0496256950541951,-0.0393243532011989,-0.0211652371557655,-0.00603640923511577,-0.000976060866144451,-0.10033396905116,-0.12289955206485,-0.0236146090496296,0.0144934492960976,-0.0113787390056946,0.00239060839361098,-0.0116561582422346,-0.0127365439563318,0.226283776956612,0.18200935258994,0.15444246266952,0.124216420829007,0.0989912902321587,0.0702189828646572,0.0406686086489233,0.0116376053624866,47532.4730476056
"93",-0.115372474328895,-0.00641258095605613,-0.0468563732360719,0.0717824550943221,0.103982701056776,0.0791160393058536,0.0524653531937459,0.0170703469930715,1.46688940372708,-0.0936240412906914,0.044633051169477,0.2305369164026,0.488220714532251,0.651596804087831,0.801450764794298,0.946581210516248,-0.497556932249102,1.03391006466985,0.911268402828625,0.706161458745942,0.456970951930435,0.301251051330949,0.178045805210769,0.0506462174996978,-0.0600138085961902,-0.0651873307743131,-0.0657727424869621,-0.065027251598026,-0.0317283014570079,-0.0237907328350198,-0.0093489181403154,-0.000578633947260178,-0.108292597350165,-0.163825480932715,-0.0125002198984216,0.0140503026895575,0.0245287142553937,-0.0107407680735104,-0.00017350202341605,-0.0110711932738376,0.226721960473531,0.181032911616127,0.160714371685792,0.126711407966427,0.0934104396162613,0.07016091848775,0.0393914988565252,0.0113642645803713,47531.0778905243
"94",-0.127184686667497,-0.00414903990160891,-0.0720122609893834,0.0851159613409611,0.0763973291843921,0.0706646086313668,0.0662434992563628,0.0174865707767605,-0.59482731464028,-0.195195055765836,0.000497241080978103,0.194684700557931,0.493847896523705,0.6557918172877,0.8063698465574,0.947143890362121,1.56238756782883,1.13042510566847,0.964898652724496,0.739237308901417,0.459239178131334,0.300078616187752,0.16970800132436,0.0502738721746997,-0.057694922665234,-0.0686220650620286,-0.0634811969852802,-0.0681377749061569,-0.039731661420361,-0.0223448609925359,-0.00589947689946102,-0.00029329940236154,-0.0865183454161956,-0.125084881798277,-0.0149529784369649,0.0202685002947493,0.0445118805213992,-0.0095132295765828,-0.022716332723981,-0.0137868911142509,0.228154207112055,0.184614486663818,0.159182922159861,0.126477735203012,0.0995924035874139,0.069787308949531,0.039962575467675,0.0113838898890459,47540.8306896211
"95",-0.114257599766259,-0.0165660053181372,-0.0437163056190956,0.0860376206543634,0.117640430913542,0.0819838572501224,0.0660741125040992,0.0195130635898784,1.981270286463,-0.0390339207727264,0.020063645163429,0.215219818437348,0.47377770880517,0.654436004119634,0.804183816207994,0.947705233875456,-1.01747462825963,0.980510051202716,0.935030098397648,0.717500632692342,0.469326641000985,0.298239430047955,0.172686362233343,0.0492459291738958,-0.0412595799717071,-0.0601780152117953,-0.0683823184858313,-0.0564444122686796,-0.035697440551997,-0.02295745703252,-0.00955394439387785,-0.00134171350180059,-0.115606818405932,-0.147033749194733,-0.00884901604704225,0.00204090586715006,0.0178378898589027,-0.0105087141889433,-0.0194360079996662,-0.0148451965688808,0.231234333996507,0.185437749735488,0.158139852555281,0.123315597403583,0.0973626191815693,0.0693766738956154,0.0393271798847547,0.0112255126842378,47539.39434126
"96",-0.167125949806765,-0.0699224091904281,-0.0605039273959576,0.0746172621929466,0.106395164624595,0.07222582161555,0.0586258743095952,0.017409684273287,0.771045908857667,-0.0186874239670748,0.00737300559740441,0.215172384793802,0.482811863067619,0.663794694719263,0.803114731418359,0.948116477688554,0.207099454609165,0.970112574639608,0.95616233594823,0.713873509503716,0.463683865800478,0.28982347658507,0.17441088481584,0.048711111392335,-0.0632350796594796,-0.0640728233452159,-0.0696330117259033,-0.0571106857472762,-0.0357743841628394,-0.0260082637452062,-0.00927573907734481,-0.000320940202048287,-0.0674115940895273,-0.0837142470636512,-0.0174856625477766,0.0540986657241314,0.0239920362472358,0.00833186558522372,-0.00762190934228955,-0.0117105245702334,0.231128922905903,0.186622036180611,0.158268500179984,0.122658416132139,0.0968804924376585,0.069189874947428,0.0395378710661093,0.0114215931076276,47544.7321037375
"97",-0.106692486455357,-0.052351974725957,-0.0405955186713746,0.0835148425887718,0.0968999741764627,0.066087501321857,0.0635211020611503,0.0188739881905928,0.466403086562442,-0.0829207659597481,0.0178001774275924,0.239256051095633,0.507053490667048,0.662414397237284,0.800412182276221,0.948208812682989,0.49565951648866,1.03540364535478,0.941066585750435,0.691456694565927,0.441240413137971,0.294383469125739,0.175967795459808,0.0482708633778931,-0.0661012964590863,-0.090563104466589,-0.0659935150717866,-0.0607016564009194,-0.0426261882998548,-0.0182294383944153,-0.00681968624862522,-0.000464006279840117,-0.0818257816092649,-0.103437113361969,-0.0450517920770882,0.0167497007525741,0.0251134110627,-0.0143178273431826,-0.0116754573087532,-0.0128318496134275,0.227025603557291,0.187074943434022,0.156792446261528,0.129520518251827,0.097816917697993,0.0698245422276897,0.039665672924514,0.011404225741056,47535.3597781655
"98",-0.0585973919916844,-0.0568984078633973,-0.0716663826644749,0.109717809624083,0.0845711006145672,0.0752595259843793,0.0623014067132394,0.0187802965782217,1.54514053886964,-0.163750634056678,0.0294998821624649,0.197727276000831,0.500877449218581,0.662355378658063,0.806556038032211,0.948236587994374,-0.586578916020989,1.10935370042087,0.938759633764301,0.725344793544956,0.451288477749522,0.287373742244672,0.171322712156703,0.0485945875450285,-0.0474922589318743,-0.0711746287112709,-0.0676771012950222,-0.0717146861012084,-0.0379516371925442,-0.024670643005132,-0.00839917720389845,-0.00166767871742034,-0.189547770748406,-0.0690335491431549,-0.0296670363623617,0.0346222139347544,0.0297487216572845,0.0215644374154987,-0.0185158330491418,-0.0129098976175117,0.230959859554728,0.184441155966344,0.157952021519252,0.125230370936678,0.0960013742746345,0.0689827845872939,0.0407862498154564,0.0117414053162353,47531.9013458631
"99",-0.123976919125055,-0.00899907247347253,-0.013324657212859,0.0808715059767804,0.10405487850907,0.0729537966747148,0.0538609695512956,0.0173562928575449,0.295558649285756,-0.0532409645939296,0.0182594747597809,0.210789183538599,0.487171955685528,0.663558120702181,0.812446671474971,0.946760945481123,0.678356229645652,0.99340495606212,0.938794734563907,0.720937763791025,0.46064700035879,0.29237097173553,0.168177895514238,0.0501415384771084,-0.0473284241732527,-0.0673531708401569,-0.0631288994147136,-0.0630535442611688,-0.0393440853457041,-0.0243443948446775,-0.00971298124360681,-0.000469481793499422,-0.145074757129111,-0.140693146608387,-0.102871113420228,0.0457098318163709,0.0213623439802456,-0.0114882707817746,-0.0173928825075658,-0.0105877606968294,0.224279932813188,0.183067988984132,0.15741874473027,0.125888510092524,0.097008402301408,0.0701195922078221,0.0393110833272081,0.0117680601341367,47537.9648340038
"100",-0.101614053013127,-0.0756232086726687,-0.0635145470515163,0.0587779565567585,0.113868317385444,0.0759705046364544,0.0625171642124558,0.0154095398864022,1.31228387034761,0.0297196788055952,-0.0400645320327674,0.231803644719785,0.47102258414709,0.65434294872658,0.806142517601429,0.949383088784451,-0.353408258046143,0.926393784924247,1.00439126504778,0.707767489825011,0.472854831594612,0.29823744539212,0.170446804641022,0.0475376678745671,-0.0336539624682742,-0.0561082557305263,-0.0660712844796291,-0.0715481298084516,-0.0344443259033621,-0.0234698791904046,-0.00650926319447582,-0.00112650457509331,-0.115575933230937,-0.109486292693581,-0.0154220814632916,0.0375463862362507,0.0180036171985883,0.00394369607475862,-0.0161870718700738,-0.00713135287437537,0.229248329042026,0.186776157749218,0.155805571356889,0.126094917673058,0.096878181986008,0.0700427817329158,0.0398741173520937,0.0114468862986305,47539.4008388766
"101",-0.138380237080193,-0.0296151515743648,-0.0529296355878931,0.0883554906161626,0.108541813441888,0.0921485168384263,0.0565704559758824,0.0173460578967399,-0.62791163427177,-0.064043830984827,0.058946280255412,0.190825508116537,0.492431530504166,0.644712033914213,0.798171782249934,0.947191946149253,1.60758386481026,1.00557571803641,0.905207250834544,0.739193063011229,0.455445728888853,0.30191894778098,0.180323342297299,0.0498063132793207,-0.062781992001988,-0.0758792314388024,-0.0598621141625659,-0.0574018640313524,-0.0416892784755305,-0.0177435340613361,-0.00633100548860603,-0.0014834837566317,-0.130417011218845,-0.0948167371318425,-0.066943418770651,0.0231594298020697,0.0134933935761713,-0.00627286493552634,-0.00478333687299226,-0.0109558832829225,0.225298729231138,0.185720408711631,0.155642939820741,0.12643820571545,0.0982816449430787,0.0716291335370394,0.0396239415998122,0.0116516785429305,47527.0301124422
"102",-0.151076708185847,-0.0154506919153077,-0.0690656329870025,0.0607875010122432,0.112912439114141,0.065957509770177,0.0655614792026708,0.0209761486143363,1.16141764823131,-0.171806062899851,-0.00322410332808989,0.263149328732188,0.488572402697527,0.667689678884318,0.803419379324529,0.945940442351809,-0.190343023398568,1.10923643325674,0.961245849574071,0.670427071882613,0.457651329225107,0.290254803565639,0.174357213925249,0.0503565110357514,-0.047547675248227,-0.0661071662454431,-0.0614162352777576,-0.0627130663207928,-0.0349919895575077,-0.0273367373087545,-0.00807892910066546,-0.000902824699928935,-0.0653243561517149,-0.108569799893078,0.0214728896583369,0.0459311065835906,0.00190119890964042,-0.00696580964294998,-0.0266308794008439,-0.0142253292915829,0.225674639246619,0.184647238847135,0.159088669555936,0.125681748941905,0.0980063519242282,0.0707909797631485,0.0398702253519278,0.011381661881845,47537.1066279837
"103",-0.122031256337317,-0.036827356760458,-0.048274658899892,0.0776900553974305,0.101041937518957,0.0903089631951626,0.0683178997422205,0.0188927067996527,0.356040694944041,-0.0103819817435543,-0.0231336583370491,0.195067979191724,0.497317414335476,0.64967651082466,0.803747852883788,0.946655888661584,0.606100882328979,0.95896586958176,0.982500476957249,0.734089414840574,0.449145839607818,0.300543764960309,0.171219352163762,0.0497788254239584,-0.0268919131264969,-0.0680020294803177,-0.0653750271731046,-0.0658881167480092,-0.0357406554205537,-0.0203930576964139,-0.00514930160693571,-0.000297514851873154,-0.0863207907613142,-0.139204032094442,-0.0293738703334464,0.0697222221619604,0.0228682828021195,-0.0187123564883281,-0.0161712477022937,-0.0107091936167034,0.227657188398041,0.18575476788405,0.155088369944368,0.127634397882701,0.096395771766504,0.0680749292056716,0.0402145748962941,0.0114570551945971,47533.6617200713
"104",-0.0832367274206403,-0.0623394911967033,-0.0887017668420865,0.0751042945591084,0.123044916218285,0.0761561255299341,0.0591534458999011,0.0208050790572644,1.09181507361829,-0.064970676084079,0.0441079394620969,0.227548714329598,0.460504590816216,0.647683280124416,0.813227876748097,0.948069668531157,-0.130106587103499,1.01382887507874,0.927235141750999,0.707824331212138,0.484562677458295,0.30412826296977,0.166145506952752,0.0482497360846789,-0.0534636621356875,-0.0706156398909711,-0.0691342856774692,-0.0784086579026725,-0.0410518833842537,-0.0232157523767355,-0.0131601802387946,-0.000885861427187587,-0.163879205164609,-0.0769576666362377,-0.0158611307425405,0.0404261643930758,0.00868349962405086,0.00718559449425277,-0.01927432147278,-0.0163114189210122,0.229561657789558,0.182628847662048,0.157462446279094,0.123623437933996,0.0972669156087831,0.0694049599360034,0.0397226105010145,0.0113675335839283,47529.4732798104
"105",-0.122069009737318,-0.062474867207757,-0.0661100298703109,0.0885306408362186,0.117881223607671,0.0621074219669029,0.0544775509011951,0.0192650267607259,0.180834701852316,-0.0708067913377252,0.0247083958007721,0.203533113565417,0.476412855960589,0.674741970338443,0.807143670423538,0.947168352854314,0.792690357206363,1.02038794177413,0.93982436356642,0.72211862043087,0.464015400906937,0.281351209063965,0.172144079361515,0.0497286495918709,-0.0544966862827336,-0.0663249841855612,-0.0709143895102848,-0.0567248101325988,-0.0341932331462974,-0.0230176438843781,-0.00697864662050486,-0.000520600479474826,-0.139741683966953,-0.0976567050216068,-0.0213614051122828,0.0471918229883919,0.028957002623351,0.00747421274166886,-0.00971592171519804,-0.0147348029776413,0.230726652408834,0.185396354957761,0.159907663766579,0.122913767092299,0.0967375674034925,0.0690078242699508,0.040901324785235,0.0115147687320247,47537.4440795125
"106",-0.100230384234803,-0.0468844226066988,-0.0485363538013198,0.0660253150203088,0.0924848828271468,0.06661040798514,0.0559742528892424,0.0164756178232448,1.49765563086422,-0.0189825725980657,0.0121409633303556,0.214656064597004,0.488835343645204,0.658637904090894,0.813850271699567,0.947348961330383,-0.539672005038912,0.972804641301934,0.943135221363407,0.722764028887876,0.460982176573628,0.300382136867445,0.163713594191987,0.0497023235639089,-0.0459255826539467,-0.0749738329793126,-0.0716065231149846,-0.0654200902838278,-0.0393963354036718,-0.0246254634378183,-0.00788320480844858,-0.000696869748858367,-0.0929284613323279,-0.151665900334323,0.00700931566207253,0.0292567816071082,0.0327783595954448,-0.018000519374184,-0.0100802437555769,-0.00989564039465497,0.231681316475101,0.186300092045929,0.158267790362545,0.124385325505252,0.0972778398187276,0.0694939622722354,0.040515107731555,0.011508716294225,47538.3578365432
"107",-0.0729326705033343,-0.0741874554814619,-0.0514250202343221,0.0761104194418605,0.0751942646686637,0.0696839557721917,0.0679356452798997,0.0182180237961032,0.295362296746037,-0.0147627395983546,-0.0298852947824193,0.236803596960124,0.484736315969989,0.659514482618653,0.803818567262909,0.94714702381596,0.664534684408058,0.963479437404502,0.989464462072539,0.694078674309905,0.4647136873486,0.295051987377882,0.172199575728735,0.0496314539544093,-0.0467566623871069,-0.0612132188077331,-0.0714850005417166,-0.0634414837296461,-0.0413830552068074,-0.0187427955890143,-0.00802044322418393,-0.000609700967076102,-0.180349285608528,-0.0600021665366857,-0.0155377997400692,0.0339840266805241,0.0906218889528252,-0.00169715167059969,-0.0222917228855847,-0.0123614846258626,0.228969231623639,0.182485074497654,0.157850280463225,0.124675327672955,0.0979555365228262,0.0693011253008908,0.0397113836725559,0.0111659815507546,47534.910288276
"108",-0.13196502021729,-0.0501434933151893,0.00359240172215496,0.0789833446440426,0.0837088262437103,0.077070701845777,0.0610575248226397,0.0166063267652014,0.291644555970595,-0.107535212312819,-0.0115421524547803,0.201811201910247,0.495363075032947,0.647326416870275,0.810498995214366,0.946318240832898,0.675640096848612,1.05448543623281,0.956707529403181,0.73238139402399,0.454448539921507,0.305889807079796,0.166903676102892,0.0506121957621228,-0.0544849531534059,-0.0551104298171373,-0.0575451235784436,-0.0714816522519779,-0.0395524045845331,-0.0205752990652765,-0.0101115110341885,-0.000517713293561163,-0.0799387083603526,-0.111851982711147,-0.0696236077763238,0.0371115640416448,0.0547855762738945,-0.008225243636412,-0.0159517175608283,-0.00890457543861434,0.227753180645555,0.182931707864145,0.156925768087964,0.122794767497287,0.0973315006510405,0.0694021399245645,0.0402579175797589,0.0111993258792039,47540.585496192
"109",-0.202254244228838,-0.0179420430457199,-0.0595842043391857,0.116754133569051,0.072921351016481,0.0638311482077551,0.0681041324056701,0.0165109545581058,2.06360690641204,-0.0138036698058861,-0.0472879484469579,0.206220516900339,0.514508552634902,0.667169511528546,0.8130794002134,0.94803722234841,-1.08064019680426,0.960891929939994,1.00271560041429,0.718606125815128,0.441783156420449,0.291266383414316,0.164094343013899,0.0492683953037091,-0.0541302114106766,-0.0624955296895115,-0.0681478311213274,-0.0586141814522719,-0.0414582019168121,-0.0248778331964781,-0.0110161122622092,-0.000848230728943685,-0.0232553144786538,-0.177388677786011,0.0239602498075886,-0.0156667644488438,0.027555427795836,-0.0081629084221955,-0.0315272028631952,-0.011343113199796,0.233533843990435,0.182937081310725,0.160035700861152,0.125598559871871,0.0986940359481947,0.0707422188785006,0.039128843663803,0.0112244010451539,47521.9977947641
"110",-0.0861655632293735,-0.0472538475903469,-0.0231719866472607,0.109380891347919,0.0923313947564421,0.0834128538486587,0.0637446012215232,0.0167987879519129,-1.03661567066153,0.0275100698990721,0.0173456719170428,0.229414847589747,0.503929221474059,0.654379197498911,0.81298955915439,0.945887199202805,1.99523523499485,0.927769666421781,0.942246374014615,0.694942689299117,0.446421644625889,0.298485669084456,0.164576116089784,0.0505931059618859,-0.0456657227896511,-0.0713769381273577,-0.0679822688555762,-0.0627381077791898,-0.0378219806570315,-0.0265015448326751,-0.00740581218386011,-0.000339744899833584,-0.148854794899052,-0.14007266248517,-0.0832506915205124,0.00402593546782461,0.0208700273574656,-0.015482315175512,-0.0290019982301353,-0.00751767973917186,0.230418194487024,0.184881417590979,0.155170414327351,0.125291815429383,0.0961322308251777,0.0669084671688985,0.0399809431150606,0.0115400468430368,47526.8156356687
"111",-0.125906013072841,-0.0264300253934277,-0.0206853750473426,0.068601312879735,0.108428678283431,0.0905201881983076,0.0603633634730619,0.0188843191606182,0.810647620435106,-0.0924565008814581,-0.0474823966323599,0.243209090705771,0.466281984104062,0.655995079914622,0.814391873259649,0.947708251346773,0.15127983896769,1.02923339801061,1.00203162205213,0.691111172520859,0.476647558075577,0.293707669688859,0.162481588651169,0.0490704874163193,-0.0401510125523624,-0.0482800699003052,-0.0611390167460202,-0.0677455614539917,-0.0327967984616644,-0.023804392164352,-0.00870732567106322,-8.61430208098234e-05,-0.0764247496193798,-0.103247372207315,-0.0633302833700454,0.0360379913150408,0.0463438484868409,-0.0168118951801385,-0.0136599218962226,-0.0155102516312182,0.225954286506171,0.183299968936265,0.157036981002784,0.1220271520412,0.0965664386485368,0.0693549949457276,0.039248958353574,0.0115274132702656,47531.6569924337
"112",-0.0760331337934821,0.00122646232724692,-0.0190670934663801,0.0749090435883528,0.12214444483946,0.0860170496529894,0.0643946015480985,0.0175853079165485,0.272181957732454,-0.0654648018081673,0.0371445393476027,0.195666859058695,0.47674216188484,0.650980441858254,0.807924779371486,0.945781494826901,0.689916778662283,1.00460015371943,0.911801655638147,0.739264145451641,0.463581160416462,0.299190289144947,0.169096795709775,0.0512525868143281,-0.0602445269796348,-0.0589276564310496,-0.066136587575684,-0.0726548596259951,-0.0353122008869159,-0.0223764596899153,-0.00639698328412897,-0.00075237156402378,-0.144029132425162,-0.184791170892069,-0.0403038241959611,0.0333200297055181,0.0226897747872683,-0.00864922007638601,-0.0247976341529667,-0.0105543760279578,0.232452226434295,0.183653851444989,0.156606244310464,0.12524868197651,0.0981953667219169,0.069476247501036,0.0398056124942646,0.0115658168683035,47533.8467469266
"113",-0.10290118838083,-0.0614915610705429,-0.0195950706445572,0.0700167708764497,0.0903979606320258,0.0778750526724314,0.0632301360782831,0.0183557458786727,0.816915105126268,-0.145638653613326,-0.020950684260739,0.225187830337578,0.463542432378198,0.655904193729984,0.802721493786935,0.947214019447596,0.142985553884631,1.09457487442332,0.972377605436992,0.714481885508999,0.486793097509991,0.296290467903803,0.175071271606635,0.0491983494155678,-0.0482382175931513,-0.0546787611377589,-0.0654168088738308,-0.066053047023192,-0.0378380584820548,-0.0261181013709429,-0.00790443105001645,-5.41274929256838e-05,-0.0927033588609677,-0.102643422486926,-0.0484968337404892,0.00359657761736156,0.0473381627614637,0.00748755830114608,-0.021101028773785,-0.0116792233257042,0.233024997432228,0.184907709719503,0.155825449923065,0.122919516339423,0.0984683643603571,0.0685179015296826,0.0401366938584578,0.0112147137926476,47535.8854590111
"114",-0.111918567162613,-0.0602722157268912,-0.0822680522085793,0.0699537052776878,0.0828600353166304,0.0613638591358438,0.0540101269822708,0.0184469702012952,1.03552061896089,-0.0369006486039043,-0.0166190665836302,0.2424857628303,0.520096810449371,0.648404028460488,0.811023921497669,0.946617663051662,-0.0825181439357314,0.994742008602845,0.98191369542017,0.693983182756532,0.430013146336184,0.308488416748736,0.167352635291503,0.0499142273372276,-0.0335935288889513,-0.0789894662836484,-0.0564103379646663,-0.0681101221555257,-0.0273686172430075,-0.023569622138831,-0.0091649627646289,-0.000851624809968655,-0.0502928660792467,-0.118834245568156,-0.000495654171571705,0.0252173281084541,0.0158543032203091,0.0190454067764052,-0.00706847418540151,-0.0107999850443857,0.233297121758816,0.186195790649836,0.15939489686984,0.126217064377397,0.0983543344338377,0.068369603910303,0.0405182053459067,0.0114481427192891,47524.5423505821
"115",-0.129381326688116,-0.04208165418184,-0.0414104823878337,0.0747325590997658,0.0878789213533768,0.0797150296389964,0.0581762685220333,0.0176560218499149,0.720931428206219,-0.0619653540793263,0.0253666264760702,0.213368633020527,0.482748090203521,0.655692996303511,0.807195209071767,0.94639013210158,0.24620952517349,1.01124806924891,0.934257566266377,0.720593911456224,0.46782128485223,0.296556780272262,0.171551184420967,0.0506819664948941,-0.0561118256640983,-0.0807282507226988,-0.0693231353646888,-0.0616220306517644,-0.0359430578544611,-0.0229660723330073,-0.00723786891523115,-0.00130990845896944,-0.0856196028003702,-0.10977372262214,-0.0472189152951364,0.0245406319560173,0.0318608994396507,0.0012021177326205,-0.0150658701784503,-0.0105440120644322,0.229875474763825,0.185705526433299,0.1569328765943,0.120861536033403,0.0953984132384069,0.069912871137161,0.0403851708277126,0.0116198633682645,47540.9381989551
"116",-0.096004473468734,-0.0130954538818017,-0.0961516148537893,0.11029685110347,0.0888769562322224,0.0759522434105731,0.0587067592432212,0.0184567124545205,1.93223184686462,-0.166084211941809,-0.00806294991213106,0.216642464622646,0.481112117590226,0.655034803598531,0.80624196320531,0.946967154136199,-0.973168793150406,1.10280778099804,0.978462825672312,0.705949484359374,0.470196610612356,0.295765521189823,0.172017192951694,0.0496175346006373,-0.0438586529490548,-0.0618986624447815,-0.0611489152541191,-0.0558834369805786,-0.0391853575788673,-0.0233900599092427,-0.00648407214498486,-0.000771895723842199,-0.124443707131395,-0.1115213833322,0.0215743471606887,0.00974559227934873,0.0401140513658985,0.0134568700724704,-0.0154677742494406,-0.0107946069277199,0.227531848745807,0.184249326341248,0.15824344818457,0.127711895363835,0.0974494532589964,0.0699520827782413,0.0391300501258042,0.0114711056416788,47538.5322003581
"117",-0.144844811440913,0.015347848061863,-0.0388876325313252,0.0621249066824713,0.088052334173029,0.0851026089053025,0.0731416766819045,0.0181915194199359,0.576478881009639,-0.132700144568901,-0.0643364378178461,0.223144013785387,0.506077209211357,0.660035660697865,0.801099204727476,0.947319475864899,0.395716850774038,1.06892285401543,1.01944587349028,0.713331344772008,0.443875315160604,0.290599401760081,0.174535165859997,0.0493109762042539,-0.0374141263977025,-0.0638692426618839,-0.0648553476849049,-0.0699117063987454,-0.03500202851455,-0.0246414200981971,-0.00705014985005378,-0.000856441622031171,-0.109657762631365,-0.183952012170605,-0.0338670560440069,0.0439963993784687,0.0291745490961487,-0.00306940202805966,-0.0304441586110601,-0.0105818723504441,0.229135235811791,0.185613125278188,0.154854613893084,0.124701911015799,0.0968858159557216,0.0691727816770541,0.0391499453488906,0.0116392911658597,47536.4004231675
"118",-0.135792718755031,0.0105156882673196,-0.0100394879834325,0.094579435218914,0.0758294979395099,0.0739948830009544,0.0696836174045122,0.0173934211377816,0.765963544594013,-0.00631575685764812,0.000526027051027062,0.226646371995142,0.509254943480158,0.650018485183128,0.803705886831969,0.947988950654381,0.209573429931501,0.945122205937801,0.950947432762061,0.708186366911287,0.443215526070694,0.303859208278569,0.172656685013513,0.0489735653578188,-0.0438103246344403,-0.0787241500956439,-0.0690497688964643,-0.0686359552296516,-0.0370356566408369,-0.02638323013547,-0.00594631293525883,-0.000543296992941444,-0.149799061493968,-0.169846404182364,-0.0577125877224199,-0.0107255990935805,0.0416374909188552,0.00454281689203903,-0.0329419721555106,-0.0118149716835782,0.229495169891105,0.184510965692581,0.15978114791648,0.125034499156196,0.0962521761759936,0.0688333105092284,0.0400870243471321,0.0115546613605653,47535.0603994678
"119",-0.160498501768674,-0.0324073587138273,-0.077060219797468,0.0564829214813806,0.0816680592831311,0.075418297188959,0.0652672483569174,0.0193088177787909,1.55564267445463,-0.0395157140985358,-0.0254147971499875,0.213996779863423,0.503915479332511,0.658267696998339,0.801445038689213,0.948208165361908,-0.575734458381443,0.98260546205888,0.993858129465445,0.723418220300665,0.452738503515759,0.294910140057994,0.175311183016789,0.0481915505663098,-0.0583506044902298,-0.0688060834239428,-0.0627881036490811,-0.0697847386743573,-0.0433623188940808,-0.0250333501898116,-0.00442434177048348,-0.000780986362790286,-0.111439153340011,-0.111232453705676,-0.0158981451173537,0.0555779523134261,0.0187265517153692,0.00714121044382595,-0.0232112328500003,-0.0132366692599933,0.226733855790494,0.188368270577538,0.156621545581016,0.126475492573488,0.0991111526659095,0.0689161567937743,0.0404493500986913,0.0113507650070669,47535.6727820229
"120",-0.12900451429612,-0.0615142422504376,-0.0790382235437394,0.0933227603002847,0.0880386286949456,0.0679029558667778,0.0673478436586953,0.0141862359401926,0.284784106507667,-0.0929583048267729,-0.0100209615070603,0.196846572139926,0.487924302829805,0.660151752643396,0.809004392362716,0.950651839780665,0.684242314909177,1.04278756504453,0.975661322295483,0.731694526627966,0.460869941342096,0.293492223079098,0.166804078109312,0.0470779099745341,-0.0512792590029142,-0.0713675152962947,-0.0696063714485602,-0.0662213757193352,-0.0410975165176117,-0.0193684421996432,-0.00721095975263502,-0.00194792008545254,-0.0970653668115588,-0.0830449691272224,0.00200167390783557,0.0282817447468084,0.0515967511751684,0.0121364876942916,-0.025971864171401,-0.00859797956452543,0.233094253675993,0.185345874188835,0.157816946063046,0.12561688546018,0.096084757384531,0.0676804498082281,0.0392011223610211,0.0114465428258669,47536.3027488869
"121",-0.0953814229290027,-0.0768918772221999,-0.025521792264191,0.0880424842351512,0.0982945705245689,0.0704805386581446,0.0602769922097932,0.0187548626132653,1.82276442677822,-0.0649640114948582,0.0556970661004735,0.221001298440647,0.479340569093417,0.650536733112452,0.803780625369905,0.947865692711431,-0.859786580621794,1.01866428499149,0.898593005179335,0.711839203046679,0.469443932128127,0.303136643495324,0.173774070618161,0.0491496769026193,-0.0484178047282641,-0.0805149884208528,-0.0709996548155586,-0.0726761866579686,-0.0315774161594064,-0.0177836500665634,-0.00431352947880818,-0.0011790332148996,-0.129638041084383,-0.0569579171101241,-0.0464190865668325,0.0182106316811659,0.0200207448661663,-0.00326013009299945,-0.0159332859706567,-0.013656507590851,0.223714382202979,0.183984273989954,0.157671309572063,0.123709556564021,0.094270818913959,0.0699748027406545,0.0394256690453236,0.0114289322153729,47530.5958639924
"122",-0.131237335151485,-0.00466532431393097,-0.0530655125681348,0.115391184163286,0.087506746051312,0.0691783273901967,0.0674547432935948,0.0181980038823563,-0.519788745737798,-0.194336780476034,0.0595968698905959,0.18499162250222,0.507384011567143,0.656929666277567,0.79894630214961,0.948060343098645,1.4908316334051,1.1316949838178,0.897908677979297,0.735754769590188,0.443679917116814,0.299815597397691,0.176048158566657,0.0489080809040826,-0.0548226397806653,-0.0629706763659834,-0.0733346670845941,-0.0551430678432366,-0.0362110207429253,-0.0234479194070943,-0.00504930444044426,-0.00127709001333546,-0.117817582908051,-0.139918300992923,0.00752062502594519,0.0198762096513989,0.0310817945381738,-0.00496932482218996,-0.0165929317842921,-0.0121988674764059,0.227968414602024,0.184719208637425,0.157657174948786,0.127936324546243,0.0975832555399329,0.0695848525934031,0.0402443081080827,0.0114181865076918,47537.9174480849
"123",-0.114621597530037,-0.0306222274899874,-0.0538036132786102,0.078434422231099,0.0992087618541379,0.0846393014141111,0.0693020335570426,0.0171303092875196,2.03683785735289,-0.112902925301777,-0.00750846935101748,0.220922622929134,0.488146768661548,0.644840460835837,0.798913288709397,0.947640066594826,-1.07346158886318,1.05347995404052,0.969195395639108,0.709739571516661,0.460855037208237,0.305538179202464,0.176072650512308,0.0489786697386326,-0.0525748141960238,-0.0517792108490153,-0.0619804590071676,-0.0664417646628988,-0.0391528652439213,-0.022309294590839,-0.00362452392819304,-0.000189027284464061,-0.101927934084241,-0.12265505564632,-0.0294101694598771,0.048226274614088,0.0250098268594421,-0.00482150887033389,-0.0213709785640899,-0.0095199379287369,0.224845811144854,0.178488425979092,0.155905775988527,0.128541375752721,0.0971792173744399,0.0689566100292728,0.0404960969601874,0.0111777974317014,47534.6499011302
"124",-0.153334004962306,-0.0502808551306358,-0.0737173140516324,0.0711915648229939,0.106339397627993,0.0899886339491546,0.0636223491371832,0.0203593454126796,1.02948174029905,-0.0249808711583544,-0.0124293335386503,0.203915689292267,0.503782377520906,0.64471994351161,0.805087821375109,0.946750475424216,-0.0551305296030237,0.968261640956945,0.98044152980088,0.727600675175088,0.441338474380299,0.305722621770482,0.171192099565182,0.0492051831843119,-0.050636397826561,-0.0561437125980657,-0.0609637377598354,-0.0696558600091625,-0.0412049841352191,-0.028272290191985,-0.00695141546429078,-0.000322207364522505,-0.0899808683829482,-0.0866358652193693,-0.0378752597066285,0.0722042729672406,0.0196851640681364,-0.004209958853182,-0.0158710774860452,-0.012185006074545,0.231552848602519,0.182451522257923,0.158129511547874,0.125961719111379,0.0983838951529065,0.0685809461312703,0.0392710690630742,0.0115706305770155,47533.6369387967
"125",-0.105241671592932,-0.0365610030129844,-0.0477762192899856,0.0626215612052365,0.0817360517835207,0.0780254548708207,0.0647545138356527,0.0168940832963103,0.13004462593578,-0.0590583714398855,0.0108780317758581,0.252513054211995,0.491427063375097,0.653486154550808,0.807593084033857,0.946747819593084,0.839503503091174,1.00381180272421,0.950149373515127,0.685769380850192,0.459199864812232,0.299277017244105,0.168136796103001,0.0500991003356332,-0.0426725428002232,-0.0729082096370372,-0.0673839051708658,-0.0609595607147388,-0.0303759630771097,-0.0201672607904039,-0.00671188408945704,-0.000404168209508188,-0.172366935646813,-0.113393913031467,-0.0381862593889766,0.0292294029889171,0.0452051065921286,-0.00867313073282968,-0.0163561561841322,-0.00881298857226973,0.231363911150743,0.188326139715693,0.157938124174487,0.122669402948165,0.0970380819399413,0.0677130452354006,0.040123175151562,0.0116015586166984,47537.2517329302
"126",-0.0753196425046388,-0.0444920335175434,-0.0588109553374029,0.0712992155474345,0.0838080003764418,0.0846764951389028,0.0671129897478898,0.0165649449379387,0.0241367449622181,-0.111291138125709,0.0089576106460949,0.199979235342625,0.489462647968859,0.647472075267241,0.799425624303896,0.949290425144362,0.930583789375484,1.05578757340474,0.957712465649899,0.734828138417982,0.459848360501328,0.303125202494089,0.17758721628217,0.0476908726565967,-0.0451111045647748,-0.064117209590346,-0.0686196805145458,-0.0611574099408348,-0.0354516289302695,-0.0224800540763576,-0.00481395770571796,-0.0012710888674191,-0.128446777025863,-0.105795083061324,-0.0424802119032737,0.0410625129190811,0.0548667864573718,-0.00426260997329741,-0.0268220080755511,-0.00959636682011882,0.232821926986451,0.185101614764992,0.15785554598706,0.12617032835503,0.0966295155211594,0.0673868681563017,0.0393199702055492,0.0111711058118579,47539.1943787831
"127",-0.147952458886098,-0.0364338779735582,-0.0418200148285695,0.0955366498718702,0.117038309379407,0.0716257522268291,0.0554957358393732,0.0187935176798319,0.159607487022773,-0.103907363945895,0.0925383191730615,0.199156085373957,0.473681499437064,0.660693273560942,0.803477774315534,0.947681552828382,0.807669610540621,1.04249646556899,0.860795022163052,0.724402315032858,0.470099629931994,0.293701689183229,0.17588036214222,0.0490302391393541,-0.0439806307585308,-0.0642500159375876,-0.0600905859513349,-0.0625400623053593,-0.0435788093423043,-0.0249562883627473,-0.00749893109628462,-0.000371383547477158,-0.0461711555610293,-0.0753859239370137,-0.0273152202694223,0.0487854860897199,0.0247071249805352,-0.00599630051286211,-0.00845285831594746,-0.0144133393936032,0.225743202460042,0.18491379502629,0.159441239958402,0.125634638490388,0.0985354878517622,0.0682511510805678,0.0395554967575751,0.0116694257232487,47530.6770133076
"128",-0.150369978523936,-0.0569762486614008,-0.0697639742127735,0.11306589525654,0.0993681194544696,0.0735696503206672,0.0699813675462718,0.0183303198073443,-0.174161465288319,-0.118282630483191,0.00609464852751113,0.18406693273628,0.4909735311251,0.651823998654259,0.798807457818646,0.946484249301794,1.14377852431895,1.06554410371542,0.961633180283087,0.740829335717895,0.457406546716834,0.300732250486825,0.177500198481213,0.0502725785998964,-0.0389994492581128,-0.066498726615371,-0.0724633169080387,-0.0684383707582415,-0.0342310424246021,-0.0208396375448101,-0.00540579882769037,-0.000476570144465637,-0.0707949463245385,-0.0848470180111477,-0.0235202857681206,0.0183101902869439,0.0213820949573072,0.00338157694040933,-0.0292162604270594,-0.0118964086673482,0.226486973794599,0.183337399029794,0.158745744660505,0.126151910385363,0.097029760491226,0.0706052914504658,0.0394475282876513,0.0114379697619752,47543.0183162856
"129",-0.132669615251683,-0.0529991233537907,-0.0684583904756317,0.0985474483707456,0.105931588764239,0.0709047648080788,0.069483712733527,0.0199164817389765,-0.960812029890396,-0.122527717389959,0.0361004743441771,0.185039668729766,0.462908302551361,0.654331225023072,0.806658213649052,0.946182722444886,1.93413375197866,1.07513153818353,0.931985874374622,0.742290961809763,0.478438668329532,0.300928200264823,0.167737959981383,0.0501818297188747,-0.0680169225656106,-0.0780491931571649,-0.0738348119039209,-0.0640268392328342,-0.0284062973827972,-0.024818233930133,-0.00671477360346967,-0.000904608188325355,-0.0896804669736959,-0.106794112128311,-0.0163092336383806,0.0282528223214061,0.0484019329949995,0.000273787878148756,-0.0168509580772623,-0.0125745117996844,0.224054629949964,0.183918827472062,0.155384245382968,0.125356648471805,0.0958273829654827,0.0692013695572144,0.0397065921302949,0.0115767210939962,47532.001645494
"130",-0.14039092846336,-0.0340507408953384,-0.0592745623023497,0.0598200674788766,0.123481497097765,0.0711813026436504,0.0524341693116473,0.0176086015697031,-0.68651139040539,-0.00433371439429006,0.0731589119160378,0.214130370703833,0.470662852801328,0.660247935745812,0.80272246138715,0.947438533857406,1.65951096198691,0.946334591611623,0.889072551340817,0.724508957420196,0.469871083467719,0.291094089909214,0.176492146433835,0.0495888057726071,-0.0634957255900014,-0.0785192192268092,-0.0600564450213277,-0.0667609351416041,-0.0343475284827089,-0.0191048501410821,-0.00726205856747543,-0.00112417025949124,-0.0961856511951616,-0.0956985074709891,-0.0441979996581098,0.0467352705895811,0.0206829139334443,0.0128400490625823,0.00187365759825154,-0.0115018911389665,0.22472270128768,0.185813168530717,0.156888055793486,0.125872967460663,0.0985903917901485,0.0712501438548935,0.0396052492567272,0.0115099706313397,47526.2860008374
"131",-0.0914348470019096,-0.0766165950463775,0.00668339381853817,0.0945918889508831,0.0964614711583227,0.0855576068934572,0.0609673674513718,0.0190438181062005,1.5503952344322,0.0133854706584484,-0.0451527935414626,0.184223527601709,0.497893344170183,0.655600641125946,0.799798332895562,0.948125368346002,-0.591971704497644,0.945863985142203,0.992191966158671,0.746050610713818,0.453093637241965,0.294673297699145,0.1780901654003,0.0484866891505613,-0.0495923536666624,-0.0728871012020058,-0.0624225948798964,-0.0684781294806642,-0.0400147173845898,-0.0225072442741248,-0.00582129570515725,-0.000827253343411584,-0.106861822555946,-0.109557455099909,-0.0738557910065222,0.0209664038593459,0.0137920136967905,-0.00988297655115642,-0.0155810379310967,-0.01369846132519,0.227505380762921,0.189496815311653,0.156355381025701,0.126909692073703,0.0971977512009378,0.0695707076658857,0.0395769204887989,0.0112412647359741,47540.1818020283
"132",-0.136380377562875,-0.0516975649412722,-0.0328066785639986,0.083969010748267,0.0653514319132103,0.0802857029209557,0.0486740013580543,0.0158785310957834,0.839503437064223,0.0225199357371384,0.0235040303317548,0.220029139916697,0.508425125835223,0.646445326877876,0.814516482621392,0.948199823202723,0.130165893387681,0.930933413444426,0.930787854551257,0.711732191798127,0.447317914544859,0.305411863884269,0.166662726793396,0.0488290740286415,-0.0515982924617873,-0.0789510380261409,-0.064820770676366,-0.070916341812046,-0.0443014742443854,-0.0221802109341057,-0.0102366085855545,-0.000727607401343311,-0.0932894528152097,-0.132492861648683,-0.0220623532809626,0.0263359281792074,0.0595195978000718,-0.00174395619807676,-0.0081986579928285,-0.00851840535977554,0.229195527215188,0.18163316735157,0.158339599594337,0.124048673555161,0.0973915460283848,0.0688469051125059,0.0399689064231303,0.0113899053318792,47539.3333119111
"133",-0.138669455608366,-0.0603575204485287,-0.048837542431844,0.101554153934099,0.0736410313219656,0.0756424759935634,0.060896610635731,0.0180471516127089,0.432664414990696,-0.00311556906631801,-0.0483852464266923,0.196818793477542,0.51512088535519,0.654190232276569,0.802133740329829,0.948998610791036,0.536683498441684,0.954342131285433,1.00689777522844,0.727173508366141,0.439953032681733,0.296747442911408,0.176146073103647,0.0477331661612592,-0.0428859237974525,-0.0797257396911043,-0.0639736598177946,-0.0535851144707714,-0.0427667522757366,-0.021858271389082,-0.00842284493520111,-0.00124677026288963,-0.0693469369725592,-0.0773406900979287,-0.0293052142580182,0.0149052767298988,0.0422086128622437,0.00990934664030256,-0.0157440134480182,-0.0115757415428609,0.227529375348547,0.1857019870181,0.158428588629,0.125678414975446,0.096387405337689,0.0686502397063159,0.0397676467391099,0.0113231927631793,47538.4403260059
"134",-0.131464648957983,-0.0439971650335261,-0.0745777195255687,0.107761010353785,0.113601525251959,0.0688811192487037,0.0692777202598758,0.0171731641276014,0.306607100660781,-0.0889504451739989,0.0130388956182071,0.210155768324431,0.485356879029614,0.6694641498443,0.806955782497653,0.947272976313893,0.661043897144602,1.04217683514222,0.95418938549779,0.716164042457888,0.462488028865245,0.286400301516112,0.16785186351742,0.0497498125983083,-0.0590766200216387,-0.0658413637997706,-0.0733413346416306,-0.0726962934570225,-0.0388564520703032,-0.0255835104562053,-0.00660442347710832,-0.00102166611261645,-0.0658169170357184,-0.158802228883826,-0.00523354150688648,0.0123107761925664,-0.00292578692980493,-0.00757673643361956,-0.0231055185078606,-0.0113115206690439,0.231125123678464,0.181855011611394,0.157224384389751,0.126508920079092,0.0951157998629804,0.0697448413921979,0.0398275522003425,0.0112907066273571,47537.3293625016
"135",-0.0714333776379106,-0.0294484583644616,-0.0309916814428319,0.0960399444973393,0.0864395784115685,0.0657249665875197,0.0508206166364756,0.0165975044812619,0.297379434124142,-0.108893319806998,0.0627640892687518,0.235702768203799,0.501298043692402,0.650204546042275,0.806519690854805,0.946985493839925,0.657412301131266,1.04975311032207,0.889781392273731,0.691929690097711,0.45087424432636,0.305371845929411,0.173097683192034,0.0502801670635316,-0.0662358970353345,-0.0700726122382554,-0.0662972895172032,-0.0596180862058505,-0.044412505103928,-0.0255652220909227,-0.00861074013947184,-0.000258021192988302,-0.106571787708712,-0.114781873502505,-0.0337910185588057,0.0138721394771763,0.0305178896345535,0.0124207046709965,0.000339777901442375,-0.0120581327053675,0.233562895363572,0.182381631748636,0.155550865365894,0.124883749620546,0.094736804417537,0.0682497366443088,0.0394002785336145,0.0114548742084806,47530.629240904
"136",-0.155425146303636,-0.0123067990196683,-0.0203728897911566,0.0638928291072848,0.0674768150882778,0.0694759762345436,0.0670501045354855,0.0169102835177046,0.658474514680669,-0.113670784135659,0.0536289849555462,0.25756133923137,0.513567283966142,0.656903449502827,0.799773859180674,0.94737643259079,0.318226790966979,1.04463893484344,0.900279907127589,0.678693539193009,0.441668557802912,0.296005534107594,0.177992316586114,0.0498370447020925,-0.0608342836060173,-0.0651341584999663,-0.0711687260186115,-0.0666691018132778,-0.0476403500037519,-0.0241364796901433,-0.00655549487402047,-0.000982069112093259,-0.0645247182658614,-0.0930111230830122,-0.0561091567458216,0.0329364087892538,0.0584117291085024,0.00943395918683168,-0.0269928994994425,-0.0114012249210606,0.224989959172395,0.183824300876032,0.154954005674842,0.126636193328659,0.0971833021700578,0.0687927890933709,0.0398800257297618,0.011376983885516,47532.6405709361
"137",-0.104314609203971,-0.0620995688926951,-0.0785141749521231,0.098129593231183,0.0848069383837372,0.0685597199085072,0.0642215591848089,0.0169992697475783,2.61434826018528,-0.0876812521540814,0.0719239529865278,0.181371112920414,0.49241966679164,0.66557556582778,0.80962020682314,0.949528577921625,-1.65714473377939,1.0375766854331,0.889267023418358,0.744866548014022,0.460353894725918,0.290983093246209,0.167071021632729,0.0473382329579724,-0.0513208288935351,-0.0709259165107172,-0.0616538284272668,-0.0577201912905906,-0.0394427016830556,-0.0192435532507193,-0.00706413862030677,-0.00174249389710061,-0.0771784170978971,-0.0909477570206111,0.0276899616971083,0.0326149852432329,0.0294271423332259,-0.0161038504994795,-0.0220513680978981,-0.0104256262809129,0.227159304232441,0.18266289205657,0.154230663743003,0.125237592289975,0.0959692033354957,0.0692615569382139,0.0400654413247274,0.0116281525580255,47531.437085696
"138",-0.101519815002093,-0.0381692114478497,-0.0261397646580681,0.0865160536354875,0.0838105048265085,0.0724541906291588,0.0654747285592715,0.0207786653607261,1.03181068669747,-0.105774948775667,0.0379034070938949,0.245278074461638,0.508152917211985,0.671737184213307,0.799456078962888,0.946323406680408,-0.0668726521566208,1.04908157029222,0.920124231681072,0.683568167350754,0.444651696036972,0.282683772770738,0.17783972325804,0.0496405349839054,-0.0499218847902186,-0.0584776747889591,-0.065820354836115,-0.0680407898831715,-0.043904997299404,-0.0267306587886477,-0.00726253766414046,-0.000854749977200555,-0.147082910204011,-0.106407348398701,-0.0742314922854836,0.0350561988061257,0.0349586324708108,0.00096238823573562,-0.0176319851207233,-0.0127123306207687,0.225939259239277,0.186516259209206,0.157572623342536,0.128334321504252,0.0950972760072546,0.0702797554584293,0.0402970926304428,0.0112798971979658,47536.3027812626
"139",-0.108034696961668,-0.0166196758224696,-0.01908233689401,0.0528607822104992,0.0701713841487865,0.0688630141966249,0.0599086259518267,0.0156567291952379,0.449794273184524,-0.117809879383157,-0.00032681611382831,0.22340291938533,0.493410199133166,0.6543221234853,0.805696180555006,0.948357205967162,0.513913857688958,1.06043563862416,0.956225965905077,0.713484786710327,0.460429421504882,0.29830260744536,0.171695315562504,0.0489958452871792,-0.0630611565758882,-0.0793160300469014,-0.0686401325271357,-0.0624581723752201,-0.0436907843649647,-0.0218070860264194,-0.00822253573171612,-0.00079399042464896,-0.0966054341847545,-0.132846311436381,-0.0767000021158212,0.0570772127660492,0.0648576295106691,0.0160175921658549,-0.0100455424715001,-0.00955552600013219,0.226871041990058,0.18266796399063,0.156065555539666,0.125836952643191,0.0989747385758332,0.0693621701705915,0.0400631141458182,0.011365220385161,47542.0374960432
"140",-0.109489575332112,-0.00440337393379511,-0.0273289015764716,0.0624660272092461,0.0886728913547913,0.0911660431948722,0.0659184524153244,0.0168102346883448,0.329609008937159,-0.18085605631494,-0.00645167375340894,0.207814586037416,0.485898532620755,0.641201889956141,0.800005115685666,0.94686856688213,0.635775349339642,1.11617474964781,0.961633408449278,0.727339288780023,0.464630114600539,0.309547431633164,0.178053837909227,0.0503310533571337,-0.0612851034093172,-0.0708429548024167,-0.0653589133247495,-0.0584781183327056,-0.0365185947429477,-0.0235426179497181,-0.00568631839711495,-0.00115837898137448,-0.124630050191172,-0.11854765265797,-0.0470783480653026,0.043092598566327,0.0390606794040869,-0.0181408638333511,-0.0311253901647011,-0.0112150806843532,0.228942738760397,0.18532209722045,0.159019343871943,0.122860696085734,0.0984984526632476,0.0703020725529647,0.0405464089621076,0.0114702847498247,47536.4044812594
"141",-0.07995679937457,-0.0371563561253976,-0.00781019812517368,0.0831011960647236,0.0977750143042951,0.0915102827910297,0.0486006765848736,0.0194390501898986,-0.0813369859166922,-0.0910127032396476,-0.00384857111471465,0.211971555388021,0.480001502673484,0.646905523300474,0.804337241501957,0.946548377208028,1.04342897351035,1.03416556754056,0.960689096250345,0.722478485999357,0.464258023952616,0.302944434645717,0.175709501011818,0.0499462134229368,-0.0634532569709501,-0.0652654850797534,-0.061268159411915,-0.0681278710480865,-0.029952487602103,-0.0257681984401343,-0.00834349974791387,-0.000871148721591992,-0.148871975493921,-0.104069314932347,-0.111391035848411,0.015257311163788,0.0488123240820524,-0.0088831208872583,0.000267151590084974,-0.0120473168398572,0.236257398131896,0.182138872472604,0.157661042747653,0.127760321430797,0.0954670179672665,0.0691045403533979,0.0405956035423649,0.0116755827846845,47528.506081193
"142",-0.136428561514621,-0.0437347929258986,-0.028285299596041,0.0719520714791712,0.116615186199462,0.0856073488139854,0.0666678681876344,0.0193533318667012,1.1002766600814,-0.0388132175503332,0.00498235639440928,0.216021628853619,0.461515049079383,0.632771283920417,0.806178437199699,0.947543809068391,-0.135035087601278,0.9797746611897,0.952332392104988,0.71580468986234,0.479562530272118,0.316447485047267,0.171466823997143,0.0486846632507017,-0.0411807828031539,-0.0601127917629838,-0.0646387235870808,-0.0667901333961401,-0.0325660178648076,-0.021577147100121,-0.00575651101862042,-0.00104286821266437,-0.0564484734815703,-0.088691457622362,-0.0687437898733919,0.0549547995842689,0.0294692860884364,0.0033805108543922,-0.0310517073039137,-0.0118785432317349,0.231133743395663,0.185735134262409,0.15577714561469,0.12277965117576,0.0968566007351586,0.0689277592921195,0.0404612399787786,0.0114308710688398,47533.5206351988
"143",-0.137843023490892,-0.0565206048255324,-0.0478148240421011,0.0929489502989942,0.0814812361252659,0.0703917442230539,0.0633754241313276,0.0160237044089375,1.17385808238177,-0.154469605210078,0.0359226177457491,0.175865610131226,0.493211398749886,0.65957597474468,0.809890095023304,0.948457104658075,-0.202114210646514,1.10253046809865,0.931644294754203,0.746855823205305,0.457849027064431,0.297084718090572,0.168072730166567,0.0487493824800948,-0.0620690470240009,-0.0627888076904987,-0.0694799659876933,-0.0571595229830258,-0.0270896179318975,-0.0220459084425542,-0.0114138385192518,-0.000593996910828791,-0.088372324623966,-0.0888441006496932,-0.072088803080088,0.0565843598391843,0.0322650154801963,-0.0118264000859083,-0.0219537743809884,-0.00989915318722205,0.226732126639001,0.187001759585085,0.159814969848843,0.125299996032366,0.0974302580701781,0.0696865534405172,0.0397508589604708,0.0112337095187838,47533.0323516507
"144",-0.0830187011753828,-0.0239770667687139,-0.0102132390574464,0.0965858194357209,0.113789072521351,0.0842353753273964,0.0650359201147306,0.0198378263753526,0.274310176442244,-0.090800858210254,0.0109816532780204,0.218933859351432,0.485635898041234,0.652201540388748,0.806914858704195,0.946310110858393,0.68452760214438,1.02911504288122,0.932785623448999,0.710410508595011,0.457017532968795,0.298279686270493,0.170202575947529,0.0499925019248376,-0.0526529243486334,-0.0738602818114927,-0.0643415153442777,-0.0701195851091911,-0.0358537005047068,-0.0196500584445996,-0.00837632729407462,0.000344098557749336,-0.146069380881027,-0.096081132347471,-0.0133515557535756,0.0202719965716252,0.0286187060326202,-0.00828902143306928,-0.0174075458404028,-0.0137589011411019,0.228608503089636,0.184307658018772,0.159644509143912,0.124393178955495,0.09734685892794,0.0680131440256311,0.0404750519390349,0.0116660081551035,47532.7847821322
"145",-0.108913810027706,-0.0109683827598067,-0.0578688369342611,0.0942422536895299,0.108453102337438,0.092235924070312,0.0617203281831337,0.0165736099598974,1.58516179595527,-0.176028047155684,0.0188949615534218,0.187244010675966,0.470770359382875,0.647950030684487,0.800426335188582,0.947298846444682,-0.618407343095904,1.11232805720994,0.947360123178331,0.742435275686505,0.474185865724877,0.301832535583626,0.176831608031596,0.0495399134944118,-0.0491729281458146,-0.0759354445967925,-0.0701536829641767,-0.0662260567511327,-0.0332888388174925,-0.0219537483589732,-0.00906016055697833,-0.000572466233218949,-0.153166461224643,-0.109154385010358,-0.0505292080055803,0.0253593629514221,0.0231552159302422,-0.0222144884992073,-0.00935632244682945,-0.00922705334790632,0.221935235153275,0.182295832881022,0.155638868984345,0.124190204494965,0.0958790510034496,0.0698693010787024,0.0394406265199299,0.0115820037173037,47534.7935468803
"146",-0.126888771004616,-0.0412705131942852,-0.0535983709498727,0.0612655336884602,0.106523040946931,0.0754371219869,0.0655208986870207,0.0160171777438033,0.45269423975798,0.027253822633718,0.00579360347783871,0.237921331189785,0.475770156630461,0.653444254087432,0.800137102244157,0.948590888062986,0.512349166382315,0.924021068401577,0.956915276521134,0.697147687172311,0.471365681360204,0.299226498037003,0.177587154144288,0.0484601571045114,-0.0544239120798703,-0.0606989704493856,-0.0662157858166943,-0.0580925276969756,-0.0319675604281173,-0.0201824338880381,-0.00475583860141878,-0.00157980142594413,-0.0688723652774912,-0.147230415044636,-0.0329944055985531,0.0441194952011771,0.00785842830087499,0.00116470332308034,-0.0238351412701924,-0.00773950240122711,0.225111621650234,0.188940605303657,0.157614089829192,0.125951092690626,0.097578032048883,0.0697426298038334,0.0396155442179909,0.0114944775164559,47537.4072330294
"147",-0.129539541713186,-0.0303500521740961,-0.0229645967987077,0.109982579825757,0.10259776729851,0.0816841395878269,0.0684244136932276,0.0155529312881357,1.39482140502458,-0.107873709407576,-0.0261097809764097,0.212426723523048,0.475633543155062,0.649588622964449,0.804807590445286,0.948128292736633,-0.425662480469329,1.04936020032076,0.980307193154244,0.709556717201061,0.472848522567414,0.301430818413865,0.170433585950478,0.049574833757722,-0.0450460534788392,-0.0636248253499471,-0.0676610743358863,-0.0531849731616061,-0.0386644101070404,-0.0196149955615395,-0.0053905774222685,-0.000495043117271999,-0.103346757483899,-0.113868027911231,-0.0441612839169971,0.00991174349023229,0.0210549093311565,-0.00729923995398214,-0.0252016147769582,-0.0113696125433402,0.22784188910686,0.182971838050163,0.155981436249977,0.126492306622893,0.0947710758687525,0.0695913809841551,0.0408028086435223,0.0115905634907556,47538.5639660831
"148",-0.154943326515405,-0.0809154466810414,-0.0688092280107245,0.10969081167202,0.0903549913162962,0.0507559174954003,0.064402253575908,0.0168546589103754,1.1017218323159,-0.0864371158562028,0.0135792112732061,0.155746113712564,0.491798832249086,0.663102797301978,0.804816865747251,0.946572644869248,-0.121244187057155,1.03942820341768,0.951588688592877,0.763504515910889,0.459585283424456,0.296010490481889,0.171779530594635,0.0501983569098688,-0.0544484646022111,-0.0606038516169347,-0.073974105543342,-0.0540224744748941,-0.036709370903528,-0.0240964561367488,-0.0050960688127067,2.17979608536914e-05,-0.113329406384231,-0.0574888838671385,-0.0205140303139099,0.0464576667142897,0.0254605373057224,0.019691541751745,-0.0195442362634469,-0.00851545692719213,0.227583391204108,0.187378743282704,0.15508461563334,0.125659747177946,0.0978205101922713,0.0719622512228318,0.0396614020272251,0.0112171971089737,47526.7318776275
"149",-0.114788809043983,-0.0302554768767719,-0.0304165368683847,0.121117487307854,0.0977594951919655,0.0659126175402704,0.0563774411083798,0.0217235537793676,0.53462931124915,-0.101285675577395,0.0226673204684274,0.201175632530613,0.487477205130433,0.655323412355495,0.809702053601151,0.947784971891568,0.43506264803833,1.04923659208983,0.934663574385267,0.722399072269662,0.459265136084189,0.298713600740883,0.167703061626018,0.0481148962051658,-0.0575639640720581,-0.0699139971779527,-0.0711048628553615,-0.0596229371621238,-0.0323987619548586,-0.0239849982897639,-0.00848719252344147,-0.00114899889478399,-0.107432501368573,-0.15466371722894,-0.0528194922753896,-0.0185048243904082,0.0355774216344344,0.015454466222483,-0.00289590824592635,-0.0157382652652554,0.227891299809168,0.184062084794794,0.156827274365078,0.127520666120068,0.0978519492969158,0.0694775052755275,0.0402270479287654,0.0114399790831439,47535.4012907147
"150",-0.126036968415728,-0.0459464391552784,-0.0452069810151061,0.0896497117502218,0.112262691854329,0.072700919945563,0.0613852918304718,0.0173839890597248,-0.398586477900126,-0.0834419441711333,0.0436651587609093,0.223167902270076,0.458993691976524,0.647620409663823,0.810603510940618,0.948679106452929,1.37277002400403,1.02988286274446,0.91695843931967,0.708174873953488,0.482058703485931,0.304942023132565,0.167733803082757,0.0482143074222135,-0.0630282571778884,-0.0774068540546081,-0.0673215088518177,-0.0739913443492998,-0.0360890898885073,-0.0211846921304886,-0.00864672462056737,-0.000760167317194825,-0.12717807754479,-0.0770432167489898,-0.0511478824487323,0.0256040540390623,0.04653834089163,0.0106598118964774,-0.017980694010449,-0.01110737800088,0.225369452563234,0.179469981625478,0.158751703315138,0.126945711634973,0.0980542298815778,0.0690416828134348,0.0401746625565479,0.0113782786160515,47532.8333615884
"151",-0.109039479598106,-0.0751377045466983,-0.047530540456488,0.0905960542170862,0.0991229175012873,0.0682949227644944,0.0618959436927282,0.0166589501966671,-0.87161126599969,-0.119337688566133,-0.00135354115894884,0.197972226733991,0.487700758437047,0.660867567989181,0.80502571109387,0.946112018942209,1.83463145297077,1.0752453212654,0.960155307916015,0.727645889202919,0.461200314675281,0.29442665857316,0.171604457670729,0.0509483796318663,-0.052001850376087,-0.066275879280347,-0.0610287398642315,-0.054559436125146,-0.0384039544682719,-0.024482600237911,-0.0064910571872325,-0.000655046119886355,-0.114270837668041,-0.088898388820262,-0.0253018459309929,0.0417076767616489,0.030096715313796,0.000762784154943163,-0.013748560201528,-0.00862854662509652,0.229592564752743,0.185382655627535,0.155471104542046,0.126355699930001,0.0994045940788028,0.0680346337381484,0.039100681609451,0.0116641230089779,47540.9080438402
"152",-0.155115264179377,-0.0245462833534458,-0.0491951402034517,0.0999991278820112,0.0828827766089229,0.0688978349758074,0.0569307333164871,0.0190605549443551,0.761858990119707,-0.187518660219781,-0.0410576125571882,0.200071676027867,0.510923399406779,0.667672674082247,0.8065636748545,0.946452779934082,0.212349704732791,1.1266039284311,1.00117255248788,0.728733574676514,0.442315165391006,0.286967850314,0.172016921683852,0.0499469141661315,-0.0495149577805865,-0.0626347951832036,-0.0571493776079135,-0.0728950750474088,-0.0379500919119488,-0.025749485636678,-0.00739846540103798,-0.000394699272234952,-0.0844558349352728,-0.122114033727884,-0.0286636952329869,0.014574347045065,0.0199920524994798,0.00615625865746918,-0.0133640161036522,-0.0116070276350221,0.23218215648752,0.182700416184761,0.15704550364309,0.124083205275503,0.098024159568552,0.0698067317835268,0.0394969631476496,0.0116170531119192,47542.1096223689
"153",-0.16751214004049,-0.01791466433884,-0.0416547977019965,0.0948277923652822,0.108160326905744,0.0677371803400382,0.0525195724275137,0.016811615630666,-0.688561650769718,-0.0751501028243381,0.000308091357798751,0.202023857071539,0.46975150037558,0.66199765823382,0.811797436258599,0.947516920290811,1.67262387288264,1.01777924136676,0.961459218710881,0.729068966803289,0.472893935444197,0.293319796902576,0.168171954736503,0.0495489835204173,-0.0559011048588283,-0.0696212603638725,-0.0724625651167931,-0.0662709046584874,-0.0346099235590296,-0.0270625000230849,-0.00761174435878809,-0.00117982909145353,-0.11329571243432,-0.127327469456553,-0.0474502874115257,0.00309563487393777,0.0420858604905681,0.0085760312786427,-0.0132977806009088,-0.0101128617592292,0.227767158481476,0.183946220225293,0.157540215773423,0.128059043375333,0.0973145529318548,0.0691887372789526,0.039658703874343,0.0117862474987165,47539.6311553079
"154",-0.122710986738457,-0.0327484041689691,-0.0569140216623987,0.0908629371922203,0.105741817715603,0.0639228567636687,0.0674197658206171,0.0163491060603673,0.914102237052341,-0.0462862913910248,0.0127718165806759,0.233908769710748,0.501889905665848,0.652191056059267,0.808596939448621,0.948622653078712,0.052609999662695,0.998208942258214,0.948871247541535,0.695184442288534,0.444130133519333,0.301880548022379,0.16804462204325,0.0486977766521238,-0.0534012890549495,-0.0773135845245063,-0.0627372675704149,-0.0687187901025781,-0.0344497897985188,-0.0220758340568904,-0.0070524828446964,-0.000805723705076901,-0.100175952387164,-0.150763087502087,-0.0201911378561345,0.0264119457521537,0.0115266346638245,0.0276659156040453,-0.0271758715161363,-0.0112719584213996,0.227867586006874,0.181683865077507,0.154877053430163,0.126323185059583,0.0971560857261087,0.0692018985110005,0.039882974331995,0.0112844516476598,47540.3781154658
"155",-0.176510894213046,-0.0212249869738297,-0.0109000728070159,0.0971953096828802,0.0929762647124364,0.0666411008676895,0.0579485157143559,0.0165089908217983,1.32001957707537,-0.200736603348047,0.00922402884164379,0.201243106011528,0.48484363404118,0.651499903927684,0.799894674315804,0.948565559694161,-0.343130504162035,1.14400621942719,0.941403436320539,0.725199644341329,0.466215000683803,0.301683667923213,0.178708481210536,0.0485767049367124,-0.0492464722413894,-0.0655641471075886,-0.0611062503601392,-0.0677124916050006,-0.0375520406634629,-0.0233737119543323,-0.00773099418595842,-0.000861962023381273,-0.044531886580363,-0.142589218891397,-0.0583699868263376,0.0263660064245802,0.0146142957340657,0.0203564718372372,-0.00957245670146112,-0.0109046687769443,0.233191478806374,0.180985524056513,0.156988956169608,0.12821854652084,0.0977829717596327,0.0686315882848255,0.0391122510912294,0.0112782757857099,47533.9035233226
"156",-0.116568043882451,-0.00749783259274225,-0.0312227749367775,0.0914902469332264,0.120366763870739,0.0623398405071309,0.0668467205495226,0.0155590716839582,1.02536155536744,0.0549038703287541,-0.00722598464562045,0.216998721319253,0.476144260739282,0.671752738439782,0.800894374941094,0.947812177244563,-0.0619413127943584,0.885755994181966,0.958433495036139,0.709427330964475,0.470111672135164,0.285084777805916,0.176259432912389,0.0492310764172948,-0.0560041674482983,-0.0606855302894454,-0.0595027429268419,-0.0593932414278654,-0.032831000156366,-0.0239361690089845,-0.00394803831159342,-0.000127862672686545,-0.090245247082731,-0.160670778028275,-0.0186797128598341,0.0446860128888644,-0.0151578146041176,0.00269251560894725,-0.0276290580141335,-0.00845303598929605,0.229708415898006,0.190422452773903,0.155911614376062,0.126902761927689,0.0969902372283462,0.069992012790495,0.0396958487403169,0.0115037471498841,47531.6953428689
"157",-0.141183980842027,-0.0332900307816833,-0.0233540252389399,0.0822345340119339,0.0931571427251132,0.0880319640640603,0.0615393798989157,0.0170026927605669,0.881188435357247,-0.0720590170341682,-0.0059143113896508,0.252956061574946,0.485576725319154,0.652550613598096,0.807618951869219,0.949205387323878,0.0869086658433723,1.02364440854296,0.957298411898707,0.679301348868498,0.464621490877606,0.300601075285862,0.170475666183505,0.0478303709305131,-0.0485979183331673,-0.072413587447885,-0.0655307622686281,-0.0758775211269615,-0.034316240424555,-0.0209145078941851,-0.00947964305065715,-0.0016950012853222,-0.0860036542846115,-0.148791501133283,-0.0404773586442252,0.0300551523760962,0.0308079173908504,-0.0320258407621729,-0.0182426856101573,-0.0110866415306382,0.229257727445052,0.182625588690353,0.159864995523342,0.125880544834656,0.096276368315632,0.0670951872627391,0.0399848205907626,0.0116940976304589,47532.2478007861
"158",-0.0957823179970296,-0.00429079756859001,-0.00925450482852184,0.0761819133631352,0.0926379901724602,0.0803205586489626,0.0562762731179483,0.0199287277928379,0.050253951473584,-0.133115061858252,-0.0773904342744294,0.21730243879787,0.495816362496792,0.653684765123366,0.815274524926017,0.944754278355715,0.920290757205574,1.06979541716532,1.02922669912444,0.716840431529239,0.453384675014344,0.299488685637236,0.162561650564054,0.0517339519610491,-0.0640548560591861,-0.0720595609502148,-0.0706935054967388,-0.0635821761543597,-0.0398254042333895,-0.0264283247321037,-0.0068142973877787,-0.000524521021448906,-0.167759323911502,-0.121229795276321,-0.0636689443995461,0.0247997107334564,0.0367132405741436,-0.00608128805267206,-0.0174342226210505,-0.0139779574478889,0.230372353743448,0.185742047929198,0.153399530250059,0.125494313711914,0.0960063719174221,0.0695955354335895,0.0399199742143448,0.0112112368291759,47532.3439840943
"159",-0.164040863670677,-0.00728001770379633,-0.0638447078273551,0.0551545413956392,0.089400077541565,0.0789508661445711,0.0628537721455868,0.0165241439874571,-0.405057704170263,-0.0203565014721305,0.0364674028262782,0.218946768375942,0.505142752327551,0.65065230518935,0.800262038380826,0.948815898671388,1.3810539211133,0.956651056941787,0.928104372309351,0.71354771926332,0.446596106460919,0.303095823602847,0.177249958022548,0.0478335178264666,-0.0480389382313595,-0.0736424579100374,-0.0629082165523556,-0.0691108395659574,-0.0395937403378759,-0.0246010241752904,-0.00500455779318403,-0.000714830448550683,-0.0836886113256189,-0.118228911785505,-0.0342742367125103,0.0964710993995971,0.0177137698499815,-0.00491113292368381,-0.0199179845412438,-0.00866300352666813,0.230985479915847,0.186093835280793,0.159842847926278,0.12654013380056,0.0982490947448515,0.0686557153764359,0.0394172527997413,0.0115396794665047,47536.7860304261
"160",-0.106780768467044,-0.025093373762166,-0.0627478630463461,0.0528946101089267,0.097696091293532,0.0672223893093843,0.0634842242004425,0.0166249426247093,0.47144342822732,-0.0437681869624002,0.0464230352828688,0.237984705577925,0.48668530442929,0.659039105913972,0.806820705583751,0.948030539056136,0.493171234184306,0.98558263181712,0.919021473597135,0.695499303083594,0.462578959319663,0.293567202337254,0.171529121775553,0.0490595601223884,-0.0447038280422374,-0.0651890066690822,-0.0700243336368017,-0.0665988033041255,-0.0325874592399391,-0.0204123135546698,-0.00956226550502014,-1.33434462806645e-05,-0.121323660948395,-0.108494282372247,-0.0243788950069295,0.0826971533445889,0.0205020485062969,0.017462862930813,-0.0251154446440211,-0.0127563235755549,0.229095390594115,0.187925070337753,0.157329996184596,0.12715115790153,0.0987474107247804,0.0702437123570137,0.0395741267750202,0.0114115120646054,47533.8980201636
"161",-0.155695830041975,-0.031709060056568,-0.058428228884052,0.104463002692675,0.0832633226965845,0.0620671938386108,0.0595420747632894,0.0175219971629448,0.284364601207861,-0.1570332664903,0.0413614172438974,0.19275520291452,0.477986053433745,0.673567780929938,0.799161618323608,0.947180993290771,0.69349939123653,1.10212531831864,0.92008007381602,0.734375259469347,0.473919781907905,0.281095893293386,0.179602101032491,0.0493375802396015,-0.052278794458368,-0.0700087022193191,-0.0662380133214693,-0.0530843167975959,-0.0339684277986857,-0.0245542259638085,-0.00643393954577305,-0.000872784453701467,-0.0926028828985188,-0.11230676214343,-0.0183309566916746,-0.00518326570575884,0.039133395621901,0.017891473541465,-0.0155427112388381,-0.00946521869854799,0.23365589387869,0.185469240533098,0.157718084153106,0.123530714205243,0.0956699993126319,0.067567921276985,0.0399860820880395,0.0114788582226917,47536.1154676908
"162",-0.110053473353393,-0.0174451913740669,-0.0568243155403502,0.0827160365211267,0.0765448102343623,0.0846243557435911,0.050329554769514,0.0187310212427608,-0.736703453959502,-0.0680891133452276,0.0319568102416257,0.207344485827931,0.540735301207119,0.654305127230973,0.807093252755173,0.947911181516806,1.69869515608897,1.00302367415889,0.927219287356761,0.721252944843114,0.413632303247527,0.297902537845299,0.172585388154032,0.0485875750329218,-0.0336334992688688,-0.065695162330123,-0.0640049021038038,-0.0525992339764205,-0.0361420429451203,-0.0201823386608463,-0.00926698851648971,-0.000126840023750649,-0.126063346131464,-0.100469713309171,-0.00787665360064225,0.0349521617099937,0.0214974245715712,-0.0202358499774907,-0.00418045720443598,-0.0129971655006261,0.231870253268976,0.189590147212406,0.157784572089838,0.12499976401147,0.097673763865265,0.0680002364776828,0.0392519249702655,0.0116093958581664,47527.171659441
"163",-0.109742157716939,-0.0593333521073138,-0.0405686891828399,0.0644982339673824,0.0696809789083451,0.0680475044845491,0.055492919919382,0.0184893334036024,0.963101169623763,-0.0301908733071102,-0.0078607572749283,0.21788714542228,0.494245790675844,0.658702704141578,0.802486927782032,0.947862146524205,0.00587873663474472,0.977937697680074,0.967185422655773,0.719761667642863,0.461171356065109,0.296339779255843,0.175698364212595,0.0488818035295215,-0.0571547974104609,-0.0745143207651647,-0.0716460133425537,-0.069010385854886,-0.0426207965337823,-0.0219718243808019,-0.00435679974104733,-0.000149527858408503,-0.142322587751066,-0.072585645383316,-0.0347082331431446,0.0436527215144648,0.0589096632446472,0.00430335096562926,-0.0106990635357741,-0.0129530078379031,0.229969484340259,0.180400007131925,0.158260966177726,0.122315949259897,0.0959644079918843,0.0699157685093619,0.0399009766121941,0.0113755003875554,47537.9299296859
"164",-0.105983659477379,-0.0559697601438979,-0.0515413949522975,0.090966563330964,0.0924310389023166,0.0697141616425517,0.0605247417480533,0.0184963643890607,0.477688336149736,-0.0530728196484162,0.000911144961938445,0.234826141783762,0.507030879213193,0.663758861922911,0.805976164924796,0.94784878938045,0.484526365189374,1.00517577320878,0.962124094348665,0.695683711422595,0.443163303101841,0.293650404455616,0.170576919121628,0.0490804940847313,-0.0676128239928321,-0.0880021267208472,-0.063812918602028,-0.0634424903936555,-0.041149183721535,-0.020958219158989,-0.00537757126446936,-0.00157383784192219,-0.0884719781499469,-0.0803497518670833,-0.0530226985783023,0.00919672216592819,0.0241299846367974,-0.0137334497456909,-0.010009602267484,-0.0127057189974693,0.229074615537267,0.185972167498418,0.156646582334287,0.129711581274225,0.0976909572901683,0.0700911698294261,0.0400171529551307,0.0114432018811596,47535.7442474543
"165",-0.079253013415105,-0.0514324272804365,-0.0667030291936949,0.089156372547709,0.0807867553113363,0.0723137501006308,0.0621077545170874,0.0176274133027264,-0.0265824163714464,-0.0578724421698403,0.0198003429941716,0.198014225396671,0.488684292522429,0.662244707398303,0.806973403763714,0.948888169503053,0.986742374895983,1.01051113429058,0.946975577300378,0.730095928674505,0.462947055092444,0.291644535254371,0.170018675947996,0.0478849351450712,-0.0653678372896218,-0.0704414791370437,-0.0687531496613584,-0.0603863118336183,-0.0303561908866586,-0.024910841180932,-0.00749653499982584,-0.000427344282259157,-0.1399827870562,-0.1199795100232,-0.032676205117166,0.03367028354683,0.0380468837545988,0.0101104293988816,-0.0171722174041608,-0.0119782394062318,0.236943961369572,0.187580309584936,0.162776507917824,0.126269096538667,0.0971767520118514,0.0687714060111599,0.040459536484459,0.011396761778901,47536.6133077967
"166",-0.145926955226785,-0.023392779075965,-0.0490559719820308,0.0886864093216246,0.0999056060003072,0.0675635311699517,0.0560063602505672,0.0174222493516895,1.2964580921606,-0.02934851194804,0.0151266213115655,0.201899686679025,0.489359954713392,0.650831212587953,0.803420072754374,0.947616541709314,-0.323337165569177,0.969788286432798,0.947751175973534,0.728545311389749,0.455498078014518,0.303751984346611,0.175588476702477,0.0491324977270113,-0.0481294745602225,-0.0698065211556585,-0.0689205784743939,-0.0681107668219296,-0.0378301598576232,-0.0228963614752232,-0.00723953960981601,-0.00106949101846007,-0.090200209462145,-0.10983211978253,-0.045021345505135,0.0283086673692428,0.0422549532606448,0.0124555322111162,-0.0124262164847534,-0.00878850626284366,0.230986038687746,0.178935914440758,0.156932077447463,0.125784550412267,0.0976317618829474,0.0688238919885078,0.0390704013582269,0.0113951565030322,47542.3224440951
"167",-0.115850082514852,-0.00575911286252547,-0.0128613827738491,0.109507953238442,0.0735434266432666,0.0821515344284441,0.05561745241119,0.0156327329127667,0.502185710555393,-0.118643050660212,-0.0195226201167442,0.184858349251339,0.488241729893124,0.650029962439453,0.815357293666662,0.948977649108866,0.4640160027949,1.05305827873953,0.968117087761555,0.740378915811179,0.461152720230627,0.299830326876368,0.161987398048121,0.0476774263991496,-0.0454665348990449,-0.050866552528032,-0.0677942733623835,-0.0566006164855191,-0.0364989288964184,-0.0271674829281714,-0.00677999705622454,-0.000274846971704571,-0.117394379957081,-0.131762438360777,-0.0402548270125711,0.00191910455051982,0.0729267043952162,0.00584283150905726,-0.0105435360146951,-0.0067414020853176,0.2247666087012,0.184268272908125,0.155205473395501,0.123545374456606,0.0967543935545298,0.0692512996870896,0.0392633606827701,0.0113974634930547,47526.9381086279
"168",-0.163478526104675,-0.0600109722492897,-0.046712585538209,0.0778453763529045,0.0732374611855916,0.077548894106146,0.0529839913423136,0.0204887189273472,2.23101859664174,-0.000358719799356365,-0.0145284743552267,0.200456910148706,0.500084362051858,0.65733413970123,0.812229932641173,0.946457449194053,-1.25428029062105,0.953886538499269,0.969587628720199,0.733684361918649,0.455318320486091,0.295728398475157,0.16501990781716,0.0499592593299778,-0.0668563118669519,-0.0775454227277866,-0.0685837516964123,-0.0699422381467675,-0.0454397375798632,-0.0240787008669543,-0.00627952561235241,-0.00148753574596835,-0.06290978141379,-0.106330492144035,0.00206210720730092,0.0315968168223218,0.0500563988143616,-0.00366584161188742,-0.00367501894986046,-0.0147144139426701,0.224916865413879,0.185171096670696,0.157168045740374,0.127675485698491,0.0969465822857311,0.069120730364537,0.0403865308207952,0.0116987860467689,47530.200388769
"169",-0.112197962317146,-0.045356443550068,-0.0962365921027989,0.0671092059663283,0.0966603458447061,0.0899036014414132,0.059091837876484,0.0189025451902467,0.484112351184486,-0.0543180722869812,0.0382502099953025,0.211634811742754,0.485656882540016,0.64395457591121,0.805656279757395,0.946872115292675,0.4797015226601,0.998236547096419,0.929186262285005,0.725781206256991,0.465700955868748,0.304731844852287,0.171963236433236,0.0491368491623828,-0.0627328501487638,-0.0600670591983687,-0.0679959923976983,-0.061193944338601,-0.0397716741878181,-0.026924335542061,-0.0072631545332695,-3.96308461097783e-05,-0.0762093557020119,-0.0998064019720018,0.0222556036423092,0.0331640412339382,0.0145953509698946,0.00403823855240616,-0.0126880475329208,-0.0100984324445789,0.226431830659996,0.181700876164505,0.158729422368453,0.120972353853329,0.0960165711174815,0.0689560966582675,0.0395452025063733,0.011278669490245,47531.5614620324
"170",-0.11646225999483,-0.0326822346075678,-0.0578283608043665,0.061329533333086,0.101065118173142,0.0767996750761907,0.0589246544573833,0.0165116520132514,0.562938584774564,-0.0968592094035443,0.0634617795770988,0.241860764509078,0.488911135697415,0.649950667612224,0.805973641699657,0.947695285097632,0.400930835030755,1.04423624394885,0.899035223514155,0.696690276891829,0.45966958334149,0.30286019418326,0.17174284752169,0.0495248647010962,-0.0544632619347084,-0.0720263584959424,-0.0727339388603514,-0.074416396502352,-0.0359465415363056,-0.0252575220288399,-0.00834832988071326,-0.00100535893323856,-0.0895625908544982,-0.136469125283964,-0.0128499757833674,0.0377660191607736,0.0202359505967771,-0.000613524848635536,-0.00959476084338929,-0.00993181821274087,0.226929044161832,0.189983975070147,0.160313747619101,0.127196128311043,0.0965587519406465,0.0704776431729227,0.0392624540351043,0.0115150004991947,47542.965290921
"171",-0.106477298620758,-0.0119447160777021,-0.021888039970839,0.111704230888071,0.0944926370730343,0.0679815028188622,0.0584462352118244,0.0165779989527068,0.549189861397967,-0.213453035640955,0.0176067974081174,0.205730532517623,0.494385364427706,0.65617265812729,0.81051408901207,0.947998196578451,0.418500938478618,1.14907437316241,0.934735287895784,0.721005256314771,0.453329897931091,0.298258250217904,0.167089983588727,0.0494594413365102,-0.0540186336583787,-0.0649502964471343,-0.0693751810234703,-0.0603644525538065,-0.0349925386365967,-0.0252088611822185,-0.00969072507645693,-0.00100765578540327,-0.153032110635558,-0.0978149053639035,-0.0323748722246595,-0.0161888542237493,0.0370810823151332,0.0140215712102022,-0.0114636475829702,-0.011456118219609,0.227554301533758,0.185400239452172,0.155729902796229,0.125857514065812,0.09770273441423,0.0694448885662701,0.0401568012179395,0.0113300010979937,47541.8162803422
"172",-0.0884014692358906,-0.0253519996549111,-0.0712001283258494,0.0877642054572936,0.11526487958214,0.0667144041698953,0.0630391750061058,0.0163958381815972,1.27566530140022,-0.0994664562995265,0.0859273937029501,0.225743879804783,0.492731669904688,0.668852059548628,0.809753305072738,0.946929575538469,-0.31931849812237,1.04626941264428,0.878868641311772,0.702690299940633,0.448991227106662,0.285859716845708,0.167589222199615,0.050701186938264,-0.0438951415853732,-0.0704203500613381,-0.0626595553862397,-0.0692836264207894,-0.02936159625266,-0.0293840260432356,-0.00705286042531114,-0.000551854123162103,-0.139585664796796,-0.143592770159263,-0.0386150965221475,0.0449916368711574,0.00924394543648996,0.0141722392251143,-0.0230710107652901,-0.0127396006724368,0.226642516393467,0.185722597781501,0.157938019423771,0.1253572931464,0.0967588182396175,0.0691895522297228,0.0396246015977608,0.0114857068168924,47533.0833053919
"173",-0.107961387798058,-0.0899629151026703,-0.0012322993537684,0.078048488006255,0.0878881207210535,0.0803436981075717,0.0734568012555794,0.0170936530573827,0.0595692934272609,-0.124768115183069,0.00412857554735235,0.198057082633262,0.48748493903101,0.664646143848404,0.805521121248336,0.947092393939665,0.903310081427139,1.08594431730975,0.948857025316383,0.732795995852289,0.464155722978694,0.288947541266049,0.169447229966593,0.0502244036261847,-0.0445657316017257,-0.0797934276488746,-0.0633373001394417,-0.0683397314326895,-0.0456335644504144,-0.022629665188265,-0.00596589126022839,-0.0013660530092735,-0.110562655828059,-0.0921531396545326,-0.100862344987351,0.0541937284026307,0.0415412495677689,-0.0137894192189671,-0.0313259173775569,-0.0118053292973471,0.229864038261746,0.185387218907373,0.155713109022361,0.125296001069134,0.0966284628157619,0.0695728639043796,0.0394501551107438,0.0115657148865971,47536.0231875283
"174",-0.0988726544105403,-0.00370330264613316,-0.0386506698981262,0.0854558054960021,0.109195214060422,0.0772376197802209,0.0590724182429857,0.0170811592739918,3.02511337869151,-0.185664221715667,-0.00383763389177693,0.206726851765526,0.489513439496534,0.663376823210168,0.807826304760188,0.946947943975312,-2.06007691398889,1.12431202988657,0.9591923481862,0.727368248219738,0.454806425213837,0.289466385632607,0.169499498937512,0.049923989458789,-0.0360800243473463,-0.0631590634020711,-0.0692019816196241,-0.0604149958794499,-0.0319699344112915,-0.0214046002004899,-0.00636036851794767,-0.00138805643079982,-0.169353315342083,-0.148513126901847,-0.0206402668102826,0.00602376246452795,0.0182078987315509,-0.00305440898043642,-0.0135618216025335,-0.00953982168336884,0.231678974709496,0.185690894752994,0.158932579252589,0.124650681611559,0.0970712147675196,0.0687962937521095,0.0393473866656771,0.0112124629111547,47533.3965207621
"175",-0.137694500259963,-0.0666852005745125,-0.0422542506526601,0.0618761993014808,0.0988868490072911,0.0691519580623902,0.0618821817192792,0.016518090948781,0.47024075029094,-0.0198950726379945,-0.00366578608635216,0.246590913580319,0.495286489679707,0.6496249783932,0.803033492760228,0.948094671194752,0.504566084102605,0.974940383132781,0.966997362977394,0.689073592779798,0.454388955655851,0.304435067444941,0.175734822056877,0.0487077002450259,-0.0575816178707872,-0.0737884025043582,-0.0614526600397153,-0.0608979870392056,-0.0423005072722775,-0.0217332891631461,-0.0062035095394202,-0.000367603797197671,-0.101835308910823,-0.0903192372229007,-0.0723432504241548,0.0357234495142721,0.0197965373834855,0.0141463457624148,-0.0260872751336362,-0.00891449299635958,0.231861694722248,0.185683593422028,0.155511370746729,0.125571806547661,0.0961616183281882,0.069877123115921,0.0387843552983894,0.0114366473519066,47539.0007266649
"176",-0.0868238753541221,-0.0358413883713032,-0.0462495393423815,0.0872868800624979,0.111606056856167,0.0631617208875368,0.0541055602001283,0.0161305718543499,-0.216956333305679,-0.118182621152474,-0.0120076485265934,0.223446489900352,0.471548244012957,0.663408308741349,0.811432691660419,0.947299579475817,1.16806297850516,1.06590939530722,0.970718686855869,0.706101705988933,0.47451921784735,0.291913446783143,0.168413956886957,0.0498697393289062,-0.0527241082248891,-0.0740995871012345,-0.0601171415826972,-0.0626867370416578,-0.0343200819733801,-0.0241119573627432,-0.00884106436221749,-0.000797453389012538,-0.0890474128293683,-0.12108847473528,-0.0309720587747052,0.0303764144181906,0.0162065891565292,0.0125429106317399,-0.0149033983284771,-0.00895989425331493,0.225820762376586,0.185154193440706,0.156590957995798,0.12466766656497,0.0979879443181573,0.0709412310163006,0.040263840757557,0.0117219752193253,47543.3866842995
"177",-0.0898310893215906,-0.0264454486387452,-0.042034685165678,0.0980978466503504,0.0953337548929663,0.0681598047605865,0.0611333879251664,0.0165244672874807,-0.840061286761097,-0.101543199088368,-0.00770411720357217,0.215422689880066,0.499791997734749,0.657845751332092,0.809347886402269,0.947476013982001,1.79873574581044,1.05012504760921,0.966754500222363,0.715114382755128,0.449824582176227,0.296416368098177,0.16838311041747,0.0493769506648097,-0.0428441577465533,-0.0733152192439213,-0.0719185686290165,-0.0671318747229992,-0.0328829667486414,-0.0236187421605831,-0.0103666050663004,-0.000651089759831413,-0.134901949563123,-0.141123090303209,-0.0224977145130664,0.00662098858083344,0.0132586913124322,0.00750720308016003,-0.0178522299692342,-0.00858677119906485,0.23051947469317,0.186198539880535,0.154390881361062,0.124812633483309,0.0964127407456584,0.0694130476163483,0.0395234485088751,0.0114880699060705,47543.1153839358
"178",-0.168812604256622,-0.0262294236822254,-0.053694084955713,0.0795372195645164,0.0942842490064169,0.0674015557216579,0.0555603588333575,0.0188594053001912,1.81910941169701,-0.188114328893941,-0.0793632587982962,0.196176718606391,0.485597704072269,0.66088432516713,0.811236875317949,0.946343143386735,-0.837360101086931,1.12914722268147,1.04178845141699,0.738002054844871,0.460523560916242,0.293334175897975,0.167770453566107,0.050189550211587,-0.0640032827641143,-0.0684964797251409,-0.0688052514748092,-0.0683376602083595,-0.0328135004394337,-0.0263087065271553,-0.00730164558695197,-0.000657970084646958,-0.0621549493822549,-0.125871942253018,-0.0301114128867813,0.0259330303547973,0.044290769178335,0.0131691828380102,-0.0138389848999084,-0.0113969272922968,0.229562042779969,0.185112779421913,0.157266801478184,0.125211947664345,0.0957585646806276,0.0685800159839843,0.038753908469475,0.0112708284552163,47536.91464285
"179",-0.119208505861516,-0.0467932460437299,-0.0662046773282859,0.0557543242026823,0.105719379640337,0.0727816512264584,0.063109552416163,0.0158949869555217,0.452119714571126,0.0686752342748794,0.012102152914434,0.241645230061355,0.475538929016012,0.649772411104874,0.799654935076882,0.947506709263777,0.508144684895642,0.881497031894606,0.954186165117672,0.697113517976535,0.472830092845272,0.302274283130003,0.178403891841541,0.0494166424213682,-0.0531519761629115,-0.0647472119874645,-0.0671949929760231,-0.0589558056237022,-0.0281712484659007,-0.0185131726847666,-0.0073384872844377,-0.000411934425636067,-0.0597854921173256,-0.139386019006323,-0.0406599137159171,0.0390872507143087,0.00795077124838706,0.00667872214420106,-0.024915992204018,-0.0071687080174744,0.225341395389454,0.18724795058695,0.157603456461466,0.125279398984097,0.0971792310749879,0.0695803109727431,0.0396963495635679,0.0114670611968756,47527.100559228
"180",-0.155861266134485,-0.0476218224630999,-0.0614580593542802,0.0745906458564998,0.105134220913568,0.0608340081624647,0.058578203535127,0.01721448451431,0.120219605994767,-0.0556398104414386,-0.00372969537226313,0.227721318378126,0.47492943089309,0.663264096172754,0.805328372624635,0.949456524298459,0.855657223559495,1.00438614457808,0.965003500974418,0.704213024769552,0.475005105933153,0.293908071395427,0.171095645527128,0.0474498731747682,-0.0552227549276331,-0.0807252264670544,-0.0695407939127988,-0.0598530506381381,-0.0377318738869618,-0.0218538891819751,-0.00645307415585105,-0.000507963414481568,-0.0889589393799461,-0.0969143125207608,-0.0140177701332972,0.0267963714065866,0.00913641482533993,0.00244125991926106,-0.00688436372816744,-0.0127087853329112,0.22851576215641,0.189444224281811,0.158128811451921,0.128177528267948,0.0970791576456414,0.0695313436275945,0.0394294349157896,0.0116852174553245,47536.999179186
"181",-0.178200940496711,-0.00841015423196745,-0.0201039559990846,0.1056927325394,0.0777754923218315,0.0767748584094518,0.0693637897885809,0.0189444731371695,0.416041424947312,-0.0223271010632477,0.0229588919625182,0.173135432119614,0.496663540543053,0.667659118883043,0.796208566499298,0.945813548731208,0.553329034122331,0.961124777576798,0.927207519113803,0.747991642662677,0.456184494796533,0.287204373682561,0.178941688521534,0.0510571729589847,-0.0481613315485217,-0.0581408120586052,-0.058596799086575,-0.0610152400048214,-0.0382321797641122,-0.0247603892243184,-0.00287609225933955,-0.00073430549505276,-0.00470168731185666,-0.153877583138953,-0.0511515278426294,0.0341560367813766,0.0486511060845057,-0.00965558713344107,-0.0228030321019692,-0.0127471470212852,0.230733609955343,0.183724056979326,0.158829142854583,0.127010078212635,0.0972158221763343,0.0693056379985421,0.0394515733268644,0.0115253890721177,47529.4662247557
"182",-0.163152194290242,-0.0347015081763243,-0.0772779044474698,0.0813551145080603,0.0844023260479264,0.0724036901766429,0.0655899695941034,0.0163668353062686,0.814085716046809,-0.105221901483619,0.0444326931901872,0.230602113794545,0.488935284394102,0.643430117377289,0.805320085470757,0.947589442915699,0.159885050158216,1.04777152889177,0.918103496936916,0.69791767065996,0.462895825706501,0.308955615257379,0.172620388057291,0.0493514475961943,-0.0552982388685726,-0.0722361812889524,-0.0639247996647736,-0.0652275271759532,-0.0344971452540682,-0.0216265853717078,-0.00716006725282818,-0.000951059615926796,-0.0439881031552766,-0.0891698851952241,0.0114775560658573,0.0462756867408007,0.0311662287315917,0.0139653243686429,-0.0294357502482748,-0.00835832968635187,0.228168902617685,0.181458653568727,0.158239974277961,0.125604294888155,0.0997987715721917,0.068691949145072,0.0402586515314544,0.0111561018828374,47539.8531783064
"183",-0.113757754842931,-0.0841343270267125,-0.0831819540770902,0.106332520033127,0.0989074082866399,0.0828515473990504,0.0574279398818616,0.0166417799238787,-0.702228971553681,-0.0648181752419613,-0.0184480394508819,0.218214613424307,0.467899953115906,0.651158087854269,0.812699057344166,0.948035352736744,1.66428987697837,1.01748597937264,0.986413065047934,0.712540410445908,0.48035324015327,0.299516278503633,0.1653901682779,0.0491233416954949,-0.0528436023224143,-0.0719700864587437,-0.0588226600449634,-0.0637184848514797,-0.0378226196913633,-0.0248167153736652,-0.00838016185717391,-0.00121438154455557,-0.0857341240730341,-0.0512859259148034,-0.0134503882484853,-0.0242712462374512,0.0488083691575447,0.00083190024195898,-0.0157103494348653,-0.00949797461030919,0.225738951820593,0.184880194441756,0.155982189787335,0.125377957352864,0.0968174298620105,0.068858035708968,0.0394133798693548,0.011542256121143,47535.2810246238
"184",-0.149438681433073,-0.0951745930531963,-0.0489087894045995,0.0742845947070486,0.0753531540027772,0.0936347358841385,0.0581839537198367,0.0194596647742304,1.08833786079467,-0.120977961927663,-0.00213746306363534,0.215814437132343,0.495850385613026,0.651779055141808,0.808708951377489,0.947430891682212,-0.114289085949969,1.08179028815571,0.961148363186932,0.714626970176735,0.459481577493356,0.29694525970581,0.1695110764929,0.0486593002389037,-0.0599222687044985,-0.0719511394914695,-0.050842387901997,-0.0659563081515983,-0.0450165445017133,-0.0207431911732222,-0.009304211782514,-0.000891327084093624,-0.0672193100833403,-0.0763689531544607,-0.0414949883662235,0.0608095824396883,0.0381993250365617,-0.0177042461696339,-0.014815507941884,-0.0113469040554382,0.228978956870116,0.185836285028111,0.156519080740782,0.12446406268372,0.100494427141978,0.0684823352978381,0.039953617533336,0.0116141055191036,47535.3373495572
"185",-0.182496634642464,-0.0296408584762308,-0.054815055476834,0.0978991786903773,0.0890198504575482,0.0726236547623451,0.0552978118839012,0.0191397264174497,1.93449612574289,-0.0445617271896472,0.0376272406107485,0.22972129117679,0.500274429263655,0.659288758509599,0.811104463759375,0.946670242763968,-0.957299056243223,0.981882711808799,0.92262275109417,0.699134333964497,0.448961421336186,0.296428312485522,0.168233784907223,0.0502057229988806,-0.0610419363061404,-0.0554445969280095,-0.0620354366082406,-0.0657931407822204,-0.0372171315106842,-0.0241546670810496,-0.011052627665873,-0.00039804729095235,-0.0235512356402071,-0.110604926281855,-0.0373371101679827,0.0127393161968483,0.0396102485920799,-0.00619427244818921,-0.0114196405899047,-0.01461059322222,0.234804328509264,0.179002838049322,0.157148885716312,0.127652601710058,0.0960915334731076,0.0689567182359108,0.0399361833691061,0.0113115994884128,47533.1596987465
"186",-0.120603971399736,-0.0515645966041595,-0.0315524187085036,0.0893589172640979,0.0945066213551365,0.0767478446071594,0.0601700556234129,0.0187904035612741,1.75766957017067,-0.00815115869797418,-0.0301140858505164,0.215183315979646,0.496193264987157,0.668771449915954,0.807476043921686,0.947266766613614,-0.792959230523253,0.95676957188201,0.978594192211059,0.715762192380238,0.451763885768243,0.283305744344292,0.169965379451727,0.049282031086716,-0.0424973137852756,-0.0610209705937803,-0.0498061985364863,-0.0648327448340385,-0.0356970933564312,-0.0223616656025072,-0.00611184146783437,-0.000203154804039058,-0.102264525219736,-0.10842949850476,-0.0166114942440453,0.022400008033753,0.0338123761467117,0.0018525093919377,-0.0179790172238171,-0.0130008126345284,0.229644375729001,0.184638022305534,0.15705330068797,0.125774247087128,0.0998507860092758,0.0676226944441877,0.0394794563728512,0.0117456877675346,47536.812838296
"187",-0.159888397804634,-0.030113360657761,-0.0205473530792285,0.0843847067681738,0.104886512964903,0.0668215896059858,0.0640175614901436,0.0170998235902292,0.127596084289753,-0.118705847466446,-0.0112093648214716,0.212054801516731,0.452320793214107,0.648665717272826,0.806795890614369,0.947763815977549,0.848103175905898,1.06478368015612,0.968904094513856,0.720588600699361,0.493231385330193,0.307127872865702,0.16962348794139,0.0488843533331589,-0.0618846757819142,-0.0691496706151288,-0.0694574620085823,-0.0698187889759371,-0.0299254339972551,-0.0201067956924274,-0.00736967264506286,0.000179014862376217,-0.0733502324097196,-0.133182153290549,-0.0756573087466823,0.024259046508148,0.0375804933925845,0.00233433234137223,-0.0185860593481899,-0.0103693666543086,0.229415158191678,0.18514757154781,0.157144719291179,0.1243018679302,0.0959877800179413,0.0668444578223189,0.0396529948036581,0.0116870570277506,47535.2318154494
"188",-0.123260533885446,-0.0195866304431937,-0.0387353556841417,0.0801758573906639,0.0850349688660811,0.0847129817821218,0.0563606557850015,0.0189964426740571,0.908197766947465,-0.0959163439047781,0.0060686865782607,0.200618420899856,0.502254984449476,0.658542149012676,0.808708415583188,0.947857744072854,0.0636352975208953,1.03899632182393,0.956041791166678,0.73484307874679,0.449151642875438,0.292561552765916,0.170572764521324,0.0485430704825208,-0.0609800468381963,-0.0613033020120572,-0.0626330392813,-0.0710113116197671,-0.0426692669208995,-0.0216998145943984,-0.00745241311429426,-0.000845369336891869,-0.114701886546416,-0.133154114062548,-0.067625455092837,0.0143831447162491,0.0455189608370473,-0.0194511374426686,-0.0174058463565377,-0.0118023214352818,0.226135737940072,0.184939120803899,0.157277031379423,0.126888279737912,0.0973367489649743,0.0703492894057765,0.039320402054473,0.0112098809456861,47538.9468094871
"189",-0.146509905347489,-0.0203390712551719,-0.0539393570587813,0.0891729212315086,0.111105532102292,0.0698517865982574,0.0636337490286928,0.0184628977358836,-0.364170329538652,-0.11461479438314,-0.03137897683854,0.196726165262587,0.493729372934471,0.656368841971753,0.815185179019628,0.946131430019865,1.32844060043928,1.05334784779823,0.988555517832962,0.731022883345072,0.454083766238591,0.301916191498318,0.162745426297245,0.0504212571787577,-0.0306950471724408,-0.0664512629669582,-0.0783584456929454,-0.0583780879891294,-0.0424449643326616,-0.0249994409661864,-0.00741923005376998,-0.000439530692085061,-0.0561436751536351,-0.108538251830741,0.0209447822450788,0.0322434859759561,0.00710526296991894,-0.0156613296108731,-0.0283538289433601,-0.0117945616756039,0.233412644934518,0.189955220423672,0.157473684764326,0.123285746045726,0.0964958499357762,0.0684296751193582,0.0393338654247564,0.0112867712387189,47527.3655979603
"190",-0.150291714680774,-0.0444569271259922,-0.00486325874233064,0.107274836020579,0.0737725966998977,0.0916120087049398,0.0624090471825786,0.0189974836379334,0.694219656164044,-0.159969844326462,0.00196985532023243,0.17211579132692,0.488292084464913,0.649629175462472,0.811735952700048,0.9491476373613,0.280712311841099,1.10817860765278,0.945827335773664,0.751947046455179,0.465136977793182,0.299533398923925,0.16483157728373,0.0471442879288509,-0.0462358852146504,-0.072308196733995,-0.0655079542548864,-0.0547137096669376,-0.0405993750601948,-0.0190172107866709,-0.00963528115734225,-0.000258187995159972,-0.0992629417094011,-0.118849738597648,-0.0600646222879408,0.0168636079149605,0.0624104672276613,-0.0203551148162465,-0.00986634197965215,-0.0136066546977457,0.227110773207061,0.187940098470455,0.155865121254391,0.126419903266939,0.0976825947982983,0.0697889423936407,0.0399049869717101,0.0112724906847318,47531.8982318459
"191",-0.103157221348086,-0.0439109424916173,-0.0486972921145299,0.0714855736886908,0.110187787282158,0.0626902828882535,0.0588385009833813,0.016317760827288,1.45545225334948,0.0693077101392033,-0.036278052398416,0.17963000586623,0.477709089778162,0.674680401503815,0.808096598949026,0.94665165463994,-0.484531260042286,0.876494626234495,0.997042586046155,0.750768670466573,0.467907100392199,0.28257877911184,0.169575345513885,0.0506073966483729,-0.0713330065218136,-0.0585927020011423,-0.0685233980868832,-0.0562056996254158,-0.043459967163274,-0.0230034873715362,-0.0108821870878573,-0.000908010645265566,-0.158282814316206,-0.124820058116069,-0.0316851064862269,0.0552525203581361,0.031581227234779,0.00219693463416765,-0.00842305200886019,-0.0101499317499018,0.229706359023388,0.182907669891097,0.155063005450499,0.125186932003631,0.0976977238669698,0.0704957147402454,0.0396015576462082,0.0111400784183156,47527.2827625695
"192",-0.0957386686295056,-0.0248707573107033,-0.0570373859740735,0.0909929061811731,0.112876392479437,0.057944505194584,0.0568880072136937,0.0187775649399799,1.57768882538741,-0.0891810054153809,0.00135171158025614,0.19962332602178,0.465965038102456,0.665081808154862,0.804079553615363,0.948271164785088,-0.620449336607489,1.03098718596753,0.961313389127069,0.728587241856626,0.476271273683197,0.291886878138328,0.174334169613403,0.0483751352154197,-0.0453446272649915,-0.0625129164400793,-0.0610033400880429,-0.074623091098365,-0.0273102408386258,-0.0270325287283464,-0.00609308987895084,-0.000377538718036204,-0.108601393605825,-0.129789245408702,-0.0251644619577081,0.0497596886762331,0.0237114001973361,0.0263028718803097,-0.0157898214053077,-0.0140823535118852,0.227721863091623,0.18536997244879,0.156760820365151,0.126622808920859,0.0961031320339985,0.0684071672220984,0.038907412274908,0.0115322881275563,47531.3796549839
"193",-0.130454522223212,-0.00796104351547548,-0.0386181129485413,0.117477222598404,0.0719735547995662,0.0752031050453817,0.0549129876788013,0.0162546137294744,1.66164970127192,-0.000261503624942084,-0.0424177638947807,0.168910137472208,0.499736733980088,0.666152226127424,0.809942031649874,0.946077281038189,-0.701939888628115,0.944309620649292,1.00034616205083,0.755540046043438,0.45269041930169,0.288059559149204,0.168671488847234,0.0510274545766332,-0.0518430284272731,-0.0628225271263427,-0.076113241330815,-0.0565641262885584,-0.0395880396921977,-0.0229988966464439,-0.00719555030043003,-0.000825950032149506,-0.0493926245116197,-0.176934959147121,-0.0238997235385293,-0.00742812044442484,0.0562953960351638,-0.00238543473358468,-0.00922784382112557,-0.00749360412922374,0.23166830710874,0.185866446568043,0.158711922538019,0.123862749460382,0.0970964301082098,0.0679291187667263,0.0396971003935317,0.0114981026189404,47529.6455250198
"194",-0.164952349298784,-0.0127394035815955,-0.0306273628345731,0.0819580455678623,0.0975501892686378,0.0870983322873569,0.0699543676492301,0.0151957111921251,0.640559397181832,-0.121761929190922,-0.0591553021031713,0.195896668466037,0.480160689827154,0.664440914925551,0.806867667692326,0.947911490610119,0.329122734143057,1.05218277133598,1.01672952736441,0.736840717127032,0.466635395016385,0.289071831873518,0.16941904897376,0.0495808078027068,-0.0398637021126711,-0.065142196981591,-0.0603119635895345,-0.0661731577113287,-0.0289140978002175,-0.0269584051286086,-0.0073754835030804,-0.000412406863550371,-0.0494116896205574,-0.0923047932723607,-0.0661269756435007,0.0296943019300136,0.0301293863798217,-0.0275954855021608,-0.0333643061915237,-0.00938037959746483,0.23137981311854,0.188119590043493,0.158323868725188,0.125442400675059,0.0987043739058371,0.0698934544604148,0.0402312828941658,0.0115724240226083,47529.3499282242
"195",-0.127793242895969,-0.0512068484538613,-0.0420616229530195,0.0731141645844079,0.101760293506964,0.0837081143727329,0.0646952613990047,0.0174046277803845,0.949183725067061,-0.075396052034964,-0.100194460250472,0.230031754918542,0.48318254238261,0.630512479456057,0.809256369123345,0.945307189135871,0.013570064740074,1.02678686216397,1.05804189392739,0.700329855201256,0.463930452903827,0.319220455142116,0.167020903093955,0.0517429757171075,-0.0564806523163722,-0.07085416923294,-0.0720690135652854,-0.0650242026098551,-0.0373338824054686,-0.0181899231602868,-0.00406073620949994,-0.000821100297076346,-0.0447236741392382,-0.130990167465527,-0.00254074791904596,0.051657485903503,0.029534096636348,0.0056962515947717,-0.0248689924097328,-0.0102797799799078,0.225382090049395,0.18731976009595,0.159200718971729,0.123323921727133,0.0984487620966136,0.068660051651299,0.0394705646965698,0.0114690445318908,47531.1470760633
"196",-0.075316628576383,-0.0386807080815353,-0.0490156780406713,0.101383407134897,0.0974579521305523,0.071862030930837,0.0587178886044531,0.017090933028153,-0.784863805424396,-0.137797014434378,0.00759427045158597,0.207628073925032,0.499166059179147,0.65726057770347,0.811047293200702,0.948940016625581,1.73743132315319,1.08211211632567,0.952581793309197,0.723730369526563,0.449915703403471,0.297226863721285,0.167534850569836,0.0479456590156065,-0.0345872691352534,-0.0710454153140625,-0.0700727924852823,-0.0690464151204364,-0.0344069020607686,-0.0239974394441669,-0.00765189223881176,-0.00067114445450331,-0.137804020337194,-0.117255373302045,-0.0285416565654644,-0.0140312087995927,0.0143778121553465,0.00676707267553172,-0.0159738925168903,-0.01127894970778,0.227655565438425,0.186086091869082,0.154462200817396,0.12511657319395,0.0968092630567249,0.0696081220052231,0.0403277356864638,0.0114372480097477,47538.8573531832
"197",-0.186035889655136,-0.0486387796137346,-0.040724333774378,0.0899346105345133,0.0866956542890216,0.0788776343978549,0.0659613528027108,0.0167921110799906,0.841089013700843,-0.0718663617628673,-0.0447581672200546,0.206321668112097,0.489918013430367,0.666412755499426,0.803161236555468,0.949036337274747,0.143623401590488,1.01292313193866,1.00897391400411,0.726630590927016,0.459818228287656,0.287541506569483,0.173623328652735,0.0478038320714554,-0.0634395066132872,-0.0637223545627052,-0.0644793249380751,-0.0738927154133626,-0.0442944777308066,-0.0293621535771668,-0.0118432768977939,-0.000838842841561706,-0.0663030579419086,-0.0634916188788538,-0.078470132780719,0.0119677566000321,0.0534643329586192,-0.0065618210306376,-0.0160399269485124,-0.00972633021650665,0.229540305153686,0.189790806095754,0.156944441308855,0.129256992292982,0.0984034527539235,0.0695294625487808,0.0401218411013791,0.011343530241574,47528.7454867053
"198",-0.200055615032102,-0.0450194287749739,-0.0438964065785182,0.0906215580897113,0.104496141143343,0.0699659564287816,0.055655430950312,0.0166023690877742,0.482809833003864,-0.03382953425397,0.0421843594137924,0.255035585329823,0.5020043410529,0.671616872983512,0.811690775901116,0.946801844077386,0.500548858465899,0.974710736185681,0.915193935239069,0.678481446318787,0.444960644210214,0.282787872198281,0.167068479497047,0.0497029048677161,-0.0532175405037826,-0.0560073770359616,-0.0592395209145636,-0.0683056898066639,-0.0360644297321972,-0.025636544064723,-0.00650613035656461,-0.00049029743215057,-0.0276266835316681,-0.0796488808984207,-0.0273518736394225,-0.0129183823645442,0.00521958557605376,0.00429171641308593,-0.0129297757158869,-0.0064915656604073,0.225455291985563,0.187995427647443,0.157647776467739,0.122029113898105,0.097387189636227,0.0697492978453886,0.0404358036311833,0.0114132470622099,47529.4118202766
"199",-0.117439265213986,-0.0279789033728501,-0.0255256570339269,0.0960684175697371,0.100406565804906,0.0665033809351281,0.0605059978279654,0.0175240302909231,-0.940599234941415,-0.119330255662695,0.00361400237983694,0.194285173111982,0.494316347791454,0.657958960213968,0.809401649388873,0.949974077348195,1.90436787034292,1.05661029868298,0.955586435841783,0.734566269150497,0.452389866635656,0.298528543677435,0.168276338695254,0.0466285011385741,-0.0556590823401457,-0.0677739886910161,-0.069622209298471,-0.0726968723943461,-0.0361996013961831,-0.0224795635438508,-0.00938718859507469,-0.00126231200020844,-0.0933003557596315,-0.0929952686803084,-0.0667397733172612,0.0303529888271975,0.0326969015703462,-0.00298658216864044,-0.0155120465691375,-0.010879404465486,0.225710489988256,0.183664437559261,0.159533473192004,0.124663361779257,0.0950066417466702,0.0713387704463039,0.0404924531532139,0.0112367364742015,47534.4412187751
"200",-0.125599465613244,-0.0587440886780258,-0.0446308515476592,0.0937819579287527,0.0693971344934245,0.0806678632047495,0.0531292962994395,0.0178672921138249,0.740302130623473,-0.133640025519503,-0.017938350571348,0.209752485913688,0.488686336701976,0.66416548969614,0.812895832016409,0.947616960158786,0.229535925255428,1.08766809030995,0.97848109763362,0.717863647679036,0.467398177543815,0.288760266009789,0.166571688347942,0.0489165520359829,-0.065858597524027,-0.073662822512886,-0.0786314850678789,-0.0603744873040368,-0.0371568924162749,-0.0245551064814242,-0.0113859056053595,-0.000825728394852455,-0.105081817858075,-0.117119772543553,-0.0351258588948013,0.0287890326926654,0.052252838107038,-0.0123915985644756,-0.00812590060830448,-0.00960144853000488,0.22305514711247,0.18354525802019,0.157457123499171,0.12791105629611,0.0982224791404244,0.0679640550622692,0.0399328735186943,0.0115249959671601,47537.5161558687
"201",-0.180923069276375,-0.0183356929899749,-0.066251702689779,0.0860890689268295,0.0934551932731808,0.0701795075400866,0.0488467902017358,0.016939299307474,1.00040429423487,-0.0899262712065634,0.106436436289301,0.205409708885324,0.503455369393961,0.666113491132196,0.807286603476532,0.947274694317019,-0.0235402926678975,1.03400387348981,0.857151384362743,0.726445969788147,0.439995948434366,0.28711772526217,0.17241317321705,0.0499198836558853,-0.0650318562093257,-0.0651095220793991,-0.0661572009710876,-0.0683539378415782,-0.0343071983838915,-0.0262918371202588,-0.00731719562045001,2.08038624718855e-05,-0.0214121009747199,-0.153320143089288,-0.041022356769977,0.0280126757241693,0.0539724313979207,0.00841460249815354,-0.000657900502444129,-0.0128894945643105,0.230833375271974,0.187887446194841,0.15971980660972,0.125220813405655,0.097051587917795,0.067515084502029,0.0395959621774779,0.0113057019281945,47527.6613924731
"202",-0.134711075121082,-0.0421290181676062,-0.00168493095346143,0.0761799389348276,0.0763552071738835,0.0799898748357548,0.0596678388129348,0.0173469358426973,0.233647897169973,-0.055141507814401,-0.0213240127953097,0.201686896850817,0.503512913309324,0.642204714573138,0.811755911773025,0.94840568452978,0.739109222965628,0.996853047386918,0.97197240139263,0.732363897288803,0.448144408928947,0.311380853639179,0.166630286329261,0.048447124776849,-0.049031778497261,-0.0569361319467415,-0.0602813987864009,-0.0694632601499068,-0.0370806336674364,-0.0246151098952305,-0.011246159084951,-0.000815783202864779,-0.116545067521365,-0.0939819955552967,-0.0788954107034092,0.0395196729468846,0.0529722340545466,-0.0101300596348103,-0.0149366984992937,-0.0104486103428564,0.22870788758313,0.18361747239972,0.157328474516222,0.123882700173775,0.0976747881905228,0.0689824884855476,0.0401063037187961,0.011201264200475,47542.0076001081
"203",-0.100784899341132,-0.0421572278767143,-0.0226512176361917,0.100760498599854,0.109174249841347,0.0752996103070953,0.0558575649269075,0.018040914778073,0.42035738270061,-0.0710142955217031,0.00700021483370316,0.20021870190346,0.471400026591197,0.663680818871072,0.807207870404048,0.949545366983269,0.543420093417107,1.01933508939283,0.949508369752753,0.72614996037938,0.475051480063816,0.289079811592192,0.172477362583917,0.0472840184356004,-0.0610348825853496,-0.0698955057441798,-0.0610936804799744,-0.0656031912379166,-0.0365364927214479,-0.0232452254887946,-0.0074849767828279,-0.00148934105867338,-0.122543160768222,-0.119321604086147,-0.079566826284312,0.0174806438925954,0.00962451963687092,0.00103282183744377,-0.0169769910290595,-0.0122553380809995,0.23002663505644,0.189068315255789,0.157074005097662,0.122216399094996,0.0975593622983838,0.0696721946925394,0.0399372266604053,0.0113607418296664,47541.8624876464
"204",-0.0848309295919576,-0.0404393663213297,-0.116104724214518,0.077381526968213,0.109286593727873,0.0724491615547403,0.0618711858180991,0.0167232569749406,0.191479831569278,-0.160027942632936,0.00944852432715438,0.198367646122798,0.456668497194703,0.651269040010935,0.806452825410552,0.947535041866109,0.768722666339685,1.10564459749689,0.964672412471269,0.731296892695784,0.487084683463465,0.304450470954256,0.169439488638736,0.0495301402179639,-0.0477964825906855,-0.0630181178475897,-0.0666674958062753,-0.0622014152669275,-0.0305956331745942,-0.0237092627491,-0.00778822641143159,-0.000242900650109617,-0.13834961512097,-0.100060481749371,0.0292832696781766,0.0588618189931283,0.0337036108096734,-0.00411495230465737,-0.00787292761684322,-0.0108307098852255,0.231246515221604,0.184739896461992,0.157178311018447,0.128193904142699,0.0965186809479879,0.0693120766517043,0.0396608636786213,0.0110571532203236,47532.0561782117
"205",-0.117282847894658,-0.0591207974170502,-0.081906484078836,0.0656840841712704,0.0820220797667004,0.0676653921438902,0.0508674369315522,0.0194724370239058,1.08542375467739,-0.0909859443741911,0.011296471702094,0.220169258563378,0.4977291837163,0.656311186935103,0.810090555121889,0.948031442070547,-0.125809897692398,1.03832211029554,0.952799898639738,0.714047413465297,0.455004788617601,0.299225624415333,0.169243521623928,0.0479090096723527,-0.0644702394630442,-0.0754336953997485,-0.0654885903402629,-0.0760349363205521,-0.0410084972797475,-0.0196568302745918,-0.0087492768110895,-0.00117428447564462,-0.0620846397759543,-0.077897003609397,0.0219996278655362,0.0657049726951843,0.0410147337385414,-0.0040860407323643,-0.00425655193497497,-0.0100453256083995,0.230133934998918,0.187679171937141,0.156084333995256,0.125380617150642,0.0993491349208297,0.068465653009213,0.0391547734492549,0.0113121105344282,47532.6088470878
"206",-0.162038299798071,-0.0464686517919809,-0.0695522700587029,0.0573685396066825,0.0946873145221058,0.0813975221805519,0.0663319410428346,0.0165380154434278,1.13677899808792,-0.0320680740681035,-0.0167398085516834,0.26852780929181,0.470465587503034,0.661093425266688,0.807742685842097,0.948973198985771,-0.165820777374993,0.985013002194893,0.978736661967411,0.671237990365071,0.477451539341752,0.287493515966155,0.168739515104689,0.0479254755594227,-0.0507808311846294,-0.0661278978881716,-0.0566171096457731,-0.0660866540622658,-0.0376558437181556,-0.0252101212296592,-0.00647338537595462,-0.00140397538466327,-0.0558731277593477,-0.146844944211382,-0.00256710606497755,0.028122791473966,0.0461600607601945,0.0154970565659963,-0.0241901315760019,-0.00870653295891846,0.229228260937927,0.183582881944706,0.154390797851055,0.126933021293451,0.097709905396298,0.0720639993431529,0.0393198253732857,0.0114126003213914,47530.2521740792
"207",-0.0967968953760613,0.00202540689157578,-0.0679038632849024,0.0506652132965571,0.0796587603191293,0.0626349338443399,0.0699807188041412,0.0180891210118503,1.05766809580815,-0.0520889144584554,-0.0145902309952117,0.227117226459714,0.503757700589214,0.661579679247098,0.808963371439252,0.946290172501583,-0.0992728799443697,0.989661878161536,0.974432358238594,0.709385521556095,0.448603484652311,0.294427326173054,0.166677862281723,0.0505883194833637,-0.0447802961265932,-0.0629884391425339,-0.0653507722786364,-0.0740317376433405,-0.0312400650377547,-0.0247418117809771,-0.00558582508644818,-0.00104809756763122,-0.120237882252653,-0.1621021191087,0.0188150328178764,0.0782674618192894,0.0329612902689229,0.00899571788955175,-0.0289638101149866,-0.0108987153689182,0.231060940979148,0.183812248853404,0.157838994539483,0.128176018759328,0.0970165839884282,0.06946475076562,0.039623308594908,0.011440874850143,47536.7218938527
"208",-0.109583987108225,-0.0321707370826093,-0.0561791327744827,0.0871758505533628,0.102424727553832,0.066864880214183,0.0572493163003069,0.0169895527215033,-0.0379506350074267,-0.145945695771059,0.0270546912668082,0.212110605190195,0.475069292667049,0.65448776519816,0.807094131839043,0.946604605732994,1.0039331488714,1.08793459387805,0.93513353824132,0.716982267445092,0.470611211607902,0.301777984573266,0.172067599119961,0.0505620905825156,-0.0678657871792676,-0.0595544143568556,-0.0699545714111336,-0.0568707855190779,-0.0311472184843274,-0.0202051639589135,-0.00838778299711416,-0.000996641381244548,-0.103595486497379,-0.10521970514208,-0.0177895650306071,0.0196018133771725,0.0378654210266859,0.00396330551375735,-0.0141243199954175,-0.0104926093121646,0.23428931709001,0.186231694336652,0.16227278290138,0.125815114301148,0.0969216604395133,0.0689338583262464,0.0401163260412293,0.0115599404422,47537.8206158178
"209",-0.13171372533485,-0.0293852471497219,-0.0110700078434439,0.0897274866263369,0.127490883052808,0.0742456942788436,0.0670345806686678,0.0176558983121366,0.0124131281805629,-0.0618205809553889,0.0764104305376911,0.211910181446862,0.489218446279776,0.656559403230105,0.815179269410973,0.946948277411802,0.953587828368986,1.00533525240534,0.873989680964636,0.713739935524015,0.454858970077734,0.298732430912768,0.160854708467622,0.0497791627516379,-0.0496689908014717,-0.0670170555983017,-0.0601608158566683,-0.0567689051512525,-0.0407836993667896,-0.0229483877237092,-0.009350042239825,-0.00116740877634946,-0.0877975060462548,-0.119265632926557,-0.0740995255691923,0.0370905747358432,-0.0180403723820168,-0.0142176080709698,-0.0257056787226537,-0.0106156325813389,0.229745437678438,0.187234654204746,0.15392802176471,0.125030721766598,0.0992147774166211,0.069172163064635,0.039144070808334,0.0112839899509809,47529.3391164099
"210",-0.14009551562317,-0.0479067229813684,-0.046301996137501,0.097172747380164,0.0757928077083881,0.078732750106147,0.0539722635404271,0.0174002260421962,-0.727941871940676,-0.15603762740036,-0.014431288369186,0.230667666302723,0.505940210346255,0.666228995566684,0.807579346216422,0.946716443732649,1.69682010498733,1.10578593454254,0.976878102422575,0.695304680236577,0.447818270763181,0.288672293674628,0.171247784292219,0.0504411768183441,-0.0469215678783285,-0.0671592713656424,-0.0635916582255371,-0.053756152194596,-0.039062868586941,-0.0273845287040225,-0.00672536502520252,-0.00139694398139152,-0.0916071677410993,-0.134093793267434,-0.0521831023399696,0.00309545959121475,0.0464255499441281,-0.0157876693606231,-0.00872398897866666,-0.0109572387378613,0.231644631707176,0.187259287403647,0.155080043038585,0.125086947470116,0.0963282170218556,0.0678477469749851,0.0394430160164787,0.0117431388954623,47535.5918248289
"211",-0.175416538414316,-0.0404237951357682,-0.0743780416163223,0.0828488740459492,0.0655769431033191,0.0671070263053951,0.0665514948630224,0.0194636223220401,-0.809778116524059,-0.113620957527043,-0.028606993060015,0.22653337736329,0.537584960559922,0.66406165708718,0.80130300546875,0.946714971057395,1.7812316717183,1.06104364992757,0.989782077833517,0.700961613434501,0.418696679180785,0.291729181516315,0.174698745300197,0.0496699758670525,-0.0441916876743544,-0.0596039520982156,-0.0596515668491248,-0.0636000994494438,-0.04841375979463,-0.0233687480951308,-0.00586242438232639,-0.000710162278729268,-0.0253709395176311,-0.138385734017326,0.00570019339948853,0.0503917430084423,0.050347580835637,0.00393796008104134,-0.0175769757474223,-0.0126515175079924,0.234804486279532,0.186947739745576,0.157714813325955,0.125137356654563,0.0990984408902209,0.0682499322551345,0.0397279940183817,0.0112785388925443,47529.8728726563
"212",-0.142807884538043,-0.0159811222366915,-0.0322748914366417,0.0962680902590177,0.100106169213865,0.0700923545997801,0.0540065386780813,0.018995484267739,-0.719630284868814,-0.0729163845746875,0.0146378314822435,0.20790720154519,0.464401607844446,0.66043301790605,0.809973529765985,0.949338397699471,1.69506446657725,1.01369121236063,0.943223164213101,0.724126300322057,0.482866380348408,0.292334033211266,0.169437143815338,0.0473754189067152,-0.0608506163890346,-0.070753272551881,-0.0730806739869745,-0.0663926202105441,-0.0336798483091934,-0.0252132173650176,-0.00877446996864672,-0.00123106443778533,-0.110251642607509,-0.145788287010113,-0.0436314988488371,0.00168290975985103,0.0456042548601246,0.0137838393172922,-0.0104920427343638,-0.0137794521272687,0.2259662518548,0.18501663291715,0.157877690133648,0.126921114056287,0.0978070045717198,0.0690918691830308,0.0395127494682494,0.0117736535209192,47535.9613769974
"213",-0.129883623571695,-0.0249824754313441,-0.0344775213404554,0.0923727946798685,0.108910114853196,0.0756613238139571,0.0569247050195794,0.0181968210075222,1.34300026472508,-0.0514853676853801,-0.0157830888826445,0.233863068898431,0.489739534220983,0.667610747793143,0.810738051873398,0.947717762428257,-0.375151411408059,0.989861207551187,0.968168642789139,0.69772304553153,0.456561183274161,0.285625814027196,0.167746208517469,0.048971821009686,-0.0470482082227139,-0.0665697841661309,-0.0680335937590855,-0.0697171493979017,-0.0342612201824366,-0.0237851433646926,-0.00755016546859788,-0.00077312469735295,-0.121595266081146,-0.0873791560165713,-0.0165929640195275,0.00746461424962029,0.0194889468966134,-0.00488959483687992,-0.0150577750072716,-0.0118508892974501,0.227889729858027,0.182670054067298,0.159886025674011,0.125867821210807,0.0964598694615961,0.0667333300062717,0.0400189998276362,0.0116973510622136,47534.8310405301
"214",-0.139330023442163,-0.0638003949387048,-0.0694789696961374,0.0783152731302334,0.114394868681554,0.0738710842664975,0.0504148659813699,0.016240753193457,1.15315881649341,-0.104292344849564,-0.0495274153126579,0.235839730229305,0.455336765313217,0.665077817998897,0.808058549613845,0.949254816733898,-0.181176420899831,1.05811296590326,1.01073377292406,0.697778326872007,0.493608600686641,0.288334144863894,0.171732034336355,0.0478262023470361,-0.0542394726403315,-0.0665024075561864,-0.0703723103411029,-0.0586100531187136,-0.0401576876450812,-0.0252735779499152,-0.00854981283575299,-0.00178080707572028,-0.0920798145260289,-0.114002390178923,0.0216837573453861,0.0119160070821365,0.01259094586661,-0.00251231534986775,-0.00570462823250619,-0.00872007545414035,0.224056378823837,0.187315994525213,0.154654336579344,0.124329030675727,0.0967095960320585,0.0682784309926096,0.0400142097390848,0.0113202093793024,47533.6477068867
"215",-0.127547994022216,-0.0106187670677827,-0.0630932067942129,0.107814027176243,0.0942586698572091,0.0714540224589627,0.0684984748221517,0.0175906736629948,0.31799835204599,-0.183015069290021,0.020286159127277,0.197003245126958,0.484194851917233,0.674712526596095,0.801419035685787,0.949836429265994,0.653006395278544,1.12364623417731,0.936239650265434,0.734673844752828,0.463297986798488,0.278557647824405,0.174020027573466,0.0468577043449254,-0.0474342009013637,-0.0743205053279856,-0.056111651187797,-0.0703166782016809,-0.0425698363141758,-0.0284883827442402,-0.00618071978335088,-0.000947841467072695,-0.121654352122164,-0.132787040833607,0.00615517626565213,-0.0200614683683227,0.0497767860951777,0.00954589315144569,-0.0222801890498569,-0.011178620965534,0.231465110661117,0.184399793428751,0.155505803063726,0.126699605088484,0.0967916210831513,0.0668778492393856,0.0407698745896697,0.0112938859478886,47529.2402730223
"216",-0.10018239804702,-0.0331784470462232,-0.0399513907311536,0.0746385729418284,0.0852956674386429,0.0796383913471515,0.0544640282851649,0.0185492212960187,-0.461381431638891,-0.0442812442772509,-0.0487693155787553,0.226531382047766,0.478899927237477,0.654404086592935,0.813095127746357,0.948642908449041,1.42273953087981,0.982881645992027,1.00154929689421,0.709721550478522,0.470919794810646,0.296935499917075,0.164867946396142,0.048157564942662,-0.0641642670410305,-0.0595566752452297,-0.064594938099776,-0.0664204128222645,-0.0369262231394307,-0.0217245169243806,-0.00731992759738314,-0.000984353746996618,-0.10125158258577,-0.0874810479121324,0.000127415998840515,0.017225857302051,0.0526135912910257,-0.00242849135294235,-0.00616534028846491,-0.0132972877153558,0.228701915885673,0.182994487532234,0.15611352244204,0.127449696199686,0.0956108715219487,0.0692052116186279,0.0398505044915082,0.011379351583782,47542.5026844146
"217",-0.147860796874045,-0.0843055107446389,-0.0374737717433606,0.0891334933252845,0.110973303601657,0.0782527073663794,0.066923366399938,0.0191597473107579,1.58518024224841,-0.0475110072903701,-0.00484445218276622,0.249506604835697,0.479185849050445,0.653640099830031,0.807047540258178,0.946483325810605,-0.610953814155217,1.00652897077649,0.959998993136201,0.684234338112934,0.469956345687335,0.299627396300245,0.170435625703743,0.0503048520883323,-0.0661187588380349,-0.0559124990010212,-0.0694919588513512,-0.0552406480074824,-0.0412428790586941,-0.0194532779685066,-0.00850939118990147,-2.75843785485425e-05,-0.0736361369979281,-0.124280163298844,-0.0225940015540354,-0.0237267460811589,0.00159388343712066,-0.0102026488611005,-0.0276356762384274,-0.0151283108862393,0.226753352793877,0.18323780760982,0.155621190198528,0.123691274033651,0.097914628146198,0.0707087390761308,0.0403757423576594,0.0113500659625139,47529.5842292363
"218",-0.110430360163494,-0.0313396094708849,-0.0452953014035052,0.0886234822322047,0.0914808094079808,0.076211772513655,0.0515444445270555,0.0187874010440297,-0.0129822279040731,-0.0777564146715294,0.0404963643377403,0.202060674409287,0.507775361384944,0.647741983502789,0.813469862067962,0.946004454318345,0.96955689744106,1.01631774874091,0.920741179318262,0.724387554437196,0.44274644321445,0.308404845244144,0.164792776613672,0.0506420179406806,-0.0556596586249572,-0.0654739839718009,-0.0635054210429221,-0.0596098134309531,-0.0349528305186622,-0.0241457106878118,-0.0054942635747067,-0.00069280512736451,-0.0593419448326048,-0.087400926782984,-0.0561232528781043,0.0436251635055952,0.0201292054712895,-0.0167618423804065,-0.00545745014907926,-0.0120679736897754,0.228819863241625,0.183584524449403,0.158955802420917,0.125799239850655,0.0993914667196944,0.0695732782608097,0.0391153643026951,0.0112954528568423,47538.2135720477
"219",-0.103066166016309,-0.0546734417593659,-0.0255267324016871,0.0957416632572094,0.0813657913920839,0.0708242750779445,0.0591993918743744,0.0173741222353523,-0.015816768496546,-0.133034276114166,0.0558671653035508,0.231534589645563,0.49143817759941,0.655932944913435,0.797362105166252,0.948559037098195,0.98223622748403,1.0886847666119,0.895489147399588,0.699007176329815,0.46111782211603,0.301937766467801,0.180561256401622,0.0482520892790718,-0.0717036991835609,-0.071595912978372,-0.0636038997974367,-0.0647527344363843,-0.0419948911118636,-0.0258581594265055,-0.00708290982926196,-0.00102684596385205,-0.1122914709336,-0.131420927223086,-0.0385523517183637,0.00447804816217414,0.0463885420939255,-0.014082428655304,-0.00636861090060163,-0.0111473639881082,0.227000172868583,0.182554221593445,0.156308133669203,0.127524794168658,0.0973941973521222,0.0704803168458143,0.0401293531001882,0.0116772461337258,47534.5851687141
"220",-0.149965494916294,-0.0334056467913877,-0.00615201389038347,0.0995189275222486,0.106165407069988,0.0730913841348352,0.0701215805844552,0.0176349467987766,0.161168822085,-0.0866294781503443,-0.0190960934477636,0.174094241712383,0.48410350550009,0.667806165258253,0.810138830325612,0.94910190952358,0.809956561582873,1.03779773018845,0.967884759686849,0.754437515413497,0.461759676595389,0.287884972903023,0.165743806762235,0.0474560129081551,-0.046901085999365,-0.0780146001635209,-0.0628922973784489,-0.0651095185971142,-0.0339448179382745,-0.0239227564133555,-0.00881835976324488,-0.00050768986873903,-0.0737488473351773,-0.158251243003676,-0.0593355896385938,0.0138883428490762,0.0222836051961903,-0.0158776996345238,-0.0250539722940429,-0.0112983987433172,0.224957784535817,0.184068900468341,0.158871222221886,0.124313440000132,0.0986519538201493,0.0692461555870047,0.0394842435389723,0.0115581717290881,47537.0169238859
"221",-0.0919488847709055,-0.0295611037959578,-0.0270887703011475,0.0933921380888335,0.0896896115132026,0.0778077253617449,0.0534384270202016,0.0197220377520261,0.218109270646121,-0.230812702809925,-0.00635703570048523,0.225556901804747,0.491915339248636,0.658444073051882,0.810644654404788,0.945689452749336,0.739007482886669,1.18072464595881,0.96809806140915,0.700041716912225,0.456814882181415,0.294819462649308,0.16848551589924,0.0507692355884202,-0.0598498238469964,-0.0687878163882801,-0.0649438160504145,-0.0572705647372085,-0.0375991041998279,-0.0257519802798284,-0.00943298228828267,-0.00102993019688403,-0.0996702982359012,-0.156091154051004,-0.091697633512612,0.0309906546777297,0.0362316089818023,0.000121334237034898,-0.00866091507456983,-0.0123891369514353,0.226935813389062,0.187163221190798,0.156038907087862,0.124965004809687,0.0974616526455615,0.0708148737677363,0.0392352015056324,0.0115772991318121,47537.0341353185
"222",-0.132680144637791,0.00236826191526822,-0.0705078371610485,0.0974794032051013,0.0889348497852156,0.0733545483887569,0.0626399098233997,0.0161014097150357,-0.539316139922047,-0.131825439976794,0.0230397392842632,0.194405373351967,0.506033851919731,0.657480019927315,0.805370175616407,0.949019373203638,1.50498180193802,1.07102494320272,0.941644606994322,0.737024968571368,0.444749783484286,0.297070351945504,0.173468029393925,0.047543277021616,-0.0575905200470169,-0.0669232985175107,-0.0646582578653061,-0.0715520305268323,-0.040488454686302,-0.0272699495800084,-0.00864196670317741,-0.000521543550506859,-0.0622582485104137,-0.167693427834195,-0.012014199430117,0.00696341548313325,0.0273861157815437,0.00350037454921754,-0.0250076161228404,-0.00666522453618908,0.227725784734457,0.188649271575445,0.157751743241654,0.127002021405503,0.0988203818465298,0.0696216726619818,0.039774940885586,0.0115229312164869,47539.2816883283
"223",-0.10634562542899,-0.0540152826075318,-0.0577138343253849,0.0543855378293429,0.110301042581325,0.0833458033170061,0.0654055943651753,0.0187972306989983,-0.148077910255828,-0.0389292718800683,0.0040705516249886,0.203064566090141,0.470135453795486,0.657308128974243,0.803516266005675,0.948196436493963,1.11324506807072,0.986353087644052,0.964156991413126,0.736109627777834,0.475545669065099,0.292378744473894,0.173030171452736,0.0483131963045987,-0.0665809566233254,-0.0555318112923744,-0.0683655350615329,-0.0658728513198078,-0.0382989855612398,-0.0265272035825771,-0.00792983413332055,-0.000475024647210742,-0.0995005648564568,-0.112053868363901,-0.066433420425924,0.0465497062395863,0.0356086159102224,0.00638871106109624,-0.0212869918298335,-0.0132166929479996,0.231943646451969,0.183791614577086,0.158391182824927,0.12378136260645,0.0969288896331009,0.0701054031178698,0.0405507574584851,0.0117390330173963,47531.3876851112
"224",-0.157725691453068,-0.0574083814391836,-0.0357991672767537,0.113195180178333,0.0915548770542627,0.0799825472181182,0.0616498638501407,0.0167160903906671,-0.51372517346984,-0.0116320008397832,0.0170222820961671,0.204914814156757,0.468285365186777,0.657665845580354,0.805969359987143,0.948202419845933,1.48391587383754,0.956520867292788,0.945625303195723,0.720558755043273,0.479143617504359,0.294598941222708,0.171755358100589,0.0488174558848586,-0.0507176776194306,-0.0703351946221844,-0.0577646698475415,-0.068243189510129,-0.0331228345290385,-0.0218726088397684,-0.00569447068366747,-0.00113080429022654,-0.0354935160001303,-0.0711809935318077,-0.0890901471342992,-8.58392747685795e-05,0.0557475035303476,-0.0094581481353847,-0.0208991469984874,-0.00961093583842849,0.227185629223917,0.186322195640902,0.157307689822605,0.122976419433965,0.09854693693392,0.0688065200024147,0.0399334795336488,0.0116419734930001,47537.4438846488
"225",-0.153444271400631,-0.0425642688744207,-0.0211928015365615,0.0807409857435929,0.102869171246675,0.0852540001874192,0.0572938988032781,0.016480000752784,-0.273182845409584,-0.113890510064659,-0.0474387529140037,0.225299747934192,0.474246585893991,0.651279355640653,0.806016924069429,0.949165304416051,1.24689397640123,1.06233303381599,0.999000512988093,0.705737450251835,0.475049481489627,0.297450146151711,0.173076638819872,0.0478522774447382,-0.0608321933289865,-0.0622375364561012,-0.0625673798983127,-0.0620455864551766,-0.030752916658764,-0.0252006161953624,-0.0110037781887409,-0.000488500261445951,-0.0569709258225757,-0.13546440720866,-0.0439648467449122,0.031824382182357,0.00339810765546988,-0.000817573956631718,-0.0116317871611373,-0.0109210709599632,0.224115998473735,0.185490464914148,0.158201713088641,0.12567143628856,0.0991962650572407,0.069661494994765,0.0396772475435382,0.0113437828455813,47535.9630784193
"226",-0.0874016554579872,-0.0398233761456791,-0.0561103137100592,0.09914734757452,0.0925035280826897,0.073020149914284,0.0588293493465522,0.0159470539962316,-0.743510215040895,-0.0823752033071498,0.0262273688957645,0.212276995619435,0.495850143598055,0.657761596617832,0.810024756521508,0.948928251232719,1.69790837350028,1.03206041775043,0.93764156773639,0.720030488699475,0.453391539645027,0.295967062588386,0.16771399187693,0.0485445049815366,-0.0329324099887011,-0.0694426394873803,-0.0694541590819434,-0.0678365129218124,-0.0336400122898812,-0.0229001660973198,-0.00930308879504474,-0.00116415318721544,-0.147073804087529,-0.120745476209508,-0.0333432984015692,-0.00791620070192858,0.0194913162326371,0.00871699747650193,-0.0139616578783968,-0.0113940818075138,0.228196029969009,0.183676486098661,0.153956878242906,0.125312071667361,0.0968942139842492,0.0696365364230626,0.0402071348226838,0.0114335596929303,47535.442116919
"227",-0.100444358002024,-0.0125053675323666,-0.0689037204867598,0.0592659302099127,0.0920089017362517,0.0693902744874425,0.062636426723211,0.0173012238291734,0.464393042624433,-0.171090379176587,0.0253852141813528,0.219262604448563,0.505265618602644,0.666989624253837,0.808117666164418,0.946790558823818,0.494764289275133,1.11284163261495,0.938364015022405,0.714300832403365,0.443828413856885,0.290282791701704,0.16886143491968,0.05060370314866,-0.0358808362748238,-0.0573093950069012,-0.0568932169452289,-0.0645289665850831,-0.0360441235737088,-0.0265185554734292,-0.00557056365024688,-0.000341166524156537,-0.110626864142781,-0.161375773203549,-0.0342643728316568,0.0692275181849085,0.020642721694804,-0.00988794470725822,-0.021260955627725,-0.0132923931144744,0.227760444092832,0.185135650435047,0.156640497735774,0.125903468762772,0.0974336209153108,0.0705079946051863,0.0394180482850122,0.0111653382748992,47536.4919863407
"228",-0.13040096111115,-0.0201372289772538,-0.0183683409671996,0.107814751537739,0.069620539655992,0.0899460234159431,0.0584665217140307,0.0177360231033226,0.569830868204169,-0.0391847909727702,-0.0205396657697256,0.168186253845882,0.511603240121044,0.654024751866007,0.811110498208105,0.945719470582053,0.39781299685784,0.983377290937164,0.972268227813569,0.757864487073505,0.440988270074256,0.29467335535028,0.167884994348702,0.0511917619427605,-0.053664967386475,-0.084908477320674,-0.0567243484542792,-0.05357541918865,-0.0390198372794705,-0.0220560608603974,-0.00704405261301755,-0.000780351967663235,-0.0958161045717795,-0.125122571401422,-0.0654923657476708,0.00734431705177024,0.0630489408052139,-0.0122639364605196,-0.0226329615925692,-0.0092584160310132,0.225897206157652,0.184985791507125,0.157465253429745,0.127035894535996,0.0977686166574768,0.069299090534241,0.0404169270640859,0.0116052557532142,47532.5379979274
"229",-0.118314220868505,-0.0121568082669778,-0.0958810166273065,0.0928674852035516,0.0873971184832353,0.0720246442320155,0.057852878858148,0.0179023669193858,1.96175257648505,0.00755027876468041,0.0010645653504265,0.226995036498257,0.508876695829735,0.658418371346291,0.808010052738756,0.948190907391395,-0.994065567381216,0.928790849655926,0.966623827972852,0.701927548497974,0.439372083393108,0.297153263329917,0.169520883023346,0.0482611821205092,-0.0393389513922274,-0.0605743607028449,-0.0593733673024378,-0.0580305920299145,-0.0400383901067096,-0.0257961076224962,-0.00648480799164069,-0.000548637922850548,-0.111920756719744,-0.141745917925403,0.02556804390572,0.00920688868883718,0.0483637651017236,-0.0014978620280985,-0.0127984198945375,-0.0101393108487838,0.229478616122872,0.185684347501525,0.158297968388916,0.127683466545684,0.0987652894353818,0.0698831370631163,0.0390451642714735,0.0114865464199642,47532.970045759
"230",-0.0919302780336825,-5.57946427128688e-05,-0.0426475145508742,0.0640631482577547,0.0892649324791425,0.0587777442491284,0.0699019737559376,0.0180033072392359,1.36578294060862,-0.0658192548504989,0.0605916662947907,0.228453761443422,0.504858539899562,0.667043427982421,0.80148819258257,0.948701005439546,-0.400738639647853,1.00264838278341,0.895869009014399,0.703485824644051,0.446424411012359,0.289707062738809,0.173347754962327,0.0482302971907439,-0.0798836139680237,-0.0618607847380547,-0.0641116247315504,-0.0735320265935382,-0.0374315112346643,-0.0243272694707885,-0.00495714188836696,-0.000688790535510559,-0.14152377972668,-0.156705442132114,-0.029003895458656,0.0714220188720153,0.0286125312704166,0.0155066082217527,-0.0219349187360173,-0.012769083105147,0.229018948974185,0.184953294550177,0.156858552300476,0.124516482616267,0.099367384564052,0.0710112323062165,0.0394633541640322,0.0112351040432681,47529.6852031573
"231",-0.0832136461664121,-0.0470048922717976,-0.0530115713109204,0.120439697956894,0.088592059535232,0.0567529465275238,0.0658595300487739,0.0191008243199172,0.680701710977408,-0.182525540865901,-0.00645874245335033,0.176461136312327,0.503277348141088,0.65487415663532,0.805944476869807,0.946659031364488,0.280012519119394,1.12274678795395,0.966836432582053,0.748134175266488,0.446049762167565,0.299768346277699,0.170976767286368,0.0499695395281292,-0.0529726115784023,-0.0607314869417902,-0.0660696472573035,-0.0747856039359004,-0.0393078455204428,-0.0228241836948359,-0.00839491803284357,-0.000299218078671521,-0.152056121273805,-0.0771663933938098,-0.0237022485223163,0.0209128989307627,0.0371771830576329,0.033272926714064,-0.0232174934069807,-0.0136759439733958,0.232321697554326,0.19036325711449,0.154138584171081,0.127847000387554,0.098807949540304,0.0703703570868609,0.0400730263467612,0.011218142735983,47528.2225858681
"232",-0.122954229463433,-0.0355676750001429,-0.0330155553174465,0.0932276005107158,0.114248983183439,0.0777831512783214,0.056035253825113,0.0186267660263417,0.703360112502073,-0.106289089359484,-0.050776883622607,0.209975594568996,0.473917515300315,0.659533791693156,0.814234346236845,0.946156079400457,0.255427630662713,1.04635970009483,1.00611328067966,0.714185145271081,0.472749177897911,0.291642231409482,0.165729270478973,0.0499043342076072,-0.0589755624472811,-0.0657319600932489,-0.0524627889603057,-0.0670753234051956,-0.041298826951954,-0.0240674388866668,-0.00905857287599511,-0.00077919944402027,-0.0304733762831875,-0.0862241717580794,-0.0552357071505126,0.046357059111044,0.00874022727184212,-0.000836207212298064,-0.019540076681938,-0.00793059392267873,0.228976354072141,0.184164818371779,0.158069420808172,0.124696786208906,0.0956434690868237,0.0694967210840386,0.0393043289068209,0.0114199041157449,47531.1419956827
"233",-0.10534674636601,-0.0357883602536447,-0.0658765820379382,0.0624858178065483,0.0926063418907462,0.0764605584374497,0.059289791091683,0.0169131279413974,0.486122093186141,-0.116175109369198,0.00023849683221676,0.219731837686795,0.478969221380902,0.642114645946198,0.808373487984291,0.947943215093639,0.482267111242706,1.06419742833678,0.964622087597696,0.711392311073373,0.473437723250156,0.310391560611892,0.169353035819288,0.0489424539439851,-0.0579816497338069,-0.0711528409078565,-0.0674161819247861,-0.0582549411666141,-0.037751491325231,-0.0208099328411008,-0.00788168285668721,-0.00138902615669997,-0.144708779540255,-0.130463442889401,-0.0145986337138732,0.0705137381235413,0.0137653860196679,0.00497847094425217,-0.0139532421895538,-0.00938657261664092,0.22976205553601,0.180111142292192,0.157034610518939,0.124112699876419,0.095663531740821,0.0707146973050263,0.039614260209943,0.0113497749885731,47541.605962487
"234",-0.183801719852095,-0.0317213873265956,-0.00996268883999167,0.0915000466845668,0.124422674358575,0.0705171951394467,0.0596780122484491,0.0184180074884839,1.42218142103809,-0.04824591506395,-0.0405967521401419,0.196159697135108,0.489376475399049,0.658658007633156,0.807328508182313,0.946353568962841,-0.444953475392441,0.987460391475745,0.989571311388977,0.734346674213262,0.454500970576956,0.295474969054969,0.170777530873229,0.0504005194031908,-0.0559565182291712,-0.061268198489837,-0.0684583421666854,-0.0637989638072756,-0.0363394998123871,-0.0237026575872031,-0.00851658275445398,-0.000365864114362311,-0.0170654741882432,-0.0923109331850327,-0.0252947963854936,0.0198492192387632,-0.0121933638273937,0.00602484951393925,-0.014393864460702,-0.0121501108658186,0.225762849945164,0.185131345780718,0.153217157168715,0.126221728788283,0.0987867356591315,0.0701039444469804,0.0396651731436333,0.0114546997005416,47539.5078886253
"235",-0.114583065483022,-0.0676074893048961,-0.0496441113065977,0.091723642196379,0.0792194382566655,0.0682300405573335,0.0608428317721014,0.0210833524126208,1.43506119445184,0.00679962327215141,0.0181455268532021,0.192293250922348,0.491915787712522,0.656770702312191,0.809309936730202,0.948388973815676,-0.473899422506251,0.94782863097404,0.941898239751699,0.739404187929267,0.462845705463581,0.2988567381077,0.168324754364529,0.047589578227851,-0.0336836894064495,-0.0700148505292133,-0.0716151469564373,-0.0610428757010986,-0.0374907745268457,-0.0204843086606521,-0.0059501376143989,-0.00120431636556929,-0.103232705418105,-0.114027184331538,-0.00909388297554071,0.00675143042869512,0.0313363928600257,-2.4848242474011e-06,-0.0193230212809872,-0.0141170142392249,0.226511058292071,0.183475205853582,0.15969534077229,0.124929402939664,0.097004145205056,0.0695607718795569,0.0393669536500831,0.0113544747364591,47537.5643347376
"236",-0.133452713445025,-0.0567107455188317,-0.058597171164142,0.0818079490139765,0.084886086723671,0.0854998230497635,0.062329322036555,0.0169875060854884,-0.548242908038682,-0.117729718292968,0.00888980615632414,0.248379080344044,0.477650124321701,0.665277299223019,0.803842569249189,0.947082717223965,1.51683769371997,1.06695736459158,0.952053146163294,0.680594572934653,0.474323685103673,0.286741562018734,0.175123139178959,0.0499655204742402,-0.0464247774749359,-0.059053741594808,-0.0582320938748941,-0.0548987226166963,-0.0438414768771202,-0.0214615516979549,-0.00918746389150389,-0.00129349215226356,-0.0956368867631761,-0.103228423526096,-0.0154379084323091,0.0200141607613402,0.0508072837598638,-0.0220267031341774,-0.0203755452215496,-0.00961760819751302,0.226014338663632,0.184259079421461,0.15859301024308,0.127108156269934,0.0968969128356583,0.0674463291136295,0.0403429017185678,0.0113180075516673,47535.1244031841
"237",-0.10478908092516,-0.0754539554704005,-0.0617175065675129,0.0949398753382427,0.0897246773715035,0.0782597862566151,0.0652465054881339,0.0164001107416655,0.111565698824577,0.00273830615059968,0.00325432555032416,0.212178466932351,0.495244708446396,0.6563267162578,0.800952162087693,0.949573159323584,0.850034723625707,0.95518028004412,0.960692278641981,0.714538391266525,0.455229116092055,0.296644939207724,0.175982912758568,0.0476208556538403,-0.0597478229440019,-0.0584299175922493,-0.0701737295725332,-0.0596108957959798,-0.0409915649899451,-0.027525320556413,-0.00764960609594499,-0.00162101424701777,-0.0888836236946927,-0.127690850508216,-0.0221370536245738,0.0223586190280756,0.0315293795293743,-0.00141606630258837,-0.0154408019559459,-0.0102592041722571,0.227159896720533,0.184725070078628,0.155356070342841,0.12649564181674,0.0965437082681984,0.0687697772404467,0.0397472522675864,0.0115152585648049,47543.3361810666
"238",-0.118203513583384,-0.00713602465213104,-0.00788627742878313,0.0644421304812217,0.0995629104493533,0.0827926323212089,0.0590130792226374,0.0166676915081192,1.58887432058718,-0.0488133827975255,0.0546829793756534,0.206914920072258,0.484087688962884,0.651039326605534,0.811242069859147,0.947737252777447,-0.626069644144526,0.985055918887135,0.894916202577264,0.728455149691662,0.464803769979529,0.301422513968472,0.165871700829099,0.0491474411660321,-0.0468972022890912,-0.0541821146743408,-0.0678752354237404,-0.0646671045531906,-0.0364313563242456,-0.0240209207745358,-0.00571493070948859,-0.00149057930758208,-0.0840560785538339,-0.153265568114867,-0.0658236374798706,0.0437133509303338,0.0196234796638128,-0.00788584157111438,-0.0129792870644662,-0.00781354221864009,0.231176747142045,0.184113808491784,0.160421648060693,0.127638116630074,0.0969525612865262,0.0699974806624867,0.0400275901025168,0.0114797600228925,47537.9953710057
"239",-0.129101352090833,-0.0472200842715154,-0.0504669291518975,0.113368390583171,0.123274186513666,0.0829980489798318,0.0649948869685076,0.0184833229397829,0.143254943343619,-0.114978750901804,-0.0228401987233665,0.206722530927607,0.463736443374231,0.662273195333169,0.803460149081334,0.945902480953235,0.832734073231397,1.05486304664921,0.98327097293133,0.715919527462479,0.480001926527758,0.289486503596134,0.172826429481717,0.0506945488198786,-0.0647582061791183,-0.0630496394820572,-0.0790686970699109,-0.0577883863747327,-0.0319264639491005,-0.0222807916598576,-0.00654385614100129,-0.000514501148681796,-0.127605324292479,-0.0589274365924489,-0.0131499487334011,0.0118340131823255,0.00436140856125459,-0.0111651016154331,-0.0168947926462808,-0.0108855248185254,0.229754734678779,0.186029595028547,0.154943161460318,0.125239229076428,0.0962572322712258,0.0677931002105892,0.0398197574382714,0.0115410515224637,47539.1083162254
"240",-0.142460872470735,-0.0564634119684761,-0.0290286981028007,0.0969657338346677,0.113439719159954,0.0773418243614505,0.0573542620318096,0.017016841247773,2.17378756906581,-0.10845100079104,-0.0019075792936748,0.219439878494675,0.490011749460647,0.646114803359743,0.799821968427601,0.945576703846666,-1.19899386318932,1.06279107926777,0.952970783385553,0.704277068218013,0.454397111458117,0.306931866998682,0.178296672055691,0.0517091009670207,-0.047570812358853,-0.0625294535066391,-0.0633693484800575,-0.0611359996053915,-0.0364363307282421,-0.0209005709486057,-0.00646351322431524,-0.000475197637677252,-0.097176112769066,-0.128334902509891,-0.0241150132235456,0.0276603652419599,0.0170752219022236,-0.00356993730149104,-0.00754399846714221,-0.0112963056007573,0.221864052824544,0.184553990104298,0.154128437470855,0.126521104034225,0.097941886738839,0.0691057853675281,0.040107794091953,0.0114868909815437,47532.4764351229
"241",-0.108391806139854,-0.0485646914158455,-0.0579015417439094,0.116240291692394,0.0993808972288086,0.0628855162256896,0.0545878636632934,0.0168061952151413,0.170546686196417,-0.0725220734449188,0.0252848882549329,0.235921598109956,0.511133975341032,0.659988841486206,0.809031017157846,0.948615825752631,0.78867864930477,1.02469570783237,0.934407516013315,0.691958942228389,0.43631861014203,0.297533786572112,0.171866345797573,0.0486430641805685,-0.0476128826645105,-0.0859169972490187,-0.0633976029251702,-0.0684416971020908,-0.0394626145649934,-0.0281169647022625,-0.00788480338109444,-0.00152149252600637,-0.0849287376121892,-0.118197900957936,-0.00310400406788881,-0.0216485630604112,0.025285002139617,0.007411573547946,-0.0237262500360765,-0.0108466308836001,0.22847237615592,0.185887513079971,0.157540660207415,0.127759268181973,0.0974238980722243,0.0671349594305014,0.038364870903039,0.0112273661739776,47525.2195356569
"242",-0.089588403911609,-0.063934293405234,-0.0738328967956494,0.106849217984585,0.0824440747945817,0.0865827199808216,0.0575848391806108,0.0173924199060694,-0.531912005263714,-0.0106156646357297,0.0703664101597807,0.188810355198062,0.493818717073188,0.650689513208306,0.801499227857775,0.947098896526903,1.49532668357404,0.963665940247283,0.891238168805789,0.733935040895874,0.46019963226475,0.299855615326767,0.177190903107242,0.0495404522634505,-0.0704061919954623,-0.0731992529085121,-0.0651376106224274,-0.0609108329464448,-0.0376346913601756,-0.0241727022830153,-0.00892985187891358,-0.00112044067779089,-0.13391115613166,-0.0965244006295098,0.0118556631123768,0.0275623385554377,0.0320852711395381,-0.00471908597378797,-0.00976124503853302,-0.00906215939194424,0.227718538451527,0.186933350678315,0.154959669037591,0.127022817116894,0.0977832521460911,0.0693580650901719,0.039490119224941,0.0114643849271198,47539.8694226431
"243",-0.142435805127625,-0.0365415093252724,-0.0558690610712861,0.106202799122275,0.107862995802162,0.0733196901869546,0.0604914037916875,0.0151123282125417,1.50587292802063,-0.129817492683206,-0.029178070164053,0.226681974724587,0.486504361924907,0.654652823616662,0.80961245335203,0.948657754680961,-0.536655105202004,1.06798471774559,0.992439998047562,0.696016837907238,0.457613749497899,0.299023622341355,0.167861586197925,0.0487063305126436,-0.0575465802351914,-0.0634343883869188,-0.0639416348556851,-0.0597342653354484,-0.0324152832805762,-0.0276814678719993,-0.00803967494110886,-0.000605361796171377,-0.0625209629014175,-0.0714144917030403,-0.0264877231496449,0.0235376818015408,0.0241129434120773,0.0125943441951707,-0.0161635065759424,-0.00866495774962439,0.227783305559321,0.186131055537115,0.159677730559132,0.12639577371254,0.0965011543568864,0.0708617534830047,0.0402119385173359,0.0113757071547607,47540.7119960434
"244",-0.105241406516393,-0.0836180239303099,-0.0393906839576024,0.0851677336886372,0.0948890712439638,0.0833927507381129,0.0548339941798475,0.0185739197294181,1.88530377806155,-0.100720037863266,0.0219066195235045,0.219705218233868,0.476594503473525,0.649308415913781,0.804272646043519,0.947295104306634,-0.919094127307982,1.06016882087585,0.938010662464933,0.712414447282496,0.47244083407028,0.299283356841823,0.17457802172386,0.0492935604603471,-0.0561071714331647,-0.0749321895097376,-0.0675176403373515,-0.0765981391304648,-0.0350368281838532,-0.0268229475411613,-0.00740233893083919,-0.000131474131058923,-0.130843436410598,-0.0864719627979767,-0.0643974591187018,0.0316308452931332,0.0336403705140271,0.0140111911378714,-0.00918798732735129,-0.0127337391623567,0.224523318155986,0.181985628244988,0.156078474488951,0.126342931512168,0.0945955615959572,0.0690603663267957,0.039524231418126,0.0115236582698886,47533.6959540893
"245",-0.128915095100179,-0.0651327641753794,-0.0528455563016483,0.10727561937398,0.0756775746803588,0.0664494554583916,0.0689770270973042,0.0217066984169017,0.451489840457049,-0.177434833017983,0.000265432463173839,0.207593811060075,0.500428732645411,0.665650863269189,0.801320955251597,0.944583417460177,0.52439746286673,1.12484564374732,0.958022788946294,0.718863437897399,0.454560003408442,0.291007626001616,0.17435392422338,0.051466346367302,-0.0496285925288868,-0.063706750036113,-0.062808622165628,-0.0678792700079133,-0.0373771831633583,-0.0235932766216097,-0.00804349481076239,-0.000494002877394777,-0.148576592596828,-0.0706898301219254,-0.0113768681224485,0.0107491286318885,0.0345069040983921,-0.00264701420685348,-0.0222911872319921,-0.014345569593395,0.23116675298845,0.183443846737607,0.156782723520295,0.12732347908968,0.097053768818181,0.0675274692871973,0.0401986814636095,0.0113540107155754,47537.7474976997
"246",-0.134182138416223,-0.0425786465003646,-0.0564891157379623,0.123402822930749,0.110137640418566,0.0681504791100748,0.0574900281436595,0.0160318899113575,0.249285310556381,-0.081777585445414,-0.0215181992545465,0.190917397502463,0.501325681795593,0.667388271192213,0.806019782676095,0.948122156877398,0.721405837276394,1.0244075667375,0.993466294591805,0.730711572748128,0.444059995886492,0.288279898887114,0.173510174345732,0.0490363075002454,-0.0503319912265621,-0.0650580142427737,-0.0613916222411006,-0.0525139638532959,-0.036795911904326,-0.0282284008261028,-0.00776830854358283,-0.000732589240166625,-0.094997902542517,-0.0773623446476554,-0.0876727262781862,-0.0203423285572869,0.0111942586377363,0.00570066034388987,-0.0181687611081615,-0.009976775689794,0.225958067597755,0.186316687164133,0.155948294524846,0.12687867721987,0.0977848560377409,0.0697681755101241,0.0390223904505011,0.0114060489242501,47533.1437974657
"247",-0.116166475762453,-0.0940740222025796,-0.0242588570807237,0.081418066204398,0.0838478711633557,0.0657921032814221,0.0648449311675658,0.0167576571140071,1.47953782050939,-0.132401461797091,0.0385115682704121,0.191313115377758,0.485404842792851,0.658027338331143,0.801596057662437,0.948522788578943,-0.508871996573056,1.09529207336137,0.919758985037434,0.741070808615383,0.470484681282277,0.297346286075804,0.175239423075577,0.0482055460696483,-0.0590719903566052,-0.0711752361420661,-0.0668881245520829,-0.0511203304580389,-0.0424031607467044,-0.0230162744069473,-0.00858647732406709,-0.000717178926090424,-0.136493090600233,-0.100153773073881,-0.0555258926899385,0.021057174062648,0.0269903892385398,0.00846792972330583,-0.0121649848534265,-0.00871330588590043,0.234149489262121,0.182306762341526,0.157215715954559,0.123112739212853,0.0988229984631735,0.0703856310484708,0.0404460343672332,0.0113131474418546,47522.9909468139
"248",-0.137138141944921,-0.0763678904097011,-0.0447853813321875,0.0669286888376545,0.10021983980156,0.075150515533017,0.065926006165479,0.0166050384901659,2.58551965174567,-0.123756570799959,0.0537447049223503,0.207096901385278,0.486051001837032,0.658848758825367,0.806422376610589,0.948187699791497,-1.60780251934753,1.07880023684581,0.904428389953324,0.724137321481703,0.464841995908861,0.293746792362182,0.169598883590071,0.0488707308002949,-0.041675709324478,-0.0809412230927782,-0.0596790012426941,-0.0583337067083165,-0.03818736944672,-0.0214867160920394,-0.00729446604059022,-0.00134217907076286,-0.140616376283985,-0.0631687751921481,-0.0484834085326682,0.0616432352942023,-0.00123941418311074,0.00479876017324793,-0.0213760748620574,-0.0101195093470504,0.229355656691035,0.182658663300013,0.15627561850654,0.125504223911388,0.095016168060619,0.0689259724953546,0.0401322711794025,0.0117762191970629,47528.546933559
"249",-0.11608519090312,-0.0174833438751102,-0.0611434572868997,0.110696355576758,0.0745971568240643,0.0738113896903826,0.0600822430330823,0.018147539294279,0.679215352767105,-0.0950542903035093,0.0434145353138883,0.199403348117049,0.506584495873905,0.657338874954438,0.806435926000109,0.947010242505366,0.290299209648169,1.0313614735257,0.919035417575774,0.721378275469287,0.445943068861513,0.297855080816865,0.170697289461053,0.049258572466058,-0.0557094317918757,-0.061608085187084,-0.0639717794390419,-0.0568615589028836,-0.035768187937531,-0.0203649412773287,-0.00717874589881689,-0.000415601055048266,-0.126933579247919,-0.109573680012928,-0.015082322556127,0.0290885667952489,0.0441737323094222,-0.00698500398266295,-0.0115786844472667,-0.00900579840260529,0.227971754737971,0.188007643470499,0.156678633407347,0.127003142589939,0.0950440607544519,0.069350885269621,0.0392554826767105,0.0114305133320712,47541.7430405549
"250",-0.111522075583815,-0.0168798684319318,-0.0712969722169071,0.0971855429586331,0.0780486385310777,0.0644338593569022,0.0613853692365157,0.0158198482108333,1.9516665968699,-0.142056142967392,-0.00666166608806381,0.222657116178686,0.495331214936449,0.656409291933157,0.806600207530815,0.946609646439813,-0.989538313481047,1.08254366374363,0.963802069397214,0.708650484704929,0.456316692539822,0.301620381105079,0.170185648181966,0.0507332540456711,-0.0447471994704288,-0.0602416271303741,-0.0548342718176299,-0.0677189509765361,-0.0381452397214516,-0.0274734788915921,-0.00793909530204699,-0.000549237021150698,-0.0997104258151904,-0.137075549594497,0.0263669970778152,-0.00125947817612875,0.0510023940247934,0.000273077993339404,-0.014069500456198,-0.0096387157477298,0.231053017305978,0.185507969723249,0.157920156747271,0.126236220808439,0.0977011902024008,0.0700185404717311,0.0390845379934181,0.0115629832704246,47538.9443112041
"251",-0.102987072483726,-0.0328886845915349,-0.0474474399442165,0.0982622919096865,0.0941471675314111,0.0714957379036091,0.0605951614063308,0.0180233302190678,2.96014958533391,-0.0634709372306032,-0.0373681366895845,0.210636026343329,0.48570203991154,0.660314287141123,0.803996827045435,0.949156308219396,-2.00051429859534,1.00735251911068,1.00106896388253,0.718666853952841,0.467359517091998,0.293422400032056,0.174317882530813,0.047481549410411,-0.049536151847015,-0.0611266994854831,-0.0714913891963623,-0.06628941898218,-0.0345400360704679,-0.023513432766247,-0.0101011775750899,-0.00025576299641303,-0.106620118947639,-0.134382762121532,-0.0549068974798203,0.0145161566324585,0.00822248632163068,0.00448202872084437,-0.0152765978450128,-0.0133898474860057,0.233186873426001,0.1874935139812,0.16020463023719,0.125669087825421,0.0985213856944498,0.0691920129494267,0.0397787057524975,0.0112469230986476,47532.7643531954
"252",-0.133712748419613,-0.0182832020968998,-0.0137725007819697,0.0914210955765306,0.0869449250367674,0.0780989055150228,0.0575310180921046,0.0164341737055207,1.67423968076586,-0.145115822706506,-0.0263776458397034,0.203778769494021,0.506297649366472,0.651302804630056,0.805686188356801,0.948442092671914,-0.708843085658412,1.08867395874726,0.975040247756529,0.721903879827315,0.443568815675862,0.299753034776611,0.174118996386613,0.0489259496283126,-0.0525649428717832,-0.0808294689597195,-0.060200107573864,-0.0624280477920515,-0.0438312707228808,-0.0214322571513378,-0.0041308222054186,-0.00105476725599687,-0.0582098186759073,-0.140300747766836,-0.0513498171089263,0.053287035759816,0.0386155463328541,-0.0030329982421987,-0.0228932571820951,-0.0124056254244621,0.229760411056139,0.18503475505444,0.158938030609462,0.125262597821732,0.0997353978627353,0.0687965611469263,0.0391625476774558,0.0115720168223592,47527.1571046776
"253",-0.162658798740871,-0.0178384914356075,-0.0741693099492357,0.0835342862514113,0.0853208218513046,0.0673253729213098,0.0633341890754093,0.017881411463256,1.61727288791807,-0.169588184429148,-0.0261681897562849,0.210270039436556,0.485205427722209,0.659122981873011,0.812181820387453,0.948374410527894,-0.638650627701766,1.10748507496095,0.991438726224366,0.720642099967325,0.465395645961975,0.293575459601935,0.165404594687851,0.0485888975726574,-0.0563719401470356,-0.0599851179553819,-0.0585539057173457,-0.066680396006073,-0.0379801496742512,-0.0200812318445775,-0.00869209223394519,-0.000682326740992301,-0.0906930204834021,-0.115758465886825,-0.011434523550155,0.0292453401625802,0.0499984361110828,0.0150199822823627,-0.0238785248614488,-0.0124656230617008,0.23655777968798,0.187132879132812,0.158678109996739,0.124215595420107,0.0983435931149101,0.0687959087791824,0.040539129037928,0.011344355686422,47537.9137904493
"254",-0.17487965984622,-0.045745897824243,-0.0180804345545731,0.0577445785265308,0.100561605984542,0.0790933735084505,0.0501870798482161,0.0164009601966086,0.935713857662114,-0.157394470746216,-0.00644961441719277,0.209979766328029,0.498852548857176,0.666519673010157,0.809564638127031,0.947516788281322,0.0521296992504693,1.10512219464189,0.957644011004379,0.727082707806938,0.449997408792855,0.287478970488826,0.169541274934491,0.0497996032514621,-0.0563267132615454,-0.0597842593300966,-0.0659174995836903,-0.0676912729941222,-0.0361841208973285,-0.0265633940602782,-0.00900491324875916,-0.00129917568374863,-0.102324623721112,-0.121583487289798,-0.0422748129453898,0.0629869574229366,0.00893579936489078,-0.0115432958505971,-0.000139400675547531,-0.00969772680166768,0.227234612644621,0.185417877265399,0.155052639647936,0.124863995158429,0.0981161618682789,0.0699049369141064,0.0395460555516963,0.0113653826039137,47540.5632941546
"255",-0.0868645813126957,-0.0293199198007772,-0.0361655271356288,0.101446539943501,0.0942263223629511,0.0783889556412147,0.0621990695986291,0.0188309005123058,0.52342713094334,-0.191724037363745,-0.0517959604816918,0.22500904153792,0.509776674779139,0.658068406021677,0.807165169251648,0.947851777261268,0.432765253346201,1.13414271579795,1.00960341100918,0.703949819525056,0.440353626306163,0.296230754922845,0.169792472069458,0.0488971858240212,-0.0396576211301234,-0.0627717809306637,-0.0616174116293419,-0.0684132461219791,-0.0439538015342003,-0.0242350948519298,-0.00717384861809541,-0.00115985390529305,-0.123026929167711,-0.128012163163684,-0.0441598040195283,-0.000802156618783031,0.026512694412658,-0.0108838613277898,-0.0174742837034398,-0.0120780830481273,0.229010331041297,0.185104897873022,0.157909492922066,0.12604542941218,0.0966347155487358,0.0679379388651356,0.0397744489245169,0.0117186389705982,47542.0365281813
"256",-0.131011771702805,-0.0702441807433464,-0.0580785194121528,0.0692987951838877,0.10719145740001,0.0691950916564185,0.0561052445317513,0.019626151551164,0.648298159701138,0.00646283644698565,0.0972451385814125,0.19388309196781,0.470727686770591,0.643894063981991,0.805686084663385,0.946588177896668,0.316351782695086,0.946218315099095,0.86509537027403,0.738052076760184,0.477987776722187,0.310609959304601,0.173844675932365,0.0494720942435447,-0.0690080170500261,-0.0735258974510215,-0.0656822439322015,-0.0618550297301993,-0.0346170352455062,-0.0200860269761058,-0.00919824276070479,-0.000674091059582386,-0.0483157125922772,-0.0824378303051278,-0.0281754846433306,0.0679347435950138,0.0144651781157772,0.00371465429907592,-0.0108412378410139,-0.0105500792088521,0.228413533187295,0.183955189344929,0.155521119073637,0.125717585446865,0.0965045199029573,0.0682231907204151,0.0401814388246335,0.0114582690000268,47534.5367339662
"257",-0.132596393843114,-0.0499859451206713,-0.0762185499315856,0.0880391930576572,0.103564622000606,0.0710542563859636,0.0577137993484582,0.0193422826958513,1.16151404812454,-0.118698354458654,0.00252658773527877,0.2249079307168,0.489492216983829,0.661165353199562,0.811634803046369,0.946141237062335,-0.195444641346076,1.06219924569642,0.962428536457489,0.703202806266567,0.453583547093465,0.294594935697633,0.166057253947511,0.0504818298508086,-0.0569119342240159,-0.0722966352621578,-0.0678195430815583,-0.0567042766287079,-0.0293021140901293,-0.0208925175108554,-0.00778497687074145,-0.000362266335045807,-0.0604918010842434,-0.0645423596521102,0.00585095336124729,0.0270581418147374,0.0324244638031024,-0.00338729078511556,-0.0126519700579905,-0.0127935411130536,0.222530542934291,0.184976973912337,0.153178750137389,0.125043695390105,0.097824618598818,0.0684650501665311,0.039987952302246,0.0114571531130381,47537.2281691145
"258",-0.150032201529633,-0.0853958313886728,-0.0144341591673874,0.0628695269602851,0.101637956831243,0.0644798982219382,0.0661787128355963,0.0173005289104413,0.84821733265454,0.00564483712569908,0.00852811383101198,0.233114230412119,0.480905633756001,0.665221389722665,0.807444571526306,0.948447422222357,0.126376783029379,0.953034129835729,0.944544773703047,0.701295890039032,0.464334841954291,0.292081633273198,0.168799483035532,0.0484508545071881,-0.0575381647629412,-0.0685971853091523,-0.0686814811162895,-0.0582535901070059,-0.0392505593149211,-0.0218487714878565,-0.00748054968048952,-0.000938802623322142,-0.0769050957149568,-0.096153641608433,-0.0598594069089348,0.0371922869545677,0.0383417833965842,-0.0023156986630636,-0.0205944939627847,-0.0111278735088513,0.225471500092214,0.18969569501578,0.159612898463067,0.126458123567581,0.0962001199348113,0.0685455365876595,0.0398349180694462,0.0115186609982811,47541.4701641478
"259",-0.145753835917166,-0.0333734746238319,-0.0233142736525544,0.0683845620046637,0.100767823769246,0.0730251367021475,0.061202918670169,0.0205656070197525,-0.105973892841993,-0.108925696302024,0.0106433707474277,0.20633008381861,0.49415746476128,0.649678851677241,0.811354687828268,0.944851819294122,1.08378150899157,1.05597896886852,0.940432633433768,0.727134049226857,0.455052190104309,0.305386513659577,0.16519997126965,0.0516292755386011,-0.0563964122580013,-0.0814084810879887,-0.061683038733926,-0.0715357719594857,-0.0398328632271301,-0.025373956594627,-0.0085414814852636,-0.000503553929892777,-0.106864105778058,-0.120711496024572,-0.031926928990375,0.0708847570989809,0.0167325197631687,-0.00122378014222225,-0.012176140688284,-0.0145521457841314,0.229566195910723,0.18240126398786,0.154272512863287,0.127879932513859,0.0962074834728522,0.0685081646404055,0.038978446862066,0.0116616993586358,47536.9159642398
"260",-0.126035303646524,-0.0157210204173235,-0.0275147894762053,0.104913131040536,0.0804503471095141,0.0783699648826567,0.0561589989846373,0.0176604224824119,0.559595449631523,-0.0250996754303285,0.0319428838826157,0.181103537874403,0.494847583570278,0.65973016288716,0.808618811106601,0.946263047191972,0.406776041612722,0.967547534528506,0.917541745783737,0.742955280793667,0.455366609124192,0.291836712299654,0.169008825202241,0.0505002956681187,-0.036334510110107,-0.0626653595631373,-0.0601960318303497,-0.0585241621271374,-0.0402967161785641,-0.0257232002858992,-0.00487604176691209,-0.000989168088876855,-0.0974054370852244,-0.165359995345247,-0.025256113286916,0.0179348006682061,0.0577093458079012,0.00176250211633619,-0.0102538790174673,-0.00970712311203015,0.231183299260101,0.183585908943988,0.157164206202655,0.124850378225666,0.0968430832739499,0.0700802209713882,0.039313917821895,0.0115991464983993,47539.0502630897
"261",-0.122910142537066,-0.0624653409187836,-0.0298780657002664,0.0909986421036659,0.111706584413152,0.0782310711634013,0.0476709157670783,0.0184613066121653,0.495297668101781,-0.0174470368404258,0.0263081256152012,0.209200023129316,0.477354650136541,0.66445694443139,0.809693759001714,0.949213194902483,0.478070346226481,0.973521552788618,0.934381694496295,0.716851326173759,0.46651821160268,0.290549001307308,0.170986755662293,0.0475128588506995,-0.0652558060785055,-0.0790223429741345,-0.0725265462080063,-0.0559541196634397,-0.0269593891973584,-0.0237955993946419,-0.00833335385347091,-0.000470045768057861,-0.112050606551328,-0.104947411451529,-0.0725296891538667,0.032421798865536,0.00385008742254233,-0.0239693867186118,-0.0021447297328555,-0.0136565206930062,0.228716635285957,0.187440702274111,0.153747433092629,0.123505098537952,0.0953470450909422,0.0695705994500696,0.0401550704537334,0.0115574794971266,47529.2796633588
"262",-0.11801216125015,-0.0356950638662274,-0.0343330111642643,0.0654369766589947,0.112643808517628,0.0750768764668337,0.0659493955647329,0.0175794896693569,1.10844968758506,-0.133053826085641,-0.00250110817187024,0.227085697105994,0.491613272604036,0.648545344652549,0.803059173567831,0.947714731801863,-0.142228371074342,1.08038576059447,0.957350500172675,0.706867133099404,0.456574872157939,0.306470813560922,0.172446082656909,0.0489410879145214,-0.0522226121495401,-0.0634283616291851,-0.0591619675241322,-0.0690174108333609,-0.0341867718711442,-0.0214791505400059,-0.00771709933794916,-0.00104637373448639,-0.121839622251753,-0.126753065796681,-0.0348440037792313,0.0606789151999558,-0.0146731102508632,-0.0101405061152845,-0.0146633003725126,-0.00861458437474763,0.230005734752379,0.18258699428226,0.158451514596033,0.125230378125507,0.098011704894431,0.0679909155208433,0.0395931077877419,0.0117879270802179,47537.7946844587
"263",-0.160673844150755,-0.0327491967844651,-0.0541073934832349,0.070317255121994,0.0692486042293081,0.0740515811639006,0.0529103881641979,0.0159332723621968,0.86550504257205,-0.0607575335849384,0.0925452336224031,0.219442378904583,0.505352092076112,0.661725273849111,0.807218791432943,0.948538942070494,0.114006232552767,1.00469120476175,0.868697711497142,0.712879249158036,0.454834754188397,0.291999074201151,0.170933352352266,0.048993931231429,-0.0505079936499648,-0.0709054669889373,-0.0712922282744216,-0.0578626517190553,-0.0486471917637373,-0.0216492469946412,-0.00745771970889386,-0.000123596618534815,-0.0924350143635537,-0.116390994626759,-0.0379655235630957,0.0487144703352169,0.0302490261819521,-0.00641952263931135,-0.00206843379882597,-0.0130661299818472,0.234530793663802,0.185823381187649,0.161063466416676,0.126215874050786,0.0963979119382818,0.068637496722472,0.0392170317759381,0.0113521958258353,47529.1855182476
"264",-0.150238276595165,-0.0531620841040023,-0.0719942144957415,0.0933869956258178,0.0998436188530108,0.0786100581181465,0.0615888412592644,0.0190167056049047,0.774490866180272,-0.0592969550706336,0.00168236649008236,0.199709968654303,0.503226168107933,0.663124392343889,0.81087434480531,0.946150901988642,0.194202297432899,1.01115980325405,0.961885116340431,0.729013806052485,0.448056967037167,0.290543968943373,0.168014357220714,0.0502305503605775,-0.0509233551331011,-0.0591520782073662,-0.0642210805210944,-0.0613608832459611,-0.0347162116811314,-0.0221991254190572,-0.0104682757217818,5.34064593268663e-05,-0.0569672933642957,-0.140461106662403,-0.0024702193649777,0.0175460900753201,-0.00439893962456654,-0.0115296557177334,-0.0261858051819641,-0.0123143225737538,0.227306349320139,0.18817254672609,0.156228436956558,0.128597725055309,0.0987143681574512,0.0697690300908954,0.0396725406275234,0.0115153956892937,47538.65301753
"265",-0.105235259558174,-0.0479923733797398,-0.0373078628538577,0.0857650665700272,0.0814235305698919,0.0940390389456528,0.0644033881443088,0.0162476163416675,0.312619266452008,0.0759651546369259,-0.0542177124124138,0.208832975058846,0.488448945239683,0.63885184805833,0.800174337789414,0.948661759462759,0.646911536606915,0.876806591535751,1.01633498040654,0.717797346365486,0.463100829584201,0.312466571163711,0.176426467273042,0.0484665104598576,-0.0480735424560038,-0.0691682690095128,-0.0666892358863773,-0.0578259300598907,-0.0406687408295633,-0.024771670441726,-0.00749091868980636,-0.00065259916490815,-0.0997147237184925,-0.1337605076785,-0.0590734554162627,0.0516605748149762,0.0541744860592636,-0.0240086472580872,-0.01237108643141,-0.0101513084103214,0.227274371594416,0.184103857821428,0.159449227157494,0.125329219567144,0.095894455518464,0.0687087578382712,0.0395574964887145,0.011565333450207,47537.106071372
"266",-0.138904727314498,-0.0508715932027319,-0.0552880393427459,0.0767186016451021,0.092620755138713,0.0749417959224524,0.0635147799660554,0.018285490327733,0.827701370729154,-0.0981121823573806,-0.0381056406707374,0.231193841859544,0.489892646593615,0.647996142968479,0.802295732808363,0.948186670111217,0.149907862708325,1.04550707104856,1.002643184614,0.703313391873261,0.457721294238097,0.306441326527109,0.17511134240137,0.0481551614422652,-0.0693478772215626,-0.0806188624194007,-0.0730376098329691,-0.0659887392994675,-0.0364543994033535,-0.0263621331523267,-0.00937589469931082,-0.000356352265374491,-0.105524491190255,-0.0696099911455403,-0.0364331103291555,0.0192411778145408,0.043009104933525,-0.00124466362493467,-0.0169647701417481,-0.011379703651664,0.229027910859799,0.182397110470249,0.158447531141088,0.125078563307862,0.0970346617835078,0.0679554448753789,0.040169413930651,0.0117731152536984,47539.4392792691
"267",-0.121996839464342,-0.0275748955517626,-0.0421340002972929,0.0934118226413376,0.0823989591178335,0.0708770279886051,0.0574203711750246,0.0179533131437307,1.19737404018866,-0.038412433022814,-0.00408743349447246,0.193683851764977,0.499598006017164,0.654850097301096,0.811864374317986,0.947991218724998,-0.230770743165013,0.985233613170248,0.96002539473756,0.736930170013647,0.454032375186594,0.299538769098368,0.165837835395969,0.04868558755568,-0.0560433366049314,-0.0704783619605124,-0.0680794689352787,-0.0679508470023428,-0.0406232616464094,-0.025318410601764,-0.00822765182771763,-8.29605503485205e-05,-0.0892792866189341,-0.142628985354051,-0.00943874043882435,0.0215400551443745,0.028735455490336,0.00631578461712816,-0.00895311607457748,-0.0134484463833659,0.229816240204258,0.19014680199517,0.158316050482881,0.122724084876702,0.0971833648473339,0.0691751591237734,0.0404849070279674,0.0114783725483081,47541.3236576781
"268",-0.123497981310545,-0.0556926869148484,-0.0263682627705003,0.078007780838476,0.0973068071398757,0.0827374283704716,0.0673830446853874,0.0184623075707519,0.501373626470911,-0.0998684638499667,0.00122597333983087,0.216933876976281,0.489953370121539,0.655094086038873,0.804712946065507,0.946342843296804,0.468970023853821,1.04517921417521,0.950405103515244,0.715147054138264,0.457320195417609,0.298082132444154,0.171809288014522,0.0499538687519408,-0.0520863507342942,-0.0731008709583988,-0.0576984197124414,-0.0563608093359966,-0.0429469264378213,-0.0259491269468389,-0.00857532082023982,0.000125547497031848,-0.137450461754652,-0.0584654735416922,-0.0250096150074261,0.0343050528162823,0.032913468533259,-0.00772139891970053,-0.0244438877391961,-0.0102027396306328,0.226606124196343,0.185638109909967,0.157368817354597,0.124991938704014,0.0962643704867155,0.070100471949742,0.0405798773685213,0.0117479154193562,47533.9004603524
"269",-0.148837759773251,-0.0657213310087619,-0.067969628398926,0.126496887925651,0.104642761154718,0.065361959814065,0.0651386746911937,0.0184386401944001,0.21432510673063,0.0180831006676363,0.0185379983501469,0.181165295291991,0.481746363683719,0.665601426291532,0.803777665096668,0.946601337108034,0.752588795992208,0.92764738765065,0.949853765705814,0.742761146177054,0.465616082427086,0.291401927386694,0.172690785068336,0.0501101065354843,-0.0554948851140686,-0.067954629871069,-0.0724837294757698,-0.0623844585848784,-0.0320044354792846,-0.0219934595899041,-0.00428599535107694,-0.000870287187705743,-0.0296042741079785,-0.0498421097598768,-0.0294751402688551,-0.0194015122668891,0.00992176827943782,-0.00488137988012511,-0.0237198763113087,-0.011315295156956,0.231444225677177,0.188593314930717,0.160054048846321,0.127690736214355,0.0949755708269017,0.0688432927471318,0.0385446171658028,0.0113136793418417,47531.5434371447
"270",-0.145999516323894,-0.0423664425439007,-0.0460256816892961,0.0677379368490522,0.0784294983180351,0.0757013625005198,0.0628075524965305,0.0178509706145403,0.393239186237048,-0.0485225436814893,0.00564454475818452,0.236354229888508,0.498332465993094,0.640007396946926,0.805621111928121,0.947578011524924,0.573984309308369,0.997186517075421,0.957034155388039,0.6993026556222,0.453081087569078,0.312621702773458,0.171446499307155,0.0492388654321134,-0.0450651136462209,-0.0742693458773195,-0.0720587499487304,-0.0709266636748765,-0.0362917493003673,-0.0182871100127978,-0.00512152049735621,-5.68593709804357e-06,-0.0656570343915501,-0.111971197456507,-0.0474485065660736,0.036905843978834,0.0381341005152142,-0.00134625335854938,-0.0205300028684865,-0.011963478337015,0.225726238483466,0.184135877536003,0.159627518122328,0.125388233132146,0.0963168191327177,0.0701440882095507,0.038864597195829,0.0118092020263237,47536.0770438082
"271",-0.161324996932793,-0.0310219913238508,-0.0284387991385107,0.0840493504323511,0.0862557118559444,0.0747686372227964,0.0533358891367611,0.0188225645135844,-0.289251602906424,-0.139475585679301,0.0797378042027069,0.222515830462439,0.491411555584243,0.651441340016353,0.816280356680521,0.945796789452942,1.26422937846733,1.08866015873829,0.878403610266949,0.707789919478938,0.46364656964555,0.302903051139669,0.163083266423987,0.0508146979344007,-0.0574306904105637,-0.0749562277062424,-0.0666622316997052,-0.0695643940516556,-0.0491562106646083,-0.0205995273789563,-0.00851945186270783,-0.00053402732010011,-0.052881021312938,-0.158250993722368,-0.0735330256305075,0.0384551234180074,0.0345385338361579,-0.0113528510243982,-0.0133035371211616,-0.0117972941091582,0.222726333410152,0.182256059281847,0.159484666563939,0.122923732530435,0.0989237092223611,0.0699676095510224,0.0405022560528199,0.0113174714955166,47530.1729297635
"272",-0.115649238613224,-0.017139588652628,-0.0444717981866432,0.0891352223601493,0.108254868391344,0.0664253646554631,0.0667854992747862,0.0167008174319891,0.731011583519541,-0.0189130110702341,0.0122652785946303,0.222204831374321,0.506187813788132,0.656850649094436,0.801390471007106,0.948273986620513,0.236460685018438,0.957670904531344,0.942934230068926,0.704461121903467,0.438104239698309,0.297125815738237,0.176005628138129,0.0484201337648074,-0.0393464557718049,-0.0656668170958449,-0.0519775989821,-0.0615471880695413,-0.0338136349534953,-0.0238780992097965,-0.00522428145757317,-0.00111279983313337,-0.131042503551696,-0.127113975608683,-0.0365238891402261,0.0399823215669691,0.007189593871594,0.0156569814295083,-0.028146893498895,-0.00857330835558073,0.235038949319658,0.190107294909424,0.158328604003923,0.122221217259533,0.0969465743682801,0.0704017423048421,0.0395547894464279,0.0114140071467041,47532.6090732256
"273",-0.132057592837837,0.00145687212339482,-0.0325449275107685,0.09563685645664,0.0643844222513441,0.0795412309976077,0.0584904437519291,0.0188594447713579,-0.534007484617666,-0.131949300189457,-0.0162339688344664,0.166861579775283,0.524998866601003,0.648861580087706,0.807181892666936,0.947523890530598,1.50927364023665,1.0651480996737,0.970587391934355,0.758466760129013,0.431492268040535,0.305145042980975,0.169776755179452,0.0489795031083146,-0.0652031206513743,-0.0658049727019992,-0.070023547089146,-0.0541941483517194,-0.04662251495764,-0.0227456764693471,-0.00482179458650029,-0.00101944506747323,-0.130000621133417,-0.124355240754843,-0.0185890069912134,0.0356831323950186,0.0497509987980471,-0.0118386117191105,-0.0132995019364752,-0.0117338359552017,0.231726291848,0.182909868413803,0.159725256873962,0.128783364539348,0.0964502148302743,0.068512000686708,0.0389203742490035,0.0113169828556253,47532.974563908
"274",-0.147083099997062,-0.0690527699635107,-0.0433089790824834,0.085619767521331,0.114818556335369,0.0707770721785032,0.0557037942259314,0.0203317336324377,0.117820541573541,-0.132473635915183,0.0764586467936592,0.196135459367533,0.482394101129429,0.662837935369089,0.801831479655271,0.947463041054949,0.847917377378624,1.08472159828529,0.876371786903232,0.73252848559652,0.462824669994485,0.29415325039753,0.177001490135088,0.0490054306414418,-0.0418602105763464,-0.0659918581249329,-0.0570395512817859,-0.0640364155116369,-0.0451471519374581,-0.0250886585890437,-0.00872164575573361,-0.000983005323947126,-0.0392334388948332,-0.082479093405075,-0.0182348161481353,0.0477815297122596,0.0237147075622689,-0.00574412975409028,-0.00933460988488145,-0.0145567718560838,0.225894767827266,0.184948990516961,0.159703812587537,0.125263518969245,0.0980632708598809,0.0679847022957176,0.0397874762492086,0.011695811939281,47530.1660699375
"275",-0.13174957871355,-0.0439120896782437,-0.0305778753299485,0.0351849348002983,0.091660561051139,0.0597546403215408,0.0650686406488417,0.0185396129384964,0.63583254978915,-0.11014422138403,-0.0113656677869725,0.244380188019595,0.482496386327015,0.658958264831524,0.805311726867499,0.946919773839228,0.333666894133406,1.05499546163088,0.965672845556684,0.70158621591812,0.466869475761922,0.298583765947663,0.170796642457987,0.0495621793861467,-0.0585452627021441,-0.0786888177563644,-0.0658035837802453,-0.070533106893273,-0.0414041351611204,-0.0303359138915177,-0.00617447124771975,-0.00148563286625382,-0.0842232417553372,-0.074725671696222,-0.0443955742579486,0.0510206359254693,0.0438273523831861,0.0196003209106356,-0.019218704740935,-0.00960194257271792,0.230458396106577,0.181117669670252,0.159263710235723,0.124275352572936,0.0982457838299923,0.0695392057985684,0.0401583000044715,0.0116002099337711,47536.6933199709
"276",-0.127515367010515,-0.00789262970075036,-0.0862055576623336,0.0705903854697583,0.0743176928629842,0.0781992034219237,0.0603509657089958,0.0190588123511614,1.54721122982919,-0.0693880067800018,0.0266369859089304,0.228913539098174,0.514133046797322,0.645391790876078,0.807527460369603,0.948025236089497,-0.576257022148709,1.01338113748083,0.941325860495008,0.700774424608578,0.43945336924442,0.307680222297261,0.170343798019558,0.0485715538442767,-0.0582251160753604,-0.0730876971147005,-0.0689770217050682,-0.0598957978680706,-0.0402904376941908,-0.0211676193265763,-0.007178861964514,-0.000944114159853364,-0.114866393672661,-0.173867231250878,-0.00265787961380619,0.0712474932495773,0.0440530746912344,-0.0021819599740175,-0.0192580876905842,-0.0135005806932908,0.229057192297553,0.185245595140857,0.15708536291221,0.125364787065321,0.0989165753610171,0.068708655247322,0.0392181443099652,0.0113724329307332,47539.6964674447
"277",-0.102893549923444,-0.0124564426343475,-0.0657235066197504,0.0761438637464837,0.0809914422822764,0.0761363408830909,0.0550950600397124,0.0191542960750799,0.214886869966982,-0.0335842349736738,0.0067560885400638,0.185131465585508,0.481761062951043,0.659070913204537,0.810203023659974,0.945741717631283,0.745595448265694,0.973562249116687,0.955934085250645,0.74470334618901,0.468186113627858,0.296677821801767,0.168959449788378,0.0504857979280461,-0.0531728803896617,-0.0793589245140582,-0.0741863439328056,-0.0588346115857955,-0.0400070005602563,-0.0284113705067515,-0.00608828588696336,-0.000294420781846896,-0.0997938134926191,-0.119778462061785,0.00658560833119338,0.0612011728795355,0.0628188076532228,-0.00561597007655369,-0.0174621550722181,-0.0108041526365846,0.231513574585187,0.181633070662349,0.155412624010883,0.128358309686396,0.0964441779823571,0.0694945377514119,0.0392040608639316,0.0116602084435559,47534.1908910133
"278",-0.152378239904493,-0.0195337503744628,-0.0119192085177047,0.103046963857243,0.0907564002960689,0.0742856901084573,0.0536721535430381,0.0169003101963829,1.60709918260344,-0.113935043318879,0.0242426244081479,0.204415134146973,0.483137577586272,0.668487459009684,0.817122853117036,0.947431533838181,-0.637044452784897,1.05193838453006,0.926535351395774,0.72424636414461,0.468000727153746,0.286847591322178,0.161536839520415,0.0496900163937029,-0.0484417587406376,-0.0682829952988195,-0.0598049922575467,-0.0657629737605321,-0.0373559767622519,-0.02531577140381,-0.0103478129169206,-0.000370823931133369,-0.0631010026840727,-0.106432900708524,-0.0623799140585306,0.00119979840017591,0.0327663772187608,-0.0094657235277942,-0.00728175875976696,-0.0115641912728947,0.234469448804431,0.185189072336786,0.156737934211645,0.125561529327477,0.0990439992959066,0.0696566906814972,0.03983855546103,0.0114873950134737,47541.8757513595
"279",-0.167119823671115,-0.0521376080783797,-0.0506116703454985,0.113152353167174,0.0936837428785061,0.0886630467190271,0.0590900361161958,0.0177871905885131,0.989472981443864,-0.0736462630518854,0.000826057356245638,0.226988783723861,0.49759944751586,0.654175815957969,0.808880533269178,0.949116294329048,-0.00988326745413941,1.03059047082914,0.959995751146997,0.696701118122217,0.450948733094398,0.298067895392628,0.168473933398573,0.0476880010393163,-0.0563188482114871,-0.069079018804159,-0.0686835372398015,-0.0615339664276122,-0.0377492685384685,-0.020281551745307,-0.00909714907709302,-0.00169526118963865,-0.0693869435016073,-0.146194867903046,-0.0233333256143892,-0.00154372157055561,0.0343057378851087,-0.0331146680976463,-0.0120571895306294,-0.0116384248083914,0.230286428253952,0.184444424464649,0.159512773320088,0.125528255627111,0.09692942095489,0.0668669859326443,0.0397143890115514,0.0115901696059698,47535.8916463795
"280",-0.147977974706069,-0.0331270641784027,-0.0903311084390536,0.10801306029458,0.0947426338136247,0.0774482459581445,0.0617369681446382,0.0144830166759938,0.934929549187932,-0.19841802431901,-0.0614781096093273,0.207345767500034,0.466054090692573,0.655795198568966,0.808957816097763,0.94880432045537,0.0353412385955209,1.13489644847039,1.02449638270423,0.717505861064207,0.484835990755412,0.295351450388133,0.168167326536525,0.0490653526361602,-0.0564031979004928,-0.0664349448763661,-0.0624184158237143,-0.0691328365273694,-0.0287238366709763,-0.0219224270927023,-0.00556181798024042,-0.000754850621049435,-0.0659413126657953,-0.0892970715940698,0.0437625702181533,0.0152311330311881,0.0181416980802872,0.00401254667665438,-0.0205504317029465,-0.0108130547327837,0.222022451504392,0.184894167596488,0.156184000622981,0.122967775149716,0.0969651159964199,0.0707370105604597,0.0404763895174066,0.0116250828284026,47520.1655139784
"281",-0.153727464995994,-0.0600596669175358,-0.0457845961105925,0.0492740829702655,0.119310447123598,0.0700691299712032,0.0547804126580099,0.0179460761181345,-0.763741376097188,-0.0522552114065404,0.0456811080485537,0.220228823790599,0.462893484443909,0.666309911804935,0.798841306982552,0.946086547499493,1.7414382918952,1.00499534999366,0.912293286303503,0.72087615121516,0.481033757660338,0.285553186848426,0.179555936547234,0.050178924158001,-0.0641805780682686,-0.0737676484618421,-0.0570240564223581,-0.064384715713578,-0.0369441514246724,-0.0201916011165906,-0.00770652394133067,-0.0004295606489394,-0.10080263025746,-0.118281243788276,-0.0329725185613813,0.0437411902152421,0.0172116680948244,0.0109934180550168,-0.00284890711651248,-0.00910086779035491,0.225496007756957,0.1858014455706,0.15708486128144,0.125125811641438,0.0990500364947716,0.0706190051635292,0.0395574758391472,0.0114922809095908,47527.1695176977
"282",-0.13617204001827,-0.0672614012167147,-0.0841859165438592,0.0869798841666095,0.094953076164264,0.0755602118414516,0.0611980782658241,0.0195740040991208,0.826272291664527,0.00459534819157964,0.0407791551640647,0.211177424795251,0.49744437660849,0.657919734966153,0.806654232177993,0.947170156185539,0.148260920037351,0.950045051720879,0.926554612231198,0.719797403115039,0.44957519506387,0.297302972360782,0.170713295601147,0.0492278849804487,-0.0637568961652999,-0.0758121891226533,-0.0762996365791669,-0.0622066137024118,-0.041295507433712,-0.0256368601767886,-0.00773579834741342,-0.000754949273040791,-0.0956934376074631,-0.103731959212678,0.0111330876847805,0.00906591540843376,0.0429997860217746,-0.012110502322205,-0.0154938312693132,-0.0133537519464599,0.229788523767239,0.187198023947838,0.153914907243651,0.124712674559044,0.095950352954133,0.0690316706139149,0.0399041386703028,0.0115510449530043,47543.165527298
"283",-0.155436882086302,-0.0226230011088375,0.00304322765308714,0.0738750468894764,0.117338360852871,0.0845399936821754,0.0645167269026828,0.0185220304119043,0.250613342299037,-0.116453055128846,-0.0381731592757933,0.206961881996014,0.473522445983374,0.657007399347747,0.805085852600356,0.947192232043893,0.731143228997319,1.05569159318958,0.986001189923411,0.727420850610014,0.471495822322146,0.292815979091358,0.169906593616177,0.0494082075398047,-0.0593782639529628,-0.0719992289051923,-0.0636178768154635,-0.0687108667638351,-0.0356617474974668,-0.0206377027038615,-0.0051672593268677,-0.00099278993357082,-0.120720978176512,-0.100044302056941,-0.0657924041727822,0.0403902487381696,0.0109079601051023,-0.00400504864685334,-0.0146772936885046,-0.0115452011575542,0.231979958568503,0.186365557639872,0.159209564973252,0.125731910832012,0.0967915972672268,0.0678301491733335,0.0406948439325766,0.0115659317843544,47539.484686411
"284",-0.144591207590138,-0.050505046105995,-0.0575374916207396,0.0932391791633713,0.0899744769230852,0.0531035714748741,0.0729720585422146,0.0199918136026306,-0.298174774951847,-0.124180641450827,-0.0445818993932609,0.208743832550677,0.488819538794111,0.674076580510248,0.798609366266244,0.948266623294002,1.26917768603558,1.07661148180324,1.00580902077802,0.721387733506529,0.462964274802328,0.286881863950379,0.177641868820743,0.0479490618415736,-0.0579971294629626,-0.0703635564065733,-0.0660149253640652,-0.0650878592492223,-0.0417167754955653,-0.0252334000794116,-0.00968575128070091,-0.000656450453966243,-0.0731625617210105,-0.128467861676717,-0.0140136321710809,0.0166398518345799,0.0287249338473853,0.00219201693347824,-0.0296143448079235,-0.0139072431122948,0.227123612375715,0.185056102395077,0.156626225331798,0.125120743348279,0.0950301292608564,0.0694934625463812,0.0405159168962488,0.0116481942924106,47537.4942499912
"285",-0.0927601775337654,-0.0590839971931794,-0.0227783210559583,0.0637086780298144,0.0775615133087176,0.0575770063757875,0.0562500166049947,0.017415153523795,0.297585637302302,-0.040820181417436,-0.022000758456629,0.236087509960015,0.495038551648779,0.664587205832555,0.804564965157179,0.946642938124587,0.662142902947236,0.994957981146278,0.979722644622123,0.695607273348937,0.455667362510277,0.293143121871065,0.172849421061815,0.0504152050611547,-0.0491915424127677,-0.0723114003983785,-0.0617042962989791,-0.0635654964213001,-0.0409423902961386,-0.022663268606521,-0.00813644426084846,-0.000799892099158762,-0.115273189499409,-0.117697074377403,-0.0713531790036745,0.0655008013923345,0.0626001455085222,0.0110258361316724,-0.00357788436841716,-0.0109101678459166,0.226542590440574,0.184802071748901,0.157403543953422,0.123851497923356,0.100217419757635,0.0691517848078576,0.0394513856771327,0.0113106053887574,47540.0679478282
"286",-0.152539726570193,-0.037990048435778,-0.0301385959746517,0.116591091612518,0.0754912197521311,0.0836272793201503,0.062975201932617,0.0162142555787681,0.257711116535014,-0.103961370553628,-0.037243941345169,0.16868035370523,0.505909028602386,0.660147702924099,0.803235939834481,0.949155618667361,0.724898692891036,1.04444767219012,0.993475898521705,0.757570418979086,0.445995441846422,0.290820716079776,0.17209614977876,0.0482882675019804,-0.0647253872118907,-0.0624976485636279,-0.0638994547443182,-0.0588351765706236,-0.0382202435037416,-0.0187079655461884,-0.00401870599228164,-0.00109582301597074,-0.121916956472698,-0.0854693787980233,-0.0508608860248426,-0.0102436761611822,0.0508938258602443,-0.0160518562089919,-0.00879261190867195,-0.012116189482859,0.232685057375181,0.183545533173638,0.158544418266306,0.124298942530969,0.0976929960314656,0.0698393982026772,0.0393362579633002,0.0114327366250285,47535.7696788527
"287",-0.0678445963759965,-0.059156501693784,-0.0323375704280234,0.100498299703978,0.0769437920055803,0.0684786969687053,0.0592049051902007,0.0161731763419496,0.0393621215651254,-0.0906009489763504,-0.0184951318643003,0.219232324289658,0.492272157200202,0.650967218151491,0.807772602958602,0.947949487844491,0.91158539122164,1.0415246300409,0.970594807235966,0.708581989361481,0.46050123572557,0.302077226014392,0.169959742305745,0.0489439065400493,-0.0504698402386085,-0.0824077088628303,-0.0605222865032426,-0.0645903902460156,-0.035381233049318,-0.0189295535162098,-0.00853906550397839,6.90351743123276e-05,-0.123790912879413,-0.0740733051693145,-0.0168575505791028,0.0115401731186167,0.0399816847621843,0.0115601320792316,-0.0152317204374429,-0.00848702127797971,0.22758186839636,0.181998462807795,0.157643627648883,0.125091864899623,0.0991457246670495,0.0681439331009551,0.0399156574086605,0.011354139150111,47536.9861340696
"288",-0.177246157408031,-0.0373418773793267,-0.0370377265631265,0.103912215866012,0.0711246810755884,0.0818092850939691,0.052006555660407,0.0188915442202253,1.30575232319632,-0.0812826699448016,-0.0862615759525079,0.219707411137664,0.50248976880032,0.654830536547308,0.804361288684441,0.947817754121403,-0.326333221254928,1.0269141839607,1.04499780811481,0.702467913091493,0.450217442725617,0.298163755594388,0.175911732864473,0.0490512174846297,-0.0628849937471623,-0.0690854433771873,-0.0702263763915153,-0.0582296056587068,-0.0330962868302727,-0.0258649913131059,-0.00773776222014522,-0.00129822741821356,-0.0152298847816889,-0.103596539812655,-0.04397270353951,0.0297868656941498,0.0490282730152336,-0.00900888060632061,-0.0100038866670529,-0.0135385933990099,0.230254906866097,0.183813727529099,0.157613258663319,0.126702677903867,0.0977028462841025,0.0694753707737164,0.0400285831037367,0.0114122569485366,47535.1434001085
"289",-0.115392312448481,-0.0025049825414741,-0.0301132337697666,0.0556797993067178,0.0874472169823838,0.0767245823769878,0.0579502710515096,0.0193080276917731,0.85489381615427,-0.147120498698464,0.014856220980776,0.204045076050032,0.489923331256853,0.652635180604517,0.815036441305497,0.945061380917908,0.108244749014806,1.07991965332362,0.934368232705189,0.736161344693725,0.458609150103157,0.299717597679956,0.163252133537923,0.0515897999790395,-0.0507214266171375,-0.0610938868516611,-0.0694026529603058,-0.0689590411648483,-0.0393092408670803,-0.0235319029367688,-0.0116836070255328,-0.00107618358263083,-0.101929276952696,-0.137489585342205,0.00573493979313679,0.042259600372779,0.0511627046263361,0.000836199407407889,-0.0133580547864924,-0.0123865346586057,0.228077712968029,0.182874759165389,0.157978582858052,0.124311551844832,0.0988900706418147,0.0694524552944792,0.0399933948297595,0.0115079011733683,47534.9713393019
"290",-0.110431883265613,-0.0815925083751396,-0.0191932384013711,0.0663978266396034,0.0902270253329771,0.082710967046368,0.0628828129988294,0.018432671340428,1.07521525115511,-0.0436803449788879,-0.0338110609666966,0.215320790750907,0.508394779278994,0.652474793732115,0.81536874726498,0.947502150176339,-0.115521537303941,0.998836142818568,0.989574768749009,0.718350343788595,0.439556408573805,0.300333541584358,0.161730655024387,0.048782713268814,-0.0434646854606436,-0.0703661293302959,-0.0633538858982988,-0.0655428936263429,-0.0385774470763757,-0.024790013327639,-0.00608980235255488,-0.000910244155524047,-0.108082972817445,-0.0672651278927279,-0.0749601998519333,0.0536874047858842,0.0401706885499729,-0.0168128218256407,-0.0233312237400143,-0.00999548742636416,0.232154675367286,0.189025266220865,0.152095974603281,0.124380609442542,0.100741975606965,0.0681188800249658,0.0405759680215315,0.0115712499315013,47528.8053414768
"291",-0.111124344647908,-0.0163662528394675,-0.0443844573273484,0.0708585598053918,0.0837608061199045,0.0811410274176995,0.0587909255329817,0.0195538377274829,0.952247469321954,-0.11237783540844,0.00947288810652371,0.213287339158662,0.480448491338619,0.657606758018634,0.812493533195585,0.946673672586369,0.00966419482786691,1.05272555788949,0.947405135021851,0.722366508337538,0.469738587476077,0.295532668819821,0.164269352870472,0.0496657127586524,-0.046218409355668,-0.0660989873267095,-0.0595204956123171,-0.0628773980631785,-0.0335100427245466,-0.023072966317418,-0.00941660054833734,-0.000817740984675515,-0.0934321994837889,-0.136422031864727,-0.0298222350640791,0.0372562736967411,0.0465391272722509,-0.0145689620698239,-0.0104857170145619,-0.0120286171812606,0.226692196718556,0.182235022323338,0.15353257495236,0.123746651041571,0.097057636854829,0.0700882277109772,0.0396711306953326,0.0114721220791028,47544.2408294898
"292",-0.103116606240101,-0.0112418968410822,-0.0272610512694541,0.109588711039885,0.0789073310051749,0.0592595290827926,0.0624348076733218,0.0173208906113304,2.63455394011235,-0.113499918080555,-0.0464990194646183,0.192081310987385,0.4849496252821,0.658769501663842,0.80125270788587,0.948097429826893,-1.67813437523939,1.05262827196418,1.00301551118035,0.736754624064579,0.468941162232453,0.299338646506047,0.175658990274297,0.0487593512088071,-0.0576860896862177,-0.0662371712005794,-0.0717931769555092,-0.0658751666428929,-0.0342605888660119,-0.0237175640831958,-0.00741842080181822,-0.000462499766715175,-0.0540210190554142,-0.129517712646625,-0.0368545604089873,-0.00475112570620277,0.0318735946793667,0.0110644915368935,-0.0143041668460213,-0.00994369345247969,0.23010710833951,0.188913633850031,0.15586181091574,0.125781233684116,0.0983378350769278,0.0698893622585431,0.0396544803915973,0.0112903526217921,47531.656652548
"293",-0.10337600496575,-0.0309620433713003,-0.0502844875657321,0.0832060086248943,0.0879749625440693,0.080582188581055,0.0707638904898405,0.0174343126165121,0.537453251699879,-0.109798986579726,-0.0574360062339381,0.197874466855327,0.499496927213697,0.656254508051296,0.804138434777982,0.948190582815397,0.424942026734805,1.05144035791495,1.01228495724995,0.730731915814762,0.45204584027361,0.297158253797307,0.17146057795792,0.0484927804661211,-0.049898016331011,-0.066061546488803,-0.0597595624582962,-0.0561912547116709,-0.040288372358313,-0.023015659500783,-0.00657513151157015,-0.000899791926358664,-0.117187790216544,-0.109976887266217,-0.00345202451375879,0.0353624728273521,0.0324411435567147,-0.0187721877080799,-0.0272939799968537,-0.00967726268972394,0.229776421804283,0.180742419057314,0.153207005608161,0.123683711306798,0.0977290006797825,0.0698219558163438,0.0402949664650343,0.0113677443633629,47542.6414079714
"294",-0.0978163995102966,-0.0514900767185935,-0.0598533598072043,0.0973924182640308,0.0986688822083459,0.0800819552122269,0.0580304240004635,0.0180854858549115,2.22407711701671,-0.125277736818276,0.0557449415290876,0.190835014806624,0.492894528056024,0.642804193387362,0.812944022456097,0.946767143007379,-1.26247468551801,1.08114104093113,0.911264049563987,0.740989336127543,0.455754601912432,0.309135409941773,0.165201362912994,0.0499328812220432,-0.0491347246122256,-0.071048566113343,-0.0680106428755405,-0.060871392713686,-0.0374939361651421,-0.0249254430539866,-0.00771094201623755,-0.00162513725720052,-0.107711089174716,-0.139931911420543,-0.0484131993163947,0.00442239346990018,0.0225828591399685,0.00327257300818708,-0.0158378163397443,-0.00963101189341991,0.224893378832003,0.187519552379623,0.158461920201813,0.125254805096056,0.0980147095149425,0.0690093460718522,0.0399074901976832,0.0115458196502528,47535.8204177013
"295",-0.116058409824536,-0.0337433997328958,-0.044212107145305,0.0935370117071151,0.102143377694196,0.0721285050963476,0.0627766172253753,0.020264011987965,0.584603955683787,-0.130005035979398,-0.0141484557533039,0.204739459886907,0.470497598373899,0.670566090607997,0.805663186757254,0.948325840271206,0.386899350114644,1.07509235063668,0.970968963410412,0.722795894696417,0.474570573623859,0.282832385135744,0.171779619064945,0.0477586343656323,-0.0623791644870016,-0.0541242266294981,-0.0662428166913621,-0.0614312708456647,-0.0331176541133806,-0.0252431613334928,-0.00710383853380341,-0.00102853152060604,-0.140566796432752,-0.146533370012474,-0.0174013071474728,0.0304203742423112,0.0372242022760142,0.00257013951584302,-0.0152350379337021,-0.0132508697895385,0.22781079712554,0.185254066226092,0.159944466565346,0.126637062335435,0.0950995438031987,0.0697515736587139,0.0403559181501384,0.0113197294555708,47539.5958794618
"296",-0.137177737777764,-0.0244369310298123,-0.0668411689970901,0.0644373465137517,0.0897032963579842,0.081764729207344,0.0590829184802313,0.015353699470593,0.610244757698938,0.00536654969766315,-0.0142891435015594,0.232756550840117,0.479731049472372,0.666393116888243,0.809291880791965,0.948074369860175,0.364277912984713,0.935583026825916,0.976408122309857,0.701664546101489,0.471182872528116,0.285894378942827,0.169112702096165,0.0498540747836129,-0.0623996806124773,-0.0711222058598543,-0.069575532537607,-0.0537987856936079,-0.0341980996354565,-0.0275529148253025,-0.00805247546773792,-0.000756850981104406,-0.132164469274021,-0.117367547762452,0.00710198471900114,0.0368744154072952,0.035086524993225,-0.000763663901934789,-0.0162644819153289,-0.0121355490522081,0.23057604978715,0.185308631906777,0.161273959858067,0.128281250958274,0.0944349283995224,0.0706211813522542,0.0397778305151491,0.0115346303684831,47528.1295672496
"297",-0.131219375064924,-0.0152538645874532,-0.0926679354718223,0.0604519640792142,0.0724688587456875,0.0792849355216864,0.0557294108792236,0.0188312523230471,1.12362843624958,0.010851851668055,0.000275846518062377,0.218785250341921,0.50040797845618,0.666633673033131,0.811907538744582,0.946802042036403,-0.153742897627844,0.927146632994881,0.971215619792668,0.716575011990151,0.452021674029407,0.286276392300933,0.165794649179858,0.0495617201264108,-0.0534563630964256,-0.0626984346191302,-0.0729833344383203,-0.0631248552078301,-0.0350470184903923,-0.0251314753465776,-0.00685559392484462,-0.000712038956184009,-0.0886333212807848,-0.128182493025578,0.0111769024377267,0.0544862844345511,0.0555570202853718,-0.0091474463795474,-0.00837493236577544,-0.0109873131565971,0.222242758531699,0.183742342434146,0.157906957653591,0.12852657406187,0.0974518151406687,0.0679513654923825,0.0398848713521052,0.0112719486212422,47537.9339471389
"298",-0.135242997644475,-0.0309518272336342,-0.0618269245059391,0.0916542885283123,0.0916570594897232,0.0859759631924132,0.0560376643649284,0.0211186779746496,1.43062665446639,-0.0828160958144255,-0.0280078347248515,0.212112011258579,0.492018144796144,0.651084659500168,0.803364044276748,0.946580534810646,-0.466047366577624,1.02624509605427,0.986086522440378,0.713205326713424,0.458324899203722,0.299147708688887,0.174331978323333,0.0494414025185788,-0.0539226145702846,-0.063935554614344,-0.0643611829150934,-0.0464246582116374,-0.0395145232976714,-0.0218128842630942,-0.00507346707769197,-0.000322518537393665,-0.0425576681007532,-0.119616260764678,0.00676323545457319,0.0205638903251827,0.0286222709041554,-0.00320042603508884,-0.00796901089795454,-0.0142231066715007,0.227599805991132,0.187420514800406,0.157150144687148,0.127220674847388,0.0971307805891209,0.0693016604203766,0.0397787828545045,0.011528109897507,47537.6659421767
"299",-0.18479976868767,-0.0755050290352818,-0.0675623708377746,0.0815276070706625,0.10359210986151,0.0591245524117751,0.0594086944264398,0.0156781584966169,0.418041927229363,-0.0592791080574148,0.0534728720864389,0.209279135907563,0.499805788595454,0.671812096874435,0.806518340324135,0.949286624051482,0.562645893927521,1.01673316676037,0.906633806631565,0.722304427942706,0.447800733642876,0.284518618575889,0.171649386062161,0.0483054350080233,-0.0532561484830769,-0.0690803211911638,-0.0483910974362984,-0.0645212384883488,-0.0423815124027504,-0.0243475841615993,-0.00706272238292766,-0.000717378031763307,-0.0313755856753588,-0.114761156746392,-0.0164512443890791,0.0347704939945386,0.0178340367557934,0.0152383542080522,-0.0144979899175266,-0.0111841513696321,0.23251155334348,0.187133421489077,0.157535324323171,0.124638901656194,0.0990992888643671,0.0684099782770718,0.0386473167159961,0.0114544111643973,47533.8489466648
"300",-0.144760602383266,-0.057109593841138,-0.0635986537090479,0.0863363153969933,0.0909481943080606,0.0642676305274326,0.0512548702119067,0.0187689840120501,1.49521458924072,-0.203711585043856,-0.0432371159837043,0.204236836622012,0.485752408582103,0.671825315172908,0.816009759962061,0.946878948907481,-0.516119578690649,1.15360187520877,1.00327063930635,0.723108764750242,0.462999404926702,0.28511665645072,0.162563506779604,0.0499034354951355,-0.0606515433588397,-0.0675977043009497,-0.0577001347088999,-0.0619702846598641,-0.037221237849049,-0.0256748444028806,-0.0100554111137982,-0.000819008368752976,-0.121031590663799,-0.0771121169198017,0.00844611176974387,0.0439267172955093,0.0389053696429107,0.00382056567558858,-0.00306347967219523,-0.0127942795806018,0.232939523645182,0.185682628394497,0.155414215722064,0.125895924100753,0.0969723277573959,0.0691652621422401,0.0394426127525115,0.0115758888527956,47535.8129708377
"301",-0.109705203896153,-0.0153840750915766,0.0237701005751823,0.0763941742031617,0.104809434480382,0.0703649871786809,0.0606623671844303,0.016511184205175,0.27419948706879,-0.10119409125821,-0.066661873224154,0.200722742668043,0.487260646285834,0.656621736718345,0.80607166955918,0.946582758029596,0.69213895611964,1.04100259164908,1.00408296772145,0.732812744891739,0.457297597879778,0.297148921592295,0.172479544228567,0.0505126398303977,-0.0530345229205416,-0.0692655787955035,-0.064390421382691,-0.0696679608909263,-0.037015917388104,-0.0276010816996749,-0.00768930617038272,-0.000642343914671899,-0.123292686374317,-0.134486113509545,-0.0440415807275511,0.0361573166348883,0.0344788751120918,0.0136402464638983,-0.0233838863915862,-0.00867624406437751,0.228549950833371,0.183971505173648,0.158137658402163,0.123376693801971,0.0970227984967337,0.0679504883196092,0.0406553761849774,0.0115583044837854,47536.5075396162
"302",-0.125151108072157,-0.0757032805812485,-0.0248739910962502,0.0862846748262526,0.106564268991346,0.0587122771450448,0.0588406541179649,0.0137866386894353,1.22037796365754,-0.0712276502358597,-0.0466024669415024,0.209820371981984,0.495917940461452,0.661284413798238,0.805957447047607,0.948393812148764,-0.249817859764409,1.02763727723964,1.00025460148935,0.71903599581514,0.448439382130155,0.296467378380485,0.17252260946923,0.0497614911528177,-0.0497836012724745,-0.0726556621427103,-0.064517785632988,-0.0587185185768176,-0.0407167970734245,-0.0219593020827346,-0.00665986425529772,-0.00135685692884296,-0.114505468963022,-0.0953112742718032,-0.0320018269279824,0.0308086500445199,0.0263614905346157,0.00864062122227473,-0.0169135347953467,-0.00928666226953394,0.233488482719101,0.183288066845199,0.157182254632656,0.12641130156767,0.0957443833866025,0.0703577826595407,0.0400532357778497,0.0114745757362564,47538.8040307465
"303",-0.142062249720459,-0.0898115128367377,-0.0986073346705015,0.0863475533475637,0.100460831352138,0.0737550986974991,0.0646142251495904,0.0182866423647098,0.419562703911774,-0.0500369815857124,0.0432207968387451,0.185206004250917,0.490705877051302,0.652387911887543,0.809343481028594,0.945784556005222,0.55968342572886,1.01230288182645,0.92961254826977,0.744854321337197,0.457280425716646,0.301599200855253,0.166378159615053,0.0509462055886295,-0.0751618712586787,-0.0881845341481968,-0.0727811634591157,-0.0646216274639123,-0.0370008855639571,-0.0195480155295289,-0.00542695898533101,-0.000284232030439702,-0.0951840059075692,-0.0738663034011139,-0.00104881830410104,0.0276892402895769,0.0177939827272643,-0.00674164744651962,-0.0178342121736651,-0.0120260209448486,0.234515777195499,0.186981552115315,0.152246557760977,0.12397616891693,0.0971156009695191,0.0686284690189046,0.0402733270324456,0.0113072521317118,47529.0414129459
"304",-0.21485165941376,-0.0471061592118363,-0.0750815018205093,0.0601960233276595,0.103790135905333,0.0641449407375545,0.0679008644948707,0.018844088351809,0.389356587496288,-0.119770976632105,0.0452870772964357,0.216421544641244,0.483576160931611,0.662938712444494,0.809216228479763,0.94668057607408,0.598386396708831,1.06926391088236,0.92331363840582,0.71903145502314,0.465278403475295,0.291044308325956,0.167412201562034,0.0494238315527704,-0.0514638642380618,-0.0733726356749918,-0.0640317127584307,-0.0644904719826097,-0.0368953383265337,-0.0213951556964005,-0.0120150874578647,-0.00128212750323187,-0.0318082922544418,-0.120130227965254,-0.0342506372349211,0.0631757033875937,0.0119368419130508,0.0151132328060428,-0.020481062637408,-0.00826144172236956,0.225659928429856,0.187498676573694,0.155916789172599,0.126359184142399,0.096597158982289,0.0683057178444627,0.0403118703317088,0.0114678848456289,47531.6596402405
"305",-0.134795686551693,-0.069719369922328,-0.0504547463419108,0.0778951312182304,0.114398983023827,0.0746532522683504,0.0696088370715311,0.016790845145827,0.95520670128301,-0.0795794366440265,0.0222575782669214,0.220814801863978,0.483418806255654,0.649361832383734,0.80034568067332,0.948297451673762,0.0179047269622195,1.0357916714501,0.939888284642283,0.710655118318318,0.459058848744383,0.303227276896914,0.175917269549867,0.0490048818550235,-0.0573109419240979,-0.0740470337077072,-0.0603743889347088,-0.061973173528753,-0.0314681273034328,-0.0246998159866784,-0.00868120897571777,-0.000945483862066581,-0.0942950995727488,-0.111530011228905,-0.0416809912109967,0.0396375486296396,0.0131782903547743,0.00988011497900683,-0.0244970684800681,-0.0120747392528615,0.234879708544885,0.188100879313081,0.156846556415653,0.122527873834566,0.0969386177742222,0.0706761787128136,0.0396819062990307,0.0115971580231498,47539.5710326927
"306",-0.123995787748037,-0.00655281363525549,0.00386135117299034,0.0941025455185536,0.0970419994799833,0.0935491579134406,0.0622487726286913,0.0194151609791378,1.45511977824408,-0.0959937721884136,0.00497222706614419,0.198241070186547,0.497317427185131,0.647736265207846,0.811549584581551,0.946033350232167,-0.48901509111495,1.03384803133584,0.947565920880448,0.734276800244698,0.451679888625142,0.300280623721053,0.167357786894896,0.050964690973209,-0.0570272787204475,-0.0754896429778182,-0.061336405273969,-0.0750081895772036,-0.041124426290844,-0.0238015513661478,-0.0103254130327504,-0.000459599344421,-0.0904653401176668,-0.127566505853287,-0.101518103588983,0.0176220473049073,0.0237295527044484,-0.0100258580039242,-0.0238979374536167,-0.0150445632060628,0.229383773727526,0.183826887608977,0.158422835850739,0.123835515729248,0.0968932425346843,0.0696802979605794,0.0398466520459568,0.0113675919905643,47533.6079960706
"307",-0.129318955334353,-0.0672389517717641,-0.0335240637805148,0.091418867018218,0.100112855275872,0.0746978668034084,0.0505442127635294,0.0173044792437424,0.536099603409463,-0.0385780577233964,0.0449714022645613,0.19220793505451,0.476440709573959,0.654139418507678,0.807295462189777,0.947686045905701,0.422120547817196,0.995214461161518,0.908183187449796,0.739671031466872,0.47070337235815,0.296920104724425,0.171883117584313,0.0490460428171362,-0.0479528955371166,-0.0753736512227231,-0.0578384830969454,-0.0587541153001626,-0.0353686909062003,-0.0214092004071208,-0.00647719361599326,-0.0014896429041654,-0.0373744670679955,-0.108313461255579,-0.0427545304537255,0.0038380017882548,0.0344668430602422,0.0178195733927509,-0.00153643708687497,-0.00774029148165903,0.228883466333494,0.185540373503743,0.157773623251935,0.126528397171293,0.0975619765665903,0.0699475523910556,0.0392093385539248,0.0115652860350142,47534.9897385688
"308",-0.114275260972726,0.00195338895831564,-0.0430983270025745,0.096808898305221,0.0963549725322351,0.0584422606869441,0.0570158371922148,0.0166046305138518,0.68549130313898,-0.126527651484621,0.0389603536913932,0.201247289394141,0.500671628352794,0.669174821859802,0.814079067225978,0.948203146389283,0.278980722398585,1.06481375852443,0.919321245547172,0.730735064540111,0.446778310768454,0.288908585055532,0.164156113637979,0.0492115434511378,-0.0404708014305133,-0.0676330918056579,-0.0605680266048892,-0.0706712188400481,-0.0372994123873326,-0.0249770797254479,-0.0107991879770915,-0.00124301704228959,-0.103146561938407,-0.165014029335819,-0.0398342298935779,0.00350378075494988,0.0259987918454761,0.00782146178294051,-0.0126958147813838,-0.0119787484989354,0.229090579192721,0.184315562505759,0.154684124655163,0.125274927993828,0.0988323056637447,0.0696174385319949,0.0397407594219204,0.0115019930287303,47541.1596223974
"309",-0.162742104445467,-0.0175326071132265,-0.0698404586320282,0.0938423559884194,0.0964305124692805,0.0825671304776873,0.0671450543150803,0.0185068517363186,0.104012319677057,-0.0981246530046234,-0.0158739961508798,0.202658362864093,0.500252386822154,0.655410595455851,0.802358882893067,0.945703971490298,0.86505242312126,1.03726038207101,0.982285909114945,0.724404651967349,0.44905400691348,0.296734353159032,0.174092401365643,0.0512790274685246,-0.0422729913721579,-0.0655818499407488,-0.0708747322850141,-0.06069857872779,-0.0378949708963738,-0.0241003917973371,-0.00877130967648993,-0.000791052612418017,-0.0392871333544112,-0.133633548308977,-0.019158702691897,0.0249338973034579,0.0168014767905113,-0.00374897381050568,-0.0214332683387547,-0.0128549452662766,0.221167320769046,0.182183314226904,0.153503078964082,0.123273399931539,0.0973147900178279,0.0698940029797106,0.039011971813345,0.0114417588527038,47537.2531942218
"310",-0.184489623639233,-0.0680964502400166,-0.0720896301626867,0.0868555824738989,0.101011470300961,0.0824235615660809,0.0595744144943932,0.016944896529501,0.268877274269842,-0.0749050298080174,0.022907227529765,0.235403021705804,0.509430583999976,0.666699021390115,0.804368128095028,0.947638394764028,0.718886956511356,1.031151042236,0.943693596671644,0.694948501394222,0.437665462850771,0.287173647999146,0.17207997243414,0.0491862496175763,-0.0613340892495362,-0.0767442644918796,-0.066546500679659,-0.0603908147844071,-0.0344099260937498,-0.0265838922243813,-0.00518761057249213,-0.000549695107377805,-0.0993079870435771,-0.106483200788169,-0.0161137534479972,0.0216291369612445,0.0114348664577354,-0.0179243099225401,-0.00983550079918468,-0.010116848768681,0.228003218229954,0.188043403776065,0.159536183563257,0.126890174375129,0.0967373880210951,0.0701772460823766,0.0394996029791964,0.0116884939713672,47538.1697641461
"311",-0.111025023152308,-0.0191791802119234,-0.0266929410370619,0.0929594704524943,0.0963541493005684,0.0842691687216117,0.0560832757946405,0.0191147014654974,-0.685552487722845,-0.0645149144312522,-0.0898009078721389,0.259169157913324,0.484164176859637,0.659132397369818,0.814535155405683,0.948644711292717,1.65338962805612,1.00560007179327,1.04097513792516,0.672546903486186,0.46532140392293,0.292985491973015,0.165311978890843,0.0477253331173502,-0.0474327566540766,-0.0645041179208293,-0.0715186655611506,-0.0589588231479822,-0.0365103573729443,-0.0226149641806311,-0.00840228954362642,-0.00069351869539339,-0.149068208542091,-0.12324883628412,-0.00991079424447403,-0.0148252972196384,0.024618652735431,-0.0179366233622582,-0.0187081844492309,-0.0119951706596928,0.227392283670917,0.184535641460856,0.159012445799894,0.12396850953517,0.0968032222574994,0.0690010924000291,0.039613859021007,0.0115178559738201,47535.9186376282
"312",-0.168504940371931,-0.0763086357924227,-0.00166215012318203,0.0804818179068475,0.115858357426029,0.0726318697150751,0.0572698723833406,0.0177411997169813,1.37837145293221,-0.137698642291905,-0.0359765683100028,0.205116881919755,0.475829812122447,0.653322529397833,0.808279507409614,0.948340867035193,-0.399612007112682,1.0913570012589,0.983987426975365,0.725145669471485,0.471130598917919,0.299860931233903,0.170490194193911,0.0487540555369936,-0.063161305581256,-0.0572707515063269,-0.0643924340060628,-0.0564184038086881,-0.0310056337321364,-0.0265231526649403,-0.00708592085173526,-0.000998901663354624,-0.0595902201739201,-0.093506753181307,-0.0587097663432959,0.0352164597648982,-0.00644572001549251,0.0115397587008605,-0.0151781276654088,-0.0129703984233939,0.230342391968143,0.180789071139756,0.156589247915254,0.12562318918242,0.0985972877908615,0.0697390488319105,0.0396106635364993,0.0114191502330569,47540.4483288121
"313",-0.156521424827101,-0.0288439793933436,-0.0451970259623025,0.0997251700990057,0.104570023597697,0.068644763106663,0.0635616435195575,0.0201403562348204,0.276471827329175,-0.0687771160144675,-0.0103805805567174,0.162828362430704,0.477896408159959,0.663706260238834,0.80303001148939,0.948531764195884,0.700381040118293,1.01243641543046,0.972128075292381,0.766187782145198,0.468056063206875,0.29180869752722,0.174542672592425,0.04785940301329,-0.067262478215539,-0.0697769208027159,-0.0724897656294163,-0.0646630007558344,-0.0293577131235622,-0.022094766131621,-0.011560358246976,-0.000894702741907676,-0.0884632300145767,-0.122256899252655,-0.0412899095872313,0.0173887131869454,0.0238213301909361,-0.0013020796662249,-0.014054912784522,-0.0150061945673137,0.228143629281852,0.185450257794861,0.156701014804916,0.128924849836277,0.0974856028597892,0.0709395176276405,0.0392802701609545,0.0114117875413336,47535.3064812433
"314",-0.125639110970499,-0.0156492261541895,-0.0366680071008721,0.118265907506099,0.0879157629735173,0.0605264815034837,0.0567621980414916,0.017992641247836,-0.116071858107912,-0.0972233471163697,-0.0133880441855711,0.219049941094757,0.491372511872814,0.659805984818178,0.804038068923569,0.947027943665045,1.09364815786489,1.0401576258974,0.969674267341218,0.705218167598463,0.458120345893544,0.294509415438587,0.173793353361448,0.0502018799724272,-0.0644207995670202,-0.0580151907009727,-0.065214748580455,-0.0553732283339036,-0.0327936840567383,-0.0202404304559872,-0.00613411563193081,-0.00106362716566769,-0.152845280605768,-0.174158485220608,-0.0345416788846929,-0.0237987627775085,0.0304856327615868,0.0181448167220935,-0.00944276104711306,-0.0131226356680802,0.230941499244145,0.18429349324383,0.159211447746058,0.123892672087629,0.0959744948214632,0.0692078702471189,0.0401068632456166,0.0111404119945536,47533.2619337465
"315",-0.130210329737827,-0.0339116986953918,0.00647215938910856,0.0868486009949501,0.105684614085043,0.0711805033013342,0.067445397726216,0.018277804648132,0.515607356964678,-0.0930209544510499,-0.0465656189335254,0.243559183667429,0.478276690985562,0.668561712422463,0.808301537876282,0.94799952160733,0.445247842367375,1.03637086267936,0.991150771708953,0.68819666273406,0.474126453197402,0.286742978133146,0.167628419755756,0.0485268595372424,-0.0387369948868386,-0.0666462404687548,-0.0718077128234844,-0.0746621951207729,-0.0438074595157104,-0.0243851700682081,-0.00498104282808574,-0.000677224479731385,-0.0699744536415328,-0.125070755856292,-0.0483853393616493,0.0258372438937823,0.00276357519954464,-0.00689998320400905,-0.0284127476310843,-0.011019249150389,0.231563654763561,0.182181957293177,0.15769822102461,0.123065010892788,0.0977882824977089,0.0689714424729557,0.0407683484073361,0.0114703115143489,47530.2392169064
"316",-0.0905064907888481,0.0241961986650773,-0.0440572043812288,0.111066325300906,0.092710984973619,0.0798836641190015,0.0624803825010951,0.0163585277336775,2.31837765249583,-0.20103644208705,-0.0541092849764406,0.222584624230727,0.48505567762967,0.658491575544996,0.804033365294088,0.947459752152919,-1.36516247346289,1.12688766062821,1.01421836385564,0.7036095415047,0.461936063388727,0.293112001194391,0.172710398137361,0.0498818383206027,-0.0621519390842252,-0.0557589430503239,-0.0690511579005577,-0.0684436565299252,-0.0368563781585475,-0.0224199470826364,-0.00793243834180932,-0.00109985527929019,-0.0836914769581106,-0.145119300014162,-0.0324373857980635,0.00909292629699379,0.0526775406870624,-0.00135943428603056,-0.0139847852073651,-0.00995663185116829,0.228392617847034,0.185241549318288,0.157599332358865,0.125310224446179,0.0993940890451285,0.0689388476557335,0.0394131619748599,0.0111731333123836,47532.3378452898
"317",-0.139963333412501,-0.0403533344215535,-0.0412846755824046,0.0642840732356328,0.0971624702391536,0.0770900378203271,0.0643555788735296,0.0153635935840789,0.529956329630103,-0.165932358566883,0.0246007497091293,0.216676565176239,0.49532967041283,0.65192338101431,0.803069312256544,0.948181984818186,0.448265175986549,1.11179413291743,0.934324095743739,0.716423946376642,0.453205192554477,0.299850658423461,0.174168073093538,0.0497864699484271,-0.0534504091769513,-0.0682324767885327,-0.0667336509480536,-0.0586964979838536,-0.0370420470963834,-0.0266716607537468,-0.0090166379383507,-0.000661238161725488,-0.125017454924273,-0.118310763012324,-0.0533489474599503,0.0472966149289146,0.0316366179369961,0.0137835253058542,-0.0165696599094829,-0.0124833077616484,0.227677025783506,0.184241524787341,0.154394398489727,0.122432421879278,0.0994855591570325,0.0681399304181442,0.0397935436999742,0.0114103964880858,47534.7930648714
"318",-0.0749709714442251,0.0227373626063844,-0.0534027372380298,0.0865052680225055,0.077329641850574,0.0669599740047881,0.0615861631452618,0.0147619835344115,0.0387956345840531,-0.116502035359492,0.0458316445207171,0.193706222983273,0.494068278511877,0.668847811365806,0.805551292354119,0.947904383513365,0.914668426589211,1.04324855107864,0.912318183111018,0.735324854008066,0.461307897870872,0.28667108834811,0.171938380307354,0.0494732778309016,-0.0366815866378505,-0.0655841979491406,-0.078750309805246,-0.0658638883317325,-0.0374144335775331,-0.0261627878286475,-0.00885654888152044,-7.91436472289558e-05,-0.135627166393636,-0.143014354932326,0.00499020646359679,0.0388849188028607,0.0252017248214837,0.0030171977416322,-0.0117885305172573,-0.00876237120747776,0.2299957451567,0.184511571369761,0.156948022859506,0.129095865417334,0.0982102249573346,0.0695514238235218,0.0405725564363602,0.0116119628164085,47531.0046490456
"319",-0.172946232833421,0.00562251394473846,-0.0618743685107638,0.0646151074019009,0.100484543380282,0.0602830852935699,0.0659285473314687,0.0173856755797718,0.488575489046568,-0.136846759776683,0.0688054856756484,0.201262729627089,0.487422760531359,0.66440009867161,0.803160108094131,0.945812101993581,0.485829337426976,1.07078354737469,0.89199970507222,0.732093569563902,0.46156941675586,0.292742436035099,0.173531007309799,0.0519351846300272,-0.0549259869146988,-0.0705414514619491,-0.0706721174654867,-0.0667739084073418,-0.0355006712028534,-0.0269654417481612,-0.00865695287416894,-0.000821398582100899,-0.0245665093603797,-0.136138169885463,-0.000510644536984042,0.0616690205920486,0.0175398820968368,0.0147562246912079,-0.0213938688497073,-0.0136385305428642,0.232350536432504,0.184178499907854,0.155721132917609,0.125784055712216,0.0976727823314227,0.0684622859902694,0.0388912341420869,0.01152536157024,47535.2308230455
"320",-0.129023691585997,-0.0595178229714633,-0.0565395852114986,0.0856004659107881,0.0812808513839359,0.0840782809440879,0.0614443461230668,0.0161555684033672,-0.544457038072784,-0.0912294024583589,0.0132852506265879,0.24698081959918,0.475334872824491,0.664266586145054,0.803479960776616,0.947421743645931,1.51303404224789,1.03970937043216,0.9447291295101,0.681626222524704,0.477933525987371,0.28804895041169,0.174653883939652,0.0497450077253512,-0.0476219365589214,-0.0569262651294101,-0.0576437568766308,-0.0554092315926723,-0.0439762231225686,-0.0218805486160117,-0.00930865232489091,-0.00119417882066617,-0.0927156601446706,-0.0901943874978591,-0.013301996441052,0.0190790830554224,0.0521966116006433,-0.0219664467288504,-0.0195821592647121,-0.00869005209065734,0.225899228444046,0.184807405794606,0.158478607648388,0.127277310528808,0.0968786544511124,0.0674819433247185,0.0402876409831414,0.0113149596304557,47534.5757531345
"321",-0.146797894467072,-0.0324531173150369,-0.0445807584522984,0.0925453734989158,0.0941911133119117,0.0714449582794592,0.0652976328566556,0.0199532531190283,-0.31526055485802,-0.0963842956457258,-0.0487621178903259,0.18842311271861,0.48813049059663,0.655965452989938,0.809599793571494,0.947897999985467,1.29090734534684,1.04124292708549,1.00338723816905,0.734917273619819,0.461770771864519,0.297177158669267,0.16783168789239,0.0480678633994071,-0.0510680543830484,-0.0615327386312738,-0.0508132023495841,-0.0629668176985229,-0.0344835465272821,-0.0223134020623789,-0.00829674953897722,-0.000670899968147304,-0.105531042773958,-0.133609443744133,-0.025544558130788,0.0608280955974128,0.0195912346972944,0.0123565541107533,-0.025099151588116,-0.0125665898450275,0.226043370781899,0.181039084919824,0.159751226275697,0.126332585564164,0.0980426049959843,0.0686538222015765,0.0402214361298813,0.0116918618882161,47536.8538658236
"322",-0.0312887943480874,-0.0405115846827071,-0.0291181910655879,0.0744398476034659,0.0986680282497177,0.089959486748563,0.0716569195195268,0.0174261385874203,0.888679917650997,-0.108081807117565,-0.098566693682041,0.238316426788197,0.454371174956907,0.643143300716988,0.80818884074547,0.947261689820184,0.0621797770886856,1.05273706913722,1.052295311853,0.695680472045646,0.494956567719944,0.30890069903966,0.168847302632888,0.0501646732792583,-0.0478584353692059,-0.0666376439816697,-0.0556478417110447,-0.0712756311484525,-0.0288799896994024,-0.027549257858884,-0.00826567203623195,0.00019801311772301,-0.209441766740635,-0.101114969385976,-0.0432706330843107,0.0278398904630599,0.0224942650581013,-0.0129675709308241,-0.0344462040898481,-0.0147264099865379,0.227567000151818,0.185383203919224,0.155013853130129,0.123200490167566,0.0970615901259017,0.0712762095124165,0.0403787665530059,0.0116001383291265,47515.2113080042
"323",-0.137260067383981,-0.0365082323767247,-0.0144872235485808,0.0534716447598543,0.0790393781723382,0.0623518127057267,0.0630610080934303,0.0180235513784996,0.914169218150492,-0.00436422318344236,0.00277941768710179,0.224187165598653,0.527580734525749,0.664813946355855,0.800001535686574,0.947733266910184,0.0607075593468535,0.952325307078823,0.949504344181519,0.712546431548486,0.425974986376418,0.292783969846197,0.176586567943078,0.0487015901960136,-0.0632890957214252,-0.0855750739021335,-0.0612282883002779,-0.0641939778375274,-0.0431945724518988,-0.0240845558908192,-0.00686470192851467,-0.000592191436374636,-0.108288365526143,-0.11459906595948,-0.0641672842393647,0.0632572928930969,0.0377883260873361,0.00191227278936979,-0.0102399569337585,-0.0106183840551832,0.229590495641558,0.184209318729215,0.157944661726325,0.126990751544108,0.098669735075168,0.0703776679756963,0.0393832463803977,0.011436540275077,47536.6822794352
"324",-0.145145539934688,-0.0854553329531509,-0.0367681820083692,0.0926161084997066,0.0923198881549739,0.0725754098868766,0.0626225390392041,0.0175545260395258,0.534896386008013,-0.137522783067191,0.00755102118455943,0.22424278820152,0.497348095996211,0.654975276848277,0.808798251110277,0.948126019323359,0.439780677731313,1.09902757611824,0.948215796808302,0.703744334175532,0.451638144680781,0.299401056960901,0.168867826322941,0.0485568293778366,-0.0583126836441225,-0.0826862560761357,-0.0661324779099494,-0.0630480912615299,-0.0381843362774618,-0.0235010839533821,-0.00832184716762313,-0.00105097664066218,-0.103388404598098,-0.101653793737953,-0.0339296055201361,0.0270187983280712,0.0337225464441461,0.004895607580549,-0.017326733195496,-0.00949348310599466,0.229935572392684,0.191532785222373,0.154162226716904,0.125271601329405,0.0991817413529246,0.0689255981572169,0.0393682924690444,0.0114409398324873,47540.3708613853
"325",-0.136561106740991,-0.0780901209169721,-0.0458286913474529,0.0561753130923371,0.10327452734151,0.0959772760079975,0.0692733764793054,0.0155018889290146,0.946665237988567,-0.179600358724307,0.0234736513877083,0.219679657737821,0.495826618898405,0.652766764887922,0.796408503269068,0.947954542779048,0.0258633865818077,1.13612845919646,0.931614324014325,0.71516475188164,0.453197272297832,0.295167360102585,0.180237421547572,0.0495361231134113,-0.0650860210622464,-0.085336587192231,-0.0624530210278142,-0.0582840982030005,-0.0326745800797715,-0.0276858530331171,-0.00728844097210044,-0.00160286771938681,-0.0940794373718479,-0.0721364603446703,-0.0245603722868421,0.0591919448735951,-0.0047453652194482,-0.0118577707517792,-0.0234189672831485,-0.00818911976627427,0.231895917414204,0.187637331524108,0.158722869113993,0.128005756633578,0.0976739645615244,0.069620159652353,0.0403355475257748,0.0115483188115661,47527.8184378215
"326",-0.15888235538576,-0.0191535195809752,-0.0545992851117497,0.0940213590071449,0.0809801219002765,0.069716035807682,0.0610936089138627,0.0169720531550119,0.590464143648893,-0.126109793419859,-0.071385759398376,0.195661185039056,0.509123504830972,0.652105561924963,0.811036989921025,0.948559800489129,0.391631909568109,1.06415732169131,1.03741539152596,0.736826363494639,0.441418770926547,0.303945970982499,0.167212532824891,0.0485140223466796,-0.0585377557160939,-0.073767485867339,-0.0719969669989435,-0.0612872972389213,-0.0311599859496267,-0.0259708384877675,-0.00792891044581651,-0.000509043969488321,-0.0970497998755607,-0.0962087011336565,-0.0348055498933446,-0.003948164714853,0.0288885972719209,0.00913306199538571,-0.0252489139579398,-0.0112702593725666,0.229780749999309,0.184380430122471,0.154368805956133,0.125407974683791,0.0945547232095243,0.0703928198829892,0.0396506601675133,0.0114154662284942,47530.6168735699
"327",-0.101925334799955,-0.0588068325146598,-0.0686349537159349,0.103680029964914,0.0979361585627452,0.0800542119339431,0.0594119761654232,0.0166982204565034,2.18317963548457,-0.110815780279366,0.0536227970111545,0.193723173231437,0.493541203789459,0.645184373083883,0.812002115809305,0.946278511722407,-1.22391989522866,1.06432218253361,0.915153831550521,0.731480866387906,0.454671579215575,0.307539349932876,0.165694788675985,0.0507165846368334,-0.0508267686742252,-0.068600003555207,-0.0686960555337248,-0.0592364027126588,-0.0364537571603232,-0.0251917201636043,-0.00744768220743526,-0.00032932867291908,-0.0954147938487014,-0.127557753127876,-0.0391998837914739,0.00547212901578812,0.0272149610752402,-0.00133874624871399,-0.0180782636165578,-0.0102282558333277,0.225590217088672,0.186751673467911,0.158234209240673,0.125792753487073,0.0978975684242409,0.0688161351463538,0.0398999925209534,0.0115658045316254,47540.1832768692
"328",-0.100518943780767,-0.0256256368698456,-0.0274358568731765,0.0913310536844754,0.068598099677423,0.0907990548202863,0.0574037831410515,0.0172057139096869,0.705476720023221,-0.0423602295340414,-0.0115069923746739,0.218342440430404,0.512465608460336,0.664571580006851,0.804270497818712,0.947450779824618,0.259952212160633,0.982211179613855,0.965923069157087,0.708393167072701,0.443686361261728,0.284106527333394,0.173504431622378,0.0495026131339068,-0.0588012313135187,-0.0615447639213086,-0.0610322235176654,-0.0623743897412514,-0.0367572908232556,-0.0211143563746149,-0.00666077694533773,0.000351277558596931,-0.136001107556012,-0.10810993448979,-0.041519213341172,0.035649896111064,0.0359806691327264,-0.0202798067377499,-0.00724814837093018,-0.0120518578424137,0.229357607061232,0.182753591981872,0.159852582510872,0.124719672764499,0.0972254010203525,0.0695226486485278,0.0395092028671871,0.011697573464981,47538.2463301445
"329",-0.157274199189456,-0.0146149448753737,-0.0703482713842362,0.0836715800827538,0.089536301429163,0.0654333398072722,0.0599036904077556,0.0172125065332413,1.09786685455174,-0.165956301765462,0.020361164749282,0.207662596180568,0.494935918962749,0.670190322424106,0.804418364157631,0.948360083031525,-0.121175433689469,1.09818329307087,0.940337211324812,0.725079380161568,0.457045906717439,0.284976311973132,0.173693097045207,0.0483166297691491,-0.0593115042852657,-0.066310294445265,-0.0636591741797945,-0.0657691951994875,-0.0419030802006181,-0.0245088311857068,-0.00845063532818247,-0.000385592211857666,-0.0648608157910085,-0.0880060816614789,0.0099636509253305,0.0284910882586098,0.0275560193876249,0.00592283892210709,-0.0179031746779641,-0.0099383505674438,0.225522465415775,0.187247614815815,0.157367485158577,0.125917946541478,0.0986219123804875,0.0680090841057199,0.0396165547634439,0.0114580562220986,47541.693025501
"330",-0.14472791304507,-0.0119277698522153,-0.0413768337510415,0.062873753187665,0.0905393769151649,0.0972110968437144,0.0658039465632532,0.0170470149878161,0.411500212415264,-0.168666638956205,0.0462469674780015,0.233639923934719,0.487985750875804,0.664032534275429,0.801185678306294,0.94755682746036,0.561396388014228,1.10239271633522,0.915361845658912,0.704312775307217,0.464921295936312,0.284873723191427,0.175539507013329,0.049363617225381,-0.05422315439415,-0.0627103373135409,-0.0690564336605478,-0.06302749609621,-0.0388448081201396,-0.0233623675835541,-0.00573493770041006,-0.0010662447130627,-0.0916259632075569,-0.104606482481905,-0.0640142406472336,0.0285914702754043,0.0201481687966645,-0.033857748658268,-0.0229451789723875,-0.00968460999571522,0.224982155644854,0.188621327962552,0.162145839763196,0.124715872114453,0.0962540310680329,0.0709106823934187,0.0393560931888184,0.0116379553406256,47534.6533422243
"331",-0.131351369024125,-0.0762151568151883,-0.0398435853516583,0.0896617102563798,0.111680909289184,0.0736041937583526,0.0625900399839418,0.0170921369839379,1.4570487903265,-0.0386534357479402,5.9468760096048e-05,0.216921584651097,0.47909269719498,0.658055164243764,0.806901577992759,0.947456039956657,-0.488257219562415,0.994068299646804,0.958294227535035,0.715379665326121,0.465095478245019,0.295881594227198,0.171084587886458,0.0497604045789398,-0.0470827072470215,-0.0689720789273863,-0.0647521695949898,-0.0671095151704424,-0.0305416906662665,-0.0248650104107524,-0.00984000061977318,-0.000476794910064474,-0.096850868562998,-0.0911301500702977,-0.0343861759847114,0.00595118270985689,0.0153314612608143,-0.00199784148735533,-0.0167659121542953,-0.013097230575247,0.22833849962942,0.184686824525607,0.157901587025497,0.125387741399078,0.0953805513624697,0.0703094518682104,0.0406020237953672,0.0115365460467135,47543.3551808588
"332",-0.123953922568793,0.00653697715475617,-0.0232337905958207,0.0925898048941396,0.0878327872062103,0.0754169421590919,0.055258103022705,0.0187273020275355,0.794300457694812,-0.00908234105391077,-0.0069517984311867,0.220283795730698,0.508616746429106,0.651496149696909,0.80581358343735,0.948517831128008,0.176424486717788,0.952732155091544,0.960650385499851,0.707679004190466,0.443226012342771,0.300695679684058,0.173275547680494,0.0483855606063461,-0.0361115562189428,-0.0743319341360735,-0.0642485836332009,-0.04807786768475,-0.039456580174765,-0.0219231953530958,-0.00691436963492192,-0.00184714760913311,-0.124995336996453,-0.192594211476502,-0.0467021530878341,-0.00523162318507344,0.0311744404651269,0.00661036629833356,-0.0126495900059858,-0.01336289056703,0.227420779753511,0.180471221819583,0.156203974419639,0.126317848456205,0.0965677443613406,0.0696167804963502,0.0397134076900314,0.011432226346076,47529.0461600661
"333",-0.147479526537169,-0.0540781595936616,-0.0179985132535167,0.0862119113777914,0.0637039940202034,0.075205841034595,0.060979963627721,0.0153748368104016,0.472817798288035,-0.075555580721922,-0.0420285323114701,0.207452452878148,0.519205649820564,0.665976884797189,0.810086715376389,0.950014987318108,0.497689651053031,1.02557204727908,0.992626537381242,0.720921479100387,0.437042672801492,0.288749071139839,0.167219030125768,0.0474115812981571,-0.0438265982576476,-0.0753657650369585,-0.05923168975504,-0.0600779408223437,-0.0452851116894229,-0.030947460615286,-0.0115790686407448,-0.00089193005508743,-0.0544952204623445,-0.0933699912182686,-0.0537655064288278,0.0389390758270894,0.0588228430749754,-0.000516013515452635,-0.00998217430239762,-0.010290562229084,0.227481630687671,0.184928325375352,0.157490522255297,0.122815179027015,0.0945345008062706,0.0690600412299904,0.0396040229149148,0.0115590552518701,47531.6873502697
"334",-0.0935599101599253,-0.0606256153908427,-0.0171090694584638,0.0982481901744781,0.116955269472131,0.0864018323806672,0.0552147945376671,0.0161678183483992,0.404945418743121,-0.125819894274042,0.00541619170366834,0.21396081579655,0.473653147263561,0.662633327204571,0.813247259370838,0.946226932952351,0.549121750957868,1.07389653640457,0.947203695418165,0.71344128769126,0.472183343691301,0.288767930319808,0.164740596176076,0.0509699885667121,-0.0678528413845153,-0.0738496733783868,-0.0733087429358686,-0.0631543645876661,-0.0321790203790246,-0.0216901059198422,-0.00807219373634847,-0.00114837700494569,-0.062245882907295,-0.0753431706671172,-0.0432254419463556,0.0195311688382348,0.00111321740646746,-0.0238662301642083,-0.0111464964099253,-0.00802084471297526,0.230558126177166,0.18477346919803,0.154163905985718,0.123199591829024,0.0936807247797821,0.0687482294419657,0.0393887080228705,0.0115551746343166,47530.749055231
"335",-0.0972432144149462,-0.0220057590492622,-0.0444844521434747,0.0830424452283804,0.103995150976062,0.0774988303288453,0.0622876935838219,0.0174747497738373,1.71185823257534,-0.0413135832745784,0.0545201644701631,0.229641168940919,0.492439937810018,0.657080682075662,0.806420450680606,0.947392848408613,-0.752397328888131,0.985523305508511,0.903983171567667,0.706077648932386,0.455746855188885,0.29655462049112,0.172236853655733,0.0494924949894777,-0.0502276264998848,-0.0696112726081081,-0.0759891081493841,-0.065457166946744,-0.0379288545503263,-0.0252289986117459,-0.00929748539353093,-2.24396529807095e-05,-0.116493391913655,-0.150446512045863,-0.0136268376869474,-0.000145131208170538,0.00720927079363784,-0.0089619096214649,-0.0212400698907097,-0.0113417989900811,0.225486326374545,0.184292540575168,0.156810334712206,0.125898446812007,0.0977007501728033,0.0676826089306364,0.0403686007600423,0.011277220228321,47538.9791561095
"336",-0.0779584611538355,-0.0113775256007281,-0.0668135715794599,0.0825579418166751,0.0979894016198403,0.0867843669953273,0.0582315061164123,0.0182656726503214,0.691691888268373,-0.174301717493055,0.0344051816283332,0.200334531048081,0.47772459459746,0.654171567378574,0.805791367912214,0.948338758416139,0.261897774802708,1.11874148041601,0.928688118804556,0.732564683024272,0.469592898567433,0.299410580921992,0.173691664606686,0.0483565479428058,-0.0469259940982782,-0.066482783174114,-0.0633979353576277,-0.0614131633651679,-0.0361452918133692,-0.0256370720506272,-0.00789273659427494,-0.00133246849059781,-0.117244955637278,-0.169896063340507,-0.0171678705837929,0.0247462457209738,0.0340927139939559,-0.0173722596470892,-0.0178859444348646,-0.0116857664867822,0.231957870022256,0.188731622342051,0.156697213942046,0.126235519457757,0.0949214486490867,0.0695192419286517,0.0389704457496623,0.0115579145643889,47538.3599398413
"337",-0.0581500926534731,-0.0765595928182528,-0.0335625006071742,0.108175456460247,0.109813144600307,0.0740891513297595,0.060561617126316,0.0174186750067426,0.802817427102297,-0.185867110800905,-0.0137695315382148,0.203787716247482,0.481821554685983,0.656875169418839,0.804426021317924,0.948666471154552,0.150864576295716,1.13912291498851,0.971028087237177,0.720352200977748,0.462724240519395,0.299172553115339,0.171169011112955,0.0484290134143118,-0.0470051805026987,-0.0654711357983296,-0.0675416719870191,-0.0706538516019506,-0.0380741613054877,-0.0245996325393649,-0.00390210454040731,-0.000952412188460187,-0.155117670684923,-0.0784029080394901,-0.0496160770786226,0.0204054067438243,0.02763201420078,-0.00747823827620478,-0.00699274333648785,-0.0127109285021444,0.228667722877609,0.187802706530288,0.155822280327903,0.124594717906073,0.0953633747891941,0.0685101626559402,0.039559595103741,0.0110926378115064,47531.8714654197
"338",-0.0475339208591155,-0.0134851774445247,-0.020178102582961,0.0590837269131847,0.0839722906683985,0.0639481455564469,0.0621068662850702,0.0183907646260544,1.2897449924162,-0.112306915586712,-0.0338021747534459,0.26444876822026,0.470543423331973,0.656268989919744,0.804952673445916,0.949807965349842,-0.348388664442398,1.048792479662,0.985245749451684,0.670758654522868,0.479453146515522,0.299341917087922,0.171598895396409,0.0467354791285335,-0.0393698742207368,-0.0628944665352252,-0.0704481494248881,-0.0680132133490713,-0.0322643851905395,-0.0226366462455253,-0.00660804010905029,-0.000554525407007071,-0.13473789585381,-0.110856164087641,-0.0179142601597543,0.0549287948620145,0.0546622570191795,0.013744590793505,-0.011778603569418,-0.0131894184416509,0.229435111623523,0.182299320352028,0.153729637404991,0.125973433586037,0.0956074440412924,0.0702638620012088,0.0397434249764112,0.0114326455811681,47529.9223958231
"339",-0.129025852691882,-0.039115539254315,-0.0396531407382145,0.081704400984034,0.0767336383407474,0.0623038890557019,0.05967879924413,0.0194754370368573,0.0980291744510274,-0.0602014390363763,-0.0163626930408839,0.221998743722543,0.519152606563829,0.645107974438664,0.809205154409139,0.946986832936835,0.879892668219673,1.00599002376184,0.973299105070551,0.709395640039693,0.434164131076872,0.311629481883191,0.168175968646991,0.0496794109475546,-0.0716125365392654,-0.0691047798524242,-0.0581686018424885,-0.0603147562119417,-0.0441401737877942,-0.0264600068198749,-0.00883596105699635,-0.000663190159079125,-0.125392022920763,-0.105537916559669,-0.0403162811752311,0.0211173136996063,0.045831411306132,0.0184841791271605,-0.01547738101153,-0.0137629618182096,0.227894008125785,0.186211865297278,0.159448794761527,0.124287583635785,0.0975002295477245,0.0682538929000797,0.0401097777240165,0.0115077088321985,47539.003896654
"340",-0.160651521246579,-0.0310774624205709,-0.052652896827273,0.0961731087471423,0.104669773325447,0.06830716938485,0.0587372290481875,0.0198902593036408,1.25540293555233,-0.059044071717806,0.0565024524624506,0.204261795901986,0.495959406939646,0.659218045533324,0.805072626404112,0.946137589026065,-0.27631099990261,1.00287481946531,0.905477335419005,0.724560653151849,0.449596463388914,0.295393382987989,0.172759911482093,0.0503783949823428,-0.0572021104890067,-0.0695156500782688,-0.0811080583178945,-0.0677042261085569,-0.0354658422771618,-0.0236369826068278,-0.00666976637380551,-0.00104332648935257,-0.0827268488209729,-0.102926119623811,-0.0188503082369746,0.0283190619454651,0.0239204913831456,0.00650216764440051,-0.0110025462203211,-0.0134689354152131,0.231184925070446,0.181628329040285,0.154336742469015,0.128815682303489,0.0968105643201283,0.0694952883597152,0.0393303792531618,0.0114287234912421,47540.0215548375
"341",-0.101109992048782,-0.081302113176754,-0.0539343228894555,0.0773952187866706,0.0970764205412318,0.0715608780871936,0.0609121166303702,0.0172917734779226,1.08111792411823,-0.118855276382848,-0.0433271102866272,0.237783657080153,0.488076118403487,0.661494861292623,0.81195947710686,0.950045300427394,-0.119632848563016,1.07431738288786,1.00271182133667,0.696749544846691,0.461507399640365,0.290740741549933,0.165725066004303,0.0468309573218599,-0.0365782695114943,-0.0723109593826358,-0.0732920251230492,-0.0672357736076174,-0.0464605105667318,-0.0243748197149412,-0.00749709034267326,-0.000780065196449357,-0.125601505897892,-0.0526642445768087,-0.00968825035818721,0.0150748579832264,0.0316741358489753,0.0117861106434549,-0.022703632263885,-0.012561998750529,0.233548583368602,0.186110344577599,0.160749930360793,0.128348685852506,0.0977991560311701,0.0688851698773835,0.0397276299992365,0.0111956659207222,47529.2493224235
"342",-0.134888488295861,-0.0293919511204231,-0.0557071531299876,0.12318606261417,0.0805093649811756,0.0699974241639757,0.0619056629190711,0.0162619717978223,-0.39012015532477,-0.192632413962947,-0.0265817841991633,0.189069209085544,0.491441872821997,0.646634573609314,0.801372290282692,0.947340451039334,1.36807186722507,1.131924776929,0.983309289172841,0.73547501942007,0.457452252781075,0.307382647515318,0.17448079234578,0.0498552147481277,-0.0612541560488984,-0.0657752832644507,-0.0719563843913952,-0.0677770112792508,-0.0339411345276761,-0.0223670298627985,-0.00693954857385989,-0.00114513911973916,-0.152496106083502,-0.0905662823018889,0.0204653100975534,-0.0090419413479558,0.0595679641767559,0.00575557516454797,-0.0073662296192494,-0.00845906515459145,0.22722198594513,0.183774758190391,0.161218406449319,0.126539967778136,0.0958704736047304,0.0706642523319327,0.0406359624051511,0.0115981222239233,47529.2798640322
"343",-0.126592746619151,-0.00170672396049161,0.00030473771135202,0.0699011320033914,0.11306312749758,0.092791063470429,0.0583753939510928,0.0188589047097433,0.353940167450045,-0.0976482974302599,-0.0650941410627363,0.23217321359187,0.487818261738334,0.651909018453546,0.807732913951827,0.946352459686545,0.615308765982231,1.03502609844188,1.01526583239849,0.711473523433106,0.458057114626048,0.299447342619408,0.17159067032519,0.0506357109934709,-0.0636107156453678,-0.0673618143567717,-0.0650692358492993,-0.0654753171812358,-0.03847518293179,-0.0229991516986742,-0.0091070886285147,-0.000342000252898972,-0.0815491366077697,-0.139881058020563,-0.0820782355624187,-0.0153202029245901,0.00549067961278456,-0.0294357415052032,-0.0175188671785276,-0.0146640868456088,0.223531171037723,0.186549277167451,0.15811653841326,0.123898808086981,0.097332424576417,0.0683165271103061,0.0396270590390573,0.0115819754393012,47531.1760134847
"344",-0.136651641889207,-0.0449805276876245,-0.0270712859260635,0.0779425887712197,0.0963913383926854,0.0771539633454536,0.0603878399693327,0.017641591806168,0.720139680059555,-0.230466712928659,-0.00766940433313198,0.207734711716284,0.466211639817817,0.648985769154393,0.803303728436027,0.946646950490128,0.250460266336925,1.18021792309988,0.960635306135055,0.721571470153855,0.484002247082725,0.303036873361502,0.175568916874449,0.0505585370837542,-0.0620603409194863,-0.0776572071090435,-0.0644187626740098,-0.0631311790432379,-0.0392410083268239,-0.0240013895847996,-0.00949835333148144,-0.00119426013880767,-0.091752079346766,-0.119786833474083,-0.0376067151617193,0.0531775707037847,0.0392256413785643,0.0101297287903936,-0.0158038021902178,-0.0117046036471159,0.230722095617121,0.183369460846943,0.156894063472333,0.122508521655304,0.0971798332676373,0.0705515320680371,0.0405800182705728,0.0114703989213919,47538.2069645109
"345",-0.0899975272906579,-0.0320809015257814,-0.0496594333596662,0.0904933343672434,0.0885848332005207,0.0801264445871579,0.0598489453866177,0.0166559804009898,0.557726925056933,-0.141400625950988,-0.0220957221961232,0.215595707248832,0.499800180354456,0.651409457141083,0.809915012187213,0.947756316405719,0.396048319638933,1.08875759513686,0.983969373926884,0.717395971913725,0.449633533701418,0.301503129132849,0.167840169390596,0.0492437697992823,-0.0406849632150666,-0.0775304219941052,-0.0678393425930487,-0.0686650294470213,-0.043814236810289,-0.0247550956217457,-0.0083009819384526,0.00027184527852889,-0.0981089398354387,-0.131505840802666,-0.0421956703255274,0.0045150839894313,0.0450743358964276,-0.00525706225362971,-0.0169345456475255,-0.0114399544365431,0.229480081956252,0.188303447300075,0.157650976808521,0.130267760818728,0.0983511223542269,0.0703913415179702,0.0401084304117251,0.0116111190356072,47538.9645020471
"346",-0.16999814213912,-0.0277849741139697,-0.017698409429914,0.0707222955379703,0.0923310926332683,0.0744509554801123,0.0554901544058439,0.0182941937969916,1.71052278890064,-0.140161427931883,0.00608979114010858,0.217682821511069,0.499437609852117,0.655315928275636,0.802944221704086,0.948024202796503,-0.730812484960089,1.08500165687034,0.944040515980144,0.716820546194323,0.450615841969245,0.301008872987886,0.176083969658919,0.0485539941239771,-0.072792335361565,-0.0832359158788683,-0.0664270754550091,-0.0646194064642743,-0.044800912467537,-0.0227660054367905,-0.00939443288167948,-0.000916509227693032,-0.039964105396048,-0.122469648581385,-0.0258398805230644,0.0333716489809366,0.0370894466487233,-0.0097129720718778,-0.00543820793988122,-0.0109189130707153,0.227877369073174,0.190394905941414,0.158470274389169,0.126140099923127,0.0983438596857296,0.0686877367443597,0.0397452959689582,0.0116407512095565,47531.9707659573
"347",-0.183978500350799,-0.0657741766125029,-0.0387584901216957,0.0963931807762671,0.101157136208093,0.0814098472760753,0.066000200768099,0.0183138457187341,-0.196661358147921,-0.108070103260862,-0.0134236551222376,0.196331487178164,0.472280772003915,0.656646827701982,0.804310791707269,0.949054674011472,1.17677539530786,1.06257210803536,0.96808100209277,0.73609532776095,0.474274232677864,0.297616093407781,0.173210927140952,0.0477432142557413,-0.0455129709680412,-0.0748207386647096,-0.0575287238320442,-0.0704559929420105,-0.0358178696234606,-0.0186313665895121,-0.00610147018849919,-0.00144079876690427,-0.0536876108634763,-0.0902112833784621,-0.0200775414823585,0.00952492175000922,0.0428324614424927,-0.0209129327953323,-0.026711526297473,-0.0117245939362277,0.222673226840255,0.183669972121733,0.154559405357922,0.125287704263502,0.0975658270545395,0.0693093912799337,0.0394694251652248,0.0113358013203449,47532.3189862267
"348",-0.145261283748267,-0.0144246250403889,-0.0559434676243917,0.0829421247225415,0.0752883457109928,0.0760635950112258,0.0577264036681595,0.0185403724553358,1.9594464305926,-0.0636175268823131,0.03712569390386,0.217612523407679,0.506850737715189,0.657920366343309,0.814711659848326,0.945905973800524,-0.989732163283626,0.998519223935135,0.925287423477325,0.711038347384195,0.446606716898392,0.293124663773481,0.1646808435006,0.0510333645631724,-0.0594682628593005,-0.0630720627965904,-0.0723046134603752,-0.0557574976183419,-0.0374977287895318,-0.0241786446158125,-0.00791191542068364,-0.000529878013263927,-0.0489972771849447,-0.121855120896458,-0.0251833787577444,0.0306534096319274,0.0409485901001717,0.00678613928460406,-0.0215617153672194,-0.0134896949865283,0.229285555037632,0.180390915894264,0.157110162806294,0.123354973670851,0.0970995408867812,0.0691613079159829,0.0399415697559636,0.0116394161710803,47535.3792751309
"349",-0.176391719317501,-0.0153535431815475,-0.0294646300785223,0.0569343879832619,0.111901425014582,0.048879436406467,0.0561926711764353,0.0171382852211684,1.75237064662877,-0.0405527478959017,-0.0712359722522097,0.239247890131787,0.46907930321638,0.666201741360316,0.810959561100914,0.948834527002091,-0.772102672867565,0.983106128447107,1.02127424694659,0.701363774003999,0.478196672976053,0.295587264670496,0.16781518572406,0.0478658353793018,-0.0613166379181311,-0.0685825435617748,-0.0639001346289004,-0.0576981628097429,-0.0361404323073574,-0.0261458651568237,-0.00929646942686001,-0.000955692952395472,-0.0352268773565919,-0.138781261151301,-0.00514971158325434,0.0185840636659307,0.0108639662290745,0.00922361065900864,-0.0108799632008275,-0.0101204341708352,0.223511841300221,0.184802303863863,0.156636089915182,0.126984249061093,0.0964123518013766,0.0703490795924023,0.0387488700323871,0.0110940683734763,47525.8101753026
"350",-0.122369893855372,-0.0263834765378871,-0.0440891174316337,0.0835551875604806,0.0878080508895945,0.0784515182070576,0.0521750208808586,0.0184222745541796,1.51458608868962,-0.0764631764570352,0.0523483826796497,0.235543416258368,0.466809670514139,0.653367906421582,0.80670389236645,0.94847325220551,-0.554701422820553,1.01655841164293,0.904248725835986,0.692932931906554,0.484009107423894,0.301223096304968,0.172240585488079,0.0481644950193593,-0.0540563757174238,-0.064732296092507,-0.0701196943254436,-0.0630272475637805,-0.0328124856815399,-0.0235515532046922,-0.00599932925438545,-0.000908524762162687,-0.0638642361834093,-0.113692683629491,-0.0158791588595743,0.0350534266938982,0.0359209942520604,-0.00970775678788099,-0.00502018547720796,-0.0123711148285079,0.228662048509711,0.181130194904028,0.159615303241407,0.126278128868802,0.0943885978579848,0.0693766611856468,0.0395912121432715,0.0115997167727122,47536.6569921068
"351",-0.155417832755885,-0.0227347652917023,-0.0323419800090029,0.118796021247129,0.117787333039964,0.0674285965536712,0.057280680440193,0.0193972151902755,0.263622418677377,-0.0820503233310043,0.0237782932888103,0.183872375932332,0.471863903963118,0.662005040555506,0.808378519739867,0.947252028899725,0.711636966211843,1.03071180409403,0.934809778571163,0.736257083919945,0.478786154281084,0.293488635916752,0.169370495915983,0.0491809255620244,-0.0582622256013024,-0.0742242805158237,-0.0632740522315905,-0.0598891707187627,-0.0366799001920252,-0.0181686415440507,-0.00747028382018867,-0.000827316328998451,-0.0622694802607501,-0.163537681830929,-0.0690792742786473,0.00993987068298889,-0.0235525270433104,-0.00456892366825219,-0.00794838450497158,-0.0125066809537852,0.227021458212816,0.186299721995629,0.157639466833918,0.125518458433899,0.0966008733011189,0.0695140505502045,0.0398451616193815,0.0117094374179874,47535.160326625
"352",-0.159830210485781,-0.0738826945638632,-0.02929834701597,0.0816682162830123,0.0829859726843054,0.0771373298089636,0.0684095267658794,0.0183813852603646,0.06363448931379,-0.158610790793749,0.0346144628237435,0.204091330435728,0.503258067910339,0.651716774451652,0.799408890141066,0.948884868019522,0.91081029017712,1.11425037708093,0.924589365886627,0.72463173002693,0.448042059026373,0.300056970618388,0.177695926243532,0.0478269120904848,-0.0657326455507708,-0.0619518014539012,-0.062191309604392,-0.0585121268956913,-0.0429520401281713,-0.0203468113880545,-0.007196432427045,-0.00130079220933914,-0.0427286913727096,-0.101887613907088,-0.0891452053315901,0.0356293049644824,0.0502218676404899,0.000990991899606116,-0.0239380167538097,-0.0120902692039257,0.226660549694191,0.184174409842357,0.156209425593455,0.127021610892574,0.0956829075171002,0.0688969842286755,0.039734676357618,0.0112986693865538,47537.5087133903
"353",-0.0998950675937707,-0.0417267937977265,-0.0285521181504338,0.0856097577971486,0.0673180898444801,0.0775450071011272,0.0665036472135709,0.0194611234870697,-0.470970595301708,-0.122694482240119,-0.0164553556317287,0.211381240299123,0.515622518584535,0.652916029621731,0.809736956424952,0.946548739598185,1.44296607115902,1.06643636450755,0.971327320197464,0.719160215529095,0.439435661415566,0.300609528668698,0.165872409665357,0.0497901898817413,-0.0680000250738564,-0.0607992661277808,-0.0687835791222298,-0.0663731005175635,-0.0429586031016584,-0.0198195564641949,-0.00911488524112602,-0.000736071542676168,-0.172199113677896,-0.103699208288127,-0.0408692759174421,0.0267609634480387,0.0577726781125778,-0.0101927247608694,-0.0203133851522121,-0.0118968136208756,0.233071012892948,0.185895932198528,0.159699535377528,0.126551492623296,0.0954452259866475,0.0685143118317162,0.0389602174026497,0.011296521878186,47537.4566222253
"354",-0.133628942535833,-0.0083903628758752,-0.046101407105913,0.106186531147485,0.0987373666239055,0.0718937891451108,0.0631616444692137,0.0173958805041918,1.77068894040551,-0.0922577182305779,-0.00616636765711612,0.20347429991728,0.500097221269294,0.670469447996938,0.803785255037757,0.94747377585686,-0.803569689296285,1.0338929321861,0.971190851261327,0.72302606156366,0.44647961448108,0.285637331387425,0.171723176498659,0.0493307291601534,-0.0462529820741846,-0.0731370682406131,-0.0745830879041271,-0.0583990743620636,-0.0410342255508125,-0.0262267558437561,-0.0069067162606745,-0.000403582249555792,-0.0832356805167375,-0.154941778585586,-0.05128125117547,0.00476633306019412,0.038902135372259,-0.0162303343675664,-0.0134953449323779,-0.01034190779064,0.229297153836596,0.189777019289022,0.158858955427864,0.124813232123281,0.0954214358476655,0.0702655559464301,0.0394489576540947,0.0114696493612494,47534.9126153848
"355",-0.122738001378031,-0.0777129214127014,-0.0101760392634637,0.101276870219454,0.0818734031289549,0.0738907126541094,0.0596880270678078,0.0195219061916711,1.62777472046148,-0.0795470780571965,-0.0513961445580945,0.1989731273101,0.513523925076605,0.655860486698347,0.804470416829151,0.947199550988356,-0.664194769056054,1.02923374846129,1.00535264952024,0.728267932546192,0.438147049693285,0.298264872950807,0.173673741597175,0.049138745106756,-0.0404917833633508,-0.0644063392906596,-0.0639114262378358,-0.0668804726686342,-0.0350118829442695,-0.0258026248294916,-0.00965080873929221,-0.000652459298653776,-0.083493859274153,-0.0677939187355223,-0.0660217014956666,0.0160698871154584,0.0270173835220408,0.00478538130348782,-0.0136366735555932,-0.013388619888019,0.230926518765662,0.183071009535531,0.157673154402985,0.127002634619023,0.0963590231320077,0.0695296325174036,0.0397770305701109,0.0114672544637396,47539.4717486818
"356",-0.148232139715044,-0.0563517636449298,-0.0579472006166019,0.0800203015646433,0.096488663681698,0.0653281188692392,0.0579064472107103,0.0161396731639862,1.61987477014861,-0.0151472131764552,0.039656091371786,0.231456969421675,0.473859201171811,0.669429700828581,0.802382229379084,0.948352289142973,-0.646307745290331,0.962443305772484,0.922054147188388,0.702691617477485,0.476856442809381,0.285660005086289,0.174538357914269,0.0486885642035896,-0.0530410608449144,-0.0708943355775757,-0.0669307447801302,-0.0700742730248649,-0.0390494193185737,-0.0228103675257982,-0.00658109838186247,-0.00105616698561535,-0.0932642466059313,-0.0713488667602102,-0.020431863977786,0.0294809580524945,0.0250518225203111,0.000515199793770279,-0.00517480837953017,-0.00822719091991725,0.224937166605066,0.188582588578731,0.158880780194582,0.126667691076893,0.0968879275584506,0.0690038192730514,0.0399961442220234,0.0114910972680615,47539.4507831363
"357",-0.144378393344774,-0.0410731040024912,-0.0422646241817143,0.0661846252277548,0.0917297781228317,0.0616389072028532,0.0632756354957533,0.018351502496975,-0.326151168044817,-0.0942938995327841,0.020164738633031,0.2102594051029,0.496476735693912,0.66866482242471,0.806624601308165,0.947221376764465,1.30069096169055,1.04291859515151,0.935168106177438,0.725044232177529,0.453513988971544,0.288530296689124,0.170620709816266,0.0491389797514212,-0.068595113435722,-0.0852535842145222,-0.0615402809932961,-0.0567756186433737,-0.0415425977646117,-0.0280982348080618,-0.00665413444416146,-0.000703556332296374,-0.0768549620637059,-0.103444397680673,-0.0153938402802481,0.0293381206618555,0.0379471267651578,0.010575099291836,-0.0226991113546777,-0.00924833151804348,0.224745271651596,0.186769217279916,0.159686717332047,0.123635735628997,0.0968348916035197,0.0691953531955779,0.0399412498829492,0.0114392880285101,47540.8384506178
"358",-0.166307441051717,-0.0669881929974997,-0.0592567692220981,0.105476798576921,0.0886812101003062,0.0787461107505743,0.0573933335447386,0.0188977890490581,0.616183024145832,-0.0351433591609376,-0.0689013109827323,0.222937031091002,0.505044793429806,0.651533116861916,0.80588685188732,0.945197755658525,0.360601693297635,0.987468689672215,1.03070802923719,0.696711027736567,0.444321813203441,0.300130568285674,0.172686490279083,0.0513798676251763,-0.0456441312733559,-0.0739971521180701,-0.0633433399353597,-0.0571986852282043,-0.0381442695063554,-0.0224210163182345,-0.00990287151738037,0.000198986859734608,-0.087605937718831,-0.0792972719034758,-0.0260433234478366,0.0345686097533825,0.0378894335118466,-0.000938263720416774,-0.0112808802076657,-0.0120634969688401,0.231230097316374,0.186841776788553,0.155008479737678,0.125430441613624,0.0961608167317093,0.0697828812270883,0.03958662869499,0.0113465171175986,47537.1871796511
"359",-0.147867804997958,-0.0334249045755125,-0.060596746453699,0.100578776455554,0.0773811823957772,0.0913012620127043,0.0615040644866783,0.0172580891465276,0.597273842357886,-0.0649947747092544,0.0610965727181972,0.205621226982219,0.498847831468309,0.655137180649963,0.813213182776027,0.94677177159761,0.373570912088222,1.00496733856678,0.900931875047017,0.719882173252982,0.455799227176637,0.294622641067423,0.163924963957566,0.0501487249438772,-0.050177279734706,-0.0581833246736922,-0.061221454475765,-0.067276157353436,-0.0402757554886151,-0.0226238556619649,-0.00842804811446419,-0.000173343742705065,-0.0713153788538834,-0.104032971482841,-0.0259231357747369,0.0312166126378664,0.0373822730856088,-0.0239216025936685,-0.0165884808645992,-0.0115029569921378,0.2279305241703,0.184027888868056,0.155224523433107,0.12834730263243,0.0971601312671954,0.0678856431927467,0.0389894793122927,0.0112190024937535,47538.3848016376
"360",-0.109902191907487,-0.01129222296328,-0.0239626227721354,0.109164876081414,0.118337800538455,0.0736609367987137,0.0589840151198424,0.0192728096698211,0.906255577053811,-0.225222531827841,0.00139756800916067,0.220823533234622,0.472436658251729,0.660486906760315,0.806482328304031,0.946757015573575,0.0517985733791072,1.16419581118655,0.948025959062788,0.70910114953086,0.47435386403046,0.291456621961421,0.170765594942973,0.0498610511594194,-0.0486277854660455,-0.0628274903858373,-0.0587262172114692,-0.0661267187451235,-0.0448732317947715,-0.0222792516611598,-0.00831398555335925,-0.000253559740143285,-0.0737638156463453,-0.142247451795912,-0.0387855560006902,-0.0254393363183415,0.0027673438740237,0.0116995927482673,-0.00494497149213655,-0.0140711259429851,0.230198920193976,0.183805982084296,0.153658998409673,0.125030229564118,0.09737789413332,0.070079325564453,0.0395773432346306,0.0115988174895336,47531.6162017418
"361",-0.0860856973442667,-0.0595239132723684,-0.0606369451808831,0.0794458060400028,0.0898690259919081,0.0815476807334238,0.059660780674568,0.0181795214185486,1.85948192423455,-0.132682196826373,-0.0478427969980258,0.240485453263006,0.489871022766428,0.65669750975611,0.805354193622252,0.946943964378213,-0.894164987712524,1.08433728154906,1.01054796416152,0.688041240874194,0.459547153918069,0.295029278447542,0.171436118084098,0.0495599991660794,-0.054688055960528,-0.0791448840121967,-0.0605712345264053,-0.0658984031817047,-0.0390431370734034,-0.0211201023553073,-0.00503736281207023,-0.000202759913608396,-0.168189089313235,-0.0768617147246398,-0.0289489806602166,0.0468464501533747,0.0327401505479794,-0.00594364996283343,-0.00841611782774569,-0.0108858578629655,0.224031061080239,0.18804058487107,0.15273152209015,0.124486002801704,0.0967982435350618,0.0694246227704368,0.0394080229433867,0.0114684499880414,47533.682677334
"362",-0.102396370837892,-0.0744610168049587,-0.049741403790625,0.0899589155185247,0.0979436176695734,0.0748586533932635,0.0587250158193049,0.0169879815246564,0.371784816718792,-0.0621192264247965,-0.0183281044484388,0.222532907141525,0.493172524409917,0.646751647139709,0.811649791333692,0.947832990564095,0.593148386110375,1.016317060969,0.980568339918545,0.707448120583387,0.454163961768335,0.305120812713819,0.166302868694702,0.0491944998846334,-0.0522052383194332,-0.0753422681786402,-0.0575733779707451,-0.0580398204654105,-0.029347585100219,-0.0220547026590841,-0.00692174445348874,-0.000636693933831217,-0.147947761721731,-0.0630555859476507,-0.0611355723316155,-0.000291915017197998,0.0186826929926033,0.0115713024381183,-0.0150809545680244,-0.0113758450974817,0.233362759392338,0.18589748858155,0.15608557319745,0.127544634707364,0.097779176799439,0.0680906798827153,0.0386002846102866,0.0115423163036468,47534.5655882728
"363",-0.114979901442731,-0.044709613438774,-0.0461799505302697,0.0837861386302622,0.104425669452211,0.0693357649375844,0.0524871196806929,0.0193422070566593,0.265503350155832,-0.0176470492948284,-0.0411559061617656,0.189752642559489,0.491229105421039,0.659998347545202,0.817480069666943,0.948763742611306,0.705355890465252,0.971039419872593,1.00298355258753,0.737289009564597,0.455698345379317,0.2946228205326,0.16314602669224,0.0478940103093652,-0.0651339746309246,-0.0832382362942937,-0.0738655335416407,-0.0639880537294572,-0.038827329468398,-0.0251826519808466,-0.0125363793255448,-0.00111544497977156,-0.118811059141045,-0.131707099640568,-0.0210638500103217,0.0532375586101488,0.0174758285588702,0.00894001449982169,-0.010001571263351,-0.0138632655730257,0.227558330251495,0.186597630154592,0.1528894428777,0.124188201632174,0.0970750972271739,0.0688542144873749,0.0401881937668256,0.0113678823026256,47531.7774686626
"364",-0.116788705020895,-0.0535341402450833,-0.0233283494678568,0.0959127645646372,0.102090811516957,0.0855844317998513,0.0618509549507701,0.0169697044551195,0.175067160584596,-0.0250743010354282,-0.0930487790383945,0.247598770622527,0.48677967133796,0.652968050147385,0.80742195231227,0.947300580787429,0.796268080366337,0.978422134550475,1.0421668868223,0.685866658516333,0.462329712210934,0.299297934848293,0.169095161302063,0.0500063630331796,-0.0536138802708245,-0.0689025425548815,-0.063511861745886,-0.0610287444177291,-0.0383344068986077,-0.0211319197142897,-0.00847056771595453,-0.00154440826663811,-0.148592790906383,-0.138142165542987,-0.00515463667906947,-0.0215551559327467,0.0214392806830299,-0.0223090244286664,-0.0147676963371613,-0.0109595488617121,0.228806534535057,0.184007458063549,0.158585347697108,0.124343565596665,0.0984118832266289,0.069400974044852,0.0408397415059495,0.0113307085165299,47534.0847243021
"365",-0.178273329516785,-0.0203004262449659,-0.0625644134945959,0.098486001014602,0.0784196392287661,0.0664645214273027,0.0650938202126693,0.0170710942488119,0.658720617511813,-0.167278961985676,-0.0359615798710439,0.225863357814978,0.48230286181868,0.65261565329017,0.803735472182349,0.947944306146121,0.321774935826943,1.11145776575044,0.992798602249086,0.69823419522985,0.469797502865629,0.303977070844892,0.173049876445351,0.049232087262459,-0.0569711094680258,-0.0751284711690745,-0.0617065084710794,-0.0649709262831692,-0.0368016945507725,-0.0193044628416312,-0.00579577597951215,-0.000552058387401314,-0.070938915284605,-0.13155593191538,0.0249105642774042,0.0253509020958028,0.0465012792056524,-0.00614376658920186,-0.0213867143619955,-0.0123896011426366,0.232535144981139,0.184399855057826,0.15681816069279,0.126976429144623,0.0973024270892644,0.0687033951460327,0.0399895925558121,0.0112460293150532,47536.2078327518
"366",-0.0852037095212236,-0.0697225732147757,-0.0440491029201,0.0726127640078359,0.116259887802213,0.076534992589914,0.0561541555219044,0.0182814778037963,0.410129444655001,-0.114013324115583,0.0270959628236845,0.204552121192479,0.469049823298001,0.659235124453462,0.811471869052439,0.945389522534115,0.544115593237041,1.0642540712735,0.933566352256687,0.731680775756494,0.476832254483813,0.293163628556259,0.16635943028905,0.0512841832437511,-0.055590709282615,-0.0672755819364495,-0.0617313457889837,-0.0606210393978043,-0.0368973631108299,-0.0251736591647503,-0.00892292273109461,-0.00013330305402442,-0.104894776562649,-0.0719183313636046,-0.0550543423434989,0.023979453913517,0.0178428295557189,0.0071155980508249,-0.00678475542024712,-0.0109112719973133,0.230468603831593,0.189563233191645,0.15544184710918,0.121168081805349,0.09718708609629,0.0692191249113517,0.0402036421771596,0.0114355541617747,47536.6874604487
"367",-0.108418630556341,-0.0149630356454382,-0.101804249118464,0.0607040847879969,0.0885407604555029,0.0651016818207191,0.063089904689177,0.0173580471572132,1.10402768646512,-0.0794744103784616,0.0152232389428703,0.221777162597413,0.507096884396062,0.649635054812912,0.803939408451141,0.947003567352479,-0.137261678659341,1.01703033807044,0.951126094026354,0.708211346704038,0.442902934015097,0.305556812536166,0.172811292859547,0.0500484730780291,-0.0559324891268188,-0.0673399988091852,-0.0691652136903786,-0.0586989470001235,-0.0425390341723353,-0.0213654008082857,-0.00518797835414916,-0.00147142215655776,-0.149669485077967,-0.119850972703657,0.0469880428817424,0.077105721604384,0.0462860372874857,0.0105287804597534,-0.0182171344307201,-0.00972602184210738,0.227493333965262,0.187718968265644,0.155987202902292,0.125276114070088,0.098171061690945,0.0713695334070722,0.0395712245300324,0.0112151300146943,47529.4723692513
"368",-0.160790535839069,-0.0495746767342839,-0.0532303241220479,0.0687256917600002,0.0698937273399993,0.0630927728056083,0.0655135733940652,0.0188736839558323,1.12915048559586,-0.286294577097469,0.0929776635082738,0.179884116613794,0.507877569312168,0.66924880824797,0.804183821186315,0.948233550102368,-0.155712766417505,1.23705661607288,0.867977880639202,0.752749318267854,0.44815251224945,0.287179117933438,0.173510447701733,0.0480265765806211,-0.0733102368566891,-0.0807290663415592,-0.0637381746803612,-0.0720954943125455,-0.0351575024749119,-0.027714160108013,-0.00681716648845677,-0.000242106873449844,-0.026502413095436,-0.104340350697231,-0.0281651473625132,0.0749444005343882,0.0246881249097176,0.0159096157364195,-0.0266355841994536,-0.012035141207522,0.233310204084055,0.18363252264479,0.154490806458731,0.123693440801551,0.0965459499284672,0.0686453979362715,0.0399803682844164,0.0116657279681796,47521.0479569636
"369",-0.136880065034063,-0.0335747006160544,-0.0508673526385908,0.105366747880311,0.0945741264273725,0.076336646332766,0.0544568677993671,0.0192774057456658,0.0138671948884138,0.00273174310693138,-0.0168258961051406,0.244679209269785,0.499851159783087,0.645045722637355,0.812802633481309,0.94583608043029,0.947212209031021,0.944807943046759,0.977363755464213,0.682896203208642,0.448755510593112,0.306386759258761,0.166999008270966,0.0508132254416572,-0.0562221248033167,-0.0599487545507415,-0.0583799090453882,-0.0592699842570514,-0.0412020377772768,-0.024293606357676,-0.00819028359758452,-0.000542324365435317,-0.00219671215109289,-0.137940801776249,-0.0399248377842078,-0.0202751876681841,0.0322746104409079,0.00870914224347566,-0.0151943023866652,-0.01375078382183,0.228074929002598,0.188868333082429,0.154272786768895,0.123745028487501,0.0964888500023006,0.0691269681172987,0.039784990656057,0.0114427022552523,47532.0591613326
"370",-0.1292969257,-0.0119121524744605,-0.047392423955392,0.0928909682297391,0.0822311348681068,0.0847169975609218,0.0508286642688203,0.0165109973311554,-0.664579235887051,-0.173391169460513,-0.0216911110315806,0.240084367778501,0.50819100656775,0.658145401067883,0.815037845503341,0.946860578264316,1.63545795116464,1.11850795259249,0.98076408881128,0.687173314148632,0.442543475987416,0.294939342339019,0.164496759693103,0.0500840555130628,-0.0537059766939258,-0.0777996823357606,-0.0626890231155521,-0.0600580086658912,-0.0358482073444871,-0.0254037765900158,-0.00894161220388726,-0.000945407856251121,-0.112284255406285,-0.158360083119729,-0.033192812074449,0.0143718250768522,0.031400080398618,-0.0222417070608645,-0.00822316324051555,-0.00875727308349533,0.226583287964187,0.187468234944495,0.157972673251556,0.126999743980836,0.0952262967033757,0.0698399718481341,0.0397469175140036,0.0114595848057914,47539.5203182455
"371",-0.113056401423023,-0.0626865471731506,-0.0426901892605112,0.0791532527054058,0.103647856293745,0.0819254419141687,0.0653447763850106,0.0179543884148823,0.408015149820835,-0.105623602019788,0.0202603399662884,0.223974075116254,0.48029408990536,0.65125262975215,0.804820867371705,0.947064488888848,0.560821741796936,1.0583003393545,0.932321585364639,0.707487779782421,0.468558966548002,0.300665944248019,0.171612043304621,0.0497765683649087,-0.0670178124870226,-0.0739643168088996,-0.0596483894926251,-0.057877646901569,-0.0372042861906686,-0.0272955612354347,-0.00465975140679905,-6.16674242934863e-05,-0.104284401889833,-0.107682119853142,0.00171046034316266,0.0352043738130477,0.0141165696761941,-0.00205788272374312,-0.0223867115989883,-0.0120646002648688,0.226562537809228,0.186552455389421,0.157241474440992,0.125427697001891,0.097504654808943,0.0685914520052571,0.0408036759750486,0.0111428976564338,47539.2811018787
"372",-0.0970264281060597,-0.036148455715727,-0.0460046306099192,0.0887941086992814,0.0989407968789459,0.0678017879492638,0.0536243702346753,0.0204036879827682,0.0791567001691719,-0.122005485839641,-0.0074278766500774,0.224317121444567,0.512489998704678,0.665809803473904,0.81070180097299,0.94763525051469,0.876874969566177,1.06507909335011,0.96370618648883,0.706870584299486,0.435396561088162,0.288090416790219,0.167572459888737,0.0487787875526706,-0.0483189625442945,-0.0699905720155723,-0.0724225928458872,-0.0624833248475159,-0.036400772823832,-0.0262658213528713,-0.00837080404308014,-0.00161279817170607,-0.0891245240687123,-0.111433838001231,0.00105431338787581,0.00653049248653532,0.0123243457752238,0.0156252372297168,-0.00918166422558159,-0.013986189487601,0.231156285409632,0.186727187819579,0.155668411444878,0.1250771454238,0.0996171032848648,0.0715310464300249,0.0391004604952406,0.0114363975160888,47533.1344185427
"373",-0.132312419144408,-0.0167998413569133,-0.0560151325494239,0.11183354747433,0.0801696605138658,0.0842367039176845,0.060818824317244,0.0192006926337127,1.90155037981916,-0.141623883929939,-0.0586864443283169,0.190895241685619,0.489204514513129,0.652111739199964,0.804274622046897,0.946903875582686,-0.939034198243266,1.0917060651972,1.02231457893594,0.730436408772397,0.463890729615368,0.299690877202613,0.173125618355686,0.0497907848562397,-0.0468239739582372,-0.0733264339907967,-0.0699064862246323,-0.0723216533267948,-0.0333467938524633,-0.0250244904748756,-0.00878017112589515,-0.00102887295526365,-0.0666880766686488,-0.190105308319307,-0.0173178868265628,0.0363395461245484,0.0376655359482939,-0.0123311237358172,-0.0154439532713053,-0.0132905727494848,0.227688037971868,0.187465131346426,0.157623928455336,0.127368416117125,0.0957907124577329,0.0680148830157684,0.0390720161526474,0.0115061921581956,47530.1237069327
"374",-0.0830528896220505,-0.0138436491600853,-0.0836949045670885,0.0603360590439658,0.0807264652264936,0.0731692618206083,0.0592058546881826,0.0190468833308652,0.449555249785611,-0.0860660096316954,0.00620013499428147,0.225803632333034,0.498838663928059,0.646788294619207,0.808565444592857,0.946812315906234,0.507382882010319,1.02272187295822,0.960634373702152,0.709013951737874,0.451791646525876,0.305245616905732,0.169609496042081,0.0497983929727764,-0.0393787290610447,-0.0653156070449549,-0.0647087481459468,-0.0726721717792172,-0.0347299158701694,-0.0215270961076621,-0.00918502918216844,-0.000346575679299843,-0.133738852666663,-0.114069914747689,-0.00342840733379663,0.0596177754411093,0.0463915607211502,0.00631772363210253,-0.0143603256380481,-0.0132719759194458,0.229683656744292,0.183497645599262,0.156027338006572,0.125128065548062,0.0986495754117456,0.070250666821745,0.0397078273000166,0.0113094840847538,47541.0144984845
"375",-0.173834098585151,-0.0111825735372126,-0.064280156788062,0.0579605225425499,0.0863011242285921,0.0724900958479421,0.0599801412303622,0.0174860901498508,1.49097803331053,-0.0687345514932614,0.0278446797053452,0.203624641673625,0.509804790892357,0.65511465835343,0.804637724091676,0.948403480247657,-0.505963954817438,1.0065799806322,0.935028820652123,0.737580383613758,0.440471352503782,0.297893946812591,0.173911201149487,0.0487171495346763,-0.0625327328416582,-0.0684278907213335,-0.0669119129978377,-0.0706890417490866,-0.0431077109344347,-0.0236675721551277,-0.00662190170846356,-0.000675255534704978,-0.0913827278829947,-0.117033870935607,-0.0151259426131639,0.0395244533134032,0.0429821880871451,0.00973851870728995,-0.01910514504554,-0.0120151830264362,0.230788848512131,0.185566026803772,0.155541373010244,0.125569458706565,0.0975814893550433,0.0686706965363534,0.0393862780687667,0.0117044596752518,47541.2414865579
"376",-0.052831298514749,-0.0607786346799232,-0.0630849276482703,0.0741344973243349,0.100602145859117,0.076400322464596,0.0604696062396557,0.0185814386226128,-0.301916806332887,-0.0882456494505541,0.0230008416335334,0.264332827785876,0.473362563766283,0.652798152952791,0.808210697215483,0.948462140341597,1.2529163111628,1.04217548526122,0.938446789358597,0.671741363040403,0.471795944573077,0.301664926432483,0.168374659484158,0.0484014503446131,-0.0596198089515518,-0.0719963279281084,-0.0529163210102779,-0.0659034477681906,-0.0419326166037522,-0.0221504573787612,-0.00624743619677342,-0.00098888626826681,-0.152505062058947,-0.106755121742127,-0.0309451368774496,0.00195512815387653,0.0535848027759619,-0.00562428457974035,-0.0136677300939406,-0.0141430737100294,0.233427809610848,0.186876294554841,0.159361030325736,0.127554734719315,0.0971777902366642,0.0688234999349344,0.0405933687654434,0.0114738789160753,47533.0991238472
"377",-0.123141979778374,-0.0271500679428615,-0.0626405194468656,0.0960314496929673,0.0999757632846619,0.0690592417095403,0.0717261320164426,0.0190211746024073,0.473019716000899,-0.125367718737445,0.0344199041735031,0.208772428268355,0.480227889780341,0.654233913338349,0.800940245540229,0.948401914823307,0.493778369476345,1.06412199348437,0.924955372052826,0.715236029361133,0.468145865324103,0.301726832784936,0.173939825838162,0.0483773226272746,-0.0596041181480512,-0.0658785027430964,-0.0681376989828845,-0.0552601511761341,-0.0328828158898513,-0.0249722807954129,-0.00915308945860668,-0.0012201074836708,-0.0883733181214197,-0.0777521151891113,0.015050274877896,0.0337820568959275,0.0213205788279324,0.00281634334877839,-0.0193206310853837,-0.0145729365474585,0.230076062189396,0.183248669611265,0.157566105824179,0.126047503867363,0.0972275575253454,0.0702798642389875,0.039411741113269,0.0113217769269135,47539.2009976382
"378",-0.127775574722901,-0.0136178313901929,-0.040398128230495,0.0878263035043748,0.0851688066699289,0.0733938507816805,0.0549389285833279,0.0197060337895809,0.172568959186717,-0.201044036339758,0.0559610218241012,0.198547969756574,0.488205274570951,0.649637789454591,0.808634832486728,0.946054568634631,0.801734427475305,1.13983657780268,0.897310335258579,0.73056654442493,0.46393649401214,0.303997746962138,0.172246657952568,0.0503941000500188,-0.0625960222910957,-0.0695525674060377,-0.0609593636908888,-0.0565296518237063,-0.0423641270510032,-0.0243715118130244,-0.00672244101050756,-0.000652137826751967,-0.119250452231409,-0.122192414909984,-0.00969325825780293,0.0305401991710466,0.0406451766948901,-0.0010484284234089,-0.0234781054716314,-0.0129233398260594,0.233748107285056,0.185948980094976,0.153223695320385,0.123452572550869,0.0974467064942905,0.0696687324094698,0.0395571508172813,0.0114535870991174,47536.536119416
"379",-0.179411661630344,-0.0244536121738781,-0.043089609427447,0.0537313306577614,0.104712343371576,0.0758936968339659,0.0513865976552598,0.0183310827436158,0.756038997132945,-0.0940521144333199,0.000893412107858537,0.22008011580716,0.484090255811625,0.665675706554872,0.807495627109625,0.945850290267041,0.231190043202617,1.03985355927468,0.955761298156306,0.7201293006439,0.462000160435933,0.287795493029711,0.170594672223059,0.0509990891873138,-0.0606354749336269,-0.0652005372426217,-0.0663463081865137,-0.0680731751998192,-0.0308004090300579,-0.0253636617196865,-0.00789844003853804,-0.000521580682958157,-0.104005803084007,-0.155206639795871,-0.0159675901064586,0.0537946283559573,0.0153060989830818,-0.00606455249295643,0.00512182814235217,-0.0121014781448471,0.228001453619538,0.184681992491622,0.154721301180032,0.125403391887511,0.0993304765469836,0.0698911673724806,0.0392021122456827,0.0114533223800771,47537.8379083484
"380",-0.114889261927386,-0.0399821165884373,-0.0275166797573017,0.0786860909349661,0.0992594814374114,0.0731121678286194,0.0537533399593101,0.0179058936457561,-0.068317651978963,-0.160743703281778,0.010326740122543,0.257209757210345,0.494070584302793,0.641630096928979,0.805172121185751,0.94635080901521,1.03065575030247,1.10520291861114,0.942351186280542,0.673078393137654,0.456420148102544,0.31266638387966,0.173728303445175,0.0503469610085799,-0.0591233537313382,-0.0734396097245117,-0.057932799360893,-0.0678216220694503,-0.0461521108395682,-0.0281131152819274,-0.00486605984385624,-0.00113309132557342,-0.0813617337868381,-0.0902225390071447,-0.0461768385950094,0.0476033560303232,0.0242761430831541,0.00871882909812258,-0.00976094959899708,-0.0101244682244291,0.226727306782581,0.18243364375995,0.153721423846726,0.127717830703276,0.0982998528557103,0.0693668170222292,0.0393382751346371,0.0113238379098872,47533.1645518643
"381",-0.115133017712207,-0.0346736934208675,-0.0730592443781756,0.0655504114338141,0.0660447126578664,0.0819227545692185,0.0689758170545082,0.0205321474024443,-1.36516126437706,-0.179749191282133,0.0458394657353987,0.201374040771854,0.483096693555108,0.656554684286148,0.796849893932387,0.944456434471756,2.33027302530546,1.12444444469367,0.916457766794965,0.734214447493306,0.47153815732483,0.293944953084142,0.179163344770439,0.0519511764213984,-0.0511247613326654,-0.0653842928986947,-0.0594722195204443,-0.0650493381841407,-0.0407876168005505,-0.0207310015839178,-0.00624555691275902,-0.000579851095555459,-0.117048704005057,-0.11906112130192,0.0178436030586004,0.0458075944343509,0.0696306814460687,-0.00525775816100056,-0.0194450273030846,-0.0139055806700092,0.225624897757637,0.186650145424272,0.156529659248295,0.12466608801266,0.0992047409772914,0.0692662007233079,0.039864098836906,0.0113682104577406,47529.3334818296
"382",-0.140705167151738,-0.0574836402461884,-0.056596273451908,0.093225061838826,0.0854930375527046,0.0624450602061445,0.0571774678953422,0.0176815471378761,0.403440288863591,-0.108650100264242,-0.0399273982092449,0.182345305803129,0.49804253248705,0.658627480349967,0.8084148746693,0.947286338269435,0.570000520873369,1.05279432776621,1.00387293586609,0.746639012212085,0.455243425698138,0.296786899842472,0.171007663013895,0.0498219837469887,-0.0601188371339325,-0.0708454104637877,-0.0699518754751428,-0.0645016274238272,-0.0386035797381535,-0.0282417915657178,-0.00679062794272545,-0.000916934101875589,-0.0976374150089626,-0.0573110779724746,-0.026153884600491,0.0311697590623604,0.0272276686618846,0.019370833910046,-0.0193361245292261,-0.0120053963015825,0.224218248655143,0.180076957646611,0.157297818545405,0.126300167049719,0.0995442010755039,0.0688695654434212,0.0405570623605621,0.0112346831178525,47539.1092905734
"383",-0.145843340072881,-0.0726494054729053,-0.0618367317154146,0.0750913133034052,0.0880412563402514,0.0830918082168756,0.0652754165402453,0.0202820773950663,-0.388325227080599,-0.0451732277641578,0.0222117737911578,0.216316080273896,0.487731851144644,0.658006681098218,0.808109818182197,0.945174941248114,1.35969918672747,1.00325615894345,0.941356571191787,0.717170539684786,0.464022716215129,0.296524414079716,0.169803304087476,0.0507920784864681,-0.0473433772049493,-0.0803686870799121,-0.0648410143805617,-0.0688150987172206,-0.0408588792797816,-0.0216521014845668,-0.0101655499424803,3.27765710772954e-05,-0.079060526549999,-0.0968051057056081,-0.0181597134611505,0.0381447899122577,0.0391155501337129,-0.0278890732457307,-0.0262907852014687,-0.0122943067500441,0.227699161676956,0.186145096859537,0.157067320416066,0.128646818626197,0.0988875996920624,0.07024237562125,0.0394226083139037,0.0116810714140894,47537.4463283813
"384",-0.111286347553716,-0.0494833983347699,-0.0307453760790083,0.0921452168414436,0.0932655261938087,0.0734679615055309,0.0533851018434733,0.0175210175410666,0.534232291202825,-0.161202288762023,-0.0188667757970598,0.211181205604164,0.499832995802149,0.649434928832865,0.808833589952279,0.947627896518332,0.429964508221833,1.11107612135199,0.971263200376739,0.717125562338084,0.452759414337685,0.303751113968236,0.170922098720715,0.0495206005312388,-0.0414394443909831,-0.0761477742397751,-0.0669429391322071,-0.0579612438863927,-0.0450903983137895,-0.0230167989213797,-0.00794404353101172,-0.000714161622718594,-0.119223692238444,-0.0904639709214859,-0.0229103087944212,0.0190828698292981,0.0173839391184975,0.0129083585013064,-0.012267756919943,-0.0131736658730285,0.231710696515745,0.188608834364939,0.155926070845574,0.124182826187029,0.0971549170606932,0.0687182646298483,0.0402771063266621,0.0116974150099824,47540.1176438447
"385",-0.133171855856984,-0.0416173788220637,-0.0789828491590373,0.0704097355047666,0.0931246485410074,0.075374986739728,0.0659290061665172,0.015515855148374,0.164702586104425,0.0522620949748585,-0.0415556179829277,0.190643172081588,0.492058256562278,0.652994898315215,0.803691657446629,0.947981823359219,0.801376626964378,0.899061414793023,1.01004532081576,0.740068007551829,0.456602849168126,0.298236189204472,0.172498840787193,0.04900906022149,-0.0516614946848269,-0.0704041361189646,-0.0648745646315989,-0.0668600398609657,-0.0336415794722404,-0.0226121516703969,-0.00673603504045356,-0.000433469808083829,-0.0616487265644167,-0.135561897358123,-0.0102625932349219,0.0679869496560186,0.0267257252487228,0.00623926805156944,-0.0167367989961533,-0.00753347631020582,0.224561508762464,0.186176310842014,0.157995403547723,0.126995067644799,0.0955397548127506,0.0694997555930763,0.0393439284171101,0.0112998846569803,47536.3517729564
"386",-0.164898523279391,-0.0198998631011992,-0.0721450663974082,0.0927256544126484,0.0846124764332002,0.0696690844720098,0.0677877474377872,0.0175734491353365,0.56705579531088,-0.096790297570553,-0.0296213380149983,0.216668121047417,0.492205113261603,0.652533333765874,0.803908586037256,0.945633793949906,0.41147197447107,1.03776209248968,0.991960094468516,0.714559347651914,0.458447530054484,0.302848653708728,0.172284991787664,0.051044211376982,-0.0529860842765314,-0.0724956168960734,-0.0653231020016927,-0.0689672760444314,-0.0418635056873135,-0.0258565658758652,-0.00986021752576832,-0.000895144332287539,-0.0788074679160511,-0.112228834641433,0.013731224613708,0.0264942935784243,0.0435489652700929,0.00211749635869874,-0.0205801053756529,-0.00845787056719952,0.234166777120467,0.183973209884136,0.157042843996509,0.127053475783548,0.0978262148599894,0.0686833785809469,0.04021652343659,0.0112916673755926,47538.366034115
"387",-0.0860685630625078,-0.0665993446779013,-0.0609289653410739,0.10662525957615,0.0786750403463357,0.0655675302941312,0.0646410611808341,0.0173407990613447,0.249719634972064,-0.143820792305753,-0.0119400254265519,0.179194084765206,0.489549252284067,0.666179669900341,0.805926007505714,0.947903074545043,0.708895376764173,1.09307381628935,0.972103683811048,0.748379820743382,0.463608836114108,0.288270413210235,0.172950957618946,0.0488659978472469,-0.0419046317030454,-0.0602294417844371,-0.0681150389865127,-0.0578572416026935,-0.0369598337923772,-0.0318990413313089,-0.00634031662321603,-0.000297486477356474,-0.133859749883916,-0.0904586949328054,0.00447941907535746,-0.0071496435605364,0.0391315827584896,0.0197220149545001,-0.0329380714767033,-0.010942094403059,0.230655083936074,0.182307696353116,0.156631373444206,0.127488781042842,0.0975476816351963,0.068256685098532,0.0396495893107973,0.0113375515676153,47533.3937603181
"388",-0.0977221833828318,-0.0562737701758208,-0.042337035014294,0.114682638935468,0.0830032157674107,0.0731860120613535,0.0599043084224235,0.0165194835495082,0.868631562372245,-0.107470348543644,0.0148417980412946,0.21436361000404,0.49023947913969,0.655456749060971,0.807225110171301,0.948437974901876,0.0969302387137169,1.04947733057558,0.946959413564216,0.711523322927429,0.462287000095914,0.298215807790763,0.16990840906231,0.0484868806150793,-0.0749726759913854,-0.0621205947475284,-0.0659309831091578,-0.070946837537238,-0.0358239619761589,-0.0231049057147918,-0.00988317803299356,-0.000926436184198239,-0.112861910553059,-0.0581444804053213,-0.0536649804563598,0.00199711478862621,0.0360025453317696,0.00118337998608681,-0.00964766581069429,-0.00907453650427602,0.230532670272545,0.18661915546144,0.158773269729183,0.12483894002006,0.0984149380762378,0.0707575454405083,0.0393195553094414,0.0114023693130026,47540.079471204
"389",-0.138704439980525,-0.00389275015654467,-0.0191273497733881,0.0941296255996206,0.10639447566586,0.0743860490660647,0.0563856028458653,0.0179540321795343,0.428341147810804,-0.0630293072528697,0.0105100891772656,0.215545009525889,0.508853798128229,0.662492362190378,0.812385056811206,0.947629170891502,0.541413387495677,1.00852345525708,0.937822902509226,0.712581362468103,0.437851517653136,0.29203355073721,0.165425109425241,0.0490279049034928,-0.0518352217927015,-0.0738245879456938,-0.0606303295968188,-0.0648390097103218,-0.0318174420055994,-0.0251535504223685,-0.0070873696500107,-0.000725030546976286,-0.0803085667041095,-0.179420319468534,-0.0353081823609926,0.0318947235956636,0.00577901102098386,-0.00488511190208209,-0.0117556222086411,-0.0109256153391555,0.226614846890431,0.187961242337219,0.154904495312388,0.125343080622678,0.0963756601139722,0.0701472318746227,0.0398379456087888,0.0116539114412606,47541.0789470854
"390",-0.130025125005973,-0.0769043372895668,-0.0217156067149283,0.100299139874601,0.0948476922762689,0.0693492925504642,0.0612209475536009,0.0183564873428819,0.92288035383586,-0.0558147020317744,0.00210395983482333,0.195922032457567,0.497956920910485,0.656006560826828,0.807591880467341,0.946870429369707,0.0393725887913255,1.01103728969446,0.953853756189261,0.727851192662498,0.448903878301067,0.297136138897769,0.169216757754349,0.0501736352357357,-0.0433078430993567,-0.0802756187630779,-0.0619130039501603,-0.0678611831816438,-0.0412543500432006,-0.0241196665977242,-0.00908883022761765,-0.000740435147131824,-0.0562231614717751,-0.0696847097238011,-0.0691424601381037,0.0489492005334537,0.0403204915146784,0.018710729553124,-0.0152008418694677,-0.0137145306545864,0.231359447008947,0.184941717930847,0.153536273821298,0.124295889593024,0.0992466709091395,0.0682285125459634,0.0392422933277138,0.0115819787847996,47535.7816009477
"391",-0.0880444637191823,-0.0266249368868651,0.00245243365713628,0.103280342386122,0.0911323816394723,0.0774408955464892,0.0591825912342615,0.0184754378698179,0.510904993373583,-0.121357398201144,-0.060004983771331,0.223001181268178,0.486461647850775,0.657847598114588,0.807230760090667,0.945484449509083,0.444525003057391,1.06220011005916,1.00352671967974,0.704558796689016,0.463354342716025,0.29621201181001,0.170076845125269,0.0512169675430101,-0.0410053151114693,-0.0547767923101437,-0.0612590763225342,-0.0681943448498717,-0.0334622958115515,-0.0267981909772468,-0.00886864110432451,0.000128638190160701,-0.121601268798038,-0.13109019877365,-0.0419322179966127,0.00707748238032568,0.0334332156799829,-0.00906073841782547,-0.00749569771843371,-0.0119931389855049,0.229744517175822,0.18839793409658,0.159006229223167,0.124579212973598,0.0997795851535242,0.06842177418176,0.0397060498457881,0.0115063450850333,47538.9593812356
"392",-0.146298952406283,-0.0204733552339062,-0.0212789542473325,0.0836790413209684,0.0874769233448001,0.0765523038928993,0.0688615303184584,0.0179678595259555,0.198424513684057,-0.20495005238289,-0.0161373468816673,0.231402166717678,0.519064418520218,0.654070572577998,0.805564100623919,0.946621911316966,0.768627313620075,1.14298894321642,0.975273488766519,0.700460373621211,0.430576941856861,0.301334475356656,0.1693372877684,0.0499297514472141,-0.0586455964067721,-0.0746720394145098,-0.0634660895066673,-0.0682245715341675,-0.0392862771443929,-0.0224057118500254,-0.00836207358437766,-0.000453962019844589,-0.0444451709199665,-0.111145557079765,-0.0884526610363232,0.0272805393665965,0.0305962868091048,-0.0141435929504979,-0.0190166639546738,-0.0100212064445088,0.227637538935433,0.184805715120886,0.15877680896852,0.123747406533814,0.0978144861553627,0.0691280690033918,0.0399030881245809,0.0118424148440123,47535.9687752673
"393",-0.134548061449423,-0.00983792270620448,-0.0191323625613244,0.0920688666628222,0.0768157925369122,0.0789567843869473,0.0539232466734001,0.0204589940545458,1.55704815441957,-0.129564021921506,-0.00334037142733987,0.191662092663693,0.522166739677545,0.665531378568737,0.808209919515821,0.946466056553181,-0.595534008756815,1.06814110503702,0.956766120360707,0.735496987600974,0.429263997193356,0.289104087143409,0.170775279336211,0.0496410939073847,-0.0452807124380073,-0.0760499432996122,-0.0665148687176777,-0.0614883610281332,-0.0341959777474962,-0.0270435669992374,-0.00870052624577376,-0.000800319004384962,-0.0559036040023779,-0.11009605975835,-0.0513083607038754,0.0415985296463823,0.036201816372892,-0.00645883358463174,-0.0098506593535861,-0.0134418004522337,0.230852488707377,0.181568503564389,0.153833201007715,0.126442984432955,0.0964744905001546,0.0680935397190891,0.0394671562219625,0.0114373008199775,47531.3654124796
"394",-0.148142393475821,-0.013227134843908,-0.0712327876121818,0.0934937779382485,0.0951331511258115,0.0731135032132342,0.0552066828558947,0.0162490088878218,0.667238906947626,-0.154197337016776,-0.000582015803195537,0.18998336295863,0.498446539769196,0.663646210004161,0.808164201735165,0.949350047280125,0.306856673049137,1.08472945521734,0.964528795525004,0.743172405700476,0.45107703167436,0.290142414409769,0.172021121187386,0.0477156314908951,-0.0548278753644475,-0.0657725364499687,-0.0616642573178411,-0.0727835666087704,-0.0413451712407291,-0.0249417223983356,-0.00960475802367871,-0.0013969885093301,-0.081903467655687,-0.0846179854695985,-0.0184318734618892,0.00770447288366189,0.0285201006800669,-0.00047245001524098,-0.0152345588858791,-0.00980284914614155,0.228399566149444,0.184744759802504,0.155595189956213,0.124602491512572,0.0980204348722086,0.0678681377510918,0.0394967017726084,0.0114599172505539,47539.8875483986
"395",-0.102230969989808,0.0152224582344845,-0.0433786109202398,0.0711734125537278,0.0984971090426604,0.0813084983359794,0.0506324250670798,0.0198736998291482,0.102355601153688,-0.0850450154054794,-0.0250672155287362,0.216001769078014,0.482946184413448,0.651512815685826,0.812303386422544,0.945292608265672,0.858631030663032,1.01867198903597,0.979419328479025,0.718639717063072,0.465776121604171,0.298291756183704,0.167323249279127,0.0510455976439567,-0.0552640034262297,-0.0684144778002195,-0.0589069284371097,-0.0589943946187162,-0.0406650585728073,-0.0220411240916719,-0.00837031056591491,-0.000152202540222395,-0.102522185977309,-0.15480085471785,-0.0220193008210081,0.0305583348780526,0.0282199525125685,0.00622934925164917,-0.00688866205336182,-0.0130200875984708,0.227811214966636,0.18199453393183,0.156054165702432,0.122891741825336,0.0985897156134355,0.0703197536055103,0.0409181634430793,0.0115270686330521,47538.8363563041
"396",-0.141731568974176,-0.0598787956902402,-0.0185315599446512,0.0814801379290809,0.0990076485449924,0.0850442098051608,0.0609082751667074,0.0176642058930193,-0.566639041159288,-0.0739592954548488,0.0637248753753874,0.203671722836696,0.478864727215103,0.640304755249186,0.803647397327504,0.946702456058365,1.53706909056333,1.03091762086562,0.887750656424732,0.726705454308805,0.468409545150318,0.311463011966399,0.175074934736485,0.0502768222714789,-0.0515089741739365,-0.0698581474854689,-0.0654917440403795,-0.07232484503526,-0.0374098920714947,-0.0227769694590805,-0.00535357999421402,-6.05741187831451e-05,-0.0813411835284138,-0.133855319031197,-0.0512930243373275,0.0403795305371211,0.0255133604329358,-0.00971659282327375,-0.0239510655692725,-0.011494232963275,0.230799987633975,0.183515465019489,0.15457334298154,0.125168326146199,0.0976716712346699,0.0699377604329873,0.0400558506941141,0.0111685069094538,47533.5238087362
"397",-0.108252037028119,-0.0517856063440976,-0.0485016192200416,0.0858499966311047,0.0955439309496741,0.0768415598997982,0.0654147465701561,0.0167505403954217,0.818188821911286,-0.059747970573368,0.0335667453579605,0.198995338705675,0.476111999169178,0.644841662210458,0.806655494380398,0.947240579782983,0.139775651141074,1.0132472621317,0.924849908488056,0.73488688138629,0.472169853059764,0.308956517328897,0.169326970770871,0.0502361198577026,-0.04164641264917,-0.0674580288475013,-0.064665687504506,-0.06848657795274,-0.0404255723935176,-0.0217041075879199,-0.00643465639599507,-0.000369245700623103,-0.0774474563310497,-0.13709527005594,-0.0292352885357103,0.0166945846906615,0.0486202046969108,-0.0022767676861425,-0.0171690662950175,-0.0131214825459518,0.229433113322308,0.184008415421932,0.158291192608542,0.125586184157923,0.0954743039723475,0.0697552332398999,0.0399562671870433,0.0114073093285235,47543.0195897849
"398",-0.156277649821321,-0.065252616041832,-0.0450357799717441,0.0613986152252009,0.0929632005583551,0.05940176351336,0.0598616400411387,0.018452238100888,-0.336921477620475,-0.171025622191357,0.0962429739690757,0.16943893742918,0.493803101539469,0.660573697950605,0.801203445001876,0.946104964328832,1.31369782013928,1.123084764385,0.860159979627535,0.768393404228908,0.455316087404648,0.295542397662227,0.176541000287948,0.0505233797644221,-0.0592367169983761,-0.0719621502455021,-0.0622962945587923,-0.0674825064358456,-0.0397983917473759,-0.024722356429104,-0.00696939309254317,-0.00105089792809776,-0.0790015756770017,-0.0887804267723616,-0.0299334212197496,0.0628747606865295,0.0334327122014561,0.0220757692877273,-0.014682100353604,-0.0105502176216997,0.228424932764189,0.186046878046831,0.155666723217655,0.127004180232966,0.0975865561236338,0.0694732771692537,0.0399555653818482,0.0114145615340656,47537.9369719071
"399",-0.0956563063606952,-0.0717894787019652,-0.0575959909609303,0.065732608071601,0.0922118287112083,0.084722112662858,0.0701938247277098,0.0195149276999177,0.664387414459701,-0.111871833900772,-0.0104904752361862,0.21183972523656,0.487250804734981,0.64440481218994,0.797232626816434,0.948378096388131,0.291326834956417,1.06710323934066,0.971249586397583,0.72081808071487,0.461343804556538,0.308192956342756,0.177901637809823,0.0475896642348626,-0.0618394610412047,-0.0671647679864233,-0.0711131513344175,-0.0554724939656287,-0.040212632617937,-0.0235300105411386,-0.00570674867378999,-0.000680164010932151,-0.0825432061097073,-0.0981511286677024,-0.00456162075223525,0.0469313840415749,0.0380121159743009,-0.0110349538980071,-0.0198557126581859,-0.0109758749189872,0.225655826164111,0.186080101715069,0.160905629493956,0.124997630691263,0.0953666686821545,0.0685615722608247,0.0397351932448301,0.0113860953270637,47537.2517741468
"400",-0.151294838388262,-0.0478620096031957,-0.0581658788153088,0.0700761542721254,0.07470006694763,0.0838495674380569,0.0644531916673461,0.0157235054926021,-0.686971730914388,-0.0804703062520436,-0.048259360424182,0.215695630190879,0.479049041886508,0.655167331214796,0.81530933802199,0.948143075037496,1.66344903469372,1.03140849251541,1.00840131490808,0.718319464522721,0.474097882602717,0.294856329161996,0.162918872730955,0.0491800011808743,-0.0454480336372427,-0.0599703972531989,-0.0749641939600257,-0.0582652357535868,-0.0400027054762981,-0.0185245655648105,-0.00801180818953093,7.19639967218214e-05,-0.100458501330177,-0.135076514092181,0.0150514872155189,0.0309856260066054,0.0602594811481292,-0.00132899262622952,-0.0295459367518338,-0.0114144194914761,0.233793095161313,0.183856872246906,0.158955906233082,0.1260020662753,0.0961491536897539,0.0675171578796274,0.0399954100666877,0.0113339422479906,47524.1628834042
"401",-0.140410164294982,-0.0222504453962193,-0.0640698640636768,0.0691838220476804,0.0854316131952144,0.064081991774418,0.0678357297039805,0.0183687605911078,-0.519917891633765,-0.022830979463756,0.0538172456044748,0.248124303327984,0.490743378605594,0.665623529121435,0.803974906905818,0.946539245583158,1.48719077512162,0.964549512655142,0.906043964606459,0.687103991570414,0.458846296910364,0.291809578460028,0.172563245979348,0.0500532302787004,-0.0535878549101629,-0.0766390600493,-0.0650502897121839,-0.0695993690889659,-0.0410968620216999,-0.0201081778281198,-0.00764895080054312,-0.000263280592426428,-0.0540653755714666,-0.0996048985579296,0.00375894599530592,0.0333489654778631,0.0518584308804276,-0.00455386012122871,-0.0238733100359226,-0.0116150160964737,0.226658532989927,0.182680124851427,0.157691445242442,0.126092855319251,0.0949439888374313,0.0701064433604131,0.0396541102023311,0.011466472300305,47539.9816841988
"402",-0.161885645279917,-0.0664303335191334,-0.0375836793999896,0.0784060039696775,0.0846196412035026,0.0689390681317868,0.0686496799531612,0.0181830532703301,0.622340726129118,-0.107559927089991,0.0130225874225665,0.219217972160254,0.504630821627367,0.66050937830937,0.804788876374558,0.947014271096237,0.359873317320187,1.06000948325988,0.94573666679218,0.71103312036651,0.447146314735451,0.292006128700474,0.172552937459403,0.0497839962578059,-0.047823554796932,-0.0816324791734619,-0.0612485239613063,-0.0666837317217242,-0.0398491847137496,-0.0240792400387988,-0.00860891899355508,-0.000528651614738134,-0.107084727827292,-0.0713892378372241,-0.0685925035872448,0.0480715207780563,0.0356895486035208,0.0195682603673336,-0.0291417242985885,-0.0125016713520066,0.22273908094948,0.182613396927805,0.156129598223371,0.126917807757503,0.0969693460366696,0.0709641616470193,0.0394288589508353,0.011242546339161,47537.4851121203
"403",-0.134870188445808,-0.0444108437319404,-0.0455521549225283,0.0806957109117696,0.0689050113743633,0.0839138030218873,0.0521511820007023,0.0188159003644805,0.526584672012468,-0.0862795380484971,-0.0447751098614749,0.195269206988386,0.514934520259798,0.661737305790385,0.811841499640922,0.94771220880949,0.44621665516572,1.03207469708398,1.00073381161474,0.735812152252141,0.443695586410186,0.289535865629332,0.167738733550671,0.0487295264120396,-0.059412428194829,-0.066745042311833,-0.0664638803466499,-0.0626414024735727,-0.0396496014044715,-0.0191434370461191,-0.0077664426954487,-0.00063714507019586,-0.0995901461288741,-0.087633307559693,-0.00915086544638488,0.0353049369184325,0.0262069549316387,-0.0131632743889671,-0.00800816503811184,-0.0120801361243695,0.231381199177758,0.184892585112916,0.155615542837204,0.125463089696504,0.0964863119696861,0.0684310155844886,0.039757709919676,0.0114232034835272,47542.5624844308
"404",-0.131559213561663,-0.0803866839851599,-0.0365122172874779,0.0810933693490715,0.0985647983654092,0.0728768989401919,0.0594531056891097,0.018575116525953,0.146152565330677,-0.076008053599099,0.00872146573050158,0.191057846340405,0.480657814906528,0.650947922775726,0.809785794341199,0.949425525791373,0.820833607669477,1.03117935530367,0.949801391133711,0.741026234190635,0.465260962546238,0.303474532902566,0.166816976237803,0.0469359504601865,-0.0570864860159868,-0.0726827792593962,-0.0610980173446908,-0.0637991810048358,-0.0361272131490404,-0.017058987271169,-0.00863771010414047,0.000394245128936192,-0.0512223830844733,-0.0626946260218789,-0.0536909392906891,0.0339639076173252,0.0432521270569062,-0.00374924739888808,-0.00586971714588988,-0.0136266930850345,0.224817838041316,0.190361244480375,0.157073115798533,0.125660361556154,0.0983653360862699,0.0695047760807749,0.0400247963536913,0.01144883522464,47531.4032203731
"405",-0.120402355218732,-0.0303355286167864,-0.0258613602948381,0.105732953077844,0.0825165731796328,0.0775838332697355,0.0608391038596032,0.0182015380376765,-0.245768411572804,-0.0903976307216443,-0.053107374407125,0.217514181574783,0.496277913991953,0.657105483023963,0.804454411011759,0.948449752273006,1.21075648454323,1.02775877413369,1.00655237210102,0.710778156843107,0.456402606154567,0.297090702832655,0.172821559365657,0.0482862180735234,-0.0530380641404355,-0.0629675550961868,-0.0606290182128648,-0.061318541744819,-0.0391434104010884,-0.0228609766434166,-0.00790481430385203,-0.00213327430856525,-0.0899072624526182,-0.0956520368866222,-0.0358165549965641,-0.00308676098499402,0.0250706361507971,-0.0149178495532815,-0.0150100038542061,-0.0108098879146553,0.230504704810044,0.189088519210106,0.15564722751335,0.124363104234332,0.0969655814544522,0.0687151894947554,0.0403727201177829,0.0115660814906318,47537.2781014808
"406",-0.139942513398873,-0.0824554907460535,-0.0349591469845762,0.0950651100730812,0.0993025339864618,0.0665397882931606,0.0695574242483045,0.0184147569486524,-0.215027238504135,-0.152365236337248,-0.0254127284204777,0.189896663031874,0.483862750534634,0.665551502978125,0.801273083355819,0.948806488595914,1.18469135742461,1.11074947547498,0.982821382628524,0.741681578091256,0.463837884973408,0.290426201272114,0.174021326265658,0.0476331631226686,-0.0554303787387795,-0.0760631993475871,-0.0663227533313343,-0.0663681032501075,-0.0358488707063733,-0.0263089521239083,-0.00461138271477039,-0.00130921650858505,-0.0756751396165136,-0.080054787613724,-0.0417879456679722,0.0183055910039019,0.0293687970439186,0.00512724107686011,-0.0260718508757627,-0.0103328576262059,0.230217404332315,0.186201782810021,0.15488346277781,0.125363056065555,0.0992264151115567,0.0702460566342004,0.0400860197121123,0.0114790923462194,47542.3257561634
"407",-0.117379232801894,-0.0408136751635879,-0.0840288268716703,0.0803848439857559,0.0908275706582253,0.0747847371092794,0.0680948377047526,0.017857333738715,1.52700980364853,-0.151595447943937,0.050165278039559,0.238715279965502,0.482387404334942,0.650585748896311,0.804772650385795,0.947340100419982,-0.561151380251768,1.10409558476447,0.923662863202805,0.691422319077963,0.468250074605478,0.303988746920053,0.171313264389287,0.0495300564784222,-0.0475430922420279,-0.0729133096964545,-0.0797884150399962,-0.0656406182731837,-0.0434145725973633,-0.0237434357317776,-0.00687056954697011,-0.00078835007134774,-0.0983767374216055,-0.142770778786241,-0.032432723877976,0.0337223660311334,0.0331536046188083,-0.00244046614548613,-0.0267320982215354,-0.0117359309117998,0.232825745334363,0.185941805937506,0.156465113773192,0.122217847938078,0.0986019696507227,0.0691211909289892,0.0400467873384501,0.0113253458290075,47536.4079354121
"408",-0.157360105721902,-0.0403111666731319,-0.0239885333152218,0.0639111874116336,0.102888266948443,0.074051986043476,0.06111337992058,0.0172722353518829,-0.34305236492303,0.00456478936498982,0.0591833476699235,0.248689999584472,0.469871979445389,0.647102447293788,0.802637463018642,0.94772221805609,1.31423450085375,0.945592906199726,0.897005534280135,0.687002108230717,0.478044280573883,0.307202598704117,0.174440331624755,0.0496069161630938,-0.044657803623106,-0.0876193188383093,-0.069216002359743,-0.0725513107547514,-0.0351962705264617,-0.0250911655114603,-0.0042195995741416,-0.00160587657980751,-0.0550322792125989,-0.117687185526339,-0.0623429362329271,0.0441162458701897,0.0273717026879778,0.000655711757492385,-0.0132692764037904,-0.0120713437032593,0.231198760604054,0.181609249874429,0.154744004964185,0.126414607751237,0.097643757429093,0.0683687866869822,0.0402737888004223,0.0115282412568048,47533.3873230074
"409",-0.0986225253379013,-0.0313792857448647,-0.0542520741206785,0.094642187023981,0.107502034318232,0.0865945660525698,0.0611843914381145,0.0185421284418478,0.212736818695225,-0.166288189122819,0.00377878924506647,0.218402588748078,0.489837441405117,0.643982456108237,0.804826827645413,0.947968329284183,0.750076491234389,1.10877476751146,0.956847793687679,0.713277556606114,0.453321434811572,0.305668471791866,0.171549185092609,0.0483699332451258,-0.0476650575559668,-0.0679393416940074,-0.0675641729568278,-0.0666566855599544,-0.0349515879357126,-0.0174052213395314,-0.00758180928674534,-0.00121367646705966,-0.156321780226898,-0.107527622590014,-0.0146380697327776,-0.0121217052474049,0.0378948374942714,-0.00815128415610201,-0.00810895696385614,-0.0097747027265926,0.229043567114728,0.186078885190986,0.158858933570163,0.123696334840192,0.0963759943822718,0.0697149584781276,0.0394866657743951,0.011473838373197,47537.6609221056
"410",-0.0784278307767701,-0.0497481983413675,-0.0933731890206604,0.0623004680053281,0.0735887328096799,0.0814079637068923,0.0590969883294434,0.0175500895646629,0.533411976376336,-0.209024837181534,0.0248293628881589,0.218396846171473,0.517214358702835,0.646061440882784,0.809502909078932,0.949220849703666,0.424412681679956,1.15373178196989,0.947769886468553,0.717970434323328,0.436994203314573,0.304160880244688,0.168586824075953,0.0475141033620661,-0.0292943149578242,-0.0642531550443004,-0.0750310670720677,-0.0734701213887168,-0.0452280307779634,-0.019140706821574,-0.00523112906769996,-0.000584641387732323,-0.166889668355508,-0.091333728189872,-0.00543241681797656,0.0596189737174311,0.041864580587525,-0.00108835118159244,-0.0202067989062472,-0.0114614562027641,0.223903951013092,0.183777166625362,0.15748477760066,0.122708008828741,0.0986446594776015,0.0691360206777591,0.0395499210514528,0.0113576980931673,47530.7259420028
"411",-0.116418994670514,-0.0376860979986382,-0.0571328797588996,0.0752280671580397,0.100445802363681,0.0642100154605141,0.057938392646089,0.0197036564967311,0.272059352318029,-0.149532757421486,0.00568671149845551,0.209744491195872,0.488076325615054,0.667557710122455,0.812618170894408,0.94822010966422,0.69030457976248,1.09818094568671,0.953543223522959,0.721764281352432,0.46086898902285,0.28973789097381,0.166282834198577,0.0482482932391555,-0.0564838459077189,-0.080800690018592,-0.0703268594549438,-0.0647493052750566,-0.0363509354826084,-0.0296455841784234,-0.00914552058268711,-0.00158803931029149,-0.0812476892375402,-0.102138818563509,-0.00279192193728134,0.0480014455356768,0.0257839060608633,0.00744589090913717,-0.0162982314882364,-0.0129018345945009,0.226456382242306,0.182968307553584,0.159042363719303,0.125775518699843,0.0969122225309706,0.0698629772933523,0.0396004073720074,0.0113271936741532,47540.8971711679
"412",-0.152715173078005,-0.0356522801040469,0.00828102965679482,0.103520379765608,0.0762401305486047,0.0915059127426619,0.0506316735115252,0.0151706728775422,1.42540114098088,-0.0127494608284483,-0.0684729650461211,0.215414480284237,0.507395610128086,0.659292360086844,0.812647306871827,0.947383019494712,-0.450723941055573,0.95347114667842,1.01519299288519,0.712017924020218,0.44575924436061,0.290375537419053,0.168290014365729,0.0506990998733468,-0.0606335873497519,-0.0642778233228546,-0.0573215231310111,-0.0703226045363212,-0.0344354169456467,-0.0236488540291451,-0.00909577740526809,-0.000865138447380163,-0.0838268479757037,-0.0918523767670408,-0.0805755102607888,0.0162021789364879,0.0367949486659566,-0.0189277209776995,-0.0111279299171255,-0.0111980849458527,0.227019371523435,0.187327885727776,0.159225292238309,0.12653139692423,0.0971996201630548,0.0720903682172415,0.0398633283439066,0.0114120166433632,47528.2305471985
"413",-0.144848108567569,-0.0206499040575042,-0.0273019344588174,0.0208756932225125,0.0978797846121097,0.080907197186669,0.058380336963556,0.0174185370440332,0.120361162363576,-0.179344363121297,0.0334220442777893,0.234880845613635,0.478001258493927,0.660461753091441,0.808783896338285,0.947739366960346,0.849711147961637,1.12574487452725,0.921408535688939,0.706896441349286,0.472414183650429,0.292990316593309,0.168283167176487,0.0485764331772904,-0.0578036739628823,-0.0705590440762036,-0.0686030784868478,-0.0672481588615303,-0.0422835129159662,-0.025462077594979,-0.00796334236579376,-0.00156085103263292,-0.0632464256008648,-0.1457946183222,-0.0474411737341413,0.102401862465811,0.0286858688421476,-0.0167588622774064,-0.00734546276216486,-0.0066052379001086,0.229245975337438,0.188249692476548,0.157315486699405,0.126748708714814,0.0982458214153189,0.0682143144816286,0.0394408129631275,0.0114446628260297,47532.4419256792
"414",-0.136819102742691,-0.0516974736202516,-0.0531207084397149,0.0524637107166454,0.0768588671449459,0.0902389567407532,0.0573194629540997,0.0172873604011377,1.7303758933077,0.0103730295058119,-0.00273637420257511,0.220559090210182,0.485339609331037,0.648271538737937,0.804505781037385,0.947555480961818,-0.761714669070584,0.942851938760073,0.961757193023412,0.715086458260354,0.470766563167954,0.300347863832509,0.173093324209504,0.04946745813943,-0.0482138149402912,-0.0709849926571454,-0.0738714453132293,-0.0661663736005886,-0.0419956654845017,-0.0254488497932434,-0.00651838670898945,-0.00116883510333962,-0.0796075003616639,-0.125916775537294,-0.00293317844762128,0.0719763670746146,0.0402853423314434,-0.00149829518820863,-0.00884306962932913,-0.0105311881000048,0.229413520875979,0.184517829038212,0.159425337905905,0.123437455405149,0.0961806756911364,0.069400586718722,0.0400984530739157,0.0113067159091279,47540.6333291359
"415",-0.0747131707798936,-0.0313930945663912,-0.102082800731321,0.0658074530390802,0.102233303716913,0.0945834221983649,0.0590782239751166,0.0199825011905828,-0.501949688061023,-0.13342197911561,0.0497343971732377,0.232682862941054,0.485673888789258,0.642099298563278,0.805342138199706,0.946192344993907,1.46436285847773,1.0768058525647,0.922181584341328,0.701129680127264,0.461590070610845,0.3077475509661,0.171746952858554,0.0504163137983878,-0.0418304115464349,-0.0663808513112955,-0.0705298589667245,-0.0624053705508021,-0.0421833997442428,-0.0248581968187662,-0.00772010856464645,-0.000791923086649988,-0.176767054372073,-0.132080197321305,0.0176151096310396,0.0416775435232188,0.0363432290074558,-0.0141523535076253,-0.00636766790732417,-0.0147085615209338,0.228910791940372,0.183855894193214,0.15641451747362,0.126223433371615,0.0965121375260904,0.0700627295987172,0.0394434057886987,0.0116185978333438,47534.5435162256
"416",-0.069442403912518,-0.0630767769828082,-0.0324500007338255,0.0780106958216864,0.10662674298249,0.0696671317386592,0.053445068341954,0.0159647376320306,0.549514708041366,-0.0855739376236023,-0.00352048882153805,0.243864065903026,0.48127191008797,0.658267495437785,0.807976503121103,0.948442316506586,0.404510200074474,1.03631695076716,0.954786928881502,0.687940744883598,0.46638226744091,0.294561348596379,0.171580848925267,0.0490494053854267,-0.0453706511150814,-0.0646056602203981,-0.0659014649444519,-0.0572949929257523,-0.028580294431941,-0.0247612834838195,-0.0072308296820183,-0.00139735933537929,-0.149715306792961,-0.111338307234375,-0.00363998908974927,0.0194586523457801,0.00140445174874628,0.0167312904404135,-0.010653807028082,-0.0105615666661851,0.226401587397008,0.184136125746742,0.15478733895305,0.127517760751602,0.0971732053579653,0.0707727479875948,0.0393083119753408,0.0115394405315861,47537.7068372763
"417",-0.120814577415239,-0.0676052588122062,-0.043468574375035,0.0694018890691498,0.0992177222929816,0.094234093024897,0.0668909553275331,0.0172732316559914,-0.691037088231097,-0.168882484251667,-0.022896602676579,0.21908312330495,0.501359985502062,0.642947188661708,0.801081861510974,0.946251041147574,1.66518659559449,1.11595719393948,0.982275012881252,0.718966972956336,0.449192983945892,0.307187097481566,0.175679794603284,0.050843332589635,-0.065395549962752,-0.0680737936075679,-0.060917243841618,-0.0594534395024282,-0.0347863743641243,-0.0212719722414144,-0.00486538720568863,-0.000489960212085018,-0.142255515356716,-0.0579191771458634,-0.034887388712278,0.0135705579293844,-0.00063910068170448,-0.0248673955283306,-0.0243917981960632,-0.0110666092662003,0.235177305719182,0.186767622669865,0.154810925573564,0.124028769736149,0.0954367555303842,0.0692297748354381,0.039210148124454,0.0114219478463123,47533.8426109921
"418",-0.192020188746421,-0.0620619428991944,-0.0444458033166048,0.0782320970794371,0.119913196532303,0.0754849239145383,0.0553479821983935,0.020089285374919,-0.429023705791449,-0.123354202131687,-0.0472158566329795,0.24553825370984,0.490019170486908,0.659369888814189,0.806404118263995,0.946947095586004,1.41865532033192,1.07404411900863,1.00535778284782,0.686995342798439,0.449349160018779,0.294145943367476,0.172503417009149,0.0490893084143011,-0.0648770582441468,-0.062707723255074,-0.0655242620861814,-0.064993726516413,-0.041143225625186,-0.0230716346705348,-0.00812238879324626,-0.000323247266536957,-0.0777562508865354,-0.102053314931067,-0.0338792263939314,0.0233054820720681,0.0291067755765225,-0.00473658850211254,-0.01172503745302,-0.0129666035797058,0.227113533616344,0.182393185181737,0.152813996386996,0.125805288905669,0.0991705051956936,0.0702206750382445,0.0402068594737254,0.0115089193946865,47533.4475829012
"419",-0.0868917586701684,-0.0258466893469746,-0.0261532827060568,0.0785287624495475,0.0884340221615496,0.0722668347490987,0.0551725739562368,0.0189100139768822,0.749101402612597,-0.0627998346369813,0.00450391407868688,0.250946217815928,0.491070337160994,0.659777285583725,0.803221208700664,0.948281245546653,0.205433038570859,1.00893698953633,0.951878919438531,0.674721585612714,0.456636137842143,0.294518386840952,0.175689267466844,0.0483744384261486,-0.048627570277134,-0.0700794780614239,-0.0595685572726173,-0.0565282884974724,-0.0393107450748681,-0.0228874914902375,-0.00594342455929489,-0.0014655628032059,-0.102845632175498,-0.146788674610213,-0.0662604601565213,0.0467415659125952,0.0546361057658798,-0.00297649478211553,-0.01169699333143,-0.0121790483781025,0.232755690526661,0.191894088362458,0.156764018294407,0.126386581141952,0.0957068917316608,0.0691389087405807,0.040177016619367,0.0113909321234918,47536.9524497992
"420",-0.122508153209943,-0.0198705024475049,-0.0554878073282113,0.0555962026488682,0.084180703455764,0.0665695799351512,0.0537236845435148,0.0195803138491712,1.40763560563775,-0.150300082101622,0.0416167379278006,0.228358977604629,0.502750800746067,0.661493569524673,0.807837337980763,0.947092249622078,-0.44321357612245,1.08720798771497,0.917663966888428,0.709581390489527,0.448638655187994,0.292665266482239,0.172066325068246,0.0490098444871984,-0.0571717827621886,-0.0760478309817257,-0.0558525889179102,-0.0684886137489061,-0.0396289477815175,-0.0257233704472409,-0.00673719103329809,0.00012491829631636,-0.0725346626046678,-0.0898583253653248,-0.0238566185389215,0.0507898854959942,0.0332443144973052,0.0146385925037279,-0.0132424557933192,-0.0116644977907723,0.228187150784973,0.189177874398266,0.156175571989006,0.124751852997864,0.0969055152823385,0.0689435105792384,0.0401209705651378,0.0113928422711833,47540.5409596149
"421",-0.134677935516999,-0.0610869053530043,-0.0609122856427305,0.0952137964907691,0.105741769952943,0.0760052186499666,0.0631218690511844,0.0175261734292132,0.867002625165358,-0.0156742363515349,-2.14250972264352e-05,0.220731766224904,0.482685373892231,0.664610306597968,0.797063219274209,0.949584548750796,0.108558550711766,0.971933651097979,0.963748836925747,0.711243760305401,0.46305919041558,0.288649004973272,0.181290138279545,0.0471402949721343,-0.0563997002549948,-0.0700081019738097,-0.0696024571294468,-0.0677923869045718,-0.0325609743090589,-0.0270976180255431,-0.00593122238841995,-0.000369816906379794,-0.118945098171445,-0.128337434557758,-0.0182909732696589,-0.00749110482091843,0.01801782152575,0.00308135417996438,-0.0225115328536436,-0.0114801828293419,0.220676688035108,0.18506085904016,0.158428157538151,0.125599827113718,0.0950912611463533,0.0690858884557113,0.0395195857189699,0.0114605569762421,47535.8346325358
"422",-0.0932623988745472,0.0189469648229649,-0.0586768022347676,0.0650095714052118,0.118128117992704,0.0885885732745615,0.0657514404088397,0.0173830531103229,0.589223504752368,-0.0380115065196805,0.0359434682343432,0.217222612257825,0.470690673583242,0.64682803822695,0.804270272219236,0.949606744974384,0.376496289029119,0.971769112589558,0.927186016003218,0.717383141951408,0.473017012600892,0.302621292019414,0.171713385568316,0.0472746658475486,-0.0448582009295243,-0.0636895882409904,-0.0711592213764947,-0.0631291110741213,-0.0302625370023099,-0.0221421071249862,-0.00758263043524522,-0.000368446095534742,-0.15953304499193,-0.174127986668736,-0.00907164961307454,0.0421672369697226,0.00713615596082815,-0.00658454759347873,-0.0157985884641758,-0.0132539680265996,0.228644179746928,0.187016794951054,0.159491350803645,0.125172860902737,0.0948826316891367,0.0714493378198714,0.038822032599899,0.0113003824432715,47530.8601165677
"423",-0.12668291964183,-0.0604681681632584,-0.0566304555550933,0.0650490664701883,0.0806111234250104,0.0718612119050218,0.0631027488319707,0.0160771807731994,-0.148719103130611,-0.117035970978238,0.0152660533642584,0.221472176951339,0.481844591345817,0.653866286538544,0.805736147769401,0.948669093582011,1.1194775362236,1.06607358312623,0.94539820346962,0.713847487621884,0.469433533155898,0.298566609198444,0.172006652451997,0.0487791875047093,-0.0519179362057775,-0.0797482640221161,-0.0716600724212581,-0.0599273347254725,-0.0306885723181431,-0.0182478897447795,-0.00888593555440864,-0.000648544138327005,-0.117404013789804,-0.0667827218011448,-0.0209018217871521,0.0475683860871075,0.043725283955223,0.00531409377387144,-0.0195629055832866,-0.01114011600322,0.226877366093589,0.186626153847023,0.159681145126508,0.126500048963162,0.0970270968477593,0.0695335624036688,0.0399575050862887,0.0112459783917229,47540.2447047627
"424",-0.138544384089863,-0.0401706166860741,-0.0386713117451856,0.0947236103466639,0.0993887473219462,0.0887283913300263,0.0561857776184914,0.0202080218564782,0.303646492029146,-0.0709880240451764,0.0433370898238457,0.196079339744566,0.503050440152563,0.661268264857832,0.808308949989256,0.946960071168484,0.664132276793598,1.02306390176965,0.90962352281085,0.730670360660049,0.444861410566635,0.290627516949993,0.171489887870254,0.0492364191603936,-0.0495401926918527,-0.0769717444431343,-0.0641388104329386,-0.0605561317112485,-0.0410814896781471,-0.0243054499140027,-0.00782696142994171,-0.00048795906648864,-0.0704821207181068,-0.138793156729625,-0.00694539637891896,0.0374856175126028,0.0261189380001771,-0.0213304517933812,-0.0153023539663167,-0.0136892485006231,0.229787629964344,0.183878348436177,0.158689677890463,0.126099609748711,0.0973331657292556,0.0697553648926382,0.0396611198570786,0.0116086056970405,47543.6153410545
"425",-0.153923460982344,-0.0513304729712629,-0.0322651392918646,0.110162819943035,0.1031966460885,0.0716357446103668,0.0560435836079105,0.0156488865452433,0.642844146262795,-0.112059466364579,0.00928297385090061,0.186921299865067,0.501333460796859,0.654974831801883,0.80995807457887,0.948899554611185,0.327162525713715,1.06375018375881,0.945990956523447,0.738420101783812,0.446293576836721,0.301334630497303,0.169597034691483,0.0484020273433373,-0.0483768140479106,-0.0660641672551867,-0.0742422526587092,-0.061100048727581,-0.0333843236860498,-0.0190822703849442,-0.00888994656965726,-0.000473338681070695,-0.0584155152475246,-0.104290082493682,-0.0278055781346054,0.0123201785744385,0.00684585868682858,-0.0187535961220328,-0.0162720041478273,-0.0107300998446188,0.23547235311237,0.182761434726553,0.156384024430362,0.122794070548845,0.097045869644827,0.0692998627358227,0.0392690430121529,0.0113577354574238,47534.0202633615
"426",-0.143684411926113,-0.0780797679574366,-0.0637551352526467,0.0824346215628775,0.0992029793323985,0.0671459590015724,0.0634088281160383,0.0167737655996797,-0.254484153324237,-0.111958868146825,0.00339490178385674,0.263999313132748,0.493985414487611,0.660834216157892,0.81065888268146,0.94916244092696,1.22505171482022,1.06368110671175,0.96024646807401,0.66823284455102,0.456903937024881,0.296300992969133,0.165632593489831,0.0483260999630008,-0.0571255867836222,-0.0595046184367005,-0.0712870512386088,-0.0661004436816022,-0.0361048133176276,-0.0263172947024307,-0.0101901837207937,-0.00109463825798794,-0.0771756494422122,-0.067803276647433,-0.0143179763744392,0.00950085567822144,-0.00102165243316338,-0.00282966912016098,-0.0166300980309296,-0.0141956350941787,0.23072109956387,0.180132902234842,0.157410905094765,0.125027953385511,0.0984197990658965,0.0705332903788953,0.0395943839956017,0.0116955437618538,47531.2539917756
"427",-0.165780811596055,-0.029018790440116,-0.0513699315911436,0.068511884412426,0.100248931820006,0.0777235389009171,0.066358278761388,0.0177005528658567,0.21389973057707,-0.17105603031497,0.00732446464369258,0.204843435747675,0.487891209806835,0.647388277601401,0.805200020704502,0.947306916974185,0.76100439213696,1.11146715152786,0.950984085281561,0.729575075898811,0.459965855040015,0.305988681463997,0.171391777649923,0.0495385155375829,-0.041359821369518,-0.0588669495347871,-0.0698134941927385,-0.0645067026383514,-0.0337183518778491,-0.0231161974303949,-0.00854299526866259,-0.000446921338007055,-0.0752664343695524,-0.110985983228797,-0.0105179623346205,0.0372341318941194,0.0270531082524311,-0.00465102203587037,-0.0172556993626062,-0.0110793058753993,0.229183296946121,0.188110618174463,0.160925690954486,0.126140597611732,0.0963908358897931,0.069105025384339,0.040164404440649,0.011472191109934,47542.4213270196
"428",-0.0910107664467055,-0.0981908912914918,-0.0423343275043759,0.0979141545570195,0.0983062833706733,0.0630196681761865,0.0608480238227834,0.0185308960052758,1.0992745618173,-0.0242192412994992,0.0262678196678429,0.169089917100762,0.494064819838675,0.667939983290389,0.807453411277856,0.947370453718577,-0.137576872010414,0.984569371179051,0.928493255981218,0.758420055855619,0.452905147792471,0.287702143047729,0.169337966239921,0.0491820066136803,-0.0605339013043606,-0.0704205995039273,-0.0550624970255914,-0.0647953938476435,-0.0383875075599517,-0.0194648487374003,-0.00572845633783895,-0.000786611449884444,-0.132170955581964,-0.0689349553024428,-0.0297178986105456,0.0266290221418311,0.0372350102374728,0.00748083422280245,-0.0144813267304604,-0.0114658503633895,0.232165733215973,0.189267763703891,0.15623468300317,0.123588064069486,0.0969499299608573,0.0690366720899969,0.0393745817974826,0.0113369975190173,47540.5870162283
"429",-0.0962992951537792,-0.0596156834338223,-0.00647958894001118,0.0830259635146703,0.0902723570643245,0.0744251730407859,0.0624095583420739,0.0174647696177806,-0.45245197937907,-0.0982259641204039,-0.053643196029507,0.213347395519088,0.492029944846695,0.652365697943646,0.809166521473907,0.948049567193485,1.41542549877584,1.05209215042711,1.00180050989195,0.716327593488205,0.460657941424723,0.300990050233763,0.167182706996934,0.0488660740370507,-0.051981383829065,-0.058175096532487,-0.0639971948117166,-0.070343643212326,-0.0411500090783969,-0.0216318051434864,-0.00808162488658389,-0.000954551870611871,-0.128103070036681,-0.127578825609785,-0.044608634580792,0.049791776479732,0.0163105410050957,0.00164020316879908,-0.0144864641724218,-0.0110018254638831,0.232117541686451,0.186058760003204,0.160110840545869,0.126760768155516,0.0974116306097002,0.0699666730050447,0.0390351479157915,0.0116728192627419,47541.6104526775
"430",-0.124969081917537,-0.0377088122268426,-0.0461664574547044,0.102828769317591,0.110983634038267,0.0759844002368733,0.0616552971689622,0.0168271330279732,1.02426758308633,-0.0465013102681755,-0.00313091946536363,0.250516039646156,0.485586928182766,0.655898702454647,0.805074120820877,0.947861758109372,-0.0599207616652738,0.990226987661549,0.959874331132599,0.675602791424677,0.461531255180215,0.296990223305583,0.171768925724765,0.0487894751722932,-0.0325674970712533,-0.0730956851483946,-0.0637172871832331,-0.055944637374648,-0.0419346352785397,-0.0225312355686579,-0.00860265793443353,-0.000312619554152151,-0.111551729213168,-0.114493172962804,-0.0181442949065414,0.000787250756864781,0.0140876740983883,0.00100019566387942,-0.0107318129507711,-0.00751455563154028,0.22236808350878,0.185219392338169,0.158026367696773,0.125392737894611,0.097855583834761,0.0685970987555363,0.039656376478237,0.0117111630636335,47532.2266525578
"431",-0.0791631528886193,-0.0460907555225461,-0.0562264994118031,0.10050008868403,0.123793396453147,0.0753504638324248,0.0588083228315942,0.0171281845217352,0.346571998664725,0.0486983188758295,-0.0242496917154727,0.196988040814549,0.47658460817682,0.642100048439438,0.800253053323109,0.948021197089799,0.610216658192446,0.896475326950818,0.985650442840282,0.728283713168927,0.465178620148496,0.31108248702463,0.17884057785003,0.0489351249619141,-0.0444708561316499,-0.062112267553059,-0.0668881862139685,-0.0571316113351682,-0.0345297740145706,-0.0182873795485773,-0.00555758795363927,-0.000473707752983677,-0.134382396385533,-0.0899286558654744,-0.0253020200056869,0.0264560514808793,0.0074165818643143,0.000290513027237669,-0.01985084180237,-0.0115794964992981,0.231226831401038,0.180272921261168,0.155284645917787,0.127705819486674,0.0959116784548817,0.0681736612057979,0.0406217712982328,0.0116241633866246,47531.2969028604
"432",-0.0970138964146547,-0.0521747154601094,-0.0281278072331483,0.0660650791467456,0.106489133169961,0.0822417545977033,0.0649434741734957,0.0197403368798623,-0.217632141759906,-0.110718872196909,0.00418980205688189,0.241758139886026,0.49268489393064,0.650526939867037,0.809327300971745,0.948091105689827,1.17427024443382,1.05957082310084,0.94977656633327,0.691623207024583,0.454144906219256,0.301640915570758,0.165376707108711,0.0483252279886684,-0.0593569689614573,-0.0619993544614773,-0.0687172780068159,-0.0579313660746393,-0.0447089388415457,-0.0255461061643538,-0.00513511081305084,-0.000274274500057321,-0.0684241952557346,-0.108729618434843,-0.0390450621648822,0.0398181725328183,0.0246525491878367,-0.000200818204994698,-0.0144253016011206,-0.0144919846906048,0.227449543972081,0.184562994722654,0.153477927408439,0.124812902318661,0.095693360755648,0.06926406510799,0.0401009707825586,0.011516048002527,47536.6989408061
"433",-0.137545126885187,-0.051301372807334,-0.0532275004073303,0.118177561815915,0.0889296950335541,0.06588637083322,0.0587395461293892,0.0188657737247436,1.09542210195914,-0.0122902246663468,0.0256193520250229,0.216636587983616,0.510156594601229,0.661820187683285,0.807889529294512,0.947390026389089,-0.123455069629462,0.966233837227681,0.93837488899277,0.703548761695012,0.438239088420513,0.293832695254567,0.169861854031109,0.0487594862243847,-0.0568693905005304,-0.0643233594935901,-0.0665426256523581,-0.0594507299187555,-0.036872697840211,-0.0254090185795722,-0.00892119341866076,-0.000367464878252546,-0.0980109286871211,-0.14624215004011,-0.0389141566337588,0.00299181178618963,0.0351074714231375,0.008695325556553,-0.0106951707506652,-0.0106329428462908,0.225130343213741,0.183066354370787,0.154832239671118,0.127484958690232,0.0973267051526001,0.0679251489874674,0.0391190844008997,0.0115771516971772,47540.6187466076
"434",-0.112395267450905,-0.0172869682402325,-0.016576075754,0.0892356784790776,0.0769039482345739,0.0596193648429502,0.0693778131986499,0.0173642904001147,0.710390090307904,-0.114015707568054,-0.0556266731503505,0.221802224388235,0.511897178515319,0.657679716754363,0.802278152557809,0.946652850934282,0.257237657012363,1.05966192920318,1.00802032809622,0.70804463258663,0.442062517674626,0.300655983433595,0.172698695596657,0.0508102489079693,-0.0576458443727073,-0.0676447661446586,-0.0693234979898118,-0.0605642072681905,-0.0437849084490393,-0.0267302849388873,-0.00791148772635933,-0.000541806280663896,-0.103100507562242,-0.153451749311722,-0.0398396418332314,0.0132119875943091,0.0327429737250488,0.0115552917265354,-0.0199974886545534,-0.013220083659395,0.224876492055536,0.185603821220938,0.15662553690013,0.124027671411907,0.0982544060881067,0.0697039186309961,0.0405949967554652,0.0114474940278401,47536.5360879703
"435",-0.13752144730313,-0.0995302863830476,-0.0400582126992693,0.0815880813056877,0.0888047967059176,0.0689420006840301,0.0599441463989413,0.0183786782293738,-0.269426569620927,-0.128601046984738,-0.0117657026516333,0.251726971434064,0.496936729417552,0.660490135386958,0.809565486522535,0.948464861084266,1.23160959684126,1.08698570649166,0.97566450889386,0.67777808955888,0.451079280837245,0.293005815007541,0.167930058607232,0.0483162840495492,-0.0537366223891575,-0.0637984291054482,-0.0667377444628443,-0.0600519069523282,-0.038462022442467,-0.0237127670701663,-0.00666649556985226,-0.000238946542710481,-0.0425310303783547,-0.0632063238279465,-0.0616819733618378,0.029990272283854,0.0488138476596812,0.0131414059441069,-0.0163104022360548,-0.0133728773791138,0.230996524951558,0.182485826896485,0.156703695495901,0.126042071441905,0.0945251106390229,0.0689427629611127,0.0399426693445413,0.0115730277641561,47536.9371816255
"436",-0.103807717885681,-0.0328682669747845,-0.0491899037508449,0.0896692719881707,0.10669913140053,0.0695499532172024,0.0640355671224817,0.0163120167235625,0.332713376562817,-0.0901160105698627,0.0174649022565835,0.236552706534718,0.472488705435992,0.676636823663138,0.806687480067016,0.947235412393206,0.629088149303457,1.0375061185896,0.941229171425471,0.689811749497227,0.472849374479531,0.279333358232534,0.169495839861641,0.0499009346429921,-0.0506648063748165,-0.0639406619113816,-0.0553787455654836,-0.0606264495967396,-0.0358891640429801,-0.0255421056966098,-0.00886827989073001,-0.000333957322472855,-0.129707864917837,-0.14464020578922,-0.0397996383943387,0.0317561754689664,0.0351968856586576,-0.00517848087882205,-0.0134486946207075,-0.0101037625203634,0.226359603888278,0.185180981011758,0.156305132723451,0.125942040075925,0.0974795199912077,0.0700327036006376,0.039119294322959,0.0114983564068686,47543.7980228338
"437",-0.113894281602817,-0.0169502543660717,-0.0262894625390161,0.0784461697704259,0.0979310825218179,0.0707625834060622,0.0712343777839856,0.0162293982984951,2.38699321868816,-0.0744325668590112,0.00459464099431372,0.20556059617455,0.504502154983413,0.664010311574255,0.804140481922654,0.948693009425822,-1.42180592326099,1.01332710688102,0.955466728933832,0.724370580724314,0.442800959389454,0.29091707684156,0.170900757613416,0.0486110963409764,-0.0522283907256734,-0.0660234562131363,-0.0684482344707751,-0.060147577093077,-0.0384928299335961,-0.0262375466407865,-0.00577832494879062,-0.000564050738060745,-0.115770704850777,-0.144087341430307,-0.0733470081166122,0.0471176244894262,0.0350750781944794,-0.000865476841911323,-0.0227523380361889,-0.0117426698458791,0.230597398750215,0.18943369437425,0.157073184277215,0.12472761308,0.0972872131195506,0.0691179603653436,0.0399049474764466,0.0116209446442438,47533.7320259004
"438",-0.141021648853064,-0.00437662063902364,-0.045276059588475,0.0604129460296254,0.0910331637958022,0.0695020656047488,0.0489852207175555,0.0174228385655344,-0.366771995358544,-0.101834820420029,-0.0292591734842949,0.208888989971405,0.49629562993126,0.6656382202391,0.809723463753766,0.948001453238785,1.33688734966799,1.04019356823382,0.985775995702638,0.731433852790633,0.454353663736965,0.289011647961397,0.170180118344305,0.0488640293652475,-0.0389175187825673,-0.0610010552444616,-0.0519660120654379,-0.0620406500390461,-0.0326533014992813,-0.0270379277251436,-0.00769715673129774,-0.00122819411829034,-0.0896493905513339,-0.139490112715698,-0.0302252096724915,0.0276053785333826,0.0195233180877748,0.0114944565586535,-0.00656100938033716,-0.0103704042390814,0.232558924852158,0.184161386345053,0.159686664984766,0.122766730128529,0.0973270052008539,0.0679627097903462,0.0390456458810936,0.0115842941639807,47531.5458860449
"439",-0.0572044697799182,-0.0508023648615988,-0.0454970377980009,0.0722883264735432,0.0879533295651934,0.070067916680424,0.0639277469112546,0.0187895536038959,-0.0352642470683249,-0.0560225868371635,0.00205911768140307,0.249274583589967,0.490615463115522,0.671182147783865,0.80411381950799,0.947806738126812,0.987248533030501,1.00306380040887,0.951429695461528,0.681791671407732,0.460046292878157,0.282478842847073,0.174271753634044,0.0488340717303892,-0.0471843907456724,-0.0816213890997662,-0.0561434369981607,-0.0633476818513613,-0.0354461516689937,-0.024185507121388,-0.00926041732103645,-0.000584490778200232,-0.161312983413512,-0.0652822146644106,-0.0094606710143903,0.0492884434929701,0.0325079954768036,0.00600513075108789,-0.0233801319994429,-0.0128970012542726,0.229641315832726,0.187561932953058,0.156536870210949,0.123951443474596,0.0954822383423052,0.0686143505423789,0.0397745050257736,0.0114170899846734,47541.2482893118
"440",-0.134725473081794,-0.037596183053559,-0.0667967393799933,0.0748184959581346,0.08023000219856,0.0727715253697957,0.0667570671740517,0.0183412725832084,0.252230822657294,-0.0650632054062212,0.0433780132113633,0.215178817237764,0.506898975713435,0.657571913681105,0.802948209078412,0.947788322478284,0.710070527578038,1.01382222045646,0.920493085847065,0.716588783263328,0.446401905056963,0.298641966231521,0.172574800610389,0.0488804801020626,-0.0613831251815622,-0.0754140975255061,-0.0607469249025886,-0.0642456903258609,-0.0396570778462498,-0.0264038857997494,-0.00489090611289703,-0.000521241821739174,-0.0420557499075825,-0.127822659133977,-0.0318752265421356,0.0440988872935881,0.0313088276425234,-0.00812607103239227,-0.0213468905065203,-0.0131570191868442,0.221000885369767,0.183271258018079,0.159164818644861,0.127410924424977,0.0960631423472077,0.0697535895010896,0.0395408775323174,0.0114364042792531,47539.8521723437
"441",-0.125241170907572,-0.0141375012453672,-0.0435650625934823,0.0815953237515692,0.0996825616287702,0.0813505059281572,0.0598923299698619,0.01612698016269,0.673011956122594,-0.0898180102699042,0.00958745935558536,0.186274461728019,0.481246373255253,0.666409724011774,0.80398553355385,0.946494468930351,0.284294996963548,1.02911703470625,0.944442750448776,0.743416742816593,0.467156499417959,0.284903149991328,0.173379078532778,0.0509208169115562,-0.0417752754686079,-0.071130696860144,-0.0591893782480481,-0.0643134514702463,-0.0350011754804782,-0.0276744416380009,-0.00814783446046837,-0.000673688611434342,-0.0415900374969206,-0.118797550914903,-0.0155998326980578,0.0420306097714424,0.0215841617834622,-0.000804469801064885,-0.0134371440656734,-0.00967282406168359,0.231707160333429,0.182521475436875,0.153623188460355,0.124926963949033,0.09494302201197,0.0680106248838061,0.0403126984492413,0.0113092057747158,47536.4754260944
"442",-0.157710151861997,-0.0271327684985682,-0.0768538771482673,0.10320669530684,0.102129895332741,0.0657195899811004,0.0630586846207636,0.0189695281913103,0.423192518615949,-0.0120513672026118,0.04841466895862,0.2167439752306,0.469253137532573,0.655570999360844,0.80375927756369,0.947916783371633,0.551475490280928,0.958013314436785,0.916734544946441,0.710125609514051,0.480282657264007,0.30163470705616,0.173995224861724,0.0481885119682167,-0.0448067044547975,-0.0712185245680456,-0.0733248349067003,-0.0740266658889998,-0.0429462861929513,-0.0258214150159978,-0.00645957278165765,-0.00076899355412366,-0.0714074680378144,-0.140650902612891,0.0156890545377414,0.0182523935145937,0.0218758829509728,0.0061361861159472,-0.0231435969848228,-0.00998426789457612,0.229751800237743,0.191335668706936,0.155368737241279,0.124490474267574,0.0991805481841334,0.0684946851955318,0.0398143870310796,0.0115140497856439,47532.4794843462
"443",-0.171523011063962,-0.0526253366452544,-0.0677198076400684,0.0751400431443428,0.0875937938377755,0.0778776861059369,0.0673961334957858,0.0162245860753062,0.591429570600794,-0.169625558633228,0.000293214406272936,0.185038110349442,0.482165812430784,0.656032503652955,0.801893957620626,0.948887323079301,0.386186958670906,1.11736898582198,0.968170458872045,0.755510295226131,0.471842299628247,0.298233574885176,0.173769664595628,0.0481934214779978,-0.0692401086177894,-0.0615172611477005,-0.0737123970282324,-0.0716259757077829,-0.0357780528973464,-0.0262224688720864,-0.00579333241231154,-0.000360863268469818,-0.0331193927092323,-0.103951504004536,-0.0360125114051299,0.0143797359604633,0.0197319312652692,-0.00639012151914202,-0.0215471882421292,-0.010067848299213,0.225381486426971,0.179475877352878,0.157627203633318,0.12596446437406,0.099470948501409,0.0693453737022932,0.0392562447779885,0.0115558636097908,47530.8547480611
"444",-0.109585645945346,-0.0210016177793117,-0.0495209141297183,0.0514485847123801,0.125122899016404,0.0831345470265542,0.0580872428555309,0.0181564566286305,0.495151069014937,-0.107811775748222,-0.0411065140604957,0.234598940754047,0.465308921610284,0.661670560330719,0.805305500518906,0.945330996515214,0.477117020275659,1.0527565547133,1.00067408336314,0.702779508041536,0.473089500025338,0.291615736932021,0.172499176901799,0.0517507349545357,-0.0551322861099685,-0.072513176442278,-0.0591349651527216,-0.0616180119552382,-0.0304674216132051,-0.0232136613996064,-0.0105828780152819,-0.000428214716231748,-0.141363164579259,-0.143432150028283,-0.0291395240459557,0.0505366156564358,0.023838615833829,-0.0195842295314261,-0.00852850894239397,-0.0129888561263439,0.226893399012393,0.183257885600975,0.156704089910239,0.125075266023664,0.0963869425395683,0.0676806177237389,0.0400811047257957,0.0114017908474164,47533.0253814971
"445",-0.133841694521344,-0.0561561762246212,-0.0165809666387389,0.09275596132237,0.0828651522057673,0.0818821360040792,0.0559535255209008,0.0181994672617868,0.182566234131317,-0.141595746064262,0.0342477763867804,0.222359914445489,0.484542794219396,0.655627049267394,0.808729798532758,0.946876182024867,0.794891904336399,1.09176521633977,0.919087374602485,0.704719989804758,0.466231334180226,0.295854322456744,0.169896446834348,0.0500376586915458,-0.0638583086813627,-0.0711748881784155,-0.0668047103341338,-0.0600194242653428,-0.0349733327153773,-0.0229900187254331,-0.0112128355624873,-0.000565626600750887,-0.141073188153091,-0.103479515222818,-0.0562383073088598,0.0208301790334741,0.0464347063027616,-0.00788064200840835,-0.00606196608486403,-0.0136185195800634,0.235823844261585,0.186378174247292,0.156544010664869,0.124761350134584,0.096717849419781,0.0687310649982952,0.0401619133690335,0.0113811592663574,47540.6970205048
"446",-0.178227932797127,-0.0130776224498658,-0.00510111308813716,0.0755397712437849,0.112178749863349,0.074299932463833,0.0661940402986429,0.0165543874561135,0.436194791900701,-0.17718084497822,-0.0253625142621355,0.243805490064904,0.496211392774301,0.65452272884689,0.800871075938675,0.949334043532337,0.543064851611281,1.11686014667239,0.975250722168599,0.690212817250473,0.448052352662176,0.300825237756615,0.175497675927744,0.0475351505093562,-0.0481713192717753,-0.0611080173048723,-0.069161758304166,-0.0596976799861235,-0.0413094551918447,-0.0253075769416476,-0.00696915410914651,-0.00096737617308155,-0.0553740594666277,-0.142457541858041,-0.0618760676040658,0.0106861656747196,0.0225481485435198,-0.00618322516629249,-0.0169426184683006,-0.00938995613697581,0.227025726694925,0.185408679071298,0.158684468883601,0.124108899606632,0.0972831280547511,0.0707292572018609,0.0395114036208863,0.0114519836428763,47541.0049164872
"447",-0.101640055676017,-0.0488937861768226,-0.0613212495782622,0.0822318510861928,0.0963067466273538,0.0605573199461829,0.0619367299175689,0.0172536350849092,1.02840800691902,-0.147103648796285,-0.0268300006896639,0.228108254491072,0.49577740611469,0.667365551320757,0.803678371547293,0.947806263410578,-0.0665058588223079,1.09360933860673,0.985880300508388,0.702863534082937,0.456050874020622,0.287950673823067,0.172769702786679,0.0493454760138752,-0.0481316821837701,-0.0817439413147929,-0.0636975527908255,-0.0653059108896055,-0.0447617183989028,-0.027302800669995,-0.00728248817287157,-0.00109085408102396,-0.12163634598736,-0.0785073289157474,0.00482753468044721,0.0322157352517993,0.0197207549447124,0.0243397972400857,-0.0134631467297044,-0.0119186425951091,0.234310847218619,0.182952806245636,0.159413134563389,0.123472562831381,0.0976791418649048,0.0689365637167854,0.0401071090622999,0.0115522717813802,47540.9296637867
"448",-0.10508328686487,-0.0406214395895738,-0.030956066778455,0.0966064031654778,0.111851896334206,0.065923471948333,0.0649666856921908,0.0181161243822088,0.387717150831128,-0.0745049263347945,0.00387731604875692,0.214042353436339,0.486625452054817,0.669647862662631,0.807978292732286,0.94655569366232,0.579660106994763,1.01551294404414,0.955133219812268,0.712889086889589,0.458990682328435,0.285503061800108,0.168863750403602,0.0501693173509667,-0.0650069873864918,-0.0685497233338413,-0.0658326062679017,-0.0594285455283917,-0.0361734104568633,-0.0290837552574975,-0.00867063926546191,-0.00110148503457619,-0.0974513197935109,-0.0618794722768003,-0.0674005353915631,0.00828386293114469,0.00882295536502451,0.0107154668550466,-0.0231605363473073,-0.0108594133916838,0.227248583128781,0.19010824751365,0.158407647726147,0.120747524620711,0.0988609520499838,0.0691256734551719,0.0400282259591555,0.0114194638397636,47530.9781699862
"449",-0.100583482418282,-0.0853721027736748,-0.0224988915437734,0.0778689924164124,0.0965372335478644,0.0892782146083197,0.0566375420448202,0.0174923616818709,0.303672031876173,-0.185226170033109,-0.0242104606590173,0.206347059967212,0.49513408443981,0.654562074983914,0.804859107956929,0.946768850229889,0.656412750425431,1.13611519449086,0.980284882773946,0.72448689231283,0.454885229053555,0.297069241176436,0.174127900300678,0.0502799587646856,-0.0528558478649821,-0.0686745769639221,-0.0686976013642578,-0.0668416189091557,-0.0416623185345906,-0.0240779135610198,-0.00909531974076693,-0.00115884376399736,-0.0890283220623663,-0.0321098086424237,-0.0413170476013177,0.0534176946864288,0.0258092917723731,-0.0172247528272646,-0.00956500144174404,-0.0109493413879989,0.229732926674809,0.186988684880374,0.156283238305659,0.124249208196357,0.0951026179862719,0.0683185622589547,0.040528500884337,0.0113811660318222,47536.6934144448
"450",-0.140866143213561,0.00287632668519551,-0.0278048288448435,0.0879734028525334,0.0821001388485716,0.0811673127103125,0.055261954938404,0.0159644944390916,0.475185083682021,-0.222434331361666,-0.0547976179344774,0.223267508234235,0.501920520705541,0.664184633067168,0.809460366464142,0.947331621044334,0.495056917243249,1.15144676680096,1.0134752525491,0.705443883733512,0.452122371839845,0.286055599628142,0.168935469379983,0.0497723736522694,-0.0683288351068413,-0.0691030506079832,-0.0749983447754388,-0.0629811252190409,-0.0384022692625773,-0.0207239296475698,-0.00877257713853867,-0.000381507240138635,-0.0714572710299656,-0.118558100460782,-0.0555874011649247,0.0345140208496836,0.0194554739835573,-0.00355301928685728,-0.00660420654117989,-0.00953638691660358,0.229883155077489,0.186612913138752,0.154458882092456,0.124843620180334,0.0975138535466215,0.0699249418040097,0.0396562745148369,0.0115401812190526,47534.0258676899
"451",-0.156573799657416,-0.0655532744943198,-0.0456077295215791,0.0753252475889332,0.106320059347066,0.0683566766890642,0.0642557804103511,0.0171620019799874,1.68928829127242,-0.0132189213116685,-0.0190768233982429,0.203645675717167,0.485247915469482,0.652973919762565,0.806256954285473,0.947016324350771,-0.71376434861019,0.968981299433027,0.979329236573667,0.730396783454949,0.464804586807605,0.302368269035646,0.169732158886362,0.0499594682562037,-0.0646007656501389,-0.0815841426504507,-0.0739570957859606,-0.0574351127949759,-0.0423899805680658,-0.022815270362239,-0.00683005252419241,-0.00126839778925168,-0.0587358109105024,-0.0920315200519451,-0.0173526827500625,0.0166998836869186,0.00477541802968806,0.00171181555669402,-0.0175871902193091,-0.0105000238652017,0.228229563979829,0.183733456597835,0.153304975406313,0.125070362538102,0.0983008067084811,0.0688774998120151,0.0401416959280329,0.0115564509634847,47537.8149294003
"452",-0.0799758443090066,-0.0288026423394868,-0.0350386997557019,0.0885419698867892,0.0647206983137323,0.078540094130398,0.069222706689861,0.0180848441019457,0.537067115675111,-0.0632707187911547,-0.00741412740404623,0.252337195270285,0.505533914688103,0.661026607714603,0.805147887771365,0.947444810021269,0.422665670473391,1.01324884916785,0.961651028979345,0.677450815579568,0.451451590603922,0.292560704771623,0.171540763731037,0.0494336382301657,-0.0486582559115058,-0.0619690771826682,-0.0677861955507237,-0.0622210549603996,-0.0422676983042116,-0.0237189543273206,-0.00825848874970341,-0.000887897468088708,-0.152878724835672,-0.172589982981059,-0.0205026948511042,0.0162257731921972,0.0547621570878494,-0.00727028194001099,-0.026492083669398,-0.0123354574545405,0.227162056219008,0.186149340526416,0.160031775669427,0.12585340855763,0.097710258493763,0.0702920993228406,0.0396474726991153,0.0113688225801485,47542.2763748777
"453",-0.0664966683692031,-0.0382903052779337,-0.0230175641822577,0.0564485085578743,0.0959723103563299,0.0764862061018911,0.0634923778030082,0.0193006466258747,-0.131816359141577,-0.0645960831954894,0.0383987359610359,0.210171919390239,0.493786024887206,0.656817940801135,0.804608847549629,0.947949371801482,1.08576540419534,1.00856010858002,0.915321405849033,0.720370658090926,0.454346813858045,0.295501792929545,0.172784192008455,0.0487174558277571,-0.0687897363335898,-0.0623549363675408,-0.0633825357037275,-0.0595979910137129,-0.0380079066072769,-0.0200682988598278,-0.00820873774635676,-0.000762661646856672,-0.117116630051664,-0.100091895348796,-0.0439003486080963,0.096278759366706,0.0388699333562969,-0.00881562771824262,-0.0204740064090777,-0.0130836238383132,0.224340992335071,0.183701211453303,0.156232043659138,0.125430805414116,0.0988965537555365,0.0682390508651251,0.0396347002660451,0.0114328395036612,47530.752237515
"454",-0.18346899799596,-0.066466892885594,-0.0731647068802315,0.0821201465722383,0.107022391176765,0.0725748061056913,0.0630598749170036,0.018071849240221,0.872260044660748,-0.22721623846449,-0.00160591257893504,0.209313495001124,0.500997130790542,0.649935746389946,0.811425171104844,0.945980951811326,0.112777680257411,1.17786370772653,0.963569650840628,0.721027084249011,0.444295248248177,0.305919241666513,0.165015888639591,0.0509639902503203,-0.062769510795032,-0.0656982616735885,-0.0703171174560668,-0.0643821334217147,-0.0412903708497144,-0.0233493805674492,-0.00964987040220606,-0.00079796419157593,-0.0917054650132496,-0.0803429462350323,0.0228010577108318,0.0385404602465445,0.0241500918177012,-0.0134476067183476,-0.0151702878424838,-0.0124368328249742,0.231499885713215,0.184381409681186,0.156507420104116,0.12494422057454,0.0984842259091661,0.0693603470200359,0.0404751914546775,0.0113082370003903,47533.0625194447
"455",-0.0990717879189541,0.00577028030578993,-0.0731638386005587,0.109650128501666,0.0802946094407184,0.0572033883421997,0.0638618577739119,0.0168222435952463,1.8940469445485,-0.0745721039955429,0.00196699230607064,0.217858744170319,0.467628289404874,0.669824471788459,0.807815296673411,0.947256201354741,-0.934066155088202,1.00805644181576,0.965838823497191,0.70509059708893,0.485666484667523,0.286378028638123,0.168706857099224,0.0498000921099484,-0.0624651526518459,-0.0670084304655543,-0.0675551124440255,-0.0595465162951322,-0.0338146620125733,-0.024172829302163,-0.00825993693350126,-0.00137596070126691,-0.0969627381555647,-0.135180158606828,-0.0254572632592842,0.0170018365489011,0.0500617042078729,0.0174999465641199,-0.0159787217668198,-0.00945118765787687,0.223286128942216,0.184248666828933,0.156220650899296,0.125951637341937,0.0973713534835229,0.0691880295043811,0.0401659266041919,0.0116744495174244,47535.0894200003
"456",-0.0922206244477728,-0.0466488217092627,-0.0621902546132373,0.0949945289040649,0.0919979383713192,0.0687676814770449,0.0581327548875121,0.0137215765709518,-1.01051854070255,-0.158057178376339,0.0218854061555518,0.235789779771348,0.507326442214137,0.659086380561597,0.806642244261419,0.94765487522535,1.96596976132372,1.10692033843643,0.942794224586401,0.694713917338408,0.440867597692312,0.294677042684586,0.17055338378514,0.0505008985353003,-0.0373820592237421,-0.071956773077153,-0.0701988867589564,-0.0641801654309278,-0.0312879947603269,-0.0199695241195997,-0.00931266357293704,-0.0016525584018271,-0.125723681646024,-0.091014972487775,-0.0265899195368822,0.000866821363608589,0.0303925948688105,0.00461912979818611,-0.00454476500634463,-0.00743643558833437,0.22434307706253,0.186189098734747,0.156248064143256,0.127654629341742,0.0984608693881478,0.0687696851958153,0.0398305992072796,0.0117159024334095,47527.718801202
"457",-0.114879707319832,-0.0241337985537763,-0.0373587359996561,0.0726526048022795,0.100806570078726,0.0710253490828036,0.0612104023159499,0.0186202055347116,-0.638738605953625,-0.0212244466354793,0.0418947033136794,0.215458391956523,0.457804130437514,0.645135358170958,0.807873619515253,0.946434715552329,1.61329554437755,0.965934943999791,0.912264892795416,0.714713232267311,0.489465758485481,0.308210655580846,0.16933092644606,0.049927881280403,-0.0651671064503452,-0.069737949841179,-0.0691256689640768,-0.0596024816770619,-0.0375351583631259,-0.0233374113698896,-0.00695554202067294,-0.000192808270832684,-0.164087870337725,-0.141795909300405,-0.00985947149260292,0.0406614665461491,0.0457704246487394,0.0117609118085647,-0.0130671710683972,-0.0107356024092598,0.229086832225215,0.186770019090648,0.158602026880967,0.127575456999461,0.0987120157276461,0.0718898610101518,0.039989181457676,0.0112851896766057,47530.3183910281
"458",-0.0517710817763759,-0.022314630580104,-0.020075951114529,0.0867812350678617,0.101200095970532,0.0805729114434105,0.062197802445737,0.0183681074582447,0.0738884946500227,-0.0737399930344377,-0.0344147407878815,0.194837176943744,0.499319714278169,0.665256721863702,0.803814089731244,0.947147092122114,0.876712044827347,1.01337109472187,0.98574356395928,0.734162192864427,0.451129110376775,0.288894642345212,0.173871960760474,0.0497295159513857,-0.0759021980583686,-0.0573843792888938,-0.0644797112105778,-0.0648322528291486,-0.037572025049537,-0.0273439005979681,-0.00876397447337605,-0.00122091005656501,-0.119269841702056,-0.129316409798833,-0.0386360364756174,0.0375305826730741,-0.00349814585429388,-0.0168016836213747,-0.0171968625500987,-0.0121949649053449,0.227270099606449,0.185413541987271,0.162087173113164,0.125870651447939,0.0962524647968702,0.0698958867621009,0.0399525684473552,0.0114986341688277,47536.9580719934
"459",-0.116561479055538,-0.0510009019415537,-0.0339697052000954,0.0685850917604222,0.10527667572014,0.0699918639460642,0.0657522162263861,0.0181673865312192,0.0762693169470495,-0.147997579004973,-0.00891724474234979,0.232856976855952,0.498570019999549,0.662642200337156,0.802114092296294,0.947293660070581,0.894162136000775,1.09423553450423,0.961339376480691,0.701389392320557,0.44640113949478,0.294253289658643,0.17374979441075,0.0494725418155589,-0.0795256917801311,-0.0604050911573913,-0.0618383912591389,-0.0613023823188728,-0.0370522297009673,-0.0242366544531279,-0.00479227096963107,-0.000880072135476706,-0.0985925154887386,-0.0900931389470401,-0.0158043325228843,0.0361615238558062,0.0240090852335672,-0.0166995591000645,-0.019407567529287,-0.0116712072809468,0.227284345812909,0.184553052956862,0.155304409734179,0.127992186361022,0.0952333994650218,0.0684726009749002,0.0394481476902154,0.0113043266475969,47538.6132938942
"460",-0.0965549035563316,-0.013281352572663,0.00332962404835285,0.0592144000451443,0.0874256795695428,0.0873670533370017,0.0600995584067614,0.0168702947196977,0.105237872586451,-0.11203787471269,-0.00050686719374944,0.224981393266376,0.479543259488385,0.64457179548691,0.807553185386675,0.950082648623131,0.858426419349532,1.05505165832037,0.945191249711592,0.708535526093378,0.473746768509315,0.306306888054097,0.169664710289081,0.0474625682372781,-0.0515126166029068,-0.0668668949667297,-0.0676325452437627,-0.0632439639965878,-0.0383193677146854,-0.0267265390653331,-0.00803636304641438,-0.00241925123158747,-0.123913270802761,-0.169108135839383,-0.0591504491124706,0.0692444112140166,0.0289744605542618,-0.0112644856518552,-0.0116495773928084,-0.0128186554645928,0.227946433205704,0.180471828512104,0.157476270933816,0.130002512285305,0.0959561669694703,0.0695776545606126,0.0395747800058426,0.011422406018871,47525.6766950426
"461",-0.0596425638717222,-0.0679889193258347,-0.0204330422147293,0.0992822752998973,0.0815793883796741,0.0803555864805337,0.0649582171045449,0.0167747918458247,0.500820120009141,-0.141247151061635,-0.0503780925889766,0.163247492925848,0.485926307252559,0.661710154865158,0.806520130590972,0.949575861965168,0.451137304642531,1.09382487782866,1.00432929454957,0.761631090719019,0.465942971106937,0.289520139738532,0.170116006716528,0.0468997791239903,-0.0591792163223438,-0.0870239623708855,-0.0608406728714698,-0.0556519628110602,-0.0403758781995343,-0.0218312759340926,-0.0060539009673956,-0.00114974317502477,-0.146312180323882,-0.0814148587503481,-0.0576071134854865,0.0285340462826512,0.0414388235796388,-0.00935658993497284,-0.0214166145663016,-0.00770547493588292,0.228425558571579,0.186917999402304,0.158484810232263,0.125378538494748,0.0977655144432816,0.0691541010421263,0.0400499679106778,0.0112980877037298,47531.5515713539
"462",-0.128687441561353,-0.0963273393372212,-0.0513314928936579,0.0895351958597971,0.0876224378526879,0.0934889254349192,0.0537574622267951,0.0182770479945943,0.891938612776355,0.0219791592729338,0.0205856260491384,0.195851685878477,0.486916709461769,0.65277739296212,0.805161132395107,0.947688174437559,0.0781973463620762,0.936519474569921,0.937557292206622,0.737941461259898,0.461779149004026,0.294817158637492,0.173419577671871,0.0489724530193131,-0.0670069956505795,-0.0649644283887857,-0.0602580200415514,-0.0673238698549355,-0.0370739887193532,-0.0237136930316446,-0.00744510719607264,-0.000535971383839416,-0.0823327172458417,-0.0720347448439621,-0.00353564827034261,0.00357517592217558,0.0504050884801172,-0.00754687573627053,-0.00712844312872404,-0.0109821105648208,0.228610490635229,0.189744455251961,0.160061407587186,0.128287778081293,0.096590145665584,0.0716520520904951,0.0401238312638229,0.0115123595461918,47529.6898992499
"463",-0.0744557790407101,-0.0124944681697794,-0.039281514566185,0.0700598870552798,0.104289946472553,0.0768505557274782,0.0565453454874024,0.0189884036037633,0.755430843389709,-0.0511569518846098,0.0901827847828218,0.296744653345886,0.464999806914329,0.646797180307568,0.80885375186185,0.946042419572964,0.198182299510629,0.994469031052008,0.872043822753491,0.639607059749967,0.481051681340511,0.305080906753413,0.170734416038002,0.0503673255629333,-0.0408454906455188,-0.0731579104823505,-0.0575731000951436,-0.0679540946190365,-0.0386559603215299,-0.0240450414184293,-0.0105108069609794,-0.000445638161359214,-0.148728071991808,-0.153504246468383,-0.0872483674407224,0.00108030282929502,0.0450872469553875,0.00763086087968487,-0.0142972624295214,-0.0110488738186434,0.220130996531198,0.184512643447475,0.159762784898526,0.125771906394842,0.0986292124539719,0.0683895469666978,0.0402215524076512,0.011297681224595,47523.820306349
"464",-0.14149696886146,-0.0608825862408297,-0.0292722695184949,0.0905550684136426,0.109141011247607,0.0663188843374842,0.0567697116820673,0.015283606752213,0.372602494436187,-0.073734289928667,-0.00375871746111317,0.203821327421701,0.484086378185114,0.660995480179151,0.813322172854428,0.947360666673893,0.60246268669068,1.02394567963651,0.960673127301625,0.72668972467099,0.460555202501268,0.292992226184816,0.165581512559014,0.0500055053777036,-0.0619118030504413,-0.0669871970842124,-0.0681595674072455,-0.0638677614824821,-0.0392131699948938,-0.0212528303741121,-0.00929743159647599,9.01704655974642e-05,-0.0927923145556974,-0.0948204034269388,-0.0618418809355407,0.0152746487949783,0.0213285070187054,0.0175033749986745,-0.0143682739913499,-0.0100190943252858,0.227408945071451,0.185474205535452,0.157719322008674,0.124760581686827,0.0979058542374177,0.0704371901147852,0.0395912798219344,0.0114028990605851,47541.1756862569
"465",-0.113774890434418,-0.0441564334997647,-0.0540272546935521,0.079943371310649,0.106764559554148,0.0758821621011873,0.0606883394115888,0.0182805420613933,-0.461197556095551,-0.115056835895244,0.025990773921345,0.237429303785336,0.485582665122487,0.654786081331133,0.80686145012724,0.947601134727048,1.41895934126185,1.05918405734327,0.938129307248054,0.694183918112381,0.462459580894824,0.298279558835675,0.17034663999935,0.0490466571862614,-0.0501211580365147,-0.0694791236644856,-0.0662790222484681,-0.0615084386911481,-0.0395807368429024,-0.0210686776383044,-0.00752861660586857,-0.00119897720874707,-0.0555104763434289,-0.0788322370578442,-0.0334269151491577,0.020282510951846,0.00385940979318307,-0.00155615528373396,-0.0108769762188559,-0.0101298181912163,0.22626379744203,0.185621374627989,0.156657180618036,0.124400114186877,0.0984953651841599,0.0703098180713204,0.039946831063806,0.0116162027756267,47540.7269102164
"466",-0.11873579112659,-0.00965731955458956,-0.0644546721050949,0.10401666569907,0.103814201495176,0.0878329881960061,0.0640023770746195,0.0180372697262822,0.905118736491054,-0.103529108623677,0.0353720545482548,0.200743782266632,0.486647249419019,0.659596746842286,0.80064805611802,0.949431123983461,0.0629678939866891,1.04790562397595,0.929410624139696,0.726198489798279,0.462962949717716,0.292225985937381,0.17676461383749,0.0472220718794458,-0.0421883813020643,-0.0745334853005922,-0.069786142399367,-0.0706332972166074,-0.0377419341511143,-0.0266874688302587,-0.00989137914678715,-0.00115928891151567,-0.130036428215906,-0.161084401208201,-0.0221236833615723,0.0153832272403092,0.014764171329541,-0.0187762910984061,-0.0134834626800001,-0.0111468173918649,0.230628895305891,0.191514124956274,0.159502223708004,0.126945966687117,0.0978775080232961,0.0694944583706661,0.0401051401885582,0.0114422507441006,47536.7173221047
"467",-0.0753614708809471,-0.0158054624326324,-0.0391647981597168,0.0549862522705161,0.0927244807131595,0.0807316902909009,0.0620361755606213,0.0203932500833546,-0.13946314823456,-0.119977037869543,-0.0553452749962501,0.244265234967249,0.514160516155766,0.648503333624552,0.811035974710159,0.946646865768573,1.09425666404988,1.06479576633586,1.00959759590629,0.694455055830168,0.435103714339808,0.305888030584189,0.166853918289887,0.0495457910525756,-0.0504168013223611,-0.0791488531615074,-0.0635386721298689,-0.0634031484224201,-0.0338312254832,-0.0260504062280787,-0.00923796858613756,-0.000784678028143933,-0.122280096346725,-0.121870327107727,-0.00650821404313739,0.0330810878038151,0.0259162208764873,-0.0108882553729855,-0.0213203974497177,-0.0139455786876939,0.229941566956465,0.187747007717174,0.155361897480677,0.124672280095249,0.0963669910106738,0.0684146931254021,0.0397371274962447,0.0116052832114393,47532.5772969688
"468",-0.100186443628455,-0.0478677268756519,-0.0461839952415599,0.0751782318812606,0.0843916611349475,0.0719430182779513,0.0521257437177532,0.0144281934604398,0.417404234562039,0.0553042717195423,-0.0422379200303897,0.227683965663631,0.500283460619195,0.657348941296937,0.807362146897076,0.947776645687438,0.544011279641027,0.897200275877879,0.999802368236797,0.707337971034026,0.454571930111679,0.297515440573519,0.171360624535593,0.0493638591653409,-0.0636132407071339,-0.0731630326188738,-0.0589734956230953,-0.071797488836487,-0.0365855067298623,-0.0246789165476383,-0.00919947025237366,-0.000723612553611713,-0.102368112239605,-0.123724366281407,-0.0328971808866064,0.0318966657741852,0.0173689305000821,0.00118273985506437,-0.000994835261294741,-0.0055258689111403,0.229540645919607,0.184395809411747,0.159106224281935,0.12680762136055,0.0977000215036298,0.0697139492617126,0.0400106860651215,0.0114025172460132,47537.2326583371
"469",-0.136031111921301,-0.0526631227298298,-0.0355802693464924,0.0806344640952388,0.108644440899814,0.0727721093446072,0.064879305316627,0.0178982421455657,0.209140431304196,-0.0568809972350596,-0.0095515298275243,0.246288046816131,0.477077109686648,0.665786275604123,0.811127534025234,0.949104677077162,0.761326486337534,1.00875503378169,0.962129731385045,0.689476516400459,0.468683383750492,0.286144487527495,0.16695202472834,0.047891292398434,-0.0583333093085547,-0.0722952551704625,-0.0545113316792621,-0.0778265947419119,-0.0319955565684218,-0.0231880441786127,-0.00944717349649702,-0.00076560476135651,-0.0757825487245286,-0.126698441893235,-0.0239345740701813,0.016124783347155,0.012874535037694,0.00601617598994801,-0.0291180800140091,-0.0125915161659084,0.230473761618134,0.184085354035678,0.159181009900801,0.124619996824105,0.0982055059744458,0.0707393628125076,0.0402123915103804,0.0113391852115088,47535.5836784359
"470",-0.175390510452896,-0.0164800505165976,-0.0501600127675793,0.0739035015677767,0.0862816452795859,0.0819919979516247,0.0574802367461834,0.0193127090633435,0.736504679667956,-0.0598818144697554,0.00721746413118757,0.217462506384959,0.479596870980886,0.641639859035506,0.81008324956897,0.948387357154156,0.237740855407019,0.997693134136889,0.954003249701915,0.718744895147279,0.477561115846873,0.309880537300982,0.166815791807979,0.0474597834894196,-0.0465710629188412,-0.0498640568082533,-0.0715825130758616,-0.0706453073512864,-0.0383816874104201,-0.0226018775288958,-0.00592249578661776,-0.000889960241845991,-0.0228673455222939,-0.140872648111257,-0.0244959825169182,0.0284156169361545,0.0135107801079979,0.000911813716941132,-0.00814929797661969,-0.00941048610036962,0.228460308061225,0.183483283393727,0.157578044577383,0.127281104029641,0.0951131494920927,0.0691408012245826,0.0401070233655342,0.0115799452458651,47529.907229202
"471",-0.116512631736447,-0.0383403997380273,-0.0740273111876274,0.080626131688246,0.0803131147867659,0.0805489630442025,0.0532108991925671,0.019893051802097,0.323052425126177,-0.0424861303349538,-0.00721343492353221,0.212219547657959,0.515298090289638,0.658243226057697,0.808794307863993,0.947143164564221,0.636179181004555,0.986508013088645,0.972050538797338,0.72252212779775,0.436616046929761,0.292758727507814,0.171673043868023,0.0492688845375216,-0.048487854860076,-0.0767560830730191,-0.0564213748450551,-0.0704185214779445,-0.0389613569643212,-0.0220013801753299,-0.0090600838230372,-9.23499449156525e-06,-0.0849103429842226,-0.0914658895612863,-0.00697711368092772,0.0188658711610759,0.031754997528743,0.0017610498426193,-0.014036450132757,-0.0155849537768469,0.231812610271988,0.18870377556326,0.157032333885826,0.122858700227021,0.0992097412987404,0.0706802047156013,0.0399446061355153,0.0114203365461233,47534.3594422878
"472",-0.120602056458142,-0.0564480875762686,-0.0381629219400469,0.0988143458979606,0.0851136581757091,0.0846433897314021,0.0626530475029091,0.0181079782488376,-0.280757706385422,-0.0709161527332956,-0.072632456066302,0.216229797981564,0.505414037457615,0.646614515572364,0.807381481641821,0.946756944729037,1.25882126712073,1.02076611551865,1.02752563765731,0.71015384439854,0.44545687846757,0.306600195570422,0.170326529012843,0.0499241792810224,-0.0730069271998486,-0.079394032585973,-0.0723658284926267,-0.0639480482133317,-0.0327925361378244,-0.0273013531376698,-0.00808459464499598,-0.000964986350613912,-0.159838317382694,-0.100499657199875,-0.000980495674195048,0.0127063739968241,0.0267308616726927,-0.0086038215175236,-0.0222581579288771,-0.0114005653424694,0.232142158721854,0.186986595984131,0.158631410902823,0.122968477380988,0.09985487394134,0.0678667222327132,0.0391363631286468,0.0113538266634997,47529.3291207904
"473",-0.158199012832603,-0.041520951903307,-0.0354888931189035,0.0945506729638863,0.0959049260508676,0.0888336996205134,0.0648032680141007,0.0174185111951414,0.619101070116628,-0.136354634146189,0.0149331601464223,0.220780325636464,0.52416356622261,0.65345141708942,0.804612480625878,0.946464107270423,0.353235710255983,1.08103692694205,0.9434193381908,0.710500464881406,0.42484992939769,0.297649371929954,0.171648890455731,0.0506509237522926,-0.0398236391256733,-0.0697122166915593,-0.0617283888457854,-0.0617341664757634,-0.0389060331571061,-0.0220479812100705,-0.00849512552389963,-0.00070544370194431,-0.0730509174609441,-0.0951636530921127,-0.0632043178690577,0.00676362329200105,0.0118606843092727,-0.0227935682793727,-0.0174363061437507,-0.0114377521561548,0.228489561988381,0.185298549189659,0.155572157951174,0.125385120452442,0.0959415927086573,0.0676108186245095,0.0396690822727573,0.0116199445230796,47540.1954145085
"474",-0.15637016017604,-0.0332053371422937,-0.0421113745878918,0.0624471063735378,0.0916986167962786,0.0753933977878627,0.0560945067221845,0.0148423108338508,-0.364363521940605,-0.151072906019866,-0.0392581444906916,0.254130269148798,0.48385163463978,0.642005514311854,0.803457867555025,0.949601874017465,1.34253594663672,1.09910841368973,0.994795737076332,0.677351204694011,0.468130125582404,0.311898880240747,0.1759621407969,0.0479700628909462,-0.0482995823247299,-0.0763298175831938,-0.0618013880712714,-0.0666682461293152,-0.0316640130386623,-0.0207697728338122,-0.00765316948115307,-0.000560278292137471,-0.104963395742217,-0.1339838099107,-0.0109989085235345,0.0679926876808857,0.013661090523072,-0.00118258094687601,-0.0135850665666532,-0.0105002916287172,0.226329049277847,0.185427333002371,0.158053665594095,0.126666490969926,0.0985089507333417,0.0690290696595563,0.0399497712173375,0.0116586637849813,47536.236037217
"475",-0.0939420639684589,-0.0350260432288122,-0.0409603157023681,0.075579647099136,0.101241577674141,0.0947757800907463,0.0572488424616571,0.0193108173863193,-0.275804101278009,-0.122647172646624,0.0103405811408038,0.233900354733131,0.466236774909512,0.646980229161113,0.812887789470599,0.948036322946829,1.23038677641039,1.06607365878011,0.948385811143372,0.697577075683543,0.480249180358975,0.302971876917911,0.164424377791079,0.0487132688070708,-0.0398759706855649,-0.0518648796312986,-0.075760334997536,-0.0613764141945087,-0.0372141435307323,-0.0231253067239032,-0.00805564530755607,-0.000165015169809382,-0.0948527983123199,-0.124597620449482,-0.0395921874721684,0.0378693210878115,0.0395462609786038,-0.0160203457033868,-0.0103375318257558,-0.016131939783131,0.226318619958442,0.183090678597191,0.157636762347027,0.124831607717371,0.0979193909368567,0.070450132541558,0.0401362513867834,0.0115261012130473,47533.6857515688
"476",-0.107679608414607,-0.00891999331998403,-0.042322133578102,0.106019125667493,0.10517647867765,0.083953227194793,0.0655779227494582,0.018173580370009,0.942840064713349,-0.157011898935497,0.0218104468422144,0.198643405417833,0.463016988270603,0.661448858963504,0.811917909679084,0.945758935882174,0.0166829061093019,1.09861256089582,0.940221235149896,0.731273242891239,0.480783388820285,0.2910700165264,0.164875531699303,0.05083990673431,-0.0498319423099661,-0.0655517555351898,-0.0582141343790109,-0.0570806306186052,-0.0355910968107326,-0.0230679900959259,-0.00827718495332987,-0.000941588050484937,-0.104318976875341,-0.154072889722049,-0.0695803135720182,-0.0147880776744221,0.0460741459193811,-0.0245642575104272,-0.0218387546199816,-0.0102274136104777,0.230859003514175,0.183960166639039,0.158405772347666,0.125081733579929,0.0986685551982865,0.0691824596753236,0.0402825450682915,0.0112084146522096,47531.5192117598
"477",-0.125943806392803,-0.0322631155535062,-0.0444406546353338,0.0696578214880991,0.107544025043577,0.0924831167729747,0.0600124493759933,0.0178129059486121,0.995341497265673,-0.196980559925013,0.0606356606898588,0.225992510735695,0.483064537017955,0.663147422708879,0.804169089298679,0.947635765253209,-0.0261210181133921,1.14493210475864,0.896272278361171,0.707827964056699,0.465027717891522,0.286975367968746,0.173142928039261,0.0491610940510355,-0.0396143205567243,-0.0633021368177497,-0.062078494065604,-0.0644914715153991,-0.0416616237708131,-0.0168437065579967,-0.00747918345860727,-0.000798435742087281,-0.148866444431186,-0.142894468548503,-0.0277260562488441,0.0503289808972159,0.0218821721756258,-0.0331153247482397,-0.00889482373750093,-0.0114497769078366,0.225637290453696,0.183150410137365,0.15440125199133,0.124421475401458,0.0971716420800103,0.0686230445076737,0.0398564804282097,0.0116343812607053,47532.2934642079
"478",-0.0692920685528973,-0.0512408991611799,-0.0196857228780726,0.0872041163733434,0.0891736865408758,0.0727029167942319,0.0607406321799836,0.0157190612723419,0.659307028761773,0.00523894429435314,0.0355979114276994,0.221741263256433,0.47554462392288,0.647697254816873,0.802121154252793,0.949121951026623,0.292478767671116,0.944488814139769,0.916626545778434,0.706355169948765,0.476329781460363,0.306287906811081,0.175894579364198,0.0482377378919058,-0.0412420804564907,-0.0651467374425596,-0.0651897749760343,-0.0629585614873326,-0.0376363729740565,-0.0229810577170578,-0.00682877302885114,-0.00179468691127386,-0.134994729012704,-0.113931420254457,-0.0437116055843213,0.0271882535567713,0.0375343385986909,0.00547399189335974,-0.0154673232848927,-0.00852540504310724,0.229758614878434,0.185439671134086,0.154704481766539,0.126701478822056,0.0989618275489883,0.0714572857264482,0.0398112784251083,0.011564863782459,47538.488258362
"479",-0.10548054998583,-0.0564027003051242,-0.0516196183132076,0.0672876019229076,0.102553689125857,0.0667139419035474,0.0585865178481778,0.0180568062379886,2.22412892618964,-0.125729730507857,0.0393409745772993,0.215733719039378,0.466606130773691,0.659043921576396,0.812691116226858,0.947236182345938,-1.26297676712637,1.07509059608602,0.922606812944686,0.71863947609649,0.482692928076943,0.295996200184489,0.165189262086532,0.0497387448345776,-0.0616781396677031,-0.0696731048232089,-0.0688950112299318,-0.0678168599070215,-0.0417979359874313,-0.0235109853352497,-0.00875809876670662,-0.000519509297981114,-0.0870596636167941,-0.0826384629901297,-0.0255610630897532,0.0476468579096679,0.0320880050231801,0.00500005104436621,-0.0152249596573733,-0.0126420890302078,0.223107461057947,0.179198729845229,0.159803119517771,0.123663902078254,0.0957985346127573,0.0698795684283095,0.0398334709367073,0.0115036751804255,47536.5925368235
"480",-0.147814226510662,-0.0660044898091984,-0.0516593316957341,0.0596274032428528,0.0890442282284237,0.0978336734357637,0.0583245485595983,0.0166153687531106,0.498687734408289,-0.125792441838567,0.0500381219223732,0.208726071941478,0.488382105849029,0.64941770718118,0.806995766740078,0.946938889255222,0.472933863337086,1.07497299932962,0.909480107086901,0.726369734904858,0.4593092208844,0.295929283135717,0.170814976763174,0.0504125928378632,-0.0507021024913987,-0.0677295762138914,-0.0623933539604518,-0.0680680747380847,-0.0340191994255297,-0.0210983576796899,-0.00878138866735725,2.85698905221097e-05,-0.102418546152385,-0.0832020712247001,-0.0312388037317202,0.069007204071035,0.0408560163539806,-0.00782212765600965,-0.0083764948693084,-0.0117784364540007,0.230630688179849,0.180692781481112,0.157506158327062,0.125919647681854,0.0964151518102908,0.0686261263814492,0.0393050110735047,0.011589931928638,47533.7223858415
"481",-0.0534435306401954,-0.0267696372272729,-0.0554449484338982,0.0509322998856686,0.0833355871312619,0.0774035051730665,0.0612213021830876,0.0175262521301303,-0.454277350327168,-0.109057191649341,0.0395004210044061,0.242473746542059,0.49949812473719,0.660253017601222,0.806320020152977,0.947751641904192,1.40057910409835,1.05015080631758,0.917793689222051,0.698986033370537,0.454698946228931,0.293172595286525,0.172165752178867,0.0489233737321955,-0.0614026042667363,-0.062230372198611,-0.0716843879986382,-0.0605691658838029,-0.0435341591823751,-0.0259232494676998,-0.00822115038523102,-0.000945244018867833,-0.118068392309068,-0.101647224944905,0.0141939962510311,0.0231796344449634,0.0283247282531689,-0.00454622496091698,-0.0198450288312844,-0.00965818416414895,0.228243533823252,0.185981740567339,0.151999911317557,0.126080810552203,0.096399415534416,0.0707482435174413,0.0394494669098328,0.011801224233384,47531.2502777765
"482",-0.122130384333034,-0.030219584541964,-0.0321824260165767,0.0835722659381609,0.108553019627193,0.0816303951561545,0.0633608591681301,0.019198178807617,-0.693092388774367,-0.0953772712133887,0.00985085390801741,0.229798141401855,0.48180339900351,0.658268373691489,0.809331766210378,0.948891604205484,1.66389591497381,1.03997272407986,0.949740945238719,0.699267050217937,0.463702949658562,0.293492376111526,0.168500805208908,0.0478506454752686,-0.0650798323964213,-0.0665186448306713,-0.0726133853397083,-0.073718114412025,-0.043125223777097,-0.0249178203964446,-0.00768435951508529,-0.000783170593322743,-0.108171140340464,-0.135985980792118,-0.0545464619122011,0.0421763845057776,0.0282226705406797,-0.0053889371109297,-0.0254788310693998,-0.0137444574705475,0.229679172305802,0.184038425616668,0.157288506060552,0.126477436166455,0.098556356104545,0.0692814505083644,0.0396993327026462,0.0114211414466203,47538.7402906187
"483",-0.130069547316182,0.00120177636374378,-0.0720414125214419,0.122520018315666,0.0960993047402783,0.0794907205783547,0.0631156904257277,0.0169712072791933,-0.150226062301941,-0.148630913366768,0.0314655144571089,0.201965073073523,0.502148051010939,0.658534631399871,0.800985807212125,0.948869006969476,1.11619936413236,1.08465590706656,0.93184857885579,0.720223481363901,0.449025121899369,0.294582944916827,0.174989130084308,0.0484574035487298,-0.0451593190816965,-0.0579045793332389,-0.0619313984281584,-0.0557314821647359,-0.039614700460526,-0.0229883417944094,-0.00477066583879528,-0.000834602514596576,-0.0881064408453133,-0.161261327156255,-0.00553219500811959,-0.0114392123473268,0.0186757972270073,-0.0120168799804912,-0.0146016070486616,-0.0135174397035517,0.231196193162604,0.184911100651727,0.159816864554799,0.125680380992497,0.0971433731016211,0.069748957282149,0.0394350032401333,0.01151428127634,47540.0019002483
"484",-0.0684825802997196,-0.0340293318621851,-0.0372302509178556,0.0806796938109989,0.0821611687932731,0.0834197490530512,0.0641531719245368,0.0188406443168132,1.37444340421424,-0.0819436150906947,-0.00237925216518083,0.238114847802483,0.510789968039029,0.664988566961306,0.802820872932032,0.946831882234616,-0.424342501722944,1.0262947658242,0.963314133023004,0.69105808091043,0.440238404664053,0.285485276592733,0.173732956289846,0.0499563451551856,-0.0416025863164879,-0.0546169145986234,-0.0676949137441647,-0.0640328213455233,-0.0347454145465063,-0.0266333502108066,-0.0061106691136105,1.73924806654711e-05,-0.134313294511798,-0.141270890744897,-0.0628765852413079,0.0391433947107468,0.0310808061600667,-0.00308472633626187,-0.0145610797669976,-0.013544745058946,0.229877332817903,0.186533172421914,0.15431248360947,0.124981056299208,0.097793916812021,0.0703889734506576,0.0395693798664077,0.0116653029183152,47537.5273898708
"485",-0.101343875504538,-0.0163605850306154,-0.0237763453332308,0.101462610383992,0.0877783910455215,0.0731424942726022,0.0563086268190573,0.016270733192634,0.378663832607365,-0.0494500036097525,0.0423296261082406,0.168781230950912,0.494495820940868,0.668961171174568,0.803966424717731,0.949829782400039,0.580961885743074,0.992806022489995,0.910822300493018,0.75984397598632,0.457634779395993,0.285270738261437,0.174737074259007,0.0472841083012692,-0.0586316335971824,-0.0699375374755067,-0.0595953524977959,-0.0557664121307233,-0.0413757114646171,-0.0245028911622872,-0.0077620634022745,-0.00109344428129933,-0.0878251446491169,-0.131448185830367,-0.0547094820981059,0.00728921755771692,0.027353276913384,-0.00564870838310845,-0.00854234250608243,-0.0101011844033916,0.236181305236552,0.191894094892871,0.155661992140124,0.125037162785568,0.0974847591329694,0.0709958558061999,0.0398409898042892,0.0113213226031275,47534.5364791454
"486",-0.134120238467027,-0.0750260066444268,-0.0435887787010698,0.093563898325928,0.0952794294175701,0.0691651501044399,0.0633058779505276,0.0142334370977938,0.113898887760283,-0.0290202751610862,0.0444650755612604,0.22054645265221,0.477482869591725,0.661485437723741,0.804357658263699,0.948117021587781,0.853285027981047,0.983702918721513,0.911439900272216,0.707709621398704,0.469841416363799,0.29668449675906,0.171834739125766,0.049476477017911,-0.0482284209983146,-0.0639682974331361,-0.0630599039946863,-0.0651987991409647,-0.0378321575358541,-0.0223342054396295,-0.00717530942957299,-0.000995816909835268,-0.0673847090563036,-0.0906922086135502,-0.0245095031723634,0.0234528069430542,0.0450269350887609,-0.0135770875399029,-0.0102437327376238,-0.00866340382713348,0.228164725666413,0.185516310618058,0.155479688257236,0.128037630178045,0.097035080908147,0.070179046611581,0.0397207736926045,0.0116022116459047,47535.8269488977
"487",-0.131575091432193,0.0151810836434753,-0.069281038503894,0.0808839171942687,0.101913672251121,0.0872473235373571,0.0661921731892788,0.0190745380926901,0.741813037083662,-0.306461401106309,-0.0184451008972444,0.24535649017504,0.499570514974486,0.643288476471398,0.809881015123493,0.947460941921999,0.233414806740521,1.23763861225814,0.984072876299412,0.692673368620226,0.447533554415054,0.305611046975124,0.167847622893685,0.0490808445423095,-0.0575917277071479,-0.0726778532137713,-0.0563403551531278,-0.0779097531596257,-0.0367119243843546,-0.0187561121524043,-0.00996630909757084,-0.00104267424274785,-0.125349185830086,-0.142506233000671,-0.0311790866135387,0.000956586227888233,0.0181416468069359,-0.00767684019903377,-0.0274626060134847,-0.0115702565343338,0.230946566065006,0.185573495139862,0.159635094333279,0.12711304084939,0.0983478339782554,0.0706199648822205,0.0400932816054393,0.0114828950379061,47526.9273376536
"488",-0.200988104893813,-0.0212951406916466,-0.051324042430016,0.0907728150989698,0.0891447599317783,0.0785398696722125,0.055305971142631,0.0187160738303255,0.939815868125114,-0.177909805143818,0.0422271087720011,0.226466897191284,0.500716463766765,0.669526366910285,0.809611726069634,0.946585184221826,0.0451421141734461,1.11981190100809,0.916134546800833,0.70241707686755,0.452313517226064,0.284304452483224,0.171834105452061,0.0499693104188193,-0.0525608947162884,-0.0703264391625455,-0.0661253552150003,-0.0666168824436844,-0.0408061786883293,-0.0243694312564739,-0.00875023556086005,-0.00132350666238121,-0.050153042763549,-0.121020692967209,-0.00898390099026343,0.0217704145704203,0.0175924930885567,-0.0100723534247314,-0.0241389088100633,-0.010255804423838,0.234283077416131,0.181131648132586,0.153692668481079,0.125538370483382,0.0969150479843579,0.0692516208912345,0.0390641071224736,0.0114252192217468,47533.3921124056
"489",-0.169472571098355,-0.0425454307951423,-0.047372687610071,0.0765716214057534,0.0758215418453929,0.07616035642371,0.0614645756919475,0.0182640042179497,1.48146443949915,-0.11700150759235,0.0806382506486161,0.243693208347481,0.505770328732035,0.667588911604866,0.810867157939231,0.947252789047145,-0.504630065410873,1.0620500387758,0.88388760649589,0.689599814257194,0.450607670835501,0.28322026214179,0.166242165013914,0.0495040297195288,-0.0516815910687924,-0.0769416663097983,-0.0554028948328905,-0.0639440931084359,-0.0398330240010489,-0.0234762319637006,-0.00788736702561992,-0.000800513186405312,-0.0652534815973165,-0.0745481608821984,-0.0810091864284537,0.0246026043998212,0.0237526066187893,0.00903723283929733,-0.0165285151928405,-0.0113993161030621,0.226426459359034,0.186822958238747,0.155179928049977,0.126675592234635,0.0956099600326329,0.0702101603839935,0.0390468666620858,0.0113257951350904,47535.2757207271
"490",-0.153054082904744,-0.0544972492700326,-0.0486566707069329,0.063256884319189,0.0834548474205113,0.0811541302512177,0.0677548465687066,0.0187252302010714,0.110328780740791,-0.0831918707479226,0.0342089054774051,0.221559701826147,0.505896464828281,0.657506131490622,0.804066394819329,0.945976134202925,0.869812074811292,1.03013474117618,0.922439930626318,0.715933854964893,0.443975795845333,0.295815935693452,0.172098690035751,0.0505802777869824,-0.055167852921756,-0.0758923459896528,-0.0676063802287585,-0.0650832282366921,-0.0343703365001977,-0.0274564033899788,-0.0102311776898842,-0.000363664131998578,-0.124336605475041,-0.0851834107886193,-0.00687142714940855,0.0348249621608023,0.039703552194293,-0.00782049188871681,-0.0214722834780938,-0.0123581774874062,0.222999889500317,0.184517377062155,0.156652399324003,0.127039077827404,0.0966132421963439,0.0694527976414837,0.0393754390819524,0.0116552241975535,47539.5505986202
"491",-0.104118685883355,-0.0101278989632516,-0.0290519824061643,0.0712341691843413,0.096095065905071,0.0733153704596747,0.0651922017606158,0.0163816139017592,2.0065903093908,-0.145533348524641,-0.0261565202672277,0.201039081987503,0.480442048049927,0.655001141943494,0.803853845075807,0.947950372233651,-1.04884603085748,1.08057989308836,0.982512030287809,0.727152794251102,0.46725742238233,0.297801464173939,0.171933937295283,0.0493174456737466,-0.0464717637040751,-0.0624912465048065,-0.0721875045787455,-0.0601044674841408,-0.0360522513199005,-0.0211209956546107,-0.00676104675777387,-0.0016071218260195,-0.0937147760322199,-0.105742818019072,-0.0405764587893389,0.0728808795854391,0.0428773301671727,0.00604259712167087,-0.0162668793577458,-0.00976229792984248,0.225959103533023,0.181196429603996,0.158162625650932,0.128525523402257,0.0980404598472425,0.0694558226555224,0.0396155434106678,0.0114485328970281,47539.682191224
"492",-0.122149154727037,-0.016940256401803,-0.0502788801544175,0.0781965425793353,0.108977966197483,0.0750577881159053,0.0577760103217813,0.0168245781305097,0.503399945641081,-0.0720475643364201,0.0316767191281811,0.210492593243099,0.486852965952078,0.649673515959061,0.808711914791118,0.946639903770844,0.456970673194375,1.00834225775283,0.924240020934509,0.721269551973917,0.460483413805774,0.303640052081278,0.169544549486412,0.0505141381488989,-0.0461065908951856,-0.0559855110408302,-0.0688333954660555,-0.0578586713070685,-0.0369728926324383,-0.0238934306024617,-0.00828088167225256,-2.5167089574399e-05,-0.0567726376447532,-0.113899554285391,-0.00533593787740777,0.0331990851415587,0.0145773332914719,0.00802610879156611,-0.0130888172113007,-0.01086323789915,0.22782151869161,0.188852986298616,0.155808394917445,0.124679935070309,0.0944659900153711,0.0681455860986707,0.0392442735100415,0.0114073222763857,47539.6683249061
"493",-0.125841843918054,-0.0343612886065838,-0.0371020306835839,0.0637574512252963,0.0770756136225074,0.0782330975447058,0.0658773853183407,0.0161867352638,0.357261133718687,-0.122999446785814,0.0147425182799823,0.202617553586218,0.5136497909087,0.655195103333128,0.799952177042681,0.949174415615769,0.606566347687499,1.06801184320821,0.942068078002949,0.730717309671753,0.438581533429827,0.298327105429569,0.17569517793767,0.0481005337990824,-0.0643686889509583,-0.0669471709084633,-0.061439799473472,-0.0598167573805096,-0.0386189247047295,-0.0219572488553457,-0.00383847028386132,-0.0012863516009545,-0.0542571210610101,-0.127119922457112,-0.0244172833063412,0.0484716928435354,0.0344937914480917,-0.0108063862888215,-0.0186015387441984,-0.00988077536476904,0.23161383311294,0.185643276746065,0.156099360901969,0.12663538952754,0.0974093136524239,0.069634989631714,0.0397897188726517,0.0117401880034029,47537.1190432062
"494",-0.173400357572281,-0.0523376680635996,-0.0333675054031713,0.0972981307537,0.0870310834687689,0.0810849295705435,0.0554481006047001,0.0180071163433374,1.57557341266958,-0.164030940568066,-0.0519798603297276,0.204663014602514,0.46962411563204,0.653367373603202,0.816689763508322,0.946503637915606,-0.592690312809652,1.11077677113963,1.00279087449287,0.722287996452366,0.478727450142333,0.298810395817717,0.163430261842423,0.0501890298764505,-0.0561832452965185,-0.0700020532610506,-0.0684215265179499,-0.0606449999882601,-0.0372831474907205,-0.0228912620725191,-0.0093528227323754,-0.000553171723912103,-0.0792330028596849,-0.0853217451599642,0.00285467047282967,0.0261444977921099,0.0605006915408254,-0.00661654862114035,-0.018514850582678,-0.0104705441652229,0.229135794602076,0.185325968823769,0.154722013578943,0.127155528672114,0.0949119055751834,0.0704732139796402,0.0401540713301838,0.0112332112498577,47535.7848747094
"495",-0.124466089127983,-0.0295157427518275,-0.0251148073939869,0.0997173157641718,0.101923126079374,0.0684952543613707,0.0656485166526873,0.0163762942013728,0.547964035421605,-0.137306640596461,-0.0904341417822677,0.153413447516208,0.498818965196627,0.649001378833333,0.808691719122641,0.947027364162368,0.420720769907651,1.08445943752962,1.04420179520805,0.771741615274465,0.444993412656572,0.308461247587372,0.166422361747979,0.0500234778379704,-0.0657749974836919,-0.0714573754463586,-0.0683968724268278,-0.0595743308008328,-0.0331455291586765,-0.0223330681031865,-0.00872520616248892,-0.00132383236291779,-0.0792926764467212,-0.134293822135747,-0.0323809238426479,0.0346141576929276,0.031487269227061,-0.00350643983872174,-0.0143839684569783,-0.00704100417771143,0.229330514594779,0.183278392168954,0.155626408220388,0.125155698506342,0.0975230019675271,0.0691072373540486,0.0398416256394083,0.0113775865252722,47531.6765817668
"496",-0.131035577430704,-0.0561533526175015,-0.026626962258002,0.0713197505345482,0.0708482799470048,0.0724275220898891,0.0636063178930548,0.0149682275523511,1.05569009556873,-0.17305494175152,-0.00314609071441238,0.266752971983098,0.523557720448222,0.660911777218536,0.814620007755707,0.949851119585962,-0.0869899262239619,1.11689897507674,0.958908514221101,0.664064423646041,0.433220830354563,0.292698503215151,0.162837482016027,0.0477748870233867,-0.0580549566983338,-0.0662569522759601,-0.059482955343798,-0.0556053804999832,-0.0373038531765456,-0.0238018679752711,-0.0110195312743114,-0.000734594982633619,-0.0744320657766598,-0.0710394752161434,-0.0596926521902753,0.0283909732590129,0.0274898203622829,0.00452743697548052,-0.0194981793480665,-0.0108181085199608,0.230870629984123,0.180164517886115,0.154618395370944,0.126130264176928,0.0983280819064135,0.0705061171357639,0.0395575477101482,0.0116903474838794,47527.3759691629
"497",-0.206245982946864,-0.0180887056161434,-0.0520153843060299,0.0693092011098736,0.0851784232799522,0.0611499941948558,0.0684496190718818,0.0163322894342828,0.369522038199666,-0.0544872589632105,0.00105154027917614,0.210991487582286,0.490916101634732,0.662366965512639,0.80321041634562,0.947776734453476,0.623398721144782,0.999333250256451,0.962831013637861,0.726534490712001,0.458840312957603,0.293745655674908,0.173018841954817,0.0491746015331313,-0.0729331615153706,-0.0659958566865948,-0.0613625510325054,-0.0692471277300407,-0.0367909979233071,-0.0202300487805528,-0.0071118227854565,-0.000468424329519127,-0.019517344509833,-0.148161394354082,-0.047120917076719,0.029638278337862,0.043604294975895,0.00483736284065684,-0.0243814836459906,-0.00814985766912064,0.229806147218859,0.186082149046868,0.156767811276882,0.125231490645452,0.0989616469270233,0.0697854770280063,0.0406950796610883,0.0114731865627232,47530.8881512689
"498",-0.120828153192159,-0.0498361307380878,-0.0342387776815882,0.0975438469650518,0.0876209139337625,0.0799100081090278,0.0586163340888577,0.0181610919990154,0.16236778528499,-0.17665232976612,-0.0186717383415656,0.204817122456495,0.520532717285471,0.658528320431816,0.812574898831515,0.947785432934758,0.808591208384812,1.12594962777952,0.968489629658566,0.724382892735195,0.428899214437036,0.293295306484912,0.165442898071182,0.0488789283680103,-0.0682430720985515,-0.0685390072240991,-0.052443599791758,-0.061845385698316,-0.044604755213146,-0.0170438343800009,-0.0101331527296675,-0.000546683097296936,-0.110389720581679,-0.103333860069,-0.0119940291670685,0.00881896422193518,0.0426309372239944,-0.0116292168410951,-0.0139470652227323,-0.011098998263757,0.225674160807405,0.186003745479498,0.157784843709335,0.122864003314384,0.0976323080084141,0.0678502032699479,0.039536475764541,0.0115511381825016,47536.3584362356
"499",-0.159496150776546,-0.0352003295074382,-0.0742666945589849,0.081109833234534,0.089879076195126,0.0759462684434637,0.063096888852181,0.0139272290287644,0.0369715292689803,0.0361341575069171,0.0439544496389605,0.183560379117881,0.485110128027523,0.65891213914772,0.807981363748893,0.950041622509805,0.947005000061273,0.909728567025212,0.920682281723675,0.746303962492071,0.46230305109468,0.294075771177994,0.168705677627405,0.0475566470376808,-0.0709662632841618,-0.0633718608824835,-0.0672100270621033,-0.0650542533501799,-0.0349612103407277,-0.0197606268345752,-0.00761760164859431,-0.000934301789199626,-0.0996555153762756,-0.110876650757771,0.00186563227817498,0.0515505022625282,0.0484751358142381,-0.00872725781637688,-0.0168428273136521,-0.00777095115368873,0.23362325544476,0.18444136635117,0.156152354127701,0.124355910060713,0.0960254221535416,0.0698843147216371,0.0398026461190193,0.0112074480772868,47535.2020919871
"500",-0.137499560433713,-0.0750378267423277,-0.0383521847149849,0.0760003212001968,0.0952981003240754,0.0718223955565532,0.0588326169816094,0.0193909436168239,1.5065581538974,-0.0565446819186222,0.0202152418549209,0.194599012795435,0.491712984672796,0.665616777707366,0.802916366982381,0.94769475846324,-0.526874510189695,1.00850867834882,0.934831359666713,0.738524228607931,0.456337579733818,0.288406575308112,0.175605947201469,0.0485521453626686,-0.0520341016468076,-0.0798977381707692,-0.0655717979438284,-0.0582720301385196,-0.0460081134561291,-0.0264415188259963,-0.00603119660591848,-0.000181630421232387,-0.154108555841992,-0.0509860026620194,-0.0261946650606211,0.028239077036986,0.045652986576776,-0.000796838212862122,-0.0169763343959311,-0.0130614501886916,0.230382338430834,0.185662070422692,0.154893953479464,0.125969862824818,0.0980884432625318,0.0697654002975191,0.0395096478558227,0.0114018096047786,47539.4318634642
"501",-0.150597400343327,-0.0452457007100875,-0.0457901953884224,0.104314939858424,0.0926631559895892,0.0684630744149382,0.0484197313708801,0.018315460151508,0.323142521660942,-0.0614838568582328,-0.0219956627731041,0.211045316229385,0.484941707645052,0.670255004607538,0.816097508420034,0.947691208456876,0.651686994367597,1.01101806349959,0.978640734288239,0.717014691232428,0.462827247834628,0.284647405300801,0.165596881933576,0.0491435310233054,-0.0548480911074461,-0.0748250371872349,-0.0619289632719614,-0.0678727921801588,-0.0375656687967517,-0.0215046378055868,-0.00999055147247221,-0.000150211119176313,-0.0815548369908796,-0.125662957964723,-0.0132834582099432,0.00251934029313305,0.0438202397104563,0.001366997871374,-0.0144904106002213,-0.0138982423927027,0.22661042322157,0.192634709727534,0.157928781606557,0.124461162411992,0.0983114897435045,0.0710367486094808,0.0396057798289894,0.0114240089695895,47536.0310912934
"502",-0.102179143588323,0.0104668670364381,-0.0639928757098834,0.0736301515275949,0.0994439305556603,0.0726332056253054,0.0610765060201675,0.0163878696518142,-1.21789694453339,-0.0512522913359458,0.055446068390638,0.194455734543503,0.47842780320235,0.658909190323858,0.806535930530583,0.949028283071364,2.18285491637823,0.984261932670106,0.908883674701133,0.739588069737273,0.469673076997979,0.293806471724663,0.170306644372801,0.0482470807611409,-0.04388877813118,-0.0627929542675343,-0.0728843733471261,-0.0625925304629869,-0.0380976825954534,-0.0243879766435855,-0.007208054782217,-0.00209104448053085,-0.141883221198667,-0.142217336014602,-0.0128907632234827,0.0401649481514962,0.0354021417778336,0.00916794630626883,-0.0126135753937315,-0.0098837428626793,0.231454764490024,0.181614733093026,0.156214426420863,0.129219013547089,0.0967835568349744,0.0690182293253251,0.0390929692885602,0.0113844863843093,47536.6112914921
"503",-0.134375953199692,-0.0540943982292833,-0.0373346342907034,0.0981211671172656,0.104284037528321,0.0818871493180868,0.0589537119036199,0.0169779781768364,1.98971925537541,-0.103411045483101,-0.0134040028761756,0.183722837193365,0.484027102902588,0.65111456037285,0.809030622532783,0.946683143014791,-1.02070090174197,1.05530999640333,0.970459261110691,0.743830690863425,0.463987461861317,0.300703814863885,0.168071599451102,0.0503436063256421,-0.0613940815593474,-0.071325829257302,-0.0777677412468057,-0.0651739600041118,-0.0396060749149859,-0.0274140200901342,-0.00694907889671946,-0.000465200904593281,-0.0695443653204876,-0.110899444634212,-0.0154177227447429,0.0319381275404302,0.0188089803842346,-0.00809014651220934,-0.0121976636752518,-0.0103767476898993,0.230804064199396,0.182289232999062,0.157480901190009,0.12449568959725,0.0989413212753772,0.0707899431414915,0.0391620537000413,0.0113472432645904,47539.2167597117
"504",-0.104565505894146,-0.00392789706973293,-0.0438851976045345,0.11996596790815,0.109165139352935,0.0738167897227326,0.0564663684275994,0.0190801594730105,1.85564245947381,-0.126365912725232,0.0239044270852301,0.178618472471047,0.490728367032152,0.649357991191907,0.803331829849927,0.94712967627642,-0.88931807236869,1.06308260152965,0.932437432195925,0.740361308122771,0.457491004118593,0.302134349435617,0.176831329207797,0.0492444847624154,-0.0504909946574731,-0.0763037945177075,-0.0574759151689193,-0.0587855027760625,-0.0336991768989111,-0.0240407497951551,-0.00868676862403683,-0.000624670547232559,-0.143261382767011,-0.121187108592122,-0.0141420927769273,0.0156797459449102,-0.01046577584993,0.017471592964448,-0.0198267145565841,-0.0115809522405988,0.227482534019546,0.187082883231624,0.15487899968534,0.121744185084669,0.0958414135936179,0.0691633868866395,0.0396598268657042,0.0115443154386102,47528.7752619876
"505",-0.103854706533248,-0.0564051733554504,-0.0596726139004736,0.111234580338927,0.0978423063687088,0.0769886781015362,0.0537242241955945,0.0173634630751661,-0.281737232652542,-0.144744896998909,0.0481120138183015,0.177335849600669,0.503164760629547,0.636348187251226,0.810570246413045,0.949202278323479,1.24377826034612,1.09446090224863,0.915536637129164,0.750164777608859,0.444414911992914,0.314651452265045,0.168664581540096,0.0476298778012931,-0.0553663440590391,-0.0730660118402128,-0.0781204820886532,-0.0612423516286936,-0.0406017261273983,-0.0235022031814009,-0.0119552925252733,-0.000612801497977806,-0.131042514735741,-0.0964307561989439,-0.0124886119139531,-0.00388926444699772,0.0332624441042131,0.0152015187139286,-0.00378992381203131,-0.0120573349368334,0.230865024245825,0.18654123627998,0.158603256133189,0.124502204922286,0.0976907231156732,0.0704609332839062,0.0395106159117554,0.0114547531731213,47533.2302920158
"506",-0.108444861252989,-0.0406550361540366,-0.0534358079110808,0.0851039435366903,0.109353368858727,0.0786056821522906,0.0619027130810379,0.0159330836988531,0.379321320338228,-0.168414544513442,0.0304771173545448,0.172977631246925,0.496485645707387,0.642412190500313,0.815654294007464,0.948367243540328,0.588972345246448,1.10878996478897,0.92363840105309,0.754646014538578,0.450765886381733,0.309676379668665,0.162168193561978,0.0489627132272117,-0.0478681513046461,-0.0593197852445268,-0.0606447328950381,-0.0659052788278059,-0.0413351999609025,-0.0199470461932522,-0.0072682332583383,-0.000171052921783333,-0.160434401855564,-0.088445600607397,0.00621306091576531,0.0646613347458096,0.0084713005216495,1.69066401736698e-05,-0.0264654353180931,-0.011110751765811,0.229703670324815,0.183424757047275,0.157273562741612,0.123787910923237,0.096739694367607,0.0693376884102206,0.0404437076759547,0.0117508400867554,47533.4483578772
"507",-0.139892451409203,-0.0196397241281159,-0.0490003778312457,0.0865622929690328,0.098579462796902,0.0790253797793352,0.0632250423747104,0.0169240266809242,0.798381657888682,-0.049218443243286,-0.0250625464890455,0.212412041200153,0.489629452159463,0.648777162305003,0.808831392859799,0.948046887590317,0.170675650745648,0.98720094490422,0.987091865059092,0.719898853786963,0.45707618617634,0.304315943757593,0.166927493290603,0.0486807312362088,-0.0457080730838907,-0.0689159867759989,-0.0778362320465916,-0.0644660025913558,-0.034336896919171,-0.0233448964928133,-0.00908622271253695,-6.34729691527385e-05,-0.0864451483255211,-0.103713404500044,-0.0164809826129026,0.0146709316362998,0.0358635052901212,-0.00423825893475659,-0.0113405112626994,-0.00997837597805637,0.233777891126845,0.186906195633439,0.158449071249268,0.125887728222794,0.0958567616090107,0.0706212856940265,0.0403756086929646,0.0115924105493423,47542.3211514307
"508",-0.163035986917598,-0.0427253077896231,-0.0538778462241788,0.0749992378321071,0.114037744969576,0.0599156922131575,0.0658870665973288,0.0199968092581049,0.652395068195929,-0.0610485350137756,0.00295359150120366,0.200628866606558,0.460474046143524,0.658415806517456,0.804836570482078,0.945110654192877,0.312999461981479,1.01252180552859,0.960582507252444,0.733672138980062,0.483615548601613,0.298036841966535,0.170748859579848,0.0512294355814857,-0.0598065169299414,-0.0696099829774464,-0.0582974973660986,-0.0706027175483163,-0.0444512457562637,-0.023700985083101,-0.00941952478566998,-0.000890779170548317,-0.00265132162649081,-0.134967833555636,-0.05876174020357,0.0468363948000275,0.0383233875961515,0.0102367136056941,-0.0133067902922642,-0.0120610753317001,0.231542078951483,0.18375595810557,0.159111970945521,0.126759850815192,0.0987294722188165,0.0696832349145595,0.0407281850582469,0.0115361589260338,47527.8026646521
"509",-0.0813011646419669,-0.0671025603504449,-0.0271017417662722,0.0771039864430379,0.0755002227163305,0.0843915733889791,0.0586141867282882,0.0184232417042373,1.37418360593066,-0.146997632601012,0.0309522473752435,0.210551654510763,0.506115288042359,0.641616730126795,0.805838160141514,0.949531420835214,-0.423969548680202,1.10277749552625,0.921485805632758,0.723888374845235,0.447544761270377,0.308988603243358,0.172445659083793,0.0468947279514625,-0.0534792059636853,-0.0622938302929013,-0.0713049772039735,-0.0729506041211219,-0.0398650392082748,-0.0215289249713744,-0.00598077909734288,-0.00123888088083793,-0.0971073396906334,-0.123340173031792,-0.0297136969435064,0.0362885907999991,0.0422358215694272,0.000157202961901247,-0.0172213476339206,-0.0117151656763624,0.227619831381495,0.185963078109331,0.157838128186567,0.124203187390148,0.0969961680483268,0.069546172724758,0.0394688635514479,0.0115940601643922,47538.6892034656
"510",-0.0964178929951739,-0.0408460436254936,-0.0480373918501923,0.0858585719806696,0.0800535417001908,0.0716541611381117,0.0567397232283964,0.0204930910936549,0.374589466607823,-0.0296302683597112,-0.0230439975472598,0.213984751478748,0.516553699028075,0.658793095816469,0.807882308622668,0.945416723737027,0.587217404686802,0.975753585459002,0.974552808109161,0.719008481540393,0.436736939235703,0.294754252922603,0.17126501355401,0.0510471560089793,-0.0523120400348558,-0.0807392228125466,-0.0599305699279237,-0.0675522430037534,-0.0401321574165173,-0.0208072522999738,-0.0084645358763378,-0.000965548168831479,-0.126884250028371,-0.0949332729613306,0.0195082024371538,0.0188406159314438,0.0337813680468535,0.0039531317206991,-0.0154204796960414,-0.0145759159726305,0.232162276174811,0.189215481046941,0.158372156634858,0.122532772593708,0.0993181064443555,0.0702523798247932,0.039661904400037,0.0113748945621717,47537.563792467
"511",-0.12011457061819,-0.0784529381363624,-0.0676384071621804,0.0848290449151264,0.0800547294683812,0.0817821829386915,0.0655918247610313,0.0226559427941451,0.44656835647074,-0.0191591830410107,0.0323966747207359,0.213959396134452,0.486856464036314,0.651497437539051,0.80457494358606,0.945141943439718,0.524888186739265,0.967851344674601,0.933203902489095,0.716217418234991,0.468294067229122,0.301115875805071,0.172356670656725,0.0502231491727441,-0.0605597977658837,-0.0730033203241291,-0.074103114263038,-0.0647378336576169,-0.0372511851702297,-0.022603292773532,-0.00835141985543514,-0.000107704516826261,-0.124190155059394,-0.0407534055329201,-0.0138565728573626,0.0335730490787526,0.0317801254327296,-0.010542413753382,-0.0207804667852493,-0.0137547964061442,0.225231723881274,0.18968592588913,0.157226523798559,0.126807596217229,0.09813428225102,0.0688938749235339,0.0388855848721179,0.0112999574449166,47535.7862534109
"512",-0.157571873812148,-0.0693709894175161,-0.0324928399773428,0.0649770896824409,0.0848681807032079,0.0756083032085296,0.0698692960062397,0.016553016311256,0.100588580345917,-0.0970686483629472,0.0416721380370056,0.191793246400431,0.488864577793997,0.653168346298207,0.803399852910932,0.947856363235784,0.87240168542568,1.04962135877453,0.916364818695321,0.742839020486654,0.462311357268715,0.300987819363834,0.173488624570086,0.0496326921050776,-0.0509368804719885,-0.0684546105544832,-0.0747446152774414,-0.0651085008173646,-0.0372385224267727,-0.0270370824177327,-0.00648519760543994,-0.00104874257722445,-0.0611947941731195,-0.0774842079056032,-0.0496482635500471,0.0545359630277448,0.0398197116875117,-0.000197559187948494,-0.0313717189785509,-0.0118387596737916,0.225882356331389,0.183457309681524,0.157432156494754,0.124104158582366,0.0986132956801252,0.0702012741040742,0.0390265444300329,0.0114764156050568,47542.207863838
"513",-0.117952870578522,-0.097912121771496,-0.0139072028457189,0.0895930215527851,0.107493585173746,0.0759606916030631,0.0666217388961256,0.0183182858629259,0.58743636785776,0.00353845774987398,-0.044231272607669,0.204350200084526,0.481710608783771,0.637970727349522,0.807496061006804,0.946311107218233,0.375049391610029,0.959749441104997,0.996056277754733,0.722213057857712,0.465968410561337,0.313902198849405,0.17000663556799,0.0504768413846191,-0.0546798879170417,-0.0721551762410179,-0.0655412697749024,-0.0492966478448587,-0.0351851959175744,-0.0190715021459344,-0.00780996743092446,-0.000878895302288903,-0.070949849301249,-0.0845065044979242,-0.0513179452561779,0.0232705063826815,0.0182624103099459,0.00502110217985414,-0.0298058010392938,-0.0111465738038351,0.22777107208752,0.191360539283119,0.155262272419701,0.123196448224807,0.0971818974381857,0.0696330971600556,0.0394771157881558,0.0114844462368656,47533.8893666492
"514",-0.160877001389218,-0.0903197544202568,-0.0592646542874231,0.0662979990704561,0.115719696321855,0.0777230430891961,0.0586771794885466,0.0185853704124299,-0.282781566042163,-0.165197179597902,0.0452972480306688,0.230476346867455,0.469936299118555,0.644737661745691,0.817327977333343,0.948084520681517,1.25458372588517,1.12664022716541,0.919694213749586,0.703946668295098,0.473350162768269,0.305165564129181,0.160007171133692,0.0485938042700862,-0.0601439992810568,-0.0813836761699594,-0.0725560982204023,-0.0638854448678389,-0.0349028047992782,-0.0237310675288153,-0.010299604983339,-0.00084866830943809,-0.0462133533056313,-0.0871752190080284,-0.0288464963477459,0.0338759275250551,0.0255403220386641,0.0191656604608301,-0.015305928502513,-0.012750002140091,0.22246866210276,0.186934260507338,0.159619109709536,0.127113789889117,0.0963379691651734,0.0693776208544795,0.0398883631460022,0.0111942355901426,47529.0981155091
"515",-0.129906995967255,-0.0494236691968462,-0.080185858362031,0.0611997504760392,0.109034368778146,0.0740312333732085,0.061614886186707,0.0173583072824294,0.886111108852673,0.0167308961008449,0.0460548294610653,0.25723637069664,0.47504076465258,0.64929284986524,0.802724199570075,0.947314905742267,0.0802591864943969,0.933617861487057,0.920412960666834,0.679684340643873,0.469793631442542,0.304605188989606,0.17441221892614,0.0497283290199033,-0.048620056330569,-0.0692303965711237,-0.0618277838224936,-0.0671094307009062,-0.033509954801288,-0.0197442833096562,-0.0049295813292617,-0.000704946045581858,-0.0675592345820765,-0.109780071002201,-0.0136057014954438,0.0449965170227825,0.0308893984427008,-0.00565112015958936,-0.0145755522826909,-0.0120059865729932,0.234549795698241,0.187146437793008,0.159379884001769,0.128536705728774,0.0971602475146239,0.0684534250185704,0.0396270214052713,0.0115377605430959,47536.7309367053
"516",-0.110279403533655,-0.0152019458880853,-0.0472210289324463,0.0930480692759422,0.0929979113985065,0.0755351446923421,0.0576581720551039,0.0179495971170828,1.07738999887991,-0.0555444059218505,-0.0474447908098684,0.209137696546412,0.468439172215284,0.657869197124476,0.808049057553614,0.947185636764358,-0.111333733074875,0.995238141878832,1.01131686507448,0.721785739766316,0.480941872668307,0.296860510598321,0.169475905338363,0.0493905122460938,-0.0435022349661842,-0.0558287606106014,-0.0587353996858924,-0.0659596921590971,-0.0294823999274058,-0.0191403688422621,-0.00813025478331553,-0.000571012198106341,-0.13444207394686,-0.135360250024675,-0.0594047617791851,0.00333152136222303,0.0317934061115278,-0.0134953408257116,-0.00951317842757072,-0.0100782978783375,0.227316838074359,0.187258703276564,0.159004304997007,0.12492955714728,0.0953419099643998,0.0705460434162014,0.0388544598536149,0.0112521338780408,47535.2952874897
"517",-0.114990637266198,0.0152683803614497,-0.0533231010655761,0.0967473242047181,0.0910375741355759,0.0772402553626302,0.0618017616904978,0.0182632420414998,1.36701920867797,-0.130028280977462,-0.04580437654107,0.193586185871149,0.49256930012921,0.655926332826968,0.811992140688808,0.946677856203848,-0.405766051079828,1.0647371859954,1.00516559547889,0.732038527867617,0.459065300471637,0.294077511074548,0.165791323702877,0.049871133529334,-0.0433724054696517,-0.0721374834420178,-0.0697490179212572,-0.0559444760556945,-0.0376383391121256,-0.020844417961348,-0.00756964580740872,-0.000435392852715677,-0.104467976585286,-0.158633381161954,0.011381673218226,0.0291967658659002,0.0180958284245645,0.0102997790816573,-0.0200747944833966,-0.0108393653825037,0.228855121082357,0.184527839767613,0.153429457150294,0.123627005627546,0.0965921949638419,0.0685003645336143,0.038844681833153,0.0113607543964765,47536.0803191477
"518",-0.083037211982539,-0.0421584720066612,-0.0288129292541726,0.0472657924058109,0.0692098921471094,0.0658577945275408,0.0624657083234374,0.0175859945868796,1.41891542085572,-0.0770922006762952,-0.0821544809556987,0.241760362816429,0.505593837733417,0.669433875561732,0.805936516570976,0.947772924095311,-0.466164220747172,1.0200540494499,1.03817813506381,0.699703343825894,0.448396333326731,0.28760930136319,0.171522901396051,0.0493190883650352,-0.0422728792447608,-0.0526837445393663,-0.062077856677903,-0.0643424393897276,-0.0395322875591318,-0.0257420668895166,-0.00823080408681205,-0.00102749646703827,-0.106566086795961,-0.108719258682236,-0.0380766595119744,0.0444568655720148,0.0562555869055589,-0.00115108216079493,-0.0140060134724589,-0.0106106416800671,0.227795090615616,0.186828257938552,0.159576831276552,0.124096976691871,0.095795306778052,0.0697649469392106,0.0393789495919556,0.0113780373812359,47533.9544413234
"519",-0.184084899462253,-0.0642389577173563,-0.0322243323481036,0.0787281849272458,0.0828917493201722,0.0835281802800838,0.0617881636904762,0.0177476620020063,0.059954213414156,-0.092867199291102,-0.0214681393802689,0.235566080809959,0.483915493254942,0.663077164118992,0.807293813979909,0.945701479822517,0.91904882353866,1.03923137504126,0.983318515669413,0.696645235586617,0.467133242711889,0.28893858742426,0.169668698764584,0.0511885022694666,-0.0637735412599084,-0.063343803063071,-0.0676771205503832,-0.0615346590468304,-0.037260753721127,-0.0229747092428967,-0.00716490964022422,-0.000135072129308588,-0.0350221495636517,-0.0711858841758304,-0.0779499629093119,0.0377468395452987,0.0488337024934253,-0.0119338102233334,-0.0197672218251792,-0.0118121940219339,0.22951915355987,0.189780901618168,0.156613227390344,0.126051669418789,0.0957513385035104,0.0694767798615035,0.0397702043710141,0.0115097494051118,47536.4310601504
"520",-0.0865318004178324,-0.0163253475583114,-0.0449384465773614,0.0944998890225812,0.0876128656155605,0.0656814409918478,0.0536006417398644,0.0160951490567254,0.0328292930172827,-0.0756620467535753,0.0753220601359703,0.211288364803038,0.493033418057996,0.665277180678716,0.815079830135804,0.947876841294369,0.922065805984995,1.01453143163994,0.882317311107844,0.715466598900346,0.456992657409593,0.291322511295604,0.164365913245738,0.0494548647533913,-0.0466467780372982,-0.0689239085828556,-0.0667331186547169,-0.0552518376452536,-0.0393019879917808,-0.0230356452251658,-0.0115116077513718,-0.00104387132686048,-0.109858025523227,-0.137620865971036,-0.051475877906141,0.0164702766094986,0.0405528255380491,0.00239634392726115,-0.00995219314648193,-0.00885805076848438,0.225493962393331,0.184751282873418,0.156598789612516,0.122329474322152,0.0963043183098638,0.0687198882612853,0.039830567023532,0.0111650320690131,47530.8656811809
"521",-0.0803107684276619,-0.0626409225883682,-0.0568771082834059,0.0581060618750562,0.0807633264255018,0.0749902523793976,0.0611679216669165,0.0205792946884801,-0.363161063498917,-0.20454988195606,0.0460230031848965,0.282822465383901,0.495990609402809,0.656094259345344,0.808083210754332,0.946800758920207,1.32578269571496,1.1639432240201,0.921352703224861,0.652422976054489,0.45404025226156,0.298028233125756,0.169063331841694,0.0495945933316703,-0.0652016672633394,-0.082115637390286,-0.0655688660732678,-0.0695052511613414,-0.0369516288859898,-0.0282572877770642,-0.00912280599385152,-0.00112881410547892,-0.154266553743647,-0.119079991256849,-0.0495544922803627,0.0580984122520366,0.0545577415863854,-0.00110749064664164,-0.0100390768147764,-0.0151588065583312,0.226249037012476,0.186830823275326,0.157287035579687,0.122860794539781,0.09822263527307,0.069057111207715,0.0400312112198507,0.0115192426978418,47524.6461747761
"522",-0.125575905549287,-0.0323302774051608,-0.0871500264982899,0.0640164703905958,0.0957186496732619,0.0834199992967904,0.065604539926704,0.0191096470833576,-0.187204672559236,-0.0709534453553259,-0.0108466581447348,0.211121703248654,0.493625475983513,0.657971600212583,0.80415339683361,0.945936500073387,1.16280052478829,1.0155723876642,0.972586083743769,0.722074953324607,0.457017503455652,0.293592372029832,0.172034340608473,0.0505108160999558,-0.0825840178940171,-0.0590904399699178,-0.0675509956549765,-0.0619109772718253,-0.0329968849060021,-0.0261884055246987,-0.00644567094952309,-0.00104029132124999,-0.116906673816154,-0.139221104901422,0.05533966211378,0.0622428815869469,0.0158111651422474,-0.00548324283967243,-0.021128093832335,-0.0119470374909566,0.226518082829857,0.18733580452432,0.155107751686083,0.12582882478606,0.0999888402524957,0.0678292320245366,0.0390136658899875,0.0115099200436616,47529.7216890673
"523",-0.124377371678838,-0.00533186249347082,-0.0289098510271877,0.0652230052541107,0.0978170691124542,0.0678052410026875,0.056853884789792,0.0177801110292874,0.923177712396762,-0.192399856344095,0.018395062333086,0.252899933077902,0.496350158923856,0.657659153721839,0.810414812289275,0.945113828759118,0.0445161699107802,1.12872376137536,0.940139836403042,0.680877277341155,0.452122259580294,0.295228640027593,0.169853050761729,0.0518438938132107,-0.0493365129189363,-0.071029156551677,-0.0682403863768565,-0.0645235027506587,-0.0444026639080064,-0.0232721967859915,-0.00601048331115378,-0.000475233575422644,-0.101635161316088,-0.119953783205199,-0.07022974617669,0.0444338272022673,0.0327814627377836,0.0122217378994736,-0.0268607135231936,-0.0117402378919285,0.226777555358505,0.179826668509722,0.153155238265906,0.122600048076983,0.0965655496772223,0.0691905042303597,0.0402613657676547,0.0112691785549153,47529.6165147333
"524",-0.132927056616003,-0.0201328221691368,-0.0635194641317623,0.107080575292329,0.095891897179605,0.0675708686258824,0.0674759607577942,0.0180796210157233,1.05518022361465,-0.0348741559597528,0.0717211638552373,0.231813051918469,0.47471513885285,0.652055091913513,0.80165392461804,0.947422308750533,-0.0856972096317403,0.976939381171414,0.891284228285719,0.695529786048421,0.473730150419909,0.301618260699471,0.175852481134334,0.0495283823638746,-0.0529244539305445,-0.0704271271935762,-0.0596976867132684,-0.0691596528447932,-0.0360620688481012,-0.0190089775026997,-0.00774793413719762,-0.000513171184838142,-0.100282627390379,-0.115566832298902,-0.0242768146211906,0.00434370659570088,0.0391407171855014,0.00853026474572425,-0.0256206447752876,-0.0136458112132046,0.227500618504351,0.187599138206876,0.160580252692274,0.129060885046009,0.0970531276529975,0.0711268411255431,0.0392398110195283,0.0113576340341959,47534.1660430608
"525",-0.0902532424410888,-0.036762523717221,-0.0472710145822253,0.075320952408793,0.0672982830808541,0.0915011300449039,0.0594557811900854,0.0159850017210454,-0.376424807913844,-0.0802488190389762,-0.058056955975537,0.237279949043761,0.482996816251697,0.648611562492983,0.811777667477895,0.946662446319102,1.34496715148436,1.02285401835533,1.0179525816528,0.696587399021212,0.470780791541915,0.303863845451901,0.165892385229646,0.0505906910626273,-0.0492651684882637,-0.063025733413061,-0.0778115041901976,-0.0732246593700719,-0.0376362046331791,-0.0231004288909631,-0.00930872363780711,-0.000647418828024481,-0.195273406049206,-0.101443455909994,-0.0224449333062241,0.03897331103844,0.0684477438075614,-0.0275732599181587,-0.0154581170695452,-0.0094166948214078,0.229586426116096,0.184637656983479,0.15551977347428,0.124171673378482,0.0967634702215614,0.069533627647045,0.0400506000560113,0.0114203161103087,47534.2632880851
"526",-0.192715508960519,-0.0204397422946423,-0.0496208002163213,0.0797955561422271,0.10145534031825,0.0785748561169793,0.0522585137298767,0.0162789663724904,0.537671955689593,-0.0485127262854652,0.0339284462461919,0.194493702543468,0.476891082099489,0.652997206621137,0.810151295692862,0.947942487554381,0.445110821419696,0.996501799361763,0.92505955053051,0.742637736675709,0.47324831327386,0.300168714328484,0.16969844551329,0.0494902671727251,-0.043567038790355,-0.0799311267383613,-0.0670286880459579,-0.0716259591685226,-0.0368690709337577,-0.0267266773421434,-0.00751605219265069,-0.00126502669388083,-0.0508509316560113,-0.148805737179167,-0.0188446737023713,0.00894288769836852,0.0133103650153849,-0.00167734790529377,-0.00921944396187028,-0.0110607656622392,0.230603856353545,0.184002452546859,0.156888091095647,0.125319927647183,0.0980077491917785,0.0680282555678706,0.0401180059067656,0.0111138840218369,47536.2753547261
"527",-0.0965667711661509,-0.013710510942253,-0.0215563938979481,0.049473959685906,0.11270351204723,0.0821254867944079,0.0641545911859344,0.0185575921541061,0.0353262633120228,-0.0766871587288047,0.011110504420093,0.202345285294834,0.473355316826668,0.652351752569316,0.806752784197345,0.946185340677884,0.922289596998081,1.02312348609751,0.937978320669113,0.73150536843596,0.473290559656566,0.301271831160964,0.169543117742185,0.0502985283836739,-0.0377563052656948,-0.073345627066266,-0.0707507566537557,-0.0599349749633431,-0.0344486728161569,-0.0250870482989017,-0.00491862505547519,-1.37161687690205e-05,-0.129743735446348,-0.156350045397911,-0.0207589771070784,0.087365326557849,0.0115963099943276,-0.0137542015311744,-0.0194936474877506,-0.0108712948780144,0.22929526208265,0.183676954210519,0.155653789144506,0.127343746461782,0.0957185334429251,0.0700642884904288,0.0403161791133036,0.0114417477866018,47534.5258720861
"528",-0.10073421865541,-0.0414539147830747,-0.0425821332984152,0.0792429368362211,0.0820687205659638,0.0845410640756567,0.0633551966377243,0.0163307349814061,0.660555706045615,-0.154645433572801,0.0266797036025737,0.213028866122659,0.50123192658079,0.655173984570318,0.802407737076909,0.948665420733539,0.298929783342521,1.10255230673444,0.929342218220412,0.718936674632682,0.453520370144829,0.295721214440482,0.174423555067383,0.0488239588590294,-0.0523409382648368,-0.0664002088911176,-0.0633663668866637,-0.0675087359575635,-0.0304929766630783,-0.0224124824790966,-0.00557434906847548,-0.00136781111126654,-0.0951845027785559,-0.148670125987535,-0.0305529781762424,0.0358095903778282,0.0258733847007359,-0.0048139719165381,-0.0177380966942498,-0.0112057877324816,0.229889781822847,0.186969822191193,0.159687283014964,0.12629213715609,0.0984681913168861,0.0696740981251914,0.0398109165661592,0.0111727825282945,47531.9127013854
"529",-0.147254036424172,-0.0628103854933028,-0.0653042419831864,0.0814285111686125,0.0895772352273876,0.0718083543268614,0.0607973368444915,0.0189164378207142,0.179287858233702,-0.151581864261596,-0.0536424185766674,0.202792866030205,0.499061312039503,0.655821913248317,0.807312741967251,0.947038692865019,0.801388781671138,1.10504103288489,1.01790426678325,0.727260374502024,0.451443424386263,0.298027743710098,0.170257130385633,0.0496248621761613,-0.0641936713542752,-0.0730521194614268,-0.0690452754092144,-0.0641666722642361,-0.0323186492469813,-0.0287296959577182,-0.0087398383036146,-0.000683559203293129,-0.143535750604719,-0.117455822035502,-0.00846657361349724,0.0385963498753197,0.018799644202035,0.00966746729711969,-0.0152519306099361,-0.0127568153894369,0.233881892586413,0.18641833110131,0.158718883643521,0.124358330738189,0.100132306319489,0.0681124139401736,0.039755756813264,0.011574945342753,47536.7144854682
"530",-0.108112581867503,-0.0186091533651222,-0.0805377998361697,0.0526834866273182,0.107284685820391,0.0843043247871813,0.0639513782290889,0.0163236010919157,-0.0235257496294091,-0.0738137063916674,0.0531777700041329,0.209939155138424,0.479947678545133,0.648768504377331,0.805854350151393,0.947904599206622,0.987739761447992,1.0194669180746,0.91669835712051,0.727349586904726,0.466519645925329,0.303378772216994,0.171932532875102,0.0491918497128143,-0.0404141585532371,-0.0736982862861924,-0.0625424510744794,-0.063158652282972,-0.0397930752927157,-0.0255378880409474,-0.00930025251837507,-0.000150748291785651,-0.141325530779578,-0.142483494119915,-0.0318637689383016,0.0575077054137811,0.0309689200959153,-0.00735525874930515,-0.0207928042317273,-0.010429978378339,0.228715341740133,0.184838659360507,0.155424023223377,0.126329091660385,0.0949874567748305,0.070965270370009,0.0403624704634665,0.0113387891596668,47538.3940215384
"531",-0.116472105996725,-0.0249421167408844,-0.0410124639317143,0.0879608016827167,0.100515161444535,0.0861668690678575,0.0684047092014006,0.016634823455376,1.30447730831483,-0.186811799641019,0.0396032866381795,0.212189949382808,0.507362069632142,0.639236195055917,0.803030514163215,0.948249135270843,-0.334832785506891,1.13036798348377,0.915414977957986,0.719127824494088,0.441555026254476,0.311587365237029,0.17184401949636,0.0487508622510328,-0.0610563513781638,-0.069607648666079,-0.0521389639379809,-0.0616278830167832,-0.0370079615682083,-0.0239362533179417,-0.00713526370213766,-0.00114263470419974,-0.114904852876555,-0.123145278905556,-0.0427015441746188,0.0135424240080597,0.0153266223770854,-0.00370453624779873,-0.0152440574601215,-0.00933611397579939,0.223559660625277,0.182114093882246,0.156582051348082,0.12617004114684,0.0983061173050688,0.0686274293340737,0.0397721458911688,0.0113303007238395,47539.8863759922
"532",-0.165016387648404,-0.0688505187937675,-0.0373831820366433,0.0855317458959818,0.0995393041767267,0.0922963217983139,0.0616851236592122,0.0170680482819753,0.678119518497534,-0.146823945229433,0.0113335594525334,0.20678344004421,0.519387697001067,0.655884478288313,0.802751868929921,0.948062705150584,0.296672058888974,1.10040293448537,0.945160266495085,0.727071725516488,0.42898557609,0.293811380057866,0.174977467282364,0.0488872585196115,-0.0476880120808883,-0.0664540615259073,-0.0622061681771344,-0.0660401738623719,-0.0361948814930053,-0.0219655007155359,-0.00826832276645854,-0.00119629105777492,-0.0610649053238661,-0.105219430295202,-0.0425663926338072,0.0100053043012908,0.0065780217486108,-0.0214877785722904,-0.0177635363812785,-0.0098574930925352,0.229502124532036,0.184396576816912,0.154361662424752,0.124193964759544,0.0959444121387218,0.067987394084052,0.039738553859984,0.0116099675969314,47541.7403778254
"533",-0.0804953398710322,-0.0032038790821587,-0.0194763995827229,0.0684524798013088,0.107765755293938,0.0731890369893853,0.059299791107931,0.016650675824017,0.324995023456783,-0.10883061808285,-0.0126375801009527,0.229356253887559,0.485859918991587,0.658733589858652,0.809527968576548,0.947141240535663,0.630293101788289,1.04675151874905,0.958396677412715,0.703388445736999,0.460060381321713,0.296605125413326,0.16866529538184,0.0498959160869225,-0.0374326972161722,-0.0751424527463531,-0.0589034105355372,-0.0535142991869809,-0.0339993710178112,-0.0259933372941599,-0.00860660511818553,-0.000956136216237566,-0.136655423093663,-0.135663307583909,-0.0111847826427737,0.0268415415767009,0.0118834548236703,-0.00173566162358521,-0.0137860912585498,-0.00892897819249167,0.231564912762117,0.189987988990737,0.15568080059401,0.125542850577469,0.0948634554789559,0.0696860057272722,0.0402347393026334,0.0112987871820656,47536.6391274566
"534",-0.116059454881592,-0.0359985468823989,-0.0238158491536655,0.0949874574062845,0.0808731010326987,0.0768163702721349,0.0583194240336101,0.0171701277345228,2.13244839988936,-0.11488499861257,0.0308425076656569,0.191707890405683,0.505819772883262,0.670383918414658,0.808920787638204,0.948076288944401,-1.16053419628716,1.06217536999027,0.927209611648225,0.738772340918402,0.444662814542239,0.283146793003106,0.169015803770934,0.0489195274583211,-0.0511611933399999,-0.0716547762969497,-0.057888708194524,-0.0606254388121929,-0.0332500725197989,-0.027205989833255,-0.00869345180931269,-0.000722358255037465,-0.139784180890597,-0.118448071204439,-0.0761740739824821,0.0157864962110785,0.0328737507223818,-0.00674067713828253,-0.0151370532817503,-0.0115231978955866,0.226522230304571,0.185258918104918,0.15709173631472,0.125715856623533,0.0978507479574767,0.0701886191049555,0.0388946257983596,0.0115004923669007,47536.5020982471
"535",-0.109741957157236,-0.0570713367620869,-0.0749638288857565,0.130891685027803,0.0952457496076915,0.0829821350011108,0.0602547518171699,0.0178034670070886,1.0663929022897,-0.0755980680923,0.0540895425863586,0.217523660321617,0.500255778098141,0.655553343253977,0.812266901732327,0.947764998721268,-0.103702765176624,1.02570505439527,0.910900355848183,0.702064115277976,0.449057450513403,0.296419182275487,0.16618204270774,0.0492408589982973,-0.0513432111409795,-0.0688151301791857,-0.0791708087187183,-0.0665147628555182,-0.041101011573698,-0.0244245496264257,-0.0078544445120635,-0.00099591130514422,-0.0850457078601243,-0.106905558377339,0.0226950102737009,-0.00141627844549467,0.0253933001232793,-0.00437020259016616,-0.0232766690919748,-0.0119204276227829,0.229406843933875,0.183271577095879,0.156606969094594,0.127607160995684,0.0972537019072155,0.0704529528081533,0.0403539996637684,0.0113948663084371,47537.0918863146
"536",-0.13381698387291,-0.0871019530450955,-0.0308697416224602,0.0655985366392128,0.0984971151873521,0.074890281706531,0.0711996081940603,0.0164569530955467,0.401959006400852,-0.119654192883684,-0.0208305775680865,0.264159906235242,0.482854651730025,0.667096885751086,0.801321441716206,0.947770386237308,0.564100805663309,1.07524748064918,0.973252012885261,0.672216538087716,0.46743123201391,0.285962488004033,0.173665953717673,0.0492811154916403,-0.0498972872607474,-0.058906612967041,-0.0614700756952279,-0.059901355594661,-0.0387727506331346,-0.0263860416202039,-0.00610594843559249,-0.00130578938655895,-0.0726881120080338,-0.0761686787257483,-0.0320052211517237,0.0214302533769062,0.0226490138207527,-0.00605934966669422,-0.0238046658203802,-0.00899173740812816,0.226371671366375,0.184774748287604,0.15860705096784,0.129804131558211,0.098173342943797,0.0695201631274756,0.0408868410517174,0.0115238173890749,47534.08537352
"537",-0.100863308790364,-0.0962840742467808,-0.0177253683767617,0.0983628688581498,0.116107104786505,0.0663886305734017,0.0653966732675534,0.0176752180554584,-0.438315540320664,-0.132036614550187,-0.00407501136421023,0.163447413522685,0.475727877161186,0.661606751857976,0.806755115732513,0.947139608513486,1.40499793639602,1.08567966116681,0.95832035160705,0.763014721216113,0.467077105151057,0.293848302980152,0.168754379004245,0.0498948507536626,-0.0696566826911759,-0.0682808246372809,-0.0561900321130214,-0.0587902126854572,-0.032044479375657,-0.0243037933331569,-0.00538455665926493,-0.00117000912746195,-0.124946365425529,-0.0251362521201254,-0.0793574183820635,0.0291552693721177,0.0132269968094442,0.00603326325863786,-0.0163157179741707,-0.0106237215601839,0.227991271727362,0.187077873718896,0.155907962742448,0.124935438618671,0.0988904859168752,0.0704886459488454,0.0390226573350144,0.0115272583355773,47534.1420018729
"538",-0.204369243972176,-0.0286355559447623,-0.0584475989738981,0.0610577346174277,0.0887228317393022,0.0816083746493986,0.0597242771598171,0.0184747699531435,0.767173995708077,-0.11890605017397,0.0465216489989156,0.196673508632513,0.498904678125388,0.642931588475743,0.812271906329034,0.94788247545598,0.220426065683504,1.05873732805943,0.914182807473818,0.738270287741027,0.45202877397239,0.307644972124602,0.16386166962373,0.0486140227842274,-0.067469868486412,-0.0647619913133509,-0.0613657039316886,-0.0604622190465264,-0.0372769084470073,-0.0263315598624269,-0.00931753256209428,-0.00111013815059043,-0.0387604699679716,-0.0928677432251333,-0.0169425794736232,0.0682402159213625,0.0329622906278321,0.0114930699214019,-0.0034194773131416,-0.0107313101998621,0.229383844070492,0.186382001109137,0.156480930331292,0.127863058256223,0.0968345722099378,0.0686010142446925,0.0403024183976615,0.0112252269321827,47532.6249980743
"539",-0.11151297092581,-0.0670097030531325,-0.026613541780582,0.0944648781122554,0.100013495680566,0.0664577891280696,0.0618193735750031,0.0192138419243623,0.481585356166445,-0.000433884089009106,-0.00675065440337586,0.204571761199614,0.467907131017081,0.649783136949147,0.803733532850065,0.946997866361365,0.485362936980057,0.957560109927249,0.968621032452904,0.720553051124226,0.482005342252514,0.303501322264371,0.175066686156706,0.0488554735675081,-0.0483578528112385,-0.0703818917701521,-0.0794291055595052,-0.0642458281986635,-0.0386472802393576,-0.0236526054275186,-0.00735112014562122,-0.000184865410897865,-0.155029819557408,-0.12079239138607,-0.0781450149830596,0.0393628404312365,0.0284476990561612,0.0230504816417116,-0.0220168842511978,-0.0086593739227897,0.229534354146545,0.184355240783461,0.157208603360882,0.123852536518253,0.0969303596141668,0.0667148424527535,0.0394852107488724,0.011502264040193,47526.2794488398
"540",-0.144058116651918,0.0488412180987039,-0.0282255361742556,0.0791150022823859,0.0971288134973838,0.0633440031428812,0.0551306550363436,0.0172056036334878,0.463941054878459,-0.130948916382851,0.045008693862533,0.226782585221519,0.493000567083777,0.657649031395856,0.809520505705592,0.94725091635817,0.506581577309381,1.05708704513086,0.910557723133501,0.707969214814057,0.454902791880013,0.29850419044278,0.168861041279865,0.0498723346823959,-0.0480666010244818,-0.0557982359788316,-0.064016751774269,-0.062517998742842,-0.0359470882674187,-0.0244721105168935,-0.00670808947279801,-0.000760217918997883,-0.0808881179740035,-0.220976067048869,-0.0593822442593309,0.0121044754597233,0.022765090163925,0.0113664482044545,-0.0128993668226297,-0.0116994813192026,0.227668441006348,0.185907747820143,0.156563770139119,0.12384031550952,0.0980866541294755,0.0681907225966739,0.0399749147456708,0.0115454266320499,47539.2849578847
"541",-0.0604957656147903,-0.05775677981157,-0.0636005570586078,0.103536671200734,0.0951763066335776,0.0835012655393618,0.0547898371147157,0.0179435316070326,-1.14302935800273,-0.0521160412137586,0.000211613813349525,0.193500108365504,0.494774237921032,0.64492332812961,0.811279357298771,0.946155610802875,2.09288065337232,1.00986050989918,0.96319705059046,0.733231430259968,0.452678598036715,0.306655863475599,0.168014639317794,0.050542981493001,-0.029452208410863,-0.0796254868054416,-0.0686118840250275,-0.0553965233432568,-0.0356993373080125,-0.0239827363562017,-0.00748160116383165,-0.000850487542868793,-0.16311301054482,-0.129968635006136,-0.00795525905188546,-0.00665425588691653,0.0378544303779283,-0.00592534564376185,-0.0168738108134463,-0.00942633735321022,0.223346982687368,0.183916270419791,0.156481227325443,0.122752974655195,0.098069881322156,0.0701445953312934,0.0396486799900367,0.0112424320363504,47532.1275201302
"542",-0.132624212371354,-0.0580793787415539,-0.0679898536271677,0.081889498825756,0.0924773141522955,0.0731897143892295,0.0688507924017412,0.0171546395711735,1.32816990578601,-0.0380947268817657,0.024270931134532,0.225514695043646,0.490347150116217,0.647127030550056,0.807392930018782,0.948943634102802,-0.359243264990391,0.984640129019336,0.936259365524216,0.708262630396139,0.461742342462729,0.306931431316058,0.168401990636116,0.0481775330985277,-0.0370721829757403,-0.0630537166151474,-0.0674335633733343,-0.0605059779420464,-0.035565305906166,-0.0244614629547294,-0.0112622095151542,-0.000731673229061568,-0.110055867199146,-0.0858402089810301,0.0143511242782153,0.00794211384999868,0.0180144362447968,0.00332961001302799,-0.0233005634853813,-0.0125371920318371,0.229132040849354,0.183696369876432,0.155158851973764,0.126741912372343,0.0961459423668704,0.070744444606398,0.040250724526976,0.0115502696923658,47538.3214210187
"543",-0.0509346217654553,-0.0146125150820903,-0.0752319500092535,0.0814514134168576,0.118110020358269,0.0665648758055948,0.0603453399012769,0.0188165748112216,-0.0189114179273313,-0.151840969872563,0.0833072244933903,0.203605644788808,0.45898321210706,0.662640335164861,0.811786282488825,0.945090553648395,0.965917712950915,1.09583447759774,0.879401907908686,0.726728572453198,0.48697209734587,0.290199980754686,0.165135251804115,0.0520852681130201,-0.0460751548483309,-0.0777178559528616,-0.0542585473677627,-0.0579024969125349,-0.0386305880227873,-0.0235896251444036,-0.00340541528144344,-0.000946150536503537,-0.132917209378564,-0.146561436909385,-0.00346300935525352,0.03624792400354,0.0201482609968867,0.0219799731687023,-0.0197519162007756,-0.0136206451753006,0.223249162812069,0.189751130139286,0.158238575151769,0.125504992675518,0.10021064587162,0.069344348360883,0.0401202033934829,0.0114923494639519,47519.9239498243
"544",-0.106581811912809,-0.0274130719785233,-0.0560592463218163,0.0746745786696004,0.0975332891949025,0.0793511007082629,0.0570829654128475,0.0179540824404164,0.46756278786906,-0.176029985648397,0.0205136928587973,0.213405068043387,0.48414362261546,0.659321434645367,0.803257555947342,0.946962231346037,0.49219114041073,1.11883536215201,0.940524382186702,0.720764509494808,0.462182730016883,0.292125986080608,0.174831469674869,0.0500164200379914,-0.0418484493011148,-0.0630020847909798,-0.0622326417783805,-0.0653739068766929,-0.0338046773877077,-0.0263217484770878,-0.00902364276080544,-0.00116326418096968,-0.101798356905531,-0.123669731468283,-0.0295025557035128,0.0296402690141434,0.0383611671089084,0.00122787113096867,-0.00670519493650988,-0.0112803551018759,0.230841094951853,0.18286239191261,0.158820183189505,0.128213696696604,0.100257835475123,0.0691829640684031,0.0399261929881366,0.0113913656660198,47544.0493597491
"545",-0.110126969550465,-0.0489764191176057,-0.0320158553524009,0.0854454780992997,0.115275717055323,0.0626319992600594,0.0665873611058898,0.0143492164956942,0.96717640015669,-0.0369612263813545,-0.00966757070657008,0.217603485693529,0.465214363717633,0.668381513819127,0.803053438726105,0.950108599583823,-0.0090432548837081,0.984018999611828,0.966386227942228,0.712580101273166,0.477966532044505,0.291160594068004,0.17214434713854,0.0478877109250123,-0.0356300391953096,-0.0666525566798015,-0.0589558520704934,-0.0603830429206597,-0.0399135736510637,-0.0253303761989976,-0.0080502830661463,-0.000676417699803979,-0.0713083012630501,-0.0956454081151814,-0.0539465074090826,0.0306776846317661,0.032723199801907,-0.00458048063116878,-0.0118685246977407,-0.0107213291065111,0.22665431227905,0.186145755834416,0.156449779394285,0.125538175930346,0.0961292826245567,0.0693781401480592,0.0392710065461175,0.0116159959998428,47530.671635905
"546",-0.157974116008426,-0.0280758483416631,-0.0664960938668387,0.105429263354829,0.112880439696049,0.0708006977293676,0.0666337585382904,0.0154221305919036,0.63916511126084,-0.00307898319057471,-0.0109884970179868,0.228043844300698,0.460803085838223,0.656969532119795,0.804135356540498,0.946591639541567,0.336666413674326,0.947693011961824,0.974261666769368,0.701676817220641,0.482792383625594,0.294109997019798,0.171527936313383,0.0509242068058189,-0.058765469238888,-0.0581454871754663,-0.0692419476136269,-0.0685681687108716,-0.0403813784027962,-0.0234852790506532,-0.0059988442712294,-0.000608723235351492,-0.0585354631240152,-0.138185351443983,-0.00503220051923832,-0.0163093508147086,0.0415610284519133,0.0204632866966153,-0.0186070521249848,-0.00929152570572877,0.229826742607373,0.192015189521163,0.156191545640548,0.125709562511448,0.099911899107676,0.067817575466311,0.0395207948017087,0.0115017179290523,47529.482663062
"547",-0.103984286534575,-0.0823787829754511,-0.0619750506319687,0.0572722544768059,0.123682627638572,0.0845673633832136,0.0572639430099896,0.0175741921390418,-0.136326415256228,-0.0251459776150855,-0.0453745024524573,0.200579769634994,0.482872502798443,0.649401897349669,0.806367097406554,0.949547689763402,1.09824753362343,0.977727129571271,1.00738674453822,0.733777863644382,0.461085708961774,0.301558671362858,0.17144767296515,0.0473713892791565,-0.0525790643798659,-0.0618038514879253,-0.0658445327519539,-0.0603719055711924,-0.0354990992879559,-0.0208077753751956,-0.00493427844437743,-0.00168276842245682,-0.120569673047686,-0.0725443502251766,-0.0086169752357722,0.0730270442550618,-0.0109777518755943,-0.00650431869362969,-0.0119023899820435,-0.011405407650973,0.226853114844946,0.181259425436454,0.158091912492101,0.123756137430545,0.0959674949302463,0.0693011737354155,0.0401226428765448,0.0113803730589319,47536.7728724047
"548",-0.153315552571718,-0.0166101721794983,-0.0733354732282421,0.0481352741153784,0.0944939634980639,0.070046391391671,0.0599680789321532,0.0188174329763963,0.00934084677204098,-0.192829098329604,0.00351302342411442,0.246302072818202,0.497273998751386,0.664966740758253,0.806572116746576,0.947215276938663,0.964380452189549,1.13441629615464,0.96220138815145,0.694283420698974,0.451962793402143,0.291701509371882,0.171436420336916,0.0494862099424166,-0.050297170198108,-0.0655308119127299,-0.0631883925975235,-0.0684536408042153,-0.0416194880217741,-0.0250784083767385,-0.00802597945675699,-0.000203093001743798,-0.0703286979566238,-0.163344610555507,-0.0232771269072599,0.0389256862906696,0.0406334938479807,-0.0119599664598491,-0.0155726920333843,-0.0134029857786055,0.230595424282015,0.186058965706999,0.158465590791654,0.124255947865622,0.0951665659207357,0.0696240820775945,0.0394824040365767,0.0116275751153025,47535.9524058346
"549",-0.146607568394228,-0.0508418467406949,-0.0722917083277023,0.0823584553769033,0.0846523777387932,0.0706630624974529,0.0594215631320221,0.0177554919313394,0.810185537182114,-0.196233144560362,0.0443401634635757,0.248436408752967,0.490254615821555,0.65186216091605,0.805933397066235,0.948152985430363,0.158643656416927,1.13949449366123,0.923415928334943,0.682026529861476,0.462757092900529,0.302262098235256,0.172581722022885,0.0486721085726645,-0.0553114657201059,-0.053304613137776,-0.0755537043397706,-0.0666320784111257,-0.0392901067838218,-0.0229220003527629,-0.00570167635490473,-0.000883195654427432,-0.0583390605531283,-0.0832317206609286,-0.0192905058320605,0.0223020410824153,0.0336845885809454,0.00217257612543497,-0.0220185011476471,-0.0116362278392277,0.232972093498282,0.185432226053526,0.15466089174586,0.125807542605627,0.0979402591907756,0.0685297197990853,0.0398164958192518,0.0113529676526518,47541.0390755807
"550",-0.102851679499054,-0.0460647335294598,-0.0291029101548298,0.122230650485534,0.112882172767798,0.0685607492114575,0.0574518693991856,0.017019584219027,0.914401652785396,-0.128030949840249,0.0500936251170064,0.157957109072043,0.476800977724456,0.650240553126675,0.806805617059861,0.949987366861626,0.0457888724890458,1.07219057098335,0.902326692199561,0.767445803094985,0.469711711438525,0.306022501591449,0.171840760437373,0.0466297551051959,-0.0528123329879051,-0.0605497412088595,-0.0687251104166771,-0.0690413669204177,-0.0344905917248289,-0.0214681478953778,-0.00303884449074868,-0.00099072662475455,-0.119872128258262,-0.0982888576124045,-0.0234196026064528,-0.00110111466079899,0.00254382501350796,-0.00254986106467306,-0.0204232372666269,-0.0100852349233107,0.228306952976899,0.185796728193076,0.156670550652005,0.128115953694639,0.0968666080662111,0.0695101446063636,0.0393747092368098,0.0113575833544041,47531.3879673864
"551",-0.077094999925466,-0.0469366090149641,-0.065015017459927,0.0807321249851033,0.0722413446265628,0.0635936806601146,0.062568269368362,0.0176421685533383,0.658974808581077,-0.155191655668578,-0.0167102576927753,0.230218371084172,0.510616756711528,0.664444551849811,0.805443800862956,0.948370298129297,0.298500280373539,1.10632206132486,0.980482518366973,0.700148022321218,0.443242426248545,0.292854150012699,0.171179598700021,0.0490351609326495,-0.0482000735961471,-0.0728447906777162,-0.0764391900567436,-0.0604715287953786,-0.0334294550059938,-0.017989688084994,-0.00988941158703305,-0.00105559503935734,-0.13882385009901,-0.110059777995506,0.0104159467715019,0.024229658708164,0.0377538391191759,-0.00872972022844536,-0.0097294400169286,-0.0141922965146549,0.22697953026652,0.185350054333196,0.158741036908031,0.123794211258283,0.0978499952705463,0.0685584292079451,0.0404847242201641,0.011412095942417,47533.3386488522
"552",-0.0477026805069768,-0.0853075478514511,-0.0662504725458455,0.0463339042889751,0.0832507485268887,0.073188348095551,0.0557090579758725,0.0162222127127648,-0.582896340306894,-0.238032102114214,0.00328785774849011,0.264350744940691,0.488435668535486,0.657136669238767,0.810683075124956,0.948732050481499,1.53098401886636,1.18733554021306,0.965205986044059,0.671878822115429,0.465368902394354,0.299122005037907,0.167439978529492,0.0486556415761373,-0.0313709758511337,-0.0662533150795422,-0.0720198523752008,-0.0699757960530024,-0.0432442929986024,-0.0262838562789215,-0.00728449345845986,-0.00153675696132796,-0.168124737310477,-0.0409659206319138,-0.0278419789422234,0.0773316396754265,0.0405351578832323,-0.00908961000609021,-0.00612774105904345,-0.00956762761248633,0.226175790474666,0.184313001913399,0.15558804827534,0.123070612895557,0.0971155668313048,0.0701357907847113,0.0398107080296426,0.0113076337662312,47522.1464124563
"553",-0.121862528343809,-0.0404821516621113,-0.0665992894644767,0.0554199099636057,0.090884940626359,0.0857538649781439,0.0661177528759452,0.017594194943881,-0.244016594685963,-0.0615596587874631,0.0224184338230925,0.221203735918241,0.487692041997291,0.650364560126159,0.804390323776645,0.94740437852942,1.21746962149513,1.00873456154015,0.944001327202216,0.710159509396516,0.46069723001125,0.299842842602701,0.172094677441954,0.0496468955656209,-0.0718207791076899,-0.0637540587667619,-0.0654155696395149,-0.0597613588318444,-0.0394911547023688,-0.0165570468444949,-0.00934289800178269,-0.000541670698342815,-0.128129830579676,-0.126986026648003,-0.0207359817514046,0.0936718804591198,0.0470586157534194,-0.00672988643223971,-0.0166399608248086,-0.0115295752836204,0.223292261593296,0.182812490681382,0.156189087221558,0.124420694975305,0.0997654258778594,0.0682948799686691,0.0396563395339589,0.0113692356191723,47529.6649947571
"554",-0.163138527734589,-0.0912665883539866,-0.0345664428148948,0.104246774205154,0.102242809680666,0.0801014400503105,0.0627455350620421,0.0170035636297515,0.128810793902464,-0.123550562612086,0.0625188653670994,0.220660308503324,0.485782404388076,0.649962610556978,0.802999113697933,0.946774567213317,0.848996837837939,1.08763274900544,0.886446061939381,0.706895101973001,0.461314465354791,0.302436911761375,0.174562231469027,0.0500983656380296,-0.0511448498477521,-0.0816801899110972,-0.0644788994403601,-0.0633005981779108,-0.0398715749024209,-0.0255665488540528,-0.00735736576379939,-0.000716564898607332,-0.0686708984384379,-0.0891871242422445,0.0094349571893801,0.00343773836583282,0.0296524296624485,0.00103501136909931,-0.0179592739319164,-0.0089116429814092,0.226734564701485,0.186785403886733,0.15804217528987,0.126136333452206,0.0945741038151792,0.0685410864044979,0.040280567479177,0.0113899294643996,47537.806212054
"555",-0.168853442739575,-0.0538313641911029,-0.0231745648105175,0.0839118598697776,0.0808134532202595,0.0753656631731562,0.0601811776452519,0.0157364223574663,-0.221582386378977,-0.0986437720860388,0.00142155035961955,0.263101312154526,0.508613740814428,0.652148044556971,0.806720529718498,0.948613964108129,1.20020539621256,1.04964766513234,0.949811975154902,0.668031571680317,0.444744095894077,0.298061585351008,0.171364572629351,0.0484272599307196,-0.0520792841856089,-0.0619744315130555,-0.0653847848648392,-0.0669011023827003,-0.0361999745163209,-0.0226253223473879,-0.00701020201757846,-0.00121150371910432,-0.0797372978000128,-0.101505562415716,-0.0353926703233336,0.0217948301782395,0.0349551315078464,0.0168784920264069,-0.0164500193049445,-0.00789729833917424,0.228288031895634,0.184903375113889,0.156216167209708,0.125055101255949,0.0967755097494018,0.0693606307834805,0.0395116562630109,0.0115200057600661,47538.2097959972
"556",-0.151425842782711,-0.0378490722588734,-0.0721369603701123,0.0792891762238763,0.093962742825444,0.0777690485981108,0.0616130994982147,0.0192351058429228,-0.0852076177316784,-0.00965290840386493,0.0623522859059133,0.189170656070842,0.479913782453531,0.668556595152559,0.800156047372752,0.947028518996425,1.05301845984047,0.953864668744709,0.904207503617454,0.738196584497307,0.470922979145432,0.283323258145729,0.178137869645329,0.0494491797483336,-0.0475567923303919,-0.0550265667048731,-0.0644611077945188,-0.0664045987545816,-0.0418395305952532,-0.0232679997339505,-0.00782316154845653,-0.000596186789891183,-0.0341292610394007,-0.097452376734604,-0.0244038653971036,0.078621350645106,0.0197572754153712,-0.00932111050935559,-0.0161465348285309,-0.0122034699389036,0.227174248488806,0.189046866888375,0.158928503185272,0.124796206219088,0.0981977389259541,0.0699578238280408,0.0402839303774183,0.0112644107245086,47525.3927394819
"557",-0.10984729767917,-0.0185868568982968,-0.0803782042303396,0.0710239105195609,0.114263023179319,0.0950474902985598,0.0595933462684621,0.0186039499849209,-1.01225692064094,-0.0804447317745324,0.0579301259358001,0.213500197605937,0.483120063494323,0.622992987351346,0.805975952961241,0.948975318513579,1.96913194932166,1.01904244633347,0.90603007799543,0.72353670900564,0.463199237322189,0.324992912853262,0.171139926290019,0.0476593962462259,-0.0581772462375941,-0.0650348498145641,-0.069106248681864,-0.0658817452748015,-0.0363035139958765,-0.0267924718433002,-0.00764260046740205,-0.00023256806795273,-0.0513344132923307,-0.125785857206401,0.0177983430792901,0.0276552494952253,0.00601506496941816,0.00735760742142797,-0.0153208561573401,-0.0141951333314712,0.225812681372645,0.184971184256208,0.156273664204091,0.128739333341528,0.0974752005944494,0.0700359772523487,0.039974149575967,0.0112139321093105,47521.2464130786
"558",-0.150646687963677,-0.0271303503224098,-0.0192176700358831,0.0595104603163514,0.0607596789569894,0.0814274463308823,0.0626346291705734,0.0142936939791157,-0.314137991861268,-0.0801337202372593,-0.0256977993756167,0.237709500456158,0.495526536559069,0.653559105358537,0.809807427930183,0.949254046052674,1.29073783280922,1.02420236393507,0.977806803651947,0.69681744400576,0.463461971848851,0.298952987374812,0.167737617161816,0.048356640654615,-0.0415544645385584,-0.0672302706386379,-0.0676465978473544,-0.0668490350282336,-0.0390111684112162,-0.0205563004612719,-0.00730165699395276,-0.00131656778413732,-0.11373778391956,-0.128277211250225,-0.0514742525578007,0.0548941973405999,0.0512993794779526,-0.00761795464596767,-0.0246191523680537,-0.00704155412128782,0.229363615521354,0.185906227896518,0.160794403412369,0.127231535460936,0.0993829768288481,0.0694891733581227,0.0395200622418984,0.0115171726471576,47533.9500019517
"559",-0.144112582089131,-0.0555120042878036,-0.0537576610766269,0.0630925822499023,0.0995564696226303,0.0735442312193032,0.0549152462302458,0.0184659615310821,0.78860532936878,-0.165337605117716,-0.014881324656573,0.190742419202521,0.485460634341016,0.654919105526485,0.802610191056887,0.948228020198294,0.19315332955331,1.1159086343547,0.982380566763141,0.744349747937076,0.461332920609234,0.299974126670241,0.17634760788612,0.0487567737592315,-0.058075465642394,-0.0537070135724359,-0.072343071978261,-0.0678733162939118,-0.0358086996993677,-0.0196558719668383,-0.00806936637949992,-0.000922021838256294,-0.15323465430495,-0.126458838708503,-0.0549852557840541,0.0723350303578423,0.0306735892032395,-0.0130234888831135,-0.00350879801792878,-0.0131841937685007,0.225791749100127,0.18357849249359,0.156791911083736,0.127198421654237,0.0961176055121076,0.0687826099997773,0.0396996032358873,0.0116678719554705,47531.1563925536
"560",-0.104390033664887,-0.04455231595534,-0.0569473920199279,0.0817534252118695,0.104984083991946,0.075546000681345,0.0629015044767655,0.0185901325770215,0.441936861776352,-0.144675266010551,-0.00345410715365451,0.250979627214236,0.475014725716888,0.657305511860166,0.80471975444157,0.946470622169599,0.519608271251135,1.08719725040761,0.964950281983465,0.679545733683224,0.472499092097491,0.298022346880833,0.172941402185217,0.0502762257809563,-0.0401808264531444,-0.0586558706955732,-0.0594197626596168,-0.0575100992134508,-0.0434962593880022,-0.0203935906867014,-0.00423422428866926,-0.000766806974360395,-0.118266916084762,-0.0850475890790017,-0.0374435532656103,0.0217467894876231,0.0312799154263163,-0.0151266612783548,-0.0207323679067301,-0.0126447637116108,0.226167650426178,0.187683430264955,0.158339197283697,0.124227205655391,0.0959844613950066,0.0707574052539515,0.0403357242868178,0.0115521137588159,47535.7467155917
"561",-0.116596655381008,-0.0391690582950732,-0.0561864175116722,0.091515150366788,0.0951380400443527,0.0821242037639213,0.0539759855256122,0.0187890749622694,0.801824694402137,-0.161801192122116,0.0220362758918956,0.208849742501371,0.492903287833744,0.652581345286064,0.803121449713477,0.945653073406329,0.162452001608454,1.1049780926387,0.939437009191934,0.720544519824035,0.455877988317329,0.301652542309041,0.17524953039389,0.0510094706750516,-0.0339363382168226,-0.066279088211994,-0.0668985422544055,-0.0648423148842461,-0.03970710896655,-0.0247625260298897,-0.00664668777980724,-0.00056123622930352,-0.104071498958046,-0.104293314534947,-0.0212557690470992,0.0313944571837543,0.0291931951153926,-0.0192317579228015,-0.00575398275070144,-0.0114176358239651,0.233037487198009,0.185200643523599,0.155813629052422,0.124030199517899,0.0967146637288761,0.070116064102951,0.0397380470295174,0.0113791008134925,47542.8407310082
"562",-0.14903728138335,-0.0497031808822803,-0.0483730081338572,0.0752263130463672,0.104069636759882,0.067472879181987,0.0637645286951699,0.0165122891543897,0.448305867781216,-0.00756784571287506,0.0372204342705308,0.219187722686927,0.480091550788242,0.663804041518814,0.802959422794379,0.94608342691817,0.520426960182174,0.958119613305437,0.918250243980522,0.714918171136704,0.464910129192979,0.291962237862633,0.17384796774486,0.0515997828336576,-0.0562848740369933,-0.0638986260951452,-0.0585979347704179,-0.063225518273234,-0.0338028584021861,-0.0236034460336367,-0.00628394319667773,2.65013556495419e-05,-0.0498818940181006,-0.121256390059463,-0.00465534283898099,0.0218770221147778,0.0268694786761442,-0.000893992809297768,-0.0156334143933407,-0.0128213610345131,0.226959450606036,0.186478503135244,0.157909468244683,0.125112250620623,0.0956672430111222,0.0689214447900836,0.0400420758134043,0.0112687309354916,47539.7889675819
"563",-0.139446522787593,-0.0463369831742752,-0.0613556873528288,0.088726172150163,0.0919599702543286,0.0727291093097969,0.0640906896583666,0.0176008340769101,0.263541744901586,-0.00051338636230548,0.0425778832321196,0.204957919138118,0.480602975280625,0.657155047804461,0.811022419710587,0.949148146674797,0.698239173627087,0.945990548999556,0.923456083062494,0.724781997944195,0.466966147418404,0.296974818881207,0.165980659994876,0.0478117057438496,-0.0331065468209596,-0.0665822480850193,-0.0752845545637312,-0.0626928609510995,-0.0360929074325751,-0.0213021721317433,-0.00977062084570148,-0.00144664176520673,-0.051932027015546,-0.0900415004695039,-0.0375867087206398,0.023307007427797,0.0488176783024653,-0.00252338797991189,-0.0221322049750734,-0.0116739941717474,0.232591886719883,0.188679968276434,0.152941263538475,0.125771805699061,0.0972325643680495,0.0681749695440988,0.0398193144217979,0.0114311124892654,47539.5193504636
"564",-0.185283150269246,-0.0172292767099022,-0.0348360934363587,0.0643087238536053,0.0848999894805715,0.0854668936518264,0.0629746253127533,0.0189017570374707,-0.531012102654047,-0.168162590775025,-0.0308010433128501,0.221403359935362,0.508008420054015,0.63473281269942,0.805389222679329,0.947784699062348,1.512628070347,1.11152318968632,0.988233120837037,0.708710982016392,0.446892279273869,0.316718926989173,0.173189499575033,0.0487724750349891,-0.0461029777448087,-0.0629239665915159,-0.0615732128785676,-0.0598530979735987,-0.0363523831574274,-0.0219651875507008,-0.00914327722239503,-0.000339058125018173,-0.0608850770036025,-0.152635662055509,-0.0457869889487306,0.070965377031419,0.0080886528901748,-0.00889026417435158,-0.0252816734396919,-0.0127170159689901,0.231621435989422,0.183291716265063,0.155883666965102,0.123791075628748,0.0962298331291576,0.0691971820853453,0.0393893185818979,0.0115350168942527,47536.9292201848
"565",-0.0890786204057037,-0.0414008641115789,-0.0500899262446089,0.102974427628891,0.103627970679226,0.093157850677662,0.0641284052452053,0.0164132886750253,0.861386736672431,-0.100147206056608,0.0109067177409287,0.198172750155653,0.485920556933817,0.65930761990751,0.801236373970274,0.94863477837593,0.0936214347457442,1.0559270384389,0.949886959248958,0.729788847300581,0.46418550471955,0.288864175552215,0.175494293290979,0.0488929893051202,-0.0395669454423401,-0.0715477993169614,-0.0713500251497195,-0.0709425409789189,-0.0350036738528288,-0.0238076284678219,-0.00855175006208195,-0.000311828925452065,-0.11047747298182,-0.165242353670688,-0.0278653394627192,0.0158878369176344,0.00994228465787676,-0.0121599296071296,-0.010919714688265,-0.0123828245718972,0.229522986867114,0.190460029851184,0.159769896848557,0.126982201306389,0.0973537957694188,0.0691181043109704,0.0399935166845227,0.0114494479967096,47531.1719713545
"566",-0.173042681973047,-0.0596656302801644,-0.0619477403443409,0.0867406412717365,0.128092588571873,0.0832203742106564,0.0626327945796043,0.0154266882637801,1.30778635189693,-0.0779469612137682,0.00931397046553565,0.213553728839886,0.4560131932369,0.643941412803048,0.804416437633476,0.946297216599504,-0.325942153053906,1.02516852485947,0.952923319827485,0.711163068774767,0.484921361736989,0.3068463425806,0.171752331486519,0.0511958709706865,-0.0643822994715106,-0.066004736541413,-0.0711496150982109,-0.0553273386649997,-0.0295253520952293,-0.0155087771220753,-0.00817329967300264,-0.000125333001012453,-0.0596420337720661,-0.0792404890754705,-0.00761722265186561,0.0491217668197463,0.00578974352310711,-0.0116172920759577,-0.00963397163492884,-0.00873741726013447,0.232858730749025,0.182113879754615,0.155492234517168,0.127862101919726,0.0968349018373465,0.0685326778153962,0.0405331811665276,0.0115908920354426,47529.7738526411
"567",-0.0977999444062403,-0.0219888243220511,-0.0725465873975697,0.0590213497292752,0.0776107766491826,0.0818702102972003,0.0537170858234205,0.0170593240635014,0.443315255999944,-0.127575447895993,0.032115548264613,0.247267324952854,0.495551155020646,0.655267788345145,0.809050345523927,0.946696039440157,0.52648517226881,1.07299247376427,0.93373144796352,0.687514695773494,0.457033441019326,0.298214578999037,0.171775729280563,0.0500637981522299,-0.0666632115091993,-0.0711314274173398,-0.0647615915115496,-0.0608854129551391,-0.0327908794683846,-0.0207039382736402,-0.0105087375645833,-0.00123112255661583,-0.156903571764498,-0.147809665937079,-0.0096779271315388,0.0502145405976892,0.038725948939777,-0.0184224980199613,-0.017139331737184,-0.00727701613748652,0.230042865205485,0.184646983925953,0.156477065397162,0.12306694074714,0.0975781168483314,0.0691812088319623,0.0404082667399219,0.0115642218787575,47536.2475952972
"568",-0.12200067826892,-0.0384511406881604,-0.0609004317531293,0.089506585335277,0.0784256545999604,0.0737306363354734,0.0638204176675836,0.0151120012346326,-0.0772535261375609,-0.0995479382458477,-0.0209114414189058,0.187908821569082,0.50111790484835,0.655710857426534,0.807923936057456,0.949657505085884,1.04246957780016,1.04682076063085,0.983309824384744,0.744461082050181,0.453567924146356,0.29795789071872,0.168855229884268,0.0478295581963239,-0.0652155308778561,-0.0820292825607006,-0.0546082463795734,-0.0646194822781894,-0.042613081543077,-0.025506460615012,-0.0074855796979564,-0.00187806811738655,-0.0777240810432612,-0.108810468731211,-0.0202438443925981,0.0092134295330791,0.0322420532096238,0.00606044213425252,-0.0171551003878421,-0.00855470025457464,0.228593704167833,0.183853273189868,0.156485952494093,0.125607976322954,0.096247810543776,0.0689651708658204,0.0400995990733367,0.0114567978903169,47540.6718798993
"569",-0.137004641021935,-0.0466398736135452,-0.0498053334583617,0.0816445358508105,0.0926982696698929,0.0755145747265411,0.0673871015419966,0.0190527694522959,1.58260829124294,-0.10644372076633,0.0401467138075637,0.198613193455552,0.485222574192895,0.661180493427052,0.80537127129515,0.946846877027821,-0.618236091479452,1.05336582321721,0.921101452264391,0.728024813073601,0.462050568373284,0.293192958557635,0.169404746810103,0.0494687068216888,-0.0438679101027962,-0.0669387898721887,-0.0729075457553606,-0.0628142917909461,-0.0355709578316264,-0.0246894748036134,-0.00584590611777771,-0.000889565997729263,-0.0658788811314218,-0.10611077904846,-0.0273779577306029,0.0622085938601273,0.0419114821589059,-0.0107718400888801,-0.016729184403986,-0.010736749975678,0.232198767403457,0.187325097707266,0.157348454210375,0.123185873836357,0.0970831036451591,0.0707689032112064,0.040465873634817,0.011325359544615,47542.4616495855
"570",-0.126371743364911,-0.0110985597188728,-0.0193657361382944,0.057358635646548,0.107801510299153,0.0548881225910029,0.0615792120160427,0.0173418815191102,0.275657006266788,-0.109863293018301,0.00824459283409375,0.197490668969387,0.479571858104557,0.676375003927636,0.801201625491257,0.947473374918128,0.692902894827716,1.04719388579965,0.939891889342455,0.74328207025285,0.465727975722588,0.281684897786456,0.176649351064816,0.0493429499203509,-0.0628300603235628,-0.0610591844134574,-0.0722439908122742,-0.0697178688595241,-0.0341947992709265,-0.0216829858087154,-0.00709599340217855,-0.00024784510067439,-0.0676673121674528,-0.136781299222047,-0.000872113078772318,0.0429964120020049,0.0268339496754729,0.00632728995865936,-0.014377327771687,-0.0107798926791154,0.226966617248385,0.185295172821108,0.157679207288049,0.127412316651225,0.097213797485636,0.0692570071021903,0.0400679332388535,0.0114594704119502,47535.0134649533
"571",-0.135760731010692,-0.0506196329529426,-0.0358265777339953,0.120774479731311,0.123537952253911,0.079974461627147,0.0586363617667953,0.0209400813564446,-0.101524741953635,-0.189084717978325,0.0316961156428319,0.215267050925315,0.475732313154689,0.659931346551078,0.804441161511233,0.946696759772514,1.07015699846869,1.13544845483849,0.926568694949369,0.708668333929862,0.46692751876304,0.29350095251483,0.173963867183149,0.0492103748151347,-0.0448910000325901,-0.061843531079998,-0.0701517875412666,-0.0634117719900156,-0.0347708928121577,-0.0212848250958679,-0.00644829920966429,6.28235325124579e-05,-0.0968210357545347,-0.105639725712252,-0.0609206756081592,-0.00346179406028709,0.00718367258122507,-0.0154174328405858,-0.014896394573037,-0.0145365464717425,0.225410639602329,0.188809723113334,0.155877385893387,0.126406690203412,0.0986729018390777,0.0687897838931904,0.0387105126641355,0.0113534848131676,47532.7989810039
"572",-0.15655055182482,-0.0178398859164083,-0.00948077544146979,0.0951295196523488,0.0957051186924459,0.0811281250852523,0.0607665366482429,0.0164054904577302,0.546553096744083,-0.212199965908074,-0.0376432498996088,0.205181393617886,0.492888291018277,0.654208153301943,0.802819807873047,0.949156831699845,0.436153832710218,1.15498560559007,0.990826590169471,0.721529720008047,0.455599696305437,0.299156972599845,0.175654462014323,0.0481602304559435,-0.0615365956793013,-0.0813281960307599,-0.0679965976658746,-0.0617025997810308,-0.0351489943429313,-0.0269179304237446,-0.00722169938811909,-0.00157913055259299,-0.113214291210323,-0.114933478776466,-0.0582635327085967,0.02151558898897,0.0341699239375961,-0.00901194491688948,-0.0158679152869461,-0.0109431327442473,0.229927138986202,0.186630260559063,0.159989620288275,0.125161880891918,0.0984284745893833,0.0692931254394047,0.0395876514654109,0.0114623448185079,47538.6519672279
"573",-0.118071160366534,-0.0544447342647969,-0.0563266271619004,0.124053582113761,0.103811381032517,0.0894724390402422,0.0654514499138523,0.0187230068183389,0.865320467340137,-0.120901083982853,-0.00992840285773545,0.187588804330413,0.470814354389017,0.656111089170703,0.806039316530416,0.949430406762538,0.105577164172361,1.07069112520895,0.973864830131898,0.729349018480102,0.479400905033983,0.295335105644354,0.171126683327474,0.0472146152693235,-0.0476125486979313,-0.0647214984618525,-0.060791705106021,-0.0554470971176564,-0.0381396059694917,-0.0244152502721953,-0.00653232909997564,-0.00126128508107261,-0.127101342014563,-0.115201641308507,-0.0413925365208356,0.0293565084561328,0.0116181006143029,-0.018225637683056,-0.0266054896919087,-0.0128011508222793,0.233040605180775,0.188180461567381,0.15618374713875,0.125944082175564,0.098333037226698,0.0690644679143588,0.0405178126319697,0.0113369863072359,47535.873391385
"574",-0.139393131940211,-0.028501229906019,-0.0247641374380877,0.076711335670052,0.0830523193835732,0.0805403866668313,0.0600411174063721,0.0181877827455825,0.619566463163447,-0.102166240291228,-0.0118271186336992,0.219078700346749,0.515608824010347,0.651004323166061,0.804042888334755,0.946946020366967,0.353007292782706,1.04512230314303,0.964551364749166,0.711301205611862,0.435213914789075,0.30232330030811,0.172677934101441,0.0496427697353652,-0.0597586775955676,-0.0648342514384873,-0.064445485267652,-0.0655767304262103,-0.0377259169818554,-0.0260247633752316,-0.00551201993010599,-0.000776882820420796,-0.093902262868124,-0.129549385794895,-0.0341049731800065,0.0453312497984491,0.0429437975423329,-0.0105864402597319,-0.0127996571289813,-0.0111730397884799,0.22534274498961,0.184350022582156,0.156731181773972,0.122823038654923,0.0936119599859148,0.0698047780975474,0.0390957774841456,0.0113801557987186,47539.9252034451
"575",-0.1374165728146,-0.0324475252817141,-0.0773471808824653,0.0752265543998091,0.0984743328538102,0.0694875905071517,0.0619292589608485,0.0173107789293857,0.803948062735962,-0.0827219036031095,0.0146895509902436,0.217301034012593,0.515668558616808,0.660398673034639,0.809226296673283,0.947757046016501,0.162741141431375,1.03258354488128,0.955379878432018,0.715617939785865,0.428768651619318,0.295772304669243,0.16907566071364,0.0492946345704194,-0.0549529381604584,-0.0605279222263376,-0.0739542293013207,-0.0677349762504221,-0.0371463129403611,-0.025473525959036,-0.00885664733353659,-0.000229403386363144,-0.0728541274937596,-0.160138589902599,-0.0286606712634824,0.0283180490820144,0.039811589129517,-0.00178391547503596,-0.0209788902006604,-0.0130180039501141,0.234971046750691,0.186714387775284,0.155973305682746,0.12709354768585,0.0962211912577051,0.070007170693401,0.0389574571659135,0.0113556477408798,47533.4614820577
"576",-0.11183284032338,-0.0462288055080056,-0.0586815394654431,0.0764893525043782,0.101621995612573,0.0733159534570798,0.0686861911901955,0.0166394529517512,-0.00485667624307967,-0.104371368466461,-0.038003062886456,0.208141922793375,0.475787610242133,0.652637256747314,0.801685834764654,0.947776618000493,0.970904883419155,1.05148626125379,0.996784145262558,0.723499842244581,0.471227129271616,0.300003975208914,0.174648482327002,0.0495946258795432,-0.0525071887337434,-0.0675104940283714,-0.0562868346965414,-0.0645161170982784,-0.038286858789164,-0.0209473014048575,-0.00715598177412228,-0.00134648730277672,-0.118156023464897,-0.0996558095349133,-0.0026273787410289,0.0402398990018629,0.0328947224097136,0.00550654316029717,-0.0259236389300673,-0.0112576790385309,0.228786046967194,0.184690928913458,0.155558534436695,0.126627632413771,0.0961632424836894,0.0699123631426894,0.0395736058924013,0.011477634873257,47548.4612483498
"577",-0.189083018412789,0.00389487643078923,-0.0875472111652365,0.115956498369497,0.116250581385761,0.0610408771983785,0.0579883782241426,0.0189878448602542,-0.356469632866944,-0.156317308282664,-0.0100412713951915,0.173831222618241,0.458178501005119,0.65912843994823,0.806965636184199,0.94755197983758,1.33637535246385,1.09909136725739,0.981790738773996,0.752381299349639,0.488966352173736,0.297280466003705,0.172450575016289,0.0488910971035192,-0.0627088259356773,-0.0749515962893742,-0.0752876874424261,-0.0644259454591563,-0.0382616580049699,-0.0263629730233258,-0.00810775554226089,-0.000574449738300956,-0.0218865508052452,-0.188283434653018,-0.0119180150234358,-0.00143511609928723,0.00483529611398298,0.020042414122128,-0.0193006015820019,-0.012146201257299,0.232850205426426,0.189847010897822,0.155449109510888,0.124104713569362,0.0999184416944106,0.0692911491725609,0.0394955667820064,0.0115013349098496,47529.0337554822
"578",-0.115380160887451,-0.0567929680242646,-0.0395608991519518,0.0714115663628389,0.0764330133993798,0.0914245875725565,0.0529046699958518,0.0183916697859241,1.12932515605085,-0.00931581059343328,-0.0370819495007676,0.204624127353169,0.491237815343375,0.64958295676436,0.81027946078575,0.945073630108247,-0.159487769475804,0.9637522477759,0.989089876569422,0.725963326923489,0.461128224071479,0.29719115467977,0.166809083141141,0.0513870085445024,-0.0664771144999477,-0.0715668252872491,-0.0660286393501334,-0.0648745407034482,-0.0414438213661362,-0.022775634956641,-0.00784108320516234,-0.000861654928131475,-0.123603020597935,-0.115808920258226,0.00645389596592632,0.0619929394650381,0.0573496354319031,0.00584257601108404,0.00432998569048221,-0.00946485123706143,0.228544279285966,0.189572093990032,0.156504103126369,0.125516898165416,0.0950365971531821,0.0701252856970451,0.0390232182099091,0.0115037910476805,47528.4343228622
"579",-0.0975721913825141,-0.070364362018102,-0.0279688139203088,0.0718889948694528,0.0998352542192484,0.0857356620067689,0.0582957220999454,0.0177927232720223,0.972594506129948,-0.1146603783785,0.0547391423353675,0.183061458039252,0.490509580798032,0.643047822623816,0.81308902063631,0.949592708300523,-0.00472153331872443,1.07033808793985,0.899873430562423,0.750600001304573,0.456191043734338,0.310731602651115,0.166201130317062,0.0472170762138366,-0.0646843792611888,-0.0749262188894808,-0.0642322470688449,-0.0689864245281386,-0.0338214349910098,-0.0239566616630057,-0.0106159110476399,-0.00128227065176228,-0.146320186882755,-0.0970129448117513,-0.0705598442773436,0.0547765056055546,0.0310641366502711,-0.026217061383328,-0.0177372879583956,-0.0120234716000908,0.229355984083767,0.183962373199086,0.157718982285987,0.122940169795559,0.0982789622299777,0.068693975635789,0.0397781156698704,0.0113388409788823,47533.4389592074
"580",-0.184255482536211,-0.0490343528919548,-0.0857822950868657,0.0666576769612411,0.0787746323164188,0.0745534594031163,0.0687173035350495,0.0168099626866196,0.264399965922926,-0.11361083626846,-0.0108333758858683,0.213849185864195,0.50021936052709,0.658119203426814,0.800888908073773,0.949806223334193,0.717099304987476,1.06391335948797,0.984288699537441,0.722369958315043,0.450913442646104,0.297032142961802,0.174550990572216,0.0472510053244445,-0.0663741720321163,-0.0667293875417743,-0.0702596432160725,-0.0617086337636743,-0.0364511998165939,-0.0258744515879412,-0.00641918775245608,-0.00117217839747801,-0.0309890402204129,-0.122334418432596,-0.0249600562317226,0.0416744147441825,0.0511459809081072,-0.00445543177194301,-0.0225232298113192,-0.0116915777102003,0.226919272635754,0.18034763536703,0.155643220167521,0.123767098582382,0.0993331071291878,0.0687753389397403,0.0393481832231429,0.011581720376154,47536.9103947018
"581",-0.144494679197989,0.00105708065636458,-0.0370967308753237,0.100160109316792,0.0831875214360936,0.079633105311848,0.05354493119504,0.0190663308804591,0.822626604300936,-0.0311139370173267,0.075301940712601,0.236447114327783,0.486322612724538,0.632859488280736,0.805827412198811,0.945885221974594,0.146257194510782,0.96331855771907,0.880307863794673,0.691390121804662,0.466869690531895,0.318178044311053,0.173045167788046,0.0506631075442415,-0.0528823360900431,-0.0524775825746414,-0.0682670339080272,-0.0598968596502148,-0.0393163176576783,-0.0197115442825029,-0.0107669969063638,-0.000744816315206395,-0.0718653107114476,-0.14925702993558,-0.0268332859355667,0.00189549894437511,0.032078387307865,0.00807339922227007,-0.00255463254570256,-0.0117583343522066,0.230085738161329,0.184830491672484,0.153917395836193,0.124490830228922,0.0980151429340629,0.0678391609373292,0.0396717190917652,0.0116726220238077,47530.0902866352
"582",-0.125759214571365,-0.0516272873770267,-0.0513395676982138,0.0437469981776076,0.0963076300974271,0.076724528580904,0.0551544352204238,0.0175207777296218,0.535817517520787,-0.102437686885739,-0.000593119339881518,0.208140968740432,0.479510636586268,0.648037116298007,0.803278788337665,0.948851261480512,0.433073614292123,1.05270102168127,0.958796621469274,0.728883846471996,0.469092032275053,0.303012560356947,0.174546296677263,0.0483331585988892,-0.0537861461593542,-0.0646465620357087,-0.074568795796061,-0.0587233275614554,-0.0420011545953724,-0.0179982053544876,-0.00512530729290144,-0.0011024812919581,-0.0959453612768421,-0.121662366452827,0.00968632535202576,0.0823636946689101,0.0404383880779735,0.00144149202682448,-0.00608062217344806,-0.0125986879212412,0.227173525954681,0.184766692680182,0.157459611142877,0.123736177032569,0.0960712046807678,0.0684134512863432,0.0395182172230486,0.011461894737126,47537.2443137907
"583",-0.12942240274745,-0.0698479150737034,-0.0382519602319338,0.0907363747437019,0.102081152586646,0.0811908819413027,0.0591310588992522,0.0166643294524464,1.17285912452693,-0.129659152066937,-0.016919065152404,0.186276090417021,0.471367511938772,0.638742502248041,0.798208819663276,0.946027123722976,-0.199895699584532,1.08202674161113,0.975747116618714,0.736988924911721,0.480312020228901,0.3128520811407,0.179563484696957,0.0509209682659409,-0.0662687616530644,-0.0742216519340314,-0.0742119382813681,-0.0677245614538128,-0.0357054613953814,-0.024624782881386,-0.00684381533455708,-0.000294622257236749,-0.096619213307346,-0.0732901123223911,-0.0359930115503544,0.0662222127613508,0.00649544627866907,0.00422190874424651,-0.00750235127972801,-0.00836088235779007,0.230657761083757,0.187476318644871,0.156120056756552,0.126784025017652,0.0969305984433843,0.0686903096228811,0.040271957637349,0.0117387903659089,47530.5567778784
"584",-0.136935098744002,-0.0296751681535792,-0.0683510409699257,0.068409895627075,0.0825137493085077,0.0790528327766856,0.0588027710709435,0.0180053424137513,0.766370508487319,-0.126500719171105,0.0775511761626685,0.241898344287301,0.49715890704522,0.650701671243407,0.807591044325151,0.94842212038161,0.202207948309712,1.07491766599062,0.886179592021325,0.692525090443983,0.452189852371029,0.303033636150876,0.16944825964731,0.048599688856141,-0.0520501034898349,-0.0768414783044091,-0.0653909660384996,-0.067129694475611,-0.0416540846840233,-0.0261290624078572,-0.00652897289434854,-0.000756326783521244,-0.087880172678502,-0.142196576033823,-0.0107651697912305,0.03677155813502,0.0591430735306336,-0.00810638655753396,-0.0111680363657711,-0.0144517775999384,0.232804144024855,0.183254606851704,0.161597777002009,0.1266202689918,0.0990124112661836,0.0700556357933996,0.0399876204656165,0.0115481595778411,47539.722870246
"585",-0.129032143989936,-0.00452064799108539,-0.0668506332897095,0.0880212904125665,0.101305000828537,0.0899520885767727,0.0588943958456292,0.0187275759343687,-1.35185108337089,-0.111625698815924,0.0569607357675381,0.219620448358788,0.492398175121144,0.654933095873143,0.807321942264324,0.947196497129022,2.32001361437164,1.04834314316534,0.906185566878993,0.714019734266247,0.456104879591912,0.294938519855154,0.173216632942003,0.0490362357203924,-0.060609293493944,-0.0724767943797731,-0.0687075350206792,-0.063155754396988,-0.0391686870823501,-0.0286137338558262,-0.00759881703015211,-0.000870362634822005,-0.0762254731215833,-0.131745666234501,-0.00412800439364404,-0.00135925721764615,0.0166657436387073,-0.0073832483369745,-0.0248256500094307,-0.00985360658548712,0.226564420139931,0.188753490490613,0.157197649842808,0.121857562138764,0.0971275515743465,0.0700422584556819,0.0405874719379705,0.0115000671259863,47531.9901698531
"586",-0.0876699894745507,-0.042825154201391,-0.0483424272285825,0.104865150550508,0.0923364499836474,0.0738180255442554,0.062163554604753,0.0201083711455651,0.506736349192559,-0.0711096056288119,-0.040320353330765,0.211367657325707,0.503738614482168,0.642549181495914,0.805190938842324,0.946495634624888,0.45264524192677,1.01673490924192,0.997572701625169,0.715260489000756,0.446665077294626,0.31003475230822,0.172359394475221,0.0498628464135856,-0.0430287493072637,-0.0774251725115856,-0.0630565024801015,-0.0595418726333869,-0.0406094517951873,-0.0201173117540394,-0.0086253668135808,-0.000647219317907051,-0.139357770829814,-0.0984023497127937,-0.0186688129692352,-0.0048791725399572,0.02388015401814,0.00462845129029891,-0.0172980624862846,-0.0131081078856424,0.23345861776471,0.183497171421118,0.159585050881462,0.125584877625065,0.0973051066319007,0.0703314417570976,0.040469435687368,0.0117421631456197,47540.8132286967
"587",-0.104317207787314,-0.0269034824484544,-0.0465320840952645,0.0970373439361873,0.0854932626035211,0.0613976395782813,0.0722188719433924,0.0162935757075777,1.04179253619541,-0.153108927825223,-0.0501030530218339,0.211543675823596,0.503898505423276,0.677270026484028,0.800227357839233,0.949374148900547,-0.0707985093765772,1.09414629820955,1.01136357853548,0.718593336144287,0.44415730156448,0.279900377913648,0.174062621687223,0.0481235772868728,-0.063778295790901,-0.062568599108673,-0.0630728154346204,-0.0644463419900771,-0.0355418716401185,-0.0257554317905917,-0.00936929087814287,-0.00166075512983649,-0.151794343008037,-0.117222232803168,-0.0428142339855963,0.00186226722413554,0.0467495870417656,-0.000930291461706602,-0.013892766503884,-0.0118723834797733,0.226668631634197,0.182730154766025,0.161099965906231,0.123253716256039,0.0957779978661801,0.0700692797931756,0.0401962282946829,0.0114973893197126,47529.9813546458
"588",-0.0844064500039917,-0.06245596029948,-0.0597233366946287,0.081357667536637,0.0789402330810339,0.0641599181495413,0.0631557883919724,0.0184950664700924,0.67101658084327,-0.149181798444545,-0.00298899457043251,0.226050225137162,0.50695199868769,0.663898289274761,0.804073275549756,0.948433761606944,0.291261636852248,1.10351810884826,0.965339013781124,0.703331977800473,0.446148433918965,0.29339446073817,0.170978640246421,0.0485871470040864,-0.0471269182759726,-0.0716749979759211,-0.0765678885485238,-0.0590821816598087,-0.0340174462480328,-0.0175140533475065,-0.00762798477063853,-0.000468570249083952,-0.160565801466305,-0.128180995124558,-0.000668095113245325,0.0304633879026976,0.0305275462813522,-0.0121787761602388,-0.00607973614692052,-0.0146366791538119,0.228198787915724,0.185900195343274,0.158367916952838,0.123771103283061,0.0979861055988268,0.0687447353139737,0.0404144697168745,0.0113905742597224,47532.556947815
"589",-0.139224202303663,-0.0282250716628324,-0.0287902878901135,0.086648169423376,0.109721596958937,0.0806030590918863,0.0595572463870495,0.0189732605769123,1.02633611855982,-0.0169404976070892,-0.0531251309003319,0.198155265626985,0.457333812712529,0.652158253967927,0.800161020400175,0.947440579103439,-0.0612279678639006,0.964992250330361,1.0037846257697,0.72857371555719,0.486730993674257,0.299742773975469,0.17787848968398,0.0489631902800872,-0.0617105038696588,-0.0698981716897287,-0.0527284398679546,-0.0593044259840508,-0.0333502377639318,-0.0272952823548716,-0.00494458531684739,-0.00026646587737023,-0.0499440133246133,-0.154914208753475,-0.0190442823956301,0.0427586059295968,0.0366326305996722,0.00690845336870746,-0.0146590515811107,-0.012498210064003,0.229509076594148,0.188515123157754,0.155719571535473,0.126463115999467,0.0952182224888763,0.0684028898772723,0.0398571887175183,0.0115558236898945,47534.8152242793
"590",-0.156995881454006,-0.023630020424724,-0.0577310586574286,0.0700816440063737,0.0839884151096355,0.0719064947287124,0.0611950148791122,0.0205095133642955,-0.208436731795924,-0.130161864624333,-0.0195235188132437,0.248945444926278,0.501275109215364,0.659552521583637,0.809290365872135,0.946371621861342,1.18350437553232,1.06632971064291,0.974669001566089,0.683932502875736,0.449205432098651,0.292320832484737,0.167986633441134,0.0497093093300354,-0.0537150583137335,-0.0642040840489115,-0.0653215891830951,-0.0586956319205387,-0.0387843725330463,-0.0219162821590674,-0.00860380807784432,0.000312271389847836,-0.0579520086407073,-0.0835812939850394,0.0141849773230855,0.0332355717711278,0.0394744949330014,0.0143535063105942,-0.0143753638843862,-0.0142104783109573,0.229189063673114,0.182978770637513,0.156291465326637,0.12533422481684,0.0953162515047154,0.0689663283639391,0.0398010538787167,0.0115615467989703,47539.088078312
"591",-0.127977593059797,-0.0491762147989394,-0.0603917048499773,0.072284602172343,0.0961857513193451,0.0659111462290631,0.059131964905934,0.0179226063031045,0.570741874639027,-0.0419528359760865,0.00521675079312495,0.203146920868538,0.494809003852114,0.665406062749431,0.810349310460648,0.949050168911351,0.393163982996094,0.989149056245266,0.960385554140116,0.734768005849327,0.453828624953517,0.289447954298514,0.168747060498392,0.047488764290873,-0.0569675251996529,-0.0638305047945545,-0.0726009151825196,-0.0726334511270692,-0.0368924581973808,-0.0243357751969615,-0.00817588321906833,-0.00016732181926653,-0.057597720847999,-0.102323946045678,-0.0318980284982656,0.0274146137640499,0.0321508976360831,0.00877987719446831,-0.0218273587972886,-0.0110893244679706,0.226824595062354,0.184158480541089,0.157730702959254,0.124549217890023,0.09769944929417,0.0705381032604245,0.0403405008713238,0.0116026991962633,47543.0152112851
"592",-0.112542142253346,-0.0508710844491572,-0.0465843884066646,0.046550285855077,0.10406606789459,0.0727137795725113,0.0595576366053738,0.0195109048790443,0.893612036943644,-0.160896951452575,0.0280039522568406,0.246545094424218,0.500854210999752,0.660098000786378,0.802319309006557,0.947041334863564,0.0748666230528789,1.11621971812885,0.930281789074602,0.690537429016633,0.446378449146735,0.293545554540296,0.175400167602784,0.0492471165060397,-0.058201505102992,-0.0827561531747341,-0.0633565122894224,-0.06594195963913,-0.0391056678957906,-0.021875281696698,-0.00663503338199825,-5.45761543050178e-05,-0.138511509085069,-0.129801004521508,-0.0280552753548668,0.0755606614504379,0.0182745495498639,0.00121558627846886,-0.0105991083950903,-0.0131346572455554,0.228916475346759,0.188123870112763,0.155332134911972,0.123721864104144,0.0964687275697296,0.068682917809693,0.0397539913269158,0.0113909037461558,47542.640228405
"593",-0.194407491422876,-0.0491394245590866,-0.0234236570990274,0.0831835376790778,0.12467597906568,0.0739946899108861,0.055341099554999,0.0178576815079338,-0.401360824823451,-0.134775960422161,-0.0556051238785704,0.236972724636297,0.489624422192572,0.658329477078938,0.806958542789144,0.948519514085662,1.38695273569288,1.0824380482985,1.00888414994423,0.694645234084987,0.451213294917111,0.295005624297629,0.171465451903698,0.0484599410148878,-0.0643181046026658,-0.064215166451123,-0.0654085581925145,-0.0657916852966033,-0.0390984693449675,-0.0259197495837205,-0.00584491615436156,-0.00112009069958151,-0.0463296515120346,-0.105213304693077,-0.0421298939062081,0.0225631960242405,0.0188171770568486,0.00394127949520739,-0.0110496149690176,-0.0123582897733208,0.226541273268898,0.181732734646926,0.153899980796014,0.126382598343604,0.0993990299630129,0.0701965044736934,0.0401896805755547,0.0114918173751255,47538.6208174652
"594",-0.0756609575005501,-0.0295052119492899,-0.0497782857891883,0.0852902152338016,0.097809755701254,0.0837868596364725,0.0586623253782247,0.0197183195579369,-0.1840235262819,-0.130745777572382,0.0688572708787802,0.216832258820854,0.471343142463458,0.663832284679936,0.806482955946136,0.948944079308741,1.13847340029828,1.07912536773417,0.888135798255518,0.712859589659413,0.475392837863052,0.288207496378153,0.171146654232783,0.0474417311991709,-0.0732794567733001,-0.0772229764057179,-0.059051289383267,-0.0576272685441659,-0.0393555691446741,-0.0231239635287304,-0.00569883563252846,-0.000670982288170628,-0.0888383193378794,-0.140729099169316,-0.0274181052865928,0.0258478074811379,0.0555540245117071,-0.012243718280326,-0.0149783452927388,-0.0142369951276993,0.228540306977357,0.185310097702979,0.15877148393065,0.12691920081529,0.097153599829305,0.0683020429817655,0.040734659543261,0.0114148860784896,47534.6242162658
"595",-0.119799397364839,-0.0235811903178521,-0.0535996882522062,0.0325610606193076,0.106933569246396,0.0886747506975909,0.0550858243835605,0.015313047768412,0.327675740207944,-0.137088979466107,0.00249744886356827,0.250959238393463,0.467045468811728,0.648236786489581,0.810614723486333,0.949396641816238,0.639253070292504,1.08360767489484,0.961530037489008,0.691840929156816,0.477646422474816,0.303287618276854,0.167480909842369,0.0478848171080131,-0.0526662197523677,-0.079808888700418,-0.0675077752557187,-0.074548734636772,-0.0289551440924807,-0.0256522032439543,-0.00785722740106496,-0.000986412289615612,-0.106751452565873,-0.130495230795151,-0.0474263020953382,0.0842338978607933,0.0287775555369699,-0.015349708090595,-0.0104001448133338,-0.00800241080708618,0.225774645233093,0.185352997127478,0.15380144086278,0.128508908919033,0.0972348539468843,0.069758837909317,0.0396591348714562,0.0115124195754887,47533.7448269481
"596",-0.202210549053106,-0.0110121894663637,-0.0424116175579361,0.0988969620881433,0.101486629165766,0.0671335905907934,0.0606411647689159,0.0162147894813997,0.0301039165371307,-0.0457714407715367,0.0108764149630557,0.195386171698496,0.486725057621325,0.659517240149122,0.808361323685956,0.947364326952368,0.954740553874556,0.988882200226831,0.945476688732942,0.730780869955964,0.461847228813066,0.297060883718014,0.169506209562993,0.0498434509960223,-0.0767529764819811,-0.0668741158395363,-0.0609355222473386,-0.0546870493573792,-0.0368911438693722,-0.0259164439140797,-0.00924088336798797,-0.00114448199631501,-0.0163482869872265,-0.15217623267927,-0.0161841977752916,0.0193257241748166,0.0180318449365656,-0.00260846357524491,-0.0133028432124076,-0.00867729430833434,0.231016491563447,0.186751416185001,0.156167560263355,0.12777598930614,0.0979249945328304,0.0686776455440237,0.0398785740168251,0.0116158909146475,47538.285939819
"597",-0.0700168185236657,-0.0800573457805774,-0.0208931652764849,0.0825939523776178,0.0917620037617693,0.0726529340501058,0.0633500605484064,0.0194850154608152,0.545927182132732,-0.0527153432456048,-0.02142067720956,0.183910172229311,0.491383618834144,0.656608698290475,0.808772514838905,0.947599354456764,0.406022772836948,1.01134289521074,0.968343167711495,0.744298345877643,0.460800365761435,0.299667859567371,0.168552177644765,0.0486406356765538,-0.0476278920338715,-0.0699775658627618,-0.0690659999839999,-0.0640725681527934,-0.0458214141042372,-0.0213972389467553,-0.00786387968469776,-0.00100410449051553,-0.13545868943109,-0.097741568265458,0.0101813188424712,0.0519537876117128,0.0327072915406728,-0.01630663473126,-0.0217624989300874,-0.0117647833123642,0.229440604894047,0.180448348158002,0.15737688010065,0.124355332649918,0.100935793221145,0.0698622216689733,0.0388705474948444,0.0114336263692831,47531.4346472958
"598",-0.122713934580822,0.00839334962519265,-0.0212463078788064,0.102293044521023,0.0932999426896407,0.0796994084351485,0.0506487561960422,0.0178659908608098,-0.294885241964997,-0.13258846706518,-0.0224644548425822,0.202226234243671,0.485082709326177,0.668994809668714,0.805855329530214,0.947371520861488,1.26649317727305,1.06769901960978,0.975710964080248,0.724952468369907,0.460422462028708,0.283919874790675,0.173606412549836,0.0497992154309339,-0.0588972139902242,-0.0592934556965452,-0.0645838610600675,-0.0627307993682441,-0.0299784584967305,-0.0268062258282022,-0.00478501884262724,-0.0011922708870127,-0.124765591262642,-0.15899746423228,-0.0573247623253764,0.0139515365391621,0.0414311158991323,-0.0128431230008029,-0.00554680546160116,-0.0123598185872286,0.225388301584175,0.187548852361359,0.156467219147722,0.123355463134192,0.0965278438706706,0.0694912546192166,0.0399244156275318,0.0115692480641906,47537.1950049274
"599",-0.135256157164002,-0.0433054482562276,-0.0627390054373815,0.0629957969369514,0.117069470747522,0.0875473487403554,0.0678218460030981,0.0176074359662318,0.662591083834527,-0.0686198142411542,0.0542511474589801,0.166931523822013,0.461986307319127,0.652913438684094,0.806666667461577,0.9474008038677,0.305715854158903,1.01191556301528,0.904288074586419,0.769560506658867,0.481349307430956,0.296448440121753,0.168488950938368,0.0493611760143573,-0.0505654764554435,-0.0717255914102638,-0.057057448740442,-0.0630537150200281,-0.0336195565276632,-0.0275955009502774,-0.00842958195276439,-0.000645722111856738,-0.0903207486670496,-0.0743104185934253,-0.0107121410308013,0.0647662493023938,0.0186758629791069,-0.000756467466726488,-0.0205238848578533,-0.0107753707372594,0.231353406053429,0.180139525037962,0.160405196633644,0.122245265085618,0.100263719225833,0.0696187948262057,0.0389932175210548,0.0113524931037485,47526.288240247
"600",-0.10300996975372,-0.0545782074314015,-0.0807225311425687,0.0433489611041784,0.101072145778673,0.0792981842346817,0.0594799296013108,0.0217399996609935,0.39556380600712,-0.202253703062863,0.00665890113577137,0.235741356190083,0.481682054825635,0.656692399780217,0.806006710939215,0.946365589433035,0.570097916153042,1.15105530474124,0.960990499690894,0.697028200254618,0.465458977094667,0.294212036266452,0.172802546239242,0.0492012015011391,-0.0616065983562867,-0.0655131092570287,-0.0724963156654937,-0.0684359333477244,-0.0324240102709424,-0.020703226345177,-0.00675960730441273,-0.000436385008288115,-0.129697501820765,-0.0949059157029825,0.00278291799535455,0.110574663677145,0.0245738499787966,-0.00129401659110351,-0.0192931671466929,-0.012851620287421,0.229250331752855,0.185972402215825,0.156017544395003,0.12593789815887,0.0957253692745567,0.0698890097583071,0.0396845430095767,0.0112769843403212,47533.8597654467
"601",-0.132676897840526,-0.0699314523597067,-0.049264028864337,0.126419846154382,0.0749163803908088,0.0674519617329098,0.0606302441490472,0.0197075246528128,0.396459799709454,-0.0710579485606443,-0.0699575187311851,0.169897122331304,0.502747444767989,0.671817962651338,0.80256903135361,0.947027428616617,0.571845473269941,1.02024779897701,1.02867965479719,0.752890040739716,0.450572889861754,0.283701487492197,0.174706915267296,0.0495933882653178,-0.0543447859119284,-0.0742036414197288,-0.0653404830961881,-0.0629794996434453,-0.0406697088232779,-0.02588566440108,-0.00564533089751204,-0.000381096668556794,-0.075053184847688,-0.0330428420015131,-0.0320232077535354,-0.00651672661288212,0.049010419370386,0.00641726863756661,-0.0142808254247845,-0.0138574823815652,0.227587798759344,0.187735585591709,0.158748548656079,0.123535778145927,0.0974605037033761,0.0679472271151911,0.0397869797222148,0.0113708169921343,47530.7942407123
"602",-0.140354030865452,-0.0439851614703404,-0.0694493069866789,0.0801740859804103,0.076646754930137,0.0602893708467452,0.0675785103165525,0.0174671525412621,-0.908129217454461,-0.122724218817235,0.0277592807351124,0.205382935755235,0.497726317432159,0.672982953757038,0.801466077495701,0.945929517516638,1.87351568579677,1.06321795073949,0.939800938971473,0.726350796424715,0.458512940308276,0.283241410712526,0.174113502335564,0.0507685215154786,-0.0546987877525204,-0.0738528707724445,-0.0703904901400139,-0.0584743075720105,-0.0445239917091943,-0.0266863024099465,-0.00731386972379036,-0.000181903631608801,-0.0648007381824764,-0.059731860001644,-0.0311806663747933,0.0285766686135619,0.0351455326363171,0.0148577482416089,-0.0185810822921724,-0.00994775151870325,0.225868881829517,0.183660169402549,0.156551666957448,0.126099544948438,0.0969511133049179,0.0688943126138085,0.0400180637391552,0.0112948498112976,47538.2672798417
"603",-0.12766269255855,-0.00335645991493681,-0.0186603785296922,0.0690835241876536,0.0749202130561666,0.0858088262314632,0.0559077448985765,0.0176317450536407,0.872896274276393,-0.159604952007875,-0.0301388370146679,0.239752418549836,0.489412295397368,0.656802808618814,0.810278629453618,0.946934712838587,0.0993264665135843,1.09647535415578,0.974259620220675,0.693404312303109,0.464899121346975,0.295445249053368,0.168767861215342,0.0497459103113366,-0.0625912868414217,-0.0579232200441209,-0.0652654605721428,-0.0642634429858119,-0.0361143338614231,-0.0271650350974278,-0.00897486402532082,-0.000672284333026623,-0.116819057841653,-0.14211889324712,0.0113334976820237,0.044265772332039,0.0434192710250918,-0.0161961101546317,-0.0120987510993573,-0.0102586185747514,0.233492495933343,0.180555629219842,0.156627880871299,0.125539921844716,0.0998451796520219,0.0697431216457248,0.0398530039968626,0.01150474551048,47537.2987597407
"604",-0.174700435060719,0.00886567340258403,-0.0363495190029166,0.069556339853208,0.107550127022228,0.0830863316671926,0.0601331184725951,0.021251036861594,0.73588635883121,-0.0261949808062437,-0.0730513533104342,0.244885979716175,0.486302277575735,0.642040950062861,0.808339958991526,0.946672718576612,0.242938346919561,0.966640061436901,1.02961270646189,0.686549183467867,0.45961891350783,0.309928740577227,0.169500395066629,0.0488089133776891,-0.0514500733829117,-0.0644398000997247,-0.0571899343479805,-0.0649546076667003,-0.0399000581938678,-0.0239697038525466,-0.00977550398667078,-0.000373279697007255,-0.0630765463939114,-0.186152914450483,-0.0379850925498213,0.0561297715846051,0.0340443360765764,-0.00493653598490059,-0.0140043799792847,-0.0118395608582686,0.232268174185848,0.187312952980165,0.158663373243452,0.126140859588985,0.096305399225726,0.0696888648427773,0.040396913476565,0.0114266006973906,47533.1582069325
"605",-0.139343574237923,-0.047395204636401,-0.00362068817390356,0.0920750373066408,0.0861808705590873,0.0641378183545323,0.0458861677308445,0.0163232819980656,0.754016224914087,-0.0649197140385067,-0.0512920692859413,0.224304554406748,0.49258982034993,0.672652024230826,0.813739711330848,0.950332674611266,0.220150873656368,1.01834562527574,0.997491973230292,0.705749127992611,0.456135435129061,0.2851489223742,0.167401482393622,0.0467109943863003,-0.0504000397525185,-0.073075181736781,-0.0623684270815862,-0.0523055279391158,-0.0382265650807935,-0.0286515028420318,-0.0053085266929593,-0.000969387841378111,-0.0869967600918437,-0.132332673027603,-0.0394610794330719,-0.000256106183016849,0.0515600015389644,0.00172951067014334,-0.00744403954887951,-0.00978410897805223,0.232714399202708,0.18151395539472,0.15656242456382,0.12643060504715,0.0956388190822103,0.0693200645533799,0.0395870763596983,0.0114224860782483,47528.1634096095
"606",-0.10378118571316,-0.0337155088794465,-0.0654144452711611,0.0950240056295692,0.0766596912270983,0.0788535498437668,0.0562956556028838,0.0182058226919557,0.982276916272557,-0.205318474572655,0.0391450653533879,0.242368597496646,0.50793779979948,0.643992745905518,0.814100219931511,0.947168808308901,-0.0105512317162145,1.15506807872477,0.92291865222172,0.684818480200551,0.44926176243873,0.307480626373516,0.164437695967703,0.0494945163560832,-0.0576412265680212,-0.0737918519970325,-0.0787952771431228,-0.0658390588773632,-0.0436071604899547,-0.0206981899327177,-0.00747991684720996,-0.000867402297196283,-0.146824692557687,-0.137307731400355,0.00571470932113743,0.0246791956226211,0.0289440263197407,0.00783929826813429,-0.0157166179947771,-0.011716954171064,0.23077258458701,0.18214606586735,0.15561136159217,0.126571498378469,0.0963206515254685,0.0689539332011797,0.0396891300562958,0.0116324958444517,47531.5715096537
"607",-0.091590441245533,-0.0343069919517971,-0.018527913983968,0.104974255455552,0.0857590845865092,0.0895694241933366,0.0623189726143356,0.0184814690062149,-1.13890305879926,-0.065147679996095,-0.0276254529153704,0.22107639622537,0.488115343118145,0.643136507603326,0.803619360065579,0.948138839344094,2.10315639902513,1.01044365794262,0.982174066727146,0.706660210711852,0.465105831166258,0.307568784359847,0.172248030547053,0.0484897817019152,-0.0535763823351563,-0.0601050777449812,-0.058701625683986,-0.0701791647772103,-0.040147009766255,-0.020874098136096,-0.00719349327086746,-0.000639314185082078,-0.143686804906679,-0.128880441028319,-0.0769478562770502,0.0150177016742827,0.0268792043392728,-0.0174657744736691,-0.0100062209183395,-0.0122839878421519,0.230006409004767,0.182804311083934,0.161040788430051,0.125531983697977,0.0978501700478436,0.069017370025726,0.0395577262105553,0.011383150718928,47539.2653894164
"608",-0.145337083711204,-0.0477841748140235,-0.0396671059491299,0.0676918366791284,0.0809400263700138,0.0860791358747915,0.0577396460740062,0.0179876435930786,1.52934304984846,-0.104939675614431,-0.0206796997475214,0.176560996942671,0.51499682185356,0.655600212337068,0.812569819510667,0.947528200763146,-0.55539057949723,1.05456182652923,0.974484991407222,0.755526939665731,0.438426117401658,0.295699736369174,0.167441849174459,0.049021414940904,-0.054591535074251,-0.0661658414484641,-0.05820208513137,-0.0557113741408403,-0.0436273785795044,-0.0231286046168788,-0.00949777963302692,-0.00160491124087816,-0.102882748719105,-0.121873187942458,-0.0194743966849543,0.0531907491880621,0.0289037632725356,-0.011522997290339,-0.024534988367756,-0.0107018950186929,0.237082599558307,0.18777430459414,0.155416276927852,0.123479606490609,0.0981499723223178,0.0686903307672232,0.0400010392146991,0.0112376949784211,47528.4458253052
"609",-0.168753895313969,-0.0358343984783945,-0.055464174265661,0.0895370463133082,0.0788336489715984,0.0663996351533988,0.0670345344710033,0.0178581538170626,0.582066175607494,-0.0958519846654627,-0.0135741156452111,0.223055176371553,0.510450116933354,0.663691488651325,0.794730807865537,0.947614648588406,0.390190784639394,1.03851334646154,0.97634246201429,0.710705301056437,0.438459229411752,0.291064463212366,0.181992383054588,0.0488826722717083,-0.0586682833182759,-0.0668838680788424,-0.0611882654224573,-0.0682686700370467,-0.0340740485194585,-0.0247923405230419,-0.00536227091983151,-0.000427504816882296,-0.00894337164232978,-0.101365556740625,-0.0374455913086706,0.00420194857177903,0.0557373868505148,0.0059725868998291,-0.0200450531608603,-0.0101967460018714,0.227573405397408,0.186539722712567,0.154616191515331,0.123734286482851,0.0979576534493369,0.0678767714476362,0.0390975164693299,0.011532468974057,47537.323579592
"610",-0.12674765361503,-0.0291797882198115,-0.0399674786212022,0.0936301839149705,0.0929941863962891,0.0750687261865721,0.0616894705985772,0.0187750409035828,0.674642988479161,-0.209643988206899,0.0477409282732314,0.252789491966876,0.493460011385066,0.648830716034231,0.809966356479106,0.944137163057238,0.289560597638793,1.15252580709973,0.912919568425858,0.672534164623321,0.456827998240899,0.302077234714681,0.167813419255477,0.0521530189089391,-0.0507192944259839,-0.0617600046364722,-0.0655036120701392,-0.0660042739070573,-0.0354212953275935,-0.0230234839553562,-0.00686035717670276,0.000158403619237424,-0.0749906493430557,-0.127014519509647,-0.0477242645556617,0.0265966330010505,0.0211751208882362,0.0125307712516149,-0.0219764370759193,-0.0092690993292511,0.227892215416089,0.181981182972091,0.158312257816531,0.127403382970601,0.0986698904267175,0.0708021535399611,0.038700695167934,0.0115495941648528,47530.3346746001
"611",-0.131831480395321,-0.01095742350398,-0.0658877160711011,0.063044083164616,0.101775034196238,0.0867416787175157,0.0588691369837477,0.0214075750379842,0.784293765594415,-0.22697972550613,-0.116414918986395,0.209473081178179,0.485724771571882,0.656851651439792,0.79851734024612,0.945683307401155,0.171249287663238,1.15969407958879,1.08272980256549,0.727822163252729,0.461918268806658,0.293833422911886,0.179431645110856,0.0500376413395347,-0.037847470007436,-0.0590058197195076,-0.0676680367487106,-0.0680461504765509,-0.0386742847350321,-0.0265005784916737,-0.00563431775460092,-0.000411615742614358,-0.030726648850311,-0.0905643382741656,-0.00356828975939989,0.0354525626591545,0.0252521544661025,-0.00581913722902538,-0.0131134786988076,-0.0123561098687735,0.230033142125178,0.183044967190627,0.158134051440456,0.127491661697501,0.0963082852074501,0.0682514757284846,0.0393129465100295,0.011738349369344,47519.7541905691
"612",-0.134192154226922,-0.0538643674155598,-0.0296336976944802,0.0860436409748793,0.102285800669308,0.0700619190983635,0.0611828254978305,0.0185850860832733,-0.313498942998578,-0.10110464394804,-0.0812814759136768,0.248209167741473,0.488879954746582,0.666279579950235,0.808996599102129,0.946126715026006,1.28226687937245,1.04701972479792,1.03895597754868,0.684310848295598,0.457740143085251,0.289830309154941,0.168054438011727,0.050254462932801,-0.0637662654929491,-0.055390798626231,-0.0748702572486568,-0.0647806556537603,-0.0333630981424457,-0.0256686868853096,-0.0032822658987563,-0.0015998707354133,-0.0562082938935399,-0.0944216593526573,-0.0329273379383541,0.00690268904251611,0.0130583258404542,-0.00643415596481835,-0.0163676967042301,-0.00885022527319869,0.231327739614773,0.179454467850729,0.155519621948303,0.125856158275354,0.0978596489294152,0.0711007930591363,0.0396122081952325,0.0116806888398552,47523.0232690997
"613",-0.151316319501753,-0.00188313126868082,-0.018654227648059,0.0746620823961808,0.0929662049747461,0.0815524589583013,0.0734998975633873,0.0192290637782166,0.536704154762088,-0.23037246772574,-0.0418158483401139,0.220546916927789,0.48489279117366,0.666749121447013,0.800164577197996,0.947900287485513,0.43490927594787,1.17072187256249,0.99144019657548,0.716807288967433,0.463411691830947,0.286110080189416,0.172267927603553,0.0485922597734011,-0.0633484181570753,-0.0786069836915887,-0.0547441255978771,-0.0623141665780849,-0.0360034385858275,-0.0256066254248685,-0.00586227570646993,-0.00140221196958552,-0.0391039469790545,-0.153830981272233,-0.0363101836444392,0.0200615917977983,0.0395895234429582,-0.0177286659924198,-0.017085804500663,-0.0120850729251968,0.231106120643037,0.180655115440446,0.1602984895613,0.12552783375397,0.0976935873977365,0.0688784632355649,0.0393737472427254,0.0115665480383382,47526.7458952018
"614",-0.118203166001598,-0.0291874679296994,-0.0724103658580646,0.103039853226147,0.0854090899120993,0.0762429984838319,0.0552755847049447,0.0184726207220999,0.460364593103434,-0.14409899233198,0.0231603929281748,0.161859727143445,0.521563913954381,0.655118254755446,0.809374978480723,0.947530905677957,0.51567751979797,1.09279880928972,0.941917648835583,0.762361023160395,0.429668478996563,0.300070170923064,0.168867001813112,0.0490400609177881,-0.0465499150705956,-0.0661966802869351,-0.0629003633169194,-0.0594433799033503,-0.0402605902490876,-0.0184513948986779,-0.00795683368668595,-0.000389769037048046,-0.166152289274799,-0.168765853735265,-0.0185985963522621,0.0366956128786394,0.0265277549399988,-0.0172319546478697,-0.00775994607733178,-0.0123263880070592,0.231581059148641,0.188167240672035,0.155206594227559,0.12609972957957,0.0990407026356859,0.0686418043689977,0.0401774809353264,0.0114075140455575,47535.4289029392
"615",-0.125506265453355,-0.0346489588787588,-0.0551261556058103,0.0870124357227807,0.103716919914737,0.0786987924803468,0.0556968796855136,0.017682475464535,0.143574808358163,-0.13823142802783,0.0152355002927174,0.211739652166684,0.485202480863831,0.650128374573379,0.808529650674089,0.949316091502533,0.822810181879265,1.08260788535482,0.947683971122061,0.719011725633633,0.464562442573702,0.302063370696075,0.169327838432876,0.0476880603153418,-0.0714189218764305,-0.064898340776736,-0.0818870686019675,-0.0672620251712378,-0.0386210334497614,-0.023262885500239,-0.00510770889241203,-0.0012824924551658,-0.0689720769421524,-0.12162146273545,-0.0133332771034358,0.0361110425115483,0.0146223129936666,0.00287148956745713,-0.0142410951865056,-0.0127695126858369,0.228955555865908,0.184066641685846,0.152898818610602,0.125774491527149,0.0967690431344669,0.068381618676643,0.0403048585323177,0.0113822684126659,47537.0499551412
"616",-0.0933059405903847,0.00616387196066535,-0.0421185717318531,0.0829830539740488,0.0924129342797299,0.0783280242191582,0.0622509469410749,0.0188249017729255,-0.240982190546336,-0.0651539738567083,-0.0155808815694921,0.236598192593921,0.492894622003602,0.686019776542019,0.797594141857759,0.947768231339697,1.20078528687813,0.999312002479705,0.971625837760472,0.694844185927845,0.456324118547671,0.267440454885059,0.180476758328923,0.0486756800321714,-0.0495515480339565,-0.0548589031499713,-0.0578901339233907,-0.0652810911642251,-0.0451491283845328,-0.0308811901561783,-0.00755521873860389,-0.000589950575766155,-0.122019631325612,-0.152310534937804,-0.0411014942716703,0.0340558916227524,0.0447627739714231,-0.00703444457142908,-0.0146291438948606,-0.0123621591887074,0.229700483677673,0.18421008268241,0.154793767342386,0.12507319428232,0.096838445780737,0.0685639678490935,0.0403691304301291,0.0115314529781168,47530.212838449
"617",-0.183955744703363,-0.0362969960666713,-0.0173523832432503,0.0873572174570138,0.120206226458057,0.0822864484714764,0.0663977655362908,0.0171457001788988,1.28640689167858,-0.147966541196822,-0.0466647849831161,0.187807615211737,0.491701910098488,0.650790401591498,0.804054231188706,0.947506692347518,-0.305379298103674,1.0921610708736,0.994089013761402,0.74131931957519,0.453523160581022,0.301613244141359,0.171589599445786,0.0496689354193471,-0.0544399849292745,-0.049004635010342,-0.0492069435558844,-0.0608337599083952,-0.0297216207676336,-0.0251777667438931,-0.00701697807289704,-0.000798300625303718,-0.0726922978861229,-0.144523329870233,-0.0276816657187497,0.0312219199662915,-0.00875696457105063,-0.00274196348995018,-0.0192415568297428,-0.0111010195750466,0.223100865805899,0.190885018047594,0.158575192184968,0.12729442285668,0.0977068745519261,0.0691308396164974,0.039163683674431,0.0113557316708543,47523.7111961804
"618",-0.0938506864335867,-0.0117135929465762,-0.0896385181159696,0.0738389863631684,0.105033545581075,0.0642789774082087,0.0657557896072397,0.0178449023595519,1.3566947858885,-0.11221342021832,0.0611848626713374,0.214491664556148,0.508067810697789,0.656213472967795,0.807591208255417,0.948150892460574,-0.390968700030611,1.0511124112078,0.913517260899766,0.718897243616131,0.441627454564552,0.299509307027178,0.168683398534779,0.0488816712634823,-0.068985731536608,-0.0819746265473514,-0.0736064481087843,-0.0638638513311084,-0.0385104283631304,-0.0247421601156446,-0.00597236028654935,-0.00118041213195979,-0.150431448328721,-0.0990169318460978,-0.020331349013001,0.0460829811935233,-0.0016498676038395,0.0167307657874526,-0.0220162793691459,-0.0125049031866481,0.229140568846915,0.181587231796379,0.159706585309597,0.1275551402921,0.0971189473581788,0.068419617323082,0.040330174703713,0.0116166326893205,47530.6252468516
"619",-0.0737354210540352,-0.0334493245321857,-0.0385660826942063,0.101201626501624,0.100018693570139,0.0848731844118765,0.0565441226580361,0.0171332381928515,0.594940983249852,-0.131301852430781,-0.0165225277715353,0.2319104917714,0.481923593243515,0.651467783479013,0.806579652066379,0.949638197943051,0.360294295737799,1.08131919463345,0.971073171064433,0.691980541531307,0.466592371839101,0.300050490534229,0.173351087213566,0.0476596019328522,-0.0645719744913756,-0.0665873497262464,-0.0676845034082425,-0.0597678180325881,-0.0348804066670655,-0.0235128918061966,-0.00762949382402525,-0.00116528462958131,-0.127725257590946,-0.159175586963352,-0.0207309128295074,0.0165146102065042,0.0137750611225035,-0.00706141814106335,-0.015425440888047,-0.0127931979544984,0.226716696182773,0.187299494461069,0.156474404115633,0.125534072361861,0.0967975788981613,0.0698187977297881,0.0396882903222312,0.0113635944698348,47538.5213384073
"620",-0.126224109611314,-0.0101942332959639,-0.0669864331732803,0.0609775575262647,0.103100860381954,0.0932055705505529,0.0612235648277362,0.0165652001571692,-0.457469283535788,-0.125471579302853,0.0507680179217548,0.233707525200317,0.510358555796178,0.637150900145208,0.808402410217763,0.947603785573057,1.42412141626646,1.06517438571464,0.913005185193212,0.703911017103489,0.43617622937209,0.312160395014486,0.168725135150145,0.0496512790211123,-0.0585102649766369,-0.0685278196984879,-0.0692443945999993,-0.065421323820449,-0.0380367270492361,-0.0212995986859374,-0.00833098627614745,-0.00174032680413958,-0.0796782250925593,-0.130794898965773,-0.0189505601200819,0.0514423605432379,0.0206340486951177,-0.0123945685504082,-0.011358853779905,-0.0100866105742671,0.229395844960306,0.18857361147878,0.159384616434046,0.124995945951445,0.0972420072355402,0.0697383406325764,0.0391071124887847,0.0113842847141513,47535.8722336421
"621",-0.145268978839781,-0.0425489395715316,-0.0686189431578027,0.069791206622103,0.0972801706755208,0.0740420331148059,0.0609189208568481,0.0170119538017456,0.477370827757746,-0.104409417621939,0.0501855026756786,0.227471487685309,0.478449821154432,0.661691271437575,0.811301659433039,0.94755708502052,0.491853309599338,1.05529380693192,0.913275298773267,0.708541576800128,0.474443732536269,0.292134394706886,0.165120898989028,0.0492912689904529,-0.0673592806221084,-0.0851454120218571,-0.072386613873323,-0.0646133674035787,-0.0371564635953202,-0.0235065615661083,-0.00805141355951529,-0.00111505897325624,-0.0348589783804686,-0.123194184636934,-0.00343651378541966,0.0307271479483147,0.00569644254993231,-0.000116687825541588,-0.0156184049572346,-0.0106498049432195,0.2301134891587,0.183435329863857,0.157092207077318,0.126201610451837,0.0973105167679377,0.0689312854756681,0.0397852149413918,0.0114261918176971,47537.8612429266
"622",-0.088424053588406,-0.0395877721395339,-0.00488121365072204,0.0854303072566113,0.09772944184479,0.0608384504182224,0.0521328941275791,0.0173016763950971,-0.316227377946892,-0.107810250211343,-0.0339979243089965,0.206098076870683,0.489874984583271,0.670591925745632,0.802733194898764,0.948742550422516,1.26771360468968,1.06009511734531,0.98131308702378,0.720817910982206,0.462692001824284,0.286500716415902,0.176452009956161,0.0480296467666642,-0.0604375791282061,-0.0609487199267003,-0.0533747756142379,-0.0660739257390135,-0.0374564690669482,-0.0264963699651078,-0.00901342435745162,-0.000883213022231216,-0.0560416210106172,-0.161164027648764,-0.0651012541793353,0.0486771078833757,-0.00355672349576178,0.00758600838974897,0.00303645071146232,-0.0105508770587299,0.228168693268161,0.181939951255954,0.154912358741659,0.122551427637315,0.0967857881721516,0.0697485395187358,0.0406775925838085,0.0115577134593632,47526.8850501596
"623",-0.124501691338082,-0.0370367855727873,-0.0411833595313312,0.0563426633923628,0.0963002789589141,0.077124262031932,0.0621776058153664,0.0178306942421086,0.88609809511275,-0.0440216645570656,-0.037861688444085,0.24191448043408,0.480592468362298,0.651379049966094,0.806621229325835,0.947367454720896,0.0764921860482183,0.990951291146174,0.995045600427616,0.695312254558893,0.465574318593338,0.301046565575308,0.171673262868238,0.0493558201650067,-0.0497584871760056,-0.0702837038870823,-0.0723296152307255,-0.0665513928298648,-0.0307980452531609,-0.017974536867892,-0.00767157555464052,-0.000607748481985729,-0.0572634443916722,-0.128352547240664,-0.00808656094450748,0.0392365147236151,0.033500693146855,-0.00730153470403207,-0.0219382452893639,-0.0104159439001999,0.231017143255705,0.18565095457097,0.157100815931328,0.129590694997901,0.0970866043229975,0.0690733458296972,0.0396243025013514,0.01159207691028,47540.2572204228
"624",-0.144072588526016,-0.0780453027568539,-0.0127929536603188,0.0637267297804676,0.0996213160487329,0.0653073258113881,0.0571902448089477,0.0187837941080075,1.1051719123048,-0.0903777000472522,-0.00817233414494184,0.207926999675086,0.488624894738584,0.65642038222383,0.809798707482589,0.947931816497911,-0.12354991099064,1.04438740575911,0.956492195493911,0.724721157520774,0.459650675394782,0.301179546073233,0.169448882198038,0.0486891714588295,-0.0705268501759382,-0.0724533899131389,-0.0640276959530619,-0.070091096836733,-0.0410982570498293,-0.0209935420302549,-0.0105357718059468,-0.000838573335731899,-0.125341276687068,-0.0637158005769596,-0.043649117114454,0.0669990123028889,0.0289545767690903,-0.00510355532730291,-0.0115067417487462,-0.0125092376567661,0.231924249076427,0.183306429904025,0.158633601304092,0.126652529829768,0.0984202434611099,0.0680007484296229,0.0390572096041362,0.011319382725583,47535.6049228995
"625",-0.155982868955129,-0.0321768186517931,-0.0650603574156939,0.0913776527043575,0.0911750607711398,0.0734762055063964,0.0617660119735915,0.0146886894520935,0.164529330042735,-0.0314917688027177,-0.0121060101526674,0.218322152594164,0.501075781285387,0.668191994070241,0.813829597347179,0.947785467987031,0.810608621832565,0.973184782080236,0.971455381953497,0.712411620589016,0.449509830127583,0.287241945284142,0.164149228901451,0.0499329254895345,-0.0582848370289536,-0.0757901478582061,-0.0662397695300041,-0.0674196303619135,-0.0408432133501474,-0.0252489241723019,-0.00665090048392827,-0.00131824125344549,-0.0691870177733069,-0.104573151029036,0.0228556084767424,0.0174463557847765,0.0263001243785481,-0.00997814394878777,-0.0246026300016144,-0.00858179602672654,0.22695356977091,0.19068288952142,0.156536888738266,0.125377113822964,0.0999751213938984,0.0708789712317622,0.0396722430249693,0.0114811858417863,47535.8893621487
"626",-0.146679309251855,-0.0290737809964451,-0.0444534205451958,0.082435730437767,0.0830250670312418,0.0872303605053699,0.0581824794676773,0.0177607841846134,-0.280048522211006,-6.82488056531558e-05,0.0300220222971241,0.234904521502476,0.471387594630271,0.65488734495341,0.8085368698162,0.947540807139594,1.24947470815877,0.948777112241776,0.928270807726332,0.695218771968467,0.47650460240957,0.298717920047276,0.168719278705737,0.049455692546405,-0.0528224099957922,-0.0689966649429581,-0.0723770166575888,-0.0665228315806282,-0.0353434497546261,-0.0240247385928836,-0.00870308292724115,-0.000971337900753773,-0.0739197858067795,-0.143320305910772,-0.0120069976880321,0.0321996108807812,0.068345329948874,-0.0248294595313814,-0.00827380848415828,-0.0121395759568991,0.230035631219604,0.189618887094512,0.158108751329162,0.124099241959621,0.0981311984001636,0.0697604219986044,0.0388795205717818,0.0112658831697147,47535.5374551264
"627",-0.137190017613213,-0.0258993649749647,-0.0224522722396885,0.0869246024166568,0.0847505501226439,0.0637651825171344,0.0619569639659642,0.0195100414541509,-0.269385876939727,-0.0974698584792407,-0.041964982791766,0.233847917071011,0.494795567897758,0.656043055772347,0.812455735611995,0.946177430023139,1.23593180245484,1.03918606743075,0.996715010949347,0.693351706404825,0.458359540801572,0.299833405352342,0.164783055346926,0.0500380637562138,-0.0556490985423301,-0.0663171556575055,-0.0672872496694283,-0.0631188403732556,-0.0369980750215487,-0.021194603513627,-0.0068933920279066,-0.000342803027111246,-0.0559777698507364,-0.108485035698557,-0.0545237265847049,0.036505749374409,0.027954823629878,0.0134782616179003,-0.0217856507431681,-0.0116238567880406,0.231279291979643,0.184526943029123,0.160218302902326,0.126862221690643,0.0974552675678283,0.0703106870614271,0.0399127658779232,0.0112897143675038,47542.8115603693
"628",-0.10246917639643,-0.0414494379558925,-0.0295418337706969,0.082772813809668,0.080741962880895,0.0834133132865491,0.061589532945303,0.017032790288599,1.0568917173605,-0.141197164984894,-0.0406947152169475,0.217917986998197,0.491480956998215,0.657097900533483,0.801970710891695,0.947957654501418,-0.0882670356579699,1.08675285978785,0.995116875051396,0.713691178413892,0.459877963085607,0.292241349129072,0.175739400557745,0.0488185813982604,-0.0575572163947452,-0.0720263203875547,-0.0620497607744216,-0.0639736875993371,-0.0395299638630546,-0.0207154482598656,-0.00896318613402414,-0.000838023217951196,-0.14729417010243,-0.103653429903303,-0.0371222938874523,0.0220022030040489,0.0414704326688383,-0.000445680968015051,-0.0146082372096723,-0.00932902588477315,0.231563771155426,0.185142107998265,0.159285058415609,0.126422763144782,0.0973216576626462,0.0696519370698326,0.0394143106227817,0.0113037805111271,47545.4738982678
"629",-0.12385815389492,-0.0285325820537816,-0.0736753387113294,0.0650795307449405,0.0922735125228408,0.0766014155084729,0.0697119236694424,0.0169062865554997,-0.18573861585333,-0.07409204346146,-0.0150310189403519,0.226953955350004,0.510949949267608,0.662166601689631,0.809576305325232,0.94726043008457,1.15585319055155,1.01632563741587,0.979207365539403,0.705398000034373,0.442990315942897,0.290323822838263,0.166752530109404,0.0497730806019739,-0.0658054998299516,-0.06552956425824,-0.0664363891449378,-0.06432586923121,-0.0419106456300841,-0.0227191720283169,-0.0075887557260098,-0.000928131818898823,-0.101010151794896,-0.11090116042555,0.00582274548513964,0.0605259489279545,0.00064262553052155,-0.00109086098189917,-0.0264763656717702,-0.0100251519822363,0.22242168394019,0.185832797718547,0.156218749331033,0.124282726644017,0.096548617467188,0.0686356731383492,0.0395500275145313,0.0113831573867656,47538.317322571
"630",-0.123378724902682,0.0429783941501504,-0.0205216565324072,0.0419380052675072,0.091359729522004,0.0845802155214935,0.0609034914563016,0.0173781459981249,0.213833920264678,-0.174477434298154,-0.016476020918741,0.234475138374028,0.461643411890516,0.645196060031623,0.804989041527782,0.948025617592751,0.755472435710412,1.10161052987852,0.968147509269217,0.706501120150244,0.488340200135306,0.304811238469873,0.172153547759671,0.0486587111083624,-0.0529479428325845,-0.0754352409743019,-0.061781348210841,-0.0712198624114557,-0.0294754859525409,-0.0255611423206283,-0.00900609312037064,-0.000809524021760503,-0.121357830657935,-0.176792788263232,-0.0447688556843305,0.0660731232347339,0.0349881869561023,0.005452115392135,-0.0133848388583681,-0.0107334440541595,0.225861059569969,0.184268842779998,0.154018238439485,0.126962757253582,0.0974320457579302,0.0701559580611815,0.0401188638649046,0.0115181266679243,47531.9837387389
"631",-0.0686216078738439,-0.0701259801897727,-0.0486767438691743,0.0510710596778074,0.0873736779106683,0.0776624594052968,0.0585264495102526,0.01848910371173,-0.517539803869395,-0.246055460698963,-0.0245415889768552,0.269087531709374,0.49386722042062,0.658170744123303,0.811839953349682,0.947535993316932,1.4693097369076,1.2014503979044,0.977769444621581,0.666365824296725,0.455680049619057,0.293534858162592,0.164350882490161,0.0492917477770905,-0.0426829095100631,-0.07876188655715,-0.0692529182839412,-0.0723551071634969,-0.042018446796543,-0.0241401713775817,-0.00713874726133703,-0.00127856387041862,-0.125658188814685,-0.0773778012481503,0.00569305400022561,0.0738532184754938,0.0500165484425599,0.00631736517608836,-0.00395871242435506,-0.0127714709126248,0.226691417205248,0.186676389836802,0.155715935991329,0.122990465920683,0.0977687012903065,0.0698498354035915,0.039781585385311,0.0114032591110648,47524.5842906894
"632",-0.132846822479282,-0.00216326653744447,-0.0585541279754325,0.0668096178013798,0.0893970425667661,0.078377137510783,0.0610583378040929,0.017121826902111,0.0716517128097533,-0.140274227699549,0.0044244977556784,0.262470938475934,0.487554987768996,0.65331527079764,0.808014307902941,0.946569343702167,0.89754774485127,1.08124319316755,0.957366568700251,0.672905313570021,0.465412008254975,0.297963954421843,0.168295937552492,0.0504713189715702,-0.0328533314811173,-0.068877129176939,-0.0685292088715979,-0.0700673688456176,-0.0374638779074053,-0.024644225046642,-0.00578217742639412,-0.000529033615934307,-0.126762967190882,-0.158336480966287,-0.0217116211228165,0.0346719046871839,0.0189239222088808,0.00521058942550546,-0.0134589006240073,-0.010866566296124,0.224852293113185,0.186421549707808,0.158717868862967,0.127409283563467,0.0984384706277229,0.0699089608687209,0.0403478997450492,0.0117035027954701,47539.3377295222
"633",-0.138925657628056,-0.0549438078247438,-0.0896701594522766,0.0749103311012442,0.0953421014871498,0.0756825821065323,0.0691071806533795,0.0151587297285102,0.907196708076579,-0.116757276852892,0.0445822016769476,0.209462702006988,0.484957083399072,0.665626330627021,0.803101608517991,0.949647189438915,0.0607102586645717,1.06875640928116,0.923193699219624,0.723464916058669,0.46353233333169,0.288142677561368,0.170689794230545,0.0482221797072621,-0.0463480857582603,-0.070347919177813,-0.0735072612552807,-0.0631763567129778,-0.0313895167143901,-0.0252704720661094,-0.00733207922066928,-0.000470853103175008,-0.081988021596657,-0.117454695538402,0.0235626581931663,0.0349521298913379,0.0299259409639355,-0.00592381538557097,-0.0122655709780662,-0.0121012553258799,0.233854064693113,0.184600526885634,0.159442115018617,0.127278739730546,0.0966194319271263,0.0686715568283555,0.0395913543387264,0.0117371065166892,47535.3270600468
"634",-0.145008559473004,-0.0437781208328189,-0.0373738309328887,0.0627410469563918,0.0857630839587252,0.0767955586430269,0.0544443616966178,0.0193619764911477,0.724529890856748,-0.120577598115987,-0.0353669401352475,0.179490170708262,0.504588669805846,0.660488014526598,0.815050817356757,0.948008601965857,0.242712523130869,1.06784293643791,0.994523414780579,0.755247646964512,0.446210512499575,0.294922448994262,0.165921874076753,0.0478489704523805,-0.0530212135067932,-0.0674337827591336,-0.0785876675194066,-0.0657388516412644,-0.0394377925820225,-0.020423397232267,-0.00722832567621212,-0.000478584632465001,-0.0470217161371228,-0.10447973167853,-0.0265823677420537,0.077786592166274,0.0372301137269203,-0.0236889640373959,-0.0265028859359559,-0.0105156124276022,0.229733678105151,0.182363611685218,0.15746108481919,0.128350669836623,0.0976851449163597,0.0699208875290987,0.0395761666584879,0.0114345231170031,47530.7024245592
"635",-0.112843640652273,-0.0793161364741578,-0.0370004433051984,0.0917660330887942,0.0909938849988761,0.0816973060923975,0.0689765443544865,0.0186022335532394,0.468863174367973,-0.0422251177214232,-0.0488601727367984,0.219436769522764,0.508701244208433,0.635966770822017,0.80671735335272,0.947455314581831,0.495004241091602,0.997815522961938,1.00690305034708,0.709068892068744,0.440888753290938,0.316106639718874,0.171649393565165,0.0494340830948158,-0.0499873509757767,-0.0793669615767426,-0.0650465481144834,-0.0656646119170022,-0.037982457974501,-0.0248959371376187,-0.00941940526999928,-0.00137657330279761,-0.106042741474885,-0.0835249658854404,-0.0379016467064595,0.0226918961831846,0.0329683589072991,0.00134037878704943,-0.0345873756065115,-0.0122438551333193,0.232744951997963,0.184001341248672,0.156602527197632,0.127390687615111,0.0981903469862273,0.0692592270460426,0.0400460659916211,0.0113381565942651,47536.6153059568
"636",-0.0908056572763977,-0.0301637323851883,-0.0742557459839633,0.110493969232165,0.0993270375820714,0.0681628488787665,0.0647022458246728,0.0178654276716063,2.15017682577416,-0.147714572628328,0.0687857382989122,0.2068526983803,0.494398080164352,0.640390089039647,0.806048516120865,0.94831655386552,-1.19364685907467,1.09167117308733,0.898256420835827,0.720476491627341,0.45601132512844,0.31348962046175,0.169026635529595,0.0484141357124586,-0.0495467155824181,-0.0720176713592696,-0.0672741006469143,-0.0593832942154163,-0.0374898379572259,-0.0233449716331158,-0.00497200002487528,-0.000477254904173062,-0.0969517879082631,-0.116541840616788,-0.0342124508438243,-0.0120380447923818,0.0139944677174279,0.0160519174606105,-0.0169338789374302,-0.0118775303912618,0.224325666308237,0.1879257350158,0.158686787239165,0.12201838236983,0.0946537388407109,0.0684580595516358,0.039324373255343,0.01148617216397,47529.4022935376
"637",-0.120800129726082,-0.0881738515167989,-0.0544190614216887,0.120626661562941,0.0955420371874677,0.0733502183557993,0.0532400313504344,0.0191083429844604,0.644264983064354,-0.0464980856245516,-0.0350679156508978,0.184440330128736,0.486055008846217,0.663035224686579,0.807820025212978,0.947679638068181,0.325030112528458,1.00554834339669,0.994262200809996,0.735545934918163,0.461768501704889,0.291521168773658,0.171188998862811,0.0489364387929784,-0.0369366738113056,-0.0654982415805586,-0.0714632434552355,-0.0562809672579002,-0.0358039807277404,-0.0248418654526591,-0.00941373358930345,-0.000338824373367047,-0.149766983479399,-0.0826010198267239,0.00776537231057056,0.0144006964263895,0.0353458648758547,-0.0023112482781076,-0.00348512100260187,-0.0138832428176299,0.226460882974085,0.187413155608779,0.161915185929953,0.125893161577289,0.0973326257484609,0.069252281118659,0.0388660741738876,0.0112757952287754,47537.8158478379
"638",-0.146354158232989,-0.0286984146073795,-0.0432661715674632,0.0914741802851076,0.0731447015095119,0.0803759435534204,0.0640947724831866,0.020010443978539,0.811104611651641,-0.0266993291146836,-0.0242372589166105,0.219314152533408,0.519919952937747,0.661092749987544,0.806471710861093,0.947368986061083,0.161876015346434,0.975836806594307,0.982009123310817,0.709529183989833,0.436874809885002,0.291339673303509,0.170379031305695,0.048973785459807,-0.0650568645020429,-0.0718688674715358,-0.0715481042649854,-0.0617805947337434,-0.0387609996746521,-0.0280010482757403,-0.00512321493426392,-0.00149286811281452,-0.0577936170982792,-0.163837345433563,-0.0221019391142938,0.0156236243109004,0.0189242853744708,0.00140670196694322,-0.0212229949664736,-0.0125024333166795,0.22588752161017,0.184529131040291,0.1580118431553,0.124388060857755,0.0969406123140328,0.070347763982004,0.0415921353108862,0.0115445102390858,47533.599636637
"639",-0.0957997523596832,-0.0264575858061205,-0.0430659130352846,0.0857066635684555,0.0842235812398759,0.0789414309100343,0.0630794054441387,0.016639011757842,1.01240554146096,-0.153868985163672,-0.0312718754409702,0.216707784108226,0.492620498862373,0.657909424038654,0.80101967015268,0.948496680750234,-0.0466180573125154,1.09598792558495,0.989674475591703,0.71448917728824,0.457034826628039,0.292814861576837,0.176117275444664,0.0483070391813396,-0.0561779442121029,-0.070908798329497,-0.063935098415775,-0.0650399310548589,-0.0387628327601927,-0.0207344146765653,-0.00764429245553849,-0.00150777238488508,-0.147302623470078,-0.117505335861606,-0.0330374357362509,0.0275124468697974,0.0405744958845824,0.00152209013751577,-0.0161675156263067,-0.00863898915242802,0.230936857843802,0.185436792993968,0.158500193714206,0.126238423538607,0.0974007579785287,0.0694630952278642,0.0395054369306287,0.011330865894336,47545.2105616807
"640",-0.109297760149209,-0.0363152529249792,-0.0557082921472654,0.0848299023536985,0.0994780986167152,0.0764338105613589,0.0680249454069904,0.0166520884373063,0.499088550594886,-0.212838779892465,-0.0074602230971879,0.189882285579647,0.494105764682966,0.653129449677311,0.801534721213125,0.94690892499939,0.462257093374694,1.15743669662148,0.971002662693631,0.739259783314287,0.451906947758954,0.301348528059735,0.173375980818561,0.0500426848477287,-0.0661171915793827,-0.0706621581912595,-0.0691988582586552,-0.0651663438267252,-0.0420212684016791,-0.0252312099828735,-0.00554748789133661,-0.000636452360858866,-0.0770115002469684,-0.096106164678997,-0.0327149033711076,0.0380633932622779,0.0359245062207352,-0.00589897977296957,-0.0186904846929064,-0.00977474709113323,0.229275362771458,0.185222822291774,0.15728908982377,0.127195994236627,0.0988258490593528,0.0687413931697714,0.0401601559585951,0.0113344470036599,47541.3644293079
"641",-0.187562648555047,-0.0436244265717279,-0.0549164874810812,0.110224101788213,0.103589038295149,0.0792979340841453,0.0581614636814429,0.0179989359392785,-0.321066892399493,-0.144180267487731,-0.0344371073486797,0.218626538584237,0.494984374734676,0.652781075283816,0.808628993509449,0.94727975112045,1.30442819531188,1.09090790102534,0.996357399984179,0.714175851851729,0.454080524035105,0.300512969349933,0.169148532707409,0.0496510680656402,-0.0463798411720818,-0.0695465243732102,-0.0653222339174692,-0.0667337188461042,-0.035033124963235,-0.0232701756287321,-0.00958025890084591,-0.000635144860805496,-0.0761974824538529,-0.111598777677616,-0.0139008887921437,-0.0400464844488607,0.00344830090591059,-0.00338895488295497,-0.0101721281293649,-0.0117458646831984,0.233499634578885,0.18535575980617,0.15814189416021,0.125640285204706,0.0950687579427019,0.0699919898551594,0.0393789391570969,0.0115437081046847,47536.1516807791
"642",-0.0943873498519392,-0.0786165058216171,-0.0444659159151289,0.0690890817173773,0.0850233335019427,0.0756030927676732,0.0684670531971041,0.0195128305934103,-0.636606736594021,-0.0829314869053805,-0.0238119583800652,0.223547553285365,0.50207165619089,0.658640541519254,0.803599061461922,0.94702048089068,1.60286290993993,1.0361689817801,0.982488441792548,0.714415026038636,0.446604111404831,0.294108802322987,0.170992226386469,0.0497948762180659,-0.0472777842507172,-0.0655926818565015,-0.0639248031585031,-0.0694856168978018,-0.0364910502299608,-0.0236541323569947,-0.00677463545712297,-0.000626921114367027,-0.175404706045093,-0.0900273381469546,-0.0296264203118152,0.0281752972364002,0.0497443328908617,0.00154255580746443,-0.0166988844957292,-0.015029944269367,0.229234692906136,0.184811087048273,0.158124505011309,0.123775922039342,0.0971394594687487,0.0702647690981875,0.039512966200041,0.0116466905467871,47541.5247455513
"643",-0.157056928765454,0.000210170651648425,-0.0411348302107785,0.0948899946622525,0.0965950519651032,0.0685344388631729,0.063938535733109,0.0170478758702652,1.19990175902668,-0.112517894649545,0.0174474675500833,0.233730751176681,0.481007796820862,0.676656971213117,0.798098342303358,0.946205153693007,-0.230159841123964,1.05199324402309,0.943886278948091,0.698136673315432,0.46886674052042,0.276249498856774,0.180897388641615,0.0509535593907551,-0.0489211609428696,-0.0657429892929734,-0.0705186648173875,-0.060767583969566,-0.0426421840134401,-0.0241821841097623,-0.00351561175306563,-0.000651237733447598,-0.036766220470806,-0.165235889589876,-0.0548011176197499,-0.00808438590765191,0.0373984845045562,0.00442096380115246,-0.0305985497736879,-0.0110775745185587,0.223801537935108,0.186127083522933,0.153113084064652,0.123903470770396,0.0962543379742241,0.0694016359385275,0.0401128586145863,0.0114414345000504,47527.4752083699
"644",-0.15848022444922,-0.0322082484251,-0.0149568087407134,0.089657661756094,0.083729056633252,0.066042315671975,0.0686293580662501,0.0171904958245423,0.628562361834563,-0.110062317184469,0.0247067733288425,0.229814624289475,0.503658354876334,0.67000655065274,0.79861207853481,0.946281406398393,0.345114532382542,1.05585298731118,0.927226938819225,0.703779516825037,0.441952536334013,0.287757265611819,0.178233469207896,0.0506718545611876,-0.0672979155727259,-0.0680012963043459,-0.0666577286741726,-0.0679243016274962,-0.039384643543875,-0.027105483399798,-0.00839096362206119,-0.000116388043391714,-0.0548598523694841,-0.119662240895752,-0.050416943653694,-0.00780355860348603,0.0653141681290396,-0.00229558959068935,-0.0240803188541233,-0.0108771794084513,0.227106830752272,0.185198526671082,0.155427657040901,0.12424794827178,0.0983803777636857,0.0679771508093823,0.0389564745076352,0.0115094813906509,47531.4704977353
"645",-0.163234906878174,-0.0518198182166128,-0.0341024042951771,0.0570729725526457,0.116194189974983,0.0727526183109435,0.0643217134075288,0.0168162721768056,-0.0406085106985394,-0.0513959469419967,0.0155840059712582,0.248089659590772,0.484750895451301,0.661687418033859,0.809082899954766,0.94679496835513,1.01600151421553,1.001574741595,0.938719553230857,0.69040701473106,0.46059866531507,0.293787970988995,0.167080262361821,0.049979796807679,-0.0529427408568636,-0.063208851798194,-0.0674628167445059,-0.0620079471972732,-0.0383396559840616,-0.0265359626579684,-0.00647959654387054,-0.000116241373481009,-0.0693303264508722,-0.113425376423307,-0.024748642653859,0.0324502045874149,0.00808009028440143,-0.00647096571450741,-0.0191247222292109,-0.00907816658821242,0.230514395015374,0.186292571380229,0.158923351417592,0.125634519232628,0.0953591638303267,0.0692247324967893,0.0394603537732575,0.0115927496469234,47544.8682973918
"646",-0.12000780437194,0.00483505309566115,-0.0681523247347065,0.0851352094037893,0.0896601022527918,0.0791627818637511,0.050673421938695,0.0182664677948747,1.53037972253831,-0.115244798960944,0.00496787303195022,0.191928796363017,0.493417904309336,0.657078541492757,0.805706168023496,0.947356248379359,-0.569372780441123,1.05363708615396,0.960437665465217,0.734908741446906,0.45680493077155,0.294749185117672,0.174356554184271,0.0496074913959192,-0.0574949683661726,-0.0716110001822033,-0.0573617155520667,-0.0593206989818635,-0.0321613934874141,-0.0264879008304763,-0.00748094432959454,-0.0014381440079015,-0.0417658536717073,-0.154350411350007,-0.0388038428918255,0.0569066812367234,0.0231936963910457,-0.000165452764816641,-0.00573844462430348,-0.011728920036654,0.228688450570714,0.186234730304389,0.156306999473513,0.123777509790737,0.097354182886851,0.0685842867139867,0.0391636361670444,0.0114246359353327,47537.4898920105
"647",-0.155005145913248,-0.0276857724326354,-0.0143012681761061,0.10788671746702,0.104645073599497,0.0811811164710134,0.0571122307456631,0.0195879565083621,1.6697571279131,-0.12327985447939,0.016544850629861,0.188206881675819,0.469716737290209,0.645040331777941,0.812606822772388,0.94785191843581,-0.698438068541773,1.06928093061657,0.931543650350921,0.734654678001654,0.477148840953585,0.305420129254759,0.165106835986412,0.0486703909976433,-0.0660841638410452,-0.085180778414255,-0.0578579115801372,-0.0622582920083899,-0.0350642431470514,-0.0213051774743758,-0.0102607495217388,-0.00054433291537709,-0.0420982307663039,-0.0997995304268473,-0.0387175572836026,0.0299119368271597,0.0303789531759753,0.00486632270301785,-0.0104357474952752,-0.0133228025957433,0.229728822155073,0.186550442058234,0.158458304561333,0.126287082333885,0.0968283620223242,0.0685484725195698,0.0396652700539029,0.0111788723251416,47533.0927212623
"648",-0.109319942615472,-0.0153647597446724,-0.016610107774958,0.090141591809529,0.101070224149065,0.0784530857109637,0.065537219821512,0.0215215164539766,-0.0127669981400454,-0.228603900072115,-0.0234480655808267,0.180550929203805,0.479889871683203,0.656039368167308,0.80221227792287,0.945007744326276,0.976835800902393,1.1684027830873,0.978141627939885,0.750928440490066,0.465618779587974,0.296678669573731,0.174493542218197,0.0512167509551867,-0.0612495898469435,-0.0733933659755603,-0.0600228643115348,-0.0691243530097996,-0.0409692362804075,-0.0217700935918183,-0.00438039885552048,-0.000882389138478403,-0.0948978472210609,-0.121741863485645,-0.0860697061808736,0.0298231294857482,0.0447411929022985,-0.00535534536776837,-0.0231526781298484,-0.0156485449810581,0.224117728209978,0.189798674628898,0.157881963575389,0.124407666133135,0.0981710015877333,0.0686234186883663,0.0390157480700008,0.0113336693409008,47532.4577877957
"649",-0.138069723515996,-0.0304206108115377,0.0176557750658601,0.0753021070842309,0.0939137285296982,0.068453721787435,0.0669006694435862,0.0168793771380221,1.22531174441454,-0.0179260188809149,-0.0312839898853467,0.217456901553172,0.484032408604136,0.657067919304075,0.799380824232898,0.947919711447999,-0.262276935393732,0.962288585726684,0.974530904788384,0.71506388035841,0.462922754255213,0.299256757257431,0.177332108193318,0.0488667661237021,-0.0472121258058744,-0.0729953419290442,-0.060174591928781,-0.061400883267189,-0.0315468871503777,-0.0251496718489769,-0.00586673523305713,-0.00140569973901038,-0.0489510499306703,-0.132566117039868,-0.0818592868553758,0.0365312415390532,0.0380219776051245,0.00251273808053424,-0.0240373299025775,-0.00847327356960107,0.231789781580454,0.189318051065343,0.154794528937377,0.129225144535559,0.0962829388568729,0.0682131251488484,0.0390067496346336,0.0113789840482108,47534.1426568519
"650",-0.167829030638017,-0.0701943210897412,-0.0852833022760183,0.10818508385252,0.0900852631182107,0.0812533339409255,0.0576923906285023,0.0180420067632753,0.314963187817315,-0.0481146959661351,0.0193682754280488,0.190185530389389,0.494571075388954,0.650363041536729,0.808694123820421,0.947193118229095,0.662323603146106,1.00515006117035,0.950923661056593,0.730623721523451,0.458148445733192,0.300486054686402,0.169560426797878,0.049381304594182,-0.0404933632859947,-0.0787784963165679,-0.0583771930559783,-0.0569894410059682,-0.0391960960009313,-0.0280989070885679,-0.00852445170804266,-0.000130268921851145,-0.0938671842679123,-0.100610648392609,-0.0332382040860024,0.0390903360863232,0.0224243188268133,0.00722757273040475,-0.0108994610733214,-0.0112472306657086,0.228633226309191,0.18378464976136,0.157262958676235,0.123318402565505,0.0969093926923991,0.0684919778875982,0.0397945859225277,0.0114719651439762,47537.8817284126
"651",-0.104044806819728,-0.0808853302453197,-0.0528535239466268,0.0964174419755775,0.0864101542625993,0.065893810142345,0.0691206351976485,0.0205935785794433,1.16598420561028,-0.0549200230260349,0.0100463986947084,0.192832091199637,0.507082349349503,0.658773337523454,0.810300672639181,0.946373256729734,-0.213502665895745,1.00686733786035,0.951972289472423,0.733472422552835,0.442634115502924,0.297665900572808,0.165943543709773,0.0500187654840388,-0.0394403138337801,-0.0685751770854116,-0.0703204603785933,-0.0648561944979283,-0.0402109564606109,-0.0285169548732728,-0.00712128116167615,-0.000903627616509891,-0.0625126503606848,-0.0432096614175389,-0.0377103057390547,0.0296364994944781,0.0421700383141956,0.0125898679130427,-0.0299436693292211,-0.0149358002176473,0.231098401970628,0.189290084350135,0.156821636787313,0.126031202832114,0.0973113580971656,0.0693977885035031,0.0402880628638915,0.0115092098623108,47535.7659572587
"652",-0.140731022200271,-0.0644138889770151,-0.0100294552516329,0.0607911302054144,0.0764058017171892,0.0822478215484784,0.0677887682536239,0.0163537797044275,1.03886951544121,-0.0948964689284687,-0.0874620553162308,0.239919428214882,0.492354038214128,0.652573923137954,0.802259401384574,0.946944086495889,-0.0688805018017618,1.04346536920545,1.03456422639774,0.695012787702366,0.462089746791503,0.298289705268185,0.174904435345037,0.0500753777125465,-0.0609992262180119,-0.0630378786152956,-0.0671704458329626,-0.0647032529158675,-0.0366985985691161,-0.0195717147966732,-0.00840017189522084,-0.000517419149300019,-0.0578409786402427,-0.0797754231815112,-0.023833318866171,0.0489858998496749,0.038485121332218,-0.00525103365378793,-0.0269455328807867,-0.0093447557141361,0.238513252788058,0.185955125120935,0.154345734536955,0.125948977438464,0.0981060654680933,0.0698101507113524,0.0404905158632295,0.0116042660401482,47536.1407381173
"653",-0.112328518004388,-0.0370404109392963,-0.0570906902890706,0.104149201011086,0.0946055015547479,0.0692938880603716,0.0643004431331076,0.0158010783960365,0.613489909203707,-0.161953488245858,0.0321062738899822,0.218061600869635,0.491448208378428,0.663714277609616,0.804466866605218,0.948660022379313,0.351456465913721,1.10682408280907,0.9311688475221,0.709562904086585,0.455206790877072,0.288936609671252,0.172537524531609,0.0491809118324788,-0.0561247061886805,-0.0733844374090351,-0.0632376807147325,-0.0611259387233719,-0.0294436623894998,-0.0248554267541233,-0.00635153130810876,-0.00122342130294486,-0.109409292822946,-0.121411201129298,-0.0381614381913511,-0.00172529432846276,0.0235941117957858,0.0218636336777896,-0.0184863707348089,-0.0126923216404942,0.227064516170095,0.190075290647473,0.159656554753364,0.12528967605677,0.0979717889147282,0.0699395506873251,0.040308746241097,0.0113160951205393,47533.8116573439
"654",-0.115337387598819,-0.0128917771827147,-0.038162715389787,0.0925610338460448,0.0976607526157807,0.0751906116548006,0.0658047339410139,0.0223400606550413,0.267621308291487,-0.169365693003995,-0.00341627658000978,0.202281031157449,0.479770017968203,0.65436192900057,0.800148249917975,0.945377051439714,0.695305004333232,1.10933369145311,0.961404723112751,0.728688636050213,0.469348756705726,0.298632118541925,0.177273991706117,0.0503882690997481,-0.0509487265045828,-0.0678010100478704,-0.0625328687780476,-0.0691854758827261,-0.0349564388684428,-0.0218629802344485,-0.00801059871395972,5.70199132867738e-05,-0.0965760715990442,-0.139027624000335,-0.0416811008595925,0.0116706497698688,0.0362116864285979,-0.00077911086024623,-0.0218048602068619,-0.0154745182948923,0.226774282136854,0.185457481337457,0.160753895407281,0.124548616759166,0.0969206966544048,0.070049937968134,0.0393618352310239,0.0114751491404914,47539.2659124595
"655",-0.143413057325544,-0.0324336257163021,-0.0473874744473406,0.0979429132464708,0.0893847691682473,0.0809099991740782,0.0656690208660656,0.017378901678482,0.376745291879553,-0.0613825486498757,-0.0144760209828887,0.205929826221408,0.475586161345663,0.649345222400206,0.801443606785233,0.948963890405205,0.600675887063252,1.00797481256073,0.974380776103089,0.723194064204889,0.474999325481765,0.302753977440504,0.174940457300074,0.0475044896789544,-0.0650798860050375,-0.0641626419294844,-0.0754473123980547,-0.0662217221842449,-0.0332194440268278,-0.0219235787239085,-0.00707146123578366,-0.00130339595605991,-0.0930410019966394,-0.141653786521648,-0.0129360135434971,0.0175926314543633,0.0333115504753266,-0.00908797175160495,-0.0137029956286165,-0.00854610003125267,0.226172781879499,0.186569423776372,0.158086429535472,0.12652281425556,0.0953040961942322,0.0707813781389815,0.0396766375477986,0.0109469417888085,47533.6855764095
"656",-0.153270178042592,-0.0291260267758455,-0.0568302894965709,0.0913929678043476,0.0892544869292937,0.0783593220188615,0.0495284628508617,0.0193372168012547,0.800339952664694,-0.0372450097487043,-0.0460337867069998,0.163352306835941,0.481274810094718,0.657593952227222,0.810002879713854,0.947490779682007,0.173620291457519,0.977075572372492,1.00696949532721,0.76701262510663,0.470672754840398,0.294500293901095,0.170546797127336,0.0487949506727134,-0.0549819528753324,-0.0709064458993524,-0.0715101724568878,-0.0622313679582904,-0.0366826732894128,-0.0232656729539683,-0.00733895446577129,-0.000268534160438489,-0.0823229328563544,-0.0866843466272421,-0.000134152983504159,0.0215214930722068,0.0321611330374287,-0.00270104571325799,-0.00861061727645777,-0.0120202187345254,0.229383835511781,0.187377281793004,0.157716662876262,0.128505915555538,0.0959056729040957,0.068218140092206,0.0404113836728552,0.0112669538881334,47539.0009984689
"657",-0.122434825846066,-0.0457996164898816,-0.0814558938788578,0.0733747200633977,0.0958678577178277,0.0658197869399115,0.0583348576793297,0.0163968326776499,0.177310070695659,-0.144112032913632,0.0535445731709482,0.207996280159346,0.492559806284604,0.668457631047301,0.813955366027556,0.948043671887208,0.788559604314105,1.09330423897769,0.914474923977561,0.723847785896471,0.455025811861199,0.28831041858544,0.163968016109757,0.0491193704714317,-0.0526301281195824,-0.0823245305163968,-0.0718240799126855,-0.0610511659832046,-0.0375901563094118,-0.0313324267089824,-0.00819357852079112,5.90452937597071e-05,-0.0854301388228797,-0.102848721458218,0.000731781712144853,0.05096635689301,0.0278031624550583,0.00518578302355926,-0.0188059621119429,-0.0123680752270525,0.226729155129007,0.183243731866516,0.158858585870082,0.125314005567247,0.0961355277171032,0.0697572205593476,0.0398520432216304,0.0113756981851722,47537.0213635391
"658",-0.186874608913969,-0.0548696841616376,-0.0156127141259793,0.0932752004302718,0.0984006179940413,0.06597001683422,0.0632209225846517,0.0176562778089745,1.46597333531367,-0.0270327461501541,0.0219478664961829,0.200824628315559,0.50366140251668,0.669654967202918,0.808894526755915,0.947679961924731,-0.48430894022565,0.979280566326743,0.928679751495375,0.731019929022224,0.447508192308055,0.285008592729883,0.167513354127928,0.049067552235469,-0.0726357910964388,-0.0723815783787834,-0.0672264961496671,-0.0633566391121363,-0.0416025804109956,-0.0220618529544173,-0.00688046984271673,-0.0013663357709713,-0.00494722031735074,-0.120287477508943,-0.05159783609711,0.0152954324424588,0.00658600071496698,0.00533998995683521,-0.0179160384801889,-0.00885362139253217,0.22714458357819,0.184659893541503,0.160060963764504,0.124652519270426,0.0950190658437807,0.068204386823605,0.0400809647605825,0.0113007906108283,47533.1487489298
"659",-0.103437356620417,-0.0336368544059822,-0.0546727540775066,0.0723228354904163,0.0969302612221098,0.0865880388484939,0.0611127258860173,0.0174295287657968,-0.349025412804606,-0.0859322338361764,-0.00210244905939469,0.236764541646211,0.487025921217345,0.645453540676346,0.809858778742396,0.949421993757366,1.30317412059486,1.03522800373668,0.964272241164222,0.697294394852816,0.464604582746664,0.305393585824488,0.167214981497925,0.0473603618413484,-0.0509984625083418,-0.0636948407050272,-0.0691625878890831,-0.0643369259692314,-0.0349174006500738,-0.0250075627818107,-0.008202906373657,-0.000460536597245254,-0.0778889965995057,-0.170359874639716,-0.0249541135707261,0.0327952709795405,0.00649776458995113,-0.00624789432993137,-0.0137255114597792,-0.0116003469143016,0.233166477321048,0.185566525863073,0.15702657285755,0.125235573152835,0.0978749552587228,0.0697812885732455,0.0394134237176327,0.0116105956807014,47541.5315757704
"660",-0.145227623109113,-0.0227878797856388,-0.0533957795367511,0.0769816040911101,0.0985253848961483,0.0694124942075372,0.0646556034264814,0.0148301437311283,-0.169523939498254,-0.0842073477545818,-0.0675232877376893,0.206742344048428,0.492331312409839,0.65637821303739,0.809030629919752,0.949130615888903,1.14397045114847,1.02628683940951,1.03249256687726,0.723087046020616,0.458448785260194,0.298727826825406,0.167638454012536,0.048372089919237,-0.0746838499767399,-0.0615306097954054,-0.0679040500188706,-0.0588498001331614,-0.0373586187262344,-0.019468899003047,-0.00773375027848507,-0.00149024272640537,-0.0729425026626144,-0.13128947948037,-0.0348946982293902,0.0444148716509593,0.00773601943565702,-0.0045210205541794,-0.0224497858411081,-0.00795795107825657,0.228032581723628,0.18724753005002,0.15586581666295,0.125708463076898,0.100771702635092,0.068522232781509,0.0389582923450975,0.0114985304556311,47536.2650617814
"661",-0.131603863935467,-0.0562390366911477,-0.0690687914664904,0.0974589868788678,0.101386301622053,0.067742984335192,0.0645675815385108,0.0192035974255669,1.68103717581025,-0.125173278835166,-0.0401490331146328,0.208960754215622,0.505068911160203,0.667410487219023,0.806277952255027,0.947302333312545,-0.711790320158465,1.07543758222907,1.00647499911206,0.723730788126548,0.439426208193738,0.290888383746184,0.170736093053881,0.0489565980436408,-0.0567627648321309,-0.0764193955494272,-0.0653689501488087,-0.068837246855879,-0.0391585840395974,-0.0241886139038242,-0.0073217657569124,-0.000700331630468643,-0.0833978700262291,-0.102829076305775,-0.0306889100978566,-0.00337851090100132,0.0387670868161636,-0.0193295636052752,-0.0236281397890994,-0.011119308654614,0.227275890567862,0.190236199332465,0.157571156577503,0.126743456271169,0.09662225168379,0.0691262772255489,0.0390404171337403,0.0113673893495948,47534.9615566707
"662",-0.147458504568537,-0.0099728194455813,-0.0170314862486699,0.101429748235778,0.104220151709288,0.0769752269576309,0.0620511613935041,0.0196152519848709,1.46438073331639,-0.0633038666436785,0.00931352496618199,0.213252560867788,0.482461300734484,0.651145587596337,0.802324093945783,0.945664023025817,-0.490346316673198,1.00482958853223,0.940908404469805,0.711013043077416,0.464648856201115,0.30125549696266,0.173530125489921,0.0509357617490925,-0.0685684473636258,-0.0654669897715065,-0.0644064204388851,-0.0548843607371763,-0.0455311487231706,-0.0232584015035041,-0.00336773329303591,-0.000435943500407299,-0.0695242491014926,-0.155101206734439,-0.0338100995721391,0.0140076721368478,0.0269375197842979,0.00448718761829582,-0.0113346321753617,-0.0127454107024951,0.228202658587606,0.18923782007319,0.158181767545271,0.125345148762081,0.0982274027756052,0.0681899958761929,0.0392856818796537,0.011505137362871,47534.2483744418
"663",-0.174881125844387,-0.0125853548695077,-0.0695762972540342,0.0270298889628505,0.10433540782316,0.0859289621268576,0.0523351301276164,0.0202393980181673,-0.198236235461772,-0.166758320009718,0.0463490621671848,0.238952980211878,0.477086344923282,0.664770020173037,0.809025847663811,0.947515010040382,1.17679133035604,1.10487450000976,0.914159715124723,0.701999873968016,0.469770542939161,0.286307472378115,0.170729471696707,0.0483679817071402,-0.0490995658432648,-0.0694849758560282,-0.0536352949703233,-0.0771568645865992,-0.0352065449071113,-0.0212816048762783,-0.00883047619939932,-2.52132169522149e-05,-0.0726137017526713,-0.129139684302531,-0.0101372930240391,0.106359792714766,0.0253866555836501,-0.0235715475845594,-0.00844660820745445,-0.0127796824318398,0.223392082673075,0.186878926803754,0.155881416944792,0.127202893512651,0.0970334871833841,0.0691017556594228,0.0399849139350005,0.0115328292527428,47527.9482479567
"664",-0.125134686749964,-0.0365679991688198,-0.0328688878806074,0.0802853012753409,0.110715503577888,0.0813663795946392,0.0541722789964153,0.0189783187257808,1.12327190064566,-0.0998957770324086,-0.0163938259189235,0.216242886056631,0.469031833226621,0.65398806047432,0.808639377595149,0.948406520787619,-0.156013798885418,1.04362169012006,0.973328357957222,0.71723350414478,0.478122912701935,0.300021348162153,0.171022771452875,0.0482118061026979,-0.0572406687642034,-0.0619320035252234,-0.0673064127125164,-0.0630082369943187,-0.0343804576740262,-0.0247451411599143,-0.00885214045954034,-0.00011775769568609,-0.0840230941022769,-0.11645618114398,-0.0398000949758463,0.0203727106269597,0.00759736229352241,-0.0166635746232433,-0.0111017530900349,-0.0157372601438517,0.231099593404632,0.184469369325991,0.156627961123246,0.126745956872955,0.0993912040782287,0.0689783142552274,0.0392135937577631,0.0116065213267232,47541.7781871464
"665",-0.160517327614359,-0.0382742179297845,-0.0215010864110203,0.0514826407985722,0.0590148125439214,0.0796046911158132,0.0605367652656941,0.0156506263327547,-0.321049221860878,-0.0646032241986919,-0.021278877502351,0.243878958080698,0.497229099878561,0.650373129240267,0.810298371477379,0.947653526667346,1.2988395375996,1.01447070608926,0.975241705200069,0.696786122018893,0.460433313240728,0.302203782964884,0.168505596303709,0.0493095348830398,-0.0411989246486415,-0.0714777897486641,-0.0696324629080007,-0.0690910707804388,-0.0429803180939398,-0.0191380335219412,-0.0090038961253055,-0.000935616368164251,-0.104238242052873,-0.133133512953616,-0.0370765002504256,0.0471054196850126,0.0506272792472044,-0.0100200724419188,-0.0229083530675179,-0.00741832066993117,0.229612837965992,0.185851546166638,0.159796027460501,0.127576706081253,0.0991143008102723,0.0697510536505677,0.0395395601041978,0.0115119205216614,47530.3027270069
"666",-0.134710757247946,-0.0540617107911001,-0.0397777116559124,0.0871031899426097,0.10195669126462,0.0785485980431132,0.0632166013996122,0.0192700655775047,0.773483329851959,-0.249793868944021,0.020050236761958,0.203658606302644,0.503850115113069,0.647136317183715,0.81350385283065,0.947314709970248,0.195569535898551,1.19674802911655,0.943074670756345,0.726834681327284,0.443540486120276,0.305598342201055,0.162669375518914,0.0488625097069352,-0.060058314499749,-0.0604441257490388,-0.0714253941901751,-0.0680663920923247,-0.0386181399158311,-0.0241977295053881,-0.00627762375636044,-0.00123686312933465,-0.0819439358347339,-0.109347747370079,-0.0656929575835899,0.0315616739682516,0.0189270442407869,-0.0052198720260267,-0.0192308459370963,-0.0112874493559206,0.233705046509311,0.185719656517555,0.156894425498957,0.125679624483525,0.0976673111039604,0.0701132238202007,0.0406210059593331,0.0113237978663399,47534.9399895067
"667",-0.138945477320063,-0.0695559250609624,-0.0512169474156033,0.110681226121773,0.0883623641576023,0.0705363688033186,0.0522274398153706,0.0154124337939524,1.36646978371922,-0.115585714717997,0.00635553037101073,0.203850238717088,0.484622051345994,0.666472837635743,0.814062271932146,0.948794715351557,-0.395671851079167,1.07130504122667,0.9553420356919,0.722809016741976,0.464829820036477,0.28843287929602,0.166217856125119,0.0482210184732935,-0.0512138244397297,-0.0636283675032027,-0.06678887013492,-0.0627672306095417,-0.0387800774038151,-0.0209763744072128,-0.00688451113987666,-0.000279737949687308,-0.0813109907115345,-0.099703986415829,-0.0339170958482136,-0.000687921214245012,0.0434774919009044,-0.00752288761684343,-0.018614288941289,-0.00757583165574063,0.230354549513081,0.186142687832031,0.159190557143562,0.124227881116035,0.0964786721476713,0.070155635061264,0.0397688087273304,0.0115368222941094,47538.3108669502
"668",-0.139025430735842,-0.0303706550374437,-0.0563961908618521,0.091709205950745,0.0925426044076341,0.0755996473012681,0.0718869644459111,0.0160400004690699,1.11920290545509,-0.124406053728965,0.0387104636209006,0.239659964420794,0.499545005117278,0.662759520459472,0.804109376350917,0.948271775972905,-0.148424277123633,1.07159321914027,0.919739971872438,0.688177759604543,0.453725651377889,0.287134844255153,0.171184131425031,0.0492129670346713,-0.0374227008669551,-0.06615009059916,-0.0658223881873062,-0.056482386801769,-0.037125971096304,-0.0252442240836206,-0.00871921463464763,-0.000886656500329216,-0.106054601007069,-0.13615997244608,0.00998430603144315,0.0179360867817983,0.000925638401887677,0.0203423103636598,-0.025826971834456,-0.011176894976712,0.232610981269289,0.181957717808525,0.156369805051348,0.123651322787393,0.0996721722882265,0.068650944661919,0.0399058914610997,0.0113084694110107,47530.8538357011
"669",-0.150190235872341,-0.0319293692285023,-0.033901092349104,0.094124211784921,0.0826086784704026,0.0841031785567367,0.0616572568490858,0.0173038291801096,2.11764252999394,-0.0992166386086091,-0.0423440030233998,0.227894522425069,0.507239036166429,0.654598693091925,0.808772527650157,0.948324120811394,-1.14485413405743,1.04190513163269,0.999933193673296,0.70196892227504,0.448152746323641,0.295428914415809,0.168812545173099,0.0485222977612012,-0.05119702151488,-0.0693093330895101,-0.0478042920586894,-0.0619988801643438,-0.046199671134861,-0.0267521429726741,-0.0082458621005691,-0.00104573540558993,-0.0817406594789239,-0.0954033670095749,-0.0646737847837832,0.00397470725033838,0.0188522429332448,0.00171563824391379,-0.0198910522348673,-0.00994373093043596,0.228212660440063,0.186046279278871,0.158491708424908,0.127313920905134,0.0984088576667602,0.0693821787471795,0.0397056976693522,0.0116033826272311,47537.0587760709
"670",-0.113515419853904,-0.0746993630060876,-0.0410901942670887,0.107677673995462,0.0856721250008648,0.0765225808821799,0.0638545132199523,0.014648324776621,0.143851587762722,-0.0294735888983184,0.0529120952626023,0.214210771529506,0.488130474390445,0.651723538776338,0.800673901921735,0.948594836908725,0.826789222608016,0.984013922191687,0.907609254840114,0.712370877840573,0.465227891113383,0.301006791475676,0.176989525606465,0.0490982311917303,-0.0414479941670956,-0.0647271616338253,-0.0615140302481579,-0.0616627880070506,-0.0373405337239107,-0.0214516796076022,-0.00616961080127921,-0.000583492433441805,-0.166748439316154,-0.0916248024226086,-0.0543663168404016,-0.00278593702101835,0.0259557137863474,-0.00733413865180833,-0.0242186500707181,-0.0101728103334199,0.234698769121,0.184452159739556,0.15676960519515,0.127630741745999,0.0966962040254622,0.0707125182391136,0.0399938360688693,0.0116347007498756,47535.2112275458
"671",-0.0943935099190975,-0.0587974158280505,-0.0155902162490089,0.101621903189024,0.0867239077708226,0.0679499004222429,0.0612690813683792,0.0145206683445405,1.09867886865121,-0.12159178923685,0.0626724648734706,0.203400152052129,0.495207799733585,0.663004202128258,0.809953382358638,0.949222123839782,-0.139886102704484,1.06915376562941,0.891823003008939,0.722794786899975,0.456119496708974,0.293509425159427,0.166939782911639,0.0479942913417825,-0.0573671500865648,-0.0643193162613436,-0.0742713102100569,-0.0651071870355298,-0.0423287017272347,-0.0229525188839792,-0.00657877717667027,-0.00163064804094583,-0.0997015546558232,-0.0890649642880115,-0.0598207886739117,0.0136458682013953,0.0355748334600088,-0.0027535153060529,-0.0165532546795946,-0.00580387774742399,0.226222361971765,0.180536640415724,0.158745680396877,0.124108883160201,0.099688348278664,0.0702717960564041,0.0399664899142156,0.011399289506503,47534.5474795103
"672",-0.100808760035494,-0.0531884077387153,-0.0449781667447113,0.0648314372737159,0.092277194954346,0.0707547737483609,0.0632114860052322,0.0186919718434147,0.832444877769548,-0.203172602620061,-0.020435784386297,0.256356833318727,0.492860759465856,0.654577300501248,0.804884907656863,0.949796579427682,0.12403132919048,1.15935332215788,0.981033924005937,0.677764562712857,0.453921048629501,0.300426260202595,0.171790383140944,0.0465293076567952,-0.0465285291854068,-0.076257044859329,-0.0582739227582899,-0.0557283992869027,-0.037750077056154,-0.0220582259041789,-0.00610690764022146,-0.00059280774837602,-0.0880163099697079,-0.141574277995486,-0.0545389212744466,0.0332171543618687,0.0496621767246074,0.00171859266791885,-0.0164750684145722,-0.0129051629440728,0.230638734768577,0.186004213087445,0.156015181809766,0.126372792391412,0.0956950841755572,0.0683341220557214,0.0385558014324847,0.0113854938747983,47534.7048682357
"673",-0.0955867986276873,-0.05110095878337,-0.0464194311731494,0.0657920668420123,0.10821320864638,0.0793176815731486,0.0686924300920163,0.0176089090540849,0.951379505614533,-0.116387093697647,0.00368713480312197,0.223691552258878,0.50690866421315,0.654623050207789,0.805788947530539,0.948075873065341,0.0114368029387414,1.06376598329891,0.958110646216533,0.712615756163276,0.439586372199775,0.296490808586634,0.169990304018818,0.0485898011069873,-0.0593261534842778,-0.0920342217638777,-0.0708166765726985,-0.0620485646328694,-0.0440303289326574,-0.0231229323626574,-0.0074565217413224,-0.00189477777399539,-0.113514016341833,-0.0644784227470463,-0.0486143321207646,0.0210642952711383,0.00659331076105493,0.00730617180987136,-0.0202126956477888,-0.00946810058100962,0.22831250237926,0.185834867296782,0.16012985318692,0.127283317508836,0.0983508198984484,0.0708498557149051,0.0393589474686296,0.0113559020407381,47525.7541722469
"674",-0.0995650426941906,-0.0725997584761438,-0.0592595801906089,0.100844113394809,0.106924064570508,0.0799916364951767,0.0499061809173932,0.0171192672971617,-0.40059300047335,0.0478086191650956,-0.0179190964668526,0.188521050018934,0.486079989911357,0.659032538129712,0.811786831550941,0.947423318805854,1.36518519425615,0.898216019959555,0.980456369927961,0.735470502949198,0.459839938275238,0.293920086847664,0.168650659155193,0.049703291515125,-0.0577063069293333,-0.063734528600738,-0.0508406840756206,-0.0544055004365692,-0.029510989789483,-0.0271420774011787,-0.00830013041932072,-0.00112097325694363,-0.128474741151948,-0.0452870833660978,-0.0344554256047498,0.0348217303542689,0.00681030909943051,-0.00995343613434829,-0.0105305225251263,-0.0111327611779165,0.226962647315492,0.179756723778648,0.157965798705736,0.127714449306898,0.094881357144856,0.0705572876146938,0.0401450278414211,0.01135750221211,47527.4135572747
"675",-0.0842502963714764,-0.0158669605673185,-0.0658366943795836,0.105852216296887,0.0992898950658444,0.0780103444811635,0.0580083130678438,0.0198931944654263,0.906670201182183,-0.174960179593022,0.0298891731354178,0.189609023078688,0.492352488716095,0.661364684896487,0.811640542343997,0.946050559448504,0.0568164773248188,1.1148757555792,0.935843065579906,0.736914132782425,0.455457697714598,0.291880257986156,0.164449051990405,0.0508757000256304,-0.0636087699443661,-0.0773642541240896,-0.073323840493308,-0.0588880531473185,-0.0386654636002294,-0.0286148039728977,-0.00816975426065042,-0.00123862229907999,-0.14340647710644,-0.130843266220326,-0.0159256355130111,0.00984008104996624,0.0273276536868368,0.00118804054118152,-0.00400938143026299,-0.0150923549242542,0.234570069758534,0.183921129575122,0.15867593282136,0.124789151236117,0.0986241109704901,0.0694330845414994,0.0392458811945969,0.0114366806858342,47533.6483592389
"676",-0.119907309171539,-0.0756640180244424,-0.0226423276398788,0.0685848612548656,0.0857330608651259,0.0720087132576726,0.0573091447732899,0.016685963170834,0.441732396040682,-0.0869816487659094,-0.0279472149322344,0.214746940615082,0.519124966679294,0.664062137478569,0.810517433412303,0.947387678339081,0.525675825694437,1.04413504175687,0.975410018613153,0.721752080536938,0.433412638666859,0.291467291341409,0.166964284031615,0.0495500436164986,-0.0496943630964763,-0.0763517642574892,-0.0668208619009455,-0.0666422340076807,-0.0409392831507785,-0.0226815451197737,-0.00965345789229576,-0.00125471806382878,-0.112446410989937,-0.100151895468081,-0.00150090360303923,0.0215700511029043,0.0185784146517497,-0.0079502887834551,-0.00904221204556015,-0.00858727356498456,0.232452870579744,0.184412450367602,0.159726884271237,0.124025260773531,0.0960975821956175,0.0710902003076266,0.0389030460013022,0.0112937707610437,47535.7106582707
"677",-0.127042870794775,-0.038303558832424,-0.00197122173064507,0.106972717764036,0.0960372645226281,0.0860800458885484,0.0611071946539593,0.0193580990706348,1.90150948349319,-0.107807359048547,0.0279911056928799,0.173464387980156,0.489364345643112,0.645602639795748,0.809362036561785,0.948956843973306,-0.932800479206499,1.05576978158824,0.927412844141932,0.752033997358179,0.458403065869772,0.307499249698835,0.167471545738116,0.0474448453870846,-0.064085027411114,-0.0674034950528107,-0.0711921200968281,-0.0619901416874144,-0.0354782117309995,-0.0224772406133907,-0.00840222620290325,-0.000747435032573253,-0.0884658091276905,-0.123957856300818,-0.108206859010889,0.0220099327489744,0.0410197183412547,-0.0150204209519309,-0.0134458474918911,-0.0137885575014075,0.233296124683268,0.182605636590695,0.154499605736248,0.125337861084718,0.0983195130991861,0.0704961698395313,0.0388544388780159,0.011425765215522,47531.9478869588
"678",-0.022956746110987,-0.00228359421159587,-0.00988967107198656,0.0543994554596195,0.0925737810835867,0.0861992525360305,0.0543811814452234,0.0163887691648715,-0.362281258815566,-0.106159653840636,0.02054452297403,0.262290865625781,0.489398475443058,0.647561942938703,0.811085808332478,0.948669724674639,1.30060782170206,1.04612504983685,0.930664608396816,0.675822322359466,0.461293235028832,0.303630397618665,0.167391635854287,0.0479456510627174,-0.0343742981928672,-0.078954918316226,-0.0755221247319053,-0.0614159625172385,-0.038396089013738,-0.0176392661075902,-0.00879013884938337,-0.000601615906229735,-0.186097065120359,-0.156807094659819,-0.0456074619843735,0.0308321861924237,0.030865725533867,-0.0231492381316096,-0.00904042911972942,-0.00843424255376474,0.228540960344019,0.184785310734608,0.156158600272376,0.125214595106554,0.095487128163563,0.0690692422567513,0.038596321889055,0.0113907960293421,47522.3783262136
"679",-0.172288272392047,0.0161836509764456,-0.0569778401902364,0.078067471286248,0.105664749209864,0.0731469813927682,0.0733414007343886,0.0195585524958456,0.911598776809408,-0.137809404019036,-0.0797425978778112,0.271763221273796,0.476586645755679,0.662047122855993,0.799145276028535,0.947260695832813,0.0686946859700983,1.07038492704863,1.04228086979728,0.659863488105945,0.473361093761401,0.291344385749733,0.177250024448792,0.0493116638768744,-0.0594698480797601,-0.0703097744718805,-0.0751369591331036,-0.0663190435491016,-0.0419081487677359,-0.0245208196292161,-0.00674103253915603,-0.000718956063649369,-0.0665333569312215,-0.154366400586743,-0.00476184786658218,0.0288379573783128,0.0171918923035143,-0.00286505702373552,-0.0356929466173523,-0.0141858765184751,0.227689557418397,0.184831542168852,0.155067757443556,0.127407249546399,0.0980398113971105,0.0703106718562183,0.0401089309860647,0.0114697020164063,47532.1900271125
"680",-0.147850391196934,-0.0368899178890124,0.0021705354734443,0.0992959804101068,0.0746629884502071,0.0761820562125712,0.0509833964803258,0.0190641594106787,1.59182268475884,-0.0328070652693251,0.00286078218059816,0.171942029978828,0.497429805742467,0.662423051684049,0.813083323807936,0.947263677545251,-0.611780725831112,0.976835943726519,0.938957176276839,0.756755371136407,0.457099456290171,0.289920058484964,0.165928968637398,0.0490428362675297,-0.0525999985444414,-0.0678730355115748,-0.0462020497420453,-0.0619787808274533,-0.039278124504176,-0.027368089812338,-0.00628151761167871,-0.00102442226915886,-0.135877845656034,-0.116299296541413,-0.061019589007682,0.0148091675599043,0.0491483927117943,0.00451088668282117,-0.0046252247997447,-0.0111080197590969,0.226704587855766,0.184692204510752,0.157885887954176,0.123613679569387,0.0977165557336791,0.0701409084665495,0.040189453737753,0.0111151174470901,47530.7555749365
"681",-0.167567651147947,-0.0367171387567634,-0.0340163714073228,0.0916534330944767,0.0797804135556231,0.0744257749455535,0.0666402724867134,0.0211722900764364,0.109681496682798,-0.0642522335318605,-0.0112704455916582,0.218549690475596,0.490401437683392,0.646622309203152,0.810319309964592,0.946686690371182,0.868236825198818,1.00987797572111,0.97206184551095,0.70983654655724,0.462260527868871,0.305508456252522,0.166489897324758,0.0493107462408491,-0.0658206902776569,-0.0562783552944162,-0.0656075886193669,-0.0681878889451395,-0.0378360375756641,-0.0244047185451822,-0.00818618341070666,-0.000278839679367985,-0.0463872543441409,-0.122859938387254,-0.0580887890194747,0.0248089445179191,0.0467645619954679,0.00991581664966034,-0.0259184906961744,-0.0156553033290808,0.230451879622071,0.185722349704221,0.157253658479654,0.125262737724264,0.0983628557271354,0.0688295628858891,0.0403253359532423,0.011542127732791,47538.4302964375
"682",-0.16104598990295,-0.0270826600760427,-0.0491730832571805,0.0849663416371933,0.106547230265352,0.0770548332261848,0.0664491133975601,0.0183658731902473,0.473462823306659,-0.0571929604539654,0.0117362191424942,0.242841177040005,0.482312060151922,0.668930409795274,0.802637053802113,0.949216204733861,0.503717059929176,0.99954099195356,0.94510606650134,0.687261362538012,0.464379808746247,0.285207441179495,0.174901182945886,0.047289432150991,-0.0546676830816455,-0.0670641686674288,-0.0514800774964936,-0.0684031211393744,-0.0425488600103161,-0.0298087668713397,-0.010396873470626,-0.00129173559025569,-0.0759028167458166,-0.130964441256852,-0.0434799317663273,0.0204130064069998,0.0266334156351735,-0.0109534574064351,-0.0222689510387956,-0.0109072562096595,0.22953356071134,0.186140655910106,0.155948305478688,0.129406095148809,0.0951516832913153,0.069357342849439,0.039788651530087,0.011465526198236,47531.5416594568
"683",-0.127179778993968,0.00118594476785904,-0.0661434441756783,0.0958714633034589,0.094031700708422,0.0774359134809688,0.0603629919495722,0.0177091421431589,0.977288823826676,-0.14888142690398,0.0113893711136424,0.208333611123941,0.496093118923936,0.661408283075285,0.807967849528209,0.947485353909129,-0.0118190956839796,1.08124936789368,0.949494894679533,0.716503660755301,0.45197805674332,0.294391273214301,0.170459183608425,0.0493180113622679,-0.0497840813295908,-0.060055239151783,-0.0649458066908013,-0.0638932598370177,-0.0295725216498677,-0.0247705775758701,-0.00697413099827563,-0.000305359772897911,-0.0882324257111338,-0.121932938947697,0.00103262367816042,0.0498087416968436,0.0142880193599624,-0.0194415145750016,-0.0241301827875248,-0.0124267975122156,0.224342746641856,0.186469024906396,0.154689583535983,0.1263177300813,0.0968080850893181,0.0705442305327587,0.0398976703632402,0.0114032776357548,47537.3516720412
"684",-0.108410445071286,-0.0294857383561634,-0.0409551983220951,0.0502525754947627,0.0791881813815171,0.0713944253224755,0.0421965982623704,0.0176368674196883,1.2136996816474,-0.164045797122832,-0.0172007943218566,0.228019817033932,0.485733115729936,0.653581876747292,0.813112744826684,0.947072713154182,-0.256864411238276,1.10713980257099,0.971810526026492,0.709260769754051,0.468702158686555,0.299011348837038,0.170292078988863,0.0500871311446752,-0.043006673811653,-0.0633492596214756,-0.0638023237767165,-0.0753078503840246,-0.0356587006510249,-0.0190196011865123,-0.00988123533655058,-0.000659893121699265,-0.0970067629531118,-0.107647090034043,-0.0123243641937287,0.0768593736503973,0.0330489522570247,0.0124706507843841,-0.00802519707689732,-0.0124023568745437,0.232280532226714,0.189226723719064,0.156052877481962,0.126889649250199,0.0967557890739725,0.0690710320391172,0.0401205555522552,0.0114028662513444,47527.7236301737
"685",-0.126665080726348,-0.0367523446242601,-0.0613180048288346,0.0965102792136687,0.0934680847604954,0.0776405817316322,0.0629987316617318,0.0171387599113255,0.83578557858031,-0.153527104692915,-0.0504301920794376,0.213285125478525,0.478574444774426,0.657653411736052,0.804730111877456,0.94659213268239,0.131997254424339,1.09558143262421,1.0097456908564,0.711410587247866,0.470024291797864,0.296237637204645,0.171965446342294,0.0498867638073027,-0.0493613728777776,-0.0677177204493248,-0.0724010579828863,-0.0693929711222072,-0.0351305573040111,-0.0268774073294363,-0.00730668108021957,-0.000303078888387252,-0.113378101949929,-0.102616325908575,0.0317732605433965,0.0397476131355979,0.0410488380330318,-0.00589371551046742,-0.0149649981725297,-0.00914784679160006,0.227810381948441,0.184649665596257,0.15857395593267,0.125384119946385,0.0969144122800099,0.0699104155361399,0.0394998375678885,0.0116723720702521,47538.4119017535
"686",-0.100969864757667,-0.0402117953917196,-0.0320884585830161,0.0807407948281463,0.107728463870372,0.0837117057108209,0.0606947691277416,0.0162132270393818,-0.269615856545493,-0.12378657726117,0.0208452170009668,0.20876784107107,0.502311356212603,0.652088391309422,0.809625699315985,0.947961921586386,1.2264793592943,1.0704700915221,0.936926629267814,0.720866860880392,0.441633453333186,0.299694318952386,0.166188044435975,0.0492899273852351,-0.0442383079891096,-0.0637673143300414,-0.070523518460982,-0.0727862804245916,-0.0363319467706768,-0.0242616382975904,-0.00743262389284438,-0.000263150160231427,-0.105651613226851,-0.102716193050077,-0.0627935688112286,0.0600974973059637,0.0152539346383533,-0.010612205678756,-0.0111150856874203,-0.0114160236294725,0.228953762643884,0.190986837946892,0.156674402033751,0.126308705743342,0.0963677499220728,0.0693140801117224,0.0402616853295508,0.0116134443465501,47531.9281559964
"687",-0.134804415240689,-0.0406343146759357,-0.00335458541255361,0.0577149669640103,0.0879000984497355,0.0856446638006613,0.0606144410856927,0.0179330058699152,0.326372593916697,-0.075947444518344,-0.0137914276101109,0.228100265718301,0.501880755321405,0.649101432395911,0.807318059294759,0.947299079232907,0.648847023787807,1.02355173919402,0.961266074822137,0.712599942690892,0.449456190147485,0.301427193264739,0.169957187974814,0.0491458306385428,-0.0646237196423021,-0.0611482712800538,-0.071891541589283,-0.0708868755620252,-0.0372600652414049,-0.0206013945324971,-0.00829967567543501,-0.000737051993324305,-0.127253893657094,-0.134900547198949,-0.0340435566927342,0.0334741181844672,0.0270252188721236,-0.00788620584398746,-0.0128888366517169,-0.00913615593952051,0.231757807667817,0.185973021696778,0.157406091069624,0.125562114136571,0.0951198606961981,0.069121473926195,0.0400504881225678,0.0112983567487686,47542.3165029665
"688",-0.138580950895619,-0.0247106978328643,-0.0441639977610042,0.102733969181368,0.106417238406022,0.0624419511506003,0.0660102585702096,0.0158723621981855,0.288432731501586,-0.138484511933997,-0.0108896433458945,0.191528218071901,0.490397428896355,0.665097458739055,0.80089552893747,0.947459993011949,0.681407765521343,1.08056387205552,0.973403704068477,0.734874028423372,0.454640546020743,0.292312791383652,0.177286599609647,0.0496598129947471,-0.0574720715751169,-0.0586151909250571,-0.0614910772190389,-0.0591602384526027,-0.0384237736094355,-0.0301897368404684,-0.00949017973553614,-0.000643215203356537,-0.0743454117657676,-0.125025696908518,-0.0687919791166305,0.00722206154604788,0.0274367914405771,0.00711227816038098,-0.0266084713945659,-0.00802495311492015,0.22780434027135,0.185992582562195,0.16047662616261,0.123212031018703,0.0983468762973197,0.0689601706661289,0.0399547423661827,0.0113344878295321,47537.6064128188
"689",-0.162644140153559,-0.0176784012249921,-0.0437512139857754,0.0602804900268646,0.0990820701697127,0.0738611090091884,0.0585988027350617,0.0183273498667365,0.484144898564911,-0.160880226687743,0.0120123218517665,0.223090838186022,0.47302159303654,0.656216578094617,0.808970916604251,0.948392374095245,0.486060222486182,1.09667478506976,0.944113322093638,0.713928379177491,0.475162499482768,0.295755137532092,0.169353520835839,0.0485043800484409,-0.0513689494053911,-0.0548587583205636,-0.0716442345908477,-0.065544188024165,-0.0343328872083688,-0.0202586288680828,-0.0079736925149239,-0.00119582685667261,-0.0347747738380348,-0.125155422036151,-0.00888669194317103,0.042591135713,0.0249487417023106,0.00735183515226289,-0.0169767750759271,-0.0133383170030493,0.229756017231882,0.186059577830146,0.153022026651977,0.125974992380051,0.0967130682143621,0.0692166397166533,0.0402063023972859,0.0114122233598306,47543.4134354996
"690",-0.107889721729486,-0.00655809695226811,-0.013692886491648,0.0728433085343899,0.104024082862764,0.0764019357012006,0.0641228618881328,0.015699626735956,-0.211949689132428,-0.062611020672906,0.0191240443872562,0.222645336359725,0.482000447389819,0.65812323463718,0.805160906665428,0.948528679832095,1.17264844644327,0.998610426197833,0.933065481447168,0.712134873102763,0.466517658533386,0.297512951154523,0.172048176600397,0.0485277538435304,-0.0464957837135469,-0.0579387784802972,-0.0648622864765805,-0.0757363608527434,-0.0388915246521365,-0.026192237796176,-0.00462130712791876,-0.00119511359065536,-0.114824663454773,-0.133031742206771,-0.0482277450894679,0.0436986436960699,0.0171202069170179,-0.0151216423640358,-0.0245572234893975,-0.0073795080229923,0.226891859653985,0.186791315571255,0.156406341421859,0.123514998605621,0.095581442209723,0.0702060825140493,0.0400552311553861,0.0115829014215988,47537.8010589869
"691",-0.154939527095375,-0.00612923186089252,-0.0632872186924486,0.0816872081187666,0.0863493789300248,0.0641830537610141,0.0555291576128522,0.0155165959859764,0.796652829822983,-0.0949681610427608,0.000705543690836296,0.210937025270595,0.49903279022693,0.658410443990475,0.806315725433596,0.947540432058198,0.183388751651499,1.03405572860552,0.957062685836402,0.722165631281561,0.453543714760509,0.297761899522504,0.172503124290976,0.049841506796325,-0.0561303553033208,-0.075965243592908,-0.0629017902841841,-0.0666178287170689,-0.0381141976798783,-0.0216223220846271,-0.00812073215284375,-0.00126015688772626,-0.11163014968444,-0.145864379275235,0.00853341343668449,0.0257930047343655,0.0244586477445076,0.00818401836781333,-0.00679535342342054,-0.0080106935654188,0.227790805165487,0.184028740366862,0.156516863026553,0.124241631746185,0.095634750268746,0.068909927572542,0.0399433180127854,0.0113893714557397,47543.4304389497
"692",-0.132356353538694,-0.0711698228015511,-0.0627821752635985,0.0963115364828295,0.0941118100196354,0.0769881632111913,0.0711104856098835,0.0175065081519977,0.539527061274719,-0.10556430298503,0.0334038337519212,0.212639447657209,0.509900714934753,0.665772302090627,0.79889868968979,0.948207728272958,0.434233456498029,1.06198264332517,0.926533148114728,0.716459944537787,0.437755575514402,0.285579957957376,0.177939122329756,0.0485762546853289,-0.0573630430943707,-0.0661281576996948,-0.0622992467184431,-0.061950559775371,-0.0335312761374614,-0.0238178965351084,-0.00623670775035405,-0.000841451263770822,-0.133877766619156,-0.104591747399093,-0.00964098604342594,0.0130159424884944,0.0322621028249795,0.00311863279094749,-0.0355852416516854,-0.0100666723191352,0.225871103385543,0.182317822739482,0.158464550834889,0.125407750993594,0.0973859961885207,0.0700142067428085,0.0395613329128343,0.0115015614618677,47537.5843946175
"693",-0.119629728880603,-3.14876824410082e-05,-0.0442324814219249,0.0923851930544447,0.117761927202666,0.07756888334415,0.0662053062875545,0.0170867405451377,1.46668231462174,-0.105624026818133,-0.00478900651340575,0.226491131864791,0.469098457150075,0.649723799818627,0.805012099944256,0.9482018652073,-0.50144467976511,1.04071864188054,0.967307783874809,0.702978222562342,0.473068455665087,0.305335624521725,0.170454691576195,0.0488661489978601,-0.0637915224856088,-0.0682293125015858,-0.063656464108792,-0.0562986051597461,-0.0398578675930046,-0.0279040676261399,-0.0116688911651182,-0.000577945392076021,-0.0848421283970519,-0.131142903682819,-0.0570812764733431,0.00557429767513833,0.0320648222546104,-0.00453674363502864,-0.00838569828576811,-0.0108740823149768,0.226842481005334,0.188465210847726,0.161068013759066,0.125513880466972,0.0982276101487748,0.068734372706798,0.0395231813506987,0.011452764575333,47532.5174854563
"694",-0.0817267232022989,0.00375018064164326,-0.0267681814384187,0.0961304268657645,0.104032435850998,0.0778460128267823,0.0670480989338645,0.0168357663734955,0.641406087562947,-0.0901693997401389,-9.24256153835636e-05,0.193543394709202,0.478556757785113,0.666686188728133,0.802290890430768,0.94818180972815,0.313131711828279,1.0239996777211,0.953948128529996,0.732823997591178,0.467497889779038,0.288209935314048,0.173805682265936,0.0485140229938023,-0.0563962398855217,-0.0509770494522112,-0.0723077207035213,-0.059607492964269,-0.0360228416625433,-0.0251397936329434,-0.00976498151643254,-0.000463103374270619,-0.116870479428148,-0.161547752271758,-0.0405090174641126,0.0240608417363234,0.0254362284345331,-0.0211462939517163,-0.0142898459172472,-0.00899809795240091,0.232066122007824,0.185385082258592,0.15797136415353,0.126530622786536,0.0978641533339534,0.0690892391263073,0.0405456676185157,0.0116398691188719,47537.5661413037
"695",-0.123000209615422,0.0408109290691499,-0.0619340794042141,0.0602461492949397,0.0999196533882779,0.07700426604193,0.0666154028601234,0.0189355594527811,0.421914672941127,-0.173753830074691,0.0341064968912047,0.236516528634835,0.481923596799418,0.643136203226067,0.807482757510828,0.946006997758478,0.543221106589313,1.10145857578228,0.929912898842511,0.699021885005833,0.467344156755572,0.310509557664153,0.170391040430628,0.0508164352904221,-0.0570878588127978,-0.0648259911046215,-0.0621816245006393,-0.0639250084772486,-0.0327119779841037,-0.0235391933244818,-0.0091344644108625,2.5060201784562e-05,-0.088034134855261,-0.200386263677498,-0.015831618209469,0.0527495278641308,0.0140328470232756,0.00138136456599075,-0.0293320365248734,-0.0147358914598921,0.227829171952105,0.183798368127011,0.158037772020553,0.125216291450066,0.0990392855408412,0.0705442071609566,0.0392098634393355,0.0117192060978376,47529.854547901
"696",-0.0938536727451749,-0.0331683296330601,-0.0841550847905931,0.0802267726561466,0.10830052095575,0.0703143867738682,0.062948858756018,0.0180201561220995,0.500242007637274,-0.182154390575872,0.0436792456254124,0.176987891700975,0.495849688787502,0.641034559707843,0.814465597575695,0.948574155592266,0.4610034541827,1.12103387218137,0.923683412874104,0.751196775060248,0.452563227865425,0.313967511339656,0.163979476273199,0.0481910152829458,-0.0412335865623586,-0.0626480382109708,-0.0595384794925578,-0.066534347566508,-0.0390358986227292,-0.0203582358098003,-0.00828535383999326,-0.000909053238869986,-0.128192381176591,-0.0897371376856028,-0.0196708059348001,0.0648089595427337,0.000213056855204431,0.00113719970090995,-0.0284212684462952,-0.0119184531635085,0.227744960885774,0.18377511747916,0.154335677560141,0.123173452974825,0.0968956068727022,0.0701368679677616,0.0405058338244073,0.0117169770898349,47530.385709596
"697",-0.137115234154287,-0.053228322076041,-0.0537731553084509,0.088407915650066,0.103623170143525,0.0675720398971886,0.051951626142525,0.0196635480143876,1.24333441760625,-0.143428106243058,0.0328002501199042,0.229923768174508,0.493126511227221,0.666549611084749,0.812760417706785,0.946539442332194,-0.275529022586305,1.09146187180345,0.927888105162737,0.696800905039659,0.452515115529565,0.290704357567579,0.166471620781443,0.0496454565124529,-0.0546723529887512,-0.0673781972583107,-0.0680966067061882,-0.0560685967705329,-0.0390657262351761,-0.026618417688253,-0.00835939533061681,-0.000509636137034482,-0.0618143614405472,-0.103625811334058,-0.0206748092535084,0.0230247637689045,0.0264474856111616,-0.0109723242870955,-0.00644948591483994,-0.0117613283425687,0.231805398411942,0.185805103510853,0.15437427359896,0.12738054787022,0.0968369048632346,0.0684541140135296,0.0399970951647462,0.011398598632171,47542.1233432415
"698",-0.150042148968876,-0.0547674739042441,-0.0464523405977208,0.0818628797557009,0.0922820896386718,0.0694374824846446,0.0583502523517025,0.0168192514435324,-0.403663116273496,-0.152871833604156,-0.028041208884476,0.215757718734672,0.463147954296551,0.651978679648096,0.808930559990209,0.948992421203174,1.3742171861831,1.09870629038833,0.987543519199803,0.721043512430868,0.487143736736106,0.302594546699844,0.169830915845396,0.0481622273183423,-0.0409893417674916,-0.0637004965978901,-0.070590835277388,-0.065520087236167,-0.0344809260128216,-0.0226025006218162,-0.00910840263053686,-0.000496518804883311,-0.0728015972383606,-0.0943911007443727,-0.0151645636378617,0.000398711853906123,0.0384644845938352,0.00422290741428093,-0.0182655349770611,-0.0121123172957964,0.223148492137927,0.184712156619825,0.158038225590157,0.128831874891154,0.0990475536744462,0.0696317858534201,0.0402092202524606,0.0114564311763711,47537.2546388728
"699",-0.131878126397637,-0.0916849725160747,-0.0440975065406008,0.102036356099502,0.0689094640337131,0.0711070152084566,0.0683414270614549,0.0182699305822023,0.533177786745998,-0.113024669932581,0.0326163852189773,0.226083123988072,0.515921149878841,0.674487424176253,0.801006893016738,0.947588220657221,0.441226674140926,1.06799054645822,0.927430452465689,0.699193885605665,0.439863633809426,0.279510064476431,0.177144110433623,0.0491631463298722,-0.065013148105122,-0.0712221934279559,-0.0656268313241671,-0.059948206086574,-0.0367601313110019,-0.0208362684241536,-0.00600626881012606,-0.000848473654800851,-0.0950154201941193,-0.0551868474375687,-0.0452060180434652,0.00915369284389603,0.029265558218696,-0.00301027170146022,-0.0336976423288405,-0.0122577730368518,0.225546830365172,0.181417927579719,0.15518714981797,0.124828684137094,0.0977929013263715,0.0696479136386833,0.0396214387963932,0.0114761719001133,47534.1134893949
"700",-0.161316713244505,-0.0501037009730824,-0.0612467346956946,0.0771467152240751,0.0991698102699406,0.0746117323602526,0.0643067487298995,0.0202676013615938,-0.0950412495172206,-0.0580138780060608,-0.0445121376936469,0.235467470037606,0.496658491264272,0.655681802504873,0.808783360123613,0.945575720070309,1.06810936767629,1.00424149379976,1.01281098262748,0.697149677943615,0.448042896578155,0.298535624141357,0.168731138078392,0.0510313518943292,-0.0635391024255613,-0.0603328432788067,-0.0584903286131716,-0.0684916168105708,-0.0393084274222906,-0.0270772660045308,-0.0081873088334438,0.000192101915582958,-0.0385103323634616,-0.104680601178751,-0.0559728455211543,0.0418905044145189,0.0476469937064048,-0.00544155521683231,-0.0228541572589595,-0.0169462848055836,0.229152772194197,0.183069267873671,0.158623594876308,0.127140294118151,0.0999753662222174,0.0690496470205528,0.0390192523290552,0.011389527259431,47528.9437498715
"701",-0.0951923215086845,-0.00683863348262425,-0.030426909291127,0.0963465110762451,0.0918239084011797,0.0715926305860126,0.0571742101834284,0.0182818627412686,-0.341083373007767,-0.10660366535013,-0.0576936704864161,0.246021158958204,0.496898326473512,0.664946499545863,0.805665191433813,0.947085057839585,1.29880605142917,1.04093976216753,1.01752325791379,0.684577849258247,0.455630048037489,0.288735056317025,0.173597790961061,0.0496346191110588,-0.0606638367041375,-0.0743540805839784,-0.0750612290821318,-0.0637063157853013,-0.0387026137278923,-0.020234304601826,-0.00851808252635954,-0.000827772484453357,-0.0991009269197011,-0.102537165522518,-0.0514554680447743,0.000126870116952811,0.01141688569722,0.0017083381658212,-0.0159865392649006,-0.0118961454516969,0.226898720337593,0.189021517112424,0.154050757572307,0.130486877987196,0.0974406626316838,0.0702235959687195,0.0400222257345688,0.0112688727264073,47533.3502659669
"702",-0.113963433560767,0.025074303314455,-0.0781374047397445,0.0693074749464649,0.104713251562974,0.082160651557061,0.0550288815343776,0.0180943922580196,1.69332136914615,-0.14613929750682,0.0169194981087109,0.254456564038358,0.503828400434737,0.666267400499632,0.805448204103115,0.947185001082778,-0.724736503195141,1.08345625572661,0.946194854723115,0.675807060673702,0.443145112836868,0.286452577837321,0.173530777539655,0.0498540829416284,-0.036774618222874,-0.0523264947811822,-0.0714353148300657,-0.0587351165763676,-0.0343024356277397,-0.0256152036506786,-0.00842832285285237,-0.00027434731220845,-0.164329136574605,-0.229169185409883,0.029913830303407,0.04924361651893,0.0063919014017711,-0.011386386162924,-0.00808699889497972,-0.012663295264408,0.227762158547256,0.188593954593777,0.155608767949173,0.127714747014971,0.0972493849265342,0.0697540962558283,0.0399545111185766,0.0113488613850079,47527.8873050779
"703",-0.0767061609689365,-0.027778132737342,-0.0405616165418755,0.093890429762398,0.113047679083332,0.077765140470787,0.0548017749542222,0.0189549973481557,0.252110946127877,-0.091267156002397,-0.0126077068609488,0.201463843387056,0.465279935393769,0.662259881732576,0.80607252860202,0.947857420906561,0.712028677798615,1.03736422617713,0.971839662398716,0.724016281939203,0.479629311710323,0.291752026175761,0.172845607279866,0.0488955972026814,-0.0689633486405871,-0.0734095207268919,-0.0541168166533304,-0.0640036483006123,-0.0377084039728192,-0.0299183896636296,-0.00797820407139557,-0.00072705887570173,-0.156365319597754,-0.122196777006797,-0.0650215160785264,0.0478491654822818,0.0205282198055747,-0.0043498687691988,-0.00874066335486409,-0.0143715993975655,0.229869013259999,0.183509269391128,0.161551042361667,0.125525063284856,0.0976266496450251,0.0694311496029051,0.0390520606698734,0.0114389736380597,47536.7773895485
"704",-0.193891477522585,-0.0419121107739069,-0.0672313619328437,0.080255604896757,0.081254371201782,0.0840330032695341,0.0627440378955676,0.0200434264037069,0.585570212361029,-0.0756061435493102,0.0238821959024396,0.196692184461241,0.488106168308243,0.658363085666758,0.80578274841288,0.947300950391602,0.398077609628967,1.01847905338586,0.938591443804448,0.734547928388742,0.459767516327696,0.293886079227918,0.172641376859448,0.0490707034661695,-0.0744832680013541,-0.0579019093163243,-0.0651741101850341,-0.0643639964981237,-0.0397567203266038,-0.0257104406833285,-0.0068582597078487,-0.000624321126092649,-0.0210243618377639,-0.110574251561331,-0.00652487219662433,0.0350573492286492,0.076455350124351,-0.0160450947239787,-0.02504958654532,-0.0143849026964823,0.224115428355998,0.183331016244968,0.153605196604318,0.12572288471736,0.0965393355771561,0.0691443499107774,0.0390342877823427,0.0113007765008996,47536.2058706942
"705",-0.102937035962687,-0.036229428382906,-0.0627410660030208,0.0802852743758962,0.100892272613122,0.0809823081107206,0.0608005064832342,0.019290695863647,0.663336775188681,-0.177588515743154,-0.00612530922088973,0.236200909476602,0.501834842438933,0.646717928272439,0.799876476549992,0.94645241304083,0.297160237596259,1.12523767812613,0.963640948678353,0.69639052311401,0.448033432817968,0.302754116774929,0.179018626900764,0.0497734060579777,-0.0485594331539532,-0.0720185698081338,-0.0577430229613487,-0.0626836623374542,-0.0312011172373379,-0.0203303620786881,-0.00550570193186773,-0.000585005733806238,-0.109515087845197,-0.119775560088442,0.00688354327282162,0.0276718163140054,-0.00375819601174896,0.00679778449332745,-0.019742290174706,-0.0117165580467329,0.227778906135246,0.183960375129698,0.15772367158326,0.123723016839288,0.0976849918470948,0.0694012378710808,0.0398896709996389,0.0114819057878602,47538.9825224879
"706",-0.0732856304345744,-0.0206745605214871,-0.0835065198903467,0.0833489915454542,0.0893492452354262,0.0708645768613539,0.0561631719676106,0.019680087150423,0.643420532911847,-0.133786258165046,0.0278602097130039,0.230895409021746,0.512645526298874,0.651559034729918,0.806520338608484,0.949117130881474,0.310595836543344,1.07691998458482,0.9389168734631,0.700971793638584,0.437081064538432,0.303378447873253,0.172763228584199,0.0475577475045673,-0.0363256523896611,-0.0783277267379689,-0.064253041387417,-0.0603522549398919,-0.0381300618232613,-0.0247119482616426,-0.00772723863947265,-0.000979939822714225,-0.154208408644321,-0.112888419955248,0.000622577764135741,0.0204368000428872,0.0293718780956522,0.0030596760387867,-0.0156894858605049,-0.0157783357884276,0.23378608991322,0.189663857255677,0.161055533018714,0.123931353325662,0.0981380070475659,0.0699304968184045,0.0401075177291517,0.0116037611051212,47536.7154941445
"707",-0.119246365095174,-0.0433996709299244,-0.0363048946283689,0.111132259194575,0.122606096103576,0.0678913363677238,0.0590161713316641,0.0172404647159009,0.464471651970896,-0.0513352751967136,-0.0228535072602764,0.21850307842859,0.459183834693916,0.656816113572044,0.81042817796928,0.947586706545578,0.499947939497497,0.996481848545783,0.976705156896247,0.704060819133171,0.483849165148571,0.298007131051859,0.16757548331975,0.0498749098822515,-0.0628880289988007,-0.0627309563067346,-0.0626625146371347,-0.0629904619676653,-0.0363016192562294,-0.0213733656867581,-0.00833413245953068,-0.00124043973311534,-0.0789744793970944,-0.115976936742946,-0.0224850146067788,0.0135719794959428,0.0119751283166936,0.0080349522183064,-0.0171078850021717,-0.0125558789231967,0.226118280188698,0.183304613604822,0.157037721761213,0.124829534014129,0.0991292652617169,0.0677632154743548,0.0397256098292944,0.0112256684917073,47540.2884045307
"708",-0.136686932740923,-0.010153227196602,-0.036040604812051,0.0580862230390531,0.106048759559059,0.0752462371792589,0.063548767303208,0.0176686522096099,0.699193514565289,-0.236566770564538,-0.0100235169758264,0.254938508508055,0.486200531542781,0.65676631540537,0.804961979303711,0.946279695088937,0.271821410458402,1.17840194436532,0.961885108997701,0.685795703915159,0.461521614153591,0.299553663212931,0.171953311857244,0.0507112423698185,-0.0464240743888935,-0.0681267389547839,-0.0609116181101551,-0.064016674179959,-0.0407480260443061,-0.0257164554705324,-0.00689987160263775,-0.00141637237006434,-0.115229592827694,-0.157325130757011,-0.0069501495198022,0.0194721646440096,0.0174045477448228,-0.0205093859273321,-0.0197119851477247,-0.0105612349790569,0.231377008462969,0.186705412508929,0.158138781498189,0.125306604930887,0.0976070936728725,0.0692256860608031,0.0392819954581582,0.0114261761885755,47539.0838171189
"709",-0.109282509555713,-0.0342495373007361,-0.0505553336347827,0.0871144186979343,0.0750499760840245,0.0682564026884218,0.0575048342655776,0.0159805401283076,-0.662701605976397,-0.0444223435640963,0.0360644007265905,0.221001704040121,0.507775529686415,0.665838280376532,0.806674005171476,0.94760666106449,1.62012012900637,0.983144400709911,0.921750136148915,0.71096222122961,0.449112968793512,0.288203287535031,0.173707197293793,0.0498038109247219,-0.0386932108652622,-0.0642720959649705,-0.0548920798862834,-0.0683743627220216,-0.0476717258094427,-0.0165781961374504,-0.00795233924989786,-0.00150311183102404,-0.0855275919951267,-0.0953116562131003,-0.0303414993518711,0.0238249472613792,0.0331206618319886,-0.00346347073397151,-0.0205722820505779,-0.010099117018557,0.227643083650422,0.186070121085133,0.158346842478679,0.123272499863092,0.0982309385175097,0.068753224094309,0.040197031445552,0.011375987184498,47529.9746012534
"710",-0.135447237173094,-0.0439617827908326,-0.0198867831162553,0.10477046625964,0.0963677029674887,0.0790202909864981,0.0636789777707872,0.0174404389830458,-0.163071425615564,-0.0178965100586936,-0.0391029845320535,0.19197228866987,0.495215058489549,0.645452799826221,0.810711492154625,0.949230060762131,1.12621548063589,0.95957868783379,0.995783185025823,0.733564381285043,0.451721259940147,0.307454486521019,0.164084537440243,0.0475910678269378,-0.0420828659808365,-0.0644168737347188,-0.0712362302903723,-0.0661504398696207,-0.035367671518364,-0.0248147497544183,-0.00762928210305864,-0.000937558024087176,-0.0531026188430648,-0.0860256712854234,-0.0715252251609448,0.0283110233601927,0.0326612285538718,-0.00248790300347971,-0.0130080576464607,-0.0119086031412294,0.223430434639355,0.182613294665288,0.158234396340967,0.127890364185064,0.0969775222645231,0.0679263827852007,0.0392635576740987,0.0113459598356574,47533.9427285303
"711",-0.107567212450783,-0.0892183536854883,-0.0627944729439397,0.0647130699418452,0.0675104989615498,0.0600381368305409,0.0624182495151852,0.0152789588059576,0.791444169626313,-0.0367752696533527,0.0149780969644949,0.20951732166004,0.515671167424677,0.658310776378601,0.807108943665437,0.948179800494543,0.171834680213306,0.992286854797391,0.946318575516973,0.725517023143743,0.435807337539609,0.298514995354894,0.169399641711901,0.0494241044144815,-0.0621545739223852,-0.0636489291937887,-0.0561077527562206,-0.0655766901579959,-0.0405750574153146,-0.0204469014221296,-0.00580835365571868,-0.00142074614322543,-0.1090768360932,-0.0777569475437659,-0.0171084898900123,0.059184919008501,0.075324797754123,0.00726866760681479,-0.0157059684442804,-0.00992312661867849,0.233951519413249,0.180623303723267,0.155845768675068,0.124509548042005,0.0962444777256294,0.0691111555784596,0.0409798137288479,0.0115521374013051,47529.9404723091
"712",-0.144266521917135,-0.0487344941369228,-0.0390458331383992,0.0847884980054782,0.0758582150297887,0.0870185918234447,0.0560725823031474,0.0175757204507813,0.495388724814731,-0.08320006657047,-0.0183452075527317,0.20677567370772,0.510496082018044,0.657183459786017,0.804314429633983,0.946499911645102,0.477298513232538,1.03227318263717,0.972798467540105,0.727546180475751,0.44241731291476,0.296348897917902,0.173807482926881,0.0503152623463377,-0.0623903587938516,-0.0684780526405559,-0.0588723478950141,-0.0713918841083928,-0.0391794778532141,-0.0275671292385274,-0.00863843599004122,-0.000689563215436258,-0.082772771836937,-0.126713797668713,-0.0237784419007985,0.0242779610927581,0.0395243207923806,-0.0219544078707399,-0.0028271405050094,-0.0101593903536086,0.226684929353008,0.182524915487718,0.15832474213582,0.125925591778054,0.0966558740458529,0.0694193048172263,0.0392713374152746,0.0113757066732537,47542.3497798713
"713",-0.115307719395813,-0.042213927998593,-0.0937237068167008,0.0895839066810747,0.07800511215032,0.092462265030899,0.0498875327508794,0.0157222845471629,1.65407264303965,-0.116295920557953,-0.00309569078994421,0.182306352021804,0.502792373383476,0.653108468523273,0.806161124720164,0.946590727967326,-0.686285323508588,1.06759091618073,0.968674614549386,0.745397841149588,0.450305790706968,0.298037708507738,0.17373868534048,0.0507666148946753,-0.0492523767434827,-0.0752971560675066,-0.0445199111031409,-0.0607797255207724,-0.0396589579121964,-0.024562776733133,-0.00705764724059174,-0.000817257642260019,-0.119056684901133,-0.140767940342835,0.00910934027355427,0.0348650101342749,0.0361899451612155,-0.0180304983665043,-0.00424439451184968,-0.00900033760823465,0.229144100335019,0.183046296586319,0.161828403770884,0.123236525408971,0.0971564731885371,0.0711938689942615,0.0389952985319489,0.0114124134404327,47524.1020972441
"714",-0.146831823093343,-0.0387655050054586,-0.0477760916944127,0.0874944231593191,0.0928136796385175,0.0701719479929445,0.0692849688701338,0.0189898629893667,-0.461410679131966,-0.0842888242269695,0.0636665955679791,0.187887050879977,0.484770980106613,0.672217867253551,0.801743218936272,0.946649232590858,1.44132794404631,1.03261737868884,0.896866647327863,0.741500776072734,0.465354895451021,0.28322995717835,0.173488363766423,0.0500696751058713,-0.0428701598628787,-0.0618944516923573,-0.0591646073079843,-0.0613150148386433,-0.0432095379515534,-0.0237478063617486,-0.00825775333544108,-0.000472584316701195,-0.133437625155872,-0.128302102146786,-0.0559567036251304,0.0308203483981126,0.0403274380239778,-0.00905686595478456,-0.0197465440981046,-0.0140668091814895,0.225976917416537,0.184684663352778,0.1558226596866,0.124172588119214,0.0956080903298139,0.0695089951312632,0.0403248641138089,0.0113887735830334,47538.647394994
"715",-0.0967840739725578,-0.0285618520631089,-0.0178170584577257,0.0614082487766914,0.0921438243038995,0.069599213659493,0.0665314298297007,0.0184616389583204,0.762910714750881,-0.172568453029712,-0.00405828541225084,0.20701467946659,0.519262297869058,0.651713919481267,0.804834108884176,0.946825738415811,0.196544132544807,1.11267459946536,0.95138316527354,0.727093742583073,0.429380791324416,0.304687367145185,0.170808145625543,0.0498619762161297,-0.0507420392952331,-0.0712036851315329,-0.0577208721513539,-0.0632100238273334,-0.0344029201806289,-0.0272548119057742,-0.0059211798555601,-0.00144781657880924,-0.10846754547928,-0.109074604960985,-0.0302775312646596,0.0643800826282122,0.0160585608896634,0.00468429791766937,-0.0190258389030646,-0.0108454909375461,0.227773904868724,0.180864754337684,0.157029558990014,0.125449539682211,0.0963824789176771,0.0686132240950025,0.0401539989947103,0.0115996213292964,47538.1515329776
"716",-0.112263535770863,-0.0900455095131183,-0.031214296224039,0.0939049027643307,0.0891166010889907,0.0669245172193189,0.0718527382671341,0.0166359070341889,1.11573355487494,-0.0613549363067173,0.0141164279108536,0.189592746792909,0.499328283120632,0.657844130493082,0.807826932747909,0.949266583182259,-0.158064487487951,1.01693480219957,0.943933621970203,0.737928094916782,0.452485279922479,0.297509068123339,0.167125049962293,0.0477314993695509,-0.0427849157905046,-0.0673823578340189,-0.0677863592446026,-0.0603785265709449,-0.0412761530879692,-0.0284402388295236,-0.00617038754613979,-0.00106498416093538,-0.0947715582845407,-0.0712769077123228,-0.0495960406589543,0.0289227095910334,0.0306332296913722,0.0149623117735702,-0.0306554302249006,-0.0103112353677447,0.231444307141146,0.187432824497314,0.156033139245256,0.125987803640497,0.0978514909458081,0.0692269443978224,0.0403967833676019,0.0115093736637573,47539.9666185377
"717",-0.124287893478117,-0.018256778607784,-0.0405355337487362,0.0796263716624358,0.0994146263007909,0.0737533284421324,0.0585254889054223,0.0190490346935469,1.75009429423246,-0.146007854721789,-0.0270273825170074,0.195529254558629,0.504713051102345,0.65127865140885,0.801654978398264,0.94835324141751,-0.775248656801203,1.09143503108667,0.982406217519445,0.734742302364297,0.444249546469414,0.303861473798454,0.177692234677569,0.0482300044078184,-0.0600445270459053,-0.0680431033361805,-0.062140794513021,-0.0658450757882076,-0.0382485331891399,-0.0213913757459909,-0.0106051332549453,-0.000695783533066176,-0.135967294171184,-0.161807352692857,-0.015406833221769,0.0465721421334156,0.0228634364615333,-0.00990620350421745,-0.00993627071949909,-0.0135843039891718,0.226445430602372,0.183244314832019,0.159427882560646,0.123033983415136,0.0996992267416574,0.0679326427089615,0.039420360225669,0.011676512519299,47532.4731150868
"718",-0.184831863989282,-0.0136592749525821,-0.0363368573175046,0.0579697818023615,0.0843103956960149,0.0787715581941816,0.0566190071659053,0.0187069093823933,-0.23428264624892,-0.108940724280154,-0.0319300854144435,0.218612623107929,0.503111792443131,0.658988501603647,0.798927216704524,0.947937074577938,1.21852255799536,1.05129357412213,0.98882941299735,0.71832569167185,0.44769763511897,0.294708572563177,0.179744298028602,0.0483177931654765,-0.0686358615765329,-0.0798643775648076,-0.069113850340988,-0.0623164599797981,-0.0333767636686173,-0.0265762576620198,-0.00468462981127649,-0.000293854596724522,-0.0409906848773526,-0.137142475763001,-0.0361344572587757,0.0489201120013177,0.0314049071167258,-0.0100672752290054,-0.0139170787758755,-0.0106969756758928,0.227920518938646,0.183998457912316,0.156413853621608,0.12695515696461,0.0944200028902655,0.0685878538128672,0.0400086026479656,0.0113832150353327,47536.0433003254
"719",-0.187309981665581,-0.0207912449075914,-0.0106544382257162,0.0770165508090642,0.0983727277626943,0.0877292607130694,0.0716623641942789,0.0183952995065429,1.57981935744838,-0.127057901856543,-0.00807304321284223,0.22033032580363,0.480975153732343,0.653022837853996,0.807058407298972,0.947975077278677,-0.601723405224313,1.0675962175366,0.958381781189355,0.711706415166267,0.464406481415739,0.298789692928012,0.168587257799119,0.0488498866680886,-0.0592845630963079,-0.0752938802982425,-0.0598313526420995,-0.0620196036362975,-0.0326379436417565,-0.0221722792817776,-0.00793083125849157,-0.00124631308925637,-0.0186954605316734,-0.103069158912888,-0.0669216016491664,0.0268662074962244,0.0480249044437491,-0.0175081535489222,-0.0266652694268653,-0.0125083051965738,0.224708044914121,0.185782662501499,0.15968309010352,0.128161444935761,0.0973252236167475,0.0694445463820333,0.0406583924307882,0.0113259480036052,47534.9326874113
"720",-0.139974007892328,-0.0407748438584805,-0.0499791934796852,0.095408950708504,0.103341948283218,0.0659914860434727,0.0636749098237613,0.0174429568470719,1.24432811311791,-0.139394209374882,0.0296755390466072,0.196721436770337,0.482683428660617,0.666290411172136,0.807693649044801,0.946592818329288,-0.274092953191835,1.08424648557301,0.932628360824987,0.732935603644248,0.464196914321835,0.289442037062699,0.169865028061146,0.050232102872915,-0.0569832981334368,-0.071454498795637,-0.0660626710300709,-0.0622172910896129,-0.0312086301390242,-0.0258648848697212,-0.00601358460354143,-0.000251494524405831,-0.0755041913269989,-0.100610146242377,-0.0534301650324347,0.0131470025131158,0.0190580284438652,0.00401941616689502,-0.0235268681196,-0.0113439326928072,0.230301492799435,0.186351187554968,0.155466789780739,0.126353336834667,0.0999145883974519,0.0691981268030004,0.0404382598971167,0.0114468025973182,47545.2257660495
"721",-0.15536812374137,-0.0397272231912539,-0.0563611882234226,0.0919053485117646,0.0931538936352401,0.0696448569351585,0.0694237664565651,0.0194556802022273,-0.474140748214379,-0.0885026354735957,0.0652880650680594,0.185098702379704,0.486177533148689,0.671206733188333,0.801903438503998,0.946489595556225,1.45514632277788,1.03238985624318,0.897795503138542,0.741576090899274,0.464251017507763,0.285235694937275,0.173272241341684,0.0498350658760065,-0.0459378407178482,-0.0624798219834596,-0.0564300658383764,-0.0620222958859025,-0.0432007616993366,-0.0229842141260521,-0.00813370188558533,8.94867873448533e-05,-0.131905366309812,-0.123614666308047,-0.0520926148605532,0.0340192809819063,0.0381555298980484,-0.00855297389623781,-0.019600992059241,-0.0121629623563096,0.226905742492002,0.184767429533979,0.156133877096929,0.124099621275117,0.0957278742705306,0.0694187433147703,0.0402516729965832,0.0114042108328386,47535.3674179467
"722",-0.0983550634284268,-0.0618428282669714,-0.0566453405891563,0.0623875330022455,0.106329418963386,0.0721598579573597,0.059930428808487,0.0186355378286566,-0.396461709969062,-0.0964912136486758,-0.0331143712484932,0.262518042768942,0.496403708324426,0.6497381591178,0.810605638402032,0.948267418699336,1.36328935250991,1.04568493536811,0.994914183767679,0.674783250114048,0.450247203821184,0.302252192827035,0.168784219829435,0.0478656264533009,-0.0559353143208698,-0.0663752767410617,-0.0751313759989299,-0.0565460653787443,-0.0387003569661438,-0.027669009242619,-0.0100884811133112,-0.00036727641144914,-0.154409223475956,-0.0964360923857463,-0.0119303073846589,0.0175667731168057,0.0175394015536884,0.0187748462978414,-0.0229776925220385,-0.0105193753057663,0.232056003006331,0.183045318042678,0.157417581097559,0.125156969519353,0.0982199184369462,0.0699390843296782,0.040381375934945,0.0114547758772759,47534.5160418573
"723",-0.107014935594533,-0.0744899287297276,-0.0493291415463158,0.056950451048723,0.0976828844684938,0.0728615138501018,0.0674538654427767,0.0198681261085791,0.979388173902031,-0.0254529512782735,0.0144949887852902,0.205902048803266,0.490531922454,0.679030768785733,0.805608520088964,0.948324495585182,-0.0140145015097539,0.978046225703609,0.946168694617935,0.728838064072089,0.461125066210347,0.276617649778519,0.170709548507042,0.0477920017379596,-0.0537360954168544,-0.0743996122964223,-0.0746357267721524,-0.0699869494662625,-0.0415388031940744,-0.0238605785685219,-0.00380258196454053,-0.000499505538176718,-0.136835614076055,-0.060231938024967,-0.0177360116005545,0.076337056579678,0.00938555961916821,-0.0161847249054052,-0.0281789902065511,-0.0133538918505875,0.227734089330374,0.185855484051139,0.157003144759588,0.126378306762421,0.0963543501726596,0.0709272577707206,0.0401378075131132,0.0112223090823912,47533.8585519074
"724",-0.14916208272336,-0.00579955240038902,-0.0163954094281926,0.110507886048173,0.096597483984348,0.0796061327936209,0.0622508561580628,0.0200477998488989,0.203657804109389,-0.0932426323715154,0.0164679833835632,0.240418523134157,0.469035904126677,0.653357545533777,0.803389438515157,0.948366663941883,0.76526497692942,1.0300538274046,0.927162966803943,0.68886817749451,0.478988586349362,0.300359468065685,0.173370778525152,0.0476643387050065,-0.052629964733123,-0.0684970079911928,-0.0593067612262955,-0.0639963871326708,-0.0299711872821288,-0.021770476563178,-0.00581610443532965,-0.000591346757491499,-0.0563898824258196,-0.141336877184549,0.00923333429151464,-0.0254943147940944,0.0294917155157716,-0.0133167549877057,-0.0141693223678567,-0.0129859562593776,0.22736649497399,0.188587555558809,0.156641872448648,0.127299619785789,0.0949633025680549,0.0695272391375207,0.0408833556487276,0.0114849894136653,47527.8087568081
"725",-0.149215103751821,-0.0507928246856402,-0.066726155918903,0.0597383539054965,0.107523460186692,0.0845809216474704,0.0659031258742382,0.0183441269541943,0.122602062279541,-0.0678846790043827,0.0528306321436377,0.233381252871721,0.504734633184604,0.658998800067096,0.798762277636063,0.947500522211851,0.856532557425308,1.01639820305687,0.907684866744716,0.705720513945176,0.440205572049257,0.290862357715709,0.177701870558886,0.0493874234160771,-0.0486859238364781,-0.0665813100136749,-0.0597077366277707,-0.0589787541979405,-0.0361706479852587,-0.0241515422037952,-0.00541486812864624,-0.00175588768211966,-0.13034492062486,-0.11216599350935,-0.00626420902458882,0.0292236898510431,0.0155756882953531,-0.00300511633539971,-0.0178500267361225,-0.0117548522954344,0.226597036679208,0.184554107883924,0.155937859738761,0.125127654270171,0.096493201088587,0.0707172118765579,0.0407296015111601,0.0115080290057481,47537.4151878155
"726",-0.150269829657863,-0.0402196170940756,-0.0335293378223903,0.102195994517589,0.103690665333303,0.0722624193181988,0.059307756049166,0.0171397197189045,0.738169508010506,-0.0447218848666711,-0.0318054718397077,0.214204076131283,0.467590191930122,0.657786374548731,0.803423657804874,0.948926366563591,0.240581857569899,0.994155846695905,0.987498090142561,0.715106857273998,0.481058472054497,0.297328871909017,0.175525204673228,0.04840399188607,-0.0515796180415558,-0.0789064784312716,-0.0657933195816547,-0.0685912310173973,-0.038430414816849,-0.0271180260169986,-0.00847045225679624,-0.000479571566260997,-0.109260670807259,-0.114072848157424,-0.0309660234688369,0.0033315645780509,0.0214855567971772,-0.00062783247738556,-0.0161327499994414,-0.0140455423463429,0.229681549619622,0.190608362530268,0.157372716958694,0.124139246804819,0.0979081444563476,0.0698744109452677,0.0399280170221024,0.0114134897889762,47542.3732835408
"727",-0.159702142644479,-0.0797647459613372,-0.0656390370422483,0.0734933749606734,0.0827478557503549,0.0785270931826135,0.0722698947774438,0.0192772412288739,0.0104877853602725,-0.0982079349113847,0.0377228524057502,0.181759027648772,0.485659193574212,0.658234682370181,0.804918683879241,0.945910891717729,0.965811180495104,1.0480737481016,0.925602895158371,0.748957805091182,0.466318023810132,0.29322323734291,0.171913786495758,0.050366705380248,-0.0542647016585631,-0.0691669249207349,-0.0746986311686507,-0.0617498819471318,-0.0362189596198428,-0.024696102499733,-0.00922780844470083,-0.000959579390129051,-0.0690786965126583,-0.0490054088885123,-0.0115576911670306,0.0638817984026127,0.0392000073024969,0.0081965409244322,-0.0338923738617138,-0.0104402006886541,0.225657110200011,0.185557923397467,0.158521965446314,0.124178313006453,0.0989152595105143,0.0703214142019569,0.0391424157373998,0.0113587841405609,47535.6020388173
"728",-0.138547651027084,-0.0137595947666922,-0.0289435354836236,0.100969779520497,0.0743902958239763,0.069159423178197,0.0609650237441622,0.021197378536004,0.456692691844166,-0.15667624009671,-0.0550436348897039,0.214509734912307,0.503031605528825,0.667425895224444,0.806457912555252,0.946633442417177,0.515254929977361,1.09972910673096,1.00628342495581,0.712823481113185,0.452177298147827,0.287239915180104,0.171139769279381,0.049662175733833,-0.0443037577091994,-0.0630962973691046,-0.0619544883654005,-0.0632556995201888,-0.0412452883256608,-0.0230004899910521,-0.00796418805015806,-0.00109937687937306,-0.107535824282923,-0.158533531618639,-0.0165647125133146,0.0123826451025547,0.0393914388209354,0.00336486512927233,-0.015564565858145,-0.0155664387991322,0.231100778950255,0.181539057777156,0.159306512853868,0.125847198693492,0.0958500027478301,0.0702821813080638,0.0412297777661555,0.0115799928694054,47539.5240458304
"729",-0.139015750453821,-0.0550644012216264,-0.045780574951467,0.0772525238141863,0.106846150534396,0.068517107692005,0.0632163814966519,0.0157990571309509,0.292939200453087,-0.172512731313239,-0.0204291380780535,0.238919255658679,0.503492748180014,0.670959943243586,0.80825267022182,0.948752430228616,0.673653819821451,1.12684722180358,0.983527555388566,0.691607361836125,0.445414181871651,0.287195534997568,0.168519621201486,0.0484878742231102,-0.0527892265581494,-0.0672596813494166,-0.067582770725379,-0.0637334908600683,-0.0452374466763057,-0.0272401854555673,-0.0064049761735734,-0.0003758402443789,-0.0598216934110512,-0.114621892195851,-0.0532964401801948,0.0390103187797332,0.0205416559745716,-0.0190762912192264,-0.0203573905385253,-0.0107900770904887,0.225748747822399,0.18226172290141,0.154627789947432,0.126230474491091,0.0978526041142715,0.0701506739247047,0.0395349426913514,0.0114957347293307,47529.4036237805
"730",-0.148248797605623,-0.0295877258068544,-0.0692177386172715,0.0798199723007595,0.101066059709705,0.080940052207641,0.0670222093790064,0.0199541947207787,-0.308429271651349,-0.105993309228582,0.024036344608509,0.225941761132782,0.479621052470804,0.653851300886769,0.8022022642708,0.946954504002967,1.28188896558176,1.05553004473629,0.936969872322211,0.705310656714949,0.468858355378307,0.298827256992704,0.173466966668495,0.0493478137960927,-0.0444220106714588,-0.0739999064784235,-0.0762485347258575,-0.0643711102667605,-0.0310754239295399,-0.0234991981515273,-0.00954194658516734,-0.000525297621089235,-0.0811548492227833,-0.167318718414375,0.0229283238477666,0.036095596122792,0.0143831387892279,-0.0100346867779216,-0.0133168359039777,-0.013012156211245,0.229624992805182,0.185284606611761,0.157729828690597,0.127482943492019,0.096473524143886,0.069903696957655,0.0401960264803647,0.0115504223830844,47540.3652530894
"731",-0.149653068818456,0.0089071650950133,-0.0818447708203229,0.0859212456226369,0.0919353426598834,0.0805693339032638,0.0612879442160703,0.0172741254660339,0.243247279536687,-0.126265794515911,-0.00836441399685355,0.210448235540474,0.468024524911167,0.661999541436725,0.80466091191105,0.948569037367264,0.725752071323825,1.05626041816906,0.978169701204318,0.720587003772466,0.480704014966289,0.291909827546312,0.173727584487595,0.0480544921681104,-0.046100274978826,-0.0605877586206007,-0.0733273878935812,-0.0655946267042024,-0.0385872599473469,-0.0239579917793992,-0.00923594559656594,-0.00121020463299047,-0.040298982211205,-0.121472533252919,-0.00889799451095072,0.0235736823820422,0.0521360968769997,-0.0148858806749399,-0.0177452122833375,-0.00910832601857174,0.232454764158891,0.192186488212507,0.157599936698511,0.12399023451004,0.098357933328467,0.0689282296573148,0.039657383796613,0.0117036081634636,47535.7774462153
"732",-0.111845593795889,-0.0414111317454091,-0.0172991252606141,0.0890589308908366,0.0851254951635485,0.0777647917187142,0.0681381109994256,0.0165610532394526,1.33882412988852,-0.124056219338797,-0.035669592180346,0.214744677284444,0.489975002957628,0.657810649887211,0.804864076464204,0.948946601304414,-0.373745842532467,1.07361245668649,0.985471674125814,0.714658482320164,0.466322985868232,0.295370027951846,0.170317584444158,0.0488358457706086,-0.0613607489551942,-0.0692456214585821,-0.0565645977070947,-0.0636187821169902,-0.0441027157046369,-0.0235846616063974,-0.00600735647385653,-0.00126849807844671,-0.102781686414051,-0.1351986997876,-0.0370503819981307,0.0221318883995398,0.0224038824065573,-0.00428203430665799,-0.0207838097540222,-0.014209770387878,0.22173733977623,0.183223755943364,0.154904371085581,0.123282416790919,0.0991367065924024,0.0683048466033765,0.0396902318762167,0.0113277489955714,47535.1379818575
"733",-0.13021098173122,-0.0344506445796433,-0.0493480521529945,0.105783391135238,0.100778388567043,0.0672929762070211,0.0559091002300155,0.0176104395431881,-1.29855294472219,-0.0311771157013296,-0.0551724273682246,0.189653882228158,0.475750130263366,0.657072115436138,0.809745625335355,0.947490704587361,2.26480251479748,0.971347052846963,1.01488636809218,0.73277865649104,0.471864138232438,0.300482322847103,0.167822009165665,0.0492838294600814,-0.0444511109444469,-0.0550732066955963,-0.0654455496601981,-0.0625558012681723,-0.0342064176720241,-0.018211144660946,-0.00915364051377316,-0.00076166706775485,-0.0828744552420191,-0.102956216741338,-0.0247853557506358,0.0316962679288377,0.0254498914942168,-0.0133356184634787,-0.00949740461572886,-0.0104150419163644,0.227887777738681,0.182234712221174,0.157280649100085,0.126356250840998,0.100214652652423,0.0704426132984514,0.0398256929496884,0.0117343570117346,47529.4499912355
"734",-0.182027225339367,-0.0248744758884107,-0.0630597613247846,0.0567156713480743,0.0943876493539816,0.0698974441293677,0.0656662248738911,0.0188679993554201,0.4515052666555,-0.085052133250449,0.0163779716716022,0.226194002927976,0.486347227597925,0.6704803024574,0.802274492496279,0.948846852335654,0.531365011122912,1.03325480306348,0.94395206668252,0.706578882010771,0.461002712109451,0.284430671015319,0.174773991024374,0.0477203167687284,-0.0794892640699904,-0.0744286989484128,-0.0531468648738422,-0.0563540340269138,-0.0296425221822249,-0.0256651113276752,-0.0090221366297466,-0.00126036382462454,-0.0316777152578355,-0.163352211106616,-0.0223888719273306,0.0586266807611489,0.0288501126573422,0.00391863338474749,-0.021627893728728,-0.0127816847040216,0.234243671884761,0.186512206112458,0.1587411529128,0.127694008015276,0.0966383204923051,0.0685806284499353,0.0399817742558043,0.0116559619295478,47531.2513480274
"735",-0.12544698138004,-0.0765751371086016,-0.0218019521202372,0.078361131409979,0.0840843461748019,0.0755463322331215,0.0601066268114972,0.0152181015973576,0.791888509251888,-0.0864797143790294,-0.0232350837792732,0.225377224517768,0.50816089029856,0.648391218645953,0.811933029209292,0.949124001937284,0.172643226348084,1.04353286064714,0.981451417902084,0.708128134059504,0.444852362303576,0.30344070935809,0.164881068477434,0.0481855953681607,-0.0496491875076579,-0.0694238295971305,-0.066758307605783,-0.067019912524169,-0.0414491874936077,-0.0196815342200427,-0.00872126327199231,-0.000655198686015036,-0.089542749871205,-0.08702938316752,-0.0698431259919608,0.0348619356976531,0.0293367078309037,0.00384953368108154,-0.0118302335845929,-0.0089241391451912,0.234168956438122,0.189075537809481,0.156329647545788,0.125780707928,0.0970440920696085,0.0688993468488251,0.0394336682301202,0.0115076311920119,47541.2114547078
"736",-0.149136285599072,-0.0758539604138857,-0.0514497488796269,0.114599029157695,0.116308670737084,0.0732350237152316,0.0628252885194572,0.0179807525261117,2.05196930956398,-0.0883448479255968,-0.0432394625566754,0.196720940260175,0.491943146254001,0.651874518849928,0.808286586431321,0.94760555028381,-1.08390695893678,1.04705231542972,1.00046103112203,0.726626509473484,0.45253728952268,0.30176268533655,0.168571233383901,0.0492274853051673,-0.0417289821252738,-0.0706842872460052,-0.0689126385618702,-0.0649736111602824,-0.0350113358743936,-0.0207603231971958,-0.00578522864790834,-0.000905776017279622,-0.0688558691039897,-0.106484401425393,-0.00627041949788638,0.00288399652706352,-0.00187134125481464,0.00151352364820866,-0.0177396296443199,-0.0120264075073791,0.232152214802035,0.187543488490453,0.156710779625608,0.120538510024877,0.0963723910224523,0.0686588937023222,0.0394277772179896,0.0116910167981254,47532.5652131264
"737",-0.144131259462083,-0.0346135043880082,-0.0298872429807294,0.0998824246505737,0.103202410356457,0.0709533226815616,0.0590127634836258,0.0173645823244627,0.755433173336919,-0.0487076842395346,-0.0252139150127769,0.214763730218152,0.468682726526521,0.658378164704076,0.80330076981242,0.948972768713855,0.216432459099697,0.99520564565639,0.980507208322111,0.714738158283676,0.480830763001487,0.297214378951687,0.175376698132178,0.0484018929327818,-0.0513115891139683,-0.0777506988096644,-0.0666972984221654,-0.0685925527461399,-0.0387196897752669,-0.0267347491687048,-0.00807356983109265,-0.00095966447988235,-0.106771975425232,-0.109089821607898,-0.0369639881757191,0.00200467175515844,0.022707675547966,-0.00112159747040873,-0.016082007719462,-0.0140272519456571,0.229236678763587,0.190716624702942,0.157897351001142,0.124131161632319,0.0978509890872792,0.069842230459387,0.0398631456307909,0.0114162041776625,47541.6586276696
"738",-0.117941432372757,-0.0224480483532502,-0.0732758873520067,0.0878564237604992,0.0973082874667896,0.065140504805453,0.0556632464396874,0.0180864043973182,-0.355641691058106,-0.0832279518284089,-0.0138643530973945,0.196391033420761,0.499891158483639,0.66190355811143,0.800832157489654,0.947072297909613,1.32129000966953,1.02294938333633,0.975301278440599,0.734590242287568,0.447410443429952,0.294211057321269,0.1752191128302,0.0493978271002917,-0.0369580162073114,-0.0669431781069493,-0.0646536235919067,-0.0638804181662678,-0.0340739138224144,-0.0247435172942644,-0.00715475135040028,-0.000800667768729406,-0.121518001928585,-0.104372800138194,0.0103442595639189,0.0197603809889505,0.0212365365279585,0.0121310157796039,0.00468892863830735,-0.00952743650493348,0.230956643672794,0.185107612045585,0.158498789877057,0.122779131847559,0.0963151137721287,0.0693844341571934,0.0390543408243885,0.0116356300282948,47532.0985915579
"739",-0.192969025414122,-0.0530762902889501,-0.0609545789549415,0.098390024271496,0.112213714418124,0.0776845469202359,0.0582882392452971,0.017837149685723,0.124975443187454,-0.0398406043003923,0.0207982099826927,0.181283220809041,0.473454864690593,0.650448852800112,0.809039816162093,0.947421603329106,0.856617717380595,0.988841681408281,0.940931689138266,0.746583398633752,0.471826617975267,0.301342170207984,0.169985441336573,0.0499359084270757,-0.0631523032933717,-0.0665866836903229,-0.0585084930143982,-0.0596364408753657,-0.0397092442172806,-0.0246168718221873,-0.00687219104119696,-0.000601086757534924,-0.00424331192495903,-0.108084678841251,-0.0321834816292138,0.0241298377620154,0.0279800169786273,0.00657222704052396,-0.0172469026973044,-0.0146076207916722,0.230662110727287,0.186839239849192,0.155715156738183,0.127724330298769,0.0976213100434819,0.0682420283182496,0.0396815412231749,0.0115212665191327,47538.3726625377
"740",-0.1103141007115,-0.000146172882969539,-0.0499844738243851,0.0594056453826992,0.0940503096407721,0.0619407196267172,0.0643059888412663,0.019636041082676,-0.116805992188717,-0.154102314227371,-0.0397547873077283,0.206260163380691,0.472232049083818,0.665638819348118,0.802413733719417,0.948309718922212,1.07440367332112,1.09613399505778,0.998465785335455,0.730866383174109,0.474799464191422,0.289993778169534,0.174876474737419,0.0483595635380658,-0.0606972464447662,-0.0776307048613937,-0.0647337998559171,-0.0704352896997097,-0.0354186871099047,-0.026548413299786,-0.00586334737483711,-0.000129396246775538,-0.0618859523493227,-0.16292182414324,-0.0344499387471707,0.0625999745122745,0.0518151830377542,0.0180516852914792,-0.0199935309733159,-0.0157589870107497,0.22347710031445,0.189224139926439,0.157516752453378,0.126859331397379,0.0980294081219787,0.0690691330984074,0.0390556380566636,0.0114975921971565,47530.3831139493
"741",-0.108286307986501,-0.0308615088253684,-0.0337799654780696,0.1150254968987,0.107379005174211,0.0738410733241486,0.0565716233830575,0.0191240276405068,1.80178846962223,-0.128959202708572,0.03426069624437,0.170918959832965,0.493119192689127,0.646906132570662,0.804225234718492,0.946703987905632,-0.836733751932966,1.07773999622276,0.926264504722456,0.750714062697947,0.457275577716116,0.30411296487617,0.176948146197884,0.0497346237560723,-0.0517415523690348,-0.0774453521235156,-0.0552858887924655,-0.0571392998582752,-0.0355591899546631,-0.0227570110647717,-0.00945657215985025,-0.00093816197557498,-0.129208434673829,-0.127134355420753,-0.0804488201493567,0.0189816957463856,-0.00323381760602556,0.0218859402749105,-0.019325974977242,-0.0114903379053954,0.228664307988618,0.185789473693659,0.154209318321342,0.121627171457235,0.0959673607440352,0.0690496756990379,0.0396587514950784,0.0115292513430587,47525.405160939
"742",-0.110834554696826,-0.0209131454549616,-0.0590696795041907,0.0940741462855459,0.0939823292720145,0.0598936720593471,0.0614511379426706,0.0172927126986417,1.77220330852453,-0.0564366870000203,-0.0120949919426174,0.21260190785974,0.466089143396573,0.666699445051401,0.809796090258337,0.948051162671168,-0.806244786604513,1.00055086787631,0.969902684884169,0.712931236404082,0.480684121417695,0.288875179915051,0.167919149686961,0.0490346227842671,-0.0526623944166116,-0.0605594213727311,-0.0637202843835464,-0.054724356644744,-0.0307055742546802,-0.0260976617512281,-0.00662490266503949,-0.00145803192652198,-0.12377648572555,-0.162005089997354,0.0192153576021098,0.0230352769264239,0.0463632382458252,0.0211431153402243,-0.021023777950573,-0.0108020564953794,0.224113137316772,0.183912003208881,0.154488343653853,0.125625927603398,0.0968022453192457,0.0691071962319984,0.0398883945809495,0.011665958066119,47537.7849658795
"743",-0.129662401378294,-0.0603618634213742,-0.0855635505858816,0.0873412976627086,0.0856508408070037,0.0662076146584249,0.0638289481850101,0.0201804125534319,0.192471076438857,-0.0530111226201009,0.0674565065112225,0.196506775796419,0.495215029689346,0.668056831501217,0.806832049189501,0.946981453807395,0.779868330594217,1.00326808333965,0.904436216725949,0.734330206203593,0.457773065152029,0.286473885096088,0.169035749198949,0.0492634765889206,-0.0650076405284257,-0.0746202454313774,-0.0698949395697353,-0.0620175412484604,-0.0371160391802987,-0.0210097182243635,-0.00624813884927799,-4.68038602935593e-05,-0.102008142413793,-0.0772645235883485,-0.0258696439886306,0.0240653633355879,0.0220051025835757,0.00350866141333805,-0.0163143497297135,-0.0144892971557057,0.227260788403635,0.189321363072883,0.154975108880192,0.124116159627486,0.0988349989510298,0.0684336556802076,0.0396421104487786,0.0113280400775756,47540.9789750973
"744",-0.129485158114272,-0.0491799359062067,-0.0708992933478105,0.0639558040870584,0.0868914373747538,0.0800259929070262,0.0522097695660761,0.0157729496263862,0.5253819200052,-0.0899229954964025,0.0139060060672715,0.251939253121377,0.506501436161068,0.643852943471442,0.806391083168617,0.948666987117971,0.43768426384421,1.03788603483098,0.94626309788324,0.68417849380987,0.443331072612915,0.308813032029525,0.173356779229229,0.0484092246686099,-0.0727925755363896,-0.073997464833129,-0.0648224025365509,-0.0652697765858453,-0.0410871119399562,-0.0216286925868267,-0.00600214497619691,-0.000864538784009689,-0.0417551431846635,-0.105826280665949,0.018311762942615,0.0284775177883657,0.0398869725646267,-0.00899083097821621,-0.00929154884537081,-0.009464830210152,0.231861296911108,0.184275526121653,0.156988366572441,0.125713698392481,0.0962352548683327,0.0699592662836993,0.0395324692092268,0.0117218393202628,47537.4159034283
"745",-0.121502373114175,-0.0234315107678663,-0.0539548419592235,0.0465445416476412,0.10814008364361,0.0672446125187727,0.0523659163535534,0.0174508393819181,0.366091241655505,-0.00887599939975943,0.0273646213547563,0.231073219957947,0.48547879447335,0.657219817836441,0.806397438207344,0.945785006508055,0.601722579968249,0.955378107035821,0.932060980494672,0.704462698033699,0.461909302426375,0.301245669730342,0.173957364739613,0.0510492272537758,-0.0518091071194349,-0.0614317331676431,-0.0711646975817504,-0.0661021667102302,-0.0417383651972857,-0.0255736405558588,-0.00820129644632804,-0.000218424611061702,-0.0891586147841608,-0.175439601546071,-0.0194447729462067,0.0843415915898484,0.0172320980772388,-0.00889619716364921,-0.0128461766294908,-0.0112353974246651,0.227982467265829,0.186394774885048,0.155252338571511,0.123995569227685,0.0966615253194283,0.0699574299897232,0.0395198012199375,0.0114458222213404,47533.6413468628
"746",-0.0743223542226348,-0.0702082394489579,-0.100563900873403,0.0886220515302624,0.0993290937814644,0.0884387927086102,0.0551146863097825,0.0175114688697892,0.244541579062547,0.0192715719102144,0.0191214980494733,0.200734667937028,0.489852225052079,0.652791316450832,0.806470022541014,0.94750407831205,0.707486332350904,0.937649193191469,0.950066890066564,0.729859291949531,0.458466154996892,0.300638741537331,0.170867944607118,0.0495776686051897,-0.0412344781152574,-0.0827174253749553,-0.0677988231618672,-0.0612205685947351,-0.0347561958458398,-0.0214122402260821,-0.00895878901084801,-0.000481906984490593,-0.129340310000238,-0.0893209228757426,0.0227290206423333,0.0141231009841628,0.0207201368559684,-0.03939244978384,0.0013810222524722,-0.0123777595465431,0.231278366875032,0.185487710860248,0.157507513598208,0.125321294015304,0.0978889829505456,0.0680010759816365,0.0394716407115994,0.0115510208663406,47533.0077148366
"747",-0.106950373499814,-0.0300240420553791,-0.027601168670283,0.0895825235136535,0.100029012709748,0.0744417600217485,0.0516511371594579,0.0171527690499193,0.142465397159756,-0.142384370158461,-0.0822366491666937,0.219168548301538,0.473084001501353,0.661963882603509,0.812071757297367,0.948245559508568,0.818858740965203,1.08325061242513,1.03389749671783,0.712177676315305,0.476648792140467,0.292614168459772,0.166192182211403,0.0485682445443677,-0.0524573046284409,-0.0618821279940484,-0.0645011562035268,-0.0577279286553064,-0.0357682214873984,-0.0230759928050089,-0.00933516398177972,-0.000523956009069859,-0.0991490615324302,-0.0977156502695616,-0.0182208033027628,0.0126492495836134,0.0136547816444933,-0.00579036546988534,-0.000488664948600649,-0.0107730512694733,0.231618913310503,0.188399139003306,0.157057600827563,0.127467125893679,0.0988857114702243,0.0694764143843336,0.039320015034219,0.0113811809307912,47539.4761063011
"748",-0.163946570829323,-0.0310042062291882,-0.0688827679734281,0.0682158062134695,0.0934938022560792,0.0853504503239575,0.072064999079708,0.01929292514054,0.11529986347864,-0.0911481516593884,0.0195906838841619,0.22649936110064,0.485633370688318,0.646911770771495,0.804347943210064,0.945968277782552,0.859217527916526,1.03619852894779,0.945057626194863,0.707279943704926,0.460598993279367,0.303857396497518,0.171180581700564,0.0504989569556247,-0.0643581310231795,-0.0631566680818499,-0.0664192642944858,-0.0673591761047179,-0.0335220952820938,-0.0265217750081854,-0.00820638438315428,-3.24838193442851e-05,-0.0347460407853597,-0.126233810880133,-0.02202031779957,0.0598151902408108,0.065286866504592,-0.00416990741090513,-0.0270121780800413,-0.0134383695122107,0.227611407875973,0.185734487645586,0.154281004035346,0.127407994804525,0.0978793832645872,0.0696648200024433,0.0390278471618986,0.0113389229103832,47528.4561271799
"749",-0.135165434514094,-0.0360363746820785,-0.0432186593318554,0.0560974090320463,0.103798523274779,0.0806872535376704,0.0645734287902189,0.0168916435425168,0.857529950538599,-0.0987491398418551,5.37624077691964e-05,0.239123378693875,0.479120689604477,0.652297017056808,0.803867354219775,0.948555434793439,0.116254042555783,1.04571768648596,0.962711867888461,0.698089744600663,0.471370297546508,0.299272358044339,0.173488436891146,0.0487426476831395,-0.057797863747966,-0.0719673624230879,-0.0822921064633723,-0.0629007876365888,-0.0345383346053021,-0.0255622318886248,-0.00988948077891156,-0.000669645095992947,-0.110045849558321,-0.133890702979552,-0.0446464844121767,0.0543264441491237,0.0068568327691372,-0.000256414099554158,-0.020225832551905,-0.0123995521796075,0.22953116173714,0.18485444907937,0.158094790030918,0.124334516328712,0.0964834258432865,0.0683234754505171,0.0389507244804331,0.011742222654642,47537.4072401094
"750",-0.0858665627043139,-0.061052586071741,-0.0654032586856396,0.0883210525146009,0.0983446433194252,0.069676267255443,0.0545426074051556,0.0204720690496633,0.480790383818992,-0.113199302089284,0.0778110637403573,0.177970535232644,0.480557107070183,0.662139036846029,0.809314196175426,0.944712778926436,0.479648515394177,1.06661652427141,0.883069264361925,0.752550554494249,0.469256696343794,0.29264794327819,0.170337830777259,0.0513519825796217,-0.0462686075878061,-0.0711189030242791,-0.0526009305013916,-0.0601640199077962,-0.0402681025980954,-0.0283506467854235,-0.0106175301279703,-0.000439377172158381,-0.163101231325003,-0.092814062530366,-0.0251981453612081,0.0230880018002174,0.0372753251001954,0.00292430321271288,-0.00960534594089919,-0.0120433828350717,0.232230818275893,0.187693724487313,0.161217066097136,0.124629287638035,0.0953918063209339,0.0680734837153897,0.0389931404593887,0.0114727403576873,47527.2753189581
"751",-0.158812571746297,-0.0457263781117001,-0.0567096576116126,0.0978668078950022,0.104342352960766,0.0778387805169118,0.058109843177052,0.0189436326248062,0.744299668651536,-0.118036439450327,0.0160265777127022,0.201511558249447,0.498695820679626,0.65679216082956,0.806815336084051,0.94840316071854,0.226459729186471,1.06881342197031,0.946338288016216,0.726553302369618,0.448676449142263,0.298075374970925,0.169967270705986,0.0480209017366829,-0.0460531716448621,-0.0651431775760147,-0.0649885888878127,-0.0609883773217152,-0.0439582613590516,-0.0232747634682807,-0.0051917633373847,-0.00050638543208808,-0.0424653582328612,-0.112869155878157,-0.0377499499349662,0.0224293345432449,0.0227807227528189,-0.0162321958375365,-0.0085882346589809,-0.0122716208355395,0.236072450340755,0.183853167286616,0.158093212705938,0.123442484000086,0.0962328724620667,0.0701125843834003,0.03917440810215,0.0113293258454081,47536.4113082241
"752",-0.127398869168086,-0.00521539721330868,-0.00337859354876842,0.056398353826898,0.094992041615327,0.0876414877292514,0.060809696945083,0.0173007162837249,0.0987020398897021,-0.11077683578277,0.013607079842775,0.225864725300746,0.47565635128252,0.646997835204117,0.804670379279468,0.948726682038161,0.87030230417403,1.05095097623589,0.931277683193787,0.709893027781703,0.472707635007894,0.304640536408828,0.171728549304022,0.0480920782744487,-0.0460309676922289,-0.0666749479428812,-0.0633480821921218,-0.0643666478898824,-0.037271043152568,-0.0268135802393596,-0.00703601132567863,-0.000543869191799412,-0.0968163479140825,-0.172284690851333,-0.0553154581089097,0.0607017600414897,0.0427401860281948,-0.0103114779886591,-0.00730406824806019,-0.0110304829665089,0.230932926974173,0.181176019196135,0.156911801537711,0.130180956500429,0.095573011649785,0.0695313573571781,0.0394840596826164,0.0114667401051963,47534.0245882294
"753",-0.169495897885604,-0.0411503850779953,-0.0346790989877671,0.0833431924543516,0.0936424763880565,0.0716617099417622,0.0502528356838313,0.0173926689879763,0.692015629944824,-0.0623936281401906,-0.0122538907075726,0.215030846712532,0.489288709328427,0.667359218291161,0.813863704022126,0.947672125751846,0.285493778166898,1.01283525471884,0.970731732155217,0.715130186869447,0.461550388631544,0.288592115514257,0.165423670131376,0.0493262056886746,-0.0565074079990755,-0.0679017822685583,-0.0740123102056017,-0.0637058778632725,-0.0351432885838703,-0.0303503370023977,-0.00622936425045009,-0.0010169289746683,-0.0627304538257586,-0.147232560694608,-0.0413349894943431,0.0357334567941897,0.0139272823220553,-0.00144856990424213,-0.00677755717040188,-0.0118169977603767,0.228973512180261,0.183865857817806,0.159043398271348,0.124997252799425,0.0966002418284701,0.0695210320017154,0.0395108136610446,0.0113185022991857,47543.8398020701
"754",-0.157549697368577,0.00266018409601717,-0.0448492111287245,0.0941038060777374,0.0673000654826907,0.0755276078702016,0.0626611083047653,0.0177963889577516,0.905194608557207,-0.140219758613643,-0.000147558622425945,0.230083337945767,0.511972313548726,0.653645262506662,0.806120375771299,0.948492533538781,0.0680260745442544,1.06961472758027,0.962954522483853,0.695213587599432,0.444305603354545,0.297448526968983,0.171323893772223,0.04816495190767,-0.0521704550841866,-0.0542303674272399,-0.0633189640806169,-0.0572380278227883,-0.0404223456052799,-0.0226858945151247,-0.00934232565707515,-0.000454735974801039,-0.0756864523892497,-0.11565342723588,-0.0566239389147203,0.0290330665053942,0.0378081235150432,0.014587835940428,-0.0167008372360044,-0.0111667035146409,0.231610962151815,0.183208501091134,0.159413809119495,0.127471450282346,0.0951832814502006,0.0698391027714591,0.0387689821039659,0.0113360390368053,47536.4117394484
"755",-0.183089417092448,-0.0704437500806603,-0.0291275738014573,0.0742046277444514,0.0830828521008225,0.0822370135411031,0.0600589524542819,0.0185956362584043,0.581569858456134,-0.113405119320236,-0.0173891118891219,0.203419280670662,0.490697392766495,0.653044624395104,0.809469544275214,0.947338457601849,0.403819389736571,1.06792981708374,0.975042114192647,0.730876296572472,0.461062261853694,0.298390161137907,0.168469887307445,0.0495376151503742,-0.0611998466493058,-0.06065498566445,-0.0673461667587796,-0.0655144029780493,-0.0370993458116307,-0.0263035562757112,-0.00774143094076026,-0.00130117562871007,-0.061589726969274,-0.11318164784359,-0.0660369874055705,0.0348983571022909,0.038182866373744,-0.00119170739922055,-0.0157898420368042,-0.013006134790481,0.229718143949377,0.186693766931798,0.15903533512441,0.124932140148636,0.0985059405065162,0.0694276896295302,0.0401791936794868,0.0113498268671445,47545.36329873
"756",-0.0989469338848571,-0.0117707109552775,-0.0463975242634492,0.0911081321692052,0.107960715132698,0.0756137557590523,0.0643412342043424,0.0181171607889115,0.334228652676184,-0.0919280664570954,0.026913138978834,0.227060997483006,0.472635504268954,0.675435954358007,0.809367677389987,0.947903451316082,0.632878053691634,1.03436874868872,0.929960157935752,0.698782541068737,0.471996894390115,0.277248522081332,0.167512501965108,0.0485368415767628,-0.0470297988036259,-0.0693959764322239,-0.0568878504856164,-0.0610020666042764,-0.0382537751760884,-0.0263700903994678,-0.00937852784454063,-0.000548060217479235,-0.162601886719066,-0.150530131971225,-0.0223253638472564,0.0432221918605703,0.034776096765563,-0.00223642644434425,-0.0205436745240597,-0.0105944301499477,0.226636598537512,0.18511298183025,0.156040399100374,0.126359821903869,0.0962705215340813,0.069637311959228,0.0391682077287789,0.0114527240289775,47543.0461261081
"757",-0.140152220141544,-0.00727782927944772,-0.0900046378787124,0.10037162575057,0.100683667757509,0.0622833055441405,0.0664123731998402,0.0175351060251094,0.0872234930692121,-0.0884341774951769,0.0125366482753892,0.191018630644442,0.472006657555667,0.657234699805802,0.811628384523353,0.948523491700797,0.878502537424998,1.02177988113081,0.95589420280124,0.737348563982499,0.476387711345735,0.298456776848253,0.164244702124155,0.0485523786668092,-0.0568186185502667,-0.0540234435445302,-0.0578685552096559,-0.0647717333910875,-0.0371010670141553,-0.0233197250618125,-0.00808573335196751,-0.00152441649223029,-0.0521839661797742,-0.116830734771786,0.00248637485158341,0.0154322270051764,0.0241015432592464,0.0119517597460235,-0.0212663330043824,-0.01231131973336,0.231150391000188,0.182979175944149,0.157921081007396,0.12591911327591,0.0977830641246966,0.0707060326280567,0.0401505620306378,0.0113216760817814,47538.2835743945
"758",-0.138850279175917,-0.0260304094136996,-0.020961980622108,0.0733841780448346,0.0961108694665083,0.0806618637195461,0.0622794352041419,0.0176912088861514,0.138464310776778,0.0312234906101069,0.0363224114872229,0.213108602698349,0.500943298486196,0.66730849605218,0.81163547217246,0.948053967910663,0.835638433344757,0.917255942336327,0.91500894920869,0.724513103419183,0.449184346485913,0.284375731873054,0.165299861469842,0.0491525301349432,-0.0697072435866284,-0.0670126786616193,-0.0617498845333943,-0.0696485857401887,-0.0386268769113529,-0.0228716611616001,-0.00943226634107394,-0.000985217000208893,-0.0975124210081713,-0.176546916009604,-0.0552292542357634,0.0238540784984001,0.0169601131760652,-0.00721691261110079,-0.0149429897031724,-0.0136155047973126,0.228643651366532,0.185392072119891,0.152632164002474,0.12559603171125,0.0986702405681663,0.0693764009034503,0.0397518652498832,0.0113085084011462,47536.8103360669
"759",-0.144488601768117,-0.0678642306386626,-0.0454933977801355,0.0769461036275295,0.126657352847326,0.0781851466466594,0.0570868826790339,0.0187627942449127,1.14288517059651,-0.140901372475079,-0.0281999443106353,0.192203761059464,0.465564055550268,0.644516852399727,0.805391514900888,0.949059041310568,-0.169163765929889,1.09192248569315,0.986190914583435,0.739420541775133,0.476062932887591,0.309694501139361,0.173171345020024,0.0480318406739322,-0.0648109904696064,-0.0678550275689525,-0.0703322794303535,-0.067830513092317,-0.0388579815789646,-0.0293597195784633,-0.00725318886733665,-0.00150610298701445,-0.0878494191580918,-0.0847827212643451,-0.0137703583220866,0.0440813382753227,0.0109303138778701,-0.000794431255542086,-0.0113058878456213,-0.014676159597769,0.231497145726536,0.185631243071221,0.157980419136753,0.126374994565286,0.0973107115312202,0.0681301415991287,0.0404145732969513,0.0117174132580238,47534.5844886914
"760",-0.193854708002794,-0.0871207257953983,-0.0400048668191595,0.0745507937538148,0.0940587254326469,0.0652347574295389,0.0665016968253634,0.0162577070797685,0.461204506712249,-0.0546449943610403,-0.0019506058587144,0.210654166299507,0.474664479200117,0.650247894499763,0.80509818347515,0.950076286250877,0.529646761942415,1.0057994342795,0.961823081981978,0.725573768295869,0.47669413363741,0.304262969795593,0.171319456681955,0.0471603461642406,-0.0675945888384658,-0.0707545297159145,-0.0625058315571967,-0.0645097019594375,-0.0424481146872519,-0.0217686268313702,-0.00522559286760715,-0.000599999604831858,-0.0803638607763825,-0.0288610358645472,-0.0493019881667371,0.0251342043732425,0.033657980672405,0.0162101416376118,-0.0257815514442933,-0.0120344157311757,0.233707490818066,0.181103371622487,0.154575945444779,0.125561794029449,0.0969908557938072,0.0686403921373269,0.0401968630470046,0.0115781056740223,47533.8165514254
"761",-0.100148711900754,-0.0191577884871606,-0.0816644358633145,0.0649451664315732,0.110203402428864,0.0740312723053469,0.0580248874360731,0.0173431940525519,-0.817410392039471,-0.0381020650459598,0.0421196664151892,0.197363855154388,0.48874290803084,0.657189710014616,0.810520490813931,0.947482458177464,1.77649522387509,0.979731708360409,0.920336530562992,0.737206237254468,0.454513872577286,0.296328202884586,0.168601066036282,0.0495860541478692,-0.0636653845789086,-0.0682503480656951,-0.0733452006237919,-0.0580508694207299,-0.0343227557748739,-0.0259197613722135,-0.00585138170014463,-0.000491703196608771,-0.101565389473412,-0.138520707585281,0.0273554098400225,0.0488615315147897,0.0247384033295803,0.000181116842353035,-0.0213629840642723,-0.0123337954874549,0.235461198476638,0.189056207932556,0.153056842662832,0.12642462623184,0.0968824623387544,0.0687810204391844,0.0401828434412585,0.0113346126765313,47532.0915034665
"762",-0.145845131438962,-0.0329323735729528,-0.0934994290239446,0.0909517926578984,0.0964376480105961,0.0614800849018238,0.0602923829854789,0.0199469269826488,2.05891800465013,-0.0892453528983461,0.0157661872089343,0.196460907079955,0.493952491602109,0.660045057390312,0.810884183089902,0.946330778634101,-1.08384564559774,1.0359890931991,0.952535216962669,0.733204756725007,0.453835842110222,0.297505067281211,0.167334463517788,0.049924219433976,-0.0676633591075003,-0.0597417465109972,-0.0541858838894887,-0.0624124763913851,-0.0332066903230709,-0.0214087576601158,-0.00793665863848237,-0.000381484860618244,-0.084103233791393,-0.143062295724736,0.00776721239316701,0.0184406912819141,0.0247006987546194,0.00166682369434379,-0.0174095092266619,-0.0136979730127826,0.227402623365454,0.187659164172525,0.155715204875377,0.126128911756056,0.0969065614300722,0.0690620629353261,0.0398963411098298,0.0114071209162855,47538.4064395899
"763",-0.119444169996884,-0.0616457200650337,-0.0333563221251587,0.0649809809719867,0.128145857473802,0.084975932895498,0.0559752181951781,0.0197678932051861,-0.483081477654944,-0.0801932069449428,-0.052838575881168,0.251767998577535,0.477766150808864,0.645481702794739,0.810455531964576,0.94699379333496,1.44253449209047,1.03187065172725,1.0084507767311,0.68448609541133,0.463847133836075,0.305736151957219,0.168841891998253,0.049736464548822,-0.0477627529903736,-0.0624570887347349,-0.0691972738042129,-0.0597231221662153,-0.0347982622735624,-0.0204911462618344,-0.0104934417034517,-0.00105995863631511,-0.0603657186669744,-0.10059101887187,-0.0140069302526946,0.0270802777707617,0.00392458852118717,-0.0094179153833957,-0.0132862109960877,-0.0156768428017841,0.233919563075361,0.181789053475139,0.159983699041421,0.124394971518477,0.0959538313063825,0.0699757230164644,0.0404270005683764,0.0115203620724571,47532.2820488334
"764",-0.130630910272439,-0.0563302474092459,-0.110148397286188,0.0968039935617966,0.0963138271500372,0.0753338753259264,0.055681929635243,0.0161984328598885,2.27884672636821,-0.105824667117757,-0.00423059176155083,0.20258973859011,0.478426305373053,0.654011991072245,0.813999810278296,0.947000218948215,-1.30780311351163,1.05309971205184,0.978801590936778,0.729920515113021,0.470213294595337,0.299693838897054,0.16501381875106,0.0501634762921814,-0.0461025492996909,-0.0644152839823038,-0.0801801569425859,-0.0624384242986607,-0.0385246708331888,-0.0247770891512664,-0.00657472912238596,-0.000693445838605224,-0.129128849316593,-0.100136505039766,0.0331175389023588,-0.00350881110314045,0.0306340911637186,-0.00741420986330654,-0.019873687766644,-0.00957929378756988,0.233668808433315,0.184376167512198,0.153743203083659,0.127361962176288,0.0958876614675197,0.0694394003087218,0.0405200027752351,0.0115537672770787,47527.8133387573
"765",-0.138547424351197,-0.0530342035611311,-0.0475943709380744,0.104789724606054,0.0909553642548162,0.0764091130518363,0.0630952477972876,0.0170772674908818,0.363328850755857,-0.0766343984522282,0.0220740985826053,0.178133614790983,0.503298742074965,0.645285372758125,0.810763558874852,0.947151932815384,0.605872876484914,1.02389652880518,0.938389741479364,0.749422476365284,0.448672085264159,0.307479685786843,0.164857292439854,0.049874200035858,-0.0415667566287868,-0.069649896124642,-0.0716168758801794,-0.0575803260970052,-0.0396815936731146,-0.020129068119058,-0.00627766769004988,-0.000820084683906238,-0.0963361368719623,-0.101457384745888,-0.0313572945418158,0.0122799741792558,0.0190235675157149,0.00260741586088992,-0.0171801576939071,-0.0108683349051323,0.230130465419452,0.18305556165341,0.157978019130557,0.127111796628118,0.0984484360833584,0.0697558395835517,0.0403330767992069,0.0112160938544305,47540.936632609
"766",-0.133551601514007,-0.0496724564854669,-0.0900357645227253,0.101782599726133,0.0823879252438606,0.0782222319922012,0.0683525071833897,0.0166178088101452,0.538641304857814,-0.0524160872271659,0.020709442765333,0.223660059046106,0.518772868691214,0.656954035088647,0.804402085000141,0.948694607321531,0.42673109579703,1.00256268349012,0.949963315722147,0.698524743768727,0.432515717161644,0.296951667985324,0.1716905341549,0.0484123751139186,-0.0591368832280871,-0.0686811427019043,-0.0617878317126469,-0.0561405350125394,-0.0408560485945861,-0.0258519868118324,-0.00765035341343706,-0.00122766331339527,-0.0530462987088282,-0.115268434492771,-0.00479134202077846,0.0258954315044892,0.0317653955023692,-0.00702084423438125,-0.0233097640053382,-0.0100398021887036,0.229733755315742,0.184033658217173,0.157803895709845,0.125246735644006,0.0978525185875277,0.0683181440000644,0.039668219814363,0.0112636269967742,47544.1388693038
"767",-0.124287069570001,-0.0250790545157881,-0.0654552369306368,0.0806035046592923,0.0992263136599461,0.0667741361093575,0.0599739476052562,0.0196396529541961,0.185155172560756,-0.133644923374967,0.0818595044332443,0.224173646217852,0.490171130815963,0.656464006453976,0.811238770303842,0.946618592426814,0.782229783270928,1.07491473624357,0.882120402957601,0.709942458908867,0.456880281529731,0.297947559243752,0.168000677061714,0.0498581030693222,-0.0448572244370332,-0.0744082627414448,-0.0639301785878096,-0.0656532570558533,-0.0362507586183191,-0.0248533607442868,-0.00740627090759276,0.000215800302499493,-0.111216330516777,-0.107124546301337,-0.0208628537983342,0.0271646710813033,0.0283746162305381,0.0122199292310415,-0.0285656271522405,-0.014133956298354,0.23524538078029,0.184438173334071,0.156922413377573,0.125811848532021,0.0987454552774044,0.0698697159935221,0.0395262263323455,0.011282705637593,47539.1008276849
"768",-0.141573403692803,-0.0116562819858874,-0.0655785111218252,0.0807878908750982,0.103321884721493,0.0794204060572836,0.060776484025079,0.0188058673492425,0.239203428487391,-0.104532297184422,-0.000767443667727136,0.216154136559538,0.50485691233308,0.647778568112989,0.806819070294215,0.947361287013517,0.740514015446175,1.0458178909411,0.958938493092991,0.71431326909104,0.446201690572725,0.304051821239786,0.171420582923109,0.0493151707850789,-0.0756580848592638,-0.064799977682131,-0.0615264418855805,-0.0511414242456149,-0.0399371292628675,-0.0215687286430945,-0.00747490367226929,-0.00119160987254076,-0.115409375045396,-0.161238100316144,0.0060064582588739,0.019872635264463,-0.0019455855567639,-0.00536520190198653,-0.0244458356245703,-0.0117789013935644,0.228828785363529,0.185527983020729,0.157998446342023,0.126913494553704,0.0982069433488924,0.0690749854199499,0.0390967025380567,0.0113814610245909,47533.846373417
"769",-0.13254751932497,0.0119849685296302,-0.0813225145884116,0.0399013886205192,0.0976078242513766,0.073227253255226,0.0514534548118766,0.0198376720650173,0.445889997153339,-0.0286447401045569,0.0389206263491212,0.233389398634735,0.485003152236663,0.655233663688599,0.808961058551409,0.946064245095215,0.519318914976574,0.965236604866814,0.927516089802632,0.704316826912689,0.466438873823646,0.301563812184821,0.171747950742828,0.0501460756228696,-0.0493398056624271,-0.0601809058052619,-0.0682890159164886,-0.0633273843110132,-0.0448205344821708,-0.0244011210421528,-0.00991169679911374,-0.000819924540771824,-0.064361240547787,-0.187161655705689,-0.00170968459047866,0.0804837215015241,0.0174498892550029,-0.0143750296708935,-0.0120495269110031,-0.011269098911378,0.229228857591989,0.185917155349539,0.155555996383606,0.124282986479168,0.0968299189260258,0.0696497197181049,0.0395760585040294,0.011489206292953,47535.2996777686
"770",-0.149468573049673,-0.0200728208996178,-0.039875042168173,0.108676801929701,0.113173447915142,0.0911106077580241,0.0625134582732724,0.0190325757822198,-0.207735851026509,-0.13380234890528,-0.0608125274490168,0.224152613495767,0.471673392098345,0.65443659144397,0.806959655035146,0.949226316702976,1.1717682152468,1.07007707418609,1.01756562726489,0.700600506377397,0.473695428950208,0.297805553340733,0.168046068260039,0.0475692497822696,-0.0574395292904346,-0.0610067991611857,-0.0578742916488978,-0.0577103662141066,-0.0336353231704174,-0.0181325823408156,-0.0080780889897946,-0.00157101209881195,-0.00807334133794074,-0.112519010117969,-0.0250024320068813,-0.0039348582368617,0.011942953570267,-0.0347319991201553,-0.00960634798905365,-0.0135439328563113,0.23017049314649,0.185461719608151,0.157788125822641,0.127070265877679,0.0971529461585882,0.0682678881399168,0.0393932537220183,0.0116166469445245,47526.2242308843
"771",-0.145499911312355,-0.0140705167379974,-0.0334067534781655,0.047867727895905,0.0892934461943331,0.0830597825539444,0.0648082734754726,0.0174836338957173,-0.539467810496791,-0.0830405648519228,-0.000541415614433372,0.225839068891345,0.494326234401825,0.662335246496751,0.801646036324609,0.947245836451904,1.51034263744465,1.02635818577074,0.954105065193877,0.715937491590536,0.456283666461752,0.289707070993377,0.17682895357591,0.0497065751552996,-0.0583949732015974,-0.0748383601461605,-0.0616040230125023,-0.0639226412618312,-0.0311877246731945,-0.0266045396620738,-0.00894962595819972,6.8763143703232e-05,-0.0730404288470497,-0.139802622368585,-0.0255994497227826,0.0362906623598108,0.021395625912422,-0.00705459482880384,-0.022985344718278,-0.0117684597237101,0.228508128025623,0.184185155198247,0.155847681707306,0.12726085808738,0.0953767414126394,0.0699397497560752,0.0399293226861185,0.0113553104952465,47539.0812300749
"772",-0.0355071154717858,-0.0371753931930079,-0.0493672081423043,0.0765836927842719,0.10090933058894,0.0850840922034791,0.0603801520401117,0.0183608093329686,0.770651820463058,-0.031598383274077,0.0739614169925587,0.215191066417297,0.48087930923588,0.650485307183003,0.803023573103626,0.946984218050084,0.177774823056301,0.975266231589258,0.888591125639098,0.713980908549672,0.468106492733595,0.301817191004456,0.174938500875729,0.0494854327830458,-0.039906174587006,-0.0709130796343063,-0.0622549636408961,-0.0647328416930003,-0.0432289122804172,-0.0279357376026417,-0.00727933010396193,-0.000228806031899731,-0.183627949650161,-0.102294577638965,-0.0549842376861017,0.0498833654872979,0.0231315931412542,-0.00598155458089762,-0.0135229610259005,-0.0115513918106224,0.227049819203508,0.186634937433921,0.155579409333329,0.126867089744404,0.0979974883154772,0.0710274863375399,0.0398907471665734,0.0114460203121723,47537.0810143526
"773",-0.15432290720851,-0.0350211081254914,-0.0819215237216682,0.0918411125532673,0.101147832328499,0.0716496040409862,0.0618178278878864,0.0178304355236426,-0.141745156383705,-0.114013146253746,0.0615376012628324,0.219287349390415,0.493007107144187,0.659415088082669,0.809473299241263,0.9465162059799,1.11670362229547,1.05469427089365,0.900203289928508,0.712684739077717,0.453240257717622,0.294942634659875,0.16719772563798,0.0505664725144825,-0.0468717721469352,-0.0734567202147363,-0.057431449903103,-0.0624824390369794,-0.0364045647580817,-0.0261295971801049,-0.00916481679694076,-0.000753643296154196,-0.102674857549165,-0.0750933547469993,0.0236601188212523,0.00724670050887072,0.0294622564086012,0.00688052417256272,-0.0131662953106785,-0.0124679960609896,0.228061255712228,0.190465070333273,0.160137553066998,0.124407654826921,0.0963605110554906,0.0679794903385273,0.0397043309547726,0.0114380445726945,47539.4611512742
"774",-0.102524984644667,0.0357951200196651,-0.114505605639314,0.0896511442442172,0.0920239494218134,0.0804419844112976,0.0606591353007961,0.0169012849484639,-0.620910992871314,-0.102501200945788,0.0711273590691595,0.186562288723581,0.471639397857544,0.650177093481508,0.807504366119792,0.947373403808262,1.58376918029152,1.02790153025206,0.907574542272052,0.742206865122788,0.481226716798527,0.301990941647769,0.170320474988326,0.0496513728883065,-0.0494934905454178,-0.0589165447766258,-0.0707545024362546,-0.0676245652458668,-0.0337859821944378,-0.0227206531016292,-0.004063015275422,-0.000540319139754534,-0.10727150242563,-0.150647343931874,0.00628009802765258,0.0410949275816776,0.00829811906424279,0.00194908645647902,-0.0217287243692722,-0.0111510718816907,0.232325879867177,0.183098072560505,0.154234320759857,0.123918114650699,0.0988894642643757,0.0684681564242365,0.0405832047987961,0.0115400438781705,47522.339552477
"775",-0.132892375935719,-0.043336885599566,-0.0524098670751326,0.0996079467429048,0.0737432024859155,0.0814538252422388,0.0654607462144491,0.0162829811134553,0.514579471574936,-0.0657791732383022,-0.0138751094551678,0.155055643727256,0.492742012721867,0.652858312635552,0.797633633687476,0.946487472325238,0.455265735345179,1.00810284561283,0.974778173764573,0.77020161418002,0.461014508274537,0.299140401868286,0.177125676293065,0.0508630067778776,-0.0455744395447288,-0.0658785044133633,-0.0692209510665633,-0.0603659434721166,-0.0367405085673903,-0.0228488317588484,-0.00466547368003159,-0.000469396734503372,-0.116658486834765,-0.0925472733942235,-0.0270591651670371,0.0422742154257142,0.0439347130436395,-0.00680777258880472,-0.0109585397186599,-0.00947064899782462,0.227014689213464,0.190274182700718,0.15801462752484,0.125000843556663,0.096215460219458,0.0682420490421744,0.0399754088111458,0.0112172460485888,47534.7612216946
"776",-0.112243323785482,-0.0369419822703385,-0.0726440936026663,0.118385359683102,0.089853465301849,0.0745596726952873,0.061835791234322,0.016429539950004,0.743478266832386,-0.067085926870076,-0.0148393066657077,0.184114895793051,0.508322040466851,0.650750483284645,0.808648721726608,0.949885465750433,0.216443991048342,1.01519616531714,0.983044185207905,0.739452582682806,0.444064985581761,0.303206677527453,0.168258062674594,0.0474226391375909,-0.0556317017854472,-0.0684305802767286,-0.0663809193946792,-0.0645645683293692,-0.0451154964847298,-0.0280670718167812,-0.0083727059346159,-0.000809509521319564,-0.0664648621653838,-0.132016940883945,-0.0168489910522547,0.017700352503843,0.0243857300628168,0.00499547728538387,-0.015032548538512,-0.0108345640939723,0.229259969072457,0.186024874540297,0.157140364403116,0.124585114854344,0.0978157321891349,0.0691087178869371,0.0401781339749845,0.0112490213672229,47535.7917488884
"777",-0.157066332447952,-0.135371857657047,-0.0241308866299474,0.0681076659478204,0.111352007964201,0.0695103125469492,0.0607172428980534,0.0193801056673399,0.987301012471444,-0.114536383580141,-0.00871562467148827,0.221458058760407,0.503128280478736,0.663384236772156,0.81298506248688,0.946957413866953,-0.00756117521364915,1.08462742871253,0.967092253402484,0.716242336363428,0.442773762223227,0.292368208153519,0.166021130032028,0.0491736730929085,-0.0729644614543505,-0.0890869337336078,-0.0653672254681246,-0.0669023784836201,-0.0390083117479965,-0.0227909064569367,-0.00858383716610542,-0.000349016439943878,-0.0676705752591835,-0.0228197402216977,-0.0798285864109088,0.0241683323162765,-0.00107894994893396,-0.0030896146965341,-0.0235826995511647,-0.0119473883229598,0.227253659749364,0.18472457948523,0.158653071596439,0.127952598002097,0.0983800308519669,0.070105266619755,0.0382742143937493,0.0115934369718998,47523.3172276758
"778",-0.156961197541286,-0.0754356139741088,-0.0590153054387097,0.110474809354982,0.106576901359816,0.073172070297751,0.0614359117775139,0.0177834505838831,-0.2028292357788,-0.0717866863604358,0.0213237609402742,0.180276861396402,0.489709163694334,0.670193945033087,0.809650240078044,0.949720094335677,1.17810574800974,1.02564901314158,0.940896333087643,0.739323292191158,0.456983275668295,0.285480665043899,0.166806864263096,0.0472616542220449,-0.0628557525460229,-0.0729426671100945,-0.0768504188061446,-0.0622285606857688,-0.0430068323034395,-0.0220187455168686,-0.010000534228339,-0.00150565222917154,-0.0639916988626025,-0.0812473808105469,-0.0070239481896591,0.0511102245013291,0.0241672507365184,-0.0178366755247883,-0.0127375488643182,-0.0121099227821099,0.226633164463609,0.186868083523939,0.155098762906687,0.126860286373837,0.09801333354454,0.0696791003888441,0.0396119278041154,0.0113880490315694,47536.1112038113
"779",-0.148179936013018,-0.0283674517160746,-0.0828034844966728,0.0859341444744799,0.0806046638703169,0.0917517886957163,0.0556143442026102,0.0180342588971552,-0.372767596168024,-0.00652717915521718,0.0304625620725822,0.233815016946734,0.472429435774582,0.655265797685394,0.807222111355453,0.947487331125262,1.34335945629552,0.949670673615907,0.942065659493485,0.696277297183212,0.481133058897609,0.294693520095472,0.171333965479342,0.049320718239271,-0.0461836760484954,-0.0601052584897869,-0.0755900445899414,-0.0702300013864296,-0.0393707418740892,-0.0224971891802805,-0.00622331725101244,-0.001482357006932,-0.0570882793549785,-0.120052784273574,-0.0228448044233347,0.0398855112636219,0.0537889562960178,-0.0239955095393466,-0.0102534957358694,-0.0110720737951524,0.228903882417969,0.18945672872695,0.158882326177463,0.123273078506798,0.0970505071131512,0.0700990383006526,0.0392610030068171,0.0112294647493634,47531.9312825817
"780",-0.178044438836441,-0.0666843053014843,-0.0609546480757319,0.0548172264869864,0.114502533281468,0.0743127953770694,0.0578646199008934,0.0169403322349334,-0.14634503999956,-0.156058397422821,-0.0800969432607445,0.231132474215398,0.463398595733058,0.663544117344938,0.806645892661862,0.945844656045137,1.1210342262194,1.10507048606102,1.04383327363745,0.705510101081447,0.485552043333935,0.291911415965505,0.169900565333774,0.051308910280373,-0.0523835911784657,-0.0646140857022791,-0.0706248569397821,-0.0689645521948349,-0.0307230262477755,-0.0242563072221514,-0.00322524345545634,-0.000284219071917854,-0.0152656503897019,-0.0725644493845112,-0.00554714797936139,0.0672562862008482,-0.00638083568599411,-0.0128574086975229,-0.00876543461924746,-0.0100510752429062,0.228294428535255,0.182258151962462,0.156251405138505,0.127128630093393,0.0954285090019533,0.0699545365256779,0.0402240278940067,0.0114673137471938,47527.59423683
"781",-0.125426386225281,-0.0283440810718741,-0.0256471946361989,0.0861813541156325,0.0932226600527041,0.0730151675014925,0.0634575812588464,0.0173183866619835,0.837198170900386,-0.229656245846831,-0.0148753729693794,0.212818856681584,0.499367376142661,0.652902143363839,0.807702464168374,0.947120113242643,0.139277593105206,1.17189259327678,0.969221319152785,0.717414614975558,0.44982669723882,0.299071833299227,0.168611370719412,0.049956332929482,-0.0639886885571725,-0.0718478323670737,-0.0687854707923765,-0.0626901049415182,-0.0355749963023833,-0.0228547109519506,-0.00726561739724581,-0.000754298033448451,-0.132635702456837,-0.123464979518617,-0.0447021143760253,0.0186399997741092,0.0221239800976647,0.0145744795718582,-0.0141091949108012,-0.0107080762237754,0.231105776995349,0.185091152209985,0.15990524063216,0.123942049824253,0.0981237751053677,0.0702826606037306,0.0398185402034918,0.0112233745682174,47541.0421586883
"782",-0.097281554974421,-0.0340962897620204,-0.0651278669309865,0.104679290067389,0.0874523315741593,0.0806161806903372,0.057836692544271,0.0177501947325257,1.65439927336515,-0.169884741337101,-0.0120454736813809,0.194863844520929,0.495229121400307,0.661783131296822,0.811761449639421,0.946861467456574,-0.700697839505474,1.11210638706097,0.974462591083865,0.729518613691962,0.456534280555723,0.292585774509564,0.166016028631302,0.0498360268551498,-0.0457845806446926,-0.0658201256570841,-0.0727661898363198,-0.0610329177050077,-0.042464925084925,-0.0215744887762074,-0.00894069060084358,-0.00052551520784185,-0.0710425797098761,-0.112571140306631,0.0155409111525109,0.020046984443295,0.0430306733896369,-0.0219806039139227,-0.0141300647397002,-0.0105979691173706,0.23281841593944,0.187065682797479,0.159505468696319,0.124126340353078,0.0979574968761792,0.0697541126320477,0.0393229437657758,0.0115716137072032,47538.6410792701
"783",-0.172281206546486,-0.0253849697542994,-0.0511261555095966,0.110375125230727,0.0888722403405089,0.0668161715949815,0.0628460250685464,0.018273318212338,-0.346507139375494,-0.133660278456228,0.00520089812996161,0.175631098528991,0.473248753684941,0.665232554929085,0.805536395313989,0.947265509534074,1.31794545457621,1.07943632826279,0.952125880440757,0.748759866490894,0.476149511594586,0.289245259170594,0.172084811680604,0.049601208774226,-0.0342821585312318,-0.0777183820197339,-0.0694543457575854,-0.0638679234137595,-0.0385289163639049,-0.0251517369989372,-0.00602488585387167,-0.000554499110034752,-0.0412788567517793,-0.141656835715392,0.000180342508875938,0.0169198231632394,0.0381360763966578,0.00975584848512778,-0.0248978202237017,-0.0119735217729693,0.234448798664566,0.183990460650849,0.159025112794529,0.12232358380606,0.0983360582052641,0.0704859986348182,0.038975490016062,0.0114003586509985,47530.2608818979
"784",-0.155960084235457,-0.0440608328969941,-0.0335916413350529,0.088413675886784,0.103826560119476,0.0625169813519272,0.0646941630058089,0.0146564364148759,0.755949793350602,-0.0475662845090927,0.0638216486610195,0.205922713173461,0.486088708306061,0.669724051780023,0.803979417424353,0.947912294281949,0.220294490934611,0.996099918664371,0.893789367513986,0.721503403232026,0.462825800237522,0.286116463323831,0.172643571624243,0.0498090613235449,-0.064615189315428,-0.0758631048602235,-0.0725184402073109,-0.0608847245919539,-0.0431816199128493,-0.0288215253294392,-0.00713607634411909,-0.00117666664722672,-0.0470071650266219,-0.0991788312435598,-0.0550116055036292,0.0266714072799471,0.0228071817377117,0.0125449275315252,-0.0194587150036665,-0.00890103055576287,0.22809784247026,0.185783330718237,0.155494171183408,0.124801395454873,0.0979747889550549,0.068183803552861,0.0400585250335066,0.0113018262397128,47535.7544800099
"785",-0.120577236337782,-0.0197952651549904,-0.0739090700323012,0.100499411151995,0.091371602505611,0.070206594324815,0.0673012453114147,0.0186995224479783,1.15961556941556,-0.0399339271881371,0.043324828253902,0.236328190548476,0.477308341175158,0.656309765437075,0.804140651574133,0.946581897851555,-0.193108804326685,0.978346607407161,0.923040059623376,0.691826716439486,0.472201703595781,0.29634604297648,0.172541332952467,0.0502201528357448,-0.0517947231519727,-0.0732093841464876,-0.0629829012993705,-0.0678982370028621,-0.0330147081265717,-0.0210715679997844,-0.00672284455058715,-0.000389716103937154,-0.0836699624867822,-0.114747297881975,-0.0126791649102721,0.00617627678705181,0.0341372791661938,0.0146777069802623,-0.0270972630036424,-0.0135531176765997,0.228487178314797,0.187253542654361,0.159187865536984,0.128267777691032,0.0966500226052256,0.0713927855345613,0.0392130641555574,0.0113289122275929,47536.6001583504
"786",-0.126586267377435,-0.0892585522305981,0.00258358583688774,0.0718554860533121,0.0832810926255672,0.0915221014264729,0.0733802008788755,0.0185530360002932,0.734485506534153,0.0167231051149462,-0.0559539602503564,0.227008015420397,0.493739486621851,0.6485918419152,0.798074811941879,0.946353258975493,0.238028169385114,0.940491306607572,1.00461552854408,0.709373154364225,0.456391850398688,0.302032176715596,0.178322226660255,0.0499403961624891,-0.0581233892091924,-0.0849699266258464,-0.0647519889570563,-0.065614933427621,-0.0382467700813741,-0.0253792176330446,-0.00657880053497507,-0.000383545974255523,-0.113307515162738,-0.0661640311014465,-0.0748529985196227,0.0263761301716764,0.0465176188681733,-0.0186682665757883,-0.0338857946284386,-0.0102301115132958,0.229611575342614,0.186308172609477,0.159752486964971,0.127673452813574,0.0973842990006401,0.0712087807399934,0.0399005364724968,0.0113528552106415,47532.286349179
"787",-0.176267830045363,-0.0462843792792834,-0.0532627129203092,0.0923574390896267,0.110015863040286,0.0752677624509243,0.0650384509626729,0.0168713954707615,0.564110350279021,-0.0331029188387655,0.063703439378566,0.188846870569998,0.483382294852418,0.652257297192714,0.803757014548311,0.948895145987758,0.420696280462694,0.986782338864293,0.895746007561603,0.741940829020585,0.463134136580255,0.301647760210722,0.173160012841754,0.0480782042548453,-0.0565928805474084,-0.0744416988990521,-0.0655646354317931,-0.0740555101480288,-0.0376020674508437,-0.0272654689220699,-0.007100570181914,-0.000384089694942783,-0.0892125009438255,-0.146653133508964,-0.0257431847928284,0.0281744417588247,0.00620795639087689,0.00542591218035466,-0.0208568225208333,-0.0112532793834951,0.225938687339445,0.183697250868367,0.158218767475078,0.121372242841719,0.0962196860905682,0.0693810056713884,0.0395002470084308,0.0113255361376803,47538.9479928829
"788",-0.140894182152728,-0.0644483842251666,-0.026645417622504,0.0823110072904269,0.0951028025162962,0.0893667393728825,0.0652751915858674,0.0197953950978929,1.83514626921562,-0.154287245938568,-0.0502185856544445,0.221472781099793,0.509977477067828,0.644570413746696,0.809485832996143,0.94663076552364,-0.865309840029878,1.10758721311148,1.00016927027633,0.71348510292512,0.439782075930499,0.305628990128004,0.167160049753722,0.0496293164806478,-0.0489354325076435,-0.0652334322006699,-0.049432893018651,-0.0590765150638359,-0.0324764079716326,-0.0218926434144154,-0.0079562791480348,-0.000566985141121055,-0.0979832868729007,-0.104763166033273,-0.0292459261950339,-0.000845673142305661,0.0160311575368165,-0.0102443205692244,-0.0208452164140125,-0.0130448237938915,0.22873564744905,0.184622515956879,0.157815366092305,0.126937565412414,0.0961037573395669,0.0693929214110609,0.0404386672919978,0.0115147294911314,47535.5967180223
"789",-0.143717790528926,-0.0298071001662058,-0.0416934676677054,0.102583726608942,0.0905274873240284,0.0772213203036869,0.0622632027967956,0.0191296850653038,-0.41455692298009,-0.154634256870751,0.0271549237493156,0.214997223252814,0.496423543837909,0.658083638406539,0.800287631352845,0.944922773202657,1.38532929522224,1.09837973714075,0.92882001610164,0.706550010836597,0.452585470300792,0.294669451322286,0.178061873017277,0.0514661785173675,-0.0378030349592868,-0.0696143657388534,-0.0626721763413901,-0.0560311415460797,-0.0400613414771482,-0.023272743645079,-0.00719406260754284,-0.00039099624934954,-0.108199159139253,-0.110914670529263,-0.0349241240376498,0.032224974997949,0.036111735764387,-0.00129205288699913,-0.0184524246165225,-0.0122170193539011,0.227475647877847,0.185411919268153,0.155110911321189,0.126070154536156,0.0956423045411465,0.0691767493372437,0.039876055510035,0.0114328519541456,47539.3262200671
"790",-0.0849387240770489,-0.0820387299239248,-0.0261934959096829,0.0920765398660263,0.102793857979636,0.0891813312485339,0.0591933402706083,0.0169249184440199,1.34279662900416,-0.0200279226683605,0.0114079263560677,0.197889287695039,0.485812699666068,0.645875295681326,0.809063786863706,0.946525462941081,-0.382788254149607,0.974642904913468,0.946708604441206,0.732960017823513,0.459143302985248,0.304751695524454,0.169945368587344,0.0504346968981483,-0.0426511741213337,-0.0763490023878413,-0.0691503744357841,-0.0714432774317144,-0.0276619569911498,-0.0205271152912945,-0.00372917878328258,-0.000834863036786017,-0.147023361698678,-0.0660973652805053,-0.0644078827638244,0.0263233893761397,0.0292512938571109,-0.0160482499606568,-0.0274882699416834,-0.00962189818786025,0.231604393073096,0.183903666049932,0.156453709764194,0.12664254844722,0.0968522440888328,0.0693407471007402,0.0405012784408312,0.0111814443764601,47533.5299484525
"791",-0.111587574094184,-0.040425371100218,-0.0350102511044221,0.0901383173795688,0.104448896029506,0.0716916522686178,0.06760160010007,0.0178434360331725,0.545308946274867,-0.152837076505221,-0.0346977487163379,0.212951545740262,0.49574257958344,0.665459297718229,0.800439227713276,0.944312417583007,0.415782036947107,1.09700278857812,0.992650767141182,0.721524083685504,0.452283666420687,0.289996527718831,0.176890889219955,0.0527490739809255,-0.057552490741905,-0.0691159978537631,-0.0696841327822158,-0.0590652849865805,-0.0393704935682681,-0.0271253669691118,-0.00458798306026123,-8.11394751691461e-05,-0.0788771281555418,-0.120438001521107,-0.0502245415542114,-0.0149620598699782,0.0131775473025117,-0.00482277288542213,-0.031083713804335,-0.011099610402696,0.230801944707485,0.181977923902971,0.156494351855708,0.125482896749695,0.0970668284096445,0.0686273513700523,0.0404814262414676,0.0113083672176552,47532.2814089728
"792",-0.119292137702995,-0.015602288707728,-0.0183576629326078,0.045884507410749,0.0870049105121187,0.0637114207306975,0.0636110485260188,0.0163731659114479,-0.000114818094226861,-0.109926533147032,-0.0651119172277268,0.228453161743304,0.510161038004545,0.661989376520351,0.808288189293818,0.947573428074122,0.967020165814714,1.05481631862762,1.01840801231222,0.709923037726662,0.443446392736309,0.294448312210087,0.167689718316778,0.0500393048284301,-0.0632456327481438,-0.0688778335073734,-0.0690204059144104,-0.0663659606459865,-0.0394992992412551,-0.0222802383626855,-0.00713093196396547,-0.000884181820483652,-0.085619135569115,-0.160501137619865,-0.0361557162113587,0.0725341499731031,0.0127396451851226,-0.00243377968298797,-0.0166261834057677,-0.0131447029493357,0.231394502341442,0.187779599912461,0.15802511986307,0.124263281583381,0.0970272052697669,0.0679682663202014,0.0402390411701023,0.0111416113830071,47533.0354430081
"793",-0.117571897627094,-0.0400162701494193,-0.0637480044942022,0.118792487767586,0.0791057636686729,0.0723763020038469,0.064221351704562,0.017131058840591,-0.220679464536681,-0.0105964732242015,0.0438761464302307,0.182482060288466,0.491828833365465,0.67015240130103,0.807870826512991,0.947937527386746,1.1907792555716,0.955140054375498,0.92091431008003,0.739223952856291,0.463779097771511,0.285436101995725,0.170214485751854,0.0484966625917309,-0.0597140006950976,-0.0609084219457689,-0.0631705496015091,-0.064229046498149,-0.0392545407854162,-0.0232526688904902,-0.00690569875871415,-0.00122820672386592,-0.136855551224295,-0.111360814396793,-0.040375959423012,0.0140515872506631,0.025202652565,-0.0122265678595392,-0.0299788272279977,-0.00743489656119892,0.233043658150508,0.184625066259952,0.158398803416775,0.12662751624982,0.0956232146185326,0.0696656994726414,0.0397090040572529,0.0113046515155384,47537.3622830117
"794",-0.130393126853252,-0.100697103805846,-0.0217486166022811,0.0774764531915622,0.115975391609572,0.0689126524493337,0.0643160450940046,0.0176717335690225,1.23361291913034,-0.122182572155729,-0.00383766682778101,0.19575063716714,0.485177058492703,0.661204795848647,0.808771115823937,0.947278290140205,-0.25894230778434,1.08008413447427,0.960790654958764,0.739336507020101,0.460720780756448,0.294131237721216,0.167635801344068,0.0493601793308196,-0.0607135311393154,-0.0669598863176328,-0.0625486465689715,-0.073080697406559,-0.0384933429475276,-0.0208958070152868,-0.00817697314704126,-0.000348251692003089,-0.128497137186635,-0.0551991451213837,-0.0753281470365802,0.0388771143245351,0.00579722032754414,-0.00316653661828674,-0.0166374764926621,-0.0103819831680277,0.226445066665899,0.183786565622954,0.158560131217871,0.125196973330822,0.0931090675538602,0.0701917283342434,0.0394241135672865,0.0114556537818783,47536.6051003494
"795",-0.125303693129453,-0.0691327039839216,-0.0267853571925734,0.0764147080632209,0.0864475389536102,0.0927751103378744,0.0596891560042933,0.0158781532915194,0.611753859579609,-0.148713636124582,-0.0704954889906341,0.216262536883939,0.505921330738631,0.65552849327036,0.803810518023187,0.948023435136439,0.353054052051668,1.0979813736701,1.02171028245477,0.714424975911034,0.44532492735559,0.29417552954134,0.173140531343827,0.0490755945880854,-0.0435677796565234,-0.0628707307433379,-0.0736712900701895,-0.0610515139836782,-0.0353795402400769,-0.0234265359361626,-0.0106756761765689,-0.00130423419999865,-0.0893695331846016,-0.0642998027326854,-0.00606377971939212,0.0375206620918873,0.0220135518669471,-0.0202458852128219,-0.00250275348222887,-0.00828095214027738,0.236296244694671,0.187841169451342,0.155719774054993,0.124666373608432,0.0956676349794866,0.0702184718301268,0.0394600285576854,0.0113866466023797,47533.6205115125
"796",-0.124432207814733,-0.0283708874990247,-0.0401890784212933,0.0838161287082531,0.0977669219087145,0.0758089389483395,0.0569909576090422,0.0204526373265724,0.945157085931682,-0.161863690258923,0.0289563383010324,0.198232765387917,0.491312305623774,0.660764329249992,0.801099527464572,0.946602492717708,0.0203136845286496,1.10895792534987,0.931376975923252,0.732127253632609,0.456762640468451,0.292047049035224,0.178734284952256,0.0495555553932827,-0.0604844751904278,-0.067874029033494,-0.0636237717216344,-0.0586189660590805,-0.0345433810934199,-0.022802508937337,-0.00670384227063107,-0.000239072723724305,-0.0835984191354403,-0.146087750920136,-0.0482235656462207,0.0220062039125235,0.0262634168865255,-0.00356124780356656,-0.0164398832715564,-0.0137903975459695,0.222565438975586,0.185468490988549,0.157771924211361,0.12369353872067,0.0953924690843349,0.0689653305716231,0.0398907770803542,0.0116003430573189,47541.2744719675
"797",-0.152471344460477,-0.0459176467335143,-0.05849590703193,0.0545300584065405,0.0943567735542867,0.0799936012442862,0.0621820828624389,0.0143824188850334,0.631224214255106,-0.208352148053818,-0.0405688067080952,0.222201942045686,0.500105496766259,0.655156109075939,0.802446263841987,0.949713398501048,0.336838951645997,1.15803591486554,0.997673806958042,0.717086165983132,0.451024427513628,0.300619448991479,0.175078544857702,0.0480272203064835,-0.0454216223848451,-0.057351479994689,-0.0619421578558999,-0.0640940051182903,-0.0394039970828143,-0.0194292110158146,-0.00771505857188206,-0.00105910827198182,-0.0480903860170181,-0.13892072989075,-0.0036822286293702,0.0478649011664979,0.0107524071140561,-0.028727849523225,-0.0192215202618525,-0.00986885696071075,0.229817023373048,0.182176282963472,0.157213441943195,0.127881656625898,0.0956618255722614,0.0699785157712088,0.0391084000038821,0.011898418106497,47523.2395033713
"798",-0.108345634859943,-0.00750155664543338,-0.0339810785020116,0.12342104455211,0.108395725536422,0.0726578378218294,0.0710614937159115,0.0185360592440839,-0.193062998448727,-0.0253823953431733,-0.0715033102134616,0.177381954731275,0.501286787816339,0.654871222911076,0.803331002643708,0.946679842302827,1.15110043686007,0.962609497686035,1.0249098570947,0.749914819283317,0.441941069873977,0.299068430947798,0.171479198426473,0.0503465210255002,-0.0486868660145379,-0.0690688440604252,-0.0646791495708451,-0.0628353164940547,-0.0383670337497135,-0.0257913466629484,-0.00673444822887504,-0.000649716306259674,-0.0631936617205042,-0.136473669109688,-0.0145276437030659,-0.0291589301129466,0.0280959731902682,0.0110423630790874,-0.0216288440128441,-0.0143393198946223,0.229442178346539,0.18622517937472,0.156393085782302,0.125686349791579,0.0968619699666508,0.0688277555029307,0.0400438902622323,0.0112672039162532,47533.4382758552
"799",-0.08819392670918,-0.0209011207691764,-0.0536754380450507,0.099375216139533,0.0946469566498157,0.0735486804935888,0.0625751492574063,0.0165027744076528,-0.0328757291054674,-0.160680275638909,0.034424149549378,0.177560097857753,0.487042920570844,0.650152310374482,0.807738754072586,0.950055055078909,0.98925286361465,1.10100374335206,0.92792497968943,0.750480253683512,0.46228320807965,0.30353336599927,0.169693177624609,0.0467611107794754,-0.0547498955611024,-0.0722448371831181,-0.0722744521941687,-0.0644337017364604,-0.0384519750656337,-0.0257691528330364,-0.00825762211127077,-0.00067147628840383,-0.109811015572189,-0.104026898536181,-0.0246592908392719,0.0185516924458202,0.0312435148628364,0.0137020817924008,-0.0138254513663934,-0.0102261859282591,0.229336574220595,0.187626542884034,0.156100257392748,0.124530395904553,0.0969363644508253,0.0694606944291174,0.0391774487151963,0.0113127547514361,47538.7045922424
"800",-0.133274855494972,-0.0489979379522253,-0.0640095440901294,0.0926091904501499,0.0889070453516267,0.0728573406864118,0.0652980001680471,0.0175800634826392,1.1194796108068,-0.189379346163842,-0.0144101551684509,0.215141551554695,0.485598609101598,0.65511028002249,0.807486632012177,0.945103496522373,-0.150787092809289,1.13340316857631,0.972344037682634,0.713637651563929,0.463322565710666,0.301384177519971,0.167425734108883,0.0515532265018498,-0.0618721323512431,-0.0683239903874669,-0.0601942064438635,-0.0660390552826814,-0.0313023937154122,-0.0235039863659367,-0.00696998433675805,-0.000667732138370473,-0.0704929314731322,-0.0753346182716637,0.010448953353657,0.0206807198399329,0.0360138369072035,-0.00656792597246675,-0.0128713359866449,-0.00860522651905228,0.229204025115731,0.187450758178574,0.16033103932721,0.126677922229842,0.0963281361696892,0.068153642364541,0.0393119706972417,0.0115675956736084,47536.0697661814
